F_Left,F_Right,B_Left,B_Right,BR_Left,BR_Right,Label
6,4,6,9,1,1,p0_앉지않음
778,738,626,677,481,481,p1_정자세
859,773,313,371,9,16,p2_앞으로숙이기
304,843,373,840,452,393,p3_오른다리꼬기
878,355,803,318,425,438,p4_왼다리꼬기
469,842,449,647,224,601,p5_오른쪽기대기
760,402,633,459,679,205,p6_왼쪽기대기
4,4,0,2,1,3,p0_앉지않음
717,611,666,630,472,524,p1_정자세
891,887,358,384,16,19,p2_앞으로숙이기
326,892,244,802,482,504,p3_오른다리꼬기
897,400,864,267,464,511,p4_왼다리꼬기
498,828,319,741,202,638,p5_오른쪽기대기
754,400,689,467,709,184,p6_왼쪽기대기
2,3,7,5,1,2,p0_앉지않음
704,748,614,633,484,441,p1_정자세
861,860,400,388,7,12,p2_앞으로숙이기
332,867,291,866,525,456,p3_오른다리꼬기
910,346,773,298,452,548,p4_왼다리꼬기
490,765,448,641,234,680,p5_오른쪽기대기
789,454,770,379,673,265,p6_왼쪽기대기
2,3,5,3,0,2,p0_앉지않음
646,723,604,727,468,487,p1_정자세
882,800,411,465,6,15,p2_앞으로숙이기
362,931,238,797,470,461,p3_오른다리꼬기
910,367,822,311,461,421,p4_왼다리꼬기
593,773,390,732,170,681,p5_오른쪽기대기
807,458,748,470,682,256,p6_왼쪽기대기
4,2,2,2,1,2,p0_앉지않음
713,741,650,722,489,608,p1_정자세
875,815,346,424,13,18,p2_앞으로숙이기
373,897,257,789,432,484,p3_오른다리꼬기
908,287,856,319,414,456,p4_왼다리꼬기
502,692,467,728,232,692,p5_오른쪽기대기
681,453,725,475,670,315,p6_왼쪽기대기
6,8,7,6,1,2,p0_앉지않음
661,688,625,654,592,425,p1_정자세
877,785,376,454,15,9,p2_앞으로숙이기
314,927,263,858,451,423,p3_오른다리꼬기
985,381,768,309,423,484,p4_왼다리꼬기
460,744,475,743,163,636,p5_오른쪽기대기
726,467,788,470,599,227,p6_왼쪽기대기
11,8,0,3,3,1,p0_앉지않음
722,738,603,647,370,459,p1_정자세
839,800,481,328,12,15,p2_앞으로숙이기
422,842,358,850,410,468,p3_오른다리꼬기
907,319,852,280,454,476,p4_왼다리꼬기
579,688,556,602,195,673,p5_오른쪽기대기
764,468,689,425,626,225,p6_왼쪽기대기
6,2,7,5,2,2,p0_앉지않음
658,671,687,680,499,504,p1_정자세
901,826,427,389,13,20,p2_앞으로숙이기
391,932,365,850,477,437,p3_오른다리꼬기
912,343,853,329,417,533,p4_왼다리꼬기
449,689,507,739,218,675,p5_오른쪽기대기
749,455,703,416,689,195,p6_왼쪽기대기
2,4,6,3,1,2,p0_앉지않음
712,674,626,661,442,443,p1_정자세
821,841,415,473,19,14,p2_앞으로숙이기
349,859,299,838,462,416,p3_오른다리꼬기
920,426,845,320,477,433,p4_왼다리꼬기
511,750,454,661,200,669,p5_오른쪽기대기
822,547,807,411,684,205,p6_왼쪽기대기
11,2,2,3,0,1,p0_앉지않음
662,707,667,743,538,476,p1_정자세
814,869,333,491,20,12,p2_앞으로숙이기
264,954,294,899,386,426,p3_오른다리꼬기
900,352,831,331,407,444,p4_왼다리꼬기
506,775,485,643,153,701,p5_오른쪽기대기
766,462,777,455,697,202,p6_왼쪽기대기
11,10,4,7,2,3,p0_앉지않음
651,734,702,562,452,418,p1_정자세
839,878,475,403,23,8,p2_앞으로숙이기
264,897,319,848,367,446,p3_오른다리꼬기
847,383,864,253,429,407,p4_왼다리꼬기
496,797,400,725,184,618,p5_오른쪽기대기
744,448,672,390,728,201,p6_왼쪽기대기
2,5,4,4,2,2,p0_앉지않음
673,671,636,534,439,554,p1_정자세
915,840,428,415,30,20,p2_앞으로숙이기
343,861,219,858,419,393,p3_오른다리꼬기
874,295,917,344,449,509,p4_왼다리꼬기
503,706,526,726,168,642,p5_오른쪽기대기
706,430,746,545,594,216,p6_왼쪽기대기
3,3,3,2,2,1,p0_앉지않음
713,697,638,604,476,530,p1_정자세
870,810,404,437,6,17,p2_앞으로숙이기
316,922,261,777,384,451,p3_오른다리꼬기
910,304,875,216,447,401,p4_왼다리꼬기
467,752,406,680,230,626,p5_오른쪽기대기
791,443,726,522,551,176,p6_왼쪽기대기
6,4,6,3,2,1,p0_앉지않음
758,712,666,629,480,482,p1_정자세
865,833,414,503,19,13,p2_앞으로숙이기
410,883,198,809,375,435,p3_오른다리꼬기
900,433,863,289,483,361,p4_왼다리꼬기
511,788,376,757,210,633,p5_오른쪽기대기
781,613,709,462,631,174,p6_왼쪽기대기
7,2,5,3,2,2,p0_앉지않음
751,674,636,601,482,515,p1_정자세
880,813,443,467,17,24,p2_앞으로숙이기
311,850,211,909,476,447,p3_오른다리꼬기
911,293,947,306,454,479,p4_왼다리꼬기
524,761,410,723,256,703,p5_오른쪽기대기
829,474,650,443,652,232,p6_왼쪽기대기
0,9,4,3,0,0,p0_앉지않음
741,703,585,585,486,566,p1_정자세
839,789,387,386,1,14,p2_앞으로숙이기
338,927,392,895,439,405,p3_오른다리꼬기
1002,352,850,298,457,444,p4_왼다리꼬기
471,722,448,672,178,654,p5_오른쪽기대기
737,575,567,504,699,137,p6_왼쪽기대기
3,3,0,2,0,3,p0_앉지않음
746,763,686,593,479,519,p1_정자세
801,878,387,381,18,17,p2_앞으로숙이기
331,946,245,874,473,437,p3_오른다리꼬기
913,287,886,290,429,491,p4_왼다리꼬기
464,679,372,730,161,720,p5_오른쪽기대기
645,584,710,445,628,211,p6_왼쪽기대기
4,8,5,5,1,1,p0_앉지않음
715,614,582,687,506,492,p1_정자세
850,863,373,361,15,10,p2_앞으로숙이기
370,831,351,868,460,489,p3_오른다리꼬기
966,400,776,236,425,451,p4_왼다리꼬기
525,713,459,662,181,593,p5_오른쪽기대기
703,432,651,502,612,278,p6_왼쪽기대기
6,5,2,7,1,2,p0_앉지않음
828,695,707,614,498,570,p1_정자세
824,922,435,371,18,19,p2_앞으로숙이기
381,837,263,840,447,474,p3_오른다리꼬기
907,283,865,330,472,493,p4_왼다리꼬기
541,772,446,616,212,658,p5_오른쪽기대기
763,436,645,502,648,220,p6_왼쪽기대기
5,5,7,3,2,1,p0_앉지않음
678,684,661,626,550,464,p1_정자세
842,832,472,409,20,7,p2_앞으로숙이기
363,935,304,892,429,506,p3_오른다리꼬기
991,331,832,372,513,429,p4_왼다리꼬기
478,735,382,654,169,619,p5_오른쪽기대기
748,511,777,400,689,193,p6_왼쪽기대기
4,7,1,6,2,2,p0_앉지않음
714,822,618,623,475,477,p1_정자세
824,897,471,371,10,17,p2_앞으로숙이기
322,925,310,789,511,521,p3_오른다리꼬기
875,330,861,316,476,530,p4_왼다리꼬기
491,710,381,663,199,721,p5_오른쪽기대기
724,511,699,509,751,184,p6_왼쪽기대기
3,8,7,10,2,1,p0_앉지않음
729,755,691,675,542,546,p1_정자세
905,875,391,407,21,10,p2_앞으로숙이기
368,884,301,901,457,451,p3_오른다리꼬기
845,387,875,408,437,458,p4_왼다리꼬기
512,828,445,713,218,657,p5_오른쪽기대기
727,509,753,398,655,178,p6_왼쪽기대기
8,0,3,6,3,1,p0_앉지않음
672,794,577,540,517,479,p1_정자세
809,878,412,371,8,19,p2_앞으로숙이기
382,896,392,807,388,422,p3_오른다리꼬기
898,362,840,317,399,507,p4_왼다리꼬기
495,805,467,722,217,667,p5_오른쪽기대기
782,566,709,485,646,243,p6_왼쪽기대기
2,10,4,0,2,1,p0_앉지않음
742,667,627,555,481,403,p1_정자세
786,880,439,421,10,14,p2_앞으로숙이기
349,853,375,885,441,451,p3_오른다리꼬기
908,247,840,265,409,438,p4_왼다리꼬기
589,782,421,728,241,686,p5_오른쪽기대기
752,467,734,469,685,219,p6_왼쪽기대기
8,3,8,5,4,1,p0_앉지않음
786,709,617,625,487,516,p1_정자세
870,827,398,507,23,17,p2_앞으로숙이기
351,904,330,809,439,383,p3_오른다리꼬기
915,382,830,378,400,391,p4_왼다리꼬기
511,802,534,677,232,648,p5_오른쪽기대기
741,544,732,371,709,241,p6_왼쪽기대기
3,6,6,5,1,1,p0_앉지않음
698,758,677,631,530,386,p1_정자세
895,780,381,344,8,20,p2_앞으로숙이기
326,913,297,869,453,398,p3_오른다리꼬기
939,325,787,278,510,484,p4_왼다리꼬기
482,732,433,803,211,667,p5_오른쪽기대기
801,511,687,440,647,198,p6_왼쪽기대기
7,5,7,4,2,0,p0_앉지않음
745,717,699,505,583,494,p1_정자세
894,808,430,347,11,24,p2_앞으로숙이기
340,908,343,869,456,464,p3_오른다리꼬기
996,347,858,352,494,497,p4_왼다리꼬기
531,692,531,642,209,619,p5_오른쪽기대기
746,516,716,471,714,213,p6_왼쪽기대기
4,7,8,1,2,2,p0_앉지않음
685,768,642,656,493,500,p1_정자세
806,792,479,357,10,4,p2_앞으로숙이기
318,847,382,890,422,540,p3_오른다리꼬기
939,333,750,414,394,384,p4_왼다리꼬기
551,871,519,728,217,684,p5_오른쪽기대기
787,514,705,446,619,191,p6_왼쪽기대기
0,4,2,1,2,3,p0_앉지않음
745,621,600,697,460,491,p1_정자세
872,811,405,333,11,16,p2_앞으로숙이기
270,917,299,872,458,504,p3_오른다리꼬기
905,328,854,327,451,451,p4_왼다리꼬기
464,716,379,787,162,622,p5_오른쪽기대기
714,544,685,512,623,208,p6_왼쪽기대기
2,11,1,5,2,2,p0_앉지않음
690,693,652,642,538,588,p1_정자세
827,795,395,528,10,23,p2_앞으로숙이기
433,877,328,915,434,441,p3_오른다리꼬기
876,299,824,238,451,419,p4_왼다리꼬기
511,672,466,741,140,664,p5_오른쪽기대기
811,439,783,470,621,198,p6_왼쪽기대기
6,5,6,2,2,0,p0_앉지않음
694,654,613,711,543,524,p1_정자세
806,837,460,407,26,16,p2_앞으로숙이기
359,887,306,843,478,488,p3_오른다리꼬기
868,283,776,325,405,363,p4_왼다리꼬기
519,874,449,741,202,646,p5_오른쪽기대기
795,485,713,466,623,229,p6_왼쪽기대기
4,2,6,2,2,1,p0_앉지않음
754,723,648,690,555,522,p1_정자세
850,797,346,384,11,14,p2_앞으로숙이기
352,921,296,869,452,370,p3_오른다리꼬기
862,342,801,329,511,498,p4_왼다리꼬기
489,824,457,683,181,637,p5_오른쪽기대기
730,508,708,450,667,235,p6_왼쪽기대기
7,0,0,7,0,1,p0_앉지않음
641,609,677,687,476,396,p1_정자세
828,865,326,409,14,17,p2_앞으로숙이기
355,861,359,843,448,412,p3_오른다리꼬기
882,305,843,385,395,385,p4_왼다리꼬기
573,739,416,751,181,723,p5_오른쪽기대기
783,475,807,419,679,208,p6_왼쪽기대기
8,9,5,2,2,1,p0_앉지않음
800,706,631,659,446,461,p1_정자세
898,823,347,426,20,18,p2_앞으로숙이기
399,869,228,910,437,439,p3_오른다리꼬기
953,377,868,408,424,487,p4_왼다리꼬기
502,763,526,725,216,692,p5_오른쪽기대기
731,458,647,351,732,166,p6_왼쪽기대기
4,4,5,7,2,1,p0_앉지않음
691,714,637,730,519,529,p1_정자세
876,896,409,335,16,11,p2_앞으로숙이기
323,923,361,850,462,518,p3_오른다리꼬기
909,480,872,211,480,465,p4_왼다리꼬기
564,783,443,638,193,615,p5_오른쪽기대기
720,529,783,469,602,213,p6_왼쪽기대기
8,3,4,5,1,2,p0_앉지않음
693,720,605,628,528,485,p1_정자세
919,834,411,446,7,6,p2_앞으로숙이기
273,950,272,952,427,457,p3_오른다리꼬기
961,450,932,360,490,473,p4_왼다리꼬기
538,722,409,699,194,631,p5_오른쪽기대기
784,547,704,523,604,194,p6_왼쪽기대기
2,0,4,4,3,2,p0_앉지않음
648,792,711,679,490,461,p1_정자세
835,893,494,477,12,9,p2_앞으로숙이기
357,829,316,844,431,386,p3_오른다리꼬기
920,323,803,156,448,520,p4_왼다리꼬기
583,727,419,723,170,662,p5_오른쪽기대기
788,561,694,439,614,175,p6_왼쪽기대기
4,6,7,2,3,1,p0_앉지않음
698,662,528,694,529,488,p1_정자세
852,870,321,373,18,8,p2_앞으로숙이기
364,845,323,848,385,496,p3_오른다리꼬기
870,309,858,357,409,452,p4_왼다리꼬기
521,784,458,681,175,653,p5_오른쪽기대기
696,353,721,495,555,169,p6_왼쪽기대기
6,11,5,2,1,3,p0_앉지않음
667,660,625,602,504,564,p1_정자세
862,839,385,321,19,14,p2_앞으로숙이기
340,1023,314,819,432,495,p3_오른다리꼬기
904,278,886,266,524,493,p4_왼다리꼬기
477,814,453,742,214,616,p5_오른쪽기대기
717,551,683,429,611,212,p6_왼쪽기대기
11,1,5,9,1,2,p0_앉지않음
646,721,640,699,547,603,p1_정자세
873,863,409,382,16,13,p2_앞으로숙이기
358,952,249,895,502,445,p3_오른다리꼬기
815,319,901,298,410,429,p4_왼다리꼬기
542,777,438,681,188,613,p5_오른쪽기대기
830,483,760,526,689,187,p6_왼쪽기대기
6,4,2,5,0,3,p0_앉지않음
676,710,664,637,523,481,p1_정자세
884,796,406,496,9,11,p2_앞으로숙이기
375,907,317,869,475,494,p3_오른다리꼬기
916,337,876,394,444,411,p4_왼다리꼬기
555,743,341,742,183,646,p5_오른쪽기대기
766,509,735,428,670,192,p6_왼쪽기대기
7,6,2,8,1,2,p0_앉지않음
718,791,638,632,499,487,p1_정자세
881,785,347,346,19,23,p2_앞으로숙이기
344,893,303,896,412,459,p3_오른다리꼬기
939,375,857,350,341,477,p4_왼다리꼬기
467,658,475,768,195,688,p5_오른쪽기대기
830,565,781,487,653,151,p6_왼쪽기대기
4,2,11,4,2,2,p0_앉지않음
702,784,618,659,470,447,p1_정자세
825,848,378,365,7,14,p2_앞으로숙이기
274,930,304,791,437,419,p3_오른다리꼬기
912,417,774,305,443,476,p4_왼다리꼬기
510,712,434,660,232,650,p5_오른쪽기대기
845,496,664,374,577,152,p6_왼쪽기대기
5,6,0,7,1,2,p0_앉지않음
780,744,636,605,413,471,p1_정자세
841,810,393,403,13,11,p2_앞으로숙이기
358,917,245,906,446,450,p3_오른다리꼬기
928,361,888,314,425,464,p4_왼다리꼬기
442,755,448,689,196,574,p5_오른쪽기대기
722,504,707,398,700,174,p6_왼쪽기대기
7,6,3,10,0,2,p0_앉지않음
750,666,719,637,511,510,p1_정자세
844,882,439,312,21,6,p2_앞으로숙이기
401,945,245,833,405,441,p3_오른다리꼬기
887,388,902,369,427,441,p4_왼다리꼬기
415,709,498,780,162,626,p5_오른쪽기대기
748,514,659,471,631,199,p6_왼쪽기대기
6,5,3,4,1,1,p0_앉지않음
687,779,678,635,527,486,p1_정자세
896,864,394,422,7,9,p2_앞으로숙이기
290,905,386,939,475,470,p3_오른다리꼬기
827,322,818,268,443,431,p4_왼다리꼬기
401,787,396,711,262,613,p5_오른쪽기대기
623,485,755,547,600,214,p6_왼쪽기대기
3,4,12,0,2,2,p0_앉지않음
754,704,665,630,510,486,p1_정자세
874,835,418,398,20,14,p2_앞으로숙이기
261,950,254,823,426,504,p3_오른다리꼬기
814,506,892,311,447,461,p4_왼다리꼬기
526,782,477,704,194,643,p5_오른쪽기대기
740,556,729,302,676,205,p6_왼쪽기대기
4,3,8,7,1,2,p0_앉지않음
651,631,618,693,538,520,p1_정자세
879,870,367,421,19,18,p2_앞으로숙이기
409,928,317,892,448,414,p3_오른다리꼬기
893,312,822,292,418,437,p4_왼다리꼬기
405,760,450,659,219,687,p5_오른쪽기대기
669,461,661,403,683,194,p6_왼쪽기대기
4,0,6,1,2,2,p0_앉지않음
768,634,499,659,572,549,p1_정자세
858,830,440,351,17,17,p2_앞으로숙이기
403,1010,319,829,448,379,p3_오른다리꼬기
872,329,829,307,417,494,p4_왼다리꼬기
500,749,433,707,224,615,p5_오른쪽기대기
717,484,632,409,630,226,p6_왼쪽기대기
5,5,7,4,2,1,p0_앉지않음
713,670,528,643,556,537,p1_정자세
888,899,404,409,11,13,p2_앞으로숙이기
380,948,293,831,450,474,p3_오른다리꼬기
842,235,827,238,429,444,p4_왼다리꼬기
477,822,466,715,218,604,p5_오른쪽기대기
801,496,733,396,587,224,p6_왼쪽기대기
6,2,2,8,0,3,p0_앉지않음
654,731,633,680,478,493,p1_정자세
851,809,437,374,13,10,p2_앞으로숙이기
221,892,420,881,449,439,p3_오른다리꼬기
900,377,802,355,478,478,p4_왼다리꼬기
521,750,483,729,189,627,p5_오른쪽기대기
755,577,638,376,656,201,p6_왼쪽기대기
5,5,4,9,0,1,p0_앉지않음
694,617,641,733,500,509,p1_정자세
799,825,381,384,21,17,p2_앞으로숙이기
294,909,324,895,513,409,p3_오른다리꼬기
867,287,840,323,489,446,p4_왼다리꼬기
484,757,408,804,151,657,p5_오른쪽기대기
851,500,690,432,642,241,p6_왼쪽기대기
0,9,0,4,1,2,p0_앉지않음
620,723,751,581,507,473,p1_정자세
867,850,367,424,24,14,p2_앞으로숙이기
385,848,252,868,509,464,p3_오른다리꼬기
887,349,799,330,485,431,p4_왼다리꼬기
476,763,428,696,262,640,p5_오른쪽기대기
732,467,737,440,624,239,p6_왼쪽기대기
9,3,0,8,1,2,p0_앉지않음
601,744,589,686,500,461,p1_정자세
833,877,405,429,24,7,p2_앞으로숙이기
430,904,255,796,442,486,p3_오른다리꼬기
894,425,791,299,399,464,p4_왼다리꼬기
544,728,319,709,213,666,p5_오른쪽기대기
811,446,734,509,578,209,p6_왼쪽기대기
3,4,6,3,1,2,p0_앉지않음
645,645,683,592,526,518,p1_정자세
780,822,459,350,12,17,p2_앞으로숙이기
389,889,270,906,519,489,p3_오른다리꼬기
903,309,816,326,466,506,p4_왼다리꼬기
532,674,502,650,188,660,p5_오른쪽기대기
849,655,730,440,671,226,p6_왼쪽기대기
4,10,5,6,2,2,p0_앉지않음
741,669,622,594,517,531,p1_정자세
868,916,399,433,9,13,p2_앞으로숙이기
384,933,285,847,389,435,p3_오른다리꼬기
935,378,870,302,450,423,p4_왼다리꼬기
534,771,474,673,135,693,p5_오른쪽기대기
726,456,734,430,692,218,p6_왼쪽기대기
7,0,8,5,1,2,p0_앉지않음
611,720,598,582,439,544,p1_정자세
824,911,373,314,9,21,p2_앞으로숙이기
342,878,308,870,494,507,p3_오른다리꼬기
885,283,833,313,411,411,p4_왼다리꼬기
517,747,451,662,193,613,p5_오른쪽기대기
794,551,607,403,590,180,p6_왼쪽기대기
4,0,2,1,2,2,p0_앉지않음
663,708,622,636,566,553,p1_정자세
798,883,440,342,19,22,p2_앞으로숙이기
293,863,350,860,472,463,p3_오른다리꼬기
915,283,891,358,440,448,p4_왼다리꼬기
423,775,478,696,233,636,p5_오른쪽기대기
778,449,698,441,659,188,p6_왼쪽기대기
4,7,3,0,3,3,p0_앉지않음
635,734,624,663,511,490,p1_정자세
818,822,354,358,14,11,p2_앞으로숙이기
384,959,270,859,469,468,p3_오른다리꼬기
903,387,869,238,484,485,p4_왼다리꼬기
461,751,484,689,232,744,p5_오른쪽기대기
710,430,715,486,640,243,p6_왼쪽기대기
0,7,3,10,3,1,p0_앉지않음
672,742,630,647,501,423,p1_정자세
849,822,375,472,8,19,p2_앞으로숙이기
336,888,339,863,472,488,p3_오른다리꼬기
886,319,806,258,567,499,p4_왼다리꼬기
432,683,474,727,216,639,p5_오른쪽기대기
743,516,704,339,640,174,p6_왼쪽기대기
5,13,6,4,2,2,p0_앉지않음
721,730,752,593,518,462,p1_정자세
872,813,379,385,19,19,p2_앞으로숙이기
287,902,264,799,441,437,p3_오른다리꼬기
997,371,794,271,490,533,p4_왼다리꼬기
420,656,543,719,173,671,p5_오른쪽기대기
618,500,716,496,609,202,p6_왼쪽기대기
2,5,2,3,1,2,p0_앉지않음
742,688,651,577,488,497,p1_정자세
954,805,473,449,16,23,p2_앞으로숙이기
368,915,297,898,493,424,p3_오른다리꼬기
847,339,817,296,499,431,p4_왼다리꼬기
497,752,492,587,181,658,p5_오른쪽기대기
810,475,606,480,624,164,p6_왼쪽기대기
3,4,3,0,2,3,p0_앉지않음
732,643,639,649,523,526,p1_정자세
820,853,422,472,18,18,p2_앞으로숙이기
354,956,320,815,506,477,p3_오른다리꼬기
882,326,861,323,457,462,p4_왼다리꼬기
584,803,459,747,169,665,p5_오른쪽기대기
840,489,657,417,606,176,p6_왼쪽기대기
3,0,5,7,1,3,p0_앉지않음
725,751,617,692,456,535,p1_정자세
856,872,341,355,17,10,p2_앞으로숙이기
373,845,342,800,472,475,p3_오른다리꼬기
872,379,860,273,409,371,p4_왼다리꼬기
517,671,454,686,220,637,p5_오른쪽기대기
733,536,716,465,668,153,p6_왼쪽기대기
7,6,1,4,1,1,p0_앉지않음
716,771,704,584,524,553,p1_정자세
865,893,500,451,16,20,p2_앞으로숙이기
357,900,282,912,417,511,p3_오른다리꼬기
919,280,864,194,475,485,p4_왼다리꼬기
470,756,547,674,168,709,p5_오른쪽기대기
848,500,750,517,620,185,p6_왼쪽기대기
8,10,6,2,3,1,p0_앉지않음
683,717,727,692,516,518,p1_정자세
851,872,273,385,16,9,p2_앞으로숙이기
369,891,387,912,431,443,p3_오른다리꼬기
897,327,857,262,404,474,p4_왼다리꼬기
531,709,494,668,207,682,p5_오른쪽기대기
748,522,674,440,641,177,p6_왼쪽기대기
4,0,3,4,1,1,p0_앉지않음
696,723,693,617,451,458,p1_정자세
830,835,361,335,12,15,p2_앞으로숙이기
379,877,279,812,448,416,p3_오른다리꼬기
922,260,835,315,457,557,p4_왼다리꼬기
517,699,445,611,197,616,p5_오른쪽기대기
795,472,694,418,719,190,p6_왼쪽기대기
10,7,6,6,2,0,p0_앉지않음
686,742,647,579,497,568,p1_정자세
899,847,447,381,6,10,p2_앞으로숙이기
428,889,287,838,526,515,p3_오른다리꼬기
988,342,861,224,509,403,p4_왼다리꼬기
510,695,420,658,181,628,p5_오른쪽기대기
722,541,644,461,698,184,p6_왼쪽기대기
2,4,8,5,1,2,p0_앉지않음
644,734,670,634,466,464,p1_정자세
871,899,368,422,4,12,p2_앞으로숙이기
348,863,253,823,461,442,p3_오른다리꼬기
810,243,825,322,340,430,p4_왼다리꼬기
473,819,430,719,204,564,p5_오른쪽기대기
788,510,725,646,566,251,p6_왼쪽기대기
4,5,4,3,1,2,p0_앉지않음
624,737,629,593,481,550,p1_정자세
828,864,363,437,18,24,p2_앞으로숙이기
341,926,304,901,421,479,p3_오른다리꼬기
892,346,853,312,445,458,p4_왼다리꼬기
578,799,493,677,173,688,p5_오른쪽기대기
793,573,669,438,584,188,p6_왼쪽기대기
7,3,6,4,2,0,p0_앉지않음
704,550,640,568,548,531,p1_정자세
868,910,352,487,19,13,p2_앞으로숙이기
406,855,258,825,428,407,p3_오른다리꼬기
948,337,864,271,377,460,p4_왼다리꼬기
404,746,381,799,227,654,p5_오른쪽기대기
813,457,727,459,660,238,p6_왼쪽기대기
7,5,0,2,1,2,p0_앉지않음
643,820,725,680,502,491,p1_정자세
811,853,412,337,16,14,p2_앞으로숙이기
254,865,279,925,472,396,p3_오른다리꼬기
919,272,893,276,446,503,p4_왼다리꼬기
435,680,420,751,154,536,p5_오른쪽기대기
727,527,760,426,633,234,p6_왼쪽기대기
0,3,5,6,1,2,p0_앉지않음
575,667,672,600,502,517,p1_정자세
836,856,351,389,18,15,p2_앞으로숙이기
320,908,335,768,496,436,p3_오른다리꼬기
917,409,795,264,438,418,p4_왼다리꼬기
586,707,422,710,163,634,p5_오른쪽기대기
765,483,695,423,589,209,p6_왼쪽기대기
10,5,5,7,0,3,p0_앉지않음
710,781,613,740,531,522,p1_정자세
859,840,460,407,5,9,p2_앞으로숙이기
340,912,297,898,371,455,p3_오른다리꼬기
827,387,846,320,415,501,p4_왼다리꼬기
552,779,443,728,178,684,p5_오른쪽기대기
832,553,663,468,598,217,p6_왼쪽기대기
6,0,1,4,1,0,p0_앉지않음
719,712,640,612,541,566,p1_정자세
830,825,424,382,14,18,p2_앞으로숙이기
254,952,303,833,446,448,p3_오른다리꼬기
830,424,851,322,488,409,p4_왼다리꼬기
523,736,492,593,197,625,p5_오른쪽기대기
771,523,664,414,645,173,p6_왼쪽기대기
7,3,0,3,0,0,p0_앉지않음
638,705,716,665,475,518,p1_정자세
831,822,342,312,13,15,p2_앞으로숙이기
345,883,252,874,397,481,p3_오른다리꼬기
859,312,791,274,489,470,p4_왼다리꼬기
548,776,394,683,176,703,p5_오른쪽기대기
690,544,744,541,633,221,p6_왼쪽기대기
11,3,0,0,2,0,p0_앉지않음
681,721,659,671,508,551,p1_정자세
811,822,361,441,19,17,p2_앞으로숙이기
409,852,383,910,479,521,p3_오른다리꼬기
833,323,820,336,407,480,p4_왼다리꼬기
568,784,464,650,174,699,p5_오른쪽기대기
788,498,679,348,607,257,p6_왼쪽기대기
1,5,8,1,2,2,p0_앉지않음
700,843,566,702,493,530,p1_정자세
867,820,411,307,18,16,p2_앞으로숙이기
381,942,318,855,414,421,p3_오른다리꼬기
947,421,840,302,413,496,p4_왼다리꼬기
533,847,406,681,206,675,p5_오른쪽기대기
739,456,744,486,613,240,p6_왼쪽기대기
8,5,5,6,1,2,p0_앉지않음
592,743,571,725,486,491,p1_정자세
824,838,470,275,21,16,p2_앞으로숙이기
289,856,383,812,403,495,p3_오른다리꼬기
913,303,858,248,494,492,p4_왼다리꼬기
526,768,538,699,164,667,p5_오른쪽기대기
854,449,681,470,647,170,p6_왼쪽기대기
8,11,5,2,0,2,p0_앉지않음
755,723,649,620,456,533,p1_정자세
886,788,479,428,21,8,p2_앞으로숙이기
281,894,325,921,478,440,p3_오른다리꼬기
858,411,811,381,438,513,p4_왼다리꼬기
533,743,424,682,212,653,p5_오른쪽기대기
720,491,703,343,668,170,p6_왼쪽기대기
1,0,0,0,1,3,p0_앉지않음
673,708,670,656,496,452,p1_정자세
908,922,315,348,13,10,p2_앞으로숙이기
375,870,408,897,458,491,p3_오른다리꼬기
944,321,817,303,484,455,p4_왼다리꼬기
421,709,446,696,259,594,p5_오른쪽기대기
775,574,813,429,669,217,p6_왼쪽기대기
5,4,6,0,2,2,p0_앉지않음
688,802,616,629,579,466,p1_정자세
827,844,442,410,8,12,p2_앞으로숙이기
319,896,321,866,378,492,p3_오른다리꼬기
910,419,867,355,468,503,p4_왼다리꼬기
526,745,563,744,217,598,p5_오른쪽기대기
685,514,707,419,655,247,p6_왼쪽기대기
7,1,4,2,1,1,p0_앉지않음
676,637,643,621,382,582,p1_정자세
893,834,400,341,23,24,p2_앞으로숙이기
357,940,308,796,433,455,p3_오른다리꼬기
881,339,846,295,452,407,p4_왼다리꼬기
464,685,498,594,234,705,p5_오른쪽기대기
734,369,681,446,609,184,p6_왼쪽기대기
9,6,2,0,1,1,p0_앉지않음
724,673,675,746,532,498,p1_정자세
842,835,459,368,15,15,p2_앞으로숙이기
324,845,316,847,470,428,p3_오른다리꼬기
948,306,918,212,467,469,p4_왼다리꼬기
460,771,513,589,215,550,p5_오른쪽기대기
701,581,670,391,642,262,p6_왼쪽기대기
0,1,9,10,1,0,p0_앉지않음
804,779,683,609,498,493,p1_정자세
863,908,443,346,21,16,p2_앞으로숙이기
384,958,244,848,428,387,p3_오른다리꼬기
913,475,776,298,475,454,p4_왼다리꼬기
494,685,461,662,134,697,p5_오른쪽기대기
797,502,711,503,658,227,p6_왼쪽기대기
4,8,5,5,0,2,p0_앉지않음
658,668,609,596,584,553,p1_정자세
926,801,403,335,11,10,p2_앞으로숙이기
411,884,353,874,542,390,p3_오른다리꼬기
950,407,811,350,463,440,p4_왼다리꼬기
458,714,552,700,223,618,p5_오른쪽기대기
711,554,632,429,651,203,p6_왼쪽기대기
4,6,7,7,1,1,p0_앉지않음
759,744,581,667,420,501,p1_정자세
925,812,358,438,7,11,p2_앞으로숙이기
379,874,288,879,466,460,p3_오른다리꼬기
886,368,845,322,430,442,p4_왼다리꼬기
450,748,409,644,207,658,p5_오른쪽기대기
789,478,720,477,667,175,p6_왼쪽기대기
5,6,5,0,2,4,p0_앉지않음
681,663,668,665,547,449,p1_정자세
879,873,392,416,20,19,p2_앞으로숙이기
292,932,296,852,452,443,p3_오른다리꼬기
947,345,805,280,457,499,p4_왼다리꼬기
530,707,574,713,238,643,p5_오른쪽기대기
776,541,760,502,684,190,p6_왼쪽기대기
3,5,7,4,3,3,p0_앉지않음
654,658,642,665,479,554,p1_정자세
866,851,328,334,16,4,p2_앞으로숙이기
400,893,462,942,442,445,p3_오른다리꼬기
939,435,784,210,425,473,p4_왼다리꼬기
524,803,390,584,225,616,p5_오른쪽기대기
649,507,739,443,631,195,p6_왼쪽기대기
3,0,2,6,2,2,p0_앉지않음
650,690,541,658,557,441,p1_정자세
826,863,462,377,11,5,p2_앞으로숙이기
355,981,313,849,462,449,p3_오른다리꼬기
867,391,859,300,410,502,p4_왼다리꼬기
533,722,500,675,176,619,p5_오른쪽기대기
661,523,608,388,566,197,p6_왼쪽기대기
4,4,1,1,2,1,p0_앉지않음
715,655,659,715,523,483,p1_정자세
860,840,400,383,14,16,p2_앞으로숙이기
300,859,230,785,401,456,p3_오른다리꼬기
864,375,851,201,476,482,p4_왼다리꼬기
450,771,407,704,162,578,p5_오른쪽기대기
730,493,680,390,634,208,p6_왼쪽기대기
4,5,2,8,0,2,p0_앉지않음
759,724,639,623,541,443,p1_정자세
811,834,461,418,10,13,p2_앞으로숙이기
319,871,348,795,514,483,p3_오른다리꼬기
943,326,844,228,429,469,p4_왼다리꼬기
564,694,431,692,158,673,p5_오른쪽기대기
713,490,677,410,649,193,p6_왼쪽기대기
3,2,5,9,2,2,p0_앉지않음
630,707,595,576,470,547,p1_정자세
888,859,323,390,16,15,p2_앞으로숙이기
257,864,296,871,362,443,p3_오른다리꼬기
905,392,877,329,418,373,p4_왼다리꼬기
480,800,519,735,212,665,p5_오른쪽기대기
722,493,783,402,714,190,p6_왼쪽기대기
8,0,6,2,0,2,p0_앉지않음
750,657,575,645,496,521,p1_정자세
887,847,492,411,13,6,p2_앞으로숙이기
336,886,348,868,402,456,p3_오른다리꼬기
926,426,885,338,452,465,p4_왼다리꼬기
562,683,432,661,211,699,p5_오른쪽기대기
720,380,679,495,671,212,p6_왼쪽기대기
4,1,6,2,4,2,p0_앉지않음
670,669,645,638,544,507,p1_정자세
820,925,402,438,11,16,p2_앞으로숙이기
365,824,400,901,434,405,p3_오른다리꼬기
913,354,864,309,470,507,p4_왼다리꼬기
528,697,518,782,294,605,p5_오른쪽기대기
762,395,727,422,726,176,p6_왼쪽기대기
0,3,0,7,0,2,p0_앉지않음
596,683,732,668,465,498,p1_정자세
850,868,331,429,1,11,p2_앞으로숙이기
325,925,301,793,410,457,p3_오른다리꼬기
896,321,830,334,429,446,p4_왼다리꼬기
608,678,357,739,179,637,p5_오른쪽기대기
710,487,779,490,684,157,p6_왼쪽기대기
1,0,2,7,2,1,p0_앉지않음
698,665,660,688,435,511,p1_정자세
887,833,435,540,14,16,p2_앞으로숙이기
313,907,323,857,409,458,p3_오른다리꼬기
958,372,888,288,479,461,p4_왼다리꼬기
452,765,400,668,205,661,p5_오른쪽기대기
690,552,728,414,588,195,p6_왼쪽기대기
3,5,3,0,1,1,p0_앉지않음
731,665,733,554,552,491,p1_정자세
884,853,456,380,9,22,p2_앞으로숙이기
344,908,361,808,473,426,p3_오른다리꼬기
894,353,789,261,504,485,p4_왼다리꼬기
496,762,435,767,193,659,p5_오른쪽기대기
807,461,777,373,715,188,p6_왼쪽기대기
4,0,3,1,1,1,p0_앉지않음
747,710,665,595,464,571,p1_정자세
820,916,387,400,20,21,p2_앞으로숙이기
344,884,297,863,485,450,p3_오른다리꼬기
924,431,865,315,389,344,p4_왼다리꼬기
519,745,424,712,198,695,p5_오른쪽기대기
754,462,749,439,671,185,p6_왼쪽기대기
3,5,5,6,1,0,p0_앉지않음
678,739,635,637,539,471,p1_정자세
788,843,375,351,14,17,p2_앞으로숙이기
349,912,390,836,461,429,p3_오른다리꼬기
866,320,830,317,543,421,p4_왼다리꼬기
479,746,469,713,238,552,p5_오른쪽기대기
630,475,754,371,529,217,p6_왼쪽기대기
5,1,2,2,2,1,p0_앉지않음
724,557,607,593,489,478,p1_정자세
881,775,402,427,24,12,p2_앞으로숙이기
366,827,180,883,449,497,p3_오른다리꼬기
845,375,924,320,461,450,p4_왼다리꼬기
421,817,419,725,153,602,p5_오른쪽기대기
821,482,772,446,576,226,p6_왼쪽기대기
3,7,5,0,2,4,p0_앉지않음
724,697,703,660,508,456,p1_정자세
859,891,358,471,14,10,p2_앞으로숙이기
399,888,337,838,447,469,p3_오른다리꼬기
911,250,805,346,444,429,p4_왼다리꼬기
432,696,348,694,182,611,p5_오른쪽기대기
746,518,804,374,696,229,p6_왼쪽기대기
2,5,3,5,3,2,p0_앉지않음
725,678,575,639,548,438,p1_정자세
807,855,350,360,12,8,p2_앞으로숙이기
301,928,234,786,424,479,p3_오른다리꼬기
892,326,851,212,469,465,p4_왼다리꼬기
479,800,393,756,204,636,p5_오른쪽기대기
749,494,761,396,619,231,p6_왼쪽기대기
3,7,10,3,2,0,p0_앉지않음
737,709,673,617,433,520,p1_정자세
767,837,447,409,24,20,p2_앞으로숙이기
317,901,297,786,412,427,p3_오른다리꼬기
818,352,840,216,466,478,p4_왼다리꼬기
511,733,479,734,209,617,p5_오른쪽기대기
763,559,670,554,628,200,p6_왼쪽기대기
2,5,0,3,0,2,p0_앉지않음
749,732,531,752,511,468,p1_정자세
856,857,366,409,11,12,p2_앞으로숙이기
315,842,307,873,470,482,p3_오른다리꼬기
912,323,883,232,413,411,p4_왼다리꼬기
554,797,474,753,173,663,p5_오른쪽기대기
743,542,694,430,671,226,p6_왼쪽기대기
2,4,1,0,2,2,p0_앉지않음
713,602,632,539,554,456,p1_정자세
900,887,354,343,16,10,p2_앞으로숙이기
355,880,210,760,459,427,p3_오른다리꼬기
877,384,896,286,436,470,p4_왼다리꼬기
432,761,477,734,141,619,p5_오른쪽기대기
706,504,724,524,630,185,p6_왼쪽기대기
8,5,8,5,0,0,p0_앉지않음
622,733,709,742,533,546,p1_정자세
826,803,442,420,15,16,p2_앞으로숙이기
366,951,364,871,483,470,p3_오른다리꼬기
881,387,794,352,402,461,p4_왼다리꼬기
457,777,448,620,212,626,p5_오른쪽기대기
794,500,719,402,626,186,p6_왼쪽기대기
7,10,2,8,0,0,p0_앉지않음
652,632,570,670,491,515,p1_정자세
877,860,432,396,9,20,p2_앞으로숙이기
320,862,291,813,433,463,p3_오른다리꼬기
913,305,830,353,469,533,p4_왼다리꼬기
559,807,380,738,198,627,p5_오른쪽기대기
758,547,725,406,679,180,p6_왼쪽기대기
5,4,4,7,0,3,p0_앉지않음
608,670,668,679,495,497,p1_정자세
866,840,469,441,19,10,p2_앞으로숙이기
346,887,249,864,428,476,p3_오른다리꼬기
857,435,814,310,481,427,p4_왼다리꼬기
542,688,522,700,182,638,p5_오른쪽기대기
790,470,662,438,602,254,p6_왼쪽기대기
3,7,5,2,1,2,p0_앉지않음
690,759,701,695,481,456,p1_정자세
825,857,427,291,14,15,p2_앞으로숙이기
336,951,321,902,441,487,p3_오른다리꼬기
965,415,806,287,436,469,p4_왼다리꼬기
534,708,453,599,243,629,p5_오른쪽기대기
752,484,757,308,649,196,p6_왼쪽기대기
3,10,2,7,2,3,p0_앉지않음
666,663,704,671,438,478,p1_정자세
865,883,366,254,17,8,p2_앞으로숙이기
249,786,340,855,440,505,p3_오른다리꼬기
925,430,794,298,385,440,p4_왼다리꼬기
487,781,452,731,221,736,p5_오른쪽기대기
734,452,712,409,709,191,p6_왼쪽기대기
3,3,7,4,1,3,p0_앉지않음
657,701,682,568,519,457,p1_정자세
882,811,434,455,19,16,p2_앞으로숙이기
338,876,373,822,408,476,p3_오른다리꼬기
868,302,792,275,446,459,p4_왼다리꼬기
547,776,440,690,215,700,p5_오른쪽기대기
756,476,650,377,676,217,p6_왼쪽기대기
6,4,9,3,2,1,p0_앉지않음
669,729,670,667,503,498,p1_정자세
945,897,436,405,20,17,p2_앞으로숙이기
351,887,295,723,458,430,p3_오른다리꼬기
963,350,802,297,408,468,p4_왼다리꼬기
514,797,410,701,159,678,p5_오른쪽기대기
775,524,700,470,714,191,p6_왼쪽기대기
5,1,2,5,3,1,p0_앉지않음
688,679,623,664,440,551,p1_정자세
823,878,336,433,18,16,p2_앞으로숙이기
300,909,240,839,491,481,p3_오른다리꼬기
900,301,875,300,357,481,p4_왼다리꼬기
498,810,395,541,208,661,p5_오른쪽기대기
665,451,837,434,679,180,p6_왼쪽기대기
0,4,4,3,1,2,p0_앉지않음
692,636,674,552,417,529,p1_정자세
870,847,330,364,13,7,p2_앞으로숙이기
313,926,371,833,480,373,p3_오른다리꼬기
926,309,862,287,502,415,p4_왼다리꼬기
531,736,442,690,174,649,p5_오른쪽기대기
746,512,704,489,686,168,p6_왼쪽기대기
7,1,6,6,0,2,p0_앉지않음
676,662,717,617,467,503,p1_정자세
877,844,458,426,4,12,p2_앞으로숙이기
321,919,168,951,471,455,p3_오른다리꼬기
947,467,884,347,455,444,p4_왼다리꼬기
476,708,415,632,197,582,p5_오른쪽기대기
759,498,707,423,773,240,p6_왼쪽기대기
1,5,3,1,0,2,p0_앉지않음
665,748,699,718,465,519,p1_정자세
875,831,361,480,16,18,p2_앞으로숙이기
308,851,271,845,407,449,p3_오른다리꼬기
832,293,876,330,434,409,p4_왼다리꼬기
448,731,482,746,185,603,p5_오른쪽기대기
763,458,674,516,683,204,p6_왼쪽기대기
1,5,8,3,3,3,p0_앉지않음
783,715,679,720,517,479,p1_정자세
832,859,335,392,20,4,p2_앞으로숙이기
426,944,277,871,450,499,p3_오른다리꼬기
939,279,873,289,453,420,p4_왼다리꼬기
587,802,413,633,188,667,p5_오른쪽기대기
762,562,739,498,663,158,p6_왼쪽기대기
4,8,4,6,1,0,p0_앉지않음
693,715,617,638,462,544,p1_정자세
838,908,476,395,9,4,p2_앞으로숙이기
276,845,368,854,465,361,p3_오른다리꼬기
852,394,861,292,472,515,p4_왼다리꼬기
488,753,459,819,137,677,p5_오른쪽기대기
744,528,667,447,678,293,p6_왼쪽기대기
7,2,3,3,0,1,p0_앉지않음
736,636,702,674,470,494,p1_정자세
913,879,400,388,15,12,p2_앞으로숙이기
244,981,307,865,447,420,p3_오른다리꼬기
892,270,941,238,408,432,p4_왼다리꼬기
564,750,388,762,221,671,p5_오른쪽기대기
785,619,809,415,714,211,p6_왼쪽기대기
6,0,4,2,2,3,p0_앉지않음
596,698,706,640,529,514,p1_정자세
863,839,339,343,18,15,p2_앞으로숙이기
343,883,284,891,436,396,p3_오른다리꼬기
929,339,851,380,449,461,p4_왼다리꼬기
441,739,480,622,206,654,p5_오른쪽기대기
752,551,716,523,610,204,p6_왼쪽기대기
5,1,7,11,1,2,p0_앉지않음
704,664,558,614,444,568,p1_정자세
845,836,444,343,11,15,p2_앞으로숙이기
401,920,312,853,466,458,p3_오른다리꼬기
858,352,807,304,430,551,p4_왼다리꼬기
498,679,443,725,250,626,p5_오른쪽기대기
670,540,630,428,639,197,p6_왼쪽기대기
7,2,4,4,2,2,p0_앉지않음
721,742,669,672,436,502,p1_정자세
869,879,365,367,12,17,p2_앞으로숙이기
401,883,345,854,445,441,p3_오른다리꼬기
929,366,941,257,470,428,p4_왼다리꼬기
456,749,456,845,194,604,p5_오른쪽기대기
763,396,695,450,681,229,p6_왼쪽기대기
3,4,2,1,2,0,p0_앉지않음
679,650,677,740,447,425,p1_정자세
845,850,410,377,13,16,p2_앞으로숙이기
402,821,281,858,413,519,p3_오른다리꼬기
874,347,872,270,376,432,p4_왼다리꼬기
551,733,407,746,190,629,p5_오른쪽기대기
757,538,819,491,696,184,p6_왼쪽기대기
1,5,5,1,1,2,p0_앉지않음
718,725,664,624,479,452,p1_정자세
921,850,388,353,29,9,p2_앞으로숙이기
328,916,330,888,522,470,p3_오른다리꼬기
857,337,862,403,394,498,p4_왼다리꼬기
508,791,444,657,222,676,p5_오른쪽기대기
798,499,670,372,682,212,p6_왼쪽기대기
2,3,3,0,1,0,p0_앉지않음
679,663,568,751,550,468,p1_정자세
860,866,459,359,20,12,p2_앞으로숙이기
283,928,364,953,402,477,p3_오른다리꼬기
883,389,791,236,418,453,p4_왼다리꼬기
467,782,501,729,248,666,p5_오른쪽기대기
689,568,669,495,712,213,p6_왼쪽기대기
0,2,8,4,2,2,p0_앉지않음
734,713,639,634,534,522,p1_정자세
839,893,393,357,11,10,p2_앞으로숙이기
336,949,259,857,423,439,p3_오른다리꼬기
839,338,842,327,458,402,p4_왼다리꼬기
554,760,459,699,184,658,p5_오른쪽기대기
773,412,673,437,660,235,p6_왼쪽기대기
2,3,3,2,1,2,p0_앉지않음
647,721,564,621,486,566,p1_정자세
839,761,300,401,18,16,p2_앞으로숙이기
358,946,273,885,384,413,p3_오른다리꼬기
827,336,848,305,452,412,p4_왼다리꼬기
490,675,518,684,185,713,p5_오른쪽기대기
687,443,645,446,667,222,p6_왼쪽기대기
12,0,6,3,1,1,p0_앉지않음
654,784,692,651,554,439,p1_정자세
796,762,365,408,15,15,p2_앞으로숙이기
279,932,311,879,374,462,p3_오른다리꼬기
852,330,871,304,415,450,p4_왼다리꼬기
423,807,439,755,184,629,p5_오른쪽기대기
711,543,664,482,634,140,p6_왼쪽기대기
3,1,5,1,2,1,p0_앉지않음
691,732,698,648,469,429,p1_정자세
822,825,405,382,18,11,p2_앞으로숙이기
347,947,317,847,425,424,p3_오른다리꼬기
865,322,880,288,396,520,p4_왼다리꼬기
515,679,427,705,251,605,p5_오른쪽기대기
798,569,668,436,608,193,p6_왼쪽기대기
4,6,8,2,0,1,p0_앉지않음
714,712,633,656,560,515,p1_정자세
835,829,391,481,14,14,p2_앞으로숙이기
325,943,397,868,453,451,p3_오른다리꼬기
804,387,855,321,421,434,p4_왼다리꼬기
479,801,431,804,212,598,p5_오른쪽기대기
743,467,590,529,678,215,p6_왼쪽기대기
5,0,3,7,0,0,p0_앉지않음
688,692,656,686,525,510,p1_정자세
897,789,425,431,8,7,p2_앞으로숙이기
312,873,337,825,415,425,p3_오른다리꼬기
944,350,842,294,501,420,p4_왼다리꼬기
565,760,441,825,168,635,p5_오른쪽기대기
688,547,784,533,698,194,p6_왼쪽기대기
3,0,11,6,1,3,p0_앉지않음
651,720,641,681,497,441,p1_정자세
853,891,398,438,9,14,p2_앞으로숙이기
318,929,301,877,493,477,p3_오른다리꼬기
910,300,849,273,436,435,p4_왼다리꼬기
451,652,416,709,159,650,p5_오른쪽기대기
845,551,782,469,696,178,p6_왼쪽기대기
3,0,8,9,1,1,p0_앉지않음
662,719,706,562,516,488,p1_정자세
854,868,390,394,13,19,p2_앞으로숙이기
370,908,236,834,485,451,p3_오른다리꼬기
926,438,891,304,429,347,p4_왼다리꼬기
491,733,469,692,190,578,p5_오른쪽기대기
703,523,785,445,663,228,p6_왼쪽기대기
2,6,2,7,2,2,p0_앉지않음
660,735,754,599,486,509,p1_정자세
881,827,258,467,18,6,p2_앞으로숙이기
319,962,372,887,442,453,p3_오른다리꼬기
894,406,814,259,490,448,p4_왼다리꼬기
568,716,447,653,200,590,p5_오른쪽기대기
725,428,734,485,580,240,p6_왼쪽기대기
12,5,3,13,0,2,p0_앉지않음
708,767,667,625,461,486,p1_정자세
809,851,371,325,21,12,p2_앞으로숙이기
286,893,303,780,463,408,p3_오른다리꼬기
968,376,834,262,445,474,p4_왼다리꼬기
498,739,452,669,189,566,p5_오른쪽기대기
798,514,661,544,653,168,p6_왼쪽기대기
7,6,6,3,2,1,p0_앉지않음
727,604,628,736,469,475,p1_정자세
832,801,289,388,15,14,p2_앞으로숙이기
342,901,351,842,427,438,p3_오른다리꼬기
923,420,824,304,463,410,p4_왼다리꼬기
501,676,361,718,188,658,p5_오른쪽기대기
749,451,697,388,705,159,p6_왼쪽기대기
4,1,6,4,1,2,p0_앉지않음
701,725,600,579,504,487,p1_정자세
875,846,410,318,24,14,p2_앞으로숙이기
384,866,315,797,468,435,p3_오른다리꼬기
901,384,800,265,468,533,p4_왼다리꼬기
493,779,444,797,147,653,p5_오른쪽기대기
668,374,714,456,638,196,p6_왼쪽기대기
14,4,6,3,2,1,p0_앉지않음
679,790,708,656,407,485,p1_정자세
958,840,455,472,16,10,p2_앞으로숙이기
228,927,259,857,400,439,p3_오른다리꼬기
901,363,805,359,426,383,p4_왼다리꼬기
494,751,458,768,192,645,p5_오른쪽기대기
694,541,709,428,573,243,p6_왼쪽기대기
1,3,6,1,0,0,p0_앉지않음
736,672,796,600,463,477,p1_정자세
859,831,430,351,8,6,p2_앞으로숙이기
238,879,284,824,499,499,p3_오른다리꼬기
886,260,827,270,423,422,p4_왼다리꼬기
467,730,418,710,210,613,p5_오른쪽기대기
813,450,619,469,617,209,p6_왼쪽기대기
0,9,7,0,0,3,p0_앉지않음
663,658,536,632,490,528,p1_정자세
794,789,422,450,7,20,p2_앞으로숙이기
351,943,296,749,443,492,p3_오른다리꼬기
864,330,842,155,516,413,p4_왼다리꼬기
525,745,512,720,192,614,p5_오른쪽기대기
789,406,732,395,700,204,p6_왼쪽기대기
6,5,0,2,2,2,p0_앉지않음
759,720,601,610,504,407,p1_정자세
916,867,461,320,21,26,p2_앞으로숙이기
283,930,300,788,469,483,p3_오른다리꼬기
875,408,783,225,455,451,p4_왼다리꼬기
464,790,476,742,196,674,p5_오른쪽기대기
727,602,659,555,651,158,p6_왼쪽기대기
9,5,7,8,2,1,p0_앉지않음
748,700,684,542,517,474,p1_정자세
916,874,411,424,10,23,p2_앞으로숙이기
449,915,379,827,418,451,p3_오른다리꼬기
917,330,871,315,410,470,p4_왼다리꼬기
543,758,507,639,214,603,p5_오른쪽기대기
694,468,652,422,641,225,p6_왼쪽기대기
4,0,8,2,1,2,p0_앉지않음
709,754,673,606,587,507,p1_정자세
844,888,412,419,27,13,p2_앞으로숙이기
334,904,353,789,371,426,p3_오른다리꼬기
834,328,870,255,392,452,p4_왼다리꼬기
543,665,491,740,228,698,p5_오른쪽기대기
860,482,705,429,650,245,p6_왼쪽기대기
0,2,9,8,1,2,p0_앉지않음
717,775,653,701,605,523,p1_정자세
851,878,381,519,15,13,p2_앞으로숙이기
308,943,343,830,473,389,p3_오른다리꼬기
907,372,918,261,398,414,p4_왼다리꼬기
433,816,527,716,236,655,p5_오른쪽기대기
745,483,684,372,660,198,p6_왼쪽기대기
7,5,4,2,2,2,p0_앉지않음
642,704,661,614,476,509,p1_정자세
804,863,355,453,26,10,p2_앞으로숙이기
376,870,352,799,469,415,p3_오른다리꼬기
891,298,882,258,472,436,p4_왼다리꼬기
494,757,411,710,245,618,p5_오른쪽기대기
808,574,659,377,662,183,p6_왼쪽기대기
10,5,2,1,3,1,p0_앉지않음
702,747,625,647,499,527,p1_정자세
873,841,403,381,7,16,p2_앞으로숙이기
444,864,261,815,478,467,p3_오른다리꼬기
893,304,853,221,455,484,p4_왼다리꼬기
437,673,528,669,234,643,p5_오른쪽기대기
741,521,655,456,634,160,p6_왼쪽기대기
6,4,4,1,3,2,p0_앉지않음
748,684,563,747,497,470,p1_정자세
866,896,398,463,20,9,p2_앞으로숙이기
316,938,164,844,392,430,p3_오른다리꼬기
888,332,827,245,541,524,p4_왼다리꼬기
441,829,430,706,198,623,p5_오른쪽기대기
799,506,676,384,614,150,p6_왼쪽기대기
5,1,4,9,3,1,p0_앉지않음
695,793,676,633,442,515,p1_정자세
883,824,414,381,14,2,p2_앞으로숙이기
338,938,268,852,419,464,p3_오른다리꼬기
891,303,903,346,425,469,p4_왼다리꼬기
526,782,365,750,182,635,p5_오른쪽기대기
881,515,680,339,705,159,p6_왼쪽기대기
1,4,9,7,1,2,p0_앉지않음
669,706,653,698,538,519,p1_정자세
835,879,395,345,12,15,p2_앞으로숙이기
395,892,239,852,454,457,p3_오른다리꼬기
936,400,826,269,408,477,p4_왼다리꼬기
572,734,437,773,215,667,p5_오른쪽기대기
690,533,653,393,636,182,p6_왼쪽기대기
4,0,7,8,0,2,p0_앉지않음
659,742,646,651,492,548,p1_정자세
800,874,455,435,26,12,p2_앞으로숙이기
397,895,361,849,434,502,p3_오른다리꼬기
880,279,829,330,505,454,p4_왼다리꼬기
565,682,427,685,196,653,p5_오른쪽기대기
784,477,706,447,612,196,p6_왼쪽기대기
4,4,5,5,1,3,p0_앉지않음
641,663,788,598,445,529,p1_정자세
766,840,507,322,5,7,p2_앞으로숙이기
394,944,274,877,505,521,p3_오른다리꼬기
890,234,817,278,439,442,p4_왼다리꼬기
555,813,441,754,210,652,p5_오른쪽기대기
795,503,802,378,629,196,p6_왼쪽기대기
6,8,4,0,2,2,p0_앉지않음
602,699,570,616,463,532,p1_정자세
854,798,444,328,16,10,p2_앞으로숙이기
331,920,326,903,446,462,p3_오른다리꼬기
882,359,867,295,377,463,p4_왼다리꼬기
518,715,385,773,214,640,p5_오른쪽기대기
693,458,765,456,627,215,p6_왼쪽기대기
2,9,9,3,1,0,p0_앉지않음
625,633,656,633,446,488,p1_정자세
870,871,305,393,8,19,p2_앞으로숙이기
389,864,261,831,359,463,p3_오른다리꼬기
889,398,806,269,389,409,p4_왼다리꼬기
440,799,415,706,188,599,p5_오른쪽기대기
741,529,639,490,616,185,p6_왼쪽기대기
6,3,5,4,2,0,p0_앉지않음
608,730,701,604,490,511,p1_정자세
877,768,355,383,18,27,p2_앞으로숙이기
338,843,320,902,454,413,p3_오른다리꼬기
938,383,808,319,489,497,p4_왼다리꼬기
496,732,511,639,213,595,p5_오른쪽기대기
803,487,763,474,601,242,p6_왼쪽기대기
9,7,2,4,2,1,p0_앉지않음
784,707,514,666,486,497,p1_정자세
835,882,455,414,13,14,p2_앞으로숙이기
350,867,328,868,511,500,p3_오른다리꼬기
872,391,811,334,429,409,p4_왼다리꼬기
514,616,362,691,202,635,p5_오른쪽기대기
671,459,719,479,649,234,p6_왼쪽기대기
6,2,4,0,1,3,p0_앉지않음
734,770,634,717,492,558,p1_정자세
849,878,473,390,16,21,p2_앞으로숙이기
343,847,407,831,456,496,p3_오른다리꼬기
875,299,860,210,438,459,p4_왼다리꼬기
486,672,529,705,242,639,p5_오른쪽기대기
705,513,689,391,708,181,p6_왼쪽기대기
0,8,3,3,0,3,p0_앉지않음
635,702,695,671,497,431,p1_정자세
817,857,360,410,18,19,p2_앞으로숙이기
288,987,338,849,493,544,p3_오른다리꼬기
842,338,754,309,464,448,p4_왼다리꼬기
467,647,468,772,182,667,p5_오른쪽기대기
671,522,680,411,619,188,p6_왼쪽기대기
6,1,3,4,0,3,p0_앉지않음
657,666,601,739,522,462,p1_정자세
894,858,412,382,11,16,p2_앞으로숙이기
322,972,236,911,445,461,p3_오른다리꼬기
933,318,884,164,421,413,p4_왼다리꼬기
437,739,469,735,207,623,p5_오른쪽기대기
768,506,746,488,651,173,p6_왼쪽기대기
3,3,4,5,2,1,p0_앉지않음
700,707,624,603,429,472,p1_정자세
868,821,388,423,17,9,p2_앞으로숙이기
399,945,243,817,497,444,p3_오른다리꼬기
811,280,840,241,433,451,p4_왼다리꼬기
573,735,503,771,243,661,p5_오른쪽기대기
651,523,752,445,719,225,p6_왼쪽기대기
6,8,6,0,1,3,p0_앉지않음
659,688,597,739,567,464,p1_정자세
855,822,430,425,19,16,p2_앞으로숙이기
496,858,214,834,387,390,p3_오른다리꼬기
859,303,811,325,429,442,p4_왼다리꼬기
544,711,436,718,141,554,p5_오른쪽기대기
767,524,803,457,682,194,p6_왼쪽기대기
5,10,0,6,4,2,p0_앉지않음
782,668,648,651,411,453,p1_정자세
806,882,443,416,19,14,p2_앞으로숙이기
410,900,302,839,477,433,p3_오른다리꼬기
939,293,806,334,446,431,p4_왼다리꼬기
544,719,439,769,246,712,p5_오른쪽기대기
735,561,652,404,555,250,p6_왼쪽기대기
2,4,2,7,1,0,p0_앉지않음
722,628,608,544,443,507,p1_정자세
771,790,399,372,24,24,p2_앞으로숙이기
306,922,337,826,390,449,p3_오른다리꼬기
893,328,867,262,403,454,p4_왼다리꼬기
519,691,496,611,182,639,p5_오른쪽기대기
718,471,793,407,747,213,p6_왼쪽기대기
5,6,12,2,0,1,p0_앉지않음
701,613,651,734,506,488,p1_정자세
825,885,358,492,24,16,p2_앞으로숙이기
349,941,354,817,428,397,p3_오른다리꼬기
916,383,796,277,396,414,p4_왼다리꼬기
527,713,434,618,205,648,p5_오른쪽기대기
713,490,709,409,590,254,p6_왼쪽기대기
3,4,8,15,0,2,p0_앉지않음
664,673,613,593,498,441,p1_정자세
887,852,421,376,13,16,p2_앞으로숙이기
291,885,257,814,365,503,p3_오른다리꼬기
872,408,892,235,406,552,p4_왼다리꼬기
587,748,462,668,212,621,p5_오른쪽기대기
648,433,701,393,647,167,p6_왼쪽기대기
2,7,5,4,2,2,p0_앉지않음
772,677,628,584,482,538,p1_정자세
901,888,310,454,5,19,p2_앞으로숙이기
331,928,233,896,391,423,p3_오른다리꼬기
860,262,853,390,556,453,p4_왼다리꼬기
555,761,474,682,205,671,p5_오른쪽기대기
721,496,697,491,607,198,p6_왼쪽기대기
10,8,9,5,2,3,p0_앉지않음
778,602,584,715,488,473,p1_정자세
799,827,329,504,14,14,p2_앞으로숙이기
379,938,347,892,424,438,p3_오른다리꼬기
930,323,849,319,481,378,p4_왼다리꼬기
535,738,485,738,248,704,p5_오른쪽기대기
817,572,714,451,684,221,p6_왼쪽기대기
4,6,4,2,3,2,p0_앉지않음
802,618,622,651,545,515,p1_정자세
862,804,342,416,8,12,p2_앞으로숙이기
375,860,380,898,387,412,p3_오른다리꼬기
808,310,880,279,468,389,p4_왼다리꼬기
539,722,450,695,161,603,p5_오른쪽기대기
798,519,752,466,655,148,p6_왼쪽기대기
4,4,10,7,3,2,p0_앉지않음
664,705,661,603,484,491,p1_정자세
914,766,460,353,8,20,p2_앞으로숙이기
386,950,340,932,472,443,p3_오른다리꼬기
913,412,818,267,437,365,p4_왼다리꼬기
506,655,452,743,185,717,p5_오른쪽기대기
676,559,733,364,758,198,p6_왼쪽기대기
2,0,4,4,2,1,p0_앉지않음
731,680,553,642,405,514,p1_정자세
810,856,465,352,20,12,p2_앞으로숙이기
437,885,257,877,432,416,p3_오른다리꼬기
880,347,903,203,450,474,p4_왼다리꼬기
509,815,446,690,217,653,p5_오른쪽기대기
730,525,667,419,628,240,p6_왼쪽기대기
0,6,5,0,2,2,p0_앉지않음
729,567,718,613,527,529,p1_정자세
814,876,380,296,20,11,p2_앞으로숙이기
307,883,313,847,471,396,p3_오른다리꼬기
870,344,925,294,493,451,p4_왼다리꼬기
475,737,441,730,241,664,p5_오른쪽기대기
809,451,679,413,662,189,p6_왼쪽기대기
7,2,5,7,0,4,p0_앉지않음
685,598,657,651,496,539,p1_정자세
879,861,422,394,23,7,p2_앞으로숙이기
356,902,340,816,380,456,p3_오른다리꼬기
911,424,799,357,544,434,p4_왼다리꼬기
435,729,450,728,182,712,p5_오른쪽기대기
694,413,755,336,641,293,p6_왼쪽기대기
4,1,4,4,2,2,p0_앉지않음
648,784,662,686,474,551,p1_정자세
839,861,353,350,18,12,p2_앞으로숙이기
307,874,334,824,445,450,p3_오른다리꼬기
823,276,863,263,492,488,p4_왼다리꼬기
535,840,445,732,182,748,p5_오른쪽기대기
849,500,719,517,644,180,p6_왼쪽기대기
7,5,5,2,0,2,p0_앉지않음
745,688,721,614,457,497,p1_정자세
846,880,361,468,24,14,p2_앞으로숙이기
412,857,353,891,484,449,p3_오른다리꼬기
781,317,824,251,454,433,p4_왼다리꼬기
458,697,414,756,180,629,p5_오른쪽기대기
727,516,722,297,690,243,p6_왼쪽기대기
1,2,3,2,2,0,p0_앉지않음
644,776,603,712,514,427,p1_정자세
875,845,377,412,17,18,p2_앞으로숙이기
408,916,231,831,567,478,p3_오른다리꼬기
994,419,859,315,448,380,p4_왼다리꼬기
500,810,420,720,225,613,p5_오른쪽기대기
727,449,658,385,613,242,p6_왼쪽기대기
2,5,3,8,3,2,p0_앉지않음
715,688,590,747,469,526,p1_정자세
892,827,451,438,23,12,p2_앞으로숙이기
285,879,310,852,434,373,p3_오른다리꼬기
918,448,868,330,472,465,p4_왼다리꼬기
546,769,434,660,192,662,p5_오른쪽기대기
734,515,721,491,701,202,p6_왼쪽기대기
1,3,5,0,3,2,p0_앉지않음
719,768,618,678,495,492,p1_정자세
819,916,381,434,5,20,p2_앞으로숙이기
402,903,288,866,541,379,p3_오른다리꼬기
931,304,849,287,432,449,p4_왼다리꼬기
443,801,360,726,190,603,p5_오른쪽기대기
760,422,701,378,668,172,p6_왼쪽기대기
3,5,2,4,0,2,p0_앉지않음
788,839,654,689,428,560,p1_정자세
881,830,461,387,12,17,p2_앞으로숙이기
296,940,247,807,413,480,p3_오른다리꼬기
875,282,825,298,402,403,p4_왼다리꼬기
605,706,433,681,187,674,p5_오른쪽기대기
797,484,638,513,646,251,p6_왼쪽기대기
0,5,10,3,1,2,p0_앉지않음
672,684,633,618,549,518,p1_정자세
860,882,386,361,11,15,p2_앞으로숙이기
297,879,274,934,339,442,p3_오른다리꼬기
969,356,880,304,423,360,p4_왼다리꼬기
510,711,409,675,252,746,p5_오른쪽기대기
760,476,641,473,721,192,p6_왼쪽기대기
0,7,7,0,2,2,p0_앉지않음
696,660,700,629,440,418,p1_정자세
900,874,404,377,12,9,p2_앞으로숙이기
328,815,263,837,474,448,p3_오른다리꼬기
931,417,892,323,450,410,p4_왼다리꼬기
536,833,467,795,154,603,p5_오른쪽기대기
792,513,765,449,615,193,p6_왼쪽기대기
0,1,7,7,2,0,p0_앉지않음
682,638,708,620,456,501,p1_정자세
824,909,363,330,4,14,p2_앞으로숙이기
321,842,359,876,448,504,p3_오른다리꼬기
926,308,808,340,465,456,p4_왼다리꼬기
457,780,412,694,243,623,p5_오른쪽기대기
671,447,749,462,644,184,p6_왼쪽기대기
6,2,5,2,1,1,p0_앉지않음
681,697,661,465,467,484,p1_정자세
910,806,408,474,8,16,p2_앞으로숙이기
309,879,259,820,558,483,p3_오른다리꼬기
944,374,785,319,492,415,p4_왼다리꼬기
548,785,542,679,167,635,p5_오른쪽기대기
821,408,596,454,632,200,p6_왼쪽기대기
7,3,0,11,1,0,p0_앉지않음
755,680,646,674,543,486,p1_정자세
910,764,437,358,21,15,p2_앞으로숙이기
316,926,344,875,408,430,p3_오른다리꼬기
899,347,879,199,463,438,p4_왼다리꼬기
458,712,439,519,178,614,p5_오른쪽기대기
776,459,689,527,689,227,p6_왼쪽기대기
3,6,4,4,2,1,p0_앉지않음
774,691,680,722,541,443,p1_정자세
867,884,444,344,11,19,p2_앞으로숙이기
311,888,378,848,420,414,p3_오른다리꼬기
913,283,840,316,501,476,p4_왼다리꼬기
464,808,435,638,194,707,p5_오른쪽기대기
758,500,781,378,598,151,p6_왼쪽기대기
6,5,9,5,1,2,p0_앉지않음
705,616,785,675,508,524,p1_정자세
878,844,368,429,16,10,p2_앞으로숙이기
420,911,336,905,450,462,p3_오른다리꼬기
932,313,852,306,411,542,p4_왼다리꼬기
429,685,515,735,169,674,p5_오른쪽기대기
823,498,829,363,677,234,p6_왼쪽기대기
7,4,4,6,2,2,p0_앉지않음
752,649,638,602,484,540,p1_정자세
854,954,409,402,15,11,p2_앞으로숙이기
347,945,305,818,412,431,p3_오른다리꼬기
902,409,796,284,455,376,p4_왼다리꼬기
458,716,410,709,195,627,p5_오른쪽기대기
771,586,781,353,673,194,p6_왼쪽기대기
5,3,5,5,1,1,p0_앉지않음
677,711,679,692,480,511,p1_정자세
888,896,397,388,15,9,p2_앞으로숙이기
340,929,332,839,458,417,p3_오른다리꼬기
928,346,838,281,447,432,p4_왼다리꼬기
532,730,529,773,173,652,p5_오른쪽기대기
717,483,800,434,664,216,p6_왼쪽기대기
1,2,1,2,0,2,p0_앉지않음
802,707,579,617,481,459,p1_정자세
884,882,342,436,22,24,p2_앞으로숙이기
493,863,441,835,426,463,p3_오른다리꼬기
876,369,797,288,501,447,p4_왼다리꼬기
507,773,508,617,217,639,p5_오른쪽기대기
758,552,640,399,572,183,p6_왼쪽기대기
8,4,0,3,0,0,p0_앉지않음
719,641,705,646,503,488,p1_정자세
880,881,416,428,13,17,p2_앞으로숙이기
333,900,286,831,422,468,p3_오른다리꼬기
952,408,799,364,437,474,p4_왼다리꼬기
454,757,465,625,218,703,p5_오른쪽기대기
741,568,690,492,561,272,p6_왼쪽기대기
9,4,0,5,0,2,p0_앉지않음
720,652,706,690,539,500,p1_정자세
793,889,386,330,21,25,p2_앞으로숙이기
347,986,304,834,424,515,p3_오른다리꼬기
868,386,827,276,491,434,p4_왼다리꼬기
479,806,529,732,180,629,p5_오른쪽기대기
753,516,650,486,653,148,p6_왼쪽기대기
2,3,4,10,2,1,p0_앉지않음
711,682,666,679,548,499,p1_정자세
915,886,364,510,16,10,p2_앞으로숙이기
432,983,298,829,443,478,p3_오른다리꼬기
951,378,854,374,437,491,p4_왼다리꼬기
485,771,444,697,188,703,p5_오른쪽기대기
713,462,806,498,554,183,p6_왼쪽기대기
0,2,0,4,0,2,p0_앉지않음
618,704,629,725,556,531,p1_정자세
836,929,322,329,14,26,p2_앞으로숙이기
339,892,227,887,488,481,p3_오른다리꼬기
874,314,798,304,406,402,p4_왼다리꼬기
478,725,423,723,202,638,p5_오른쪽기대기
759,450,705,457,589,229,p6_왼쪽기대기
2,5,8,7,2,1,p0_앉지않음
747,733,619,610,417,506,p1_정자세
846,895,417,466,11,20,p2_앞으로숙이기
323,931,227,859,370,439,p3_오른다리꼬기
917,323,807,342,445,430,p4_왼다리꼬기
502,881,507,758,213,656,p5_오른쪽기대기
630,466,675,356,603,140,p6_왼쪽기대기
4,7,8,6,1,0,p0_앉지않음
612,636,605,642,459,513,p1_정자세
840,850,457,340,17,14,p2_앞으로숙이기
333,935,343,812,442,461,p3_오른다리꼬기
889,379,861,391,388,445,p4_왼다리꼬기
454,780,369,717,181,620,p5_오른쪽기대기
677,476,754,448,675,249,p6_왼쪽기대기
5,3,6,3,1,0,p0_앉지않음
746,680,659,598,517,469,p1_정자세
844,885,439,398,6,29,p2_앞으로숙이기
437,928,262,845,428,500,p3_오른다리꼬기
910,310,831,356,514,511,p4_왼다리꼬기
537,737,287,714,199,655,p5_오른쪽기대기
752,433,727,481,677,228,p6_왼쪽기대기
6,3,4,5,2,2,p0_앉지않음
732,803,760,653,346,549,p1_정자세
828,817,380,377,18,7,p2_앞으로숙이기
296,913,331,875,418,410,p3_오른다리꼬기
879,361,909,197,441,396,p4_왼다리꼬기
417,798,477,722,227,630,p5_오른쪽기대기
728,609,687,486,650,144,p6_왼쪽기대기
0,3,8,7,2,1,p0_앉지않음
780,651,660,649,493,553,p1_정자세
821,796,400,380,31,18,p2_앞으로숙이기
329,857,205,808,454,507,p3_오른다리꼬기
944,361,837,313,429,518,p4_왼다리꼬기
490,745,339,690,225,607,p5_오른쪽기대기
712,539,626,502,628,188,p6_왼쪽기대기
1,6,12,7,1,3,p0_앉지않음
684,768,690,502,459,537,p1_정자세
856,809,368,304,14,26,p2_앞으로숙이기
390,987,344,891,528,465,p3_오른다리꼬기
892,401,908,276,421,455,p4_왼다리꼬기
541,789,378,795,180,639,p5_오른쪽기대기
704,634,712,407,684,223,p6_왼쪽기대기
4,7,2,3,0,0,p0_앉지않음
790,782,653,733,493,490,p1_정자세
852,845,389,457,15,18,p2_앞으로숙이기
401,915,251,795,455,443,p3_오른다리꼬기
903,349,953,233,370,463,p4_왼다리꼬기
481,765,479,764,154,627,p5_오른쪽기대기
771,538,809,497,647,173,p6_왼쪽기대기
3,3,6,5,0,1,p0_앉지않음
743,717,678,669,565,509,p1_정자세
834,813,412,277,14,13,p2_앞으로숙이기
281,862,340,859,454,462,p3_오른다리꼬기
903,412,854,227,515,464,p4_왼다리꼬기
470,687,469,694,247,636,p5_오른쪽기대기
708,544,746,458,677,198,p6_왼쪽기대기
5,8,6,4,3,0,p0_앉지않음
802,614,618,647,494,540,p1_정자세
807,860,371,414,14,15,p2_앞으로숙이기
322,879,314,887,426,415,p3_오른다리꼬기
924,348,883,254,378,428,p4_왼다리꼬기
461,746,418,737,191,656,p5_오른쪽기대기
757,509,698,475,618,241,p6_왼쪽기대기
4,1,5,2,2,4,p0_앉지않음
660,716,562,672,464,475,p1_정자세
805,879,450,401,10,22,p2_앞으로숙이기
312,813,322,805,489,434,p3_오른다리꼬기
924,420,801,271,446,511,p4_왼다리꼬기
467,720,473,671,204,587,p5_오른쪽기대기
860,432,683,448,726,160,p6_왼쪽기대기
10,7,6,2,2,1,p0_앉지않음
763,651,644,622,460,529,p1_정자세
871,898,311,453,27,12,p2_앞으로숙이기
444,889,231,837,491,416,p3_오른다리꼬기
875,379,850,329,459,469,p4_왼다리꼬기
478,761,403,764,180,695,p5_오른쪽기대기
738,510,675,399,580,168,p6_왼쪽기대기
4,5,8,3,1,0,p0_앉지않음
724,769,713,685,525,567,p1_정자세
863,875,383,331,11,14,p2_앞으로숙이기
353,977,304,897,432,437,p3_오른다리꼬기
846,312,871,300,487,457,p4_왼다리꼬기
482,857,445,758,187,678,p5_오른쪽기대기
796,510,582,450,699,215,p6_왼쪽기대기
6,0,2,6,2,3,p0_앉지않음
692,720,650,600,409,517,p1_정자세
856,825,319,431,13,17,p2_앞으로숙이기
443,814,265,841,508,384,p3_오른다리꼬기
977,356,846,290,432,491,p4_왼다리꼬기
446,767,430,661,277,666,p5_오른쪽기대기
780,556,628,537,549,176,p6_왼쪽기대기
3,6,5,4,1,1,p0_앉지않음
625,736,684,729,468,527,p1_정자세
838,897,451,410,13,19,p2_앞으로숙이기
382,872,233,838,510,495,p3_오른다리꼬기
855,291,900,243,470,425,p4_왼다리꼬기
580,711,507,709,207,571,p5_오른쪽기대기
639,488,712,393,606,216,p6_왼쪽기대기
6,4,7,1,1,3,p0_앉지않음
703,706,765,580,531,566,p1_정자세
837,884,350,365,16,18,p2_앞으로숙이기
406,962,296,897,436,486,p3_오른다리꼬기
908,372,866,219,405,454,p4_왼다리꼬기
415,791,493,716,166,705,p5_오른쪽기대기
851,507,725,460,671,196,p6_왼쪽기대기
4,7,12,0,1,0,p0_앉지않음
779,670,577,681,569,526,p1_정자세
858,866,470,356,14,12,p2_앞으로숙이기
291,886,355,872,475,455,p3_오른다리꼬기
920,309,837,309,461,462,p4_왼다리꼬기
493,731,607,745,212,640,p5_오른쪽기대기
727,493,714,355,587,180,p6_왼쪽기대기
5,4,9,0,1,3,p0_앉지않음
706,744,752,615,496,489,p1_정자세
771,837,444,427,18,13,p2_앞으로숙이기
317,950,275,861,456,508,p3_오른다리꼬기
938,285,802,328,447,431,p4_왼다리꼬기
550,759,452,738,188,712,p5_오른쪽기대기
710,532,771,381,636,234,p6_왼쪽기대기
8,4,2,7,3,0,p0_앉지않음
639,711,681,635,527,471,p1_정자세
765,833,403,386,9,5,p2_앞으로숙이기
324,935,362,897,417,403,p3_오른다리꼬기
919,381,866,199,415,448,p4_왼다리꼬기
524,788,457,716,202,677,p5_오른쪽기대기
765,503,686,454,669,208,p6_왼쪽기대기
6,9,5,3,2,0,p0_앉지않음
645,716,675,587,484,475,p1_정자세
830,887,435,399,12,8,p2_앞으로숙이기
421,923,264,878,447,438,p3_오른다리꼬기
917,312,836,306,430,476,p4_왼다리꼬기
593,712,366,599,195,623,p5_오른쪽기대기
760,506,619,359,661,204,p6_왼쪽기대기
3,0,6,8,2,1,p0_앉지않음
702,631,702,654,429,487,p1_정자세
868,836,386,338,17,11,p2_앞으로숙이기
242,885,349,834,519,467,p3_오른다리꼬기
913,343,847,286,437,471,p4_왼다리꼬기
453,696,393,802,215,662,p5_오른쪽기대기
697,531,694,460,610,204,p6_왼쪽기대기
3,2,7,0,2,2,p0_앉지않음
656,658,638,664,493,517,p1_정자세
920,829,314,441,23,16,p2_앞으로숙이기
295,895,244,875,395,437,p3_오른다리꼬기
859,356,835,308,450,410,p4_왼다리꼬기
531,747,400,812,214,643,p5_오른쪽기대기
820,592,692,467,610,195,p6_왼쪽기대기
4,5,5,6,2,0,p0_앉지않음
653,672,635,702,453,485,p1_정자세
888,838,423,393,16,13,p2_앞으로숙이기
383,838,281,861,471,509,p3_오른다리꼬기
884,423,823,366,482,413,p4_왼다리꼬기
515,747,481,688,190,704,p5_오른쪽기대기
745,541,688,533,622,181,p6_왼쪽기대기
9,3,9,7,1,0,p0_앉지않음
699,705,708,729,472,532,p1_정자세
880,892,424,302,14,9,p2_앞으로숙이기
339,939,315,895,463,398,p3_오른다리꼬기
799,357,841,251,381,420,p4_왼다리꼬기
490,783,459,780,168,685,p5_오른쪽기대기
752,534,678,503,661,179,p6_왼쪽기대기
4,4,6,1,1,2,p0_앉지않음
701,767,688,649,508,511,p1_정자세
866,776,384,325,21,14,p2_앞으로숙이기
340,935,321,804,447,436,p3_오른다리꼬기
830,315,842,294,390,496,p4_왼다리꼬기
494,751,470,660,213,635,p5_오른쪽기대기
705,528,774,486,686,184,p6_왼쪽기대기
0,9,11,9,1,0,p0_앉지않음
646,615,644,730,494,512,p1_정자세
905,833,501,499,14,12,p2_앞으로숙이기
384,886,242,901,498,456,p3_오른다리꼬기
849,288,854,275,436,490,p4_왼다리꼬기
536,818,400,682,222,667,p5_오른쪽기대기
826,521,792,477,692,190,p6_왼쪽기대기
5,7,9,7,1,3,p0_앉지않음
590,628,684,650,524,502,p1_정자세
872,817,428,449,21,25,p2_앞으로숙이기
362,910,223,828,442,492,p3_오른다리꼬기
875,389,849,291,459,434,p4_왼다리꼬기
478,664,437,676,184,666,p5_오른쪽기대기
782,511,749,478,638,186,p6_왼쪽기대기
5,6,9,8,1,1,p0_앉지않음
733,753,696,646,449,460,p1_정자세
860,863,345,402,18,9,p2_앞으로숙이기
405,884,362,828,408,431,p3_오른다리꼬기
896,330,841,316,443,447,p4_왼다리꼬기
414,769,445,780,171,577,p5_오른쪽기대기
780,517,649,373,711,242,p6_왼쪽기대기
0,3,9,3,1,1,p0_앉지않음
643,614,702,557,509,535,p1_정자세
791,813,460,426,11,21,p2_앞으로숙이기
410,910,254,833,461,442,p3_오른다리꼬기
937,273,790,309,430,424,p4_왼다리꼬기
411,750,447,732,202,644,p5_오른쪽기대기
808,434,726,366,616,163,p6_왼쪽기대기
7,4,4,1,1,1,p0_앉지않음
719,650,716,566,467,567,p1_정자세
832,797,410,376,10,9,p2_앞으로숙이기
488,889,203,909,474,419,p3_오른다리꼬기
862,383,840,203,521,432,p4_왼다리꼬기
574,813,399,751,180,575,p5_오른쪽기대기
728,519,676,434,695,203,p6_왼쪽기대기
2,7,5,0,2,2,p0_앉지않음
701,744,616,666,437,516,p1_정자세
928,810,362,364,15,9,p2_앞으로숙이기
371,933,326,779,489,487,p3_오른다리꼬기
933,368,858,351,526,411,p4_왼다리꼬기
553,745,443,623,191,610,p5_오른쪽기대기
726,445,677,429,653,151,p6_왼쪽기대기
0,6,2,8,2,2,p0_앉지않음
770,684,621,693,520,492,p1_정자세
905,841,401,401,10,15,p2_앞으로숙이기
419,917,301,843,463,479,p3_오른다리꼬기
924,333,862,323,409,456,p4_왼다리꼬기
391,774,483,737,188,662,p5_오른쪽기대기
821,570,698,456,694,154,p6_왼쪽기대기
4,9,7,6,0,1,p0_앉지않음
670,716,609,598,417,548,p1_정자세
834,856,399,346,8,9,p2_앞으로숙이기
313,914,260,919,491,482,p3_오른다리꼬기
895,425,841,298,456,478,p4_왼다리꼬기
531,726,423,731,221,634,p5_오른쪽기대기
670,489,731,540,602,187,p6_왼쪽기대기
3,9,4,2,2,1,p0_앉지않음
638,655,736,669,504,490,p1_정자세
861,861,414,405,19,15,p2_앞으로숙이기
301,875,201,931,484,416,p3_오른다리꼬기
888,318,911,229,454,445,p4_왼다리꼬기
541,744,362,687,170,653,p5_오른쪽기대기
821,413,659,422,634,222,p6_왼쪽기대기
4,6,3,5,2,1,p0_앉지않음
739,702,702,639,515,498,p1_정자세
846,860,426,337,22,5,p2_앞으로숙이기
315,896,320,913,375,429,p3_오른다리꼬기
814,351,860,379,454,491,p4_왼다리꼬기
529,728,379,713,155,701,p5_오른쪽기대기
741,559,675,463,658,198,p6_왼쪽기대기
3,6,2,1,3,2,p0_앉지않음
703,783,636,716,507,459,p1_정자세
923,889,393,436,12,19,p2_앞으로숙이기
230,859,348,840,458,396,p3_오른다리꼬기
973,409,841,279,491,529,p4_왼다리꼬기
547,858,403,659,164,667,p5_오른쪽기대기
758,492,740,511,588,182,p6_왼쪽기대기
7,3,2,8,0,1,p0_앉지않음
716,671,689,621,556,494,p1_정자세
876,879,368,297,16,15,p2_앞으로숙이기
377,890,278,930,391,479,p3_오른다리꼬기
877,333,837,259,472,505,p4_왼다리꼬기
523,755,400,725,264,634,p5_오른쪽기대기
731,471,675,312,666,174,p6_왼쪽기대기
0,7,1,3,3,0,p0_앉지않음
623,713,707,571,516,523,p1_정자세
767,881,443,384,21,20,p2_앞으로숙이기
355,881,251,848,472,437,p3_오른다리꼬기
812,413,857,281,484,510,p4_왼다리꼬기
359,771,378,724,203,675,p5_오른쪽기대기
725,406,677,470,690,164,p6_왼쪽기대기
8,3,6,3,2,2,p0_앉지않음
638,666,659,770,465,581,p1_정자세
930,846,385,365,14,7,p2_앞으로숙이기
346,959,269,840,381,464,p3_오른다리꼬기
910,353,841,285,470,448,p4_왼다리꼬기
515,760,506,733,205,710,p5_오른쪽기대기
771,565,730,357,702,204,p6_왼쪽기대기
4,5,3,5,1,3,p0_앉지않음
694,680,603,663,507,515,p1_정자세
808,785,431,474,9,22,p2_앞으로숙이기
364,899,280,794,489,418,p3_오른다리꼬기
868,399,774,223,449,461,p4_왼다리꼬기
524,734,576,688,193,618,p5_오른쪽기대기
756,530,760,375,640,213,p6_왼쪽기대기
6,5,6,2,3,2,p0_앉지않음
632,646,597,683,448,486,p1_정자세
868,847,412,346,17,11,p2_앞으로숙이기
333,909,305,850,419,438,p3_오른다리꼬기
900,281,831,319,398,496,p4_왼다리꼬기
563,687,517,692,212,630,p5_오른쪽기대기
796,520,659,391,591,205,p6_왼쪽기대기
6,6,4,1,1,3,p0_앉지않음
675,707,596,666,481,541,p1_정자세
880,830,393,372,7,10,p2_앞으로숙이기
359,913,307,837,487,452,p3_오른다리꼬기
928,261,693,314,393,441,p4_왼다리꼬기
484,829,469,708,225,664,p5_오른쪽기대기
727,553,644,466,588,206,p6_왼쪽기대기
5,10,0,3,2,2,p0_앉지않음
709,652,620,712,497,515,p1_정자세
845,802,446,425,26,9,p2_앞으로숙이기
391,847,307,889,367,441,p3_오른다리꼬기
877,314,865,356,444,458,p4_왼다리꼬기
505,750,395,755,208,665,p5_오른쪽기대기
709,477,691,373,582,181,p6_왼쪽기대기
6,3,1,2,1,1,p0_앉지않음
808,752,701,708,460,451,p1_정자세
805,903,372,337,12,13,p2_앞으로숙이기
363,910,258,877,424,443,p3_오른다리꼬기
927,317,827,329,415,434,p4_왼다리꼬기
527,852,480,723,215,607,p5_오른쪽기대기
755,498,716,455,665,190,p6_왼쪽기대기
5,1,4,9,2,1,p0_앉지않음
794,631,594,735,501,490,p1_정자세
802,867,427,345,14,13,p2_앞으로숙이기
362,855,362,886,435,441,p3_오른다리꼬기
894,311,832,286,514,487,p4_왼다리꼬기
546,768,394,697,229,599,p5_오른쪽기대기
781,616,753,520,658,229,p6_왼쪽기대기
2,7,6,5,3,1,p0_앉지않음
690,704,598,661,431,541,p1_정자세
851,829,358,388,18,17,p2_앞으로숙이기
314,866,332,821,452,454,p3_오른다리꼬기
912,392,799,204,427,522,p4_왼다리꼬기
601,841,440,610,129,625,p5_오른쪽기대기
740,565,743,461,614,171,p6_왼쪽기대기
5,7,6,1,2,2,p0_앉지않음
646,660,684,638,563,520,p1_정자세
830,849,403,363,10,18,p2_앞으로숙이기
392,924,375,828,516,413,p3_오른다리꼬기
859,262,832,274,471,459,p4_왼다리꼬기
440,730,431,611,170,619,p5_오른쪽기대기
821,509,733,375,697,239,p6_왼쪽기대기
0,2,6,6,1,1,p0_앉지않음
670,705,709,611,540,468,p1_정자세
816,882,446,442,8,12,p2_앞으로숙이기
391,901,246,868,421,521,p3_오른다리꼬기
961,380,904,303,480,509,p4_왼다리꼬기
512,737,364,695,224,687,p5_오른쪽기대기
775,472,601,425,637,190,p6_왼쪽기대기
6,10,5,4,1,2,p0_앉지않음
658,706,672,660,518,517,p1_정자세
779,875,366,345,9,17,p2_앞으로숙이기
338,832,323,792,455,459,p3_오른다리꼬기
935,439,795,297,438,467,p4_왼다리꼬기
510,732,427,644,229,668,p5_오른쪽기대기
795,484,667,396,664,168,p6_왼쪽기대기
10,1,5,9,2,2,p0_앉지않음
651,630,688,725,482,454,p1_정자세
751,810,394,479,18,16,p2_앞으로숙이기
329,876,370,858,365,423,p3_오른다리꼬기
865,322,872,294,446,502,p4_왼다리꼬기
465,843,416,704,191,654,p5_오른쪽기대기
772,521,662,393,750,185,p6_왼쪽기대기
7,0,4,4,2,0,p0_앉지않음
708,642,666,598,465,489,p1_정자세
807,830,340,308,20,8,p2_앞으로숙이기
341,930,269,816,459,494,p3_오른다리꼬기
853,342,780,280,451,415,p4_왼다리꼬기
477,679,453,752,167,625,p5_오른쪽기대기
775,560,625,441,661,196,p6_왼쪽기대기
0,6,9,5,0,1,p0_앉지않음
788,745,682,667,473,491,p1_정자세
846,871,475,455,7,16,p2_앞으로숙이기
386,924,268,966,398,406,p3_오른다리꼬기
909,455,816,286,493,449,p4_왼다리꼬기
483,778,463,751,238,662,p5_오른쪽기대기
764,510,724,452,649,235,p6_왼쪽기대기
9,0,5,2,1,2,p0_앉지않음
733,694,554,601,535,390,p1_정자세
897,870,465,390,4,17,p2_앞으로숙이기
413,936,266,853,428,417,p3_오른다리꼬기
938,290,814,244,390,455,p4_왼다리꼬기
558,740,374,741,250,624,p5_오른쪽기대기
726,525,781,424,596,218,p6_왼쪽기대기
7,5,3,7,2,1,p0_앉지않음
702,632,684,636,482,498,p1_정자세
851,885,429,392,18,17,p2_앞으로숙이기
328,895,292,870,435,434,p3_오른다리꼬기
978,396,819,328,454,465,p4_왼다리꼬기
506,809,467,696,231,659,p5_오른쪽기대기
756,515,695,450,626,177,p6_왼쪽기대기
2,0,2,4,2,1,p0_앉지않음
582,778,704,672,576,460,p1_정자세
925,811,411,336,15,16,p2_앞으로숙이기
342,928,304,829,427,482,p3_오른다리꼬기
873,395,898,216,495,532,p4_왼다리꼬기
512,779,501,686,205,597,p5_오른쪽기대기
756,524,725,503,619,184,p6_왼쪽기대기
10,4,5,4,1,3,p0_앉지않음
673,643,627,549,473,461,p1_정자세
874,823,444,469,18,13,p2_앞으로숙이기
357,839,293,815,477,552,p3_오른다리꼬기
919,250,835,306,453,420,p4_왼다리꼬기
512,687,402,732,169,671,p5_오른쪽기대기
681,588,661,438,663,183,p6_왼쪽기대기
5,6,7,7,1,1,p0_앉지않음
817,747,603,654,486,494,p1_정자세
800,833,490,428,2,21,p2_앞으로숙이기
404,885,335,815,431,509,p3_오른다리꼬기
889,256,847,296,497,450,p4_왼다리꼬기
478,802,456,662,234,657,p5_오른쪽기대기
750,508,646,423,650,194,p6_왼쪽기대기
8,5,7,5,3,2,p0_앉지않음
700,699,602,675,498,479,p1_정자세
894,799,378,451,16,14,p2_앞으로숙이기
362,907,224,836,514,423,p3_오른다리꼬기
887,322,846,270,469,457,p4_왼다리꼬기
538,697,432,688,213,618,p5_오른쪽기대기
795,559,650,425,628,278,p6_왼쪽기대기
3,10,1,2,1,1,p0_앉지않음
686,664,609,707,548,537,p1_정자세
870,853,375,352,16,9,p2_앞으로숙이기
300,946,395,865,494,440,p3_오른다리꼬기
846,380,872,303,440,488,p4_왼다리꼬기
450,711,399,704,167,622,p5_오른쪽기대기
714,486,625,454,699,204,p6_왼쪽기대기
9,9,7,5,2,2,p0_앉지않음
680,605,674,593,461,500,p1_정자세
846,793,408,448,9,21,p2_앞으로숙이기
271,984,279,855,374,447,p3_오른다리꼬기
909,345,827,252,495,451,p4_왼다리꼬기
577,723,428,740,151,601,p5_오른쪽기대기
804,441,609,543,594,205,p6_왼쪽기대기
5,0,4,6,2,2,p0_앉지않음
680,735,615,579,448,441,p1_정자세
890,789,413,386,14,21,p2_앞으로숙이기
328,924,301,843,541,392,p3_오른다리꼬기
951,382,830,381,376,429,p4_왼다리꼬기
439,770,394,721,194,630,p5_오른쪽기대기
769,486,645,590,630,133,p6_왼쪽기대기
2,1,7,5,2,1,p0_앉지않음
686,681,645,691,513,520,p1_정자세
869,885,414,417,20,11,p2_앞으로숙이기
307,852,309,775,468,445,p3_오른다리꼬기
945,316,841,356,505,422,p4_왼다리꼬기
509,764,468,686,238,574,p5_오른쪽기대기
728,522,722,517,697,191,p6_왼쪽기대기
8,2,7,10,3,2,p0_앉지않음
683,623,665,594,468,452,p1_정자세
831,848,413,369,20,13,p2_앞으로숙이기
310,909,398,863,435,388,p3_오른다리꼬기
891,361,834,216,415,508,p4_왼다리꼬기
571,705,483,641,242,659,p5_오른쪽기대기
797,414,733,449,684,227,p6_왼쪽기대기
5,3,7,4,1,1,p0_앉지않음
626,674,705,658,478,532,p1_정자세
816,853,391,438,7,10,p2_앞으로숙이기
268,889,360,829,429,484,p3_오른다리꼬기
942,345,877,246,505,535,p4_왼다리꼬기
526,645,422,730,187,700,p5_오른쪽기대기
779,464,701,405,642,183,p6_왼쪽기대기
8,11,0,0,1,0,p0_앉지않음
702,737,724,660,492,420,p1_정자세
851,852,431,364,12,7,p2_앞으로숙이기
235,855,221,863,429,428,p3_오른다리꼬기
860,188,910,249,433,391,p4_왼다리꼬기
548,757,408,680,250,647,p5_오른쪽기대기
740,452,605,441,663,232,p6_왼쪽기대기
0,1,3,4,1,1,p0_앉지않음
720,654,696,671,487,564,p1_정자세
912,887,249,478,18,25,p2_앞으로숙이기
411,963,343,903,529,458,p3_오른다리꼬기
837,334,865,303,400,384,p4_왼다리꼬기
462,790,529,745,231,646,p5_오른쪽기대기
662,477,687,425,652,213,p6_왼쪽기대기
7,4,0,3,2,3,p0_앉지않음
671,725,664,652,537,473,p1_정자세
826,849,367,425,11,16,p2_앞으로숙이기
344,908,277,836,453,458,p3_오른다리꼬기
899,435,810,296,387,464,p4_왼다리꼬기
444,736,431,714,183,626,p5_오른쪽기대기
821,514,671,437,715,192,p6_왼쪽기대기
2,2,3,3,0,0,p0_앉지않음
658,729,630,639,550,551,p1_정자세
838,824,356,434,13,13,p2_앞으로숙이기
309,869,316,797,489,428,p3_오른다리꼬기
894,283,849,283,447,508,p4_왼다리꼬기
508,710,414,729,238,661,p5_오른쪽기대기
784,530,770,352,676,229,p6_왼쪽기대기
0,2,2,2,1,2,p0_앉지않음
743,754,608,607,552,525,p1_정자세
853,868,398,426,13,16,p2_앞으로숙이기
274,872,266,835,412,428,p3_오른다리꼬기
839,377,846,214,416,463,p4_왼다리꼬기
472,715,446,717,156,672,p5_오른쪽기대기
709,499,698,423,609,191,p6_왼쪽기대기
9,0,10,4,2,0,p0_앉지않음
661,674,597,639,483,574,p1_정자세
803,854,412,346,18,13,p2_앞으로숙이기
225,926,244,808,477,436,p3_오른다리꼬기
936,410,824,339,419,539,p4_왼다리꼬기
465,801,492,715,179,643,p5_오른쪽기대기
642,511,717,456,531,162,p6_왼쪽기대기
2,5,5,4,2,0,p0_앉지않음
730,723,668,640,573,519,p1_정자세
811,859,437,370,20,16,p2_앞으로숙이기
232,911,279,871,487,457,p3_오른다리꼬기
966,341,874,340,446,481,p4_왼다리꼬기
470,728,384,712,209,697,p5_오른쪽기대기
789,485,641,471,694,222,p6_왼쪽기대기
8,4,3,2,1,1,p0_앉지않음
710,693,643,611,537,503,p1_정자세
843,820,333,465,17,6,p2_앞으로숙이기
388,936,306,913,458,393,p3_오른다리꼬기
914,362,825,328,383,489,p4_왼다리꼬기
456,700,444,721,204,620,p5_오른쪽기대기
724,443,688,503,649,225,p6_왼쪽기대기
9,3,4,11,3,0,p0_앉지않음
719,700,691,612,466,472,p1_정자세
827,882,340,368,6,20,p2_앞으로숙이기
413,886,285,868,508,466,p3_오른다리꼬기
872,269,805,303,423,457,p4_왼다리꼬기
472,697,391,778,226,719,p5_오른쪽기대기
776,478,766,448,658,198,p6_왼쪽기대기
0,9,6,5,1,2,p0_앉지않음
670,730,584,659,522,492,p1_정자세
864,810,351,411,18,5,p2_앞으로숙이기
376,878,290,796,415,488,p3_오른다리꼬기
901,330,845,324,467,446,p4_왼다리꼬기
554,798,470,702,219,662,p5_오른쪽기대기
803,544,649,395,621,229,p6_왼쪽기대기
0,6,6,8,2,0,p0_앉지않음
652,640,623,640,453,558,p1_정자세
796,903,459,444,11,16,p2_앞으로숙이기
286,936,296,833,401,350,p3_오른다리꼬기
858,405,833,291,476,522,p4_왼다리꼬기
566,701,352,817,268,657,p5_오른쪽기대기
686,548,694,444,685,210,p6_왼쪽기대기
1,4,6,6,2,2,p0_앉지않음
681,708,481,627,530,484,p1_정자세
831,808,450,427,19,6,p2_앞으로숙이기
341,888,285,825,436,483,p3_오른다리꼬기
823,438,869,297,486,391,p4_왼다리꼬기
466,743,518,697,213,626,p5_오른쪽기대기
774,583,749,445,677,217,p6_왼쪽기대기
6,8,8,4,2,1,p0_앉지않음
653,686,646,566,534,389,p1_정자세
958,910,386,400,16,12,p2_앞으로숙이기
359,894,295,857,397,451,p3_오른다리꼬기
906,356,841,356,435,459,p4_왼다리꼬기
564,746,460,695,237,639,p5_오른쪽기대기
814,494,657,483,637,218,p6_왼쪽기대기
0,5,3,1,1,1,p0_앉지않음
697,631,665,718,511,532,p1_정자세
893,899,493,375,11,18,p2_앞으로숙이기
385,931,394,850,467,410,p3_오른다리꼬기
985,333,837,282,424,420,p4_왼다리꼬기
473,681,410,797,222,687,p5_오른쪽기대기
808,591,611,388,617,185,p6_왼쪽기대기
4,3,5,5,1,0,p0_앉지않음
650,672,637,593,480,454,p1_정자세
844,807,357,334,14,10,p2_앞으로숙이기
395,916,296,818,465,477,p3_오른다리꼬기
905,430,868,345,455,477,p4_왼다리꼬기
460,727,467,717,215,694,p5_오른쪽기대기
678,451,711,413,785,215,p6_왼쪽기대기
4,3,3,5,2,1,p0_앉지않음
686,767,719,662,446,521,p1_정자세
912,904,436,471,15,18,p2_앞으로숙이기
315,911,366,826,415,453,p3_오른다리꼬기
890,382,831,385,398,500,p4_왼다리꼬기
461,660,461,687,166,582,p5_오른쪽기대기
749,548,729,452,669,199,p6_왼쪽기대기
0,0,4,4,2,2,p0_앉지않음
730,685,580,670,521,404,p1_정자세
816,822,405,359,14,13,p2_앞으로숙이기
342,871,268,806,465,472,p3_오른다리꼬기
869,426,837,376,424,368,p4_왼다리꼬기
520,762,451,667,198,629,p5_오른쪽기대기
734,542,709,480,640,189,p6_왼쪽기대기
1,3,0,3,1,2,p0_앉지않음
686,717,541,647,432,451,p1_정자세
842,901,418,400,14,11,p2_앞으로숙이기
322,917,230,873,434,483,p3_오른다리꼬기
938,266,826,257,377,408,p4_왼다리꼬기
622,780,545,741,177,634,p5_오른쪽기대기
779,521,671,374,781,195,p6_왼쪽기대기
4,5,4,5,3,1,p0_앉지않음
641,691,626,721,546,504,p1_정자세
798,800,400,416,13,12,p2_앞으로숙이기
320,899,180,805,424,498,p3_오른다리꼬기
867,359,859,364,500,447,p4_왼다리꼬기
476,716,437,678,216,666,p5_오른쪽기대기
779,562,793,456,693,189,p6_왼쪽기대기
8,8,8,5,1,0,p0_앉지않음
697,776,634,689,533,488,p1_정자세
902,733,338,354,10,16,p2_앞으로숙이기
364,915,329,811,401,465,p3_오른다리꼬기
874,271,888,369,512,457,p4_왼다리꼬기
531,818,417,755,208,686,p5_오른쪽기대기
759,564,711,375,708,171,p6_왼쪽기대기
8,4,8,8,2,2,p0_앉지않음
721,599,655,594,506,454,p1_정자세
802,914,453,399,15,13,p2_앞으로숙이기
378,872,349,839,433,450,p3_오른다리꼬기
876,366,828,323,498,421,p4_왼다리꼬기
493,773,428,723,216,693,p5_오른쪽기대기
719,452,684,401,672,165,p6_왼쪽기대기
11,8,5,7,0,4,p0_앉지않음
670,693,557,674,455,504,p1_정자세
828,806,359,411,8,11,p2_앞으로숙이기
383,1004,323,813,435,451,p3_오른다리꼬기
886,395,858,345,437,503,p4_왼다리꼬기
491,701,558,608,177,624,p5_오른쪽기대기
875,590,774,433,747,211,p6_왼쪽기대기
7,5,4,4,1,2,p0_앉지않음
718,698,725,501,520,528,p1_정자세
895,847,410,449,22,13,p2_앞으로숙이기
363,967,193,822,508,493,p3_오른다리꼬기
920,327,814,270,511,424,p4_왼다리꼬기
505,712,492,673,197,582,p5_오른쪽기대기
669,500,633,555,567,175,p6_왼쪽기대기
5,3,1,2,1,1,p0_앉지않음
797,703,709,675,544,388,p1_정자세
837,902,371,488,22,12,p2_앞으로숙이기
324,859,268,800,467,391,p3_오른다리꼬기
924,381,783,377,470,479,p4_왼다리꼬기
462,781,506,695,260,651,p5_오른쪽기대기
807,514,729,366,664,177,p6_왼쪽기대기
2,10,4,1,1,0,p0_앉지않음
771,665,676,717,479,521,p1_정자세
808,947,446,390,11,14,p2_앞으로숙이기
333,978,238,855,449,445,p3_오른다리꼬기
895,344,884,330,466,328,p4_왼다리꼬기
514,667,482,773,172,639,p5_오른쪽기대기
720,561,704,536,666,207,p6_왼쪽기대기
5,7,0,5,1,2,p0_앉지않음
690,648,650,595,422,529,p1_정자세
873,868,465,366,7,14,p2_앞으로숙이기
332,866,296,825,376,432,p3_오른다리꼬기
854,361,823,355,514,477,p4_왼다리꼬기
422,825,528,700,239,627,p5_오른쪽기대기
656,461,786,375,649,201,p6_왼쪽기대기
3,3,5,3,0,2,p0_앉지않음
753,743,609,587,488,562,p1_정자세
875,878,444,421,15,18,p2_앞으로숙이기
322,843,336,899,405,482,p3_오른다리꼬기
967,349,817,306,427,425,p4_왼다리꼬기
521,669,377,700,199,663,p5_오른쪽기대기
843,505,729,401,680,184,p6_왼쪽기대기
5,4,8,1,0,1,p0_앉지않음
723,707,711,671,477,406,p1_정자세
840,891,380,401,17,9,p2_앞으로숙이기
381,965,291,804,447,361,p3_오른다리꼬기
913,372,917,290,466,415,p4_왼다리꼬기
482,673,440,684,208,625,p5_오른쪽기대기
754,483,683,454,651,222,p6_왼쪽기대기
4,3,4,2,1,4,p0_앉지않음
654,686,630,637,486,511,p1_정자세
781,891,431,337,3,10,p2_앞으로숙이기
337,1003,327,777,422,447,p3_오른다리꼬기
910,284,844,264,405,460,p4_왼다리꼬기
538,792,478,675,221,662,p5_오른쪽기대기
756,469,675,453,747,209,p6_왼쪽기대기
3,2,3,11,1,2,p0_앉지않음
681,713,689,621,474,566,p1_정자세
889,881,439,422,25,15,p2_앞으로숙이기
378,841,258,801,500,347,p3_오른다리꼬기
883,200,816,275,505,465,p4_왼다리꼬기
458,803,450,701,163,610,p5_오른쪽기대기
708,502,703,527,665,118,p6_왼쪽기대기
5,0,2,2,1,0,p0_앉지않음
710,629,667,761,446,488,p1_정자세
749,837,432,436,15,19,p2_앞으로숙이기
477,968,273,791,433,412,p3_오른다리꼬기
918,290,847,341,445,412,p4_왼다리꼬기
558,656,433,697,200,657,p5_오른쪽기대기
780,498,681,429,625,223,p6_왼쪽기대기
3,7,5,3,2,1,p0_앉지않음
731,710,620,676,521,546,p1_정자세
888,869,343,522,7,19,p2_앞으로숙이기
371,853,293,846,502,421,p3_오른다리꼬기
889,233,919,246,463,445,p4_왼다리꼬기
495,790,533,712,219,663,p5_오른쪽기대기
800,476,753,505,693,180,p6_왼쪽기대기
4,5,0,9,1,2,p0_앉지않음
671,633,619,660,526,506,p1_정자세
863,836,424,474,18,19,p2_앞으로숙이기
364,839,247,868,449,467,p3_오른다리꼬기
967,386,900,304,417,447,p4_왼다리꼬기
459,827,489,726,237,569,p5_오른쪽기대기
779,434,699,434,676,206,p6_왼쪽기대기
9,3,7,5,0,1,p0_앉지않음
692,755,673,591,494,580,p1_정자세
854,836,424,438,12,17,p2_앞으로숙이기
333,928,308,869,419,417,p3_오른다리꼬기
937,346,861,284,485,425,p4_왼다리꼬기
493,789,508,673,258,662,p5_오른쪽기대기
697,518,680,471,648,202,p6_왼쪽기대기
2,7,1,1,2,3,p0_앉지않음
682,735,703,690,487,456,p1_정자세
761,839,458,343,18,10,p2_앞으로숙이기
355,928,267,856,433,478,p3_오른다리꼬기
909,352,912,333,422,446,p4_왼다리꼬기
496,754,576,718,138,628,p5_오른쪽기대기
653,483,600,406,589,211,p6_왼쪽기대기
5,5,4,0,2,3,p0_앉지않음
720,678,578,604,518,542,p1_정자세
860,881,435,425,11,15,p2_앞으로숙이기
307,900,316,917,397,469,p3_오른다리꼬기
959,387,883,329,501,406,p4_왼다리꼬기
430,749,341,761,236,632,p5_오른쪽기대기
731,496,702,456,672,194,p6_왼쪽기대기
7,6,3,9,0,1,p0_앉지않음
748,663,665,677,465,497,p1_정자세
843,827,515,361,20,13,p2_앞으로숙이기
295,904,332,886,512,567,p3_오른다리꼬기
910,316,868,286,487,398,p4_왼다리꼬기
618,792,365,664,224,697,p5_오른쪽기대기
686,535,602,445,694,183,p6_왼쪽기대기
0,5,3,6,1,1,p0_앉지않음
598,708,641,590,507,541,p1_정자세
841,860,413,339,25,12,p2_앞으로숙이기
382,930,293,874,459,393,p3_오른다리꼬기
886,319,831,234,495,514,p4_왼다리꼬기
548,813,432,668,176,675,p5_오른쪽기대기
761,496,764,470,616,179,p6_왼쪽기대기
7,8,6,10,3,2,p0_앉지않음
658,634,630,687,573,516,p1_정자세
896,840,431,441,5,12,p2_앞으로숙이기
397,910,240,752,435,447,p3_오른다리꼬기
864,357,870,333,355,397,p4_왼다리꼬기
484,778,474,723,188,636,p5_오른쪽기대기
713,538,653,492,658,198,p6_왼쪽기대기
3,0,3,4,0,1,p0_앉지않음
746,728,625,652,477,505,p1_정자세
911,888,426,375,18,6,p2_앞으로숙이기
337,923,337,876,461,442,p3_오른다리꼬기
921,302,816,303,456,376,p4_왼다리꼬기
522,788,446,818,179,635,p5_오른쪽기대기
730,496,683,379,628,197,p6_왼쪽기대기
8,11,9,2,1,1,p0_앉지않음
789,691,583,624,530,527,p1_정자세
841,877,286,405,19,10,p2_앞으로숙이기
308,825,379,821,459,474,p3_오른다리꼬기
960,342,828,308,501,443,p4_왼다리꼬기
452,672,388,743,190,625,p5_오른쪽기대기
714,504,688,436,703,246,p6_왼쪽기대기
0,5,2,4,2,1,p0_앉지않음
711,733,664,617,474,442,p1_정자세
815,928,360,340,16,14,p2_앞으로숙이기
340,956,327,828,433,429,p3_오른다리꼬기
934,334,778,297,388,537,p4_왼다리꼬기
451,741,462,685,191,666,p5_오른쪽기대기
826,538,773,397,662,204,p6_왼쪽기대기
6,9,4,3,2,0,p0_앉지않음
688,693,603,702,457,494,p1_정자세
861,904,399,446,18,15,p2_앞으로숙이기
295,842,305,828,486,479,p3_오른다리꼬기
892,292,870,249,419,410,p4_왼다리꼬기
493,808,449,677,154,672,p5_오른쪽기대기
710,505,682,491,643,198,p6_왼쪽기대기
6,11,7,4,2,1,p0_앉지않음
652,672,611,682,457,553,p1_정자세
880,850,400,372,16,20,p2_앞으로숙이기
314,838,335,862,405,420,p3_오른다리꼬기
865,313,837,286,423,419,p4_왼다리꼬기
488,758,434,757,215,586,p5_오른쪽기대기
776,530,678,375,650,199,p6_왼쪽기대기
1,0,4,4,1,1,p0_앉지않음
644,678,676,632,433,481,p1_정자세
807,860,415,317,18,9,p2_앞으로숙이기
427,898,237,804,463,434,p3_오른다리꼬기
896,430,822,302,506,460,p4_왼다리꼬기
419,775,391,770,175,768,p5_오른쪽기대기
823,460,701,487,681,213,p6_왼쪽기대기
8,4,3,3,2,2,p0_앉지않음
714,739,547,665,508,566,p1_정자세
788,912,403,424,23,17,p2_앞으로숙이기
370,909,275,848,421,448,p3_오른다리꼬기
806,371,845,283,458,392,p4_왼다리꼬기
596,744,442,651,200,705,p5_오른쪽기대기
801,542,727,432,591,193,p6_왼쪽기대기
4,8,5,9,3,1,p0_앉지않음
610,769,717,581,560,515,p1_정자세
856,914,467,432,17,18,p2_앞으로숙이기
329,897,254,836,435,424,p3_오른다리꼬기
905,333,870,218,445,455,p4_왼다리꼬기
484,741,370,717,219,669,p5_오른쪽기대기
801,510,723,457,677,152,p6_왼쪽기대기
2,9,0,4,3,1,p0_앉지않음
679,706,632,651,472,544,p1_정자세
906,844,330,373,14,17,p2_앞으로숙이기
299,869,325,887,425,396,p3_오른다리꼬기
1023,389,839,343,445,484,p4_왼다리꼬기
507,754,444,627,258,612,p5_오른쪽기대기
681,489,651,447,677,229,p6_왼쪽기대기
7,4,5,6,0,2,p0_앉지않음
627,802,629,640,469,474,p1_정자세
940,887,322,475,20,13,p2_앞으로숙이기
365,899,398,818,455,432,p3_오른다리꼬기
842,459,802,311,380,434,p4_왼다리꼬기
521,708,479,686,234,704,p5_오른쪽기대기
720,503,709,480,650,205,p6_왼쪽기대기
4,5,8,6,2,2,p0_앉지않음
692,715,595,713,388,496,p1_정자세
895,795,419,365,13,19,p2_앞으로숙이기
359,818,251,889,467,519,p3_오른다리꼬기
967,332,950,301,411,424,p4_왼다리꼬기
387,830,529,649,193,653,p5_오른쪽기대기
701,412,689,433,634,206,p6_왼쪽기대기
9,4,5,7,2,1,p0_앉지않음
704,727,593,713,557,471,p1_정자세
857,875,372,424,15,7,p2_앞으로숙이기
372,855,346,823,443,504,p3_오른다리꼬기
919,296,809,270,465,464,p4_왼다리꼬기
457,691,464,690,264,651,p5_오른쪽기대기
840,441,621,393,697,252,p6_왼쪽기대기
2,3,1,0,2,2,p0_앉지않음
700,629,731,624,521,441,p1_정자세
842,861,416,407,17,9,p2_앞으로숙이기
359,904,311,852,399,397,p3_오른다리꼬기
811,390,883,342,462,364,p4_왼다리꼬기
448,758,456,688,211,650,p5_오른쪽기대기
756,468,749,428,596,176,p6_왼쪽기대기
3,7,4,4,0,2,p0_앉지않음
667,694,724,675,434,429,p1_정자세
847,801,432,402,15,11,p2_앞으로숙이기
437,1013,286,864,453,439,p3_오른다리꼬기
866,295,804,320,429,346,p4_왼다리꼬기
522,748,517,718,155,560,p5_오른쪽기대기
714,468,747,449,695,160,p6_왼쪽기대기
7,7,0,8,2,2,p0_앉지않음
656,763,590,691,532,461,p1_정자세
929,859,432,323,25,8,p2_앞으로숙이기
401,860,269,881,491,399,p3_오른다리꼬기
943,402,812,379,391,425,p4_왼다리꼬기
523,707,463,712,194,683,p5_오른쪽기대기
738,511,757,489,681,165,p6_왼쪽기대기
6,2,1,4,1,2,p0_앉지않음
740,604,608,577,481,518,p1_정자세
840,826,465,284,21,12,p2_앞으로숙이기
346,878,377,800,450,471,p3_오른다리꼬기
835,304,844,255,417,436,p4_왼다리꼬기
532,732,503,650,162,727,p5_오른쪽기대기
717,434,612,503,636,192,p6_왼쪽기대기
4,8,4,12,2,3,p0_앉지않음
740,698,620,666,520,477,p1_정자세
856,899,503,442,24,11,p2_앞으로숙이기
385,953,255,830,519,410,p3_오른다리꼬기
846,426,897,321,448,432,p4_왼다리꼬기
514,828,461,808,173,649,p5_오른쪽기대기
731,445,692,470,670,265,p6_왼쪽기대기
6,8,5,10,4,2,p0_앉지않음
650,672,664,672,527,518,p1_정자세
850,824,420,492,20,17,p2_앞으로숙이기
401,885,274,820,444,433,p3_오른다리꼬기
948,326,817,397,431,456,p4_왼다리꼬기
522,693,511,731,246,622,p5_오른쪽기대기
754,501,713,377,654,157,p6_왼쪽기대기
6,0,0,7,1,1,p0_앉지않음
763,716,693,641,607,475,p1_정자세
919,847,317,424,16,9,p2_앞으로숙이기
303,899,317,751,492,430,p3_오른다리꼬기
846,397,849,360,467,449,p4_왼다리꼬기
492,774,429,657,218,644,p5_오른쪽기대기
751,554,694,450,626,212,p6_왼쪽기대기
6,7,3,3,2,2,p0_앉지않음
654,765,565,689,449,575,p1_정자세
788,896,395,381,15,18,p2_앞으로숙이기
304,867,332,781,426,571,p3_오른다리꼬기
861,407,826,325,476,495,p4_왼다리꼬기
489,849,420,711,207,605,p5_오른쪽기대기
735,508,678,572,616,235,p6_왼쪽기대기
7,4,2,2,1,0,p0_앉지않음
649,625,717,680,531,523,p1_정자세
856,908,369,405,18,8,p2_앞으로숙이기
504,901,307,900,486,451,p3_오른다리꼬기
905,274,827,325,467,498,p4_왼다리꼬기
493,680,502,771,226,643,p5_오른쪽기대기
802,671,705,384,626,218,p6_왼쪽기대기
0,5,6,9,3,2,p0_앉지않음
591,746,685,662,430,468,p1_정자세
803,769,399,360,28,14,p2_앞으로숙이기
414,837,273,853,413,433,p3_오른다리꼬기
891,338,924,318,469,471,p4_왼다리꼬기
530,745,433,708,234,695,p5_오른쪽기대기
737,538,690,451,631,194,p6_왼쪽기대기
9,5,5,0,1,1,p0_앉지않음
658,701,628,653,504,461,p1_정자세
834,853,459,412,11,16,p2_앞으로숙이기
435,936,327,879,507,493,p3_오른다리꼬기
922,403,806,224,456,452,p4_왼다리꼬기
472,791,356,673,185,584,p5_오른쪽기대기
824,432,670,495,675,166,p6_왼쪽기대기
7,5,11,6,1,1,p0_앉지않음
662,658,718,650,522,560,p1_정자세
755,901,402,421,10,11,p2_앞으로숙이기
374,995,350,900,442,425,p3_오른다리꼬기
868,325,767,263,427,442,p4_왼다리꼬기
506,768,449,670,141,626,p5_오른쪽기대기
701,523,745,496,680,195,p6_왼쪽기대기
3,2,0,7,1,0,p0_앉지않음
658,656,652,703,486,409,p1_정자세
842,843,388,368,16,15,p2_앞으로숙이기
348,916,278,830,505,472,p3_오른다리꼬기
933,411,871,346,386,458,p4_왼다리꼬기
490,833,496,668,211,656,p5_오른쪽기대기
772,449,718,438,661,178,p6_왼쪽기대기
3,8,1,2,1,1,p0_앉지않음
655,705,574,599,582,518,p1_정자세
820,866,428,449,14,19,p2_앞으로숙이기
248,857,308,863,413,460,p3_오른다리꼬기
875,336,890,345,410,407,p4_왼다리꼬기
479,748,417,752,210,666,p5_오른쪽기대기
686,558,558,491,687,187,p6_왼쪽기대기
8,4,5,6,5,3,p0_앉지않음
735,654,657,609,532,505,p1_정자세
805,853,357,407,10,15,p2_앞으로숙이기
387,897,280,858,477,405,p3_오른다리꼬기
910,415,872,302,475,468,p4_왼다리꼬기
537,648,372,750,154,666,p5_오른쪽기대기
732,450,717,460,734,181,p6_왼쪽기대기
9,6,3,7,2,2,p0_앉지않음
713,670,608,687,491,496,p1_정자세
861,860,328,464,15,13,p2_앞으로숙이기
371,909,338,871,478,504,p3_오른다리꼬기
935,341,805,383,440,431,p4_왼다리꼬기
413,766,457,624,213,630,p5_오른쪽기대기
884,471,678,406,701,188,p6_왼쪽기대기
2,7,0,6,3,2,p0_앉지않음
731,743,735,710,517,536,p1_정자세
814,881,349,381,0,17,p2_앞으로숙이기
317,944,319,894,406,491,p3_오른다리꼬기
984,388,881,308,429,480,p4_왼다리꼬기
424,729,361,664,219,670,p5_오른쪽기대기
752,508,605,431,622,180,p6_왼쪽기대기
6,2,3,0,1,0,p0_앉지않음
703,652,655,642,566,519,p1_정자세
776,799,402,353,0,21,p2_앞으로숙이기
386,920,269,867,421,458,p3_오른다리꼬기
863,425,787,361,451,430,p4_왼다리꼬기
508,786,518,715,173,652,p5_오른쪽기대기
840,567,745,489,677,234,p6_왼쪽기대기
3,0,5,2,0,1,p0_앉지않음
824,706,668,588,426,467,p1_정자세
907,863,429,436,12,21,p2_앞으로숙이기
318,956,322,778,420,378,p3_오른다리꼬기
946,348,760,318,428,390,p4_왼다리꼬기
583,755,435,680,154,597,p5_오른쪽기대기
814,476,701,347,597,218,p6_왼쪽기대기
6,10,9,4,2,1,p0_앉지않음
802,757,658,660,557,523,p1_정자세
912,762,423,374,23,22,p2_앞으로숙이기
351,961,389,852,548,448,p3_오른다리꼬기
891,393,835,304,506,450,p4_왼다리꼬기
415,768,415,743,220,708,p5_오른쪽기대기
795,554,666,490,728,179,p6_왼쪽기대기
10,3,2,5,2,2,p0_앉지않음
651,721,615,575,462,469,p1_정자세
870,896,326,417,9,18,p2_앞으로숙이기
318,857,339,826,437,361,p3_오른다리꼬기
937,391,850,223,498,423,p4_왼다리꼬기
477,865,414,737,216,665,p5_오른쪽기대기
764,518,713,447,710,160,p6_왼쪽기대기
8,7,7,8,1,0,p0_앉지않음
696,650,613,587,480,476,p1_정자세
754,878,511,430,13,14,p2_앞으로숙이기
328,903,298,816,517,390,p3_오른다리꼬기
928,344,926,317,435,440,p4_왼다리꼬기
501,692,411,610,172,653,p5_오른쪽기대기
765,401,693,478,643,180,p6_왼쪽기대기
3,3,3,5,4,1,p0_앉지않음
684,697,615,704,405,478,p1_정자세
882,838,358,422,19,16,p2_앞으로숙이기
309,918,279,879,509,345,p3_오른다리꼬기
904,263,947,276,479,448,p4_왼다리꼬기
459,703,529,747,258,652,p5_오른쪽기대기
764,486,685,397,653,176,p6_왼쪽기대기
6,5,5,10,1,2,p0_앉지않음
802,765,707,634,509,447,p1_정자세
869,860,401,451,8,23,p2_앞으로숙이기
395,897,292,869,510,454,p3_오른다리꼬기
905,350,921,281,448,508,p4_왼다리꼬기
507,806,404,689,244,622,p5_오른쪽기대기
742,512,650,429,654,201,p6_왼쪽기대기
8,9,2,5,2,3,p0_앉지않음
735,714,683,683,462,507,p1_정자세
908,841,406,387,3,15,p2_앞으로숙이기
365,879,242,814,480,528,p3_오른다리꼬기
955,282,884,266,426,431,p4_왼다리꼬기
535,797,445,695,213,672,p5_오른쪽기대기
808,435,701,396,647,193,p6_왼쪽기대기
4,2,0,0,1,1,p0_앉지않음
666,766,607,720,564,421,p1_정자세
853,834,254,327,18,25,p2_앞으로숙이기
395,912,298,917,535,426,p3_오른다리꼬기
820,245,902,297,457,378,p4_왼다리꼬기
462,735,460,680,168,618,p5_오른쪽기대기
810,512,730,405,531,184,p6_왼쪽기대기
2,6,14,7,4,2,p0_앉지않음
668,717,739,741,476,510,p1_정자세
792,882,477,401,11,16,p2_앞으로숙이기
370,903,308,843,489,479,p3_오른다리꼬기
860,299,839,336,455,424,p4_왼다리꼬기
513,733,494,716,190,659,p5_오른쪽기대기
815,471,720,446,667,180,p6_왼쪽기대기
5,8,2,1,0,0,p0_앉지않음
729,629,635,680,516,484,p1_정자세
857,854,388,389,26,19,p2_앞으로숙이기
474,880,295,796,417,526,p3_오른다리꼬기
879,445,800,247,436,447,p4_왼다리꼬기
546,772,429,693,190,613,p5_오른쪽기대기
705,551,608,530,636,176,p6_왼쪽기대기
7,9,8,6,3,0,p0_앉지않음
673,654,711,630,533,521,p1_정자세
815,826,464,361,15,11,p2_앞으로숙이기
334,898,260,811,461,416,p3_오른다리꼬기
867,303,846,347,510,420,p4_왼다리꼬기
607,699,504,663,173,620,p5_오른쪽기대기
747,528,733,402,610,172,p6_왼쪽기대기
4,4,2,5,4,1,p0_앉지않음
678,727,622,683,471,573,p1_정자세
863,825,370,374,21,8,p2_앞으로숙이기
316,877,299,839,390,434,p3_오른다리꼬기
896,318,877,345,446,459,p4_왼다리꼬기
391,728,500,678,177,741,p5_오른쪽기대기
840,523,756,338,618,185,p6_왼쪽기대기
4,3,0,6,2,3,p0_앉지않음
660,656,516,635,536,475,p1_정자세
935,839,407,331,16,5,p2_앞으로숙이기
384,928,367,809,456,472,p3_오른다리꼬기
917,306,754,317,443,427,p4_왼다리꼬기
538,747,384,603,166,745,p5_오른쪽기대기
786,509,690,437,696,185,p6_왼쪽기대기
6,3,10,7,3,1,p0_앉지않음
752,684,655,731,458,508,p1_정자세
867,870,377,504,8,22,p2_앞으로숙이기
410,976,220,815,509,374,p3_오른다리꼬기
835,325,857,379,442,425,p4_왼다리꼬기
515,773,472,691,141,613,p5_오른쪽기대기
821,509,683,505,604,193,p6_왼쪽기대기
5,3,5,4,0,2,p0_앉지않음
633,708,718,635,453,494,p1_정자세
816,873,392,485,20,14,p2_앞으로숙이기
385,884,301,835,480,507,p3_오른다리꼬기
931,396,886,327,404,518,p4_왼다리꼬기
590,738,431,730,216,641,p5_오른쪽기대기
687,515,727,486,663,191,p6_왼쪽기대기
7,5,3,4,0,1,p0_앉지않음
734,716,726,636,519,531,p1_정자세
943,855,347,442,24,13,p2_앞으로숙이기
392,949,350,855,422,446,p3_오른다리꼬기
918,395,863,281,472,484,p4_왼다리꼬기
518,708,440,747,158,566,p5_오른쪽기대기
825,525,730,396,679,208,p6_왼쪽기대기
0,9,5,3,1,0,p0_앉지않음
729,713,640,713,444,476,p1_정자세
815,838,403,421,13,10,p2_앞으로숙이기
434,996,307,819,509,392,p3_오른다리꼬기
886,315,803,285,415,450,p4_왼다리꼬기
501,718,431,688,224,644,p5_오른쪽기대기
791,529,728,519,605,185,p6_왼쪽기대기
10,4,0,4,2,0,p0_앉지않음
766,664,666,638,448,457,p1_정자세
812,893,392,373,10,20,p2_앞으로숙이기
423,947,324,861,401,440,p3_오른다리꼬기
872,258,892,265,497,485,p4_왼다리꼬기
527,780,419,792,201,662,p5_오른쪽기대기
717,453,723,460,618,156,p6_왼쪽기대기
1,8,3,3,3,0,p0_앉지않음
663,661,730,749,530,531,p1_정자세
826,927,413,442,14,13,p2_앞으로숙이기
433,921,372,860,416,426,p3_오른다리꼬기
904,318,805,360,428,455,p4_왼다리꼬기
514,720,522,644,207,659,p5_오른쪽기대기
747,435,743,487,622,221,p6_왼쪽기대기
6,1,2,8,2,1,p0_앉지않음
657,674,627,607,430,545,p1_정자세
888,799,406,354,13,13,p2_앞으로숙이기
328,980,277,817,419,491,p3_오른다리꼬기
833,311,907,312,457,535,p4_왼다리꼬기
512,714,435,643,237,672,p5_오른쪽기대기
806,560,679,402,647,173,p6_왼쪽기대기
5,8,4,5,1,2,p0_앉지않음
666,590,673,699,517,474,p1_정자세
804,869,407,393,24,10,p2_앞으로숙이기
438,901,208,842,488,435,p3_오른다리꼬기
841,341,815,324,480,407,p4_왼다리꼬기
464,787,407,645,164,664,p5_오른쪽기대기
765,465,700,526,611,141,p6_왼쪽기대기
6,4,2,6,2,0,p0_앉지않음
667,815,679,683,546,500,p1_정자세
881,878,426,383,15,12,p2_앞으로숙이기
350,853,260,838,412,429,p3_오른다리꼬기
893,370,887,276,503,487,p4_왼다리꼬기
525,757,465,759,236,703,p5_오른쪽기대기
752,527,767,418,637,200,p6_왼쪽기대기
7,7,4,0,2,1,p0_앉지않음
625,636,666,718,501,508,p1_정자세
897,788,426,399,17,12,p2_앞으로숙이기
309,905,382,884,429,396,p3_오른다리꼬기
832,415,811,283,502,385,p4_왼다리꼬기
574,737,392,687,178,667,p5_오른쪽기대기
717,404,688,382,658,164,p6_왼쪽기대기
3,5,4,5,2,0,p0_앉지않음
696,533,662,634,460,512,p1_정자세
896,830,352,408,8,11,p2_앞으로숙이기
411,902,206,778,456,484,p3_오른다리꼬기
835,372,903,394,463,470,p4_왼다리꼬기
393,854,421,653,192,710,p5_오른쪽기대기
860,506,749,452,608,244,p6_왼쪽기대기
3,9,8,6,3,4,p0_앉지않음
691,659,556,762,482,545,p1_정자세
820,911,364,340,13,12,p2_앞으로숙이기
379,897,331,838,423,426,p3_오른다리꼬기
981,361,770,273,453,523,p4_왼다리꼬기
551,703,570,698,237,603,p5_오른쪽기대기
630,429,537,555,658,172,p6_왼쪽기대기
6,5,6,8,1,1,p0_앉지않음
741,740,655,758,482,464,p1_정자세
866,823,424,358,12,24,p2_앞으로숙이기
329,868,358,807,422,473,p3_오른다리꼬기
937,411,820,329,431,425,p4_왼다리꼬기
560,722,463,707,167,688,p5_오른쪽기대기
778,400,713,411,693,156,p6_왼쪽기대기
3,6,5,7,0,3,p0_앉지않음
726,767,693,649,448,477,p1_정자세
913,905,369,259,13,13,p2_앞으로숙이기
337,921,343,889,467,377,p3_오른다리꼬기
886,465,864,318,464,466,p4_왼다리꼬기
380,738,448,764,201,584,p5_오른쪽기대기
771,459,639,408,671,237,p6_왼쪽기대기
6,6,6,5,2,0,p0_앉지않음
705,647,708,642,501,439,p1_정자세
890,875,427,359,11,16,p2_앞으로숙이기
315,917,191,830,521,467,p3_오른다리꼬기
906,449,756,259,433,484,p4_왼다리꼬기
543,706,499,679,236,608,p5_오른쪽기대기
743,475,752,423,648,215,p6_왼쪽기대기
6,7,5,3,1,2,p0_앉지않음
712,692,650,574,526,507,p1_정자세
890,850,313,382,14,18,p2_앞으로숙이기
246,901,325,823,452,424,p3_오른다리꼬기
870,329,821,334,420,413,p4_왼다리꼬기
588,798,356,661,207,662,p5_오른쪽기대기
675,557,741,474,704,213,p6_왼쪽기대기
6,9,8,2,2,1,p0_앉지않음
725,723,580,643,510,482,p1_정자세
862,882,398,411,21,17,p2_앞으로숙이기
360,861,333,863,501,451,p3_오른다리꼬기
827,264,879,271,467,454,p4_왼다리꼬기
491,745,406,699,182,635,p5_오른쪽기대기
733,488,746,443,690,246,p6_왼쪽기대기
7,6,5,7,2,2,p0_앉지않음
730,682,694,654,495,480,p1_정자세
856,889,444,417,17,21,p2_앞으로숙이기
342,855,365,828,422,378,p3_오른다리꼬기
922,268,819,329,478,423,p4_왼다리꼬기
493,706,422,713,184,640,p5_오른쪽기대기
676,556,725,489,701,175,p6_왼쪽기대기
3,0,14,4,3,0,p0_앉지않음
749,792,646,599,494,410,p1_정자세
848,882,398,385,17,18,p2_앞으로숙이기
267,903,421,796,446,527,p3_오른다리꼬기
944,324,858,299,420,447,p4_왼다리꼬기
486,755,412,636,198,718,p5_오른쪽기대기
754,483,737,442,724,199,p6_왼쪽기대기
7,2,6,5,1,1,p0_앉지않음
668,714,681,643,511,498,p1_정자세
853,841,400,534,16,18,p2_앞으로숙이기
371,889,364,838,492,436,p3_오른다리꼬기
861,368,805,326,402,437,p4_왼다리꼬기
428,891,367,700,234,691,p5_오른쪽기대기
792,484,767,495,658,207,p6_왼쪽기대기
4,2,8,8,1,1,p0_앉지않음
692,698,653,697,470,466,p1_정자세
899,831,336,375,13,22,p2_앞으로숙이기
396,945,340,887,422,442,p3_오른다리꼬기
860,339,877,306,502,404,p4_왼다리꼬기
525,687,454,737,193,672,p5_오른쪽기대기
702,416,727,537,610,236,p6_왼쪽기대기
5,0,1,5,1,0,p0_앉지않음
615,657,659,649,479,508,p1_정자세
891,865,393,446,10,13,p2_앞으로숙이기
339,850,279,767,526,412,p3_오른다리꼬기
963,351,872,275,458,476,p4_왼다리꼬기
533,788,431,675,152,670,p5_오른쪽기대기
804,580,715,411,582,231,p6_왼쪽기대기
0,3,4,4,2,2,p0_앉지않음
579,700,538,686,477,413,p1_정자세
817,827,459,409,16,20,p2_앞으로숙이기
345,930,334,798,508,393,p3_오른다리꼬기
936,274,874,393,441,439,p4_왼다리꼬기
530,733,540,709,190,628,p5_오른쪽기대기
703,468,682,425,623,262,p6_왼쪽기대기
1,5,6,6,1,1,p0_앉지않음
722,713,637,571,481,454,p1_정자세
823,851,417,489,12,18,p2_앞으로숙이기
365,951,328,809,381,462,p3_오른다리꼬기
878,300,799,308,510,433,p4_왼다리꼬기
529,744,385,736,167,650,p5_오른쪽기대기
732,544,647,469,616,184,p6_왼쪽기대기
0,11,6,2,0,1,p0_앉지않음
735,605,642,738,454,503,p1_정자세
938,875,406,425,12,21,p2_앞으로숙이기
330,821,280,811,438,439,p3_오른다리꼬기
947,384,860,299,407,362,p4_왼다리꼬기
505,789,444,673,213,646,p5_오른쪽기대기
834,561,747,487,598,219,p6_왼쪽기대기
6,6,6,6,4,1,p0_앉지않음
746,676,689,696,514,566,p1_정자세
814,830,410,444,15,21,p2_앞으로숙이기
316,854,315,846,471,448,p3_오른다리꼬기
886,346,851,284,441,433,p4_왼다리꼬기
542,759,562,708,183,756,p5_오른쪽기대기
770,549,729,481,671,166,p6_왼쪽기대기
6,1,4,2,2,2,p0_앉지않음
724,714,619,636,536,542,p1_정자세
804,788,363,452,21,10,p2_앞으로숙이기
365,973,320,906,489,413,p3_오른다리꼬기
892,351,854,345,466,332,p4_왼다리꼬기
434,640,458,712,208,611,p5_오른쪽기대기
783,535,637,376,649,253,p6_왼쪽기대기
10,6,2,7,1,1,p0_앉지않음
592,705,618,654,408,506,p1_정자세
752,893,426,386,17,10,p2_앞으로숙이기
353,931,145,832,449,442,p3_오른다리꼬기
958,293,825,204,510,440,p4_왼다리꼬기
478,747,481,717,279,668,p5_오른쪽기대기
726,471,680,374,651,223,p6_왼쪽기대기
3,2,9,0,0,0,p0_앉지않음
622,719,631,639,546,472,p1_정자세
881,910,377,436,13,19,p2_앞으로숙이기
271,834,280,814,429,441,p3_오른다리꼬기
928,329,817,282,419,412,p4_왼다리꼬기
419,753,421,748,156,628,p5_오른쪽기대기
840,453,688,389,596,246,p6_왼쪽기대기
5,5,0,6,3,3,p0_앉지않음
733,643,665,683,428,455,p1_정자세
885,885,322,439,15,18,p2_앞으로숙이기
318,925,342,835,450,424,p3_오른다리꼬기
966,343,813,264,455,480,p4_왼다리꼬기
433,842,465,723,197,650,p5_오른쪽기대기
742,550,699,488,632,205,p6_왼쪽기대기
2,8,2,4,1,1,p0_앉지않음
736,684,719,609,506,468,p1_정자세
866,849,392,459,11,17,p2_앞으로숙이기
311,904,240,823,446,522,p3_오른다리꼬기
904,432,858,280,511,467,p4_왼다리꼬기
467,773,435,600,228,693,p5_오른쪽기대기
841,521,687,491,683,249,p6_왼쪽기대기
4,4,2,6,0,2,p0_앉지않음
729,729,656,726,534,475,p1_정자세
826,814,427,349,20,21,p2_앞으로숙이기
306,892,300,885,514,382,p3_오른다리꼬기
887,336,793,275,467,438,p4_왼다리꼬기
422,893,463,705,167,660,p5_오른쪽기대기
741,405,646,489,727,211,p6_왼쪽기대기
8,4,4,8,3,3,p0_앉지않음
646,696,663,637,515,532,p1_정자세
890,917,383,331,16,24,p2_앞으로숙이기
326,927,334,857,450,413,p3_오른다리꼬기
808,294,834,354,445,429,p4_왼다리꼬기
455,782,517,753,218,590,p5_오른쪽기대기
732,597,756,373,647,210,p6_왼쪽기대기
2,0,5,2,1,1,p0_앉지않음
693,699,605,638,429,512,p1_정자세
735,838,445,347,18,20,p2_앞으로숙이기
184,893,156,845,449,350,p3_오른다리꼬기
976,364,816,373,378,400,p4_왼다리꼬기
385,840,466,732,209,672,p5_오른쪽기대기
753,513,705,419,648,208,p6_왼쪽기대기
5,0,0,8,1,2,p0_앉지않음
645,626,607,638,473,551,p1_정자세
857,923,420,279,20,7,p2_앞으로숙이기
361,869,407,907,420,444,p3_오른다리꼬기
909,393,851,248,421,449,p4_왼다리꼬기
561,771,411,732,188,685,p5_오른쪽기대기
876,482,740,412,645,200,p6_왼쪽기대기
4,12,4,6,0,2,p0_앉지않음
757,673,524,648,500,528,p1_정자세
930,834,357,341,15,17,p2_앞으로숙이기
322,931,323,851,413,430,p3_오른다리꼬기
802,361,851,309,470,465,p4_왼다리꼬기
494,752,379,670,201,620,p5_오른쪽기대기
793,467,710,455,679,227,p6_왼쪽기대기
7,0,8,9,1,2,p0_앉지않음
655,602,613,622,485,461,p1_정자세
820,849,361,427,18,26,p2_앞으로숙이기
406,909,268,861,463,429,p3_오른다리꼬기
931,280,840,327,438,441,p4_왼다리꼬기
493,708,508,649,209,666,p5_오른쪽기대기
702,503,654,519,604,180,p6_왼쪽기대기
1,0,9,6,2,1,p0_앉지않음
745,658,689,606,474,530,p1_정자세
884,873,347,377,15,10,p2_앞으로숙이기
418,803,261,829,336,394,p3_오른다리꼬기
925,351,912,377,467,462,p4_왼다리꼬기
503,617,380,705,218,661,p5_오른쪽기대기
705,546,774,496,689,183,p6_왼쪽기대기
8,5,6,6,1,1,p0_앉지않음
695,749,627,694,529,488,p1_정자세
905,835,475,421,14,10,p2_앞으로숙이기
345,891,237,841,417,473,p3_오른다리꼬기
952,288,918,293,410,480,p4_왼다리꼬기
477,745,429,659,221,638,p5_오른쪽기대기
678,527,639,392,697,164,p6_왼쪽기대기
0,6,4,4,1,2,p0_앉지않음
662,773,576,672,525,469,p1_정자세
809,890,350,369,19,15,p2_앞으로숙이기
260,969,273,833,460,475,p3_오른다리꼬기
978,266,883,337,444,481,p4_왼다리꼬기
546,680,537,622,165,639,p5_오른쪽기대기
846,484,698,521,637,164,p6_왼쪽기대기
3,9,5,10,2,1,p0_앉지않음
702,657,616,873,540,534,p1_정자세
825,912,454,494,24,7,p2_앞으로숙이기
294,859,252,862,427,532,p3_오른다리꼬기
976,349,928,374,431,369,p4_왼다리꼬기
489,717,460,704,201,670,p5_오른쪽기대기
689,520,678,459,688,163,p6_왼쪽기대기
4,4,3,7,1,1,p0_앉지않음
664,754,625,673,579,497,p1_정자세
894,916,451,399,18,8,p2_앞으로숙이기
310,875,412,817,416,408,p3_오른다리꼬기
922,357,893,333,394,417,p4_왼다리꼬기
568,739,509,692,170,637,p5_오른쪽기대기
701,471,710,475,586,199,p6_왼쪽기대기
3,3,5,3,3,3,p0_앉지않음
759,675,601,654,493,475,p1_정자세
802,848,379,434,18,20,p2_앞으로숙이기
287,916,263,801,432,492,p3_오른다리꼬기
885,428,871,280,496,467,p4_왼다리꼬기
453,842,462,700,174,697,p5_오른쪽기대기
775,531,674,491,686,179,p6_왼쪽기대기
0,6,0,5,1,3,p0_앉지않음
680,755,624,699,582,457,p1_정자세
861,959,403,403,18,15,p2_앞으로숙이기
264,945,199,833,498,435,p3_오른다리꼬기
872,393,815,238,460,442,p4_왼다리꼬기
437,781,473,682,191,668,p5_오른쪽기대기
809,485,732,478,685,201,p6_왼쪽기대기
2,3,6,10,1,2,p0_앉지않음
683,705,725,688,450,477,p1_정자세
900,855,342,359,18,19,p2_앞으로숙이기
350,999,341,840,417,411,p3_오른다리꼬기
913,325,916,373,475,402,p4_왼다리꼬기
466,812,421,756,214,652,p5_오른쪽기대기
714,495,709,501,614,192,p6_왼쪽기대기
5,6,2,1,2,0,p0_앉지않음
764,692,572,625,515,478,p1_정자세
850,879,389,353,13,22,p2_앞으로숙이기
434,819,354,860,486,427,p3_오른다리꼬기
829,379,812,230,397,474,p4_왼다리꼬기
506,789,483,678,197,629,p5_오른쪽기대기
739,451,719,503,617,238,p6_왼쪽기대기
5,5,0,0,2,2,p0_앉지않음
666,783,686,604,501,599,p1_정자세
800,871,383,435,21,13,p2_앞으로숙이기
405,988,303,881,426,450,p3_오른다리꼬기
892,389,898,294,511,511,p4_왼다리꼬기
542,724,419,659,228,601,p5_오른쪽기대기
783,445,741,450,703,234,p6_왼쪽기대기
9,9,5,1,0,0,p0_앉지않음
645,703,622,640,519,487,p1_정자세
805,847,355,386,21,13,p2_앞으로숙이기
438,957,271,805,447,496,p3_오른다리꼬기
880,395,898,261,422,478,p4_왼다리꼬기
507,715,432,696,153,680,p5_오른쪽기대기
726,360,698,412,717,182,p6_왼쪽기대기
1,6,3,2,2,0,p0_앉지않음
627,786,678,636,499,520,p1_정자세
888,819,418,374,14,15,p2_앞으로숙이기
349,929,324,789,395,435,p3_오른다리꼬기
973,307,841,273,427,457,p4_왼다리꼬기
570,772,409,837,202,626,p5_오른쪽기대기
820,476,783,406,707,206,p6_왼쪽기대기
8,10,1,8,0,0,p0_앉지않음
659,725,651,641,505,523,p1_정자세
876,893,491,398,12,18,p2_앞으로숙이기
292,872,349,845,401,390,p3_오른다리꼬기
901,407,895,305,530,445,p4_왼다리꼬기
493,621,427,742,246,616,p5_오른쪽기대기
773,552,700,335,659,222,p6_왼쪽기대기
2,4,1,0,3,1,p0_앉지않음
779,742,632,645,522,538,p1_정자세
862,894,385,350,14,16,p2_앞으로숙이기
289,846,322,833,443,435,p3_오른다리꼬기
960,413,800,273,484,474,p4_왼다리꼬기
497,693,415,674,208,718,p5_오른쪽기대기
715,448,694,501,592,243,p6_왼쪽기대기
4,2,0,7,1,2,p0_앉지않음
654,684,625,644,473,438,p1_정자세
959,795,409,311,5,15,p2_앞으로숙이기
358,950,319,844,412,509,p3_오른다리꼬기
937,287,851,307,436,480,p4_왼다리꼬기
541,740,435,774,227,652,p5_오른쪽기대기
668,517,734,312,660,187,p6_왼쪽기대기
4,2,4,9,1,2,p0_앉지않음
659,737,650,667,500,525,p1_정자세
747,793,420,297,12,14,p2_앞으로숙이기
308,872,313,890,411,426,p3_오른다리꼬기
870,228,855,346,490,415,p4_왼다리꼬기
437,751,491,707,208,695,p5_오른쪽기대기
713,489,781,440,599,179,p6_왼쪽기대기
2,6,2,5,1,0,p0_앉지않음
715,707,675,616,468,516,p1_정자세
910,850,421,383,7,19,p2_앞으로숙이기
395,928,290,873,485,514,p3_오른다리꼬기
939,353,797,307,460,478,p4_왼다리꼬기
567,745,555,612,212,618,p5_오른쪽기대기
654,489,627,441,651,233,p6_왼쪽기대기
0,7,5,8,1,0,p0_앉지않음
639,635,673,723,477,525,p1_정자세
789,857,433,327,13,18,p2_앞으로숙이기
203,953,317,878,433,381,p3_오른다리꼬기
921,345,851,354,480,526,p4_왼다리꼬기
507,715,440,720,230,591,p5_오른쪽기대기
750,580,687,496,669,228,p6_왼쪽기대기
2,2,5,0,1,2,p0_앉지않음
789,720,681,708,461,493,p1_정자세
947,846,455,448,7,16,p2_앞으로숙이기
357,913,262,805,430,446,p3_오른다리꼬기
947,440,905,343,409,433,p4_왼다리꼬기
510,718,478,736,216,691,p5_오른쪽기대기
704,546,665,402,671,236,p6_왼쪽기대기
6,5,5,5,0,0,p0_앉지않음
696,703,650,683,491,522,p1_정자세
844,922,404,517,16,13,p2_앞으로숙이기
305,842,250,814,465,428,p3_오른다리꼬기
907,414,846,403,402,443,p4_왼다리꼬기
473,796,338,627,196,712,p5_오른쪽기대기
761,432,640,533,625,171,p6_왼쪽기대기
9,8,8,2,0,2,p0_앉지않음
716,718,723,563,534,456,p1_정자세
884,831,359,369,7,15,p2_앞으로숙이기
311,931,332,917,464,470,p3_오른다리꼬기
956,318,790,310,393,548,p4_왼다리꼬기
572,858,453,727,186,685,p5_오른쪽기대기
689,372,660,377,709,254,p6_왼쪽기대기
0,8,7,0,1,1,p0_앉지않음
737,638,645,615,518,491,p1_정자세
828,841,501,379,9,17,p2_앞으로숙이기
342,843,411,835,434,456,p3_오른다리꼬기
969,266,861,404,455,400,p4_왼다리꼬기
469,760,516,683,224,592,p5_오른쪽기대기
677,475,771,453,661,208,p6_왼쪽기대기
8,3,7,2,3,1,p0_앉지않음
655,727,653,666,509,456,p1_정자세
914,885,467,373,17,15,p2_앞으로숙이기
406,946,309,789,521,472,p3_오른다리꼬기
875,370,789,352,391,441,p4_왼다리꼬기
512,801,455,731,199,648,p5_오른쪽기대기
754,490,615,411,659,192,p6_왼쪽기대기
4,4,2,3,1,2,p0_앉지않음
719,690,598,580,603,454,p1_정자세
829,870,418,426,12,16,p2_앞으로숙이기
353,887,312,892,449,449,p3_오른다리꼬기
942,398,913,212,486,474,p4_왼다리꼬기
455,762,502,658,213,684,p5_오른쪽기대기
696,492,715,410,614,195,p6_왼쪽기대기
7,6,2,6,1,0,p0_앉지않음
681,756,682,649,483,484,p1_정자세
854,807,382,389,8,10,p2_앞으로숙이기
370,900,284,813,513,416,p3_오른다리꼬기
910,325,851,322,395,449,p4_왼다리꼬기
559,838,443,702,266,695,p5_오른쪽기대기
719,469,747,399,693,210,p6_왼쪽기대기
6,4,3,9,1,1,p0_앉지않음
695,709,598,621,475,533,p1_정자세
814,779,301,326,21,15,p2_앞으로숙이기
375,921,302,847,491,455,p3_오른다리꼬기
955,381,825,275,420,498,p4_왼다리꼬기
479,710,465,695,208,725,p5_오른쪽기대기
795,501,629,425,678,164,p6_왼쪽기대기
11,5,5,3,2,0,p0_앉지않음
808,765,699,580,508,548,p1_정자세
873,809,367,377,11,22,p2_앞으로숙이기
253,926,235,811,369,428,p3_오른다리꼬기
960,363,802,350,499,454,p4_왼다리꼬기
601,791,484,659,218,658,p5_오른쪽기대기
775,465,706,409,564,229,p6_왼쪽기대기
0,5,5,5,1,2,p0_앉지않음
723,736,736,661,502,463,p1_정자세
867,876,390,427,13,18,p2_앞으로숙이기
395,935,305,808,425,473,p3_오른다리꼬기
997,332,868,272,411,422,p4_왼다리꼬기
395,817,338,686,164,614,p5_오른쪽기대기
818,510,651,420,619,198,p6_왼쪽기대기
5,10,0,4,1,2,p0_앉지않음
717,729,667,603,548,531,p1_정자세
886,900,420,474,16,13,p2_앞으로숙이기
349,899,274,915,461,453,p3_오른다리꼬기
915,498,804,257,394,440,p4_왼다리꼬기
512,726,423,707,184,662,p5_오른쪽기대기
805,533,744,504,661,195,p6_왼쪽기대기
2,3,3,7,2,2,p0_앉지않음
641,771,628,594,482,599,p1_정자세
834,836,390,392,11,15,p2_앞으로숙이기
403,912,244,836,427,452,p3_오른다리꼬기
953,342,846,388,485,472,p4_왼다리꼬기
597,774,350,741,152,668,p5_오른쪽기대기
664,476,681,411,636,230,p6_왼쪽기대기
2,6,2,4,2,1,p0_앉지않음
634,724,706,646,481,506,p1_정자세
852,859,273,346,10,15,p2_앞으로숙이기
359,925,312,797,507,500,p3_오른다리꼬기
849,366,826,306,492,535,p4_왼다리꼬기
537,764,433,709,240,648,p5_오른쪽기대기
705,419,725,462,624,230,p6_왼쪽기대기
3,4,4,3,2,3,p0_앉지않음
642,724,658,657,534,501,p1_정자세
869,878,374,414,13,14,p2_앞으로숙이기
333,918,304,865,449,385,p3_오른다리꼬기
901,353,859,270,402,474,p4_왼다리꼬기
486,758,435,699,186,611,p5_오른쪽기대기
773,469,708,470,626,163,p6_왼쪽기대기
12,3,6,10,2,1,p0_앉지않음
696,658,694,678,479,458,p1_정자세
797,889,406,410,10,7,p2_앞으로숙이기
398,901,345,834,440,478,p3_오른다리꼬기
929,389,838,330,494,445,p4_왼다리꼬기
474,817,417,731,198,576,p5_오른쪽기대기
806,362,600,476,671,180,p6_왼쪽기대기
5,0,7,5,1,2,p0_앉지않음
724,698,556,759,548,448,p1_정자세
836,840,453,292,12,6,p2_앞으로숙이기
335,881,303,825,419,474,p3_오른다리꼬기
918,377,842,271,445,470,p4_왼다리꼬기
391,769,465,703,195,547,p5_오른쪽기대기
728,589,700,434,650,210,p6_왼쪽기대기
6,4,6,10,3,4,p0_앉지않음
667,783,610,667,529,479,p1_정자세
853,886,364,483,8,24,p2_앞으로숙이기
400,896,279,829,444,448,p3_오른다리꼬기
950,448,857,257,428,442,p4_왼다리꼬기
448,691,554,715,175,682,p5_오른쪽기대기
691,445,659,532,639,126,p6_왼쪽기대기
8,4,0,4,2,2,p0_앉지않음
789,657,652,615,438,535,p1_정자세
868,861,421,365,9,15,p2_앞으로숙이기
408,964,339,851,460,450,p3_오른다리꼬기
858,351,796,293,515,482,p4_왼다리꼬기
453,746,408,696,231,676,p5_오른쪽기대기
874,559,710,483,641,166,p6_왼쪽기대기
8,8,4,5,3,2,p0_앉지않음
626,712,641,705,541,552,p1_정자세
805,818,455,370,7,17,p2_앞으로숙이기
322,971,314,856,435,513,p3_오른다리꼬기
914,329,818,296,410,491,p4_왼다리꼬기
409,743,480,717,178,676,p5_오른쪽기대기
705,498,732,473,622,235,p6_왼쪽기대기
5,7,9,8,3,2,p0_앉지않음
739,710,589,665,510,523,p1_정자세
844,819,432,334,22,13,p2_앞으로숙이기
362,922,329,793,482,462,p3_오른다리꼬기
874,312,836,235,518,509,p4_왼다리꼬기
522,738,440,737,252,627,p5_오른쪽기대기
694,577,610,399,640,153,p6_왼쪽기대기
8,7,3,8,3,1,p0_앉지않음
677,812,686,662,554,512,p1_정자세
829,853,451,300,13,21,p2_앞으로숙이기
324,961,370,847,427,438,p3_오른다리꼬기
1006,443,855,269,454,459,p4_왼다리꼬기
437,754,516,610,224,704,p5_오른쪽기대기
721,584,665,472,637,190,p6_왼쪽기대기
3,7,7,4,0,2,p0_앉지않음
721,689,743,571,411,470,p1_정자세
878,807,350,447,17,16,p2_앞으로숙이기
389,882,281,882,396,364,p3_오른다리꼬기
882,396,860,342,369,462,p4_왼다리꼬기
532,682,493,694,292,562,p5_오른쪽기대기
818,480,619,423,661,231,p6_왼쪽기대기
10,9,2,8,2,1,p0_앉지않음
689,664,651,613,458,519,p1_정자세
875,842,468,386,13,18,p2_앞으로숙이기
343,903,173,850,376,401,p3_오른다리꼬기
846,297,828,275,476,458,p4_왼다리꼬기
404,754,465,683,198,657,p5_오른쪽기대기
788,421,687,525,706,225,p6_왼쪽기대기
6,9,10,4,1,1,p0_앉지않음
854,621,626,579,504,451,p1_정자세
845,771,430,461,13,14,p2_앞으로숙이기
341,907,298,880,499,417,p3_오른다리꼬기
887,395,793,201,459,469,p4_왼다리꼬기
463,721,411,656,220,602,p5_오른쪽기대기
736,454,627,493,629,205,p6_왼쪽기대기
0,2,7,12,0,1,p0_앉지않음
720,669,692,606,506,479,p1_정자세
898,822,382,447,9,15,p2_앞으로숙이기
258,856,319,810,428,469,p3_오른다리꼬기
876,391,858,321,499,462,p4_왼다리꼬기
576,795,423,764,207,634,p5_오른쪽기대기
763,555,722,541,693,215,p6_왼쪽기대기
1,4,5,7,2,2,p0_앉지않음
706,736,607,734,418,558,p1_정자세
848,890,418,417,17,19,p2_앞으로숙이기
333,941,245,849,483,489,p3_오른다리꼬기
918,330,885,266,520,446,p4_왼다리꼬기
423,690,452,706,259,608,p5_오른쪽기대기
751,447,675,534,604,217,p6_왼쪽기대기
6,4,6,1,3,3,p0_앉지않음
702,821,630,670,557,481,p1_정자세
794,785,503,373,14,9,p2_앞으로숙이기
397,868,275,861,407,442,p3_오른다리꼬기
956,371,855,310,434,529,p4_왼다리꼬기
459,760,455,750,233,648,p5_오른쪽기대기
764,516,586,370,625,183,p6_왼쪽기대기
1,7,5,4,0,1,p0_앉지않음
568,691,653,662,437,508,p1_정자세
808,817,435,500,15,10,p2_앞으로숙이기
359,937,331,959,421,460,p3_오른다리꼬기
961,424,771,299,509,565,p4_왼다리꼬기
535,731,399,810,221,616,p5_오른쪽기대기
739,515,727,405,625,150,p6_왼쪽기대기
8,3,6,9,2,1,p0_앉지않음
709,703,712,665,478,541,p1_정자세
899,796,476,418,16,20,p2_앞으로숙이기
321,938,281,791,410,472,p3_오른다리꼬기
862,430,897,366,454,460,p4_왼다리꼬기
440,799,468,728,250,625,p5_오른쪽기대기
743,516,653,440,669,190,p6_왼쪽기대기
8,0,8,6,1,1,p0_앉지않음
595,660,702,647,546,475,p1_정자세
878,821,351,394,11,7,p2_앞으로숙이기
340,904,363,887,498,478,p3_오른다리꼬기
913,288,855,329,508,477,p4_왼다리꼬기
562,698,433,721,234,644,p5_오른쪽기대기
745,534,643,530,614,142,p6_왼쪽기대기
5,10,6,7,2,1,p0_앉지않음
622,587,659,715,513,524,p1_정자세
913,863,393,359,25,17,p2_앞으로숙이기
302,853,362,808,524,339,p3_오른다리꼬기
956,374,854,291,525,478,p4_왼다리꼬기
454,664,458,699,154,647,p5_오른쪽기대기
721,500,736,524,686,178,p6_왼쪽기대기
6,5,1,6,3,2,p0_앉지않음
620,701,589,693,520,493,p1_정자세
836,841,400,361,8,20,p2_앞으로숙이기
330,906,314,862,403,382,p3_오른다리꼬기
876,369,820,282,535,376,p4_왼다리꼬기
462,844,447,664,235,652,p5_오른쪽기대기
732,509,667,399,645,169,p6_왼쪽기대기
5,6,7,8,1,2,p0_앉지않음
724,716,626,598,520,431,p1_정자세
839,747,333,356,20,18,p2_앞으로숙이기
322,929,344,843,394,441,p3_오른다리꼬기
896,288,864,313,467,461,p4_왼다리꼬기
536,741,460,680,182,703,p5_오른쪽기대기
647,543,668,412,660,155,p6_왼쪽기대기
2,2,4,2,3,3,p0_앉지않음
598,727,692,677,473,490,p1_정자세
820,833,339,394,7,13,p2_앞으로숙이기
287,908,266,861,493,513,p3_오른다리꼬기
798,308,837,323,383,410,p4_왼다리꼬기
506,754,468,722,210,657,p5_오른쪽기대기
752,533,588,527,561,167,p6_왼쪽기대기
4,7,0,4,2,2,p0_앉지않음
665,684,619,630,458,464,p1_정자세
867,855,424,410,18,19,p2_앞으로숙이기
262,865,288,849,423,486,p3_오른다리꼬기
979,359,853,342,375,451,p4_왼다리꼬기
548,717,388,690,198,613,p5_오른쪽기대기
854,476,642,445,686,200,p6_왼쪽기대기
6,2,9,6,3,2,p0_앉지않음
741,656,625,717,562,454,p1_정자세
859,832,365,414,20,17,p2_앞으로숙이기
334,920,282,866,505,366,p3_오른다리꼬기
931,273,899,268,401,477,p4_왼다리꼬기
518,700,387,690,163,607,p5_오른쪽기대기
755,451,721,524,644,203,p6_왼쪽기대기
11,1,8,8,2,3,p0_앉지않음
714,670,704,706,544,501,p1_정자세
821,857,447,451,12,16,p2_앞으로숙이기
284,939,260,881,404,491,p3_오른다리꼬기
912,310,877,270,479,439,p4_왼다리꼬기
413,700,428,768,227,714,p5_오른쪽기대기
832,473,690,429,623,144,p6_왼쪽기대기
4,1,4,11,1,2,p0_앉지않음
745,714,664,631,490,461,p1_정자세
883,780,448,329,19,13,p2_앞으로숙이기
288,923,346,832,478,358,p3_오른다리꼬기
847,414,841,206,422,413,p4_왼다리꼬기
491,731,458,696,240,666,p5_오른쪽기대기
772,558,680,386,698,204,p6_왼쪽기대기
5,3,3,7,2,2,p0_앉지않음
739,728,656,641,548,485,p1_정자세
864,817,367,388,10,18,p2_앞으로숙이기
282,903,306,777,432,460,p3_오른다리꼬기
917,339,877,294,450,460,p4_왼다리꼬기
546,716,425,666,190,707,p5_오른쪽기대기
778,443,669,468,613,178,p6_왼쪽기대기
9,3,7,8,1,1,p0_앉지않음
686,645,656,639,514,555,p1_정자세
882,869,301,422,23,0,p2_앞으로숙이기
384,893,257,882,518,481,p3_오른다리꼬기
885,302,855,343,434,438,p4_왼다리꼬기
641,803,507,626,178,652,p5_오른쪽기대기
699,580,770,423,721,199,p6_왼쪽기대기
12,5,6,9,3,2,p0_앉지않음
692,725,609,657,455,428,p1_정자세
852,900,446,395,23,12,p2_앞으로숙이기
254,812,240,882,424,468,p3_오른다리꼬기
965,294,869,326,415,504,p4_왼다리꼬기
485,730,555,726,227,704,p5_오른쪽기대기
717,562,674,422,639,181,p6_왼쪽기대기
7,5,3,7,1,1,p0_앉지않음
702,723,669,631,533,491,p1_정자세
823,791,449,400,16,20,p2_앞으로숙이기
326,845,303,862,439,508,p3_오른다리꼬기
800,406,881,322,316,501,p4_왼다리꼬기
448,724,441,720,219,685,p5_오른쪽기대기
790,512,720,395,619,226,p6_왼쪽기대기
7,7,3,7,0,3,p0_앉지않음
686,784,573,738,485,484,p1_정자세
857,822,396,363,11,17,p2_앞으로숙이기
304,869,231,829,502,416,p3_오른다리꼬기
870,359,835,411,443,463,p4_왼다리꼬기
547,796,461,691,260,646,p5_오른쪽기대기
727,467,613,491,556,199,p6_왼쪽기대기
4,11,0,2,1,1,p0_앉지않음
672,695,587,667,407,498,p1_정자세
825,890,487,383,21,13,p2_앞으로숙이기
301,969,326,850,477,460,p3_오른다리꼬기
897,283,839,331,445,486,p4_왼다리꼬기
519,706,384,692,184,663,p5_오른쪽기대기
714,469,752,457,621,200,p6_왼쪽기대기
9,5,6,2,3,4,p0_앉지않음
660,640,658,693,496,457,p1_정자세
845,873,379,430,20,16,p2_앞으로숙이기
348,933,257,811,439,430,p3_오른다리꼬기
867,441,936,282,453,442,p4_왼다리꼬기
555,815,361,723,160,720,p5_오른쪽기대기
772,458,687,435,671,231,p6_왼쪽기대기
1,10,9,2,2,3,p0_앉지않음
761,683,690,799,504,474,p1_정자세
856,859,373,422,8,11,p2_앞으로숙이기
387,829,345,769,380,430,p3_오른다리꼬기
911,416,852,287,473,415,p4_왼다리꼬기
506,690,454,693,175,656,p5_오른쪽기대기
757,558,619,446,619,226,p6_왼쪽기대기
7,6,2,7,0,0,p0_앉지않음
636,698,683,501,552,505,p1_정자세
787,854,454,429,20,8,p2_앞으로숙이기
329,863,385,875,563,431,p3_오른다리꼬기
871,342,905,281,454,453,p4_왼다리꼬기
501,717,443,690,199,687,p5_오른쪽기대기
838,457,680,408,657,183,p6_왼쪽기대기
5,8,0,6,1,2,p0_앉지않음
655,759,695,678,531,470,p1_정자세
825,880,361,472,13,17,p2_앞으로숙이기
454,871,303,892,488,436,p3_오른다리꼬기
879,338,907,286,453,432,p4_왼다리꼬기
535,757,399,651,140,616,p5_오른쪽기대기
789,566,734,477,644,223,p6_왼쪽기대기
5,10,4,9,2,2,p0_앉지않음
599,746,643,627,440,499,p1_정자세
851,797,326,424,19,15,p2_앞으로숙이기
407,896,297,813,387,524,p3_오른다리꼬기
945,280,856,294,439,433,p4_왼다리꼬기
519,790,470,693,195,687,p5_오른쪽기대기
773,503,698,467,631,224,p6_왼쪽기대기
1,3,6,1,0,2,p0_앉지않음
615,635,687,639,551,451,p1_정자세
846,865,341,451,17,6,p2_앞으로숙이기
348,915,270,790,461,538,p3_오른다리꼬기
884,428,819,310,480,449,p4_왼다리꼬기
485,786,544,715,184,642,p5_오른쪽기대기
875,506,670,392,576,210,p6_왼쪽기대기
6,3,4,1,2,2,p0_앉지않음
673,784,608,664,533,496,p1_정자세
842,792,467,391,17,18,p2_앞으로숙이기
318,892,366,805,535,420,p3_오른다리꼬기
852,356,938,204,444,469,p4_왼다리꼬기
501,769,414,670,195,604,p5_오른쪽기대기
747,480,676,466,577,193,p6_왼쪽기대기
11,1,8,5,1,0,p0_앉지않음
706,772,630,645,540,513,p1_정자세
787,853,475,398,1,16,p2_앞으로숙이기
340,826,216,889,420,413,p3_오른다리꼬기
898,317,854,289,402,429,p4_왼다리꼬기
522,752,445,796,221,684,p5_오른쪽기대기
741,511,678,488,645,206,p6_왼쪽기대기
5,4,13,3,1,2,p0_앉지않음
670,685,595,674,520,487,p1_정자세
878,775,364,391,9,6,p2_앞으로숙이기
334,927,364,828,479,475,p3_오른다리꼬기
948,332,778,303,409,421,p4_왼다리꼬기
484,733,457,735,188,665,p5_오른쪽기대기
750,546,690,446,635,195,p6_왼쪽기대기
2,2,7,1,1,3,p0_앉지않음
682,741,620,597,436,552,p1_정자세
804,879,350,465,26,6,p2_앞으로숙이기
295,930,325,881,427,529,p3_오른다리꼬기
904,289,839,239,513,423,p4_왼다리꼬기
524,726,419,604,217,701,p5_오른쪽기대기
704,422,740,367,698,172,p6_왼쪽기대기
1,5,1,2,2,0,p0_앉지않음
782,702,585,599,539,524,p1_정자세
905,822,414,421,18,20,p2_앞으로숙이기
314,895,269,847,477,383,p3_오른다리꼬기
944,293,837,362,463,463,p4_왼다리꼬기
440,697,497,670,185,688,p5_오른쪽기대기
697,513,702,449,629,182,p6_왼쪽기대기
1,6,2,7,1,0,p0_앉지않음
688,679,700,631,488,556,p1_정자세
870,916,462,355,19,22,p2_앞으로숙이기
426,939,348,837,416,435,p3_오른다리꼬기
833,417,838,364,400,493,p4_왼다리꼬기
475,685,531,755,206,651,p5_오른쪽기대기
771,509,660,429,728,280,p6_왼쪽기대기
9,6,3,2,1,1,p0_앉지않음
807,790,687,601,535,490,p1_정자세
763,861,357,359,13,12,p2_앞으로숙이기
348,896,206,910,410,411,p3_오른다리꼬기
886,344,908,313,472,460,p4_왼다리꼬기
511,765,353,687,234,807,p5_오른쪽기대기
689,521,671,552,595,218,p6_왼쪽기대기
0,4,4,8,0,2,p0_앉지않음
700,713,697,585,532,477,p1_정자세
893,863,389,370,19,21,p2_앞으로숙이기
323,854,334,792,397,407,p3_오른다리꼬기
883,283,772,243,475,399,p4_왼다리꼬기
482,847,447,717,171,736,p5_오른쪽기대기
722,488,765,440,651,191,p6_왼쪽기대기
4,6,6,3,1,1,p0_앉지않음
629,620,664,696,534,404,p1_정자세
840,805,407,379,17,14,p2_앞으로숙이기
255,861,300,853,393,388,p3_오른다리꼬기
902,279,783,277,430,414,p4_왼다리꼬기
464,750,413,703,188,656,p5_오른쪽기대기
793,541,764,491,659,186,p6_왼쪽기대기
3,2,5,7,1,1,p0_앉지않음
666,710,622,613,472,520,p1_정자세
846,832,413,379,20,10,p2_앞으로숙이기
340,843,282,782,479,480,p3_오른다리꼬기
931,351,814,259,511,507,p4_왼다리꼬기
506,724,518,665,206,704,p5_오른쪽기대기
708,541,726,448,610,178,p6_왼쪽기대기
5,0,5,6,2,0,p0_앉지않음
765,784,670,598,486,498,p1_정자세
860,850,414,395,16,12,p2_앞으로숙이기
333,876,395,908,472,503,p3_오른다리꼬기
931,359,789,286,436,404,p4_왼다리꼬기
425,774,466,641,177,696,p5_오른쪽기대기
706,508,690,475,615,202,p6_왼쪽기대기
5,5,5,6,4,4,p0_앉지않음
668,584,679,659,542,511,p1_정자세
852,895,463,330,10,14,p2_앞으로숙이기
354,890,321,889,518,473,p3_오른다리꼬기
865,342,846,325,465,532,p4_왼다리꼬기
476,769,567,670,204,612,p5_오른쪽기대기
754,460,752,457,612,225,p6_왼쪽기대기
5,7,1,6,2,1,p0_앉지않음
637,697,711,706,482,448,p1_정자세
832,831,422,394,11,20,p2_앞으로숙이기
357,917,213,753,392,430,p3_오른다리꼬기
923,232,913,308,504,414,p4_왼다리꼬기
525,754,490,688,214,694,p5_오른쪽기대기
717,512,605,485,728,162,p6_왼쪽기대기
4,7,5,5,1,1,p0_앉지않음
695,702,590,646,562,483,p1_정자세
800,843,364,333,15,11,p2_앞으로숙이기
318,906,223,780,476,372,p3_오른다리꼬기
860,260,830,321,454,545,p4_왼다리꼬기
554,703,390,835,231,673,p5_오른쪽기대기
753,513,625,457,652,172,p6_왼쪽기대기
3,9,4,11,0,1,p0_앉지않음
622,639,608,665,510,472,p1_정자세
760,909,385,344,16,16,p2_앞으로숙이기
333,905,242,880,410,425,p3_오른다리꼬기
925,410,913,352,437,388,p4_왼다리꼬기
570,818,416,746,190,710,p5_오른쪽기대기
724,598,739,539,631,212,p6_왼쪽기대기
2,7,7,12,2,2,p0_앉지않음
676,727,631,655,506,485,p1_정자세
852,834,381,453,15,16,p2_앞으로숙이기
277,916,326,834,533,358,p3_오른다리꼬기
931,385,871,308,472,484,p4_왼다리꼬기
463,764,440,645,221,627,p5_오른쪽기대기
675,473,660,501,656,241,p6_왼쪽기대기
3,7,13,6,2,2,p0_앉지않음
628,729,665,637,464,527,p1_정자세
811,935,405,338,12,13,p2_앞으로숙이기
470,864,294,828,469,429,p3_오른다리꼬기
854,340,838,270,428,497,p4_왼다리꼬기
484,693,426,702,159,715,p5_오른쪽기대기
793,571,719,345,711,174,p6_왼쪽기대기
2,5,9,8,2,1,p0_앉지않음
683,717,643,694,533,523,p1_정자세
748,855,394,408,11,8,p2_앞으로숙이기
373,885,328,823,506,490,p3_오른다리꼬기
911,339,884,319,459,491,p4_왼다리꼬기
571,687,397,660,154,647,p5_오른쪽기대기
780,498,673,506,655,210,p6_왼쪽기대기
8,4,11,3,3,1,p0_앉지않음
725,667,705,626,511,473,p1_정자세
887,823,484,350,8,19,p2_앞으로숙이기
320,899,283,797,446,500,p3_오른다리꼬기
940,361,894,247,436,465,p4_왼다리꼬기
493,737,389,595,224,659,p5_오른쪽기대기
795,478,664,450,684,193,p6_왼쪽기대기
7,1,4,4,3,2,p0_앉지않음
787,632,656,658,524,467,p1_정자세
917,850,345,399,13,28,p2_앞으로숙이기
402,901,294,888,489,333,p3_오른다리꼬기
925,351,797,344,539,472,p4_왼다리꼬기
555,840,408,607,219,640,p5_오른쪽기대기
681,496,736,442,618,193,p6_왼쪽기대기
4,0,4,0,2,0,p0_앉지않음
750,679,622,664,465,511,p1_정자세
820,827,420,343,8,16,p2_앞으로숙이기
348,906,316,852,474,453,p3_오른다리꼬기
819,262,927,300,488,436,p4_왼다리꼬기
497,727,573,712,183,583,p5_오른쪽기대기
848,491,737,492,631,220,p6_왼쪽기대기
3,2,8,4,2,2,p0_앉지않음
731,622,620,633,466,517,p1_정자세
897,903,383,414,17,18,p2_앞으로숙이기
306,972,346,888,498,471,p3_오른다리꼬기
858,343,783,320,443,448,p4_왼다리꼬기
560,727,437,701,144,639,p5_오른쪽기대기
625,470,742,472,626,201,p6_왼쪽기대기
1,4,13,10,2,2,p0_앉지않음
651,659,668,623,536,562,p1_정자세
863,854,315,437,9,12,p2_앞으로숙이기
397,941,276,833,422,402,p3_오른다리꼬기
874,269,877,319,472,411,p4_왼다리꼬기
440,752,453,692,191,718,p5_오른쪽기대기
771,598,763,535,607,217,p6_왼쪽기대기
3,0,9,4,0,1,p0_앉지않음
660,665,638,736,473,566,p1_정자세
883,865,437,400,21,17,p2_앞으로숙이기
266,911,339,838,455,425,p3_오른다리꼬기
844,272,788,333,350,423,p4_왼다리꼬기
461,735,357,720,161,695,p5_오른쪽기대기
718,495,700,462,651,187,p6_왼쪽기대기
6,6,2,6,3,2,p0_앉지않음
746,708,603,609,512,537,p1_정자세
961,889,341,361,26,13,p2_앞으로숙이기
352,861,378,870,419,410,p3_오른다리꼬기
912,352,883,327,439,428,p4_왼다리꼬기
492,722,443,700,173,675,p5_오른쪽기대기
731,457,682,462,653,212,p6_왼쪽기대기
7,8,5,1,1,0,p0_앉지않음
784,799,682,692,510,514,p1_정자세
786,847,355,414,14,24,p2_앞으로숙이기
395,911,286,917,448,463,p3_오른다리꼬기
901,329,851,201,388,463,p4_왼다리꼬기
578,767,413,627,223,627,p5_오른쪽기대기
782,519,723,451,665,196,p6_왼쪽기대기
3,2,0,4,3,2,p0_앉지않음
711,663,699,644,562,460,p1_정자세
820,816,325,353,15,11,p2_앞으로숙이기
157,942,215,873,451,534,p3_오른다리꼬기
939,324,821,375,390,457,p4_왼다리꼬기
493,732,467,709,213,655,p5_오른쪽기대기
770,504,667,450,621,176,p6_왼쪽기대기
3,4,5,7,1,2,p0_앉지않음
705,669,653,700,507,509,p1_정자세
821,928,367,316,19,14,p2_앞으로숙이기
334,878,393,864,471,456,p3_오른다리꼬기
910,419,839,227,484,469,p4_왼다리꼬기
505,773,431,701,196,626,p5_오른쪽기대기
809,429,818,493,578,193,p6_왼쪽기대기
4,6,2,5,1,1,p0_앉지않음
656,745,565,673,531,491,p1_정자세
852,896,364,369,12,20,p2_앞으로숙이기
414,844,350,882,512,465,p3_오른다리꼬기
898,407,877,412,488,456,p4_왼다리꼬기
441,720,378,689,227,649,p5_오른쪽기대기
801,516,679,454,668,204,p6_왼쪽기대기
5,2,3,11,3,0,p0_앉지않음
581,703,694,624,540,502,p1_정자세
843,880,373,385,18,14,p2_앞으로숙이기
445,927,331,848,484,437,p3_오른다리꼬기
911,304,891,314,529,545,p4_왼다리꼬기
538,753,402,745,206,671,p5_오른쪽기대기
836,458,653,438,682,216,p6_왼쪽기대기
2,7,1,2,1,1,p0_앉지않음
744,714,738,637,495,548,p1_정자세
846,909,427,282,20,19,p2_앞으로숙이기
397,823,266,826,416,519,p3_오른다리꼬기
899,348,872,328,316,424,p4_왼다리꼬기
429,770,435,700,137,637,p5_오른쪽기대기
805,570,735,383,700,221,p6_왼쪽기대기
4,0,7,3,2,2,p0_앉지않음
776,693,649,728,473,532,p1_정자세
842,809,400,434,21,22,p2_앞으로숙이기
335,860,284,802,441,436,p3_오른다리꼬기
929,239,820,263,497,405,p4_왼다리꼬기
511,743,502,729,203,627,p5_오른쪽기대기
657,512,726,371,600,207,p6_왼쪽기대기
6,2,3,0,3,0,p0_앉지않음
727,698,714,610,502,432,p1_정자세
772,873,310,388,20,18,p2_앞으로숙이기
316,836,325,903,423,417,p3_오른다리꼬기
879,378,899,238,390,543,p4_왼다리꼬기
491,762,415,724,228,661,p5_오른쪽기대기
837,483,686,461,668,206,p6_왼쪽기대기
1,5,3,3,2,1,p0_앉지않음
643,569,737,677,495,473,p1_정자세
734,820,435,447,18,15,p2_앞으로숙이기
415,886,354,834,414,409,p3_오른다리꼬기
857,382,820,248,478,463,p4_왼다리꼬기
548,775,412,703,203,613,p5_오른쪽기대기
694,465,801,429,699,185,p6_왼쪽기대기
7,7,7,6,3,2,p0_앉지않음
785,619,667,664,462,523,p1_정자세
790,823,300,477,13,25,p2_앞으로숙이기
390,917,270,808,470,447,p3_오른다리꼬기
846,274,811,391,538,458,p4_왼다리꼬기
507,733,403,768,256,614,p5_오른쪽기대기
745,477,678,509,597,213,p6_왼쪽기대기
7,4,7,5,3,0,p0_앉지않음
682,696,516,595,467,537,p1_정자세
821,817,440,319,4,13,p2_앞으로숙이기
277,843,328,885,481,494,p3_오른다리꼬기
949,243,868,273,420,472,p4_왼다리꼬기
413,662,481,724,204,614,p5_오른쪽기대기
787,534,704,391,632,225,p6_왼쪽기대기
8,4,4,4,2,1,p0_앉지않음
555,759,739,619,457,494,p1_정자세
842,889,402,360,8,19,p2_앞으로숙이기
379,942,251,923,380,478,p3_오른다리꼬기
823,310,912,341,428,429,p4_왼다리꼬기
505,775,512,677,151,656,p5_오른쪽기대기
727,434,714,439,662,173,p6_왼쪽기대기
6,1,2,4,3,2,p0_앉지않음
753,770,830,652,556,540,p1_정자세
889,920,379,375,16,14,p2_앞으로숙이기
365,962,276,837,456,440,p3_오른다리꼬기
823,320,877,371,403,403,p4_왼다리꼬기
501,646,427,613,241,619,p5_오른쪽기대기
832,555,667,396,642,196,p6_왼쪽기대기
6,2,7,5,1,1,p0_앉지않음
690,659,652,654,510,570,p1_정자세
844,890,411,388,14,14,p2_앞으로숙이기
363,861,226,876,485,479,p3_오른다리꼬기
906,388,878,339,415,406,p4_왼다리꼬기
480,749,437,606,251,639,p5_오른쪽기대기
758,562,582,424,634,189,p6_왼쪽기대기
4,9,7,7,2,0,p0_앉지않음
596,623,667,651,491,485,p1_정자세
930,817,446,400,14,20,p2_앞으로숙이기
423,890,339,864,450,458,p3_오른다리꼬기
872,334,826,345,446,398,p4_왼다리꼬기
463,590,425,701,195,729,p5_오른쪽기대기
778,526,617,431,630,176,p6_왼쪽기대기
2,0,1,7,1,1,p0_앉지않음
699,758,650,677,466,475,p1_정자세
864,925,471,429,15,22,p2_앞으로숙이기
389,808,247,863,378,414,p3_오른다리꼬기
872,337,838,285,483,439,p4_왼다리꼬기
480,682,501,666,167,658,p5_오른쪽기대기
711,473,712,433,742,197,p6_왼쪽기대기
6,0,2,1,1,2,p0_앉지않음
751,717,638,618,544,582,p1_정자세
855,887,417,437,9,12,p2_앞으로숙이기
369,948,259,768,430,490,p3_오른다리꼬기
836,291,856,294,473,400,p4_왼다리꼬기
483,809,390,773,167,683,p5_오른쪽기대기
731,442,675,477,649,233,p6_왼쪽기대기
9,1,1,1,1,3,p0_앉지않음
728,672,649,720,576,510,p1_정자세
743,861,446,411,18,16,p2_앞으로숙이기
288,864,283,892,419,468,p3_오른다리꼬기
912,429,848,212,475,535,p4_왼다리꼬기
535,710,395,652,260,636,p5_오른쪽기대기
716,492,684,528,609,235,p6_왼쪽기대기
5,8,9,5,1,2,p0_앉지않음
695,617,727,662,453,417,p1_정자세
756,880,369,377,17,12,p2_앞으로숙이기
377,903,295,787,417,474,p3_오른다리꼬기
872,410,943,332,509,478,p4_왼다리꼬기
473,760,550,673,168,604,p5_오른쪽기대기
739,449,783,460,688,191,p6_왼쪽기대기
1,1,2,6,2,2,p0_앉지않음
625,699,598,670,519,453,p1_정자세
888,943,441,391,13,13,p2_앞으로숙이기
311,910,243,774,458,450,p3_오른다리꼬기
877,285,861,250,444,520,p4_왼다리꼬기
532,681,386,707,158,569,p5_오른쪽기대기
776,516,722,463,647,180,p6_왼쪽기대기
6,9,3,1,0,1,p0_앉지않음
710,593,671,682,428,460,p1_정자세
853,844,425,392,21,13,p2_앞으로숙이기
300,857,336,851,475,474,p3_오른다리꼬기
819,292,809,259,433,489,p4_왼다리꼬기
559,735,437,664,202,658,p5_오른쪽기대기
790,539,584,442,705,186,p6_왼쪽기대기
8,4,5,1,0,2,p0_앉지않음
744,701,588,652,550,569,p1_정자세
837,783,442,386,19,16,p2_앞으로숙이기
305,902,365,844,408,386,p3_오른다리꼬기
869,329,882,243,512,396,p4_왼다리꼬기
616,836,457,617,198,634,p5_오른쪽기대기
686,514,658,414,641,182,p6_왼쪽기대기
11,3,6,5,2,2,p0_앉지않음
744,713,661,652,494,463,p1_정자세
847,859,420,409,13,14,p2_앞으로숙이기
322,912,288,857,490,421,p3_오른다리꼬기
923,351,930,289,477,450,p4_왼다리꼬기
430,723,494,678,133,648,p5_오른쪽기대기
695,506,777,488,711,183,p6_왼쪽기대기
4,1,2,2,0,3,p0_앉지않음
595,768,712,674,455,436,p1_정자세
828,875,400,347,20,23,p2_앞으로숙이기
338,904,224,833,470,464,p3_오른다리꼬기
879,336,832,286,466,371,p4_왼다리꼬기
496,767,421,676,186,630,p5_오른쪽기대기
750,506,594,482,638,257,p6_왼쪽기대기
1,2,4,6,0,1,p0_앉지않음
729,652,718,627,464,524,p1_정자세
914,866,463,483,10,19,p2_앞으로숙이기
273,916,296,899,496,472,p3_오른다리꼬기
911,375,852,296,507,512,p4_왼다리꼬기
492,761,454,619,189,713,p5_오른쪽기대기
712,605,758,470,672,172,p6_왼쪽기대기
4,9,3,8,0,0,p0_앉지않음
795,699,623,718,549,536,p1_정자세
827,838,415,434,12,15,p2_앞으로숙이기
363,951,337,789,441,412,p3_오른다리꼬기
922,396,854,286,452,458,p4_왼다리꼬기
467,689,347,763,214,664,p5_오른쪽기대기
813,437,613,469,661,148,p6_왼쪽기대기
6,3,2,3,0,1,p0_앉지않음
664,727,642,681,398,466,p1_정자세
872,837,442,309,18,11,p2_앞으로숙이기
313,939,358,891,531,500,p3_오른다리꼬기
868,357,835,401,494,442,p4_왼다리꼬기
543,688,462,653,149,681,p5_오른쪽기대기
795,522,690,386,603,170,p6_왼쪽기대기
4,8,8,0,1,1,p0_앉지않음
573,728,637,644,553,503,p1_정자세
832,872,452,414,18,14,p2_앞으로숙이기
345,904,262,827,505,530,p3_오른다리꼬기
963,283,793,240,455,337,p4_왼다리꼬기
470,820,499,674,186,672,p5_오른쪽기대기
796,473,688,421,596,193,p6_왼쪽기대기
4,1,6,6,2,1,p0_앉지않음
600,723,616,605,449,488,p1_정자세
913,829,345,432,15,4,p2_앞으로숙이기
383,985,169,800,336,446,p3_오른다리꼬기
939,355,905,341,518,496,p4_왼다리꼬기
479,753,406,688,201,646,p5_오른쪽기대기
817,483,653,406,676,157,p6_왼쪽기대기
4,8,5,4,1,0,p0_앉지않음
657,690,663,697,503,554,p1_정자세
914,881,461,350,9,17,p2_앞으로숙이기
282,888,338,906,439,424,p3_오른다리꼬기
912,296,843,299,448,453,p4_왼다리꼬기
458,713,412,618,210,685,p5_오른쪽기대기
789,486,659,487,675,206,p6_왼쪽기대기
10,4,4,3,0,2,p0_앉지않음
694,725,742,630,406,519,p1_정자세
856,820,419,439,10,13,p2_앞으로숙이기
423,871,303,745,390,456,p3_오른다리꼬기
949,281,852,281,488,401,p4_왼다리꼬기
521,717,461,703,192,669,p5_오른쪽기대기
752,493,682,453,658,170,p6_왼쪽기대기
3,1,4,3,2,2,p0_앉지않음
653,699,681,641,470,456,p1_정자세
884,886,389,438,0,21,p2_앞으로숙이기
342,905,283,905,407,508,p3_오른다리꼬기
915,381,836,234,487,462,p4_왼다리꼬기
568,740,429,769,257,650,p5_오른쪽기대기
712,540,687,479,639,246,p6_왼쪽기대기
2,6,3,4,1,2,p0_앉지않음
745,727,644,657,535,537,p1_정자세
742,839,388,433,14,18,p2_앞으로숙이기
296,910,345,791,550,497,p3_오른다리꼬기
900,308,842,304,467,510,p4_왼다리꼬기
476,778,385,679,211,677,p5_오른쪽기대기
712,477,773,508,658,132,p6_왼쪽기대기
