frame,timestamp,ch0,ch1,ch2,ch3,ch4,ch5,ch6,ch7,ch8,ch9,ch10,ch11,ch12,ch13,ch14,ch15,ch16,ch17,ch18,ch19,ch20,ch21,ch22,ch23,ch24,ch25,ch26,ch27,ch28,ch29,ch30,ch31,person,posture,trial
0,1789975376.257863,0,0,0,0,0,0,0,0,0,0,0,0,0,0,0,0,0,0,0,0,0,0,0,0,0,0,0,0,0,0,0,0,aro0921,sitting_straight,1
1,1789975376.258977,0,0,0,0,0,0,0,0,0,0,0,0,0,0,0,0,0,0,0,0,0,0,0,0,0,0,0,0,0,0,0,0,aro0921,sitting_straight,1
2,1789975376.259613,0,0,0,0,0,0,0,0,0,0,0,0,0,0,0,0,0,0,0,0,0,0,0,0,0,0,0,0,0,0,0,0,aro0921,sitting_straight,1
3,1789975376.260230,0,0,0,0,0,0,0,0,0,0,0,0,0,0,0,0,0,0,0,0,0,0,0,0,0,0,0,0,0,0,0,0,aro0921,sitting_straight,1
4,1789975376.260850,0,0,0,0,0,0,0,0,0,0,0,0,0,0,0,0,0,0,0,0,0,0,0,0,0,0,0,0,0,0,0,0,aro0921,sitting_straight,1
5,1789975376.261469,0,0,0,0,0,0,0,0,0,0,0,0,0,0,0,0,0,0,0,0,0,0,0,0,0,0,0,0,0,0,0,0,aro0921,sitting_straight,1
6,1789975376.262084,0,0,0,0,0,0,0,0,0,0,0,0,0,0,0,0,0,0,0,0,0,0,0,0,0,0,0,0,0,0,0,0,aro0921,sitting_straight,1
7,1789975376.262680,0,0,0,0,0,0,0,0,0,0,0,0,0,0,0,0,0,0,0,0,0,0,0,0,0,0,0,0,0,0,0,0,aro0921,sitting_straight,1
8,1789975376.263225,0,0,0,0,0,0,0,0,0,0,0,0,0,0,0,0,0,0,0,0,0,0,0,0,0,0,0,0,0,0,0,0,aro0921,sitting_straight,1
9,1789975376.263769,0,0,0,0,0,0,0,0,0,0,0,0,0,0,0,0,0,0,0,0,0,0,0,0,0,0,0,0,0,0,0,0,aro0921,sitting_straight,1
10,1789975376.264316,0,0,0,0,0,0,0,0,0,0,0,0,0,0,0,0,0,0,0,0,0,0,0,0,0,0,0,0,0,0,0,0,aro0921,sitting_straight,1
11,1789975376.265074,0,0,0,0,0,0,0,0,0,0,0,0,0,0,0,0,0,0,0,0,0,0,0,0,0,0,0,0,0,0,0,0,aro0921,sitting_straight,1
12,1789975376.265767,0,0,0,0,0,0,0,0,0,0,0,0,0,0,0,0,0,0,0,0,0,0,0,0,0,0,0,0,0,0,0,0,aro0921,sitting_straight,1
13,1789975376.266430,0,0,0,0,0,0,0,0,0,0,0,0,0,0,0,0,0,0,0,0,0,0,0,0,0,0,0,0,0,0,0,0,aro0921,sitting_straight,1
14,1789975376.267092,0,0,0,0,0,0,0,0,0,0,0,0,0,0,0,0,0,0,0,0,0,0,0,0,0,0,0,0,0,0,0,0,aro0921,sitting_straight,1
15,1789975376.267762,0,0,0,0,0,0,0,0,0,0,0,0,0,0,0,0,0,0,0,0,0,0,0,0,0,0,0,0,0,0,0,0,aro0921,sitting_straight,1
16,1789975376.268428,0,0,0,0,0,0,0,0,0,0,0,0,0,0,0,0,0,0,0,0,0,0,0,0,0,0,0,0,0,0,0,0,aro0921,sitting_straight,1
17,1789975376.269001,0,0,0,0,0,0,0,0,0,0,0,0,0,0,0,0,0,0,0,0,0,0,0,0,0,0,0,0,0,0,0,0,aro0921,sitting_straight,1
18,1789975376.269553,0,0,0,0,0,0,0,0,0,0,0,0,0,0,0,0,0,0,0,0,0,0,0,0,0,0,0,0,0,0,0,0,aro0921,sitting_straight,1
19,1789975376.270116,0,0,0,0,0,0,0,0,0,0,0,0,0,0,0,0,0,0,0,0,0,0,0,0,0,0,0,0,0,0,0,0,aro0921,sitting_straight,1
20,1789975376.270666,0,0,0,0,0,0,0,0,0,0,0,0,0,0,0,0,0,0,0,0,0,0,0,0,0,0,0,0,0,0,0,0,aro0921,sitting_straight,1
21,1789975376.271235,0,0,0,0,0,0,0,0,0,0,0,0,0,0,0,0,0,0,0,0,0,0,0,0,0,0,0,0,0,0,0,0,aro0921,sitting_straight,1
22,1789975376.271785,0,0,0,0,0,0,0,0,0,0,0,0,0,0,0,0,0,0,0,0,0,0,0,0,0,0,0,0,0,0,0,0,aro0921,sitting_straight,1
23,1789975376.272334,0,0,0,0,0,0,0,0,0,0,0,0,0,0,0,0,0,0,0,0,0,0,0,0,0,0,0,0,0,0,0,0,aro0921,sitting_straight,1
24,1789975376.272893,0,0,0,0,0,0,0,0,0,0,0,0,0,0,0,0,0,0,0,0,0,0,0,0,0,0,0,0,0,0,0,0,aro0921,sitting_straight,1
25,1789975376.273456,0,0,0,0,0,0,0,0,0,0,0,0,0,0,0,0,0,0,0,0,0,0,0,0,0,0,0,0,0,0,0,0,aro0921,sitting_straight,1
26,1789975376.274014,0,0,0,0,0,0,0,0,0,0,0,0,0,0,0,0,0,0,0,0,0,0,0,0,0,0,0,0,0,0,0,0,aro0921,sitting_straight,1
27,1789975376.274561,0,0,0,0,0,0,0,0,0,0,0,0,0,0,0,0,0,0,0,0,0,0,0,0,0,0,0,0,0,0,0,0,aro0921,sitting_straight,1
28,1789975376.275124,0,0,0,0,0,0,0,0,0,0,0,0,0,0,0,0,0,0,0,0,0,0,0,0,0,0,0,0,0,0,0,0,aro0921,sitting_straight,1
29,1789975376.275674,0,0,0,0,0,0,0,0,0,0,0,0,0,0,0,0,0,0,0,0,0,0,0,0,0,0,0,0,0,0,0,0,aro0921,sitting_straight,1
30,1789975376.276222,0,0,0,0,0,0,0,0,0,0,0,0,0,0,0,0,0,0,0,0,0,0,0,0,0,0,0,0,0,0,0,0,aro0921,sitting_straight,1
31,1789975376.276731,0,0,0,0,0,0,0,0,0,0,0,0,0,0,0,0,0,0,0,0,0,0,0,0,0,0,0,0,0,0,0,0,aro0921,sitting_straight,1
32,1789975376.277209,0,0,0,0,0,0,0,0,0,0,0,0,0,0,0,0,0,0,0,0,0,0,0,0,0,0,0,0,0,0,0,0,aro0921,sitting_straight,1
33,1789975376.277696,0,0,0,0,0,0,0,0,0,0,0,0,0,0,0,0,0,0,0,0,0,0,0,0,0,0,0,0,0,0,0,0,aro0921,sitting_straight,1
34,1789975376.278173,0,0,0,0,0,0,0,0,0,0,0,0,0,0,0,0,0,0,0,0,0,0,0,0,0,0,0,0,0,0,0,0,aro0921,sitting_straight,1
35,1789975376.278661,0,0,0,0,0,0,0,0,0,0,0,0,0,0,0,0,0,0,0,0,0,0,0,0,0,0,0,0,0,0,0,0,aro0921,sitting_straight,1
36,1789975376.279138,0,0,0,0,0,0,0,0,0,0,0,0,0,0,0,0,0,0,0,0,0,0,0,0,0,0,0,0,0,0,0,0,aro0921,sitting_straight,1
37,1789975376.279623,0,0,0,0,0,0,0,0,0,0,0,0,0,0,0,0,0,0,0,0,0,0,0,0,0,0,0,0,0,0,0,0,aro0921,sitting_straight,1
38,1789975376.280100,0,0,0,0,0,0,0,0,0,0,0,0,0,0,0,0,0,0,0,0,0,0,0,0,0,0,0,0,0,0,0,0,aro0921,sitting_straight,1
39,1789975376.280584,0,0,0,0,0,0,0,0,0,0,0,0,0,0,0,0,0,0,0,0,0,0,0,0,0,0,0,0,0,0,0,0,aro0921,sitting_straight,1
40,1789975376.281090,0,0,0,0,0,0,0,0,0,0,0,0,0,0,0,0,0,0,0,0,0,0,0,0,0,0,0,0,0,0,0,0,aro0921,sitting_straight,1
41,1789975376.281580,0,0,0,0,0,0,0,0,0,0,0,0,0,0,0,0,0,0,0,0,0,0,0,0,0,0,0,0,0,0,0,0,aro0921,sitting_straight,1
42,1789975376.282065,0,0,0,0,0,0,0,0,0,0,0,0,0,0,0,0,0,0,0,0,0,0,0,0,0,0,0,0,0,0,0,0,aro0921,sitting_straight,1
43,1789975376.282515,0,0,0,0,0,0,0,0,0,0,0,0,0,0,0,0,0,0,0,0,0,0,0,0,0,0,0,0,0,0,0,0,aro0921,sitting_straight,1
44,1789975376.282950,0,0,0,0,0,0,0,0,0,0,0,0,0,0,0,0,0,0,0,0,0,0,0,0,0,0,0,0,0,0,0,0,aro0921,sitting_straight,1
45,1789975376.283374,0,0,0,0,0,0,0,0,0,0,0,0,0,0,0,0,0,0,0,0,0,0,0,0,0,0,0,0,0,0,0,0,aro0921,sitting_straight,1
46,1789975376.283799,0,0,0,0,0,0,0,0,0,0,0,0,0,0,0,0,0,0,0,0,0,0,0,0,0,0,0,0,0,0,0,0,aro0921,sitting_straight,1
47,1789975376.284235,0,0,0,0,0,0,0,0,0,0,0,0,0,0,0,0,0,0,0,0,0,0,0,0,0,0,0,0,0,0,0,0,aro0921,sitting_straight,1
48,1789975376.284659,0,0,0,0,0,0,0,0,0,0,0,0,0,0,0,0,0,0,0,0,0,0,0,0,0,0,0,0,0,0,0,0,aro0921,sitting_straight,1
49,1789975376.285097,0,0,0,0,0,0,0,0,0,0,0,0,0,0,0,0,0,0,0,0,0,0,0,0,0,0,0,0,0,0,0,0,aro0921,sitting_straight,1
50,1789975376.285521,0,0,0,0,0,0,0,0,0,0,0,0,0,0,0,0,0,0,0,0,0,0,0,0,0,0,0,0,0,0,0,0,aro0921,sitting_straight,1
51,1789975376.285953,0,0,0,0,0,0,0,0,0,0,0,0,0,0,0,0,0,0,0,0,0,0,0,0,0,0,0,0,0,0,0,0,aro0921,sitting_straight,1
52,1789975376.286383,0,0,0,0,0,0,0,0,0,0,0,0,0,0,0,0,0,0,0,0,0,0,0,0,0,0,0,0,0,0,0,0,aro0921,sitting_straight,1
53,1789975376.286803,0,0,0,0,0,0,0,0,0,0,0,0,0,0,0,0,0,0,0,0,0,0,0,0,0,0,0,0,0,0,0,0,aro0921,sitting_straight,1
54,1789975376.287242,0,0,0,0,0,0,0,0,0,0,0,0,0,0,0,0,0,0,0,0,0,0,0,0,0,0,0,0,0,0,0,0,aro0921,sitting_straight,1
55,1789975376.287665,0,0,0,0,0,0,0,0,0,0,0,0,0,0,0,0,0,0,0,0,0,0,0,0,0,0,0,0,0,0,0,0,aro0921,sitting_straight,1
56,1789975376.288096,0,0,0,0,0,0,0,0,0,0,0,0,0,0,0,0,0,0,0,0,0,0,0,0,0,0,0,0,0,0,0,0,aro0921,sitting_straight,1
57,1789975376.288486,0,0,0,0,0,0,0,0,0,0,0,0,0,0,0,0,0,0,0,0,0,0,0,0,0,0,0,0,0,0,0,0,aro0921,sitting_straight,1
58,1789975376.288869,0,0,0,0,0,0,0,0,0,0,0,0,0,0,0,0,0,0,0,0,0,0,0,0,0,0,0,0,0,0,0,0,aro0921,sitting_straight,1
59,1789975376.289242,0,0,0,0,0,0,0,0,0,0,0,0,0,0,0,0,0,0,0,0,0,0,0,0,0,0,0,0,0,0,0,0,aro0921,sitting_straight,1
60,1789975376.289617,0,0,0,0,0,0,0,0,0,0,0,0,0,0,0,0,0,0,0,0,0,0,0,0,0,0,0,0,0,0,0,0,aro0921,sitting_straight,1
61,1789975376.290002,0,0,0,0,0,0,0,0,0,0,0,0,0,0,0,0,0,0,0,0,0,0,0,0,0,0,0,0,0,0,0,0,aro0921,sitting_straight,1
62,1789975376.290376,0,0,0,0,0,0,0,0,0,0,0,0,0,0,0,0,0,0,0,0,0,0,0,0,0,0,0,0,0,0,0,0,aro0921,sitting_straight,1
63,1789975376.290759,0,0,0,0,0,0,0,0,0,0,0,0,0,0,0,0,0,0,0,0,0,0,0,0,0,0,0,0,0,0,0,0,aro0921,sitting_straight,1
64,1789975376.291138,0,0,0,0,0,0,0,0,0,0,0,0,0,0,0,0,0,0,0,0,0,0,0,0,0,0,0,0,0,0,0,0,aro0921,sitting_straight,1
65,1789975376.291512,0,0,0,0,0,0,0,0,0,0,0,0,0,0,0,0,0,0,0,0,0,0,0,0,0,0,0,0,0,0,0,0,aro0921,sitting_straight,1
66,1789975376.291892,0,0,0,0,0,0,0,0,0,0,0,0,0,0,0,0,0,0,0,0,0,0,0,0,0,0,0,0,0,0,0,0,aro0921,sitting_straight,1
67,1789975376.292270,0,0,0,0,0,0,0,0,0,0,0,0,0,0,0,0,0,0,0,0,0,0,0,0,0,0,0,0,0,0,0,0,aro0921,sitting_straight,1
68,1789975376.292649,0,0,0,0,0,0,0,0,0,0,0,0,0,0,0,0,0,0,0,0,0,0,0,0,0,0,0,0,0,0,0,0,aro0921,sitting_straight,1
69,1789975376.293024,0,0,0,0,0,0,0,0,0,0,0,0,0,0,0,0,0,0,0,0,0,0,0,0,0,0,0,0,0,0,0,0,aro0921,sitting_straight,1
70,1789975376.293409,0,0,0,0,0,0,0,0,0,0,0,0,0,0,0,0,0,0,0,0,0,0,0,0,0,0,0,0,0,0,0,0,aro0921,sitting_straight,1
71,1789975376.293782,0,0,0,0,0,0,0,0,0,0,0,0,0,0,0,0,0,0,0,0,0,0,0,0,0,0,0,0,0,0,0,0,aro0921,sitting_straight,1
72,1789975376.294172,0,0,0,0,0,0,0,0,0,0,0,0,0,0,0,0,0,0,0,0,0,0,0,0,0,0,0,0,0,0,0,0,aro0921,sitting_straight,1
73,1789975376.294531,0,0,0,0,0,0,0,0,0,0,0,0,0,0,0,0,0,0,0,0,0,0,0,0,0,0,0,0,0,0,0,0,aro0921,sitting_straight,1
74,1789975376.294883,0,0,0,0,0,0,0,0,0,0,0,0,0,0,0,0,0,0,0,0,0,0,0,0,0,0,0,0,0,0,0,0,aro0921,sitting_straight,1
75,1789975376.295251,0,0,0,0,0,0,0,0,0,0,0,0,0,0,0,0,0,0,0,0,0,0,0,0,0,0,0,0,0,0,0,0,aro0921,sitting_straight,1
76,1789975376.295597,0,0,0,0,0,0,0,0,0,0,0,0,0,0,0,0,0,0,0,0,0,0,0,0,0,0,0,0,0,0,0,0,aro0921,sitting_straight,1
77,1789975376.295952,0,0,0,0,0,0,0,0,0,0,0,0,0,0,0,0,0,0,0,0,0,0,0,0,0,0,0,0,0,0,0,0,aro0921,sitting_straight,1
78,1789975376.296299,0,0,0,0,0,0,0,0,0,0,0,0,0,0,0,0,0,0,0,0,0,0,0,0,0,0,0,0,0,0,0,0,aro0921,sitting_straight,1
79,1789975376.296648,0,0,0,0,0,0,0,0,0,0,0,0,0,0,0,0,0,0,0,0,0,0,0,0,0,0,0,0,0,0,0,0,aro0921,sitting_straight,1
80,1789975376.297003,0,0,0,0,0,0,0,0,0,0,0,0,0,0,0,0,0,0,0,0,0,0,0,0,0,0,0,0,0,0,0,0,aro0921,sitting_straight,1
81,1789975376.297348,0,0,0,0,0,0,0,0,0,0,0,0,0,0,0,0,0,0,0,0,0,0,0,0,0,0,0,0,0,0,0,0,aro0921,sitting_straight,1
82,1789975376.297704,0,0,0,0,0,0,0,0,0,0,0,0,0,0,0,0,0,0,0,0,0,0,0,0,0,0,0,0,0,0,0,0,aro0921,sitting_straight,1
83,1789975376.298053,0,0,0,0,0,0,0,0,0,0,0,0,0,0,0,0,0,0,0,0,0,0,0,0,0,0,0,0,0,0,0,0,aro0921,sitting_straight,1
84,1789975376.298397,0,0,0,0,0,0,0,0,0,0,0,0,0,0,0,0,0,0,0,0,0,0,0,0,0,0,0,0,0,0,0,0,aro0921,sitting_straight,1
85,1789975376.298747,0,0,0,0,0,0,0,0,0,0,0,0,0,0,0,0,0,0,0,0,0,0,0,0,0,0,0,0,0,0,0,0,aro0921,sitting_straight,1
86,1789975376.299087,0,0,0,0,0,0,0,0,0,0,0,0,0,0,0,0,0,0,0,0,0,0,0,0,0,0,0,0,0,0,0,0,aro0921,sitting_straight,1
87,1789975376.299434,0,0,0,0,0,0,0,0,0,0,0,0,0,0,0,0,0,0,0,0,0,0,0,0,0,0,0,0,0,0,0,0,aro0921,sitting_straight,1
88,1789975376.299778,0,0,0,0,0,0,0,0,0,0,0,0,0,0,0,0,0,0,0,0,0,0,0,0,0,0,0,0,0,0,0,0,aro0921,sitting_straight,1
89,1789975376.300123,0,0,0,0,0,0,0,0,0,0,0,0,0,0,0,0,0,0,0,0,0,0,0,0,0,0,0,0,0,0,0,0,aro0921,sitting_straight,1
90,1789975376.300443,0,0,0,0,0,0,0,0,0,0,0,0,0,0,0,0,0,0,0,0,0,0,0,0,0,0,0,0,0,0,0,0,aro0921,sitting_straight,1
91,1789975376.300766,0,0,0,0,0,0,0,0,0,0,0,0,0,0,0,0,0,0,0,0,0,0,0,0,0,0,0,0,0,0,0,0,aro0921,sitting_straight,1
92,1789975376.301092,0,0,0,0,0,0,0,0,0,0,0,0,0,0,0,0,0,0,0,0,0,0,0,0,0,0,0,0,0,0,0,0,aro0921,sitting_straight,1
93,1789975376.301413,0,0,0,0,0,0,0,0,0,0,0,0,0,0,0,0,0,0,0,0,0,0,0,0,0,0,0,0,0,0,0,0,aro0921,sitting_straight,1
94,1789975376.301741,0,0,0,0,0,0,0,0,0,0,0,0,0,0,0,0,0,0,0,0,0,0,0,0,0,0,0,0,0,0,0,0,aro0921,sitting_straight,1
95,1789975376.302060,0,0,0,0,0,0,0,0,0,0,0,0,0,0,0,0,0,0,0,0,0,0,0,0,0,0,0,0,0,0,0,0,aro0921,sitting_straight,1
96,1789975376.302388,0,0,0,0,0,0,0,0,0,0,0,0,0,0,0,0,0,0,0,0,0,0,0,0,0,0,0,0,0,0,0,0,aro0921,sitting_straight,1
97,1789975376.302736,0,0,0,0,0,0,0,0,0,0,0,0,0,0,0,0,0,0,0,0,0,0,0,0,0,0,0,0,0,0,0,0,aro0921,sitting_straight,1
98,1789975376.303061,0,0,0,0,0,0,0,0,0,0,0,0,0,0,0,0,0,0,0,0,0,0,0,0,0,0,0,0,0,0,0,0,aro0921,sitting_straight,1
99,1789975376.303383,0,0,0,0,0,0,0,0,0,0,0,0,0,0,0,0,0,0,0,0,0,0,0,0,0,0,0,0,0,0,0,0,aro0921,sitting_straight,1
100,1789975376.303710,0,0,0,0,0,0,0,0,0,0,0,0,0,0,0,0,0,0,0,0,0,0,0,0,0,0,0,0,0,0,0,0,aro0921,sitting_straight,1
101,1789975376.304030,0,0,0,0,0,0,0,0,0,0,0,0,0,0,0,0,0,0,0,0,0,0,0,0,0,0,0,0,0,0,0,0,aro0921,sitting_straight,1
102,1789975376.304353,0,0,0,0,0,0,0,0,0,0,0,0,0,0,0,0,0,0,0,0,0,0,0,0,0,0,0,0,0,0,0,0,aro0921,sitting_straight,1
103,1789975376.304683,0,0,0,0,0,0,0,0,0,0,0,0,0,0,0,0,0,0,0,0,0,0,0,0,0,0,0,0,0,0,0,0,aro0921,sitting_straight,1
104,1789975376.305012,0,0,0,0,0,0,0,0,0,0,0,0,0,0,0,0,0,0,0,0,0,0,0,0,0,0,0,0,0,0,0,0,aro0921,sitting_straight,1
105,1789975376.305333,0,0,0,0,0,0,0,0,0,0,0,0,0,0,0,0,0,0,0,0,0,0,0,0,0,0,0,0,0,0,0,0,aro0921,sitting_straight,1
106,1789975376.305666,0,0,0,0,0,0,0,0,0,0,0,0,0,0,0,0,0,0,0,0,0,0,0,0,0,0,0,0,0,0,0,0,aro0921,sitting_straight,1
107,1789975376.305985,0,0,0,0,0,0,0,0,0,0,0,0,0,0,0,0,0,0,0,0,0,0,0,0,0,0,0,0,0,0,0,0,aro0921,sitting_straight,1
108,1789975376.306303,0,0,0,0,0,0,0,0,0,0,0,0,0,0,0,0,0,0,0,0,0,0,0,0,0,0,0,0,0,0,0,0,aro0921,sitting_straight,1
109,1789975376.306610,0,0,0,0,0,0,0,0,0,0,0,0,0,0,0,0,0,0,0,0,0,0,0,0,0,0,0,0,0,0,0,0,aro0921,sitting_straight,1
110,1789975376.306912,0,0,0,0,0,0,0,0,0,0,0,0,0,0,0,0,0,0,0,0,0,0,0,0,0,0,0,0,0,0,0,0,aro0921,sitting_straight,1
111,1789975376.307225,0,0,0,0,0,0,0,0,0,0,0,0,0,0,0,0,0,0,0,0,0,0,0,0,0,0,0,0,0,0,0,0,aro0921,sitting_straight,1
112,1789975376.307527,0,0,0,0,0,0,0,0,0,0,0,0,0,0,0,0,0,0,0,0,0,0,0,0,0,0,0,0,0,0,0,0,aro0921,sitting_straight,1
113,1789975376.307837,0,0,0,0,0,0,0,0,0,0,0,0,0,0,0,0,0,0,0,0,0,0,0,0,0,0,0,0,0,0,0,0,aro0921,sitting_straight,1
114,1789975376.308141,0,0,0,0,0,0,0,0,0,0,0,0,0,0,0,0,0,0,0,0,0,0,0,0,0,0,0,0,0,0,0,0,aro0921,sitting_straight,1
115,1789975376.308442,0,0,0,0,0,0,0,0,0,0,0,0,0,0,0,0,0,0,0,0,0,0,0,0,0,0,0,0,0,0,0,0,aro0921,sitting_straight,1
116,1789975376.308751,0,0,0,0,0,0,0,0,0,0,0,0,0,0,0,0,0,0,0,0,0,0,0,0,0,0,0,0,0,0,0,0,aro0921,sitting_straight,1
117,1789975376.309051,0,0,0,0,0,0,0,0,0,0,0,0,0,0,0,0,0,0,0,0,0,0,0,0,0,0,0,0,0,0,0,0,aro0921,sitting_straight,1
118,1789975376.309360,0,0,0,0,0,0,0,0,0,0,0,0,0,0,0,0,0,0,0,0,0,0,0,0,0,0,0,0,0,0,0,0,aro0921,sitting_straight,1
119,1789975376.309661,0,0,0,0,0,0,0,0,0,0,0,0,0,0,0,0,0,0,0,0,0,0,0,0,0,0,0,0,0,0,0,0,aro0921,sitting_straight,1
120,1789975376.309971,0,0,0,0,0,0,0,0,0,0,0,0,0,0,0,0,0,0,0,0,0,0,0,0,0,0,0,0,0,0,0,0,aro0921,sitting_straight,1
121,1789975376.310278,0,0,0,0,0,0,0,0,0,0,0,0,0,0,0,0,0,0,0,0,0,0,0,0,0,0,0,0,0,0,0,0,aro0921,sitting_straight,1
122,1789975376.310576,0,0,0,0,0,0,0,0,0,0,0,0,0,0,0,0,0,0,0,0,0,0,0,0,0,0,0,0,0,0,0,0,aro0921,sitting_straight,1
123,1789975376.310890,0,0,0,0,0,0,0,0,0,0,0,0,0,0,0,0,0,0,0,0,0,0,0,0,0,0,0,0,0,0,0,0,aro0921,sitting_straight,1
124,1789975376.311191,0,0,0,0,0,0,0,0,0,0,0,0,0,0,0,0,0,0,0,0,0,0,0,0,0,0,0,0,0,0,0,0,aro0921,sitting_straight,1
125,1789975376.311501,0,0,0,0,0,0,0,0,0,0,0,0,0,0,0,0,0,0,0,0,0,0,0,0,0,0,0,0,0,0,0,0,aro0921,sitting_straight,1
126,1789975376.311802,0,0,0,0,0,0,0,0,0,0,0,0,0,0,0,0,0,0,0,0,0,0,0,0,0,0,0,0,0,0,0,0,aro0921,sitting_straight,1
127,1789975376.312092,0,0,0,0,0,0,0,0,0,0,0,0,0,0,0,0,0,0,0,0,0,0,0,0,0,0,0,0,0,0,0,0,aro0921,sitting_straight,1
128,1789975376.312392,0,0,0,0,0,0,0,0,0,0,0,0,0,0,0,0,0,0,0,0,0,0,0,0,0,0,0,0,0,0,0,0,aro0921,sitting_straight,1
129,1789975376.312677,0,0,0,0,0,0,0,0,0,0,0,0,0,0,0,0,0,0,0,0,0,0,0,0,0,0,0,0,0,0,0,0,aro0921,sitting_straight,1
130,1789975376.312974,0,0,0,0,0,0,0,0,0,0,0,0,0,0,0,0,0,0,0,0,0,0,0,0,0,0,0,0,0,0,0,0,aro0921,sitting_straight,1
131,1789975376.313262,0,0,0,0,0,0,0,0,0,0,0,0,0,0,0,0,0,0,0,0,0,0,0,0,0,0,0,0,0,0,0,0,aro0921,sitting_straight,1
132,1789975376.313545,0,0,0,0,0,0,0,0,0,0,0,0,0,0,0,0,0,0,0,0,0,0,0,0,0,0,0,0,0,0,0,0,aro0921,sitting_straight,1
133,1789975376.313840,0,0,0,0,0,0,0,0,0,0,0,0,0,0,0,0,0,0,0,0,0,0,0,0,0,0,0,0,0,0,0,0,aro0921,sitting_straight,1
134,1789975376.314130,0,0,0,0,0,0,0,0,0,0,0,0,0,0,0,0,0,0,0,0,0,0,0,0,0,0,0,0,0,0,0,0,aro0921,sitting_straight,1
135,1789975376.314423,0,0,0,0,0,0,0,0,0,0,0,0,0,0,0,0,0,0,0,0,0,0,0,0,0,0,0,0,0,0,0,0,aro0921,sitting_straight,1
136,1789975376.314720,0,0,0,0,0,0,0,0,0,0,0,0,0,0,0,0,0,0,0,0,0,0,0,0,0,0,0,0,0,0,0,0,aro0921,sitting_straight,1
137,1789975376.315022,0,0,0,0,0,0,0,0,0,0,0,0,0,0,0,0,0,0,0,0,0,0,0,0,0,0,0,0,0,0,0,0,aro0921,sitting_straight,1
138,1789975376.315320,0,0,0,0,0,0,0,0,0,0,0,0,0,0,0,0,0,0,0,0,0,0,0,0,0,0,0,0,0,0,0,0,aro0921,sitting_straight,1
139,1789975376.315606,0,0,0,0,0,0,0,0,0,0,0,0,0,0,0,0,0,0,0,0,0,0,0,0,0,0,0,0,0,0,0,0,aro0921,sitting_straight,1
140,1789975376.315897,0,0,0,0,0,0,0,0,0,0,0,0,0,0,0,0,0,0,0,0,0,0,0,0,0,0,0,0,0,0,0,0,aro0921,sitting_straight,1
141,1789975376.316182,0,0,0,0,0,0,0,0,0,0,0,0,0,0,0,0,0,0,0,0,0,0,0,0,0,0,0,0,0,0,0,0,aro0921,sitting_straight,1
142,1789975376.316470,0,0,0,0,0,0,0,0,0,0,0,0,0,0,0,0,0,0,0,0,0,0,0,0,0,0,0,0,0,0,0,0,aro0921,sitting_straight,1
143,1789975376.316764,0,0,0,0,0,0,0,0,0,0,0,0,0,0,0,0,0,0,0,0,0,0,0,0,0,0,0,0,0,0,0,0,aro0921,sitting_straight,1
144,1789975376.317049,0,0,0,0,0,0,0,0,0,0,0,0,0,0,0,0,0,0,0,0,0,0,0,0,0,0,0,0,0,0,0,0,aro0921,sitting_straight,1
145,1789975376.317343,0,0,0,0,0,0,0,0,0,0,0,0,0,0,0,0,0,0,0,0,0,0,0,0,0,0,0,0,0,0,0,0,aro0921,sitting_straight,1
146,1789975376.317629,0,0,0,0,0,0,0,0,0,0,0,0,0,0,0,0,0,0,0,0,0,0,0,0,0,0,0,0,0,0,0,0,aro0921,sitting_straight,1
147,1789975376.317914,0,0,0,0,0,0,0,0,0,0,0,0,0,0,0,0,0,0,0,0,0,0,0,0,0,0,0,0,0,0,0,0,aro0921,sitting_straight,1
148,1789975376.318195,0,0,0,0,0,0,0,0,0,0,0,0,0,0,0,0,0,0,0,0,0,0,0,0,0,0,0,0,0,0,0,0,aro0921,sitting_straight,1
149,1789975376.318470,0,0,0,0,0,0,0,0,0,0,0,0,0,0,0,0,0,0,0,0,0,0,0,0,0,0,0,0,0,0,0,0,aro0921,sitting_straight,1
150,1789975376.318754,0,0,0,0,0,0,0,0,0,0,0,0,0,0,0,0,0,0,0,0,0,0,0,0,0,0,0,0,0,0,0,0,aro0921,sitting_straight,1
151,1789975376.319030,0,0,0,0,0,0,0,0,0,0,0,0,0,0,0,0,0,0,0,0,0,0,0,0,0,0,0,0,0,0,0,0,aro0921,sitting_straight,1
152,1789975376.319307,0,0,0,0,0,0,0,0,0,0,0,0,0,0,0,0,0,0,0,0,0,0,0,0,0,0,0,0,0,0,0,0,aro0921,sitting_straight,1
153,1789975376.319588,0,0,0,0,0,0,0,0,0,0,0,0,0,0,0,0,0,0,0,0,0,0,0,0,0,0,0,0,0,0,0,0,aro0921,sitting_straight,1
154,1789975376.319862,0,0,0,0,0,0,0,0,0,0,0,0,0,0,0,0,0,0,0,0,0,0,0,0,0,0,0,0,0,0,0,0,aro0921,sitting_straight,1
155,1789975376.320143,0,0,0,0,0,0,0,0,0,0,0,0,0,0,0,0,0,0,0,0,0,0,0,0,0,0,0,0,0,0,0,0,aro0921,sitting_straight,1
156,1789975376.320421,0,0,0,0,0,0,0,0,0,0,0,0,0,0,0,0,0,0,0,0,0,0,0,0,0,0,0,0,0,0,0,0,aro0921,sitting_straight,1
157,1789975376.320699,0,0,0,0,0,0,0,0,0,0,0,0,0,0,0,0,0,0,0,0,0,0,0,0,0,0,0,0,0,0,0,0,aro0921,sitting_straight,1
158,1789975376.320987,0,0,0,0,0,0,0,0,0,0,0,0,0,0,0,0,0,0,0,0,0,0,0,0,0,0,0,0,0,0,0,0,aro0921,sitting_straight,1
159,1789975376.321269,0,0,0,0,0,0,0,0,0,0,0,0,0,0,0,0,0,0,0,0,0,0,0,0,0,0,0,0,0,0,0,0,aro0921,sitting_straight,1
160,1789975376.321550,0,0,0,0,0,0,0,0,0,0,0,0,0,0,0,0,0,0,0,0,0,0,0,0,0,0,0,0,0,0,0,0,aro0921,sitting_straight,1
161,1789975376.321827,0,0,0,0,0,0,0,0,0,0,0,0,0,0,0,0,0,0,0,0,0,0,0,0,0,0,0,0,0,0,0,0,aro0921,sitting_straight,1
162,1789975376.322102,0,0,0,0,0,0,0,0,0,0,0,0,0,0,0,0,0,0,0,0,0,0,0,0,0,0,0,0,0,0,0,0,aro0921,sitting_straight,1
163,1789975376.322383,0,0,0,0,0,0,0,0,0,0,0,0,0,0,0,0,0,0,0,0,0,0,0,0,0,0,0,0,0,0,0,0,aro0921,sitting_straight,1
164,1789975376.322659,0,0,0,0,0,0,0,0,0,0,0,0,0,0,0,0,0,0,0,0,0,0,0,0,0,0,0,0,0,0,0,0,aro0921,sitting_straight,1
165,1789975376.322936,0,0,0,0,0,0,0,0,0,0,0,0,0,0,0,0,0,0,0,0,0,0,0,0,0,0,0,0,0,0,0,0,aro0921,sitting_straight,1
166,1789975376.323214,0,0,0,0,0,0,0,0,0,0,0,0,0,0,0,0,0,0,0,0,0,0,0,0,0,0,0,0,0,0,0,0,aro0921,sitting_straight,1
167,1789975376.323487,0,0,0,0,0,0,0,0,0,0,0,0,0,0,0,0,0,0,0,0,0,0,0,0,0,0,0,0,0,0,0,0,aro0921,sitting_straight,1
168,1789975376.323768,0,0,0,0,0,0,0,0,0,0,0,0,0,0,0,0,0,0,0,0,0,0,0,0,0,0,0,0,0,0,0,0,aro0921,sitting_straight,1
169,1789975376.324034,0,0,0,0,0,0,0,0,0,0,0,0,0,0,0,0,0,0,0,0,0,0,0,0,0,0,0,0,0,0,0,0,aro0921,sitting_straight,1
170,1789975376.324302,0,0,0,0,0,0,0,0,0,0,0,0,0,0,0,0,0,0,0,0,0,0,0,0,0,0,0,0,0,0,0,0,aro0921,sitting_straight,1
171,1789975376.324569,0,0,0,0,0,0,0,0,0,0,0,0,0,0,0,0,0,0,0,0,0,0,0,0,0,0,0,0,0,0,0,0,aro0921,sitting_straight,1
172,1789975376.324838,0,0,0,0,0,0,0,0,0,0,0,0,0,0,0,0,0,0,0,0,0,0,0,0,0,0,0,0,0,0,0,0,aro0921,sitting_straight,1
173,1789975376.325111,0,0,0,0,0,0,0,0,0,0,0,0,0,0,0,0,0,0,0,0,0,0,0,0,0,0,0,0,0,0,0,0,aro0921,sitting_straight,1
174,1789975376.325378,0,0,0,0,0,0,0,0,0,0,0,0,0,0,0,0,0,0,0,0,0,0,0,0,0,0,0,0,0,0,0,0,aro0921,sitting_straight,1
175,1789975376.325648,0,0,0,0,0,0,0,0,0,0,0,0,0,0,0,0,0,0,0,0,0,0,0,0,0,0,0,0,0,0,0,0,aro0921,sitting_straight,1
176,1789975376.325918,0,0,0,0,0,0,0,0,0,0,0,0,0,0,0,0,0,0,0,0,0,0,0,0,0,0,0,0,0,0,0,0,aro0921,sitting_straight,1
177,1789975376.326181,0,0,0,0,0,0,0,0,0,0,0,0,0,0,0,0,0,0,0,0,0,0,0,0,0,0,0,0,0,0,0,0,aro0921,sitting_straight,1
178,1789975376.326454,0,0,0,0,0,0,0,0,0,0,0,0,0,0,0,0,0,0,0,0,0,0,0,0,0,0,0,0,0,0,0,0,aro0921,sitting_straight,1
179,1789975376.326718,0,0,0,0,0,0,0,0,0,0,0,0,0,0,0,0,0,0,0,0,0,0,0,0,0,0,0,0,0,0,0,0,aro0921,sitting_straight,1
180,1789975376.326989,0,0,0,0,0,0,0,0,0,0,0,0,0,0,0,0,0,0,0,0,0,0,0,0,0,0,0,0,0,0,0,0,aro0921,sitting_straight,1
181,1789975376.327259,0,0,0,0,0,0,0,0,0,0,0,0,0,0,0,0,0,0,0,0,0,0,0,0,0,0,0,0,0,0,0,0,aro0921,sitting_straight,1
182,1789975376.327523,0,0,0,0,0,0,0,0,0,0,0,0,0,0,0,0,0,0,0,0,0,0,0,0,0,0,0,0,0,0,0,0,aro0921,sitting_straight,1
183,1789975376.327793,0,0,0,0,0,0,0,0,0,0,0,0,0,0,0,0,0,0,0,0,0,0,0,0,0,0,0,0,0,0,0,0,aro0921,sitting_straight,1
184,1789975376.328058,0,0,0,0,0,0,0,0,0,0,0,0,0,0,0,0,0,0,0,0,0,0,0,0,0,0,0,0,0,0,0,0,aro0921,sitting_straight,1
185,1789975376.328328,0,0,0,0,0,0,0,0,0,0,0,0,0,0,0,0,0,0,0,0,0,0,0,0,0,0,0,0,0,0,0,0,aro0921,sitting_straight,1
186,1789975376.328598,0,0,0,0,0,0,0,0,0,0,0,0,0,0,0,0,0,0,0,0,0,0,0,0,0,0,0,0,0,0,0,0,aro0921,sitting_straight,1
187,1789975376.328863,0,0,0,0,0,0,0,0,0,0,0,0,0,0,0,0,0,0,0,0,0,0,0,0,0,0,0,0,0,0,0,0,aro0921,sitting_straight,1
188,1789975376.329138,0,0,0,0,0,0,0,0,0,0,0,0,0,0,0,0,0,0,0,0,0,0,0,0,0,0,0,0,0,0,0,0,aro0921,sitting_straight,1
189,1789975376.329402,0,0,0,0,0,0,0,0,0,0,0,0,0,0,0,0,0,0,0,0,0,0,0,0,0,0,0,0,0,0,0,0,aro0921,sitting_straight,1
190,1789975376.329670,0,0,0,0,0,0,0,0,0,0,0,0,0,0,0,0,0,0,0,0,0,0,0,0,0,0,0,0,0,0,0,0,aro0921,sitting_straight,1
191,1789975376.329941,0,0,0,0,0,0,0,0,0,0,0,0,0,0,0,0,0,0,0,0,0,0,0,0,0,0,0,0,0,0,0,0,aro0921,sitting_straight,1
192,1789975376.330206,0,0,0,0,0,0,0,0,0,0,0,0,0,0,0,0,0,0,0,0,0,0,0,0,0,0,0,0,0,0,0,0,aro0921,sitting_straight,1
193,1789975376.330481,0,0,0,0,0,0,0,0,0,0,0,0,0,0,0,0,0,0,0,0,0,0,0,0,0,0,0,0,0,0,0,0,aro0921,sitting_straight,1
194,1789975376.330748,0,0,0,0,0,0,0,0,0,0,0,0,0,0,0,0,0,0,0,0,0,0,0,0,0,0,0,0,0,0,0,0,aro0921,sitting_straight,1
195,1789975376.331021,0,0,0,0,0,0,0,0,0,0,0,0,0,0,0,0,0,0,0,0,0,0,0,0,0,0,0,0,0,0,0,0,aro0921,sitting_straight,1
196,1789975376.331288,0,0,0,0,0,0,0,0,0,0,0,0,0,0,0,0,0,0,0,0,0,0,0,0,0,0,0,0,0,0,0,0,aro0921,sitting_straight,1
197,1789975376.331556,0,0,0,0,0,0,0,0,0,0,0,0,0,0,0,0,0,0,0,0,0,0,0,0,0,0,0,0,0,0,0,0,aro0921,sitting_straight,1
198,1789975376.331831,0,0,0,0,0,0,0,0,0,0,0,0,0,0,0,0,0,0,0,0,0,0,0,0,0,0,0,0,0,0,0,0,aro0921,sitting_straight,1
199,1789975376.332096,0,0,0,0,0,0,0,0,0,0,0,0,0,0,0,0,0,0,0,0,0,0,0,0,0,0,0,0,0,0,0,0,aro0921,sitting_straight,1
200,1789975376.332366,0,0,0,0,0,0,0,0,0,0,0,0,0,0,0,0,0,0,0,0,0,0,0,0,0,0,0,0,0,0,0,0,aro0921,sitting_straight,1
201,1789975376.332635,0,0,0,0,0,0,0,0,0,0,0,0,0,0,0,0,0,0,0,0,0,0,0,0,0,0,0,0,0,0,0,0,aro0921,sitting_straight,1
202,1789975376.332900,0,0,0,0,0,0,0,0,0,0,0,0,0,0,0,0,0,0,0,0,0,0,0,0,0,0,0,0,0,0,0,0,aro0921,sitting_straight,1
203,1789975376.333173,0,0,0,0,0,0,0,0,0,0,0,0,0,0,0,0,0,0,0,0,0,0,0,0,0,0,0,0,0,0,0,0,aro0921,sitting_straight,1
204,1789975376.333440,0,0,0,0,0,0,0,0,0,0,0,0,0,0,0,0,0,0,0,0,0,0,0,0,0,0,0,0,0,0,0,0,aro0921,sitting_straight,1
205,1789975376.333712,0,0,0,0,0,0,0,0,0,0,0,0,0,0,0,0,0,0,0,0,0,0,0,0,0,0,0,0,0,0,0,0,aro0921,sitting_straight,1
206,1789975376.333985,0,0,0,0,0,0,0,0,0,0,0,0,0,0,0,0,0,0,0,0,0,0,0,0,0,0,0,0,0,0,0,0,aro0921,sitting_straight,1
207,1789975376.334249,0,0,0,0,0,0,0,0,0,0,0,0,0,0,0,0,0,0,0,0,0,0,0,0,0,0,0,0,0,0,0,0,aro0921,sitting_straight,1
208,1789975376.334524,0,0,0,0,0,0,0,0,0,0,0,0,0,0,0,0,0,0,0,0,0,0,0,0,0,0,0,0,0,0,0,0,aro0921,sitting_straight,1
209,1789975376.334789,0,0,0,0,0,0,0,0,0,0,0,0,0,0,0,0,0,0,0,0,0,0,0,0,0,0,0,0,0,0,0,0,aro0921,sitting_straight,1
210,1789975376.335061,0,0,0,0,0,0,0,0,0,0,0,0,0,0,0,0,0,0,0,0,0,0,0,0,0,0,0,0,0,0,0,0,aro0921,sitting_straight,1
211,1789975376.335336,0,0,0,0,0,0,0,0,0,0,0,0,0,0,0,0,0,0,0,0,0,0,0,0,0,0,0,0,0,0,0,0,aro0921,sitting_straight,1
212,1789975376.335603,0,0,0,0,0,0,0,0,0,0,0,0,0,0,0,0,0,0,0,0,0,0,0,0,0,0,0,0,0,0,0,0,aro0921,sitting_straight,1
213,1789975376.335857,0,0,0,0,0,0,0,0,0,0,0,0,0,0,0,0,0,0,0,0,0,0,0,0,0,0,0,0,0,0,0,0,aro0921,sitting_straight,1
214,1789975376.336098,0,0,0,0,0,0,0,0,0,0,0,0,0,0,0,0,0,0,0,0,0,0,0,0,0,0,0,0,0,0,0,0,aro0921,sitting_straight,1
215,1789975376.336342,0,0,0,0,0,0,0,0,0,0,0,0,0,0,0,0,0,0,0,0,0,0,0,0,0,0,0,0,0,0,0,0,aro0921,sitting_straight,1
216,1789975376.336593,0,0,0,0,0,0,0,0,0,0,0,0,0,0,0,0,0,0,0,0,0,0,0,0,0,0,0,0,0,0,0,0,aro0921,sitting_straight,1
217,1789975376.336837,0,0,0,0,0,0,0,0,0,0,0,0,0,0,0,0,0,0,0,0,0,0,0,0,0,0,0,0,0,0,0,0,aro0921,sitting_straight,1
218,1789975376.337092,0,0,0,0,0,0,0,0,0,0,0,0,0,0,0,0,0,0,0,0,0,0,0,0,0,0,0,0,0,0,0,0,aro0921,sitting_straight,1
219,1789975376.337336,0,0,0,0,0,0,0,0,0,0,0,0,0,0,0,0,0,0,0,0,0,0,0,0,0,0,0,0,0,0,0,0,aro0921,sitting_straight,1
220,1789975376.337580,0,0,0,0,0,0,0,0,0,0,0,0,0,0,0,0,0,0,0,0,0,0,0,0,0,0,0,0,0,0,0,0,aro0921,sitting_straight,1
221,1789975376.337829,0,0,0,0,0,0,0,0,0,0,0,0,0,0,0,0,0,0,0,0,0,0,0,0,0,0,0,0,0,0,0,0,aro0921,sitting_straight,1
222,1789975376.338070,0,0,0,0,0,0,0,0,0,0,0,0,0,0,0,0,0,0,0,0,0,0,0,0,0,0,0,0,0,0,0,0,aro0921,sitting_straight,1
223,1789975376.338318,0,0,0,0,0,0,0,0,0,0,0,0,0,0,0,0,0,0,0,0,0,0,0,0,0,0,0,0,0,0,0,0,aro0921,sitting_straight,1
224,1789975376.338563,0,0,0,0,0,0,0,0,0,0,0,0,0,0,0,0,0,0,0,0,0,0,0,0,0,0,0,0,0,0,0,0,aro0921,sitting_straight,1
225,1789975376.338801,0,0,0,0,0,0,0,0,0,0,0,0,0,0,0,0,0,0,0,0,0,0,0,0,0,0,0,0,0,0,0,0,aro0921,sitting_straight,1
226,1789975376.339052,0,0,0,0,0,0,0,0,0,0,0,0,0,0,0,0,0,0,0,0,0,0,0,0,0,0,0,0,0,0,0,0,aro0921,sitting_straight,1
227,1789975376.339293,0,0,0,0,0,0,0,0,0,0,0,0,0,0,0,0,0,0,0,0,0,0,0,0,0,0,0,0,0,0,0,0,aro0921,sitting_straight,1
228,1789975376.339536,0,0,0,0,0,0,0,0,0,0,0,0,0,0,0,0,0,0,0,0,0,0,0,0,0,0,0,0,0,0,0,0,aro0921,sitting_straight,1
229,1789975376.339788,0,0,0,0,0,0,0,0,0,0,0,0,0,0,0,0,0,0,0,0,0,0,0,0,0,0,0,0,0,0,0,0,aro0921,sitting_straight,1
230,1789975376.340029,0,0,0,0,0,0,0,0,0,0,0,0,0,0,0,0,0,0,0,0,0,0,0,0,0,0,0,0,0,0,0,0,aro0921,sitting_straight,1
231,1789975376.340278,0,0,0,0,0,0,0,0,0,0,0,0,0,0,0,0,0,0,0,0,0,0,0,0,0,0,0,0,0,0,0,0,aro0921,sitting_straight,1
232,1789975376.340518,0,0,0,0,0,0,0,0,0,0,0,0,0,0,0,0,0,0,0,0,0,0,0,0,0,0,0,0,0,0,0,0,aro0921,sitting_straight,1
233,1789975376.340769,0,0,0,0,0,0,0,0,0,0,0,0,0,0,0,0,0,0,0,0,0,0,0,0,0,0,0,0,0,0,0,0,aro0921,sitting_straight,1
234,1789975376.341026,0,0,0,0,0,0,0,0,0,0,0,0,0,0,0,0,0,0,0,0,0,0,0,0,0,0,0,0,0,0,0,0,aro0921,sitting_straight,1
235,1789975376.341276,0,0,0,0,0,0,0,0,0,0,0,0,0,0,0,0,0,0,0,0,0,0,0,0,0,0,0,0,0,0,0,0,aro0921,sitting_straight,1
236,1789975376.341527,0,0,0,0,0,0,0,0,0,0,0,0,0,0,0,0,0,0,0,0,0,0,0,0,0,0,0,0,0,0,0,0,aro0921,sitting_straight,1
237,1789975376.341770,0,0,0,0,0,0,0,0,0,0,0,0,0,0,0,0,0,0,0,0,0,0,0,0,0,0,0,0,0,0,0,0,aro0921,sitting_straight,1
238,1789975376.342015,0,0,0,0,0,0,0,0,0,0,0,0,0,0,0,0,0,0,0,0,0,0,0,0,0,0,0,0,0,0,0,0,aro0921,sitting_straight,1
239,1789975376.342266,0,0,0,0,0,0,0,0,0,0,0,0,0,0,0,0,0,0,0,0,0,0,0,0,0,0,0,0,0,0,0,0,aro0921,sitting_straight,1
240,1789975376.342512,0,0,0,0,0,0,0,0,0,0,0,0,0,0,0,0,0,0,0,0,0,0,0,0,0,0,0,0,0,0,0,0,aro0921,sitting_straight,1
241,1789975376.342760,0,0,0,0,0,0,0,0,0,0,0,0,0,0,0,0,0,0,0,0,0,0,0,0,0,0,0,0,0,0,0,0,aro0921,sitting_straight,1
242,1789975376.343011,0,0,0,0,0,0,0,0,0,0,0,0,0,0,0,0,0,0,0,0,0,0,0,0,0,0,0,0,0,0,0,0,aro0921,sitting_straight,1
243,1789975376.343253,0,0,0,0,0,0,0,0,0,0,0,0,0,0,0,0,0,0,0,0,0,0,0,0,0,0,0,0,0,0,0,0,aro0921,sitting_straight,1
244,1789975376.343503,0,0,0,0,0,0,0,0,0,0,0,0,0,0,0,0,0,0,0,0,0,0,0,0,0,0,0,0,0,0,0,0,aro0921,sitting_straight,1
245,1789975376.343738,0,0,0,0,0,0,0,0,0,0,0,0,0,0,0,0,0,0,0,0,0,0,0,0,0,0,0,0,0,0,0,0,aro0921,sitting_straight,1
246,1789975376.343975,0,0,0,0,0,0,0,0,0,0,0,0,0,0,0,0,0,0,0,0,0,0,0,0,0,0,0,0,0,0,0,0,aro0921,sitting_straight,1
247,1789975376.344212,0,0,0,0,0,0,0,0,0,0,0,0,0,0,0,0,0,0,0,0,0,0,0,0,0,0,0,0,0,0,0,0,aro0921,sitting_straight,1
248,1789975376.344449,0,0,0,0,0,0,0,0,0,0,0,0,0,0,0,0,0,0,0,0,0,0,0,0,50,0,0,0,0,0,0,0,aro0921,sitting_straight,1
249,1789975376.344683,0,0,0,0,0,0,0,0,0,0,0,0,0,0,0,0,0,0,0,0,0,0,0,0,118,0,39,0,0,0,0,0,aro0921,sitting_straight,1
250,1789975376.361335,0,0,0,0,0,0,0,0,0,0,0,0,0,0,0,0,0,0,0,0,0,0,0,0,121,27,133,0,0,0,0,0,aro0921,sitting_straight,1
251,1789975376.381387,0,0,0,0,0,0,0,0,0,0,0,0,0,0,0,0,0,0,0,0,0,0,0,0,121,36,171,0,0,0,0,0,aro0921,sitting_straight,1
252,1789975376.401382,0,0,0,0,0,0,0,0,0,0,0,0,0,0,0,0,0,0,0,0,0,0,0,0,147,288,239,0,0,0,0,0,aro0921,sitting_straight,1
253,1789975376.421386,0,0,0,0,0,0,0,0,0,0,0,0,0,0,0,0,0,0,0,0,0,0,0,0,149,521,345,0,0,0,0,0,aro0921,sitting_straight,1
254,1789975376.441423,0,0,0,0,0,0,0,0,0,0,0,0,0,0,0,0,0,0,0,0,0,0,0,0,117,749,491,35,0,0,0,0,aro0921,sitting_straight,1
255,1789975376.461457,0,0,0,0,0,0,0,0,0,0,0,0,0,0,0,0,0,0,0,0,0,0,0,0,159,891,573,83,0,0,0,0,aro0921,sitting_straight,1
256,1789975376.481461,0,0,0,0,0,0,0,0,0,0,0,0,0,0,0,0,0,0,0,0,0,0,0,0,127,967,667,117,0,0,0,0,aro0921,sitting_straight,1
257,1789975376.501481,0,0,0,0,0,0,0,0,0,0,0,0,0,0,0,0,0,0,0,0,0,0,0,0,163,968,751,150,0,0,0,22,aro0921,sitting_straight,1
258,1789975376.521493,0,0,0,0,0,0,0,0,0,0,0,0,0,0,0,0,0,0,0,0,0,0,0,0,159,867,811,263,0,0,0,0,aro0921,sitting_straight,1
259,1789975376.542344,0,0,0,0,0,0,0,0,0,0,0,0,0,0,0,0,0,0,0,0,0,0,59,82,217,722,815,373,0,53,0,0,aro0921,sitting_straight,1
260,1789975376.562343,0,0,0,0,0,0,0,0,0,0,0,0,0,0,0,0,0,0,0,0,0,0,98,169,210,539,837,429,27,123,0,0,aro0921,sitting_straight,1
261,1789975376.582374,0,0,0,0,0,0,0,0,0,0,0,0,0,0,0,0,0,0,0,0,0,0,163,274,199,405,875,539,57,196,0,0,aro0921,sitting_straight,1
262,1789975376.602330,0,0,0,0,0,0,0,0,0,0,0,0,0,0,0,0,0,0,0,0,0,0,187,345,211,351,840,617,182,280,0,0,aro0921,sitting_straight,1
263,1789975376.622355,0,0,0,0,0,0,0,0,0,0,0,0,0,0,0,0,0,0,0,0,0,0,267,361,168,319,815,607,231,329,88,0,aro0921,sitting_straight,1
264,1789975376.642358,0,0,0,0,0,0,0,0,0,0,0,0,0,0,0,0,0,0,0,0,0,22,291,405,217,311,831,604,249,423,204,43,aro0921,sitting_straight,1
265,1789975376.662494,0,0,0,0,0,0,0,0,0,0,0,0,0,0,0,0,0,0,0,0,0,0,303,427,293,334,842,573,278,461,246,94,aro0921,sitting_straight,1
266,1789975376.682356,0,0,0,0,0,0,0,0,0,0,0,0,0,0,0,0,0,0,0,0,39,22,299,435,341,419,905,567,413,543,293,152,aro0921,sitting_straight,1
267,1789975376.702355,0,0,0,0,0,0,0,0,0,0,0,0,0,0,0,0,0,0,0,0,87,57,301,435,351,481,999,652,477,585,326,277,aro0921,sitting_straight,1
268,1789975376.722449,0,0,0,0,0,0,0,0,0,0,0,0,0,0,0,0,0,0,0,0,149,166,331,462,367,593,1032,669,495,607,333,317,aro0921,sitting_straight,1
269,1789975376.742390,0,0,0,0,0,0,0,0,0,0,0,0,0,0,60,0,0,0,0,0,167,184,302,483,471,617,1101,762,586,615,343,383,aro0921,sitting_straight,1
270,1789975376.762341,0,0,0,0,0,0,0,0,0,0,0,0,0,111,186,77,0,0,0,0,205,179,343,475,440,681,1150,871,663,639,347,423,aro0921,sitting_straight,1
271,1789975376.782413,0,0,0,0,0,0,0,0,0,0,0,0,135,301,215,189,0,0,45,0,267,185,349,543,455,764,1198,925,684,654,365,437,aro0921,sitting_straight,1
272,1789975376.802368,0,0,0,0,0,0,0,0,0,0,0,109,299,359,349,237,0,26,120,148,327,243,374,517,533,828,1183,1033,749,665,483,472,aro0921,sitting_straight,1
273,1789975376.821887,0,0,0,127,0,267,107,0,0,0,0,237,485,443,439,271,215,159,253,197,379,242,423,537,506,853,1189,1043,765,658,541,531,aro0921,sitting_straight,1
274,1789975376.842426,0,41,351,487,151,466,371,0,0,0,0,403,548,483,493,366,293,301,292,237,392,231,445,547,484,853,1211,1064,787,659,574,557,aro0921,sitting_straight,1
275,1789975376.862392,0,355,601,613,381,543,531,241,0,0,0,505,568,491,541,409,339,359,327,296,409,213,467,541,501,839,1179,1094,813,684,567,585,aro0921,sitting_straight,1
276,1789975376.882459,121,459,669,714,631,603,631,415,93,0,139,554,585,507,541,411,393,377,379,316,410,187,495,537,488,837,1151,1085,809,671,604,613,aro0921,sitting_straight,1
277,1789975376.902413,279,553,709,714,665,639,675,504,174,0,307,563,573,543,559,405,407,415,382,335,407,167,503,509,411,773,1167,1033,767,647,614,632,aro0921,sitting_straight,1
278,1789975376.922440,389,631,738,712,650,658,693,575,347,0,359,573,581,553,543,429,379,423,377,368,375,159,475,531,381,703,1143,1043,795,647,568,611,aro0921,sitting_straight,1
279,1789975376.942400,459,632,738,733,677,683,703,599,420,0,381,553,611,531,536,423,423,428,383,373,404,153,505,461,312,635,1125,989,755,649,569,565,aro0921,sitting_straight,1
280,1789975376.962403,495,639,735,725,653,681,712,615,499,0,411,583,597,509,555,419,393,419,376,359,394,156,469,421,283,619,1087,999,731,651,585,550,aro0921,sitting_straight,1
281,1789975376.982413,499,665,743,729,670,691,741,637,535,0,404,589,588,544,537,408,382,402,411,355,371,153,473,412,235,623,1093,983,739,651,573,550,aro0921,sitting_straight,1
282,1789975377.002430,505,662,731,717,658,703,762,659,573,0,416,589,599,508,535,436,379,383,423,369,361,137,499,396,253,565,1056,965,773,655,565,505,aro0921,sitting_straight,1
283,1789975377.022385,508,647,751,713,680,742,789,688,601,0,407,547,601,540,505,437,409,435,393,376,393,153,523,348,182,590,1077,933,766,681,590,520,aro0921,sitting_straight,1
284,1789975377.042450,506,643,750,697,661,743,823,731,623,0,390,595,587,504,539,409,421,403,403,379,329,223,484,317,197,565,1047,923,795,669,585,499,aro0921,sitting_straight,1
285,1789975377.062449,525,645,733,727,660,757,831,777,624,0,429,583,580,535,535,409,413,415,427,419,347,276,521,209,89,535,1043,953,787,679,575,507,aro0921,sitting_straight,1
286,1789975377.082394,517,661,745,715,677,791,869,818,651,0,429,571,574,519,525,437,421,423,445,423,392,330,519,185,91,533,1063,938,807,713,615,492,aro0921,sitting_straight,1
287,1789975377.102418,531,658,732,714,677,807,910,845,637,0,427,569,595,543,518,441,425,469,429,437,459,317,489,171,57,535,1053,909,813,775,621,484,aro0921,sitting_straight,1
288,1789975377.122420,520,675,730,700,671,803,921,847,651,0,443,585,565,538,531,438,411,467,483,429,427,364,413,150,69,563,1071,941,813,759,647,509,aro0921,sitting_straight,1
289,1789975377.142456,529,681,717,725,682,845,965,863,659,0,487,561,585,549,501,429,453,445,493,487,487,429,315,75,93,541,1051,947,815,767,653,485,aro0921,sitting_straight,1
290,1789975377.162404,503,715,719,719,678,841,973,843,644,0,475,595,595,533,499,435,439,477,480,489,509,459,212,47,71,571,1021,928,857,806,683,411,aro0921,sitting_straight,1
291,1789975377.182419,523,715,697,701,687,861,937,815,633,0,493,585,580,524,502,443,443,491,522,523,537,496,165,0,70,551,1031,940,836,798,682,383,aro0921,sitting_straight,1
292,1789975377.202393,523,745,711,716,669,861,979,818,616,0,529,568,600,536,519,439,437,507,501,557,505,489,139,0,86,599,1011,937,865,811,715,302,aro0921,sitting_straight,1
293,1789975377.222384,523,739,709,725,697,868,966,772,607,0,509,587,583,547,521,430,425,506,527,527,495,463,159,0,89,543,1055,947,843,807,743,372,aro0921,sitting_straight,1
294,1789975377.242446,543,746,693,733,695,869,967,738,615,0,522,614,605,533,493,453,437,552,537,541,483,402,287,0,116,623,1011,927,867,860,761,340,aro0921,sitting_straight,1
295,1789975377.262393,555,742,709,730,677,875,959,727,597,0,549,571,599,504,518,426,456,537,553,523,520,229,365,0,159,613,1077,927,879,892,806,265,aro0921,sitting_straight,1
296,1789975377.282376,553,757,711,718,687,879,951,723,600,0,533,587,583,521,519,439,440,535,529,541,505,201,381,0,139,616,1046,921,891,871,807,275,aro0921,sitting_straight,1
297,1789975377.302422,544,773,711,709,686,883,955,747,607,0,535,587,563,529,521,439,441,551,525,551,495,179,379,0,139,629,1051,983,907,903,822,293,aro0921,sitting_straight,1
298,1789975377.321520,537,767,723,711,677,867,953,723,621,0,551,607,571,492,529,425,444,507,543,555,530,237,291,0,115,604,1049,965,926,927,799,271,aro0921,sitting_straight,1
299,1789975377.342458,547,743,727,712,701,853,935,779,622,0,507,581,567,538,503,437,470,501,549,569,542,313,202,61,53,652,1039,965,925,941,813,301,aro0921,sitting_straight,1
300,1789975377.362421,540,731,701,713,686,859,935,778,651,0,537,601,599,525,529,455,471,530,521,564,553,316,201,45,56,631,1055,933,895,907,849,405,aro0921,sitting_straight,1
301,1789975377.382476,503,715,721,717,681,842,907,803,639,0,555,610,574,529,525,441,476,504,507,571,573,339,280,0,0,615,1079,951,927,942,875,403,aro0921,sitting_straight,1
302,1789975377.402387,517,669,715,735,695,805,851,795,677,0,519,614,606,531,523,469,478,503,548,529,543,345,338,0,0,695,1041,985,949,934,857,506,aro0921,sitting_straight,1
303,1789975377.422401,488,646,715,737,685,807,804,795,683,0,537,585,589,549,537,451,477,499,501,575,588,361,331,0,0,717,1095,937,949,909,913,535,aro0921,sitting_straight,1
304,1789975377.442417,455,635,712,734,701,791,825,800,685,22,508,594,585,533,552,487,464,493,495,567,563,403,333,45,0,739,1123,972,955,915,933,588,aro0921,sitting_straight,1
305,1789975377.462401,439,607,691,729,703,751,811,789,699,49,541,585,573,552,557,487,471,487,519,548,569,419,360,83,0,763,1133,1000,941,904,923,630,aro0921,sitting_straight,1
306,1789975377.482386,402,599,681,729,692,744,797,791,723,205,530,604,591,538,567,473,484,483,503,565,585,411,381,88,0,797,1116,1013,933,937,943,645,aro0921,sitting_straight,1
307,1789975377.502423,382,593,679,733,693,721,805,820,732,265,521,600,591,539,568,477,495,447,491,581,567,438,367,157,0,807,1129,1021,927,959,923,683,aro0921,sitting_straight,1
308,1789975377.522428,361,567,679,747,691,725,777,820,751,299,521,587,604,551,589,477,473,463,487,568,581,456,381,156,0,785,1159,1013,937,915,951,721,aro0921,sitting_straight,1
309,1789975377.542397,350,565,679,733,687,713,793,819,747,379,485,606,595,553,581,493,493,461,509,580,593,432,426,215,0,791,1163,1051,855,907,923,713,aro0921,sitting_straight,1
310,1789975377.562423,347,569,664,747,681,717,792,855,760,415,475,597,597,535,584,467,503,477,489,583,615,441,418,219,0,810,1141,1046,878,932,975,760,aro0921,sitting_straight,1
311,1789975377.582391,325,564,683,727,711,728,809,870,745,443,447,597,569,523,595,465,477,491,523,555,610,435,425,269,0,799,1125,1051,956,952,956,741,aro0921,sitting_straight,1
312,1789975377.602445,325,553,691,757,685,745,805,889,775,421,447,570,584,521,565,463,478,463,547,597,595,457,455,277,0,726,1087,1063,873,951,954,781,aro0921,sitting_straight,1
313,1789975377.622434,355,553,691,744,696,751,826,891,742,447,434,565,598,541,559,479,478,499,537,572,616,458,452,263,0,718,1129,1033,931,931,983,761,aro0921,sitting_straight,1
314,1789975377.642418,363,565,671,747,700,744,838,887,739,429,347,555,585,551,559,499,469,516,527,600,631,484,456,291,0,660,1100,1053,923,967,987,771,aro0921,sitting_straight,1
315,1789975377.662393,376,589,678,725,683,757,820,867,735,441,427,559,611,553,565,458,476,522,531,589,615,471,457,259,0,687,1129,1019,910,947,973,779,aro0921,sitting_straight,1
316,1789975377.682417,391,589,693,735,685,761,825,853,727,414,436,574,589,536,572,483,491,541,547,605,618,485,441,279,0,676,1085,1016,922,952,980,781,aro0921,sitting_straight,1
317,1789975377.702430,415,581,709,749,683,781,839,853,711,395,447,573,613,530,595,489,488,547,571,617,614,495,427,273,0,679,1079,1004,910,949,1003,775,aro0921,sitting_straight,1
318,1789975377.722386,415,612,703,725,680,776,825,765,716,379,457,595,590,556,552,467,509,539,571,627,639,498,457,278,0,703,1085,1047,927,943,1001,747,aro0921,sitting_straight,1
319,1789975377.742382,408,617,697,728,679,787,811,783,697,371,487,603,579,523,593,466,479,567,543,603,617,504,424,265,0,693,1113,1017,919,989,989,785,aro0921,sitting_straight,1
320,1789975377.762456,421,596,704,739,679,754,806,759,715,339,500,587,582,555,557,489,518,575,553,623,635,499,423,280,0,697,1112,1052,937,983,997,719,aro0921,sitting_straight,1
321,1789975377.782402,421,611,715,730,695,749,808,755,711,315,478,573,613,566,569,471,491,557,559,645,653,493,427,315,0,745,1103,1007,941,967,967,700,aro0921,sitting_straight,1
322,1789975377.802398,439,601,709,757,693,750,797,765,701,293,492,585,617,543,575,473,521,569,550,632,631,517,443,307,0,703,1087,991,933,936,947,731,aro0921,sitting_straight,1
323,1789975377.822442,425,601,693,744,675,739,809,743,693,297,493,611,574,553,589,507,495,587,579,611,621,509,427,279,0,724,1047,1002,872,954,984,731,aro0921,sitting_straight,1
324,1789975377.842420,413,629,699,745,693,739,809,745,680,301,493,597,575,547,574,489,537,595,547,599,621,491,416,286,0,694,1017,997,917,965,959,687,aro0921,sitting_straight,1
325,1789975377.862412,441,616,729,758,672,745,793,764,699,263,524,615,605,571,571,488,527,564,566,637,648,519,435,279,0,667,1051,937,879,927,934,691,aro0921,sitting_straight,1
326,1789975377.882496,435,631,719,747,687,747,805,757,687,251,507,597,599,559,581,499,519,565,563,617,622,489,443,293,0,671,1031,943,872,933,901,719,aro0921,sitting_straight,1
327,1789975377.901525,437,637,727,755,697,749,803,749,681,238,507,596,585,573,583,493,517,547,583,625,624,485,440,284,0,679,981,949,868,909,951,730,aro0921,sitting_straight,1
328,1789975377.922396,439,654,722,745,693,744,787,743,681,203,509,626,615,583,569,484,520,570,547,581,581,471,453,287,0,719,1019,920,889,919,982,757,aro0921,sitting_straight,1
329,1789975377.942427,441,633,737,733,681,726,766,743,680,153,525,610,573,584,585,502,539,529,539,619,581,469,457,285,0,697,1054,931,827,937,934,746,aro0921,sitting_straight,1
330,1789975377.962437,445,669,758,755,675,739,767,731,669,82,539,611,605,567,595,487,499,544,521,581,605,477,411,263,0,683,1041,889,872,867,939,713,aro0921,sitting_straight,1
331,1789975377.982394,459,652,745,755,678,733,775,719,653,72,531,597,605,550,597,483,507,529,508,583,591,485,424,253,0,647,1003,927,830,838,917,687,aro0921,sitting_straight,1
332,1789975378.002421,478,627,749,761,695,703,749,724,653,75,543,621,601,601,589,483,539,533,503,573,559,463,427,266,0,668,979,941,811,839,927,679,aro0921,sitting_straight,1
333,1789975378.022434,476,655,767,751,703,723,763,719,621,61,549,613,631,559,615,507,493,535,509,587,555,483,395,253,0,662,1029,923,811,815,915,703,aro0921,sitting_straight,1
334,1789975378.042418,492,647,749,763,710,733,763,709,626,61,547,629,593,597,600,525,491,543,495,565,550,441,429,229,0,684,1044,973,805,860,919,665,aro0921,sitting_straight,1
335,1789975378.062430,489,655,759,775,695,711,756,713,645,51,527,605,611,562,599,509,557,516,503,574,595,462,430,246,0,703,1097,967,807,855,911,671,aro0921,sitting_straight,1
336,1789975378.082418,475,664,764,775,693,717,759,701,631,53,549,607,616,581,589,519,537,551,533,563,585,465,413,239,0,727,1081,985,805,841,939,677,aro0921,sitting_straight,1
337,1789975378.102412,444,665,758,751,695,715,751,691,627,71,541,612,619,581,601,517,539,537,529,589,563,473,395,268,0,727,1083,988,775,819,973,671,aro0921,sitting_straight,1
338,1789975378.122391,453,637,739,759,681,734,763,719,620,42,551,631,587,596,585,507,556,532,519,579,593,473,424,248,0,671,1059,1017,814,809,936,697,aro0921,sitting_straight,1
339,1789975378.142437,429,633,731,744,694,701,777,693,624,73,499,619,627,553,589,495,555,529,559,587,596,453,435,279,0,748,1050,1001,777,860,925,663,aro0921,sitting_straight,1
340,1789975378.162440,394,623,745,742,681,731,765,723,639,61,509,607,621,569,599,495,503,559,535,581,584,475,447,253,0,732,1080,980,775,855,942,671,aro0921,sitting_straight,1
341,1789975378.182415,381,607,699,749,665,727,765,725,621,51,493,613,615,551,599,478,537,543,525,587,587,459,441,253,0,727,1047,955,799,825,955,664,aro0921,sitting_straight,1
342,1789975378.202449,351,596,713,747,678,738,781,695,621,69,473,569,582,537,605,499,502,543,519,605,579,455,453,245,0,699,1069,978,765,831,923,676,aro0921,sitting_straight,1
343,1789975378.222415,344,589,686,743,653,717,765,703,623,41,508,597,581,569,565,519,529,575,541,571,611,477,423,261,0,664,1007,977,805,847,955,692,aro0921,sitting_straight,1
344,1789975378.242388,344,575,693,735,650,712,755,709,633,59,488,563,613,567,575,518,521,579,551,591,589,508,423,279,0,647,1011,943,779,869,927,693,aro0921,sitting_straight,1
345,1789975378.262429,330,583,684,729,649,731,781,730,631,72,493,593,610,539,595,501,509,557,541,616,609,495,467,287,0,671,1039,935,787,871,959,697,aro0921,sitting_straight,1
346,1789975378.282413,315,559,686,723,657,719,773,725,653,69,471,559,597,552,579,495,524,565,555,599,611,495,453,303,0,659,1014,937,799,847,953,711,aro0921,sitting_straight,1
347,1789975378.302400,303,563,685,719,659,735,757,746,636,91,459,567,591,544,573,495,533,572,539,618,617,491,477,300,0,649,1013,939,793,876,955,711,aro0921,sitting_straight,1
348,1789975378.322418,297,551,667,728,654,723,773,718,639,85,447,565,571,527,585,506,521,553,572,617,619,491,444,327,0,637,1039,921,776,867,941,695,aro0921,sitting_straight,1
349,1789975378.342438,267,563,671,703,665,703,766,730,649,89,409,555,606,548,571,505,520,584,539,596,605,501,446,345,0,657,995,921,779,826,977,721,aro0921,sitting_straight,1
350,1789975378.362433,247,541,666,703,649,725,773,719,639,105,421,547,596,525,584,501,521,571,571,599,599,517,439,315,0,631,998,905,783,871,937,731,aro0921,sitting_straight,1
351,1789975378.382435,223,536,665,711,649,721,752,721,665,77,413,535,573,507,562,518,537,587,575,621,607,484,457,341,0,638,1013,891,789,877,931,713,aro0921,sitting_straight,1
352,1789975378.402423,229,529,663,715,651,725,763,758,647,99,408,533,597,553,549,507,503,575,531,573,599,495,432,318,0,605,1017,911,772,873,939,739,aro0921,sitting_straight,1
353,1789975378.422412,210,535,654,687,659,701,761,733,663,73,398,547,565,519,567,499,530,571,559,595,615,489,467,333,0,604,975,927,813,878,959,713,aro0921,sitting_straight,1
354,1789975378.442429,218,530,648,701,649,701,765,721,661,79,375,565,567,520,535,487,503,553,553,621,628,485,426,307,0,619,991,920,791,875,941,695,aro0921,sitting_straight,1
355,1789975378.462435,200,531,659,715,638,715,783,719,659,75,413,533,559,507,550,471,520,547,549,597,617,505,429,344,0,573,979,917,816,837,949,747,aro0921,sitting_straight,1
356,1789975378.482395,225,537,665,701,651,723,774,731,651,73,397,549,567,529,558,486,510,562,557,599,615,503,457,325,0,563,979,901,793,855,969,723,aro0921,sitting_straight,1
357,1789975378.502404,235,547,665,701,653,709,789,729,645,79,396,550,562,529,543,485,517,557,557,589,589,523,441,339,0,588,971,891,777,836,980,741,aro0921,sitting_straight,1
358,1789975378.522437,261,549,667,702,657,723,777,727,637,69,395,552,567,525,543,488,517,559,553,601,607,499,457,325,0,585,965,885,780,859,957,722,aro0921,sitting_straight,1
359,1789975378.542440,275,551,669,701,653,727,765,733,651,70,396,549,574,525,557,485,509,539,573,587,603,499,459,308,0,581,955,888,763,875,964,713,aro0921,sitting_straight,1
360,1789975378.562399,291,563,676,711,652,726,777,727,649,38,415,557,585,537,549,502,499,569,541,621,629,476,471,343,0,563,931,867,779,841,953,713,aro0921,sitting_straight,1
361,1789975378.582428,297,557,683,691,659,735,788,731,617,51,416,547,567,553,541,487,491,552,569,619,633,488,443,290,0,563,949,851,794,831,975,713,aro0921,sitting_straight,1
362,1789975378.602430,298,573,679,697,662,726,798,743,629,38,403,538,587,506,562,477,499,581,540,607,630,483,445,301,0,574,971,859,776,862,954,681,aro0921,sitting_straight,1
363,1789975378.622412,301,555,671,703,661,734,799,716,623,51,389,548,588,521,557,487,495,555,583,599,603,502,457,299,0,575,985,858,743,855,981,717,aro0921,sitting_straight,1
364,1789975378.642425,303,567,667,713,656,744,818,725,629,51,379,563,551,532,564,467,505,552,553,585,613,492,431,333,0,623,975,877,735,846,970,725,aro0921,sitting_straight,1
365,1789975378.662446,339,559,684,717,649,725,809,741,647,28,401,555,567,531,529,471,531,571,557,593,612,502,445,327,0,611,981,857,741,825,953,725,aro0921,sitting_straight,1
366,1789975378.682405,343,555,664,698,665,727,806,743,637,30,405,537,583,524,541,494,530,549,563,619,619,518,428,329,0,580,985,873,763,845,955,761,aro0921,sitting_straight,1
367,1789975378.702386,332,551,663,703,649,729,809,723,627,47,412,549,589,538,548,474,536,551,556,623,611,491,457,310,0,603,955,855,759,845,933,709,aro0921,sitting_straight,1
368,1789975378.722423,327,565,677,703,661,734,794,741,649,45,423,555,573,535,547,487,518,565,559,605,605,493,440,314,0,604,958,887,767,847,955,717,aro0921,sitting_straight,1
369,1789975378.742425,315,573,671,693,663,734,791,750,667,55,427,553,584,552,534,487,510,585,539,605,603,475,453,301,0,612,973,857,764,820,939,745,aro0921,sitting_straight,1
370,1789975378.762410,333,553,665,711,653,731,787,741,663,69,440,573,591,539,555,500,495,572,541,594,604,521,431,300,0,590,985,863,751,858,953,725,aro0921,sitting_straight,1
371,1789975378.782435,343,557,686,703,655,735,804,751,653,84,444,549,565,519,553,483,533,565,565,621,605,491,436,298,0,629,979,871,781,851,954,727,aro0921,sitting_straight,1
372,1789975378.802437,331,583,694,700,666,725,791,745,679,73,447,551,609,508,567,493,524,534,569,614,611,503,427,340,0,596,985,846,781,825,979,747,aro0921,sitting_straight,1
373,1789975378.822396,346,588,684,709,675,747,795,776,682,102,428,559,580,533,555,473,499,571,555,607,600,483,439,296,0,627,975,851,776,851,933,701,aro0921,sitting_straight,1
374,1789975378.841743,365,566,671,731,687,731,797,755,694,83,444,541,579,559,566,505,551,543,575,585,633,525,426,337,0,599,936,905,747,859,968,679,aro0921,sitting_straight,1
375,1789975378.862451,376,572,696,725,669,739,796,772,692,101,472,580,573,559,555,500,508,551,569,617,593,505,429,295,0,604,941,873,747,861,973,709,aro0921,sitting_straight,1
376,1789975378.882431,359,602,699,725,687,731,795,764,691,123,443,586,570,534,585,499,509,548,559,613,589,484,442,311,0,618,943,893,756,839,956,727,aro0921,sitting_straight,1
377,1789975378.902422,381,601,691,719,691,713,815,788,687,106,440,559,569,523,580,475,537,539,568,583,623,487,456,301,0,653,935,903,752,829,955,688,aro0921,sitting_straight,1
378,1789975378.922428,375,595,703,733,677,739,793,765,685,115,469,565,588,547,571,505,523,555,549,603,601,519,430,313,0,623,965,877,747,838,948,695,aro0921,sitting_straight,1
379,1789975378.942432,390,597,701,727,679,741,789,777,682,105,472,565,573,543,569,494,527,532,551,586,583,506,422,285,0,629,959,905,772,842,971,709,aro0921,sitting_straight,1
380,1789975378.962415,380,597,699,738,679,739,796,757,677,106,476,561,595,549,571,495,524,548,541,589,595,487,427,301,0,613,965,875,747,837,937,685,aro0921,sitting_straight,1
381,1789975378.982434,393,587,709,743,683,741,777,747,679,83,475,565,571,555,557,494,521,525,557,594,603,501,431,312,0,616,983,889,760,807,924,697,aro0921,sitting_straight,1
382,1789975379.002422,403,582,685,749,667,730,796,747,661,104,486,543,595,559,589,519,501,517,531,601,573,485,407,319,0,639,994,851,733,820,920,711,aro0921,sitting_straight,1
383,1789975379.022425,383,606,713,727,677,725,775,747,663,99,483,583,598,561,543,509,520,543,525,595,582,490,403,304,0,587,987,859,761,827,925,659,aro0921,sitting_straight,1
384,1789975379.042447,403,601,697,729,684,727,792,747,675,104,459,552,579,556,531,491,531,520,552,550,573,442,427,299,0,623,989,879,728,840,949,697,aro0921,sitting_straight,1
385,1789975379.062439,381,594,719,748,681,729,795,746,683,116,491,551,607,547,585,493,524,503,552,597,569,473,415,291,0,587,975,872,749,811,955,688,aro0921,sitting_straight,1
386,1789975379.082414,398,615,701,741,677,749,803,739,670,119,462,586,584,562,573,519,499,519,549,567,622,467,409,284,0,627,939,893,741,813,958,647,aro0921,sitting_straight,1
387,1789975379.102449,423,601,697,757,700,749,783,748,679,158,471,567,585,563,581,503,490,495,503,595,569,492,390,275,0,573,970,893,714,841,959,636,aro0921,sitting_straight,1
388,1789975379.122434,405,620,726,747,677,737,805,745,697,159,491,584,570,565,563,479,517,487,541,601,607,459,421,297,0,599,937,883,714,821,937,633,aro0921,sitting_straight,1
389,1789975379.142405,419,629,703,747,688,734,792,761,697,163,487,553,597,541,567,505,529,503,507,563,603,467,391,271,0,565,926,875,679,799,941,627,aro0921,sitting_straight,1
390,1789975379.162440,419,603,715,745,687,745,797,756,687,181,469,565,589,543,567,487,497,495,525,581,583,469,403,283,0,585,957,863,703,791,927,645,aro0921,sitting_straight,1
391,1789975379.182451,411,634,718,751,691,759,815,750,681,207,472,563,563,543,569,487,503,477,539,581,581,468,399,275,0,585,950,871,685,811,947,621,aro0921,sitting_straight,1
392,1789975379.202435,442,601,723,773,684,765,783,779,712,199,470,571,575,523,589,469,499,485,507,601,563,445,435,291,0,572,959,874,722,761,909,662,aro0921,sitting_straight,1
393,1789975379.222429,413,636,728,761,719,755,797,783,711,211,478,551,601,553,553,499,493,522,519,567,603,461,421,279,0,593,939,825,717,807,907,620,aro0921,sitting_straight,1
394,1789975379.242481,427,639,727,759,709,743,819,761,691,269,455,567,605,559,557,495,492,523,509,602,598,488,423,299,0,587,958,839,697,811,936,611,aro0921,sitting_straight,1
395,1789975379.262452,437,647,733,755,713,759,823,765,715,282,472,563,575,547,553,474,517,489,543,600,599,487,406,277,0,556,915,854,671,794,911,593,aro0921,sitting_straight,1
396,1789975379.282428,429,647,713,767,731,751,825,763,709,335,445,580,600,543,553,472,531,491,549,571,586,455,429,313,0,599,947,815,677,799,918,615,aro0921,sitting_straight,1
397,1789975379.302440,457,637,727,777,719,760,819,780,733,348,445,584,611,564,568,471,487,523,541,563,580,467,439,301,0,588,906,827,699,791,931,602,aro0921,sitting_straight,1
398,1789975379.322422,459,627,739,763,734,767,810,776,739,341,430,549,615,563,559,501,494,490,550,580,584,459,447,277,0,581,841,793,699,797,906,617,aro0921,sitting_straight,1
399,1789975379.342442,437,639,735,759,719,755,808,777,727,355,447,551,611,527,569,474,485,485,547,600,573,472,416,327,0,547,927,808,691,759,923,653,aro0921,sitting_straight,1
400,1789975379.361627,460,631,725,761,745,775,821,767,713,367,467,555,573,554,541,493,519,494,532,600,618,473,404,277,0,543,931,812,676,800,935,611,aro0921,sitting_straight,1
401,1789975379.382515,439,645,741,759,732,761,815,773,739,377,443,544,600,529,586,487,487,487,535,583,591,477,383,310,0,563,939,811,671,782,927,615,aro0921,sitting_straight,1
402,1789975379.402453,447,631,729,775,727,761,820,787,729,373,435,555,589,543,563,485,495,503,521,585,586,475,410,295,0,569,921,809,678,767,925,629,aro0921,sitting_straight,1
403,1789975379.422444,453,631,732,775,727,750,811,793,725,363,457,565,597,538,567,487,495,501,547,587,602,476,423,280,0,566,921,815,671,775,919,607,aro0921,sitting_straight,1
404,1789975379.442474,457,623,744,780,740,756,825,791,722,355,436,543,604,553,535,479,509,520,503,599,602,491,393,271,0,590,923,791,683,778,909,606,aro0921,sitting_straight,1
405,1789975379.462424,461,627,727,781,725,751,823,799,717,381,459,552,609,547,574,486,501,502,509,595,595,479,429,283,0,550,935,803,665,777,891,619,aro0921,sitting_straight,1
406,1789975379.482517,438,619,741,763,731,764,808,777,738,361,475,575,583,559,565,500,485,493,543,568,602,447,415,296,0,565,913,841,665,747,951,619,aro0921,sitting_straight,1
407,1789975379.502529,459,612,735,776,734,755,807,795,719,371,451,543,571,523,575,468,520,489,533,586,575,477,406,307,0,563,932,810,663,785,893,645,aro0921,sitting_straight,1
408,1789975379.522442,442,615,723,783,713,749,825,789,721,365,486,579,585,521,579,471,505,491,522,605,593,457,423,291,0,557,956,805,676,773,893,611,aro0921,sitting_straight,1
409,1789975379.542455,446,623,739,759,710,755,810,763,741,361,483,549,612,581,547,487,524,523,531,583,567,494,396,301,0,568,947,807,671,729,933,651,aro0921,sitting_straight,1
410,1789975379.562476,439,613,733,781,719,761,821,777,732,345,483,575,593,559,553,488,501,493,541,559,601,483,437,277,0,556,915,845,715,743,948,613,aro0921,sitting_straight,1
411,1789975379.582427,411,634,738,775,733,751,811,787,730,351,461,547,611,529,559,473,521,521,504,597,589,485,431,285,0,553,951,809,703,775,905,629,aro0921,sitting_straight,1
412,1789975379.602480,420,622,726,767,729,757,813,779,721,349,466,565,591,542,565,487,495,499,523,575,583,469,421,298,0,581,932,827,686,767,923,627,aro0921,sitting_straight,1
413,1789975379.622496,425,629,729,783,721,742,807,774,712,360,467,559,599,543,567,488,502,509,505,591,587,460,401,309,0,576,911,859,702,791,901,617,aro0921,sitting_straight,1
414,1789975379.642498,403,637,714,761,733,747,795,767,696,359,461,540,583,541,556,483,525,493,525,581,560,470,416,324,0,555,909,861,711,776,878,658,aro0921,sitting_straight,1
415,1789975379.662176,408,616,715,773,711,745,823,765,711,351,473,555,611,529,557,499,521,507,523,597,589,445,425,309,0,603,919,827,717,799,906,601,aro0921,sitting_straight,1
416,1789975379.682460,399,611,731,756,727,747,821,781,727,341,485,558,607,543,583,490,523,519,535,595,564,453,395,286,0,583,931,851,695,763,950,607,aro0921,sitting_straight,1
417,1789975379.702441,395,629,715,781,726,765,821,787,715,348,475,579,607,557,553,503,503,483,490,574,553,476,427,281,0,599,951,815,712,798,927,661,aro0921,sitting_straight,1
418,1789975379.722400,405,627,743,757,697,760,815,787,723,327,486,590,572,564,580,483,485,477,529,595,582,457,441,309,0,571,966,841,685,793,924,605,aro0921,sitting_straight,1
419,1789975379.742435,395,629,731,751,713,759,815,764,701,334,487,569,586,565,556,473,507,501,537,589,573,487,409,306,0,569,956,827,697,751,903,657,aro0921,sitting_straight,1
420,1789975379.762433,412,627,703,755,729,756,793,787,725,315,455,564,585,542,571,495,507,487,509,572,562,478,397,284,0,613,917,829,681,775,949,659,aro0921,sitting_straight,1
421,1789975379.782431,399,615,717,775,716,751,806,757,723,310,482,593,597,551,570,487,507,485,525,588,589,436,431,292,0,575,925,842,699,813,903,621,aro0921,sitting_straight,1
422,1789975379.802416,389,617,729,777,721,755,797,755,701,316,456,549,615,555,552,501,523,491,543,590,553,461,428,293,0,589,939,844,713,805,903,647,aro0921,sitting_straight,1
423,1789975379.822432,419,602,719,773,731,746,819,779,701,317,459,557,565,525,585,491,509,479,505,570,570,482,403,285,0,567,915,877,703,795,949,651,aro0921,sitting_straight,1
424,1789975379.842418,409,617,750,765,723,755,807,775,715,303,453,606,595,543,571,477,505,494,517,571,571,462,407,293,0,600,951,859,703,792,927,633,aro0921,sitting_straight,1
425,1789975379.862425,409,615,727,765,717,745,797,765,741,295,469,562,597,541,571,489,500,477,525,589,589,461,399,313,0,590,949,861,681,811,895,626,aro0921,sitting_straight,1
426,1789975379.882450,415,611,735,777,708,751,809,777,715,288,487,557,594,538,573,488,507,483,527,581,585,470,427,279,0,602,929,874,695,782,909,629,aro0921,sitting_straight,1
427,1789975379.902448,407,605,731,759,725,739,799,749,701,315,486,541,589,570,558,491,493,474,530,573,565,441,428,295,0,587,920,843,724,811,951,636,aro0921,sitting_straight,1
428,1789975379.922435,407,627,716,765,723,759,799,776,727,301,443,553,571,569,587,471,487,503,496,551,587,477,410,312,0,615,913,890,723,803,949,603,aro0921,sitting_straight,1
429,1789975379.942414,395,614,725,777,711,743,797,777,701,315,467,585,599,563,553,489,486,501,533,565,557,478,429,285,0,615,973,843,711,767,950,614,aro0921,sitting_straight,1
430,1789975379.962439,411,605,723,777,717,745,807,788,701,315,477,569,600,563,581,499,493,493,499,586,585,459,398,302,0,588,980,855,733,779,922,629,aro0921,sitting_straight,1
431,1789975379.982433,413,619,713,751,729,745,809,789,701,315,479,565,599,530,570,495,530,461,507,555,593,467,411,314,0,583,972,856,699,809,895,607,aro0921,sitting_straight,1
432,1789975380.002458,391,613,713,751,731,765,796,756,733,315,454,573,581,569,568,509,507,477,540,603,564,487,425,285,0,630,931,867,686,783,936,651,aro0921,sitting_straight,1
433,1789975380.022569,391,627,717,761,709,755,821,766,717,303,475,559,611,555,549,509,508,521,503,557,568,445,404,277,0,612,965,845,695,764,955,655,aro0921,sitting_straight,1
434,1789975380.042461,405,613,724,762,719,757,809,780,723,327,429,567,589,539,569,505,501,504,518,571,563,463,421,297,0,579,950,869,715,793,928,627,aro0921,sitting_straight,1
435,1789975380.062414,401,615,723,763,722,763,823,781,701,332,467,565,587,543,569,488,495,499,509,569,593,463,396,311,0,605,951,867,726,814,925,600,aro0921,sitting_straight,1
436,1789975380.082444,389,615,729,776,732,744,803,773,727,313,457,551,569,535,556,471,507,483,535,597,587,447,431,287,0,583,957,884,695,800,926,613,aro0921,sitting_straight,1
437,1789975380.102427,407,629,719,757,711,763,798,775,727,343,487,551,574,525,563,477,543,491,543,553,568,443,423,317,0,587,939,886,713,773,948,649,aro0921,sitting_straight,1
438,1789975380.122410,409,612,729,779,719,762,809,787,723,335,457,551,615,548,550,467,531,521,529,565,565,483,421,281,0,589,955,880,697,797,909,637,aro0921,sitting_straight,1
439,1789975380.142444,383,626,713,749,713,765,822,773,714,343,499,566,571,533,584,484,493,489,500,589,593,454,428,298,0,604,939,886,687,805,920,611,aro0921,sitting_straight,1
440,1789975380.162483,414,605,715,780,731,764,803,795,713,347,467,550,607,557,555,493,520,522,527,557,579,456,435,311,0,584,947,862,725,797,959,637,aro0921,sitting_straight,1
441,1789975380.181518,397,605,713,777,713,749,815,766,712,331,460,574,595,525,556,492,517,509,507,583,564,470,431,319,0,629,936,889,732,793,904,653,aro0921,sitting_straight,1
442,1789975380.202584,381,627,726,749,730,747,795,799,717,331,475,544,579,555,551,487,517,499,521,563,589,463,439,293,0,587,939,893,683,819,925,597,aro0921,sitting_straight,1
443,1789975380.222354,411,613,727,777,731,763,809,791,732,343,455,551,601,530,579,495,489,520,503,567,563,473,405,287,0,603,977,843,711,811,957,636,aro0921,sitting_straight,1
444,1789975380.242439,403,617,732,763,717,760,813,789,724,343,455,574,588,542,567,507,504,503,509,575,571,475,429,303,0,600,957,855,713,796,933,633,aro0921,sitting_straight,1
445,1789975380.261764,400,616,723,765,724,757,823,780,723,329,463,571,585,540,567,489,504,503,519,575,595,475,423,304,0,606,952,871,721,823,932,618,aro0921,sitting_straight,1
446,1789975380.282418,398,614,733,759,728,743,821,789,711,349,445,548,571,558,553,483,521,523,521,567,557,470,435,271,0,586,973,883,693,796,953,645,aro0921,sitting_straight,1
447,1789975380.302428,404,603,727,764,711,767,805,782,733,345,487,588,573,535,588,489,488,519,495,597,583,460,443,283,0,600,925,901,731,767,901,645,aro0921,sitting_straight,1
448,1789975380.322427,395,613,733,755,728,761,803,767,718,346,469,551,571,525,558,501,495,490,541,595,588,482,407,283,0,615,953,850,716,811,907,605,aro0921,sitting_straight,1
449,1789975380.342457,403,604,731,761,701,747,803,791,713,345,485,581,605,556,549,473,531,529,501,551,584,490,403,281,0,587,967,845,725,804,895,613,aro0921,sitting_straight,1
450,1789975380.362413,409,603,713,779,729,767,823,791,723,332,452,569,569,543,550,487,521,488,516,572,581,454,413,281,0,587,978,879,717,797,933,601,aro0921,sitting_straight,1
451,1789975380.382149,409,613,721,764,733,775,821,775,709,342,459,548,599,559,553,498,503,493,541,584,563,471,430,294,0,597,973,868,687,806,955,605,aro0921,sitting_straight,1
452,1789975380.401547,392,605,739,777,703,751,812,765,707,350,453,563,601,543,552,477,495,491,549,558,541,485,437,283,0,629,911,877,727,789,933,653,aro0921,sitting_straight,1
453,1789975380.422516,391,628,716,757,728,755,813,765,729,327,469,565,567,539,547,472,485,486,539,587,585,462,430,325,0,587,920,905,732,787,916,618,aro0921,sitting_straight,1
454,1789975380.442424,403,617,731,761,711,760,811,781,717,339,483,543,590,560,549,507,525,500,535,572,597,469,421,301,0,595,935,863,717,797,927,631,aro0921,sitting_straight,1
455,1789975380.462425,403,617,724,763,719,755,811,789,719,340,466,565,585,543,567,488,491,501,523,574,580,472,412,307,0,611,953,873,690,789,930,597,aro0921,sitting_straight,1
456,1789975380.482463,393,630,717,755,701,749,803,777,723,345,472,567,585,557,563,503,493,495,539,558,570,457,436,315,0,631,933,892,701,787,937,638,aro0921,sitting_straight,1
457,1789975380.502446,393,631,729,759,710,745,815,775,703,343,461,579,607,531,570,483,523,484,552,595,573,469,429,317,0,633,974,873,719,809,907,620,aro0921,sitting_straight,1
458,1789975380.521945,403,603,741,780,731,749,815,781,729,343,443,548,568,522,570,471,524,501,523,589,606,483,395,319,24,623,943,877,689,811,910,617,aro0921,sitting_straight,1
459,1789975380.541622,389,588,732,761,709,765,824,767,700,343,478,575,569,542,586,475,487,485,541,581,597,481,403,301,0,601,951,892,677,813,913,605,aro0921,sitting_straight,1
460,1789975380.561687,407,611,731,761,715,750,807,773,726,333,461,563,603,530,569,484,491,500,541,587,593,447,441,327,0,613,935,852,722,815,909,599,aro0921,sitting_straight,1
461,1789975380.582448,409,617,718,755,722,767,821,785,716,341,483,555,587,557,557,485,506,490,537,565,594,459,429,297,0,595,953,859,703,810,943,601,aro0921,sitting_straight,1
462,1789975380.602733,399,604,733,755,734,773,797,781,732,336,453,555,564,520,588,465,509,487,499,589,599,487,389,297,0,582,931,892,684,815,942,598,aro0921,sitting_straight,1
463,1789975380.622593,402,628,731,761,729,773,822,767,715,351,466,567,604,539,570,501,491,489,533,591,563,447,441,319,0,583,959,872,684,799,919,635,aro0921,sitting_straight,1
464,1789975380.642624,407,617,719,776,726,767,812,781,723,349,443,541,571,553,541,486,478,503,525,573,575,471,419,300,0,617,947,903,709,795,937,619,aro0921,sitting_straight,1
465,1789975380.662575,411,616,723,763,719,760,806,783,719,347,467,563,590,539,563,484,501,503,523,573,573,468,421,297,0,601,947,873,713,795,927,620,aro0921,sitting_straight,1
466,1789975380.682650,413,621,735,755,715,755,811,793,717,347,468,575,573,535,593,479,485,491,523,573,566,473,397,301,0,623,973,888,691,781,908,637,aro0921,sitting_straight,1
467,1789975380.702560,403,631,719,765,725,750,826,804,715,337,487,573,589,539,581,476,522,523,501,584,573,490,396,284,0,583,965,844,710,795,907,652,aro0921,sitting_straight,1
468,1789975380.722622,421,605,734,776,703,757,807,791,723,361,479,565,580,539,583,500,487,524,505,568,575,459,407,328,0,586,922,892,687,777,948,597,aro0921,sitting_straight,1
469,1789975380.742546,396,617,713,779,731,757,821,795,725,343,447,584,589,563,559,471,526,508,523,583,589,477,425,287,0,631,977,869,685,787,904,585,aro0921,sitting_straight,1
470,1789975380.762543,413,621,731,755,714,753,819,780,711,363,485,568,573,535,557,479,520,523,505,553,544,455,447,298,0,601,933,891,685,763,941,635,aro0921,sitting_straight,1
471,1789975380.782451,411,623,740,755,728,746,797,791,735,363,489,549,602,551,575,505,509,487,521,574,566,447,428,291,0,607,953,856,686,815,949,590,aro0921,sitting_straight,1
472,1789975380.802583,397,601,742,759,713,767,805,765,716,355,469,557,587,521,575,468,523,489,549,595,557,469,435,318,0,583,981,845,727,755,915,617,aro0921,sitting_straight,1
473,1789975380.822588,408,630,725,759,715,763,811,783,713,357,467,546,601,559,571,499,505,490,539,586,563,452,431,317,0,632,990,859,698,783,918,629,aro0921,sitting_straight,1
474,1789975380.842557,409,619,725,767,719,759,809,781,723,355,466,587,588,547,565,486,504,505,523,571,557,466,415,305,0,585,956,877,713,788,923,615,aro0921,sitting_straight,1
475,1789975380.862623,409,615,723,765,721,759,798,783,725,363,473,565,591,543,567,485,505,503,523,573,559,483,403,293,0,605,956,874,686,800,905,609,aro0921,sitting_straight,1
476,1789975380.882619,383,612,711,766,715,747,796,766,729,343,468,552,593,550,551,503,517,495,536,589,597,457,429,327,0,613,931,855,731,790,925,585,aro0921,sitting_straight,1
477,1789975380.902622,408,633,734,760,715,761,825,795,732,347,493,557,605,555,588,471,501,538,507,558,563,486,408,326,0,586,927,861,712,791,931,631,aro0921,sitting_straight,1
478,1789975380.922595,405,619,735,754,713,759,819,787,729,347,461,553,573,555,583,501,492,485,539,569,556,459,424,283,0,573,985,855,687,797,949,599,aro0921,sitting_straight,1
479,1789975380.942578,421,605,665,780,713,749,804,786,729,346,456,585,603,557,575,477,509,531,503,581,588,487,408,318,0,647,947,862,693,820,937,613,aro0921,sitting_straight,1
480,1789975380.962518,404,620,725,776,728,762,820,772,723,361,459,557,569,563,555,473,521,495,537,571,581,484,395,311,0,615,943,892,696,805,905,565,aro0921,sitting_straight,1
481,1789975380.982484,409,619,725,757,717,762,811,783,710,351,455,569,585,525,583,495,529,507,509,590,591,472,397,315,0,603,964,885,725,793,938,623,aro0921,sitting_straight,1
482,1789975381.002487,420,607,711,759,734,773,807,795,739,351,447,571,564,568,547,484,521,473,531,591,595,443,421,297,0,621,931,889,733,805,937,573,aro0921,sitting_straight,1
483,1789975381.022422,399,619,733,758,709,765,821,775,727,350,477,563,571,521,588,487,489,527,505,589,614,463,395,285,0,632,949,855,697,798,911,611,aro0921,sitting_straight,1
484,1789975381.042450,409,617,713,763,703,755,812,781,725,354,490,575,589,539,585,479,503,467,524,571,575,467,411,302,0,584,873,874,703,791,927,605,aro0921,sitting_straight,1
485,1789975381.062450,409,617,725,763,717,755,811,775,725,363,472,560,587,542,574,489,505,501,517,573,555,463,420,301,0,613,955,877,697,772,918,621,aro0921,sitting_straight,1
486,1789975381.082471,403,615,731,757,723,749,809,763,716,347,454,549,604,526,569,479,489,506,529,555,584,475,393,307,0,629,977,870,729,809,937,575,aro0921,sitting_straight,1
487,1789975381.102491,403,631,735,747,717,767,805,797,703,355,489,587,595,569,566,471,495,504,499,585,583,482,412,295,0,613,943,849,709,816,916,573,aro0921,sitting_straight,1
488,1789975381.122470,399,613,715,757,713,766,797,765,731,359,469,569,599,537,585,501,489,491,534,587,567,455,429,315,0,615,975,847,691,781,904,627,aro0921,sitting_straight,1
489,1789975381.142434,424,610,741,779,731,751,798,785,729,349,472,547,585,533,594,503,501,509,534,555,548,444,419,311,0,583,946,891,725,797,939,620,aro0921,sitting_straight,1
490,1789975381.162421,412,623,715,773,715,749,821,792,709,347,485,584,611,530,575,469,505,523,500,559,589,468,427,319,0,612,955,911,731,791,947,595,aro0921,sitting_straight,1
491,1789975381.182450,405,629,718,775,703,757,815,777,712,357,483,574,584,553,563,477,531,499,521,559,567,487,412,311,0,589,935,903,685,787,927,632,aro0921,sitting_straight,1
492,1789975381.202434,427,603,730,763,726,745,819,799,711,351,483,543,581,559,571,499,491,531,499,581,595,489,401,307,0,587,933,885,684,796,951,571,aro0921,sitting_straight,1
493,1789975381.222411,421,612,735,751,723,763,806,791,727,347,457,574,611,559,551,501,533,489,533,575,574,471,431,286,0,597,955,869,692,779,927,628,aro0921,sitting_straight,1
494,1789975381.242475,409,620,725,761,711,756,809,781,723,351,459,575,599,537,555,473,503,501,522,573,574,469,411,307,0,645,987,855,712,798,921,601,aro0921,sitting_straight,1
495,1789975381.262445,413,617,731,760,704,759,809,783,723,355,468,567,601,547,568,489,507,504,521,571,573,467,411,303,0,611,955,877,691,793,922,619,aro0921,sitting_straight,1
496,1789975381.282427,414,607,717,766,725,756,823,791,709,329,461,575,611,548,557,482,527,529,507,553,585,488,403,287,0,607,932,860,703,765,921,611,aro0921,sitting_straight,1
497,1789975381.302459,411,628,718,747,703,749,805,757,717,349,457,601,580,524,555,471,489,537,535,557,554,445,427,317,0,601,969,847,726,781,909,623,aro0921,sitting_straight,1
498,1789975381.322442,403,621,714,748,731,745,802,788,727,363,473,551,605,548,573,487,491,524,523,567,583,455,455,289,0,587,969,851,726,777,901,589,aro0921,sitting_straight,1
499,1789975381.342426,383,605,726,761,702,757,811,793,729,343,488,561,580,536,564,504,502,519,537,589,586,440,458,302,0,627,973,857,727,787,918,639,aro0921,sitting_straight,1
500,1789975381.362455,421,604,715,774,713,743,815,788,724,341,473,585,611,529,583,499,502,491,524,557,587,463,431,280,0,611,979,861,709,777,925,617,aro0921,sitting_straight,1
501,1789975381.382442,410,617,714,775,719,745,811,789,724,363,458,573,579,557,567,503,505,489,525,559,563,456,435,313,0,603,925,885,730,779,950,606,aro0921,sitting_straight,1
502,1789975381.402427,424,606,729,777,729,765,809,789,715,364,476,571,593,547,555,473,520,477,533,593,569,453,421,301,0,591,965,866,699,803,922,632,aro0921,sitting_straight,1
503,1789975381.421629,413,629,717,747,725,756,814,773,711,359,473,571,601,565,572,489,499,504,539,557,587,477,422,295,0,629,931,871,687,813,925,600,aro0921,sitting_straight,1
504,1789975381.442512,397,623,712,761,725,757,809,783,721,354,443,567,605,569,557,509,495,507,523,573,575,467,419,301,0,599,958,887,709,793,923,603,aro0921,sitting_straight,1
505,1789975381.462438,409,621,727,760,729,757,807,779,718,351,469,566,595,549,571,493,507,506,529,574,569,461,415,308,0,611,953,875,715,795,922,602,aro0921,sitting_straight,1
506,1789975381.482504,413,627,715,747,724,757,823,775,717,357,455,551,589,559,569,493,527,519,505,591,587,473,425,315,0,633,956,893,687,806,915,593,aro0921,sitting_straight,1
507,1789975381.502472,421,603,729,759,732,751,815,761,709,365,466,541,586,529,567,477,523,521,529,564,559,483,411,283,0,593,959,907,681,819,947,583,aro0921,sitting_straight,1
508,1789975381.522442,393,632,718,749,733,766,820,763,726,360,457,535,574,531,570,505,537,500,543,585,601,485,413,293,0,613,939,869,731,813,935,581,aro0921,sitting_straight,1
509,1789975381.542420,393,631,741,759,729,755,797,765,699,353,453,571,607,543,547,469,529,498,541,563,595,478,395,291,0,638,984,847,718,819,939,587,aro0921,sitting_straight,1
510,1789975381.562440,395,621,729,746,703,743,809,763,703,363,478,569,601,557,587,474,509,495,541,590,573,477,405,307,0,619,943,886,728,809,895,573,aro0921,sitting_straight,1
511,1789975381.582460,418,615,709,751,731,755,821,788,723,344,462,580,569,549,579,485,529,504,537,547,596,453,412,307,0,628,953,875,699,773,921,614,aro0921,sitting_straight,1
512,1789975381.602407,413,621,713,749,723,747,821,773,728,355,473,555,611,556,573,487,532,488,493,569,556,448,406,287,0,599,927,861,723,823,949,605,aro0921,sitting_straight,1
513,1789975381.622431,403,607,743,764,734,744,805,772,733,349,444,543,581,527,584,473,523,535,521,571,567,485,411,317,0,603,925,907,719,765,893,630,aro0921,sitting_straight,1
514,1789975381.642445,423,613,711,773,715,751,811,793,723,356,491,572,598,533,600,489,503,487,538,574,573,471,413,300,0,589,936,863,711,799,953,606,aro0921,sitting_straight,1
515,1789975381.662451,413,621,726,758,717,755,815,781,723,357,469,567,599,542,572,485,507,507,522,574,573,469,435,308,0,605,957,883,713,796,943,602,aro0921,sitting_straight,1
516,1789975381.682590,402,619,739,767,723,767,820,773,733,349,456,543,575,543,581,474,525,533,509,567,595,452,409,285,0,633,932,895,701,811,911,603,aro0921,sitting_straight,1
517,1789975381.702598,395,621,733,776,723,765,823,797,707,359,467,581,581,559,568,473,499,519,495,594,592,455,402,294,0,600,964,905,733,775,949,602,aro0921,sitting_straight,1
518,1789975381.722497,415,607,727,763,715,749,804,779,733,348,488,544,587,529,588,477,527,531,504,547,588,447,437,313,0,619,985,895,695,793,921,627,aro0921,sitting_straight,1
519,1789975381.742420,403,613,733,775,715,747,818,781,727,351,459,585,615,543,571,481,507,493,527,585,575,465,431,327,0,635,959,875,733,777,908,617,aro0921,sitting_straight,1
520,1789975381.762473,413,631,716,762,723,743,813,780,722,354,489,563,597,549,559,473,495,492,535,583,601,453,409,299,0,631,953,887,735,809,943,623,aro0921,sitting_straight,1
521,1789975381.782453,399,631,710,749,711,755,815,793,731,351,489,564,581,559,565,508,500,489,530,585,583,477,405,291,0,628,969,876,733,791,948,623,aro0921,sitting_straight,1
522,1789975381.802445,407,635,723,757,729,745,821,791,708,375,491,543,601,521,582,486,533,491,550,559,586,446,423,315,0,599,954,851,739,826,935,574,aro0921,sitting_straight,1
523,1789975381.822449,393,629,742,745,712,745,795,790,719,376,477,574,589,533,582,476,521,490,532,601,568,489,398,329,0,600,920,906,735,819,901,627,aro0921,sitting_straight,1
524,1789975381.842475,407,616,729,757,713,757,810,783,721,365,473,552,589,565,551,472,531,509,531,581,573,467,435,315,0,589,974,883,717,789,924,608,aro0921,sitting_straight,1
525,1789975381.862435,407,619,723,759,723,755,811,783,723,364,467,559,591,549,571,489,523,517,531,581,575,467,419,315,0,609,953,879,692,791,925,605,aro0921,sitting_straight,1
526,1789975381.882446,407,631,715,755,725,759,807,791,729,367,459,557,573,561,575,485,493,502,523,566,597,455,434,291,0,585,979,867,751,787,919,607,aro0921,sitting_straight,1
527,1789975381.902475,392,629,727,743,710,743,825,779,715,361,455,563,598,549,555,469,519,529,496,559,597,453,437,295,0,629,933,889,721,822,955,581,aro0921,sitting_straight,1
528,1789975381.922584,421,614,739,747,700,759,799,781,725,359,461,573,607,553,581,509,505,503,539,595,583,453,428,318,0,621,931,887,700,806,917,615,aro0921,sitting_straight,1
529,1789975381.942539,405,633,727,757,703,761,811,797,733,367,490,581,606,530,551,489,532,531,517,565,595,469,399,287,0,611,927,879,703,781,948,612,aro0921,sitting_straight,1
530,1789975381.962516,419,623,739,745,728,766,799,773,731,362,447,551,605,559,553,479,505,489,547,585,597,483,407,283,0,628,960,869,739,776,901,599,aro0921,sitting_straight,1
531,1789975381.982487,394,623,739,773,703,748,822,789,712,374,488,565,569,551,559,483,529,489,559,583,579,447,420,302,0,582,927,879,693,827,933,597,aro0921,sitting_straight,1
532,1789975382.002451,421,597,717,777,711,747,819,759,735,363,475,551,613,547,581,504,529,531,543,583,563,461,455,325,0,615,943,847,741,811,911,627,aro0921,sitting_straight,1
533,1789975382.022504,404,617,715,763,717,755,821,779,709,367,458,581,613,547,543,489,531,537,540,563,589,457,415,331,0,613,932,845,691,787,892,629,aro0921,sitting_straight,1
534,1789975382.042469,419,621,715,766,731,761,811,778,717,372,445,553,597,541,587,505,479,511,526,581,565,467,415,309,0,605,920,889,714,803,923,612,aro0921,sitting_straight,1
535,1789975382.062471,420,627,726,761,719,759,810,775,719,372,467,563,591,551,568,483,507,506,525,573,569,467,411,309,0,587,937,861,715,795,921,615,aro0921,sitting_straight,1
536,1789975382.082462,415,639,731,759,733,747,805,735,713,382,455,543,611,529,567,493,521,531,521,583,585,475,395,337,0,599,931,831,701,779,903,597,aro0921,sitting_straight,1
537,1789975382.102454,429,639,742,749,723,765,819,781,723,348,477,547,567,567,555,469,531,503,551,582,567,474,425,296,0,555,949,852,725,797,951,569,aro0921,sitting_straight,1
538,1789975382.122476,415,626,723,754,729,763,819,765,728,371,444,543,571,534,551,473,525,493,529,585,565,447,427,299,0,587,917,839,723,813,939,623,aro0921,sitting_straight,1
539,1789975382.142470,429,616,690,765,729,777,823,773,723,364,461,559,599,571,556,505,503,467,536,593,571,437,411,330,0,549,923,827,709,777,885,651,aro0921,sitting_straight,1
540,1789975382.162499,431,615,719,765,702,745,807,764,717,380,477,559,595,555,572,500,499,499,543,565,585,477,395,309,0,598,895,867,695,822,937,621,aro0921,sitting_straight,1
541,1789975382.182465,429,621,717,776,725,758,797,747,716,363,460,547,590,541,579,471,503,529,503,565,586,454,413,297,0,585,939,831,733,821,950,627,aro0921,sitting_straight,1
542,1789975382.202443,435,620,721,745,731,773,799,791,725,363,467,565,600,535,565,469,533,483,527,597,585,443,423,324,0,553,949,857,733,813,909,631,aro0921,sitting_straight,1
543,1789975382.222459,429,613,741,767,713,765,805,787,729,371,493,539,600,543,581,487,492,518,505,589,587,441,429,315,0,589,888,819,699,821,921,603,aro0921,sitting_straight,1
544,1789975382.242466,431,635,725,747,711,755,804,763,719,374,488,584,585,541,549,499,527,529,541,571,574,467,412,317,0,598,951,827,712,800,933,623,aro0921,sitting_straight,1
545,1789975382.262419,416,624,727,760,719,749,809,775,719,377,471,563,589,542,567,487,509,505,527,571,574,466,415,312,0,583,934,859,716,797,926,623,aro0921,sitting_straight,1
546,1789975382.282465,409,635,723,757,723,746,822,764,711,375,487,571,606,532,573,471,493,501,534,551,584,457,423,318,0,566,927,845,712,827,915,635,aro0921,sitting_straight,1
547,1789975382.302451,429,633,715,751,711,757,809,787,711,377,482,575,602,567,555,473,525,505,531,595,587,452,435,327,0,605,915,846,733,797,907,613,aro0921,sitting_straight,1
548,1789975382.322449,429,613,739,755,730,747,813,764,722,375,473,549,567,560,557,506,499,493,539,581,559,471,427,329,0,564,917,829,723,824,954,630,aro0921,sitting_straight,1
549,1789975382.342462,427,613,755,745,711,748,828,763,729,391,487,565,579,563,571,488,489,536,538,541,573,441,412,332,0,585,943,831,729,810,951,599,aro0921,sitting_straight,1
550,1789975382.362460,422,628,717,749,733,759,821,781,709,391,469,550,574,551,555,502,499,501,523,555,551,467,397,297,0,569,909,877,695,794,943,621,aro0921,sitting_straight,1
551,1789975382.382436,420,613,742,761,717,767,793,761,724,378,488,553,576,531,585,508,507,517,536,586,583,457,421,297,0,567,936,879,696,821,943,602,aro0921,sitting_straight,1
552,1789975382.402458,397,637,728,751,723,755,805,759,748,363,456,539,569,543,551,506,533,477,546,583,573,484,403,301,0,615,915,872,745,831,915,619,aro0921,sitting_straight,1
553,1789975382.422478,405,621,741,777,727,764,797,761,726,361,441,536,573,555,572,484,517,485,547,587,555,484,429,297,0,607,957,846,731,823,953,633,aro0921,sitting_straight,1
554,1789975382.442460,429,605,739,759,703,760,811,786,723,375,481,573,573,560,549,483,533,519,504,573,571,465,414,302,0,559,916,893,725,806,916,627,aro0921,sitting_straight,1
555,1789975382.462476,421,631,728,761,719,757,811,773,717,375,472,562,589,543,569,488,507,531,525,579,573,461,414,315,0,586,931,855,721,806,927,627,aro0921,sitting_straight,1
556,1789975382.482529,414,637,731,755,725,763,799,773,729,380,445,581,599,535,549,506,507,491,543,587,556,482,423,295,0,588,921,843,725,823,948,613,aro0921,sitting_straight,1
557,1789975382.502462,405,635,730,745,739,767,798,786,731,371,460,551,601,535,550,481,531,536,507,557,563,447,419,299,0,615,947,830,709,805,927,647,aro0921,sitting_straight,1
558,1789975382.522456,421,636,743,760,733,763,823,760,703,391,483,555,563,524,569,471,529,494,540,563,554,470,399,337,0,616,901,875,747,814,934,635,aro0921,sitting_straight,1
559,1789975382.542471,414,639,740,747,734,767,821,762,708,372,447,555,585,557,565,489,533,501,547,569,557,443,393,325,0,597,937,847,716,825,934,661,aro0921,sitting_straight,1
560,1789975382.562453,415,635,715,751,713,747,821,766,715,381,487,569,605,555,554,503,523,521,521,586,556,477,411,315,0,596,947,847,712,793,913,649,aro0921,sitting_straight,1
561,1789975382.582455,421,615,733,767,723,766,815,763,713,380,461,551,602,571,555,475,521,504,521,563,559,467,424,301,0,611,917,872,739,795,951,639,aro0921,sitting_straight,1
562,1789975382.602450,401,638,712,761,723,743,805,759,702,380,460,585,583,529,589,505,499,531,519,588,556,474,412,329,0,575,925,847,701,851,917,613,aro0921,sitting_straight,1
563,1789975382.622436,407,639,739,756,712,775,799,759,716,381,472,551,604,567,548,503,499,509,547,587,571,441,415,297,0,613,920,869,759,840,938,634,aro0921,sitting_straight,1
564,1789975382.642450,415,637,738,756,733,749,791,777,726,377,470,563,568,555,589,471,523,490,539,593,572,475,428,329,0,613,959,873,739,813,901,630,aro0921,sitting_straight,1
565,1789975382.662475,409,623,714,759,728,751,805,764,717,381,469,549,588,543,555,502,527,505,521,571,573,459,415,316,0,573,937,870,739,819,951,619,aro0921,sitting_straight,1
566,1789975382.682480,411,635,713,755,731,743,796,757,697,377,458,555,613,566,551,467,531,509,540,559,583,455,429,329,0,571,923,845,763,831,959,596,aro0921,sitting_straight,1
567,1789975382.702439,419,623,725,764,740,759,806,773,697,371,457,559,590,551,569,483,517,505,529,573,571,467,414,325,0,567,939,872,747,819,935,631,aro0921,sitting_straight,1
568,1789975382.721817,416,627,726,763,725,751,811,764,699,378,472,563,591,553,569,491,517,505,526,570,571,483,411,312,0,594,937,869,761,843,938,627,aro0921,sitting_straight,1
569,1789975382.741975,421,635,739,755,717,751,796,759,703,377,490,549,587,531,587,502,507,529,476,557,583,469,429,327,0,581,953,859,760,793,947,621,aro0921,sitting_straight,1
570,1789975382.762604,419,615,735,763,715,762,813,757,703,375,469,569,607,541,555,471,506,517,524,589,565,461,403,287,0,593,925,860,749,799,918,619,aro0921,sitting_straight,1
571,1789975382.781988,415,619,723,779,712,767,779,773,719,349,477,583,575,548,581,491,491,525,503,543,587,441,427,293,0,569,957,871,729,795,955,629,aro0921,sitting_straight,1
572,1789975382.802288,437,617,733,747,719,759,806,780,726,359,485,541,589,547,550,499,495,476,502,599,557,471,437,285,0,597,921,850,722,840,966,653,aro0921,sitting_straight,1
573,1789975382.822601,413,621,715,779,739,761,793,759,718,365,453,569,605,558,559,475,531,503,537,567,561,457,407,297,0,627,966,887,731,796,951,649,aro0921,sitting_straight,1
574,1789975382.842310,412,644,723,757,731,751,809,779,699,365,434,549,569,555,569,499,505,485,521,575,558,457,439,341,0,613,851,892,761,841,973,587,aro0921,sitting_straight,1
575,1789975382.862013,411,631,719,765,729,760,805,755,721,359,454,550,581,555,549,505,517,508,530,555,556,445,429,295,0,603,955,854,721,815,951,645,aro0921,sitting_straight,1
576,1789975382.882106,420,635,739,759,711,758,810,773,727,347,485,583,572,533,589,491,519,525,504,569,573,469,413,308,0,570,938,883,763,827,911,603,aro0921,sitting_straight,1
577,1789975382.902263,423,628,728,762,722,749,805,767,703,363,469,563,590,549,568,485,507,503,521,572,572,463,414,311,0,600,947,855,743,815,935,627,aro0921,sitting_straight,1
578,1789975382.922584,429,631,731,751,724,763,813,757,724,363,475,570,586,548,563,489,509,486,535,573,588,459,399,299,0,596,948,870,725,831,965,599,aro0921,sitting_straight,1
579,1789975382.942021,408,635,740,763,721,765,805,764,727,355,454,553,605,534,589,472,517,517,505,557,569,472,426,307,0,607,959,848,730,812,931,638,aro0921,sitting_straight,1
580,1789975382.961922,429,628,735,751,733,767,815,777,699,378,467,584,607,533,587,471,509,475,521,600,573,487,405,332,0,570,949,857,718,823,906,595,aro0921,sitting_straight,1
581,1789975382.982161,407,617,715,774,717,773,811,757,697,373,458,555,573,529,558,485,493,510,515,567,564,478,395,301,0,579,924,889,751,843,907,605,aro0921,sitting_straight,1
582,1789975383.002138,419,609,731,776,717,755,791,751,719,349,479,542,586,529,584,476,491,479,519,601,583,441,424,299,0,613,927,895,723,819,921,635,aro0921,sitting_straight,1
583,1789975383.022614,420,613,719,766,715,763,813,767,708,377,471,543,589,559,563,477,525,493,509,567,571,475,421,297,0,585,921,883,761,819,917,630,aro0921,sitting_straight,1
584,1789975383.041908,423,637,741,747,711,747,821,771,733,374,472,581,613,530,572,485,531,499,509,583,555,477,429,333,0,569,969,855,711,818,893,639,aro0921,sitting_straight,1
585,1789975383.062021,429,616,728,761,732,767,793,777,729,379,472,543,568,555,553,495,523,521,504,571,555,441,440,310,0,572,967,877,735,805,916,615,aro0921,sitting_straight,1
586,1789975383.082134,414,613,733,761,714,741,815,772,703,367,457,584,575,552,583,501,521,489,541,589,587,477,399,329,0,611,935,889,766,797,925,611,aro0921,sitting_straight,1
587,1789975383.102153,422,636,725,747,731,765,811,773,709,359,457,575,599,563,542,504,519,510,493,595,574,483,431,295,0,593,945,845,757,789,917,601,aro0921,sitting_straight,1
588,1789975383.122581,414,614,718,776,716,758,804,775,731,359,453,587,603,537,587,491,522,523,523,563,571,475,398,295,0,619,972,874,727,842,967,603,aro0921,sitting_straight,1
589,1789975383.142405,413,629,728,761,703,759,806,765,717,371,469,553,589,547,569,489,517,502,525,572,568,461,413,313,0,593,942,846,745,809,934,621,aro0921,sitting_straight,1
590,1789975383.162050,419,627,729,761,726,761,791,774,728,357,475,562,589,538,571,493,517,488,524,571,580,473,427,303,0,597,941,873,758,827,957,621,aro0921,sitting_straight,1
591,1789975383.182453,407,637,715,764,715,759,795,759,711,364,466,547,589,563,559,479,525,519,521,564,553,446,427,295,0,610,959,893,751,850,916,630,aro0921,sitting_straight,1
592,1789975383.202132,419,627,717,759,721,749,809,773,715,371,493,567,588,553,567,489,509,507,527,571,572,463,413,312,0,600,940,871,745,815,935,618,aro0921,sitting_straight,1
593,1789975383.222639,435,615,726,755,731,748,805,783,711,359,455,567,567,531,575,478,519,523,501,557,590,443,422,357,0,617,953,851,723,819,957,637,aro0921,sitting_straight,1
594,1789975383.241939,413,596,723,766,732,755,812,755,732,362,478,543,619,553,593,479,493,505,509,587,589,483,407,329,0,589,927,893,727,795,939,636,aro0921,sitting_straight,1
595,1789975383.262515,439,616,719,775,731,763,809,785,725,357,455,564,587,550,588,505,493,523,495,587,575,483,401,317,0,601,959,859,759,791,917,631,aro0921,sitting_straight,1
596,1789975383.282460,429,618,723,773,732,750,813,777,711,375,459,571,575,536,565,477,535,490,537,567,612,479,415,315,0,609,932,877,729,813,919,603,aro0921,sitting_straight,1
597,1789975383.302489,435,633,740,745,719,748,793,755,729,373,473,532,595,540,587,483,541,525,531,559,553,473,393,337,0,584,958,844,725,843,909,618,aro0921,sitting_straight,1
598,1789975383.322458,421,634,733,757,731,765,819,755,713,375,453,573,581,551,580,483,491,499,541,569,556,491,399,295,0,603,915,910,767,799,919,611,aro0921,sitting_straight,1
599,1789975383.342474,407,623,725,745,733,735,791,787,725,357,452,543,570,572,589,492,491,491,507,591,551,479,415,329,0,621,925,893,775,803,910,633,aro0921,sitting_straight,1
600,1789975383.362448,423,633,726,747,713,775,807,776,703,364,500,551,593,526,575,501,507,517,524,569,559,477,395,330,0,587,947,855,755,809,911,601,aro0921,sitting_straight,1
601,1789975383.382480,415,617,733,775,683,751,807,764,711,366,467,543,573,533,585,501,501,488,529,587,572,463,413,301,0,583,959,883,747,813,941,617,aro0921,sitting_straight,1
602,1789975383.402470,423,627,729,761,723,748,805,767,715,367,472,563,589,551,573,489,507,505,521,575,505,468,411,313,0,594,948,861,747,820,937,616,aro0921,sitting_straight,1
603,1789975383.422451,429,635,715,745,734,748,827,787,703,359,473,535,618,567,553,471,531,501,521,605,596,485,407,295,0,584,967,831,761,845,925,590,aro0921,sitting_straight,1
604,1789975383.442460,435,616,715,773,713,766,807,767,719,381,472,563,595,547,569,471,527,491,531,557,556,462,429,303,0,583,955,851,725,830,955,621,aro0921,sitting_straight,1
605,1789975383.462465,409,630,721,761,731,749,795,759,725,361,457,548,581,555,573,475,493,490,537,563,571,473,419,325,0,597,943,888,729,831,955,599,aro0921,sitting_straight,1
606,1789975383.482470,421,615,740,767,711,751,794,787,726,378,471,581,597,531,553,477,523,520,505,559,555,445,412,310,0,615,969,859,756,812,955,627,aro0921,sitting_straight,1
607,1789975383.502501,435,617,715,757,721,765,803,787,704,373,455,575,602,568,564,510,493,477,532,595,549,441,430,302,0,629,971,847,751,797,903,627,aro0921,sitting_straight,1
608,1789975383.522577,433,628,718,749,716,756,795,776,711,375,495,583,565,564,563,476,531,493,543,555,549,445,435,327,0,613,971,851,744,842,941,611,aro0921,sitting_straight,1
609,1789975383.542470,408,631,741,747,727,749,819,755,697,376,457,567,612,555,581,503,519,500,536,589,557,478,407,313,0,600,927,869,735,825,925,636,aro0921,sitting_straight,1
610,1789975383.562482,419,621,717,773,733,760,799,760,711,367,457,571,605,563,557,504,503,523,503,560,589,453,416,335,0,614,921,876,765,805,949,595,aro0921,sitting_straight,1
611,1789975383.582484,437,615,729,775,709,758,805,780,715,363,493,567,571,549,553,473,531,534,520,557,571,469,413,334,0,574,928,905,744,815,948,619,aro0921,sitting_straight,1
612,1789975383.602460,425,627,727,757,729,745,803,773,712,370,483,559,591,551,570,488,509,503,523,581,567,465,414,309,0,599,939,865,745,809,937,619,aro0921,sitting_straight,1
613,1789975383.622476,410,619,725,745,721,747,805,773,711,358,471,575,572,549,587,474,509,495,509,567,575,475,391,305,0,600,919,881,760,821,949,588,aro0921,sitting_straight,1
614,1789975383.642449,415,635,743,747,723,755,797,763,725,365,464,555,589,543,595,480,503,503,539,569,550,473,431,334,0,585,945,891,780,809,955,638,aro0921,sitting_straight,1
615,1789975383.662472,413,631,732,748,725,763,815,759,709,361,495,543,583,559,557,495,501,529,518,563,571,483,403,294,0,603,965,856,761,793,937,633,aro0921,sitting_straight,1
616,1789975383.682473,411,635,740,747,732,749,819,759,697,376,455,543,601,527,573,473,501,520,503,544,555,443,427,339,0,595,951,879,719,839,921,633,aro0921,sitting_straight,1
617,1789975383.702481,407,632,719,777,716,757,815,759,699,375,455,569,594,561,553,517,517,537,501,563,579,483,396,335,0,597,926,891,775,818,954,585,aro0921,sitting_straight,1
618,1789975383.722482,426,619,725,751,711,748,814,767,715,377,487,569,605,557,572,505,531,500,521,584,569,475,426,317,0,623,939,860,725,785,939,629,aro0921,sitting_straight,1
619,1789975383.742644,411,635,739,748,709,759,815,760,703,364,492,583,581,573,553,509,507,500,543,559,584,479,382,332,0,604,941,883,779,805,956,633,aro0921,sitting_straight,1
620,1789975383.762485,415,633,741,773,724,749,811,761,701,379,453,583,571,547,589,475,507,521,503,587,551,447,398,339,0,605,949,879,757,789,907,633,aro0921,sitting_straight,1
621,1789975383.782505,429,629,727,747,734,749,810,779,699,381,459,550,579,558,557,479,533,529,503,555,558,455,397,313,0,583,959,877,748,831,957,637,aro0921,sitting_straight,1
622,1789975383.802469,423,628,739,759,733,759,806,775,715,341,496,553,591,554,553,509,518,518,523,583,573,463,411,333,0,572,915,871,748,813,933,615,aro0921,sitting_straight,1
623,1789975383.822474,426,621,740,775,717,745,813,785,698,376,469,551,583,559,565,486,535,492,531,589,582,463,403,328,0,593,937,893,747,839,919,611,aro0921,sitting_straight,1
624,1789975383.842471,421,623,732,759,719,759,808,761,715,367,491,543,597,552,581,477,490,503,529,570,573,467,409,319,0,565,943,885,743,821,919,619,aro0921,sitting_straight,1
625,1789975383.862525,421,627,727,757,724,746,799,767,725,373,467,563,603,551,572,492,509,507,523,568,582,463,411,317,0,597,943,871,757,826,935,590,aro0921,sitting_straight,1
626,1789975383.882489,408,636,741,750,745,761,806,767,721,377,483,543,573,543,599,478,520,531,521,555,557,453,411,299,0,603,945,887,740,825,937,622,aro0921,sitting_straight,1
627,1789975383.902502,423,617,726,762,710,765,807,776,721,396,465,567,617,551,587,501,500,493,540,585,585,462,413,334,0,589,921,859,725,831,903,579,aro0921,sitting_straight,1
628,1789975383.922463,406,633,735,763,735,767,797,757,701,377,439,542,599,573,557,493,494,539,525,557,586,469,429,341,0,621,953,807,725,841,953,589,aro0921,sitting_straight,1
629,1789975383.942486,403,634,729,775,713,765,819,787,699,367,483,551,600,531,555,477,533,499,547,594,603,447,412,303,0,567,915,901,725,810,957,627,aro0921,sitting_straight,1
630,1789975383.962482,426,650,743,745,713,745,821,763,699,381,483,559,585,529,580,484,533,493,549,558,593,443,422,311,0,607,946,855,728,789,936,591,aro0921,sitting_straight,1
631,1789975383.982479,407,634,719,767,715,755,809,765,727,360,487,580,603,523,553,488,529,490,542,588,565,453,430,292,0,587,920,879,765,809,911,635,aro0921,sitting_straight,1
632,1789975384.002250,429,619,712,743,722,763,806,765,699,377,485,574,585,524,559,492,535,504,555,582,567,465,395,328,0,569,952,870,775,841,919,629,aro0921,sitting_straight,1
633,1789975384.022531,406,637,739,747,711,745,819,773,722,373,477,571,574,552,553,479,521,505,529,557,599,446,430,329,0,602,965,873,764,796,957,633,aro0921,sitting_straight,1
634,1789975384.042463,420,627,727,760,724,757,807,776,715,373,473,559,584,553,570,492,517,504,505,571,571,467,414,315,0,597,974,871,749,821,939,613,aro0921,sitting_straight,1
635,1789975384.062451,411,621,730,757,723,747,813,760,709,365,467,559,595,535,573,477,517,526,521,583,569,474,425,327,0,595,939,877,733,803,915,605,aro0921,sitting_straight,1
636,1789975384.082490,409,632,728,763,731,760,815,763,703,371,465,551,605,547,556,509,525,508,517,559,600,478,411,312,0,584,957,831,733,840,949,611,aro0921,sitting_straight,1
637,1789975384.102463,415,630,727,757,723,759,805,773,715,367,461,563,591,539,571,493,509,506,523,573,571,467,411,319,0,595,931,872,746,815,935,614,aro0921,sitting_straight,1
638,1789975384.122456,414,621,747,774,738,777,824,779,701,367,455,585,566,547,573,493,501,493,529,553,591,471,397,310,0,594,911,891,759,859,951,595,aro0921,sitting_straight,1
639,1789975384.142512,414,631,727,759,727,757,806,765,714,373,467,565,591,543,569,490,519,507,529,572,571,463,412,317,0,593,939,873,747,813,936,612,aro0921,sitting_straight,1
640,1789975384.162470,407,637,728,747,713,763,803,775,722,366,466,559,584,550,568,492,519,523,523,588,549,482,397,331,0,595,955,867,729,816,922,634,aro0921,sitting_straight,1
641,1789975384.182462,423,635,729,751,735,765,799,785,723,378,455,572,597,563,589,504,508,503,530,575,583,455,421,329,0,616,923,876,765,825,942,620,aro0921,sitting_straight,1
642,1789975384.202530,401,634,715,775,730,743,815,756,714,360,477,579,611,535,557,509,531,501,499,585,559,456,391,317,0,581,919,871,757,851,951,623,aro0921,sitting_straight,1
643,1789975384.222502,421,616,715,741,728,773,813,757,709,365,479,557,596,532,559,507,517,503,543,591,595,448,419,325,0,602,923,891,747,793,948,627,aro0921,sitting_straight,1
644,1789975384.242492,428,635,723,759,711,763,792,779,712,369,469,543,581,529,589,475,527,533,533,555,591,463,430,333,0,586,969,896,760,823,949,587,aro0921,sitting_straight,1
645,1789975384.262483,407,629,727,764,730,757,796,755,718,365,473,543,599,546,557,477,532,524,519,582,575,469,426,341,0,597,941,872,725,799,915,595,aro0921,sitting_straight,1
646,1789975384.282487,409,639,733,741,725,765,796,783,723,363,447,541,583,535,581,491,523,488,532,589,587,484,399,294,0,617,927,892,760,809,942,595,aro0921,sitting_straight,1
647,1789975384.302497,419,635,728,743,713,751,819,785,699,317,445,574,567,568,552,479,537,499,499,583,597,488,421,328,0,621,965,876,719,805,904,603,aro0921,sitting_straight,1
648,1789975384.321951,405,637,715,761,724,763,791,757,714,379,469,573,571,557,559,503,509,504,549,563,562,487,403,297,0,623,940,889,759,805,959,637,aro0921,sitting_straight,1
649,1789975384.342539,423,615,715,764,733,759,823,779,703,382,455,573,584,534,587,506,524,519,508,584,568,431,428,303,0,600,923,893,728,841,904,615,aro0921,sitting_straight,1
650,1789975384.362523,409,615,731,761,711,750,815,778,709,381,478,555,570,557,573,485,495,507,507,596,581,460,430,337,0,599,958,871,773,857,927,584,aro0921,sitting_straight,1
651,1789975384.382498,415,629,746,757,712,755,807,767,715,373,487,584,579,553,565,507,503,509,529,574,573,469,415,311,0,601,921,894,746,822,941,610,aro0921,sitting_straight,1
652,1789975384.402484,415,624,727,759,721,755,809,773,713,374,469,568,585,543,571,491,521,503,531,574,574,467,411,319,0,595,943,873,747,815,935,605,aro0921,sitting_straight,1
653,1789975384.422487,419,632,715,741,723,774,809,763,716,377,473,540,581,539,586,505,501,519,525,565,581,483,397,293,0,574,934,893,756,809,951,595,aro0921,sitting_straight,1
654,1789975384.442457,429,623,715,763,719,749,805,785,725,365,466,542,587,553,558,499,536,507,507,589,585,459,425,340,0,617,955,854,731,792,915,613,aro0921,sitting_straight,1
655,1789975384.462484,408,629,735,759,729,747,796,773,714,375,463,581,607,558,559,502,502,521,508,567,557,473,397,333,0,575,920,863,729,837,955,591,aro0921,sitting_straight,1
656,1789975384.482476,406,617,743,759,728,755,792,757,725,363,479,580,611,533,590,477,507,532,509,569,573,461,395,311,0,603,964,839,719,809,913,599,aro0921,sitting_straight,1
657,1789975384.502468,426,637,729,747,711,743,804,775,721,383,486,549,580,570,569,501,527,495,503,590,559,447,437,339,0,567,975,903,731,841,919,584,aro0921,sitting_straight,1
658,1789975384.522499,425,621,717,767,731,765,819,763,713,382,471,551,597,536,559,485,523,525,517,568,581,445,431,301,0,573,927,853,731,805,953,589,aro0921,sitting_straight,1
659,1789975384.542527,429,628,714,744,733,747,797,749,717,389,455,570,573,557,584,503,495,532,525,563,597,484,409,315,0,621,941,895,763,821,937,587,aro0921,sitting_straight,1
660,1789975384.562472,423,637,741,745,711,767,797,765,719,381,479,569,572,565,555,477,525,527,523,563,582,484,396,301,0,568,949,885,727,815,959,583,aro0921,sitting_straight,1
661,1789975384.582542,418,628,727,759,711,757,807,774,717,374,460,559,595,543,571,489,519,525,539,573,571,467,415,315,0,625,941,869,750,825,937,605,aro0921,sitting_straight,1
662,1789975384.602497,419,627,730,757,719,747,811,767,702,356,471,563,594,543,571,492,509,509,533,573,585,463,395,316,0,605,941,873,743,798,911,620,aro0921,sitting_straight,1
663,1789975384.622518,411,630,733,739,731,773,803,776,727,363,430,543,575,555,557,501,536,540,519,558,593,483,423,309,0,567,957,875,734,845,969,599,aro0921,sitting_straight,1
664,1789975384.642487,411,632,735,759,731,767,799,757,700,371,460,555,570,563,599,493,523,500,543,557,590,473,379,301,0,589,917,894,751,843,965,571,aro0921,sitting_straight,1
665,1789975384.662500,421,639,739,757,731,751,792,775,717,389,486,580,611,534,584,485,527,506,543,574,567,487,404,299,0,565,922,859,731,814,959,563,aro0921,sitting_straight,1
666,1789975384.682490,415,615,729,761,717,765,814,758,701,383,443,573,604,566,580,491,499,527,521,587,559,463,397,325,0,607,931,889,746,824,918,623,aro0921,sitting_straight,1
667,1789975384.702487,435,629,742,749,733,759,810,773,703,381,443,559,571,523,573,493,499,488,538,564,581,462,429,298,0,613,887,907,725,829,957,580,aro0921,sitting_straight,1
668,1789975384.722491,408,623,729,761,713,764,797,773,709,379,475,549,606,559,581,475,509,509,509,591,591,479,415,329,0,569,927,903,765,803,935,613,aro0921,sitting_straight,1
669,1789975384.742485,437,627,744,741,731,741,809,774,728,361,468,557,583,549,596,469,533,509,555,551,541,459,439,333,0,579,949,883,776,841,923,579,aro0921,sitting_straight,1
670,1789975384.762473,431,612,717,767,712,749,814,775,713,362,466,567,611,552,558,505,509,519,506,589,571,483,393,311,0,613,925,867,745,795,937,629,aro0921,sitting_straight,1
671,1789975384.782494,423,627,727,759,731,757,807,775,711,373,456,551,589,547,573,504,503,505,527,575,570,463,416,307,0,540,939,873,748,823,934,601,aro0921,sitting_straight,1
672,1789975384.802478,423,629,729,757,724,759,799,767,701,379,470,563,593,550,581,483,517,509,533,575,567,469,414,319,0,591,947,873,760,813,936,627,aro0921,sitting_straight,1
673,1789975384.822463,423,613,709,763,724,771,812,759,713,383,483,553,617,557,555,504,477,529,525,559,555,485,397,299,0,571,977,863,765,821,959,620,aro0921,sitting_straight,1
674,1789975384.842485,407,615,716,761,711,760,797,796,733,365,471,573,567,529,568,489,536,501,501,605,555,454,415,327,0,620,921,891,713,844,957,620,aro0921,sitting_straight,1
675,1789975384.862491,432,621,717,747,717,763,804,759,702,377,471,567,573,567,563,520,501,521,541,555,572,459,421,301,0,569,943,890,765,807,933,623,aro0921,sitting_straight,1
676,1789975384.882482,413,633,731,748,731,760,803,779,717,383,476,553,587,501,575,487,532,503,507,581,557,473,395,337,0,569,953,854,727,820,911,617,aro0921,sitting_straight,1
677,1789975384.902498,407,613,713,750,716,765,795,765,719,361,476,520,585,568,587,473,517,487,499,569,591,478,429,327,0,629,933,851,744,845,941,605,aro0921,sitting_straight,1
678,1789975384.922482,415,615,729,761,715,759,815,757,703,379,445,556,595,533,586,495,493,492,543,565,563,453,454,297,0,617,888,875,760,861,941,571,aro0921,sitting_straight,1
679,1789975384.942475,411,648,721,735,726,774,798,765,702,381,445,547,569,559,575,471,529,501,509,563,589,485,423,313,0,612,914,873,778,815,959,581,aro0921,sitting_straight,1
680,1789975384.962502,405,636,713,766,710,746,793,778,718,383,485,583,607,537,581,503,495,489,532,565,553,479,427,339,0,601,925,859,747,803,937,615,aro0921,sitting_straight,1
681,1789975384.982495,415,627,729,748,723,759,807,767,713,371,459,560,590,527,571,489,519,505,533,573,575,467,367,312,0,595,941,873,747,823,939,597,aro0921,sitting_straight,1
682,1789975385.002472,419,623,727,757,725,755,805,775,715,375,474,562,593,549,573,493,517,504,530,574,558,465,413,327,0,600,937,873,752,820,937,599,aro0921,sitting_straight,1
683,1789975385.022492,420,627,725,744,735,757,809,773,714,373,443,550,568,523,598,472,505,507,529,573,573,461,411,327,0,587,905,876,747,823,937,600,aro0921,sitting_straight,1
684,1789975385.042526,423,627,729,751,725,755,809,767,718,375,471,563,590,549,571,493,510,504,533,573,572,461,411,317,0,595,942,876,747,831,935,589,aro0921,sitting_straight,1
685,1789975385.062479,411,615,728,759,723,773,811,775,725,361,483,543,605,543,553,489,522,531,501,595,571,457,420,317,0,571,925,872,725,819,943,616,aro0921,sitting_straight,1
686,1789975385.082535,411,639,723,747,724,751,799,765,735,361,475,547,588,547,575,493,498,493,543,586,580,481,415,297,0,605,941,895,774,837,913,573,aro0921,sitting_straight,1
687,1789975385.102500,423,617,716,745,738,756,821,767,724,358,461,558,565,531,584,495,493,501,535,603,567,445,405,342,0,583,953,895,729,843,907,615,aro0921,sitting_straight,1
688,1789975385.122490,435,613,725,752,725,747,793,752,717,377,487,549,566,559,574,483,500,501,537,557,553,469,394,317,0,587,957,893,763,797,951,611,aro0921,sitting_straight,1
689,1789975385.142478,409,648,739,743,731,743,787,751,725,373,468,555,571,566,584,485,523,494,548,573,559,493,395,327,0,600,935,889,767,839,907,581,aro0921,sitting_straight,1
690,1789975385.162503,409,624,727,765,717,745,811,781,703,375,461,570,573,555,558,505,503,505,538,569,593,459,397,317,0,614,957,884,767,827,954,601,aro0921,sitting_straight,1
691,1789975385.181638,420,614,742,757,711,751,811,781,702,361,461,581,573,529,573,476,505,493,547,584,583,447,395,334,0,617,965,866,745,815,933,623,aro0921,sitting_straight,1
692,1789975385.202889,427,635,733,762,713,756,812,787,699,377,492,555,599,529,596,484,493,535,509,543,555,460,413,299,0,590,957,901,746,803,941,605,aro0921,sitting_straight,1
693,1789975385.222600,414,637,711,747,727,745,813,763,709,360,499,539,593,541,564,494,529,525,541,563,567,445,398,331,0,575,955,904,765,846,939,611,aro0921,sitting_straight,1
694,1789975385.242556,413,647,719,747,733,773,813,773,697,357,453,560,597,537,596,521,504,530,522,585,569,473,395,308,0,615,941,851,751,845,909,585,aro0921,sitting_straight,1
695,1789975385.262531,423,619,715,772,731,760,798,756,709,379,455,563,597,563,569,503,501,489,543,573,567,454,412,305,0,589,951,884,739,813,952,621,aro0921,sitting_straight,1
696,1789975385.282563,414,627,728,760,727,757,806,767,715,371,469,569,599,549,572,495,519,505,531,579,574,469,411,315,0,573,941,875,747,821,932,601,aro0921,sitting_straight,1
697,1789975385.302530,407,646,727,759,725,750,803,775,703,377,465,563,595,541,571,489,519,524,537,550,587,459,393,341,0,595,950,871,771,853,919,599,aro0921,sitting_straight,1
698,1789975385.322521,423,612,728,766,733,743,811,776,711,359,493,555,563,529,574,489,537,499,543,559,571,486,424,317,0,602,967,878,758,827,947,629,aro0921,sitting_straight,1
699,1789975385.342533,429,621,715,765,733,747,793,763,715,357,459,565,581,560,573,477,535,488,529,569,587,445,419,333,0,583,947,887,725,841,941,573,aro0921,sitting_straight,1
700,1789975385.362517,407,637,732,767,723,761,819,763,713,377,455,554,603,557,557,489,505,529,508,591,590,445,421,329,0,583,934,895,761,823,921,581,aro0921,sitting_straight,1
701,1789975385.382483,406,636,719,747,724,751,795,774,727,361,471,575,595,530,585,495,495,529,531,571,575,485,405,303,0,610,921,887,759,807,946,622,aro0921,sitting_straight,1
702,1789975385.402486,429,628,739,749,730,763,808,749,699,374,445,537,565,531,583,495,519,473,548,581,557,455,434,303,0,624,921,893,731,807,965,601,aro0921,sitting_straight,1
703,1789975385.422529,405,637,719,763,717,763,804,775,701,380,461,573,611,549,557,508,509,493,523,579,553,447,429,297,0,613,934,861,733,842,959,601,aro0921,sitting_straight,1
704,1789975385.442491,405,620,729,774,733,761,819,757,703,364,479,541,613,529,566,491,535,529,519,541,595,445,422,297,0,575,937,884,733,815,957,599,aro0921,sitting_straight,1
705,1789975385.462521,415,639,739,759,734,767,816,759,709,377,459,544,610,539,589,507,499,527,523,563,555,437,422,331,0,617,967,885,728,811,989,623,aro0921,sitting_straight,1
706,1789975385.482576,421,627,729,757,725,757,805,765,714,369,467,562,595,549,572,492,517,503,529,573,572,467,415,315,0,591,947,874,749,823,921,601,aro0921,sitting_straight,1
707,1789975385.502511,415,627,727,759,725,759,803,764,703,378,465,563,589,549,579,491,517,501,495,598,590,469,391,297,0,595,946,875,739,799,895,590,aro0921,sitting_straight,1
708,1789975385.522516,413,632,716,755,727,755,815,763,703,381,441,569,605,567,557,506,524,523,508,586,559,445,423,339,0,613,927,859,760,805,917,615,aro0921,sitting_straight,1
709,1789975385.542560,411,616,732,755,715,765,813,763,723,370,453,573,559,531,584,493,537,502,553,585,559,457,427,325,0,605,959,855,759,851,932,604,aro0921,sitting_straight,1
710,1789975385.562500,427,633,731,747,719,755,803,777,725,367,486,573,572,535,585,476,519,489,517,588,573,478,395,325,0,584,925,879,749,804,943,623,aro0921,sitting_straight,1
711,1789975385.582563,415,639,711,757,718,761,793,754,721,377,487,543,602,567,554,500,521,535,521,572,556,468,397,297,0,575,969,874,741,815,923,611,aro0921,sitting_straight,1
712,1789975385.602488,404,625,743,775,735,764,793,757,725,359,451,549,591,531,570,475,533,533,539,573,584,477,392,316,0,593,953,857,761,841,895,569,aro0921,sitting_straight,1
713,1789975385.622505,423,634,735,750,717,747,799,759,711,376,461,565,572,569,559,488,533,502,543,565,571,479,405,299,0,585,955,849,741,847,949,583,aro0921,sitting_straight,1
714,1789975385.642526,415,615,715,760,738,745,815,751,698,367,473,541,572,537,556,510,523,529,505,589,585,443,406,335,0,563,959,880,767,809,918,621,aro0921,sitting_straight,1
715,1789975385.662506,413,644,731,755,713,767,818,777,701,379,484,574,599,565,557,485,518,529,519,568,553,483,431,315,0,567,952,883,749,855,926,613,aro0921,sitting_straight,1
716,1789975385.682498,424,631,719,747,737,765,812,763,696,366,445,572,587,523,584,485,525,503,543,555,585,448,427,307,0,586,923,893,761,805,955,605,aro0921,sitting_straight,1
717,1789975385.702514,413,621,732,775,729,747,797,752,727,371,476,547,615,530,584,478,533,494,549,603,557,483,391,340,0,571,933,853,729,840,940,623,aro0921,sitting_straight,1
718,1789975385.722499,408,637,727,751,716,756,807,780,712,370,445,574,585,563,567,483,495,485,539,583,571,463,411,315,0,597,954,883,751,810,933,619,aro0921,sitting_straight,1
719,1789975385.742509,415,631,727,761,728,759,807,767,713,373,472,560,595,549,575,487,509,505,531,581,572,466,413,319,0,595,941,869,753,823,937,603,aro0921,sitting_straight,1
720,1789975385.762519,429,623,719,773,713,755,793,763,715,381,475,563,607,558,584,475,525,495,520,593,555,447,410,343,0,567,972,867,731,823,934,619,aro0921,sitting_straight,1
721,1789975385.782511,410,621,733,767,723,747,811,767,723,367,458,575,595,547,588,489,501,517,509,583,593,443,423,329,0,579,953,883,763,838,943,595,aro0921,sitting_straight,1
722,1789975385.802514,437,637,712,751,740,751,797,746,716,390,467,585,605,519,566,505,525,523,524,599,563,475,391,297,0,575,934,891,785,821,956,582,aro0921,sitting_straight,1
723,1789975385.822503,403,631,715,747,731,747,795,765,723,375,443,581,581,565,572,504,489,525,507,559,579,459,412,317,0,615,967,872,763,853,927,581,aro0921,sitting_straight,1
724,1789975385.842470,403,649,743,751,731,749,813,749,724,363,455,541,566,531,559,503,534,524,536,553,559,431,421,294,0,568,933,876,755,852,965,555,aro0921,sitting_straight,1
725,1789975385.862524,409,634,717,744,739,765,812,775,699,367,461,573,573,529,567,473,530,491,519,559,591,447,421,329,0,569,927,875,767,803,937,610,aro0921,sitting_straight,1
726,1789975385.882518,434,619,751,774,721,749,813,763,714,363,485,535,610,565,565,494,500,493,547,563,569,447,409,319,0,587,970,853,775,804,937,617,aro0921,sitting_straight,1
727,1789975385.902518,415,615,713,760,725,763,797,756,701,379,460,580,569,543,585,475,531,533,519,590,591,475,395,362,0,595,981,853,773,821,904,565,aro0921,sitting_straight,1
728,1789975385.922521,428,620,719,745,709,767,799,749,710,371,493,583,559,531,501,521,505,527,521,595,573,465,400,297,0,563,919,905,744,827,917,596,aro0921,sitting_straight,1
729,1789975385.942516,413,631,726,759,725,755,807,765,712,372,463,560,595,547,570,491,519,503,531,573,573,469,415,312,0,599,940,872,750,853,941,599,aro0921,sitting_straight,1
730,1789975385.962500,425,631,719,757,733,757,815,779,699,380,469,554,589,559,557,509,505,486,531,597,569,469,405,331,0,589,937,894,775,839,925,615,aro0921,sitting_straight,1
731,1789975385.982487,413,625,725,761,733,759,817,757,719,371,456,549,572,535,572,505,495,501,543,586,588,468,436,306,0,591,935,895,759,811,941,589,aro0921,sitting_straight,1
732,1789975386.002533,429,615,743,765,715,766,793,749,713,363,475,559,583,542,597,479,520,509,543,557,589,455,430,309,0,611,935,901,756,855,969,591,aro0921,sitting_straight,1
733,1789975386.022514,429,619,735,772,728,744,810,757,699,381,441,568,605,573,551,503,541,503,550,555,571,483,399,331,0,629,920,878,778,807,949,588,aro0921,sitting_straight,1
734,1789975386.041876,408,629,727,748,714,746,805,755,699,383,490,580,587,534,595,509,509,487,559,598,569,501,393,332,0,588,926,869,760,859,921,583,aro0921,sitting_straight,1
735,1789975386.062531,413,630,721,755,737,767,805,765,700,379,453,557,597,547,579,505,521,524,523,565,585,463,395,302,0,605,957,869,775,811,951,589,aro0921,sitting_straight,1
736,1789975386.082510,413,633,735,755,721,758,813,775,714,361,486,529,605,555,548,509,520,493,535,593,551,469,400,303,0,603,933,879,759,827,925,601,aro0921,sitting_straight,1
737,1789975386.102493,429,632,713,743,741,765,797,787,728,371,455,555,569,525,587,477,509,536,517,589,552,445,435,304,0,564,925,905,779,821,970,617,aro0921,sitting_straight,1
738,1789975386.122516,421,627,739,747,739,757,797,765,713,371,467,535,599,567,559,475,524,517,531,581,571,467,413,325,0,613,968,891,757,837,933,600,aro0921,sitting_straight,1
739,1789975386.142534,419,629,728,760,727,759,803,763,714,376,473,564,595,549,575,533,517,505,533,579,571,469,409,315,0,589,939,871,757,827,927,599,aro0921,sitting_straight,1
740,1789975386.162504,428,629,733,748,721,761,807,778,713,378,459,565,583,542,585,483,502,517,509,557,586,465,429,307,0,611,928,892,731,817,933,589,aro0921,sitting_straight,1
741,1789975386.182493,415,619,721,767,717,747,795,777,724,371,437,575,601,533,573,508,495,533,523,559,565,457,411,333,0,604,939,861,765,829,955,595,aro0921,sitting_straight,1
742,1789975386.202514,435,611,739,767,726,767,815,773,719,374,489,536,559,533,572,471,533,487,554,591,551,453,431,312,0,567,925,873,713,844,889,605,aro0921,sitting_straight,1
743,1789975386.222498,423,616,738,775,719,761,806,775,725,362,485,552,609,543,570,479,532,523,538,555,573,467,429,307,0,571,967,860,777,819,949,617,aro0921,sitting_straight,1
744,1789975386.242492,424,637,726,747,714,761,807,781,713,390,487,552,575,563,559,533,535,479,531,564,567,456,403,294,0,581,927,889,757,827,959,618,aro0921,sitting_straight,1
745,1789975386.262531,419,623,733,751,715,764,813,763,712,381,485,543,571,551,582,475,525,493,530,581,589,447,422,320,0,595,925,886,775,829,932,574,aro0921,sitting_straight,1
746,1789975386.282524,419,638,718,759,714,767,793,757,721,365,489,558,581,536,594,499,499,483,550,585,590,492,393,313,0,587,968,900,765,819,955,573,aro0921,sitting_straight,1
747,1789975386.302489,403,637,727,763,713,781,815,751,715,395,477,581,615,527,589,483,492,477,549,599,567,445,401,303,0,568,951,853,745,849,928,568,aro0921,sitting_straight,1
748,1789975386.322535,436,637,725,756,734,758,807,751,712,377,481,565,605,539,559,491,500,507,508,579,571,467,407,315,0,603,969,885,755,824,934,599,aro0921,sitting_straight,1
749,1789975386.342504,421,629,731,759,725,759,807,767,714,376,466,555,589,544,574,489,517,499,536,573,571,461,399,331,0,589,940,875,749,824,939,599,aro0921,sitting_straight,1
750,1789975386.362510,429,621,715,772,724,763,798,780,725,382,483,544,611,553,556,507,523,503,521,583,553,471,405,307,0,600,922,867,779,851,931,618,aro0921,sitting_straight,1
751,1789975386.382503,415,623,729,758,729,763,805,767,715,378,463,557,589,549,585,492,521,505,534,575,575,467,413,316,0,595,941,874,749,824,938,598,aro0921,sitting_straight,1
752,1789975386.402497,427,612,727,765,725,751,805,783,723,379,465,557,597,548,573,491,509,503,539,605,556,478,391,327,0,600,949,873,774,831,923,623,aro0921,sitting_straight,1
753,1789975386.422495,405,621,730,761,732,751,807,777,717,371,442,525,583,539,594,504,505,521,521,575,590,464,407,309,0,605,972,845,745,821,927,605,aro0921,sitting_straight,1
754,1789975386.442489,408,637,727,759,722,745,795,776,709,381,444,575,599,555,586,493,494,524,521,597,587,488,398,315,0,603,933,855,739,845,935,595,aro0921,sitting_straight,1
755,1789975386.462511,403,633,739,767,731,752,796,762,701,389,441,541,604,556,553,477,525,519,509,587,555,477,395,314,0,613,940,869,715,830,917,615,aro0921,sitting_straight,1
756,1789975386.482504,415,637,723,749,739,749,793,761,718,395,441,539,596,535,589,494,499,525,517,560,557,405,416,319,0,603,941,895,747,799,959,620,aro0921,sitting_straight,1
757,1789975386.502496,409,639,745,767,735,751,805,767,722,377,461,568,611,531,587,477,493,503,493,553,581,465,435,293,0,581,918,871,767,807,959,631,aro0921,sitting_straight,1
758,1789975386.522515,423,631,738,755,717,765,799,776,723,382,466,559,600,536,586,484,532,506,518,587,557,472,427,307,0,619,930,861,775,827,941,575,aro0921,sitting_straight,1
759,1789975386.542535,403,630,741,764,711,747,821,781,711,367,482,555,599,529,598,473,517,521,517,601,596,445,420,333,0,616,909,863,748,809,922,559,aro0921,sitting_straight,1
760,1789975386.562500,407,615,715,747,723,751,813,781,713,377,489,547,582,536,557,509,529,488,519,571,567,453,395,338,0,591,952,855,757,851,965,619,aro0921,sitting_straight,1
761,1789975386.582523,419,629,727,757,725,758,807,767,715,381,467,559,593,548,575,491,521,505,535,581,571,457,413,315,0,590,943,874,755,829,939,590,aro0921,sitting_straight,1
762,1789975386.602504,419,629,726,757,725,773,798,767,717,371,468,559,591,549,572,494,509,536,517,587,594,447,435,291,0,589,943,875,747,804,937,611,aro0921,sitting_straight,1
763,1789975386.622497,411,645,725,761,717,751,797,758,724,368,473,563,616,536,575,484,535,491,550,563,589,479,423,326,0,597,957,869,741,807,935,585,aro0921,sitting_straight,1
764,1789975386.642517,407,631,725,777,736,773,793,739,701,401,463,582,571,567,567,475,509,523,553,568,593,487,419,317,0,565,942,863,735,811,906,590,aro0921,sitting_straight,1
765,1789975386.662535,426,633,743,744,715,767,792,763,701,391,469,563,571,555,551,475,529,491,551,581,559,469,414,297,0,553,937,895,774,815,956,614,aro0921,sitting_straight,1
766,1789975386.682483,411,627,723,765,725,747,797,781,709,383,489,543,583,565,585,501,501,503,508,593,569,469,393,334,0,619,967,887,758,839,914,571,aro0921,sitting_straight,1
767,1789975386.702412,413,637,724,773,719,749,809,779,725,391,479,541,589,567,567,506,499,499,539,587,567,447,403,299,0,615,967,896,778,823,967,567,aro0921,sitting_straight,1
768,1789975386.721805,431,637,715,741,723,772,798,759,717,373,493,549,579,533,574,504,507,520,568,595,588,475,405,297,0,573,920,894,731,809,928,591,aro0921,sitting_straight,1
769,1789975386.741996,431,619,731,774,739,764,808,777,697,393,447,559,589,535,563,485,536,487,542,599,555,441,423,340,0,620,959,903,749,800,931,613,aro0921,sitting_straight,1
770,1789975386.761761,418,636,718,767,716,763,795,767,716,375,487,573,611,565,559,491,522,499,549,563,557,474,393,298,0,571,965,882,743,853,950,601,aro0921,sitting_straight,1
771,1789975386.782187,423,629,727,759,725,757,803,765,712,377,473,559,595,549,572,494,518,517,535,581,573,470,412,324,0,589,947,877,757,831,931,593,aro0921,sitting_straight,1
772,1789975386.802050,419,631,729,755,725,761,795,763,711,390,469,557,585,549,575,493,518,515,535,582,571,444,424,293,0,595,941,877,729,843,942,573,aro0921,sitting_straight,1
773,1789975386.822635,412,645,722,755,733,764,791,759,710,383,470,559,600,523,594,492,495,533,506,571,557,482,393,313,0,573,939,859,739,791,955,611,aro0921,sitting_straight,1
774,1789975386.842030,409,632,721,773,738,747,791,763,729,395,455,543,581,529,589,503,505,507,524,558,567,467,433,339,0,623,918,889,733,853,935,571,aro0921,sitting_straight,1
775,1789975386.861956,423,632,739,747,733,759,794,775,721,374,461,559,587,565,565,485,535,532,520,563,590,447,414,297,0,591,931,889,735,791,959,595,aro0921,sitting_straight,1
776,1789975386.882435,413,635,739,765,734,757,796,751,723,395,461,547,589,543,567,503,505,499,539,589,565,469,423,327,0,589,959,851,747,837,915,575,aro0921,sitting_straight,1
777,1789975386.902203,429,628,713,743,729,767,797,761,697,377,435,574,569,555,565,505,493,492,499,571,581,489,441,342,0,607,922,888,760,857,943,599,aro0921,sitting_straight,1
778,1789975386.922603,407,623,739,763,731,763,792,761,699,398,467,581,598,569,587,488,501,487,552,585,551,483,427,339,0,572,947,893,765,857,967,584,aro0921,sitting_straight,1
779,1789975386.942289,405,623,713,773,716,742,790,787,713,397,483,544,588,570,554,520,518,488,534,565,581,491,379,331,0,565,949,892,715,795,955,581,aro0921,sitting_straight,1
780,1789975386.961964,424,637,719,758,716,767,795,761,701,378,467,543,606,555,569,485,495,531,543,573,589,478,420,329,0,607,921,873,733,825,916,615,aro0921,sitting_straight,1
781,1789975386.982156,421,628,725,758,728,759,803,765,715,381,487,543,589,548,573,489,517,509,531,581,568,462,407,317,0,585,949,873,751,827,935,589,aro0921,sitting_straight,1
782,1789975387.002408,415,631,729,759,725,757,802,767,699,365,469,562,593,549,559,493,521,507,529,583,591,451,414,315,0,587,927,873,766,849,927,560,aro0921,sitting_straight,1
783,1789975387.022628,428,616,729,745,701,767,805,777,719,374,459,541,607,562,589,487,523,491,543,600,563,476,429,301,0,601,968,859,775,853,951,617,aro0921,sitting_straight,1
784,1789975387.042562,429,621,729,743,723,747,797,752,701,391,489,543,599,547,591,485,533,541,542,565,587,471,393,314,0,573,956,903,765,845,891,557,aro0921,sitting_straight,1
785,1789975387.062591,413,633,738,761,712,765,813,765,698,392,468,564,611,569,573,507,489,531,525,572,574,472,405,303,0,599,953,865,746,845,941,570,aro0921,sitting_straight,1
786,1789975387.082637,409,617,728,757,714,773,811,763,703,377,455,581,599,565,590,488,531,495,523,595,588,445,416,302,0,613,935,893,759,850,915,587,aro0921,sitting_straight,1
787,1789975387.102591,403,633,715,761,735,773,793,776,703,380,455,551,569,569,565,519,508,534,505,569,563,445,389,299,0,593,919,905,746,806,971,617,aro0921,sitting_straight,1
788,1789975387.122573,411,631,723,751,713,757,804,757,701,396,487,541,583,534,569,507,541,521,525,565,553,445,428,341,0,602,925,904,761,805,916,591,aro0921,sitting_straight,1
789,1789975387.142546,415,620,727,765,727,773,795,755,716,375,453,571,607,565,558,477,532,521,539,557,582,485,397,277,0,601,969,871,767,845,943,567,aro0921,sitting_straight,1
790,1789975387.162575,424,623,739,745,732,749,803,755,697,383,453,549,603,557,563,507,533,529,529,581,589,459,395,326,0,600,927,892,747,827,919,565,aro0921,sitting_straight,1
791,1789975387.182578,421,620,717,761,713,765,805,755,725,380,463,572,591,565,557,509,523,534,531,581,559,463,431,341,0,601,924,909,749,829,915,605,aro0921,sitting_straight,1
792,1789975387.202556,428,613,717,756,713,756,813,760,730,382,473,551,582,571,558,473,539,487,521,591,571,456,375,355,0,622,941,903,735,843,903,569,aro0921,sitting_straight,1
793,1789975387.222535,425,631,741,746,733,750,803,775,713,395,455,554,600,555,565,503,529,505,531,585,569,456,407,311,0,589,920,891,749,844,955,604,aro0921,sitting_straight,1
794,1789975387.242523,406,629,739,773,733,765,811,764,730,379,444,568,584,541,559,478,524,523,543,571,590,455,413,333,0,611,923,873,747,745,959,559,aro0921,sitting_straight,1
795,1789975387.262503,425,627,719,745,715,766,795,761,701,390,475,545,611,533,568,491,533,508,517,597,597,482,399,309,0,615,948,858,751,804,937,595,aro0921,sitting_straight,1
796,1789975387.282611,415,628,729,757,723,758,805,767,715,392,467,563,591,548,582,493,521,521,531,573,570,469,413,315,0,600,943,877,751,829,938,593,aro0921,sitting_straight,1
797,1789975387.302532,411,627,727,767,725,777,805,755,715,405,463,557,607,549,575,495,507,507,547,591,555,477,409,287,25,598,924,859,742,816,971,622,aro0921,sitting_straight,1
798,1789975387.322516,408,631,743,755,729,747,813,751,703,401,458,563,575,555,557,478,527,525,535,563,589,469,427,311,0,595,943,883,751,855,950,571,aro0921,sitting_straight,1
799,1789975387.342558,409,619,739,759,722,749,795,773,701,404,483,543,573,558,591,475,520,493,519,581,549,483,407,301,0,605,965,893,733,850,965,628,aro0921,sitting_straight,1
800,1789975387.362523,422,645,723,763,719,749,793,761,713,403,447,569,600,565,566,493,493,529,547,563,595,483,425,299,0,585,931,887,778,815,957,603,aro0921,sitting_straight,1
801,1789975387.382540,408,635,734,762,733,751,803,781,715,382,453,535,591,533,573,474,535,496,531,598,579,482,408,343,0,586,911,891,725,857,923,565,aro0921,sitting_straight,1
802,1789975387.402536,405,635,718,767,729,742,806,779,698,391,483,539,601,573,575,501,493,489,551,585,597,469,379,295,0,581,935,893,765,805,969,593,aro0921,sitting_straight,1
803,1789975387.422523,409,645,727,755,731,748,804,759,728,395,468,573,583,548,588,485,501,491,555,555,580,453,393,313,0,571,933,856,777,815,939,615,aro0921,sitting_straight,1
804,1789975387.442505,425,617,717,767,717,751,798,761,691,382,473,549,606,547,549,445,530,503,552,539,589,469,423,311,0,567,919,901,776,856,903,565,aro0921,sitting_straight,1
805,1789975387.462527,423,619,741,767,716,757,797,757,726,383,467,558,585,551,585,500,503,530,536,557,589,479,405,299,0,595,928,871,731,807,970,586,aro0921,sitting_straight,1
806,1789975387.482539,422,619,741,766,740,747,811,781,713,382,446,553,595,548,566,473,523,499,540,587,573,462,428,333,0,611,923,883,743,815,923,585,aro0921,sitting_straight,1
807,1789975387.502502,407,629,729,765,714,759,809,751,713,405,487,572,605,573,555,487,473,506,547,595,558,485,391,314,0,572,965,879,742,807,923,585,aro0921,sitting_straight,1
808,1789975387.522505,421,637,741,749,723,767,807,757,716,381,446,554,603,536,590,482,525,491,541,599,571,445,423,299,0,605,951,886,749,811,933,605,aro0921,sitting_straight,1
809,1789975387.542567,409,645,735,757,738,763,813,755,697,397,453,570,583,569,557,489,509,525,530,559,581,466,401,277,0,565,957,885,760,856,971,595,aro0921,sitting_straight,1
810,1789975387.562522,427,619,732,767,713,759,804,781,709,393,475,559,603,565,558,503,519,509,524,581,573,468,409,318,0,569,941,867,757,829,937,589,aro0921,sitting_straight,1
811,1789975387.582552,420,630,729,755,725,758,805,772,713,395,469,573,575,551,579,493,521,509,524,581,573,415,413,313,0,579,935,875,757,829,936,589,aro0921,sitting_straight,1
812,1789975387.602548,413,627,741,745,741,767,797,745,703,407,453,541,579,562,554,489,525,536,537,559,572,487,411,325,0,584,959,878,741,827,925,543,aro0921,sitting_straight,1
813,1789975387.622514,427,619,717,762,725,767,814,775,699,403,467,543,602,569,567,509,500,537,522,565,583,475,415,299,0,607,927,889,763,837,955,568,aro0921,sitting_straight,1
814,1789975387.642514,407,659,727,755,733,764,791,746,729,381,440,531,613,555,563,518,539,538,507,595,581,483,430,330,0,620,916,867,726,814,940,570,aro0921,sitting_straight,1
815,1789975387.662523,412,647,731,747,719,747,812,765,699,405,485,573,583,565,563,510,503,495,535,553,558,454,409,330,0,573,921,891,759,809,921,611,aro0921,sitting_straight,1
816,1789975387.682533,427,629,724,755,713,749,805,762,723,393,476,568,586,567,559,511,517,531,548,565,567,461,437,315,0,566,947,887,733,819,954,593,aro0921,sitting_straight,1
817,1789975387.702561,429,615,739,767,733,745,816,787,696,383,441,544,599,563,543,517,531,519,525,599,585,462,441,345,0,610,925,891,763,831,909,559,aro0921,sitting_straight,1
818,1789975387.722539,427,629,715,748,735,767,819,759,703,381,453,571,587,571,559,519,505,493,541,597,555,444,405,332,0,570,941,854,743,859,921,598,aro0921,sitting_straight,1
819,1789975387.742554,407,633,731,751,717,760,791,765,715,397,455,581,587,535,558,501,533,533,520,581,555,483,392,301,0,622,927,903,779,794,917,615,aro0921,sitting_straight,1
820,1789975387.762503,409,626,740,767,714,759,805,756,711,394,487,551,613,541,595,478,507,501,537,599,580,467,413,315,0,591,967,857,757,829,935,595,aro0921,sitting_straight,1
821,1789975387.782532,419,627,729,755,723,755,797,773,711,395,463,558,595,551,571,498,509,506,533,582,557,465,409,325,0,597,944,873,759,829,935,595,aro0921,sitting_straight,1
822,1789975387.802537,426,615,729,765,733,759,813,779,703,393,456,543,605,537,597,479,521,501,529,598,569,441,429,329,0,558,957,872,774,857,920,597,aro0921,sitting_straight,1
823,1789975387.822515,427,616,723,761,715,751,811,764,699,406,472,583,612,568,567,476,507,541,505,567,563,462,429,339,0,605,967,844,766,822,957,589,aro0921,sitting_straight,1
824,1789975387.842549,411,633,727,750,723,749,811,767,691,403,479,563,591,549,573,493,520,504,538,564,602,463,437,348,0,587,937,871,775,843,943,543,aro0921,sitting_straight,1
825,1789975387.862547,415,639,717,747,717,751,793,777,724,389,479,549,589,533,591,509,519,529,518,563,563,453,429,303,0,594,928,889,733,815,949,583,aro0921,sitting_straight,1
826,1789975387.882504,423,631,729,751,717,766,815,773,695,402,485,555,601,562,565,485,533,523,542,569,558,453,412,320,0,581,959,869,763,850,927,593,aro0921,sitting_straight,1
827,1789975387.902532,431,613,718,760,709,740,791,763,723,389,485,563,569,569,567,521,509,505,550,597,567,479,381,345,0,587,927,905,733,841,906,617,aro0921,sitting_straight,1
828,1789975387.922536,408,638,723,743,731,745,809,765,721,390,473,559,585,551,573,479,525,503,521,551,558,467,435,333,0,571,958,863,733,842,951,603,aro0921,sitting_straight,1
829,1789975387.942500,407,637,739,762,722,745,819,782,701,392,432,584,570,563,599,477,525,495,558,557,593,445,412,331,0,618,967,890,761,799,933,548,aro0921,sitting_straight,1
830,1789975387.962563,425,630,724,765,717,747,792,777,715,399,469,567,582,556,581,501,505,533,519,559,580,461,426,310,0,612,955,878,755,807,950,601,aro0921,sitting_straight,1
831,1789975387.982539,409,639,717,755,731,747,811,755,693,389,467,511,587,553,557,499,533,499,549,599,594,461,423,334,0,605,919,893,779,813,937,570,aro0921,sitting_straight,1
832,1789975388.002523,403,645,738,757,719,751,797,775,722,399,452,581,615,559,568,485,504,536,529,571,558,485,390,337,0,607,959,856,763,853,915,581,aro0921,sitting_straight,1
833,1789975388.022512,411,645,717,750,725,762,818,777,691,402,482,565,583,575,565,519,505,517,505,597,567,443,425,299,0,581,937,869,747,859,936,565,aro0921,sitting_straight,1
834,1789975388.042581,405,620,734,760,743,755,818,766,693,377,457,583,568,539,553,501,506,537,539,589,583,473,397,304,20,569,953,861,727,822,937,610,aro0921,sitting_straight,1
835,1789975388.062549,416,628,723,746,717,755,813,777,712,403,478,573,600,536,586,493,527,531,529,583,556,457,429,308,0,567,927,871,747,806,921,599,aro0921,sitting_straight,1
836,1789975388.082577,415,618,726,755,735,748,807,757,698,403,473,535,597,559,565,503,504,527,531,565,558,485,403,331,0,587,922,875,762,814,939,598,aro0921,sitting_straight,1
837,1789975388.102545,415,619,729,757,725,751,799,777,702,393,462,565,595,549,574,494,521,519,533,587,571,467,415,325,0,589,943,875,757,827,937,591,aro0921,sitting_straight,1
838,1789975388.122560,423,640,729,757,728,747,815,759,701,378,463,565,597,553,579,499,521,518,543,568,588,453,393,327,0,595,943,881,755,806,968,616,aro0921,sitting_straight,1
839,1789975388.142514,413,627,731,758,747,745,809,779,721,379,443,552,575,541,563,486,523,522,537,559,569,468,425,315,0,619,921,891,781,849,925,604,aro0921,sitting_straight,1
840,1789975388.162599,416,631,729,757,727,754,811,762,709,382,463,563,592,555,575,495,517,523,532,583,558,455,393,303,0,589,947,882,773,829,937,567,aro0921,sitting_straight,1
841,1789975388.182502,410,617,739,766,722,767,799,759,697,381,483,541,601,544,580,483,536,499,543,567,585,473,396,301,0,599,927,877,735,809,947,589,aro0921,sitting_straight,1
842,1789975388.202498,414,636,741,775,731,745,795,783,713,378,445,587,622,541,589,477,530,493,536,565,585,461,425,340,0,591,973,847,735,849,931,551,aro0921,sitting_straight,1
843,1789975388.222528,408,632,725,761,717,767,793,755,711,371,459,543,612,563,558,504,507,507,541,555,585,485,412,295,0,621,968,872,749,849,969,559,aro0921,sitting_straight,1
844,1789975388.242541,427,617,740,753,733,750,791,757,700,397,479,541,571,533,597,509,501,527,542,567,583,482,399,307,0,574,931,895,764,837,959,553,aro0921,sitting_straight,1
845,1789975388.262521,404,637,737,759,731,761,811,767,710,373,445,580,606,557,570,501,488,517,539,564,584,445,419,319,0,599,925,883,732,829,939,599,aro0921,sitting_straight,1
846,1789975388.282519,409,639,727,763,740,768,802,745,691,391,447,573,611,559,563,491,523,495,539,573,573,469,396,301,0,602,954,869,767,856,958,567,aro0921,sitting_straight,1
847,1789975388.302558,409,613,715,749,730,742,807,780,701,377,488,563,575,533,565,518,531,489,525,581,605,431,404,299,0,614,957,856,765,821,973,610,aro0921,sitting_straight,1
848,1789975388.322536,409,648,727,761,714,775,813,777,701,375,446,583,593,535,595,491,503,531,518,567,564,478,421,309,0,605,946,894,730,813,957,611,aro0921,sitting_straight,1
849,1789975388.342508,421,633,739,757,740,759,804,761,701,377,456,589,593,551,574,495,518,509,531,575,573,467,409,317,0,581,945,875,751,831,937,583,aro0921,sitting_straight,1
850,1789975388.362529,419,628,729,759,728,763,813,763,699,392,465,557,593,549,579,494,509,509,539,581,586,447,425,318,0,595,942,875,735,853,937,567,aro0921,sitting_straight,1
851,1789975388.382560,407,627,717,773,733,766,792,766,701,395,448,563,591,569,581,517,495,499,517,583,574,477,425,309,0,609,923,874,749,808,979,565,aro0921,sitting_straight,1
852,1789975388.402534,415,617,733,761,715,746,815,763,703,371,471,575,581,555,553,484,531,505,543,599,557,493,407,347,0,599,917,893,731,812,909,601,aro0921,sitting_straight,1
853,1789975388.422504,405,639,733,751,728,754,797,739,708,372,467,543,587,569,559,477,523,521,519,569,584,471,419,341,0,571,940,895,777,845,972,569,aro0921,sitting_straight,1
854,1789975388.442528,422,639,734,755,717,763,811,763,711,373,473,571,605,543,595,489,505,529,520,581,573,445,422,335,0,575,938,859,741,839,923,605,aro0921,sitting_straight,1
855,1789975388.462566,429,627,715,745,733,767,795,777,696,388,475,539,567,536,588,505,521,501,523,594,579,465,408,312,0,582,935,895,777,823,948,610,aro0921,sitting_straight,1
856,1789975388.482528,429,633,726,745,725,747,795,751,693,396,446,570,571,567,568,509,508,530,541,567,583,471,409,341,0,611,959,885,739,831,915,563,aro0921,sitting_straight,1
857,1789975388.502543,434,635,733,749,721,756,814,751,697,376,443,580,615,566,595,495,517,520,519,599,555,475,391,301,0,583,927,887,789,845,957,559,aro0921,sitting_straight,1
858,1789975388.522536,427,627,735,755,730,766,799,775,713,393,431,543,596,571,562,485,531,531,523,551,575,477,415,309,0,604,933,891,757,853,965,575,aro0921,sitting_straight,1
859,1789975388.542513,408,645,713,755,729,775,816,755,686,395,459,562,579,539,583,503,493,533,504,555,573,437,422,299,0,601,958,879,767,850,949,569,aro0921,sitting_straight,1
860,1789975388.562563,407,637,718,745,733,748,791,757,716,372,443,573,574,553,583,500,499,505,531,559,585,444,426,303,0,603,974,895,767,839,952,555,aro0921,sitting_straight,1
861,1789975388.582611,430,623,713,747,733,775,806,767,699,381,477,565,589,509,582,485,529,494,553,575,579,456,397,301,0,570,967,855,756,829,960,586,aro0921,sitting_straight,1
862,1789975388.602533,419,631,729,759,727,759,803,763,699,381,461,565,591,553,575,493,521,516,527,583,571,462,407,325,0,591,947,871,751,829,937,587,aro0921,sitting_straight,1
863,1789975388.622536,407,637,740,751,728,773,795,775,711,374,459,567,573,547,569,507,524,525,531,563,587,461,395,309,0,599,951,867,775,823,911,571,aro0921,sitting_straight,1
864,1789975388.642545,411,635,716,768,723,764,793,779,712,398,484,613,612,505,569,483,535,517,524,587,579,483,381,340,0,605,959,861,775,851,906,552,aro0921,sitting_straight,1
865,1789975388.662513,427,638,722,745,726,744,815,775,712,373,447,574,573,532,583,499,535,494,543,595,572,443,426,339,0,621,968,875,731,821,932,609,aro0921,sitting_straight,1
866,1789975388.682545,406,629,730,772,731,757,815,778,701,373,439,563,595,547,560,491,537,490,529,575,563,443,425,307,0,601,941,895,760,852,955,603,aro0921,sitting_straight,1
867,1789975388.702544,407,638,739,757,717,760,787,774,703,395,477,569,584,542,559,475,535,501,520,599,557,435,431,329,0,572,947,859,761,819,928,605,aro0921,sitting_straight,1
868,1789975388.722531,411,645,717,759,735,767,807,747,697,395,453,543,603,565,585,507,500,491,539,570,575,484,406,313,0,637,911,855,749,855,915,569,aro0921,sitting_straight,1
869,1789975388.742509,419,617,743,775,723,773,821,781,688,393,487,543,573,559,588,519,494,529,527,555,552,441,427,339,0,588,925,871,728,850,940,573,aro0921,sitting_straight,1
870,1789975388.762560,429,621,715,749,727,760,814,763,690,383,457,551,573,529,593,499,507,505,549,559,563,443,411,325,0,597,968,867,793,829,956,599,aro0921,sitting_straight,1
871,1789975388.782554,425,629,721,761,729,766,809,759,691,365,445,575,605,537,581,483,530,503,548,559,599,469,421,303,0,621,965,856,765,827,953,559,aro0921,sitting_straight,1
872,1789975388.802536,415,629,729,759,727,761,805,764,701,383,461,559,589,551,571,499,523,507,531,572,585,467,413,326,0,597,947,877,747,827,936,589,aro0921,sitting_straight,1
873,1789975388.822563,416,644,729,760,732,749,798,759,716,391,465,563,604,574,586,490,519,530,537,573,551,472,428,339,0,591,941,895,747,839,913,597,aro0921,sitting_straight,1
874,1789975388.842531,411,620,742,773,724,749,793,762,697,375,475,583,588,543,603,476,509,519,533,557,589,439,431,340,0,611,920,873,734,831,919,605,aro0921,sitting_straight,1
875,1789975388.862538,407,637,733,746,729,766,815,793,702,381,477,551,583,551,558,508,523,534,523,578,591,451,423,301,0,581,955,891,779,855,925,594,aro0921,sitting_straight,1
876,1789975388.882535,415,633,726,767,709,777,791,775,699,407,475,544,570,549,564,498,504,505,540,569,573,482,425,345,0,619,947,856,775,855,921,611,aro0921,sitting_straight,1
877,1789975388.902586,409,646,711,757,723,760,795,775,719,407,440,575,603,563,598,485,505,519,509,600,567,469,395,303,0,609,964,857,759,867,947,559,aro0921,sitting_straight,1
878,1789975388.922548,407,615,729,772,735,747,797,772,721,399,439,564,613,541,565,499,535,529,523,599,573,475,413,340,0,629,923,903,733,815,911,583,aro0921,sitting_straight,1
879,1789975388.942528,431,629,727,759,740,767,787,775,722,381,457,553,575,535,596,503,517,501,552,569,596,482,395,295,0,573,922,886,743,773,973,570,aro0921,sitting_straight,1
880,1789975388.962563,415,640,735,767,718,765,797,775,693,397,471,552,601,563,581,505,500,509,543,567,575,482,411,302,0,613,937,892,744,807,949,572,aro0921,sitting_straight,1
881,1789975388.982537,419,633,723,752,731,759,811,761,701,406,431,541,573,541,595,504,517,507,529,573,558,452,427,311,0,605,955,883,765,823,953,602,aro0921,sitting_straight,1
882,1789975389.002539,430,615,729,761,741,766,821,749,697,389,444,559,605,555,557,477,537,532,541,567,583,446,431,293,0,595,958,855,766,857,969,565,aro0921,sitting_straight,1
883,1789975389.022585,430,633,741,745,715,755,793,753,701,415,476,559,599,539,596,476,517,521,549,557,575,467,390,307,0,563,935,867,792,825,957,563,aro0921,sitting_straight,1
884,1789975389.042533,405,638,715,767,715,767,803,757,695,405,485,566,580,534,595,506,499,517,547,584,551,454,395,331,0,568,941,889,775,857,935,595,aro0921,sitting_straight,1
885,1789975389.062535,412,639,733,749,727,746,807,773,687,390,476,567,596,537,586,499,503,531,511,563,594,468,423,307,0,567,965,889,767,861,957,563,aro0921,sitting_straight,1
886,1789975389.082571,409,637,725,745,715,759,803,767,699,395,438,567,582,555,559,506,523,515,536,583,574,463,411,319,0,617,927,892,751,831,935,587,aro0921,sitting_straight,1
887,1789975389.102609,421,629,727,759,725,759,807,765,700,395,461,564,594,549,575,501,517,509,531,579,573,469,407,313,0,583,941,873,728,839,931,579,aro0921,sitting_straight,1
888,1789975389.122521,409,637,721,744,735,749,813,755,695,407,439,597,595,535,599,491,493,505,551,591,586,455,439,335,0,588,952,875,741,857,947,582,aro0921,sitting_straight,1
889,1789975389.142524,416,633,739,745,737,760,789,761,696,399,457,543,575,559,565,475,537,519,507,549,595,457,393,341,0,581,938,895,763,815,949,621,aro0921,sitting_straight,1
890,1789975389.162556,429,619,732,761,717,761,809,778,697,407,475,565,575,551,579,495,499,485,538,582,561,457,424,335,0,605,957,871,739,830,953,607,aro0921,sitting_straight,1
891,1789975389.182527,412,644,743,760,723,755,799,777,691,398,463,585,573,531,573,475,535,518,509,585,594,470,389,341,0,569,935,895,739,811,921,583,aro0921,sitting_straight,1
892,1789975389.202540,425,615,727,775,733,777,797,756,721,376,457,536,575,567,585,479,495,495,555,559,586,488,425,309,0,614,949,862,727,811,955,499,aro0921,sitting_straight,1
893,1789975389.222554,427,621,731,766,717,765,814,757,712,399,454,573,595,553,563,508,503,473,552,581,597,487,425,301,0,603,939,855,765,851,957,563,aro0921,sitting_straight,1
894,1789975389.242558,409,646,725,760,727,755,808,749,700,393,453,547,611,570,585,498,504,499,539,575,582,469,391,341,0,559,936,886,733,843,931,573,aro0921,sitting_straight,1
895,1789975389.262530,429,619,735,756,731,767,808,755,712,397,441,573,615,552,571,509,503,525,551,569,589,447,407,314,0,598,957,871,739,819,953,581,aro0921,sitting_straight,1
896,1789975389.282537,421,629,715,758,739,761,806,764,724,407,485,555,591,540,581,499,521,507,533,583,575,465,413,324,0,553,934,870,755,831,937,585,aro0921,sitting_straight,1
897,1789975389.302532,416,632,730,757,729,763,821,765,702,421,459,559,587,549,583,491,517,517,534,575,564,443,409,317,0,599,935,876,742,843,919,583,aro0921,sitting_straight,1
898,1789975389.322515,428,633,739,760,729,755,822,761,695,394,439,549,601,540,584,487,534,507,548,599,575,487,395,349,0,605,923,879,749,857,928,582,aro0921,sitting_straight,1
899,1789975389.342547,410,637,694,751,711,751,793,757,715,415,479,551,573,551,559,499,509,493,549,571,559,477,421,317,0,573,957,903,739,819,927,595,aro0921,sitting_straight,1
900,1789975389.362557,413,623,741,767,726,748,804,763,693,414,441,565,600,537,559,487,526,505,543,581,575,447,419,341,0,568,925,859,731,855,921,557,aro0921,sitting_straight,1
901,1789975389.382522,407,623,716,761,711,746,793,759,703,419,479,553,613,569,565,519,493,527,553,565,572,483,409,327,0,596,933,895,733,847,934,557,aro0921,sitting_straight,1
902,1789975389.402558,420,637,719,743,735,775,820,763,703,389,445,551,569,533,585,507,522,539,521,563,582,441,431,298,0,607,922,891,787,827,959,621,aro0921,sitting_straight,1
903,1789975389.422556,409,629,697,751,711,757,793,759,715,390,485,579,567,539,569,482,523,529,547,552,595,459,395,303,0,563,931,893,735,859,951,559,aro0921,sitting_straight,1
904,1789975389.442527,415,588,717,774,717,752,804,763,719,395,484,541,612,533,587,483,499,535,520,580,579,457,407,343,0,565,965,845,761,825,959,603,aro0921,sitting_straight,1
905,1789975389.462526,411,636,730,761,728,775,797,761,710,397,469,568,581,563,565,504,531,525,536,600,581,445,427,325,0,575,933,879,747,825,919,571,aro0921,sitting_straight,1
906,1789975389.482553,427,619,739,747,721,774,795,758,715,411,483,565,589,565,507,510,517,523,521,601,558,481,426,312,0,571,952,854,748,857,942,587,aro0921,sitting_straight,1
907,1789975389.502530,430,617,717,775,712,751,803,760,695,405,485,549,585,553,596,504,499,501,557,601,567,441,439,329,0,579,919,893,743,827,937,559,aro0921,sitting_straight,1
908,1789975389.522523,415,636,727,740,733,749,800,757,715,402,445,565,588,541,582,501,497,505,551,589,597,479,422,334,0,595,931,892,749,853,938,566,aro0921,sitting_straight,1
909,1789975389.542561,411,637,743,755,710,763,794,763,715,417,478,566,615,555,597,473,505,501,555,565,563,474,437,303,0,600,952,851,755,847,954,563,aro0921,sitting_straight,1
910,1789975389.562591,413,644,730,747,734,763,793,763,714,405,441,560,573,551,584,503,521,517,524,595,557,484,391,301,0,576,956,872,732,811,909,598,aro0921,sitting_straight,1
911,1789975389.582523,419,617,717,762,711,763,800,763,697,415,477,549,601,537,605,517,505,508,568,559,557,444,425,299,0,584,920,877,756,820,955,613,aro0921,sitting_straight,1
912,1789975389.602612,421,636,726,767,734,759,808,757,722,406,471,581,572,555,564,489,493,533,541,599,543,439,389,329,0,579,947,861,759,827,967,569,aro0921,sitting_straight,1
913,1789975389.622628,415,637,712,767,700,761,805,764,709,405,471,550,576,539,559,517,521,517,525,575,570,467,411,329,0,611,959,879,757,831,940,581,aro0921,sitting_straight,1
914,1789975389.642535,411,633,733,756,724,762,806,794,711,407,463,553,599,552,574,496,517,507,491,581,571,469,412,327,0,587,941,879,755,831,940,583,aro0921,sitting_straight,1
915,1789975389.662559,420,645,715,763,714,763,795,777,703,409,465,543,595,541,573,501,520,499,547,563,585,483,407,311,0,575,909,893,731,830,943,611,aro0921,sitting_straight,1
916,1789975389.682531,407,645,715,747,739,764,813,758,711,393,479,569,605,539,587,499,538,534,536,589,595,479,433,334,0,569,917,859,757,809,920,571,aro0921,sitting_straight,1
917,1789975389.702515,411,645,727,749,715,763,791,762,725,394,467,541,596,565,583,503,521,518,523,589,575,489,397,308,0,603,931,891,777,843,907,620,aro0921,sitting_straight,1
918,1789975389.722521,412,638,724,765,713,757,791,779,711,401,471,571,574,565,575,505,499,501,523,603,556,485,393,345,0,575,939,893,732,812,921,613,aro0921,sitting_straight,1
919,1789975389.742280,415,624,725,773,727,776,793,775,699,423,485,559,566,569,583,478,501,505,509,585,557,478,405,317,0,567,917,903,760,853,920,573,aro0921,sitting_straight,1
920,1789975389.762499,431,637,735,757,731,764,798,751,719,397,469,550,607,567,558,483,529,535,539,585,553,477,415,334,0,563,945,901,727,808,915,600,aro0921,sitting_straight,1
921,1789975389.782547,412,628,719,767,737,751,795,782,717,407,441,574,599,535,564,509,527,487,537,573,565,485,394,333,0,585,927,909,743,853,953,588,aro0921,sitting_straight,1
922,1789975389.802541,414,621,735,765,714,747,819,767,703,393,474,553,605,569,571,492,495,491,521,575,548,453,395,315,0,608,931,903,765,815,949,551,aro0921,sitting_straight,1
923,1789975389.822540,415,631,739,773,729,761,804,759,708,406,468,581,589,533,571,519,526,531,553,599,571,463,415,319,23,565,964,889,755,826,933,584,aro0921,sitting_straight,1
924,1789975389.842528,421,631,729,757,715,755,803,766,703,407,455,565,595,551,517,495,529,520,534,583,575,467,419,313,0,563,937,875,751,825,943,581,aro0921,sitting_straight,1
925,1789975389.862561,424,637,734,767,739,751,814,757,711,395,469,563,581,547,565,491,499,531,536,595,556,471,395,301,0,568,957,873,743,861,924,597,aro0921,sitting_straight,1
926,1789975389.882579,429,632,734,757,735,767,811,759,695,413,447,568,600,557,589,483,519,523,535,585,581,456,397,329,0,573,936,890,739,828,925,563,aro0921,sitting_straight,1
927,1789975389.902317,431,647,719,753,733,761,791,750,693,414,483,543,587,544,558,507,516,507,523,597,598,489,421,297,0,599,925,854,741,849,957,565,aro0921,sitting_straight,1
928,1789975389.922680,404,615,723,740,743,759,815,785,716,415,459,585,603,557,597,499,531,535,554,593,595,437,399,301,0,563,953,877,773,853,936,601,aro0921,sitting_straight,1
929,1789975389.942553,426,607,742,747,739,775,815,777,722,423,465,586,591,565,571,484,493,505,544,559,589,453,411,343,0,565,917,867,761,803,907,573,aro0921,sitting_straight,1
930,1789975389.962554,426,635,725,756,737,751,797,759,717,409,482,566,610,535,567,517,523,531,535,587,553,471,429,339,0,580,925,883,739,808,921,603,aro0921,sitting_straight,1
931,1789975389.982620,427,639,725,763,733,773,792,751,693,403,484,571,582,565,579,471,509,493,517,570,573,475,427,339,0,597,921,878,759,857,953,582,aro0921,sitting_straight,1
932,1789975390.002630,419,634,725,767,731,753,811,779,721,421,445,575,574,529,581,517,531,493,537,565,600,443,395,329,0,583,957,869,747,847,940,612,aro0921,sitting_straight,1
933,1789975390.022617,415,632,729,763,735,753,810,749,695,399,445,563,614,555,559,493,536,525,543,560,585,444,376,351,0,571,911,867,766,809,905,600,aro0921,sitting_straight,1
934,1789975390.042578,435,635,717,745,711,747,815,763,713,393,467,557,575,531,583,507,550,520,551,563,553,441,399,347,0,599,966,867,731,821,915,557,aro0921,sitting_straight,1
935,1789975390.062585,415,620,739,747,717,763,795,775,693,401,470,559,597,559,573,494,502,500,532,565,581,483,425,337,0,595,920,861,755,825,919,584,aro0921,sitting_straight,1
936,1789975390.082565,420,630,733,757,724,756,799,764,702,403,468,567,595,551,582,495,521,507,535,583,569,471,410,325,0,585,937,859,749,825,933,583,aro0921,sitting_straight,1
937,1789975390.102645,411,634,729,765,723,775,820,745,708,419,468,563,615,535,565,498,519,525,553,568,565,441,414,333,0,587,917,877,741,877,958,537,aro0921,sitting_straight,1
938,1789975390.122619,413,615,716,763,727,757,795,779,687,395,455,535,597,533,569,501,533,501,517,595,575,489,405,301,0,597,915,844,731,850,955,597,aro0921,sitting_straight,1
939,1789975390.142556,409,623,717,766,732,747,812,775,709,390,445,575,612,569,565,509,499,499,537,559,567,447,429,331,0,585,931,904,749,808,939,587,aro0921,sitting_straight,1
940,1789975390.162584,415,645,739,745,727,754,797,776,695,411,451,581,580,531,593,475,540,499,525,585,559,471,395,309,0,587,963,865,751,841,953,559,aro0921,sitting_straight,1
941,1789975390.182584,429,632,735,749,712,767,808,754,716,397,469,581,607,557,593,475,517,524,529,583,557,460,427,337,0,611,913,871,743,815,939,597,aro0921,sitting_straight,1
942,1789975390.202565,407,649,717,745,733,748,795,747,725,382,444,536,569,547,587,504,493,527,539,555,585,472,383,297,0,609,913,889,730,847,941,589,aro0921,sitting_straight,1
943,1789975390.222596,404,634,743,743,733,774,812,786,687,407,445,543,574,541,595,471,507,507,547,600,564,452,425,312,0,600,971,886,773,847,934,557,aro0921,sitting_straight,1
944,1789975390.242581,409,627,731,756,717,775,791,775,693,398,473,541,587,565,565,509,502,529,547,568,585,472,425,329,0,607,915,857,747,857,907,603,aro0921,sitting_straight,1
945,1789975390.262554,423,637,723,745,729,748,810,775,699,403,472,547,599,560,588,507,499,496,537,581,559,452,425,315,0,591,957,862,756,818,949,602,aro0921,sitting_straight,1
946,1789975390.282536,425,617,729,767,733,745,806,760,697,415,459,541,613,569,559,501,532,493,551,596,559,445,433,351,0,615,956,867,767,853,927,571,aro0921,sitting_straight,1
947,1789975390.302568,431,619,745,739,713,757,795,763,716,423,459,563,611,571,583,473,495,507,504,599,582,457,437,307,0,595,911,875,749,809,968,538,aro0921,sitting_straight,1
948,1789975390.322549,425,629,729,755,725,759,799,765,703,406,467,559,597,551,575,493,521,519,539,581,573,467,411,319,0,591,933,873,748,831,935,575,aro0921,sitting_straight,1
949,1789975390.342580,428,639,727,745,725,757,788,781,712,411,463,565,599,550,579,493,517,491,530,597,553,493,395,340,0,585,939,871,750,859,915,573,aro0921,sitting_straight,1
950,1789975390.362541,421,635,721,757,718,749,807,773,695,407,467,543,581,535,584,503,505,499,537,595,573,479,397,340,0,600,933,891,729,813,919,601,aro0921,sitting_straight,1
951,1789975390.382577,415,631,741,761,741,764,811,763,691,411,445,543,605,534,597,472,527,531,517,559,555,453,409,328,0,597,956,853,725,852,919,599,aro0921,sitting_straight,1
952,1789975390.402612,403,629,727,763,712,759,793,748,724,391,470,543,567,548,581,475,537,491,537,569,565,479,384,303,0,586,935,883,747,807,939,547,aro0921,sitting_straight,1
953,1789975390.422565,419,617,729,773,729,743,806,756,709,397,461,537,599,568,565,455,507,521,547,568,583,453,432,301,0,599,947,891,751,855,957,553,aro0921,sitting_straight,1
954,1789975390.442606,409,638,719,759,715,755,791,755,700,423,466,580,605,534,594,484,521,531,539,572,585,484,404,293,0,619,915,885,775,827,946,556,aro0921,sitting_straight,1
955,1789975390.462639,407,646,741,751,717,757,791,757,713,403,467,575,599,531,581,477,530,521,537,594,563,483,407,332,0,570,918,863,735,810,924,604,aro0921,sitting_straight,1
956,1789975390.482576,435,629,715,742,741,767,793,779,717,411,446,549,585,541,588,519,503,507,535,599,571,485,409,303,0,590,946,895,763,809,851,603,aro0921,sitting_straight,1
957,1789975390.502589,427,619,741,744,725,749,792,765,715,393,490,554,571,571,563,505,505,521,509,600,557,485,422,344,0,585,957,873,787,813,909,603,aro0921,sitting_straight,1
958,1789975390.522570,413,638,734,749,732,774,799,757,701,405,445,565,579,563,564,507,501,505,549,563,593,472,415,309,0,603,957,877,759,823,958,563,aro0921,sitting_straight,1
959,1789975390.542554,415,623,723,765,739,775,791,756,697,415,468,563,596,550,557,500,529,517,517,598,595,493,419,307,0,563,915,867,773,853,947,563,aro0921,sitting_straight,1
960,1789975390.562570,421,632,726,755,728,760,807,778,703,408,461,557,589,550,575,499,522,519,532,582,573,469,409,327,0,586,940,873,749,827,937,573,aro0921,sitting_straight,1
961,1789975390.582566,423,629,729,757,727,760,803,761,703,407,469,559,595,552,575,493,521,517,533,573,581,469,412,267,0,585,939,872,747,828,933,575,aro0921,sitting_straight,1
962,1789975390.602581,429,620,740,764,738,743,795,763,701,402,459,541,591,563,565,493,535,520,536,600,556,479,391,332,0,610,915,863,765,840,907,610,aro0921,sitting_straight,1
963,1789975390.621916,425,627,730,744,739,751,814,755,687,403,459,582,601,567,585,482,507,531,531,567,584,457,381,331,0,585,921,863,733,831,921,603,aro0921,sitting_straight,1
964,1789975390.642600,416,645,715,745,709,748,807,759,693,419,475,596,603,570,567,519,517,537,519,596,551,483,389,326,0,619,949,847,749,831,967,581,aro0921,sitting_straight,1
965,1789975390.662541,419,631,729,757,727,759,805,762,709,405,467,563,595,541,579,507,505,519,535,579,569,461,413,325,0,584,942,883,749,828,932,580,aro0921,sitting_straight,1
966,1789975390.682656,409,632,729,778,730,766,807,762,695,399,465,563,610,575,567,495,521,535,519,584,591,459,429,295,0,589,958,883,766,839,923,551,aro0921,sitting_straight,1
967,1789975390.702618,403,645,735,743,729,773,791,751,697,413,447,581,589,565,571,487,527,499,551,571,555,477,393,301,0,583,955,861,716,836,951,601,aro0921,sitting_straight,1
968,1789975390.722553,397,635,717,761,717,757,818,779,693,401,476,543,598,533,593,503,501,509,522,595,589,455,429,338,0,617,919,860,764,851,915,550,aro0921,sitting_straight,1
969,1789975390.742555,397,631,739,767,739,763,808,765,691,409,447,600,611,555,589,518,494,519,518,601,583,467,402,333,0,554,937,851,727,841,917,549,aro0921,sitting_straight,1
970,1789975390.762583,425,633,732,745,725,749,796,773,692,395,471,571,573,533,587,487,533,527,551,560,589,456,397,313,0,605,917,901,773,806,925,597,aro0921,sitting_straight,1
971,1789975390.782566,407,633,735,751,713,761,795,755,711,393,463,565,601,536,595,491,503,523,519,599,559,482,395,309,0,567,936,859,774,823,941,601,aro0921,sitting_straight,1
972,1789975390.802547,419,633,733,741,728,747,799,765,713,408,483,557,607,552,563,487,535,530,541,554,549,459,395,325,0,562,963,856,735,844,955,603,aro0921,sitting_straight,1
973,1789975390.822571,423,639,732,751,744,763,809,760,717,395,455,572,611,540,563,509,507,534,539,574,569,437,411,350,0,568,925,843,731,850,917,599,aro0921,sitting_straight,1
974,1789975390.842561,411,616,739,765,712,743,799,774,687,391,475,584,595,572,568,478,536,536,507,580,569,459,399,303,0,543,957,869,731,813,947,611,aro0921,sitting_straight,1
975,1789975390.862575,411,645,731,755,717,748,791,781,699,410,485,543,574,533,585,487,501,504,523,567,567,477,391,319,0,563,959,885,728,807,939,603,aro0921,sitting_straight,1
976,1789975390.882573,410,627,723,767,738,759,813,774,708,392,440,550,585,540,567,501,535,507,519,594,569,443,415,342,0,611,947,861,749,812,939,597,aro0921,sitting_straight,1
977,1789975390.902579,411,631,743,757,717,762,805,763,703,403,473,572,591,567,559,479,533,519,533,571,571,467,425,319,0,601,936,888,755,830,925,575,aro0921,sitting_straight,1
978,1789975390.922577,415,631,729,757,717,761,810,763,703,399,472,544,596,551,581,493,518,520,531,572,573,463,410,328,0,585,939,875,755,819,931,557,aro0921,sitting_straight,1
979,1789975390.942561,431,637,745,745,727,759,787,779,714,355,439,585,543,570,555,473,537,540,507,581,563,477,423,313,0,596,915,916,778,867,951,563,aro0921,sitting_straight,1
980,1789975390.962596,429,619,719,761,719,751,793,773,711,393,472,556,605,539,571,501,538,501,532,597,589,485,397,333,0,583,938,867,739,844,911,567,aro0921,sitting_straight,1
981,1789975390.982582,423,616,733,762,722,749,811,761,716,403,471,568,585,555,588,504,499,535,520,569,589,457,404,335,0,585,937,892,729,851,957,557,aro0921,sitting_straight,1
982,1789975391.002653,407,644,722,745,728,749,819,758,717,383,445,541,590,559,559,509,523,518,553,587,582,483,414,345,0,601,965,885,749,795,909,611,aro0921,sitting_straight,1
983,1789975391.022641,428,649,735,745,728,757,821,777,684,397,478,541,595,549,579,519,517,535,517,595,593,471,435,333,0,571,958,889,759,803,917,557,aro0921,sitting_straight,1
984,1789975391.042576,425,631,715,743,729,757,788,756,702,409,441,603,612,541,565,517,525,533,537,567,569,478,392,343,0,573,921,861,703,808,907,548,aro0921,sitting_straight,1
985,1789975391.062562,427,622,731,751,722,767,787,776,695,409,445,563,581,550,564,508,531,505,525,603,560,447,425,313,0,605,953,903,725,808,925,573,aro0921,sitting_straight,1
986,1789975391.082606,421,637,728,757,729,749,809,778,695,393,462,583,615,535,595,496,499,531,495,572,586,452,390,330,0,563,934,863,759,842,919,558,aro0921,sitting_straight,1
987,1789975391.102584,415,630,717,755,748,758,803,767,702,399,441,557,611,535,600,499,495,509,533,584,565,469,409,317,0,613,959,869,751,831,937,575,aro0921,sitting_straight,1
988,1789975391.122588,411,631,728,755,728,761,809,763,709,403,460,557,596,552,579,509,524,517,535,569,571,469,408,315,0,588,937,879,749,827,933,581,aro0921,sitting_straight,1
989,1789975391.141981,414,629,729,743,731,746,811,734,687,405,447,567,587,536,590,489,535,495,542,562,552,460,426,309,0,568,973,884,767,820,940,605,aro0921,sitting_straight,1
990,1789975391.162651,409,636,719,765,719,767,799,763,713,411,472,553,589,565,583,491,516,525,549,568,584,446,397,339,0,595,953,890,740,819,911,581,aro0921,sitting_straight,1
991,1789975391.182565,405,639,717,765,713,773,816,777,700,391,468,559,605,527,595,517,505,495,531,605,589,445,412,310,0,567,956,857,760,831,957,565,aro0921,sitting_straight,1
992,1789975391.202569,419,615,727,773,728,749,791,779,719,383,483,554,611,552,597,505,501,495,536,597,588,485,397,340,0,567,968,891,787,863,907,541,aro0921,sitting_straight,1
993,1789975391.222578,397,639,729,745,741,764,813,759,697,390,471,582,583,535,595,504,517,531,507,590,597,441,390,317,0,565,951,883,757,807,909,571,aro0921,sitting_straight,1
994,1789975391.242556,405,651,741,742,733,761,813,741,691,413,441,581,575,571,563,477,532,536,533,581,595,455,393,345,0,613,952,890,735,809,915,571,aro0921,sitting_straight,1
995,1789975391.262553,409,645,733,745,731,751,807,776,717,395,455,573,594,557,565,509,508,530,519,568,571,455,405,315,0,611,941,861,767,845,933,591,aro0921,sitting_straight,1
996,1789975391.282597,407,647,739,739,739,765,808,758,717,394,451,555,585,535,585,475,549,525,549,559,557,441,427,333,0,617,914,905,729,829,957,599,aro0921,sitting_straight,1
997,1789975391.302557,423,617,733,767,713,761,799,761,701,403,456,551,606,551,559,502,530,509,532,579,572,470,408,319,0,610,920,837,751,827,933,575,aro0921,sitting_straight,1
998,1789975391.322573,413,631,728,755,744,752,793,765,692,409,443,556,596,554,575,493,509,518,534,581,557,469,399,334,0,585,941,874,732,807,936,611,aro0921,sitting_straight,1
999,1789975391.342581,428,619,743,751,717,751,815,765,711,391,475,547,613,541,601,479,531,527,524,587,559,443,407,342,0,559,942,854,729,850,909,587,aro0921,sitting_straight,1
1000,1789975391.362575,414,638,731,751,739,757,795,757,709,407,455,581,613,523,595,517,500,509,549,596,561,459,395,339,0,575,957,867,761,851,943,573,aro0921,sitting_straight,1
1001,1789975391.382567,413,622,751,761,714,767,812,760,691,408,493,573,619,547,585,509,523,533,519,557,575,443,435,308,0,581,969,853,729,843,950,550,aro0921,sitting_straight,1
1002,1789975391.402577,413,616,739,757,712,765,813,767,686,405,472,547,568,581,591,493,501,502,505,593,600,441,408,301,0,617,966,871,731,799,955,556,aro0921,sitting_straight,1
1003,1789975391.422557,409,636,732,753,727,781,811,749,693,414,458,548,587,533,591,501,524,493,541,593,554,445,429,295,0,569,957,871,765,826,917,567,aro0921,sitting_straight,1
1004,1789975391.442557,423,619,733,775,715,775,790,744,717,391,492,569,607,547,599,482,519,499,539,597,587,431,421,303,0,555,901,855,776,857,909,570,aro0921,sitting_straight,1
1005,1789975391.462580,415,631,731,761,714,761,809,751,692,399,467,552,585,569,563,505,529,531,540,565,587,479,420,339,0,565,919,903,774,815,921,557,aro0921,sitting_straight,1
1006,1789975391.482609,430,611,743,765,739,757,799,773,722,389,472,557,615,557,558,507,533,517,529,563,587,453,429,341,0,597,915,861,767,851,915,552,aro0921,sitting_straight,1
1007,1789975391.502560,415,629,729,758,714,759,794,760,701,403,473,553,598,550,575,505,495,509,536,581,572,467,409,327,0,565,943,879,745,815,936,584,aro0921,sitting_straight,1
1008,1789975391.522555,419,629,729,757,729,765,825,763,718,410,469,559,597,548,582,503,521,517,535,581,605,467,409,335,0,584,939,874,755,856,937,554,aro0921,sitting_straight,1
1009,1789975391.542569,401,623,745,765,716,774,815,779,701,399,491,541,573,553,595,477,529,493,517,583,599,443,409,304,0,579,967,877,745,807,956,568,aro0921,sitting_straight,1
1010,1789975391.562571,425,645,715,747,743,765,811,751,692,398,445,570,602,539,575,491,535,495,548,595,568,471,393,325,0,591,966,877,776,852,907,552,aro0921,sitting_straight,1
1011,1789975391.582540,429,617,727,773,718,747,791,772,709,408,471,587,600,535,583,502,529,529,519,595,553,473,399,327,0,557,933,901,768,841,911,590,aro0921,sitting_straight,1
1012,1789975391.602582,413,647,713,745,723,760,809,779,683,407,487,572,587,545,597,507,501,500,523,556,553,472,398,341,0,593,931,857,744,830,951,587,aro0921,sitting_straight,1
1013,1789975391.622564,411,625,733,763,739,765,810,775,693,391,443,549,583,549,597,485,505,501,539,569,589,484,424,335,0,591,977,885,729,821,933,586,aro0921,sitting_straight,1
1014,1789975391.642580,403,629,735,767,710,747,823,757,712,391,479,557,598,541,570,473,507,531,551,559,574,459,423,315,0,550,917,891,779,809,937,599,aro0921,sitting_straight,1
1015,1789975391.662579,427,639,739,745,717,773,794,762,702,389,491,548,575,532,581,483,535,502,553,595,589,479,421,317,0,583,936,903,767,841,924,549,aro0921,sitting_straight,1
1016,1789975391.682671,429,621,731,759,719,755,809,763,693,383,466,574,607,549,548,487,533,507,552,599,591,479,408,315,0,615,977,857,756,839,907,548,aro0921,sitting_straight,1
1017,1789975391.702619,415,629,738,755,733,760,793,765,695,407,441,579,593,568,571,517,523,507,533,581,560,469,408,317,0,587,939,884,751,813,933,571,aro0921,sitting_straight,1
1018,1789975391.722581,415,632,729,755,727,763,805,761,701,398,469,565,595,548,574,495,521,519,523,583,573,463,405,319,0,582,941,879,743,813,935,600,aro0921,sitting_straight,1
1019,1789975391.742581,425,629,739,746,746,767,789,781,693,413,435,554,595,573,557,485,525,521,507,563,555,483,411,337,0,606,915,905,743,826,924,603,aro0921,sitting_straight,1
1020,1789975391.762566,407,635,719,763,739,763,799,764,696,411,443,567,591,566,564,508,529,524,542,563,567,440,413,339,0,599,931,884,727,807,953,595,aro0921,sitting_straight,1
1021,1789975391.782596,426,619,727,765,717,751,813,765,695,408,445,565,611,549,572,500,503,487,542,590,555,446,411,327,0,575,965,861,755,854,943,581,aro0921,sitting_straight,1
1022,1789975391.802563,415,619,723,765,729,761,792,775,697,413,475,579,595,536,573,487,538,499,533,587,555,483,407,337,0,600,969,860,728,857,915,567,aro0921,sitting_straight,1
1023,1789975391.822562,431,618,742,763,724,776,815,761,691,405,467,575,599,540,600,517,495,493,553,593,570,431,436,319,0,555,917,861,748,839,943,543,aro0921,sitting_straight,1
1024,1789975391.842565,407,645,724,757,717,761,797,761,691,411,439,573,605,499,573,533,503,533,539,560,560,483,424,311,0,613,933,853,755,729,917,573,aro0921,sitting_straight,1
1025,1789975391.862587,409,645,731,751,717,757,791,777,709,406,471,536,611,567,567,503,525,535,527,559,573,477,405,301,0,569,921,866,741,807,927,581,aro0921,sitting_straight,1
1026,1789975391.882655,406,643,741,759,715,764,811,757,711,392,485,559,606,557,571,445,536,496,536,597,568,473,423,332,0,569,955,856,747,825,935,555,aro0921,sitting_straight,1
1027,1789975391.902609,430,631,716,759,725,765,809,778,697,399,448,559,603,546,598,476,519,531,507,601,541,453,427,341,0,595,931,893,749,807,905,595,aro0921,sitting_straight,1
1028,1789975391.922570,407,638,717,745,727,777,794,774,717,405,491,559,582,537,593,517,490,531,518,597,568,487,431,300,0,573,939,896,728,856,919,543,aro0921,sitting_straight,1
1029,1789975391.942582,428,617,741,763,704,755,796,748,715,391,479,567,629,557,556,492,533,492,551,602,555,461,415,320,0,597,916,863,740,819,907,604,aro0921,sitting_straight,1
1030,1789975391.962579,414,627,728,757,727,759,799,761,703,401,463,564,598,549,581,493,521,519,532,585,570,478,408,327,0,587,932,868,746,829,931,569,aro0921,sitting_straight,1
1031,1789975391.982579,407,631,723,765,729,757,811,761,695,407,471,569,593,551,583,499,520,533,527,585,566,487,392,309,0,588,942,916,743,851,921,557,aro0921,sitting_straight,1
1032,1789975392.002591,408,637,723,745,718,767,815,759,709,399,469,585,581,559,557,520,505,549,517,587,559,445,453,297,0,557,941,861,729,828,909,553,aro0921,sitting_straight,1
1033,1789975392.022581,429,619,733,765,732,751,793,779,711,418,481,543,589,557,586,500,502,539,529,573,551,453,434,340,0,565,953,893,723,858,907,543,aro0921,sitting_straight,1
1034,1789975392.042587,431,623,718,763,741,761,787,779,686,408,452,551,574,532,570,498,537,505,520,600,588,443,423,301,0,615,959,853,751,819,915,539,aro0921,sitting_straight,1
1035,1789975392.062568,426,627,737,749,723,765,793,759,701,410,467,583,565,555,596,485,519,499,551,571,567,459,418,303,0,611,959,875,731,853,951,567,aro0921,sitting_straight,1
1036,1789975392.082483,407,639,715,747,741,751,793,755,709,411,457,540,590,533,590,507,495,487,551,566,555,485,409,357,0,572,953,893,743,807,941,591,aro0921,sitting_straight,1
1037,1789975392.102600,424,619,719,767,734,747,791,761,719,394,461,579,574,559,559,501,532,511,552,559,594,455,407,343,0,585,923,910,723,867,955,524,aro0921,sitting_straight,1
1038,1789975392.122593,409,632,719,755,731,765,811,755,703,393,457,570,612,534,585,508,535,495,537,597,601,483,403,301,0,600,955,861,735,831,933,543,aro0921,sitting_straight,1
1039,1789975392.142603,407,637,741,759,713,775,809,749,717,398,491,531,611,535,599,510,517,529,543,573,571,447,413,301,0,557,973,861,779,809,953,597,aro0921,sitting_straight,1
1040,1789975392.161762,421,631,727,757,725,758,805,760,701,403,457,563,595,547,579,499,525,520,531,583,571,463,412,327,0,585,940,871,749,829,932,566,aro0921,sitting_straight,1
1041,1789975392.182626,427,639,731,760,729,773,800,757,695,397,467,565,595,551,575,493,523,537,523,571,569,485,395,342,0,588,942,873,775,827,915,551,aro0921,sitting_straight,1
1042,1789975392.202591,413,629,727,760,733,765,797,757,691,391,439,585,572,557,615,482,523,539,540,600,569,485,399,303,0,574,957,877,781,859,933,584,aro0921,sitting_straight,1
1043,1789975392.222598,409,645,733,745,737,775,789,776,692,408,463,586,583,485,581,503,489,535,511,523,568,452,411,342,0,573,959,889,774,863,951,534,aro0921,sitting_straight,1
1044,1789975392.242585,411,631,727,765,737,751,807,757,731,413,446,556,590,547,583,505,539,506,517,601,575,477,394,341,0,613,958,888,743,843,949,543,aro0921,sitting_straight,1
1045,1789975392.262579,425,623,716,751,722,745,803,762,693,411,457,573,604,536,587,508,500,519,521,597,566,469,425,311,0,579,949,853,731,839,925,548,aro0921,sitting_straight,1
1046,1789975392.282586,428,631,716,745,723,761,789,777,717,403,483,583,588,559,587,521,501,525,531,587,583,457,439,307,0,552,947,891,735,838,923,563,aro0921,sitting_straight,1
1047,1789975392.302586,416,629,725,743,715,735,797,778,721,422,474,571,612,559,591,477,505,534,509,567,571,443,425,333,0,555,969,867,719,794,915,563,aro0921,sitting_straight,1
1048,1789975392.322578,414,647,739,758,716,750,815,761,691,399,469,583,575,555,559,471,525,523,549,567,583,434,431,315,0,570,952,862,763,844,933,539,aro0921,sitting_straight,1
1049,1789975392.342602,403,636,728,760,745,755,792,805,699,412,437,557,617,569,569,491,535,495,535,583,555,487,393,298,0,605,955,856,723,831,921,575,aro0921,sitting_straight,1
1050,1789975392.362579,423,627,731,758,727,760,803,763,702,405,461,563,594,551,581,499,520,519,533,583,583,463,409,317,0,583,940,875,749,829,927,564,aro0921,sitting_straight,1
1051,1789975392.382558,429,628,722,758,728,773,813,765,692,389,459,563,585,547,593,509,499,533,520,585,573,447,410,296,0,583,907,901,735,827,904,541,aro0921,sitting_straight,1
1052,1789975392.402613,408,615,718,763,726,779,815,774,709,382,489,544,574,536,585,517,535,505,519,589,583,439,435,300,0,589,969,884,747,799,935,587,aro0921,sitting_straight,1
1053,1789975392.422566,409,639,730,749,723,755,792,749,697,408,463,579,586,540,601,491,507,523,535,567,587,476,411,298,0,563,923,895,774,811,953,564,aro0921,sitting_straight,1
1054,1789975392.442582,431,629,727,743,740,765,795,773,717,392,475,543,588,569,575,521,499,501,552,573,591,467,392,300,0,553,958,853,731,823,953,537,aro0921,sitting_straight,1
1055,1789975392.462585,413,631,739,765,723,773,795,763,703,411,457,575,600,563,597,483,519,534,549,583,583,475,428,333,0,581,955,892,749,808,901,552,aro0921,sitting_straight,1
1056,1789975392.482573,422,614,716,767,717,747,809,767,695,398,487,557,589,541,582,475,527,524,543,575,594,462,423,343,0,563,964,829,765,839,947,541,aro0921,sitting_straight,1
1057,1789975392.502362,420,636,715,759,741,777,787,767,698,415,445,569,615,565,553,491,537,534,531,599,551,487,413,298,0,596,969,857,717,787,923,585,aro0921,sitting_straight,1
1058,1789975392.522600,411,633,729,767,726,761,808,780,693,413,455,553,611,541,570,486,532,495,536,579,541,435,426,299,0,594,951,901,759,858,949,581,aro0921,sitting_straight,1
1059,1789975392.542613,427,619,716,762,743,773,797,780,693,415,456,581,573,549,571,485,535,501,520,597,560,444,431,315,0,637,959,868,751,825,907,590,aro0921,sitting_straight,1
1060,1789975392.562592,419,629,729,756,729,755,795,763,701,399,468,559,594,550,581,493,519,517,533,583,571,467,409,329,0,593,946,886,747,829,927,567,aro0921,sitting_straight,1
1061,1789975392.582566,421,619,727,765,733,749,791,756,715,392,463,558,611,553,583,501,519,510,473,559,581,485,421,313,0,591,957,875,739,819,941,551,aro0921,sitting_straight,1
1062,1789975392.602623,412,647,733,759,734,747,811,779,691,393,445,585,611,535,587,483,536,492,539,567,579,461,391,312,0,565,933,893,719,840,933,591,aro0921,sitting_straight,1
1063,1789975392.622569,411,637,727,755,726,765,807,776,717,393,483,548,609,555,575,503,500,507,520,599,563,469,429,327,0,582,959,857,731,813,907,580,aro0921,sitting_straight,1
1064,1789975392.642596,409,621,743,767,729,761,799,776,691,415,444,591,586,542,606,479,524,519,519,583,570,468,393,343,0,614,957,854,747,852,904,579,aro0921,sitting_straight,1
1065,1789975392.662611,409,627,719,767,735,763,789,767,701,415,453,567,603,567,585,481,499,495,537,571,583,483,423,303,0,565,949,901,757,857,973,543,aro0921,sitting_straight,1
1066,1789975392.682633,428,619,735,762,726,748,792,751,715,393,443,585,605,532,595,485,536,531,541,571,587,489,359,341,0,587,927,905,766,813,907,575,aro0921,sitting_straight,1
1067,1789975392.702569,425,618,739,761,717,777,808,751,703,397,467,581,579,551,575,479,519,503,542,599,563,458,398,325,0,573,941,887,723,823,933,597,aro0921,sitting_straight,1
1068,1789975392.722603,429,632,733,744,715,763,792,761,708,415,477,583,573,567,569,523,507,499,516,591,589,471,421,301,0,571,953,892,773,836,953,539,aro0921,sitting_straight,1
1069,1789975392.742591,406,637,729,765,731,776,813,777,699,391,473,543,617,568,555,493,538,493,536,583,585,447,413,317,0,551,927,850,762,856,955,567,aro0921,sitting_straight,1
1070,1789975392.762565,420,628,730,755,727,759,803,761,702,407,467,563,591,550,581,493,522,517,537,585,571,463,408,326,0,615,933,877,748,823,925,569,aro0921,sitting_straight,1
1071,1789975392.782596,411,635,731,761,727,761,792,757,687,407,467,565,604,549,589,495,521,535,531,566,589,477,399,323,0,589,941,889,775,813,936,561,aro0921,sitting_straight,1
1072,1789975392.802592,410,635,731,747,717,756,793,776,710,413,477,580,575,536,595,503,503,531,523,571,583,487,397,319,0,581,937,894,717,823,940,574,aro0921,sitting_straight,1
1073,1789975392.821799,415,627,725,754,745,773,790,755,721,408,460,571,597,573,565,509,520,533,525,591,544,479,353,346,0,557,927,892,739,851,905,549,aro0921,sitting_straight,1
1074,1789975392.842560,422,639,743,760,715,767,787,779,719,393,458,531,599,550,581,504,499,493,543,599,573,493,423,341,0,617,932,845,773,831,934,537,aro0921,sitting_straight,1
1075,1789975392.862703,411,620,715,763,739,749,812,777,715,395,477,567,582,535,571,511,533,501,542,565,557,443,411,311,0,559,959,889,732,853,925,569,aro0921,sitting_straight,1
1076,1789975392.882606,423,645,741,749,709,757,813,779,701,415,485,580,611,535,582,479,529,499,549,571,567,454,427,327,0,557,941,853,757,819,917,524,aro0921,sitting_straight,1
1077,1789975392.902596,425,617,740,763,722,760,792,751,699,404,476,563,573,541,567,503,525,500,553,595,549,447,415,342,0,563,915,889,731,860,933,567,aro0921,sitting_straight,1
1078,1789975392.922602,431,627,715,739,735,775,795,749,701,411,487,555,587,525,595,495,536,535,522,597,599,467,429,348,0,581,966,855,717,800,925,556,aro0921,sitting_straight,1
1079,1789975392.942505,424,627,742,745,731,775,803,779,693,407,439,558,573,540,584,505,505,501,521,603,555,489,383,303,0,606,916,905,775,822,919,581,aro0921,sitting_straight,1
1080,1789975392.962565,423,632,728,759,729,760,803,764,702,402,463,559,595,551,583,495,520,509,535,582,573,463,409,318,0,587,938,875,746,821,923,563,aro0921,sitting_straight,1
1081,1789975392.982578,422,631,727,756,728,761,803,763,709,407,467,557,601,555,585,494,519,523,533,583,571,467,408,319,0,573,941,872,751,828,923,567,aro0921,sitting_straight,1
1082,1789975393.002682,422,626,739,747,743,761,803,763,703,408,445,563,583,567,555,501,524,521,536,583,571,468,411,325,0,595,947,901,747,829,927,557,aro0921,sitting_straight,1
1083,1789975393.022667,423,631,729,761,729,760,804,763,693,403,461,567,595,555,579,503,523,517,536,597,572,467,409,325,0,582,939,877,760,831,927,563,aro0921,sitting_straight,1
1084,1789975393.042600,409,623,717,773,743,777,818,779,698,393,463,539,587,581,581,505,484,521,535,603,569,445,407,337,0,559,941,902,725,844,904,593,aro0921,sitting_straight,1
1085,1789975393.062658,421,635,735,759,727,767,799,777,697,415,471,566,603,569,567,491,536,520,521,567,564,469,423,308,0,565,936,869,756,807,947,569,aro0921,sitting_straight,1
1086,1789975393.082579,430,629,719,751,717,755,812,777,712,395,463,582,600,535,585,483,529,535,523,571,587,441,415,331,0,572,951,857,755,849,927,555,aro0921,sitting_straight,1
1087,1789975393.102587,407,653,745,756,716,746,791,763,693,395,484,564,601,536,603,471,516,547,548,568,596,477,429,347,0,555,917,884,732,814,901,595,aro0921,sitting_straight,1
1088,1789975393.121926,425,623,741,749,715,775,790,777,691,411,469,585,565,548,565,495,539,474,520,613,567,473,395,331,0,567,919,879,757,831,909,575,aro0921,sitting_straight,1
1089,1789975393.142378,411,636,730,761,717,759,811,776,691,405,485,538,603,556,596,487,540,519,519,591,596,458,389,301,0,588,949,901,725,811,952,573,aro0921,sitting_straight,1
1090,1789975393.162670,429,621,729,765,721,773,792,776,701,401,479,575,605,540,595,510,504,527,533,587,589,444,421,331,0,563,922,885,765,828,939,554,aro0921,sitting_straight,1
1091,1789975393.182638,403,631,740,747,739,761,811,777,714,397,459,551,579,533,600,483,509,495,540,589,557,441,401,339,0,559,927,894,719,851,910,579,aro0921,sitting_straight,1
1092,1789975393.202647,431,621,742,773,718,761,805,781,701,405,485,579,611,533,603,482,509,520,533,584,574,467,411,325,0,595,936,883,746,831,928,568,aro0921,sitting_straight,1
1093,1789975393.222578,419,635,727,757,729,761,803,763,703,403,460,559,595,551,575,499,521,520,534,583,575,471,389,326,0,583,937,876,751,828,931,565,aro0921,sitting_straight,1
1094,1789975393.242592,420,647,717,748,746,755,789,767,701,418,457,573,585,559,568,517,534,465,517,599,569,485,388,343,0,611,959,890,732,843,924,536,aro0921,sitting_straight,1
1095,1789975393.262575,424,636,723,755,733,751,791,751,702,411,479,550,593,539,591,487,509,507,549,573,566,455,403,315,0,557,941,892,729,847,943,552,aro0921,sitting_straight,1
1096,1789975393.282592,405,631,730,773,723,749,807,756,695,399,469,555,581,549,599,521,505,537,523,563,591,477,389,319,0,551,957,858,767,856,952,544,aro0921,sitting_straight,1
1097,1789975393.302590,399,649,741,743,739,761,808,773,687,397,461,541,571,534,587,473,505,489,525,585,593,469,389,294,0,596,954,888,721,807,967,601,aro0921,sitting_straight,1
1098,1789975393.322597,405,637,739,763,723,756,811,761,694,413,477,574,610,535,597,482,521,520,519,597,564,446,419,341,0,599,925,876,747,821,909,569,aro0921,sitting_straight,1
1099,1789975393.341755,425,621,712,755,734,764,800,755,693,405,441,555,587,553,549,495,531,517,550,567,588,473,411,301,0,601,973,889,763,853,951,537,aro0921,sitting_straight,1
1100,1789975393.362652,399,633,717,765,731,761,793,733,683,393,469,547,584,539,558,510,520,536,529,586,572,471,395,301,0,552,952,883,711,857,917,533,aro0921,sitting_straight,1
1101,1789975393.382600,425,645,713,757,730,759,788,751,701,414,487,544,603,541,564,479,529,501,551,601,581,481,409,343,0,571,927,855,757,849,926,536,aro0921,sitting_straight,1
1102,1789975393.402595,411,617,717,761,719,762,803,745,701,404,471,575,573,569,565,505,504,535,539,564,571,467,413,301,0,557,939,891,745,827,923,571,aro0921,sitting_straight,1
1103,1789975393.422626,411,628,729,755,729,763,799,759,701,389,459,563,589,553,588,498,529,521,535,585,571,467,411,324,0,585,938,873,744,827,927,557,aro0921,sitting_straight,1
1104,1789975393.442627,425,635,717,745,741,763,815,759,703,393,439,583,610,525,575,493,519,530,537,565,581,441,421,332,0,611,953,873,773,808,954,588,aro0921,sitting_straight,1
1105,1789975393.462597,405,635,729,747,723,754,796,755,715,397,454,581,612,540,573,493,537,495,565,565,604,467,435,311,0,587,955,853,759,843,949,543,aro0921,sitting_straight,1
1106,1789975393.482594,403,636,719,764,735,767,807,757,691,423,441,537,573,553,599,477,505,539,525,569,567,455,406,306,0,591,957,891,734,859,954,551,aro0921,sitting_straight,1
1107,1789975393.502609,427,621,729,745,727,751,799,751,692,413,468,570,587,548,593,509,495,499,551,600,597,467,381,337,0,555,935,856,765,831,909,547,aro0921,sitting_straight,1
1108,1789975393.522604,407,633,697,767,722,761,797,759,699,405,469,573,597,555,591,509,505,517,549,598,581,471,398,336,0,565,958,877,729,823,902,549,aro0921,sitting_straight,1
1109,1789975393.542594,427,623,741,746,739,751,795,755,719,411,475,548,591,573,567,479,529,531,537,559,553,485,383,329,0,549,965,859,725,809,917,581,aro0921,sitting_straight,1
1110,1789975393.562614,427,630,723,751,726,775,807,777,717,415,483,559,615,535,591,505,521,499,543,567,547,455,427,295,0,567,957,868,722,829,947,571,aro0921,sitting_straight,1
1111,1789975393.582583,420,648,730,756,725,776,814,765,697,415,444,593,609,527,600,520,501,501,549,599,589,445,422,326,0,603,939,856,733,846,925,554,aro0921,sitting_straight,1
1112,1789975393.602581,416,631,721,759,733,760,803,761,709,403,469,553,595,535,591,486,535,524,537,581,579,463,413,319,0,595,943,879,748,828,930,568,aro0921,sitting_straight,1
1113,1789975393.622610,420,629,730,759,731,763,803,763,709,404,459,565,603,551,583,504,521,523,543,585,570,468,410,325,0,583,941,877,729,821,927,597,aro0921,sitting_straight,1
1114,1789975393.642591,428,635,717,746,729,749,799,777,693,393,491,555,616,567,587,518,498,493,539,601,587,453,431,348,0,593,924,860,723,803,937,565,aro0921,sitting_straight,1
1115,1789975393.662588,413,621,737,773,727,751,796,759,698,412,454,565,587,569,565,483,535,533,521,592,556,447,423,331,0,607,949,855,757,807,907,579,aro0921,sitting_straight,1
1116,1789975393.681765,407,637,743,746,743,751,799,754,711,414,439,551,587,539,599,519,507,517,550,600,559,473,423,341,0,583,973,879,763,854,931,563,aro0921,sitting_straight,1
1117,1789975393.702631,423,645,740,755,728,765,793,749,695,407,459,573,607,569,563,487,520,497,543,580,569,443,405,302,0,589,919,867,780,807,956,598,aro0921,sitting_straight,1
1118,1789975393.722595,411,635,727,747,724,775,810,749,699,393,483,595,584,571,580,479,537,524,543,597,596,486,395,301,0,567,916,871,727,827,902,555,aro0921,sitting_straight,1
1119,1789975393.742574,415,645,719,750,727,778,813,745,696,421,445,581,571,559,575,518,509,519,523,605,562,438,423,333,0,606,941,906,719,806,895,595,aro0921,sitting_straight,1
1120,1789975393.762617,431,627,716,751,747,757,809,775,710,411,475,571,581,539,571,507,532,527,521,567,588,485,397,337,0,563,921,889,751,851,951,551,aro0921,sitting_straight,1
1121,1789975393.782339,412,639,733,749,741,755,791,751,697,414,467,523,587,559,566,493,537,531,537,565,559,462,396,343,0,589,959,867,749,813,944,586,aro0921,sitting_straight,1
1122,1789975393.802601,419,633,742,745,743,760,803,763,703,409,477,556,581,541,594,483,531,503,535,585,571,473,408,327,0,559,929,904,747,839,931,563,aro0921,sitting_straight,1
1123,1789975393.822591,420,631,729,757,731,763,804,761,701,406,467,555,597,551,581,499,520,520,535,581,556,466,407,319,0,583,941,823,745,831,927,541,aro0921,sitting_straight,1
1124,1789975393.842619,415,627,739,749,743,779,812,766,713,392,456,563,574,561,557,480,533,540,524,580,571,471,419,313,0,551,957,883,757,859,919,541,aro0921,sitting_straight,1
1125,1789975393.862581,425,630,725,767,729,775,803,759,697,413,435,563,614,537,593,504,504,507,547,599,567,471,413,325,0,584,927,871,743,803,935,573,aro0921,sitting_straight,1
1126,1789975393.882603,408,639,715,755,718,762,810,767,703,404,469,588,605,566,567,493,539,507,521,584,567,479,398,307,0,554,933,863,763,821,910,584,aro0921,sitting_straight,1
1127,1789975393.902610,404,643,713,746,717,764,810,749,691,415,485,571,596,535,611,503,505,539,525,605,556,457,429,295,0,553,958,859,734,809,907,571,aro0921,sitting_straight,1
1128,1789975393.922587,425,618,729,763,743,776,799,750,713,413,440,556,597,569,567,499,509,505,543,566,581,443,421,303,0,581,939,890,743,831,939,584,aro0921,sitting_straight,1
1129,1789975393.942583,405,639,723,744,739,751,813,747,724,397,441,539,604,536,610,506,521,503,549,568,567,466,425,313,0,586,917,885,731,837,949,583,aro0921,sitting_straight,1
1130,1789975393.962636,428,634,719,761,735,757,796,763,711,396,467,568,591,563,567,507,531,521,541,596,581,447,426,309,0,565,921,857,757,843,909,549,aro0921,sitting_straight,1
1131,1789975393.982627,425,617,745,773,719,751,797,763,718,395,471,567,605,571,555,505,501,519,531,600,582,484,407,338,0,603,914,859,757,854,911,543,aro0921,sitting_straight,1
1132,1789975394.002580,403,637,715,763,724,764,805,747,703,409,489,567,615,543,599,519,499,519,559,583,574,463,407,320,0,598,922,877,751,830,931,552,aro0921,sitting_straight,1
1133,1789975394.022456,421,631,727,765,727,755,803,765,708,405,465,565,597,544,581,494,517,521,533,581,573,463,409,327,0,585,939,883,747,825,932,562,aro0921,sitting_straight,1
1134,1789975394.041997,428,619,743,773,723,758,805,777,713,393,487,555,600,543,571,483,539,518,531,585,581,485,393,301,0,567,908,889,750,863,925,540,aro0921,sitting_straight,1
1135,1789975394.062376,407,633,727,747,720,761,791,759,696,403,473,573,587,535,591,487,519,520,529,567,557,441,414,311,0,601,923,895,749,807,925,599,aro0921,sitting_straight,1
1136,1789975394.082621,426,637,717,755,745,749,807,775,693,415,443,558,575,555,565,521,524,505,519,587,555,445,429,333,0,553,965,890,750,846,908,581,aro0921,sitting_straight,1
1137,1789975394.102614,429,621,729,749,743,761,788,749,719,392,453,558,595,563,559,521,529,496,539,571,593,467,401,301,0,569,927,905,739,855,957,541,aro0921,sitting_straight,1
1138,1789975394.122605,425,619,717,761,723,776,813,761,685,419,475,553,587,551,569,485,524,501,539,603,557,443,409,269,0,596,939,891,761,821,917,571,aro0921,sitting_straight,1
1139,1789975394.142593,427,619,725,749,729,765,791,767,713,397,445,569,582,569,571,522,509,537,521,573,594,491,396,317,0,553,954,892,774,799,952,563,aro0921,sitting_straight,1
1140,1789975394.162638,431,620,735,760,722,749,787,775,692,413,453,575,611,561,583,495,495,536,533,595,567,473,409,342,0,603,931,857,773,819,915,585,aro0921,sitting_straight,1
1141,1789975394.182610,415,647,741,750,743,749,795,764,697,399,456,543,590,555,571,521,525,535,519,588,597,445,404,339,0,583,941,870,732,845,903,530,aro0921,sitting_straight,1
1142,1789975394.202047,407,637,724,761,734,763,799,747,702,403,453,563,587,543,595,493,520,522,549,559,579,461,412,316,0,591,931,861,749,827,951,553,aro0921,sitting_straight,1
1143,1789975394.222649,421,631,727,758,739,761,804,761,703,407,463,559,597,553,581,503,521,521,535,575,571,465,404,319,0,594,940,875,745,831,927,553,aro0921,sitting_straight,1
1144,1789975394.242583,411,619,739,766,743,755,806,750,717,405,427,555,603,567,579,483,508,492,551,599,557,479,389,344,0,611,925,895,747,804,935,580,aro0921,sitting_straight,1
1145,1789975394.262593,429,631,719,747,717,754,805,772,703,406,462,575,583,563,563,473,536,495,535,587,557,445,408,335,0,579,949,864,757,824,903,579,aro0921,sitting_straight,1
1146,1789975394.282622,425,631,729,760,719,773,793,751,719,404,455,584,615,567,571,521,509,531,523,601,551,475,403,303,0,613,907,894,763,853,941,551,aro0921,sitting_straight,1
1147,1789975394.302652,427,639,731,763,723,757,789,765,723,393,459,573,595,535,601,501,499,509,536,567,574,453,443,328,0,610,959,859,746,804,953,579,aro0921,sitting_straight,1
1148,1789975394.322584,423,635,739,746,739,760,795,775,703,397,444,550,611,581,570,507,503,507,521,598,572,446,414,309,0,571,925,871,729,809,919,571,aro0921,sitting_straight,1
1149,1789975394.342644,417,617,739,766,739,773,811,760,697,393,452,533,611,531,587,504,519,535,517,591,600,441,426,333,0,563,965,854,750,823,888,539,aro0921,sitting_straight,1
1150,1789975394.362605,409,635,733,749,730,775,809,763,713,413,453,583,600,539,579,493,521,495,551,583,596,475,393,341,0,606,941,859,767,823,901,541,aro0921,sitting_straight,1
1151,1789975394.382630,409,645,738,744,725,767,811,777,694,415,467,549,573,572,573,493,539,509,523,563,567,445,421,299,0,566,919,895,773,847,953,565,aro0921,sitting_straight,1
1152,1789975394.402667,407,637,741,765,723,775,813,779,709,405,483,579,599,547,599,485,502,503,531,591,573,441,430,299,0,589,954,842,741,829,954,553,aro0921,sitting_straight,1
1153,1789975394.422607,423,631,729,759,731,761,798,762,709,397,471,563,595,547,585,498,524,506,535,579,570,468,407,325,0,519,941,879,745,826,927,543,aro0921,sitting_straight,1
1154,1789975394.442615,407,647,740,760,730,759,795,749,730,397,462,539,587,573,581,492,508,517,551,565,595,487,392,301,0,591,943,895,721,837,954,539,aro0921,sitting_straight,1
1155,1789975394.462589,431,607,726,773,718,763,796,775,718,412,461,563,619,563,574,499,523,523,530,573,557,473,399,318,0,568,935,861,773,858,910,547,aro0921,sitting_straight,1
1156,1789975394.482623,419,617,726,751,731,775,792,751,693,399,443,571,575,539,583,503,539,537,541,595,581,467,393,317,0,572,965,883,743,847,915,575,aro0921,sitting_straight,1
1157,1789975394.502612,429,621,741,752,743,757,807,755,692,403,445,558,561,551,559,483,534,503,549,599,573,453,392,319,0,611,943,886,749,855,903,530,aro0921,sitting_straight,1
1158,1789975394.522581,421,628,692,767,742,773,794,765,717,407,446,534,607,567,559,507,529,537,519,585,565,463,435,309,0,587,928,883,738,811,919,597,aro0921,sitting_straight,1
1159,1789975394.542616,421,617,748,757,725,759,793,760,719,419,428,565,615,542,589,479,530,539,531,589,585,457,427,299,0,615,937,851,749,839,894,539,aro0921,sitting_straight,1
1160,1789975394.562615,427,639,739,751,731,760,800,775,697,420,455,579,575,536,599,507,521,536,529,569,556,475,390,339,0,571,940,894,764,831,949,557,aro0921,sitting_straight,1
1161,1789975394.582598,413,631,715,773,725,751,793,775,701,395,443,573,605,555,597,519,504,501,533,588,581,484,399,333,0,590,941,855,775,869,896,544,aro0921,sitting_straight,1
1162,1789975394.602643,423,632,730,761,731,761,804,761,703,406,462,565,597,553,581,491,523,525,535,586,576,468,408,317,0,587,943,884,746,831,928,554,aro0921,sitting_straight,1
1163,1789975394.622610,425,628,727,758,731,776,807,762,709,415,463,559,599,553,582,489,521,517,531,590,567,437,443,313,0,582,941,875,776,858,933,583,aro0921,sitting_straight,1
1164,1789975394.642588,429,623,715,757,719,749,813,761,700,396,476,595,589,553,567,523,541,541,508,607,591,487,414,343,0,601,895,876,728,795,903,551,aro0921,sitting_straight,1
1165,1789975394.662613,410,636,725,747,716,763,805,751,699,409,483,565,587,562,565,483,533,503,547,597,557,484,427,333,0,565,927,902,748,831,907,554,aro0921,sitting_straight,1
1166,1789975394.682633,413,627,729,767,745,755,799,752,711,413,479,554,601,567,565,520,521,502,541,595,581,447,428,342,0,557,933,894,751,814,908,557,aro0921,sitting_straight,1
1167,1789975394.702605,409,640,732,759,743,777,789,773,711,405,453,559,599,565,557,482,537,531,536,589,553,455,434,303,0,571,950,883,719,798,884,565,aro0921,sitting_straight,1
1168,1789975394.722606,420,629,716,773,743,759,806,749,723,395,463,539,581,554,595,484,541,517,550,565,567,469,425,303,0,599,954,895,751,857,935,539,aro0921,sitting_straight,1
1169,1789975394.742652,411,631,741,747,743,777,797,778,691,405,445,559,603,549,597,495,501,537,517,583,595,483,383,303,0,607,967,861,732,809,895,552,aro0921,sitting_straight,1
1170,1789975394.762598,414,645,741,748,722,765,812,751,691,409,487,573,588,541,593,483,523,521,552,597,590,471,419,311,0,572,907,891,741,840,907,557,aro0921,sitting_straight,1
1171,1789975394.782666,429,623,738,766,716,775,811,755,691,413,485,583,601,539,582,491,505,508,553,569,559,475,405,313,0,561,913,861,775,850,943,541,aro0921,sitting_straight,1
1172,1789975394.802652,421,633,729,759,743,761,799,761,703,407,445,541,597,555,585,485,521,521,535,581,568,462,411,317,0,564,939,883,747,825,927,551,aro0921,sitting_straight,1
1173,1789975394.822618,423,631,730,757,733,775,791,761,711,420,469,566,595,553,569,494,521,522,541,585,566,487,391,317,0,575,937,879,743,811,931,585,aro0921,sitting_straight,1
1174,1789975394.842612,407,637,715,763,742,746,813,755,684,395,457,557,616,570,579,505,503,489,583,567,581,465,397,300,0,575,951,861,724,841,924,519,aro0921,sitting_straight,1
1175,1789975394.862610,427,623,725,766,739,751,792,761,717,397,460,569,590,554,571,505,503,529,519,566,583,454,416,339,0,563,933,884,749,803,933,555,aro0921,sitting_straight,1
1176,1789975394.882619,415,617,717,767,739,767,807,759,713,408,444,542,611,542,597,502,502,507,548,598,562,485,393,331,0,602,955,851,744,821,920,537,aro0921,sitting_straight,1
1177,1789975394.902598,431,619,727,761,717,748,787,777,717,410,484,584,605,541,601,495,509,503,521,603,595,457,425,330,0,581,967,853,778,837,911,517,aro0921,sitting_straight,1
1178,1789975394.922604,409,635,715,759,728,741,796,779,715,407,488,551,581,537,569,502,536,500,531,585,551,485,381,331,0,563,922,886,767,799,905,555,aro0921,sitting_straight,1
1179,1789975394.942611,420,637,735,746,747,749,791,765,702,411,455,554,591,538,589,472,540,541,517,565,572,443,409,311,0,563,966,902,773,856,951,556,aro0921,sitting_straight,1
1180,1789975394.962612,435,622,717,764,728,773,807,774,696,429,462,555,594,547,599,499,509,531,517,567,566,484,392,299,0,581,911,903,763,852,935,535,aro0921,sitting_straight,1
1181,1789975394.982599,429,627,744,757,716,751,799,758,693,398,472,587,581,544,603,489,505,489,552,600,565,485,394,317,0,627,960,883,775,825,907,537,aro0921,sitting_straight,1
1182,1789975395.002641,421,631,731,759,731,761,795,761,709,407,457,581,599,549,591,477,533,529,535,591,574,463,408,317,0,581,941,879,749,824,931,543,aro0921,sitting_straight,1
1183,1789975395.022635,421,629,727,759,729,763,799,760,701,403,470,565,599,549,580,499,529,525,539,583,601,477,407,271,0,583,941,879,735,804,952,539,aro0921,sitting_straight,1
1184,1789975395.042582,423,639,739,745,731,759,789,761,695,415,443,575,598,537,593,502,529,495,547,586,555,445,428,309,0,605,949,859,729,855,937,559,aro0921,sitting_straight,1
1185,1789975395.062641,413,646,734,747,739,755,805,766,693,405,463,543,579,549,599,491,505,530,533,581,584,457,391,335,0,582,927,895,729,811,907,551,aro0921,sitting_straight,1
1186,1789975395.082628,413,632,723,767,724,759,820,765,699,397,453,567,589,535,600,516,505,499,553,611,586,483,409,301,0,621,955,901,729,836,903,553,aro0921,sitting_straight,1
1187,1789975395.102601,402,633,721,747,723,756,815,747,692,423,457,583,599,567,565,483,521,501,541,586,556,475,411,315,0,585,915,889,709,799,907,549,aro0921,sitting_straight,1
1188,1789975395.122612,426,621,727,755,745,765,799,757,692,415,455,556,575,567,581,507,504,509,524,558,589,454,413,347,0,579,921,889,712,845,935,509,aro0921,sitting_straight,1
1189,1789975395.142628,415,635,718,747,740,765,807,767,714,397,475,540,584,533,585,481,531,519,543,601,574,439,391,307,0,575,904,895,751,831,923,521,aro0921,sitting_straight,1
1190,1789975395.162594,413,622,717,765,723,773,796,749,717,396,471,583,589,569,580,521,495,519,544,567,575,441,425,301,0,596,934,896,775,811,955,537,aro0921,sitting_straight,1
1191,1789975395.182615,407,647,713,743,731,777,815,751,696,421,447,573,613,565,559,517,541,523,551,563,555,443,431,301,0,615,931,889,757,807,959,553,aro0921,sitting_straight,1
1192,1789975395.202612,422,631,735,757,732,761,797,749,703,407,447,587,619,543,593,499,541,523,533,599,575,467,408,315,0,611,921,874,743,827,926,541,aro0921,sitting_straight,1
1193,1789975395.222611,422,632,730,759,731,761,799,760,703,407,470,568,594,553,587,495,523,523,536,582,571,467,407,319,0,585,939,875,759,828,931,537,aro0921,sitting_straight,1
1194,1789975395.242374,415,624,717,775,730,751,795,755,693,423,442,598,587,565,581,488,517,501,551,601,559,458,424,335,0,609,973,873,785,855,909,551,aro0921,sitting_straight,1
1195,1789975395.261773,427,623,739,750,717,760,794,755,715,421,477,555,588,539,571,489,538,537,527,605,556,459,421,341,0,603,965,888,723,805,907,525,aro0921,sitting_straight,1
1196,1789975395.282648,415,645,717,750,723,750,793,767,711,398,535,543,595,533,603,520,498,521,519,599,589,477,429,339,0,591,920,911,719,807,893,559,aro0921,sitting_straight,1
1197,1789975395.301687,412,627,719,767,741,772,794,757,697,413,465,553,600,568,567,518,525,541,525,559,553,469,408,325,0,559,951,901,745,800,955,565,aro0921,sitting_straight,1
1198,1789975395.322654,410,645,725,756,728,781,809,757,695,407,477,561,612,540,571,503,548,499,535,597,559,488,393,315,0,572,939,859,724,831,927,567,aro0921,sitting_straight,1
1199,1789975395.342625,431,631,720,745,727,775,793,759,693,411,441,590,573,571,583,503,501,499,539,571,588,473,399,309,0,587,953,904,729,813,949,549,aro0921,sitting_straight,1
1200,1789975395.362612,408,635,712,747,732,764,791,751,712,409,483,571,593,549,601,507,498,530,549,563,571,473,423,319,0,574,947,872,751,799,925,529,aro0921,sitting_straight,1
1201,1789975395.382591,412,623,715,773,744,750,813,763,700,397,457,543,585,559,568,509,533,501,549,599,567,478,408,343,0,571,959,873,760,817,907,549,aro0921,sitting_straight,1
1202,1789975395.402622,426,618,741,755,743,761,803,752,702,405,453,557,614,537,596,483,539,521,533,583,573,465,409,318,0,589,936,851,749,827,927,547,aro0921,sitting_straight,1
1203,1789975395.422600,416,635,723,759,730,761,799,762,703,401,459,565,595,559,587,500,503,521,537,583,571,461,410,319,0,585,941,875,747,827,920,549,aro0921,sitting_straight,1
1204,1789975395.443042,425,617,756,751,747,779,813,755,697,391,473,598,589,551,602,495,531,493,547,585,584,443,407,309,0,571,949,893,725,845,959,543,aro0921,sitting_straight,1
1205,1789975395.462633,408,647,718,761,739,756,793,761,697,409,457,582,617,567,565,507,509,549,547,568,597,483,423,341,0,565,959,859,727,813,907,556,aro0921,sitting_straight,1
1206,1789975395.482623,431,627,741,767,719,766,803,759,715,393,485,583,595,564,567,477,539,523,542,597,585,474,415,327,0,563,959,869,744,825,926,552,aro0921,sitting_straight,1
1207,1789975395.502599,415,623,734,761,742,776,813,747,713,397,453,544,610,569,563,503,533,539,533,582,597,453,431,297,0,595,925,863,767,857,921,521,aro0921,sitting_straight,1
1208,1789975395.522624,425,619,739,748,739,757,791,760,715,409,453,543,579,536,585,500,521,499,547,599,568,484,399,303,0,568,947,861,743,845,943,555,aro0921,sitting_straight,1
1209,1789975395.542650,423,645,740,743,745,755,811,757,692,409,440,547,606,535,605,527,495,521,539,573,583,454,427,339,0,585,939,891,727,829,879,519,aro0921,sitting_straight,1
1210,1789975395.562647,397,636,716,759,743,762,811,765,693,407,457,555,585,539,614,503,507,536,527,568,583,477,406,303,0,573,948,885,777,827,949,523,aro0921,sitting_straight,1
1211,1789975395.582653,422,619,731,761,718,757,796,755,715,395,485,555,617,565,580,517,499,503,541,571,559,481,397,317,0,581,940,860,713,851,951,555,aro0921,sitting_straight,1
1212,1789975395.602613,411,631,729,759,724,761,803,765,697,403,489,548,598,553,585,501,520,522,543,557,568,461,414,315,0,565,939,875,743,827,937,539,aro0921,sitting_straight,1
1213,1789975395.622628,415,632,731,759,728,761,796,759,700,402,469,565,596,550,587,495,519,520,535,583,559,463,404,315,0,593,941,876,746,805,921,563,aro0921,sitting_straight,1
1214,1789975395.642658,429,631,718,773,715,751,815,778,688,401,477,586,601,541,569,497,541,519,533,571,596,459,411,300,0,559,982,860,778,823,928,523,aro0921,sitting_straight,1
1215,1789975395.662614,427,621,741,766,722,775,797,765,700,403,475,569,595,537,590,517,503,529,521,595,587,466,415,299,0,563,920,892,727,829,909,517,aro0921,sitting_straight,1
1216,1789975395.682599,427,619,743,763,721,751,781,761,703,393,491,568,597,567,571,494,536,527,507,509,568,457,426,303,0,569,965,861,747,813,950,563,aro0921,sitting_straight,1
1217,1789975395.702601,437,647,729,757,742,779,805,773,687,413,477,547,626,563,555,521,523,498,540,581,571,462,390,294,0,559,935,885,735,861,889,527,aro0921,sitting_straight,1
1218,1789975395.722623,431,619,715,774,744,773,797,780,703,391,459,569,605,533,581,473,549,501,529,597,597,465,383,333,0,559,947,891,777,804,936,543,aro0921,sitting_straight,1
1219,1789975395.742704,415,639,729,746,717,755,815,776,687,415,487,557,581,571,565,501,536,506,523,593,553,441,420,339,0,597,959,859,731,809,901,565,aro0921,sitting_straight,1
1220,1789975395.762642,429,623,745,763,731,759,789,764,701,393,476,587,595,562,563,487,527,501,549,595,588,461,419,333,0,584,933,901,767,851,917,532,aro0921,sitting_straight,1
1221,1789975395.782709,421,645,743,750,747,749,792,773,718,397,461,539,571,537,588,501,501,501,542,588,579,482,405,333,0,556,935,904,729,827,927,557,aro0921,sitting_straight,1
1222,1789975395.802637,419,633,717,757,739,761,803,761,703,401,485,555,601,553,601,523,521,520,532,579,571,462,407,317,0,556,941,879,745,836,934,547,aro0921,sitting_straight,1
1223,1789975395.822602,419,632,731,759,731,761,804,761,709,403,471,559,596,552,584,493,523,524,535,584,587,460,410,325,0,583,943,876,717,822,927,563,aro0921,sitting_straight,1
1224,1789975395.842619,427,647,740,759,743,763,791,750,709,411,447,573,612,539,567,508,521,536,538,562,581,479,407,329,0,557,947,871,749,850,918,517,aro0921,sitting_straight,1
1225,1789975395.862635,414,639,731,764,733,775,812,751,698,408,457,548,613,563,591,495,507,527,547,595,557,463,426,315,0,611,936,868,733,807,940,558,aro0921,sitting_straight,1
1226,1789975395.882610,421,646,715,754,717,748,792,751,697,403,486,575,613,535,585,521,519,499,539,596,541,447,421,341,0,611,937,878,729,838,904,557,aro0921,sitting_straight,1
1227,1789975395.902670,428,615,741,754,746,747,813,751,695,409,479,542,596,575,587,495,502,527,508,561,574,441,411,348,0,559,937,904,747,862,909,549,aro0921,sitting_straight,1
1228,1789975395.922622,415,646,729,767,726,767,793,755,715,405,486,555,587,564,579,489,529,537,508,573,598,467,393,327,0,587,967,863,715,855,909,504,aro0921,sitting_straight,1
1229,1789975395.942588,411,633,721,759,731,759,809,749,717,394,491,551,616,568,569,517,525,519,521,563,563,461,393,327,0,575,939,872,748,827,937,569,aro0921,sitting_straight,1
1230,1789975395.962612,420,621,741,757,719,756,809,773,695,399,488,584,589,565,566,499,539,534,520,565,589,443,410,335,0,571,940,901,760,851,943,520,aro0921,sitting_straight,1
1231,1789975395.982646,427,627,743,773,717,778,820,774,697,390,491,565,617,551,569,474,532,501,529,599,589,455,391,315,0,582,957,877,776,788,940,568,aro0921,sitting_straight,1
1232,1789975396.002636,421,631,732,761,743,767,799,759,711,398,459,543,605,571,568,519,543,521,533,581,571,461,411,317,0,573,965,855,745,825,928,540,aro0921,sitting_straight,1
1233,1789975396.022634,419,634,729,759,733,773,804,762,700,403,470,565,603,553,583,501,526,521,535,587,567,461,404,319,0,581,947,877,764,825,921,541,aro0921,sitting_straight,1
1234,1789975396.042636,431,637,723,767,719,748,789,765,718,393,487,537,605,551,564,504,523,503,552,599,587,455,404,340,0,599,935,853,777,827,905,519,aro0921,sitting_straight,1
1235,1789975396.062624,411,645,739,748,724,751,793,749,715,391,461,543,593,565,566,488,530,523,551,559,581,477,418,316,0,582,947,893,763,815,927,563,aro0921,sitting_straight,1
1236,1789975396.082605,426,627,721,757,739,785,791,773,717,383,446,553,573,559,585,505,503,533,541,595,575,484,415,301,0,605,957,867,733,841,925,522,aro0921,sitting_straight,1
1237,1789975396.102626,434,639,727,757,743,751,815,747,717,395,473,574,585,536,571,507,534,540,533,581,557,468,379,329,0,559,941,869,778,857,902,551,aro0921,sitting_straight,1
1238,1789975396.122621,431,637,726,745,722,749,791,758,713,395,485,581,581,565,557,507,535,501,484,595,585,476,405,330,0,565,927,895,735,846,916,531,aro0921,sitting_straight,1
1239,1789975396.142613,439,617,721,765,741,751,796,775,712,415,440,539,595,558,567,503,538,517,537,599,557,467,423,329,0,591,923,905,745,826,915,571,aro0921,sitting_straight,1
1240,1789975396.162639,409,631,735,745,725,764,807,751,687,395,456,575,611,537,597,495,503,535,547,589,587,477,383,311,0,596,933,890,775,813,948,537,aro0921,sitting_straight,1
1241,1789975396.182630,425,619,730,763,733,751,799,751,709,411,455,552,613,558,568,523,505,535,529,569,564,456,425,327,0,598,967,869,761,821,951,571,aro0921,sitting_straight,1
1242,1789975396.202619,431,621,742,775,727,761,800,764,699,405,466,569,616,537,597,508,519,520,531,583,568,467,407,317,0,588,931,855,749,829,927,541,aro0921,sitting_straight,1
1243,1789975396.222608,422,633,731,757,732,761,799,758,703,402,473,565,597,555,587,499,517,517,533,581,569,462,409,315,0,589,941,878,746,825,927,555,aro0921,sitting_straight,1
1244,1789975396.242644,419,648,699,751,718,776,791,765,722,409,496,575,574,536,603,525,500,530,507,589,568,457,396,309,0,568,973,891,776,807,905,548,aro0921,sitting_straight,1
1245,1789975396.261978,411,639,725,746,729,755,813,759,694,413,468,555,581,559,566,517,519,529,547,563,567,476,393,339,0,553,965,889,728,809,943,533,aro0921,sitting_straight,1
1246,1789975396.282669,415,629,729,773,729,763,791,745,712,392,457,544,605,556,603,471,537,499,539,588,575,442,409,311,0,595,958,853,745,845,925,516,aro0921,sitting_straight,1
1247,1789975396.302619,435,647,731,750,729,767,787,775,709,411,477,587,603,569,595,487,504,505,522,588,557,479,411,309,0,605,959,871,777,837,905,517,aro0921,sitting_straight,1
1248,1789975396.322624,414,623,739,759,741,775,807,765,701,405,452,547,610,566,575,499,520,489,530,575,555,473,415,299,0,601,960,905,725,808,915,572,aro0921,sitting_straight,1
1249,1789975396.342609,419,633,713,766,734,754,783,775,702,422,483,543,621,548,601,524,494,537,509,580,559,477,406,331,0,601,913,871,766,815,951,585,aro0921,sitting_straight,1
1250,1789975396.362648,412,633,731,773,716,755,808,759,701,392,495,575,600,566,573,505,509,533,509,565,565,453,393,331,0,599,935,902,719,837,921,569,aro0921,sitting_straight,1
1251,1789975396.382612,428,621,727,761,718,749,809,760,691,410,493,566,585,555,571,489,529,508,517,591,553,476,396,339,0,572,938,891,763,851,906,544,aro0921,sitting_straight,1
1252,1789975396.402605,411,648,731,747,723,767,812,752,692,413,479,559,581,571,567,519,522,527,521,563,557,467,383,335,0,587,933,875,740,808,923,571,aro0921,sitting_straight,1
1253,1789975396.422636,403,646,727,773,714,755,782,775,713,395,495,543,599,573,581,495,500,527,538,563,557,441,398,341,0,601,967,901,727,852,901,569,aro0921,sitting_straight,1
1254,1789975396.442620,437,628,728,749,749,766,805,767,709,389,445,570,572,535,601,505,505,525,535,583,596,471,377,329,0,580,916,892,751,856,925,519,aro0921,sitting_straight,1
1255,1789975396.462621,421,632,732,759,733,763,800,758,702,403,472,565,599,551,584,499,523,520,525,581,571,461,403,317,0,586,939,875,746,829,922,539,aro0921,sitting_straight,1
1256,1789975396.482623,423,632,729,758,729,759,799,764,693,407,473,565,597,559,588,445,524,501,531,579,580,477,415,329,0,600,939,879,743,840,937,567,aro0921,sitting_straight,1
1257,1789975396.502772,407,637,744,748,740,760,789,757,697,415,457,579,615,571,563,507,530,503,519,597,567,469,393,317,0,611,949,855,757,843,922,521,aro0921,sitting_straight,1
1258,1789975396.522613,429,637,727,749,730,763,790,775,723,393,485,555,587,573,565,503,526,503,543,611,594,465,380,347,0,566,953,861,728,845,873,507,aro0921,sitting_straight,1
1259,1789975396.542653,423,612,722,763,715,773,798,745,695,391,470,549,575,541,566,503,507,535,529,591,560,473,398,319,0,601,947,872,775,893,917,535,aro0921,sitting_straight,1
1260,1789975396.562629,435,623,741,763,735,775,809,761,700,393,453,567,597,541,599,482,525,507,542,572,589,443,408,303,0,595,952,876,732,809,951,527,aro0921,sitting_straight,1
1261,1789975396.582614,414,647,723,751,741,749,795,750,717,399,487,574,573,543,601,487,522,538,529,595,602,467,403,339,0,595,946,903,739,849,927,521,aro0921,sitting_straight,1
1262,1789975396.602630,407,623,729,771,743,779,812,764,691,399,452,579,580,571,603,485,530,551,509,559,575,440,424,298,0,579,949,902,765,795,919,539,aro0921,sitting_straight,1
1263,1789975396.622638,381,653,741,773,722,755,789,773,714,397,487,581,615,531,598,483,518,519,530,595,566,459,411,330,0,553,924,871,755,799,911,565,aro0921,sitting_straight,1
1264,1789975396.642621,410,630,733,774,735,763,791,767,719,404,447,585,588,555,564,487,536,503,521,555,558,425,379,309,0,613,921,903,749,832,943,539,aro0921,sitting_straight,1
1265,1789975396.662637,421,632,731,760,729,759,797,759,700,404,473,566,591,556,585,496,525,521,524,584,572,460,403,316,0,605,943,879,747,825,923,543,aro0921,sitting_straight,1
1266,1789975396.682657,427,619,730,766,727,749,799,776,711,393,484,565,622,533,597,497,502,525,519,559,585,478,399,317,0,589,966,861,721,827,937,547,aro0921,sitting_straight,1
1267,1789975396.702626,429,623,744,763,735,763,797,749,704,404,483,575,567,541,605,501,505,537,519,585,597,470,377,295,0,567,937,905,747,855,891,503,aro0921,sitting_straight,1
1268,1789975396.722609,427,623,719,745,741,759,803,767,693,410,462,579,575,568,599,518,501,533,517,595,553,453,429,334,0,567,925,892,745,840,905,554,aro0921,sitting_straight,1
1269,1789975396.742656,411,623,743,757,725,777,789,751,716,409,441,563,595,553,603,483,524,535,533,559,573,446,396,287,0,580,923,877,731,854,939,505,aro0921,sitting_straight,1
1270,1789975396.761808,422,648,729,757,739,755,797,758,693,411,461,542,611,547,567,491,537,525,505,570,575,462,383,339,0,579,923,871,729,841,892,509,aro0921,sitting_straight,1
1271,1789975396.782675,415,621,718,767,719,760,795,757,715,395,501,571,615,558,600,521,493,519,507,573,571,474,397,331,0,565,968,855,743,844,901,504,aro0921,sitting_straight,1
1272,1789975396.802633,431,644,723,747,743,757,791,761,687,397,477,583,611,537,587,493,541,495,552,557,589,479,377,303,0,568,967,869,711,821,943,567,aro0921,sitting_straight,1
1273,1789975396.822626,431,621,717,766,716,761,792,772,713,411,453,581,603,563,573,509,507,499,527,584,550,483,413,303,0,604,965,901,771,843,949,521,aro0921,sitting_straight,1
1274,1789975396.842625,429,647,717,763,723,761,811,773,659,403,454,580,617,565,600,523,508,499,531,589,567,445,419,297,0,601,940,859,757,853,953,544,aro0921,sitting_straight,1
1275,1789975396.862649,423,630,731,755,729,760,799,755,701,403,477,563,597,547,589,495,523,504,530,595,569,455,395,311,0,584,933,881,747,821,924,531,aro0921,sitting_straight,1
1276,1789975396.882622,415,647,731,740,731,750,787,743,712,408,476,563,579,558,583,497,518,538,525,567,588,477,397,315,0,587,951,851,767,853,911,517,aro0921,sitting_straight,1
1277,1789975396.902667,425,619,723,750,743,776,786,751,711,422,470,540,612,539,604,485,531,537,521,557,553,475,415,311,0,559,923,891,757,862,949,552,aro0921,sitting_straight,1
1278,1789975396.922387,419,617,739,755,729,757,794,765,685,419,501,555,585,541,584,473,523,538,522,583,568,457,376,299,0,601,957,877,774,825,909,501,aro0921,sitting_straight,1
1279,1789975396.941753,419,618,725,763,723,745,806,751,698,415,445,571,568,581,572,509,507,529,519,599,582,446,383,341,0,563,968,917,737,809,921,501,aro0921,sitting_straight,1
1280,1789975396.961718,435,637,744,755,740,749,809,745,715,396,461,584,615,574,599,483,519,535,535,571,588,446,424,328,0,567,925,893,744,815,923,509,aro0921,sitting_straight,1
1281,1789975396.982127,415,591,717,761,717,775,787,745,701,413,483,569,588,571,581,519,493,536,525,595,564,475,389,309,0,611,921,901,727,821,933,505,aro0921,sitting_straight,1
1282,1789975397.002672,413,627,729,767,729,777,813,755,717,395,493,549,580,568,597,487,507,524,507,601,541,436,414,325,0,563,964,913,739,861,925,533,aro0921,sitting_straight,1
1283,1789975397.022530,424,645,723,767,733,749,809,750,697,399,491,556,596,565,571,517,495,499,537,597,569,456,415,328,0,579,921,889,763,851,919,503,aro0921,sitting_straight,1
1284,1789975397.041742,409,637,743,780,742,759,811,743,711,389,441,557,623,543,575,486,525,499,549,585,599,473,389,342,0,613,939,855,728,797,885,536,aro0921,sitting_straight,1
1285,1789975397.061769,424,633,729,760,728,761,795,757,701,407,473,565,599,555,589,499,523,520,529,585,569,463,395,303,0,584,941,879,747,825,893,533,aro0921,sitting_straight,1
1286,1789975397.081915,422,631,731,758,732,765,809,747,695,411,477,565,591,555,588,499,527,535,531,589,575,474,380,319,0,601,940,883,757,843,931,509,aro0921,sitting_straight,1
1287,1789975397.102782,437,623,741,761,743,773,807,756,699,392,459,567,591,551,603,501,503,508,541,563,589,479,377,294,0,609,965,871,717,808,953,529,aro0921,sitting_straight,1
1288,1789975397.122850,435,627,727,751,723,759,805,745,690,407,493,549,594,574,581,495,499,536,531,567,591,447,379,333,0,563,925,879,744,797,895,523,aro0921,sitting_straight,1
1289,1789975397.142728,412,647,733,743,741,757,781,744,698,407,441,552,585,571,565,507,509,504,540,589,549,483,367,313,0,614,917,914,761,803,920,563,aro0921,sitting_straight,1
1290,1789975397.161738,436,633,739,764,719,765,797,761,701,409,463,583,600,565,589,475,543,520,543,574,558,445,415,298,0,607,943,893,723,827,947,554,aro0921,sitting_straight,1
1291,1789975397.182797,423,624,697,764,731,755,807,747,693,403,489,600,615,571,581,527,519,499,546,581,567,456,393,301,0,595,959,858,751,827,944,531,aro0921,sitting_straight,1
1292,1789975397.202806,429,621,718,773,741,747,789,748,715,395,467,572,607,563,575,508,517,537,519,584,556,479,409,313,0,581,967,878,715,843,924,556,aro0921,sitting_straight,1
1293,1789975397.221749,415,632,717,755,731,767,807,759,683,407,455,573,599,555,595,509,544,529,505,585,574,430,379,330,0,552,933,866,739,795,905,501,aro0921,sitting_straight,1
1294,1789975397.242138,436,637,723,745,741,777,785,739,703,421,477,582,599,557,605,501,525,540,541,573,565,484,392,297,0,559,969,904,727,839,949,499,aro0921,sitting_straight,1
1295,1789975397.262914,421,633,731,759,731,761,797,756,703,406,473,563,601,557,589,503,523,523,531,581,567,462,397,317,0,591,939,879,747,825,919,533,aro0921,sitting_straight,1
1296,1789975397.282811,415,635,731,761,733,765,800,755,717,412,473,567,597,557,587,503,521,501,531,595,569,445,375,315,0,587,981,884,753,806,921,549,aro0921,sitting_straight,1
1297,1789975397.302674,431,645,717,773,735,765,783,758,699,409,455,587,612,539,601,509,509,503,549,589,590,459,372,301,0,613,917,903,721,855,934,505,aro0921,sitting_straight,1
1298,1789975397.322710,429,649,739,755,731,763,781,775,699,419,458,583,621,549,567,492,540,493,537,573,559,462,403,297,0,595,903,877,776,819,947,500,aro0921,sitting_straight,1
1299,1789975397.342705,415,647,744,763,738,759,792,749,715,412,453,588,615,570,600,487,520,538,525,575,547,467,413,343,0,610,953,875,741,851,894,523,aro0921,sitting_straight,1
1300,1789975397.362632,410,623,728,761,719,765,793,745,693,405,467,571,567,543,581,489,535,517,508,599,584,463,377,303,0,611,967,885,767,807,936,547,aro0921,sitting_straight,1
1301,1789975397.382685,415,623,739,744,727,751,805,763,711,398,475,551,610,556,573,483,503,507,529,600,553,453,380,301,0,581,955,887,749,814,940,507,aro0921,sitting_straight,1
1302,1789975397.402678,429,647,729,775,743,761,793,750,695,407,487,598,571,541,569,508,520,495,503,553,585,447,402,311,0,589,967,893,731,857,903,566,aro0921,sitting_straight,1
1303,1789975397.422662,419,617,741,741,725,747,810,760,711,393,444,581,587,557,567,501,503,538,537,559,569,443,401,328,0,565,918,853,764,842,915,558,aro0921,sitting_straight,1
1304,1789975397.442637,427,634,742,747,741,751,792,747,713,419,491,585,617,575,598,486,501,531,509,597,568,456,412,293,0,565,919,895,765,839,949,555,aro0921,sitting_straight,1
1305,1789975397.462681,420,633,732,759,734,757,797,755,703,403,503,553,589,553,585,502,525,506,529,581,567,461,407,315,0,585,943,877,749,827,921,533,aro0921,sitting_straight,1
1306,1789975397.482659,416,633,731,759,727,761,803,757,723,410,467,567,595,556,589,499,522,519,533,572,563,473,411,325,0,589,941,883,763,843,922,505,aro0921,sitting_straight,1
1307,1789975397.502724,409,627,717,766,743,749,807,763,697,421,471,551,583,581,589,536,501,503,537,552,569,455,375,337,0,605,937,885,739,829,911,509,aro0921,sitting_straight,1
1308,1789975397.522706,409,627,740,757,719,773,791,758,703,416,482,553,595,551,572,481,499,534,547,572,587,476,403,327,0,607,950,867,739,837,917,555,aro0921,sitting_straight,1
1309,1789975397.542827,411,648,729,760,733,747,789,773,695,415,467,586,604,573,600,520,501,501,531,555,585,479,383,327,0,573,935,895,733,800,941,503,aro0921,sitting_straight,1
1310,1789975397.562720,429,646,741,759,731,751,795,760,723,414,485,559,604,565,606,493,531,501,519,575,563,461,419,307,0,572,933,895,739,823,941,499,aro0921,sitting_straight,1
1311,1789975397.582887,431,645,735,755,715,755,807,757,717,410,466,549,614,539,563,501,509,505,529,564,567,439,376,304,0,585,968,907,729,829,902,538,aro0921,sitting_straight,1
1312,1789975397.602727,411,629,735,773,744,747,781,764,719,423,489,567,585,553,603,488,537,506,547,585,581,461,399,299,0,573,959,895,781,797,953,518,aro0921,sitting_straight,1
1313,1789975397.622782,435,631,740,747,725,773,805,743,687,418,504,551,595,557,601,519,507,531,537,551,557,447,415,287,0,571,965,886,775,855,909,509,aro0921,sitting_straight,1
1314,1789975397.642718,425,621,729,761,725,774,795,761,697,395,484,569,601,541,595,485,540,539,509,583,583,474,415,338,0,615,969,867,767,839,915,499,aro0921,sitting_straight,1
1315,1789975397.662703,421,647,739,755,711,755,791,755,715,395,485,569,594,538,595,509,519,505,551,590,581,456,413,315,0,571,959,869,739,813,939,548,aro0921,sitting_straight,1
1316,1789975397.682704,411,627,743,773,715,773,782,774,693,413,482,586,599,538,603,477,533,527,527,601,586,461,379,332,0,617,947,858,726,813,931,507,aro0921,sitting_straight,1
1317,1789975397.702674,421,631,745,759,733,760,795,755,707,404,453,601,601,572,587,483,505,517,531,584,571,461,407,313,0,574,937,883,748,825,927,533,aro0921,sitting_straight,1
1318,1789975397.722728,421,633,731,757,730,760,799,757,699,403,467,566,597,553,540,503,523,517,527,582,575,457,403,317,0,589,941,877,773,829,926,499,aro0921,sitting_straight,1
1319,1789975397.742688,425,601,715,763,717,723,807,745,697,393,443,563,611,583,565,520,524,535,519,597,585,446,403,340,0,596,923,875,749,831,893,505,aro0921,sitting_straight,1
1320,1789975397.762666,425,647,729,758,730,759,808,751,695,406,455,581,617,557,569,518,527,531,543,584,571,455,411,335,0,587,925,883,725,805,909,535,aro0921,sitting_straight,1
1321,1789975397.782738,418,647,714,767,743,773,803,761,695,395,489,581,601,548,599,523,541,530,543,588,573,473,407,312,0,585,951,909,735,842,922,554,aro0921,sitting_straight,1
1322,1789975397.802794,427,623,737,748,727,760,789,757,719,397,458,563,587,539,565,495,501,495,549,600,548,441,425,343,0,597,949,857,707,845,889,553,aro0921,sitting_straight,1
1323,1789975397.822647,409,623,737,764,726,775,787,763,712,413,444,525,586,564,573,502,505,508,518,595,555,473,353,343,0,601,968,887,727,829,888,503,aro0921,sitting_straight,1
1324,1789975397.842711,422,649,695,765,744,755,799,755,690,407,439,543,613,575,581,487,505,507,550,564,589,468,381,301,0,587,949,873,747,813,948,506,aro0921,sitting_straight,1
1325,1789975397.862763,409,629,718,765,718,766,809,761,697,391,462,553,591,539,590,507,537,531,554,575,572,441,381,334,0,601,967,891,767,826,893,550,aro0921,sitting_straight,1
1326,1789975397.882654,421,645,718,775,728,745,807,750,715,389,447,573,584,539,590,503,537,502,538,567,583,439,396,312,0,563,968,888,734,806,947,543,aro0921,sitting_straight,1
1327,1789975397.902710,421,634,742,749,733,761,799,755,702,399,457,572,595,557,575,487,505,522,533,583,569,461,393,315,0,563,957,861,743,829,923,532,aro0921,sitting_straight,1
1328,1789975397.922693,421,632,729,761,729,760,797,757,701,402,469,567,601,551,584,517,529,519,531,582,569,462,402,304,0,587,937,877,745,821,927,525,aro0921,sitting_straight,1
1329,1789975397.942709,413,616,744,751,727,764,783,763,709,414,493,541,587,571,583,482,504,493,505,587,585,474,413,333,0,631,915,857,728,807,913,505,aro0921,sitting_straight,1
1330,1789975397.962655,408,634,721,774,729,760,796,761,687,381,456,569,587,567,579,505,507,505,531,557,567,477,403,339,0,600,955,901,729,845,903,551,aro0921,sitting_straight,1
1331,1789975397.982672,427,621,726,749,717,755,787,760,691,383,458,543,613,551,597,521,540,534,541,597,565,462,407,300,0,575,933,893,744,843,939,543,aro0921,sitting_straight,1
1332,1789975398.002650,407,621,727,759,718,767,795,763,683,379,461,549,581,569,593,489,525,509,541,565,554,479,424,331,0,599,921,859,723,861,888,543,aro0921,sitting_straight,1
1333,1789975398.022717,409,621,731,751,728,743,787,760,696,407,485,547,594,564,601,524,541,536,543,589,589,467,405,307,0,613,920,871,741,843,921,554,aro0921,sitting_straight,1
1334,1789975398.042751,412,637,741,775,723,776,793,761,712,409,443,570,616,575,589,479,506,499,508,594,581,475,412,313,0,552,915,891,775,818,936,489,aro0921,sitting_straight,1
1335,1789975398.062826,431,647,728,763,745,757,793,743,687,393,472,581,601,535,595,529,542,503,509,575,573,483,413,328,0,563,969,915,764,829,938,554,aro0921,sitting_straight,1
1336,1789975398.082699,425,647,731,749,723,759,807,756,714,394,474,553,601,568,603,487,531,501,521,569,551,443,391,327,0,587,927,889,726,850,935,529,aro0921,sitting_straight,1
1337,1789975398.102761,411,621,740,747,733,765,789,755,713,409,469,575,601,563,567,507,509,501,518,563,589,467,411,345,0,603,921,870,718,806,923,531,aro0921,sitting_straight,1
1338,1789975398.122656,431,645,727,757,729,750,809,744,683,409,491,549,611,540,585,521,539,535,524,605,567,453,375,303,0,622,977,907,728,819,932,491,aro0921,sitting_straight,1
1339,1789975398.142741,415,620,745,756,747,773,813,774,714,391,463,589,571,571,579,485,495,536,549,570,543,436,390,310,20,571,947,867,721,853,909,501,aro0921,sitting_straight,1
1340,1789975398.162696,414,633,729,760,731,759,797,756,701,396,469,559,597,554,573,493,541,521,525,580,571,467,397,319,0,585,941,879,749,839,925,532,aro0921,sitting_straight,1
1341,1789975398.182690,423,633,728,755,733,754,795,751,713,410,481,568,597,556,585,485,520,509,509,585,569,444,398,309,0,585,943,883,763,808,941,507,aro0921,sitting_straight,1
1342,1789975398.202654,427,649,730,767,733,747,809,762,704,381,457,587,615,567,567,507,504,525,547,559,557,437,413,312,0,567,925,895,739,859,917,540,aro0921,sitting_straight,1
1343,1789975398.222808,413,631,723,774,729,767,804,757,687,407,451,568,581,540,559,519,525,516,541,563,583,441,397,319,0,581,957,875,729,827,951,495,aro0921,sitting_straight,1
1344,1789975398.242713,420,647,717,776,746,750,807,761,702,393,477,555,585,533,569,520,524,541,521,601,549,452,373,293,0,601,971,910,776,815,952,499,aro0921,sitting_straight,1
1345,1789975398.262703,427,633,731,749,739,774,795,745,715,407,489,560,613,553,569,504,506,509,508,585,557,461,411,312,0,589,937,859,733,812,950,496,aro0921,sitting_straight,1
1346,1789975398.282674,407,645,739,773,739,755,797,763,709,409,491,549,595,571,597,483,519,505,541,566,573,465,418,335,0,600,936,907,731,806,915,523,aro0921,sitting_straight,1
1347,1789975398.302683,403,629,744,775,743,745,783,763,687,393,487,586,565,567,585,484,517,541,549,590,553,475,421,301,0,601,949,873,776,855,925,531,aro0921,sitting_straight,1
1348,1789975398.322636,411,634,733,773,731,776,807,767,715,397,455,571,575,569,605,504,538,536,547,582,563,440,375,345,0,571,921,860,778,799,878,495,aro0921,sitting_straight,1
1349,1789975398.341792,429,623,741,760,743,751,799,746,691,393,463,572,615,571,599,486,507,507,507,586,553,467,378,299,0,559,933,904,761,845,949,541,aro0921,sitting_straight,1
1350,1789975398.362643,411,646,718,761,731,757,803,762,711,401,453,569,603,551,598,506,533,519,541,559,557,445,393,339,0,581,941,886,728,829,909,505,aro0921,sitting_straight,1
1351,1789975398.382657,408,623,749,761,729,749,807,753,698,391,454,589,583,551,569,489,508,499,521,583,557,441,397,309,0,563,937,861,735,852,943,533,aro0921,sitting_straight,1
1352,1789975398.402673,419,619,717,756,735,761,797,756,701,399,447,589,588,535,566,519,534,521,529,583,565,459,399,319,0,595,953,859,744,830,924,549,aro0921,sitting_straight,1
1353,1789975398.422627,421,633,730,759,731,763,797,753,702,391,472,565,599,553,585,495,525,533,519,587,583,467,397,315,0,587,943,887,745,824,923,525,aro0921,sitting_straight,1
1354,1789975398.442648,414,647,727,773,747,776,809,759,715,405,487,573,588,549,597,519,538,503,535,560,569,459,409,337,0,620,945,879,728,823,903,523,aro0921,sitting_straight,1
1355,1789975398.462636,429,633,727,748,739,756,813,739,713,396,459,555,601,535,581,495,539,535,521,567,552,456,412,338,0,571,934,863,751,828,901,525,aro0921,sitting_straight,1
1356,1789975398.482644,415,621,733,747,739,775,799,745,715,409,463,589,616,535,583,508,529,533,509,587,557,455,409,341,0,559,937,895,748,809,957,501,aro0921,sitting_straight,1
1357,1789975398.502655,431,617,723,751,748,746,811,743,687,411,461,571,575,562,602,488,535,520,543,555,597,491,367,332,0,547,959,885,744,867,927,483,aro0921,sitting_straight,1
1358,1789975398.522659,411,623,741,756,741,767,799,767,701,413,485,570,583,553,583,487,521,498,543,552,571,440,411,331,0,600,939,869,762,799,873,495,aro0921,sitting_straight,1
1359,1789975398.542700,424,639,743,775,724,775,798,765,696,391,484,547,575,549,567,493,505,535,551,589,567,468,398,293,0,620,941,870,740,867,927,551,aro0921,sitting_straight,1
1360,1789975398.562721,411,621,719,754,730,767,792,765,699,398,456,569,605,555,595,505,539,534,547,591,571,447,394,315,0,567,923,869,733,846,914,549,aro0921,sitting_straight,1
1361,1789975398.582673,428,649,733,777,738,773,808,772,715,413,485,559,585,537,569,483,505,551,551,599,585,443,379,317,0,599,927,867,776,845,951,555,aro0921,sitting_straight,1
1362,1789975398.602644,411,621,724,762,739,763,797,747,701,405,484,575,573,537,567,525,532,519,503,581,573,458,397,325,0,613,955,863,747,825,924,533,aro0921,sitting_straight,1
1363,1789975398.623652,421,635,729,759,733,762,796,757,701,401,473,567,598,552,587,499,531,521,533,581,567,460,394,315,0,587,943,887,747,825,918,523,aro0921,sitting_straight,1
1364,1789975398.642782,419,637,747,767,747,777,811,743,717,423,485,587,595,559,609,521,539,507,517,572,591,457,389,344,0,631,916,867,776,852,932,573,aro0921,sitting_straight,1
1365,1789975398.662671,415,633,729,759,735,761,797,761,701,404,471,565,598,555,589,495,525,523,531,580,572,459,396,313,0,588,941,885,749,825,921,527,aro0921,sitting_straight,1
1366,1789975398.682693,415,621,721,757,724,751,789,765,715,407,473,549,575,537,589,463,543,499,527,565,559,483,395,313,0,616,951,869,732,831,916,499,aro0921,sitting_straight,1
1367,1789975398.702708,407,619,744,760,746,762,783,743,693,405,471,585,575,539,601,491,521,496,509,569,591,477,415,301,0,563,952,885,733,809,909,529,aro0921,sitting_straight,1
1368,1789975398.722658,419,621,727,755,731,751,779,760,711,409,459,575,581,538,612,503,541,501,519,583,567,477,395,312,0,601,952,869,751,810,952,523,aro0921,sitting_straight,1
1369,1789975398.742635,419,647,729,776,751,760,787,745,651,399,485,582,593,541,571,517,479,537,533,595,570,468,419,326,0,587,969,885,733,841,948,539,aro0921,sitting_straight,1
1370,1789975398.762708,429,649,746,763,725,777,810,743,716,399,451,563,605,543,563,509,507,509,521,590,549,438,376,298,0,565,969,903,732,821,953,495,aro0921,sitting_straight,1
1371,1789975398.782678,421,623,743,747,749,747,799,765,696,391,475,585,613,556,598,495,547,517,536,569,552,471,393,299,0,559,949,900,775,839,915,529,aro0921,sitting_straight,1
1372,1789975398.802009,430,634,741,759,724,779,811,759,716,405,473,551,610,549,570,499,504,500,524,563,558,457,389,337,0,604,966,903,743,793,902,491,aro0921,sitting_straight,1
1373,1789975398.822758,407,627,739,749,742,761,814,765,714,407,475,585,613,558,581,504,529,556,547,601,564,443,381,276,0,579,932,893,765,807,937,499,aro0921,sitting_straight,1
1374,1789975398.842731,420,632,722,758,742,760,799,759,701,396,492,555,599,554,581,501,523,519,530,579,567,461,395,316,0,597,947,879,747,828,931,525,aro0921,sitting_straight,1
1375,1789975398.862685,421,631,730,761,733,757,812,757,703,391,491,565,596,552,589,493,527,521,531,581,544,442,382,317,0,588,943,884,739,852,923,537,aro0921,sitting_straight,1
1376,1789975398.882662,426,635,714,761,717,773,789,761,697,405,474,553,600,547,575,485,503,503,532,570,583,473,413,349,0,605,953,894,731,846,915,550,aro0921,sitting_straight,1
1377,1789975398.902677,408,629,740,766,745,776,797,760,721,402,465,587,585,568,597,489,529,531,539,591,544,434,411,311,0,565,941,859,764,845,920,491,aro0921,sitting_straight,1
1378,1789975398.922643,409,616,729,743,733,751,791,767,696,397,487,565,601,543,591,519,536,504,542,557,555,487,381,331,0,587,937,880,767,802,919,502,aro0921,sitting_straight,1
1379,1789975398.942633,432,649,743,761,776,777,797,756,715,413,487,557,611,573,584,477,499,535,543,573,571,457,405,332,0,601,920,888,755,797,894,504,aro0921,sitting_straight,1
1380,1789975398.962655,407,632,743,760,739,751,795,761,703,407,477,573,601,549,586,510,533,533,539,597,581,440,392,295,0,584,923,874,773,853,927,547,aro0921,sitting_straight,1
1381,1789975398.982644,411,629,727,761,717,761,789,764,697,405,469,556,582,563,585,483,504,537,541,584,590,467,414,301,0,613,941,861,758,820,925,547,aro0921,sitting_straight,1
1382,1789975399.002646,408,632,731,767,730,751,805,765,687,395,455,574,581,537,579,516,529,507,540,559,589,461,374,342,0,559,969,895,730,819,917,548,aro0921,sitting_straight,1
1383,1789975399.022671,408,619,733,747,746,767,803,773,695,397,485,589,604,565,598,509,542,520,540,566,552,457,420,329,0,603,928,893,725,843,903,503,aro0921,sitting_straight,1
1384,1789975399.042666,415,633,742,755,745,762,797,757,709,405,483,589,611,553,586,522,553,523,542,580,565,460,402,317,0,581,938,879,747,825,926,526,aro0921,sitting_straight,1
1385,1789975399.062685,419,631,731,759,731,765,799,757,703,415,473,563,597,555,586,499,524,517,529,567,566,459,397,315,0,589,942,885,727,821,922,500,aro0921,sitting_straight,1
1386,1789975399.082642,415,646,722,767,726,755,798,767,695,392,488,550,601,539,593,504,541,502,536,571,565,461,381,316,0,613,980,903,763,857,936,565,aro0921,sitting_straight,1
1387,1789975399.102659,411,619,729,758,733,775,797,766,693,397,453,582,573,554,595,517,538,505,525,559,585,477,399,333,0,569,969,879,766,841,889,537,aro0921,sitting_straight,1
1388,1789975399.122646,423,621,716,749,739,767,799,751,694,383,493,581,597,565,606,507,541,503,509,595,554,443,378,307,0,585,921,861,727,855,941,542,aro0921,sitting_straight,1
1389,1789975399.142677,426,647,719,759,741,765,808,755,709,389,461,587,613,547,595,521,543,530,549,557,549,447,376,339,0,562,956,869,741,821,892,499,aro0921,sitting_straight,1
1390,1789975399.162659,421,623,724,749,726,777,791,759,693,403,458,552,605,548,589,509,525,501,521,555,573,475,411,334,0,571,935,871,730,847,905,552,aro0921,sitting_straight,1
1391,1789975399.182653,399,621,740,750,726,756,793,747,699,403,479,547,599,568,601,485,509,519,509,585,589,447,407,319,0,573,921,867,767,826,939,540,aro0921,sitting_straight,1
1392,1789975399.202509,403,627,731,762,721,747,813,766,699,389,452,566,579,571,587,527,500,531,550,573,537,437,383,317,0,584,948,857,773,799,889,493,aro0921,sitting_straight,1
1393,1789975399.222686,427,649,744,762,737,773,786,745,691,399,494,547,602,561,602,493,537,543,541,595,589,483,377,309,0,599,941,919,744,846,926,556,aro0921,sitting_straight,1
1394,1789975399.242642,421,645,732,760,749,759,805,759,699,404,465,585,600,543,571,509,519,521,533,581,581,457,399,311,0,568,959,877,735,825,924,527,aro0921,sitting_straight,1
1395,1789975399.262656,419,631,729,759,733,761,797,757,701,403,469,563,597,559,587,499,523,505,529,583,564,458,399,313,0,589,937,886,727,831,923,529,aro0921,sitting_straight,1
1396,1789975399.282683,429,631,741,747,712,751,795,745,715,403,487,555,601,539,575,520,535,533,533,565,555,456,421,315,0,585,940,866,729,831,939,553,aro0921,sitting_straight,1
1397,1789975399.302724,435,617,717,751,733,773,800,775,695,381,489,542,574,558,573,521,529,506,520,603,559,443,407,311,0,599,915,909,755,824,932,567,aro0921,sitting_straight,1
1398,1789975399.322679,425,631,725,749,722,749,783,755,709,413,471,553,621,535,583,507,538,497,524,565,553,469,377,324,0,619,921,875,764,844,926,541,aro0921,sitting_straight,1
1399,1789975399.342683,429,631,735,749,731,775,785,757,694,419,461,567,617,546,587,511,473,504,525,572,553,483,420,339,0,573,949,905,751,829,901,517,aro0921,sitting_straight,1
1400,1789975399.362656,425,623,733,749,740,763,787,747,713,411,486,566,584,553,601,490,537,532,529,583,575,447,409,296,0,591,957,892,747,805,937,509,aro0921,sitting_straight,1
1401,1789975399.382644,437,623,719,749,738,765,798,751,691,407,477,549,583,537,569,522,529,495,541,597,582,441,375,295,0,557,956,863,757,805,948,523,aro0921,sitting_straight,1
1402,1789975399.402690,431,645,716,751,719,759,789,733,717,399,468,569,614,556,568,521,531,491,543,591,537,467,411,293,0,604,915,869,760,829,955,505,aro0921,sitting_straight,1
1403,1789975399.422676,428,621,716,765,738,775,810,763,690,403,467,553,595,541,581,502,535,536,516,569,589,437,403,307,0,605,931,905,764,791,953,536,aro0921,sitting_straight,1
1404,1789975399.442669,431,647,711,759,727,760,795,756,701,403,453,573,601,539,574,525,539,519,529,581,563,458,402,319,0,589,923,856,747,843,925,531,aro0921,sitting_straight,1
1405,1789975399.462654,421,631,729,757,732,761,797,761,699,404,473,569,596,555,588,505,525,519,529,582,569,461,397,317,0,587,943,885,749,825,923,523,aro0921,sitting_straight,1
1406,1789975399.482665,429,629,733,747,725,775,787,744,709,419,509,543,581,571,573,520,488,527,507,596,587,467,410,311,0,564,965,845,739,805,936,526,aro0921,sitting_straight,1
1407,1789975399.502677,415,620,729,763,734,777,809,761,693,421,494,552,575,571,581,507,503,494,520,575,553,447,415,298,0,575,953,891,729,855,943,491,aro0921,sitting_straight,1
1408,1789975399.522651,425,631,723,751,723,757,793,763,711,413,444,559,593,547,571,508,524,519,547,567,573,479,397,313,0,611,927,861,735,815,923,493,aro0921,sitting_straight,1
1409,1789975399.542665,429,647,721,767,719,763,795,757,699,393,457,565,585,547,563,483,493,541,541,581,554,467,383,319,0,548,955,924,767,825,919,507,aro0921,sitting_straight,1
1410,1789975399.562656,432,631,715,745,727,762,805,735,703,380,460,574,601,543,590,493,543,531,517,568,574,438,395,341,0,573,967,885,759,839,895,547,aro0921,sitting_straight,1
1411,1789975399.582635,429,645,717,761,733,776,811,747,712,396,497,551,613,533,589,523,558,549,537,594,552,452,418,327,0,559,949,889,743,857,911,537,aro0921,sitting_straight,1
1412,1789975399.602693,419,619,719,746,735,761,795,763,715,423,490,548,589,567,573,499,505,496,527,555,598,447,411,344,0,602,949,861,749,846,909,567,aro0921,sitting_straight,1
1413,1789975399.622648,411,618,733,752,743,751,803,757,715,404,492,575,587,541,591,505,524,501,519,567,569,447,413,315,0,568,959,905,764,841,931,549,aro0921,sitting_straight,1
1414,1789975399.642670,421,631,731,757,745,757,795,758,701,399,465,574,595,563,583,509,523,519,532,575,585,463,393,326,0,550,945,885,743,821,919,519,aro0921,sitting_straight,1
1415,1789975399.662679,421,631,729,759,729,763,780,755,710,390,473,567,601,556,588,493,523,523,530,582,534,475,415,316,0,586,941,883,776,851,921,537,aro0921,sitting_straight,1
1416,1789975399.682690,409,633,711,774,741,761,793,764,711,413,447,585,600,549,601,507,541,519,539,549,563,469,413,337,0,559,958,903,761,815,907,502,aro0921,sitting_straight,1
1417,1789975399.702647,426,623,739,747,743,757,788,745,693,403,473,575,604,547,569,504,506,521,519,602,566,479,407,296,0,559,948,863,731,885,942,555,aro0921,sitting_straight,1
1418,1789975399.722643,413,619,731,762,733,767,791,764,714,414,489,542,583,575,573,487,522,492,535,581,559,491,377,339,0,581,953,871,754,844,895,534,aro0921,sitting_straight,1
1419,1789975399.742677,423,648,745,775,731,759,793,739,702,415,457,601,605,533,568,500,525,535,523,605,593,442,401,327,0,559,979,911,731,824,947,556,aro0921,sitting_straight,1
1420,1789975399.762657,421,619,735,761,742,767,793,759,717,406,487,559,615,567,579,505,505,543,508,591,549,447,407,337,0,581,918,887,767,845,911,505,aro0921,sitting_straight,1
1421,1789975399.782665,414,631,727,767,731,767,767,760,697,411,439,553,596,549,593,489,536,489,517,597,589,475,377,309,0,587,967,895,764,813,939,543,aro0921,sitting_straight,1
1422,1789975399.802277,430,639,719,756,743,751,811,747,712,398,487,558,607,553,606,519,537,533,517,597,547,442,376,300,0,559,966,905,755,824,950,493,aro0921,sitting_straight,1
1423,1789975399.822702,431,655,734,760,745,747,791,751,691,403,467,553,613,539,591,521,537,499,519,557,575,473,377,318,0,557,951,910,773,841,931,553,aro0921,sitting_straight,1
1424,1789975399.842649,423,634,731,758,732,759,798,757,709,407,472,568,601,553,589,485,523,521,529,583,566,459,397,316,0,583,935,887,745,825,931,523,aro0921,sitting_straight,1
1425,1789975399.862686,411,632,731,763,732,767,792,751,717,413,467,566,585,552,587,501,529,531,541,569,555,455,393,311,0,587,939,884,765,841,905,500,aro0921,sitting_straight,1
1426,1789975399.882656,411,614,723,760,745,751,793,755,697,405,485,575,585,535,573,529,529,505,507,591,567,483,413,326,41,573,957,891,747,845,940,543,aro0921,sitting_straight,1
1427,1789975399.902650,429,651,742,755,725,750,783,745,693,421,487,546,597,551,600,501,507,530,519,593,588,483,410,319,0,601,937,871,731,811,947,536,aro0921,sitting_straight,1
1428,1789975399.922681,427,645,713,755,734,791,781,755,695,407,445,589,601,583,603,505,519,519,548,557,589,487,404,341,0,595,935,904,767,807,907,539,aro0921,sitting_straight,1
1429,1789975399.942694,421,645,734,773,716,752,805,751,713,423,456,571,585,543,565,505,505,535,544,601,585,453,415,295,0,586,960,888,727,813,947,532,aro0921,sitting_straight,1
1430,1789975399.962657,431,629,739,751,739,751,788,767,709,427,455,575,600,544,591,481,521,505,540,565,557,475,410,311,0,569,935,860,726,825,937,499,aro0921,sitting_straight,1
1431,1789975399.982649,411,639,717,775,725,767,790,765,712,397,487,575,614,551,573,507,533,503,537,583,567,472,407,299,0,593,925,883,741,849,943,547,aro0921,sitting_straight,1
1432,1789975400.002678,431,637,745,751,725,745,809,745,725,403,443,569,617,536,569,507,499,507,501,589,541,437,415,299,0,581,969,911,775,839,964,523,aro0921,sitting_straight,1
1433,1789975400.022664,415,623,725,750,729,751,809,773,699,393,461,581,615,571,605,521,539,523,544,584,549,483,397,324,0,567,969,909,772,797,919,500,aro0921,sitting_straight,1
1434,1789975400.042660,420,631,731,760,728,761,799,759,701,405,473,567,599,553,587,503,525,520,531,582,571,463,397,319,0,587,939,885,750,825,926,531,aro0921,sitting_straight,1
1435,1789975400.062685,421,632,728,759,725,759,793,766,691,397,469,559,597,551,585,488,522,523,524,571,555,473,424,327,0,597,941,886,763,831,919,507,aro0921,sitting_straight,1
1436,1789975400.082676,409,630,737,764,723,757,808,765,712,405,483,553,611,555,603,489,533,493,523,571,554,441,390,313,0,603,943,907,729,837,949,506,aro0921,sitting_straight,1
1437,1789975400.102683,413,649,746,763,725,779,789,755,713,428,487,547,616,572,589,494,504,538,552,570,585,469,425,325,0,617,921,903,773,809,894,484,aro0921,sitting_straight,1
1438,1789975400.122686,425,649,715,763,741,775,795,755,691,405,455,566,599,533,603,487,529,535,555,586,585,495,383,307,0,563,973,914,759,835,920,549,aro0921,sitting_straight,1
1439,1789975400.142699,426,621,728,747,719,755,807,756,713,422,455,554,616,536,583,509,531,498,525,567,587,441,382,334,0,572,943,879,742,825,923,548,aro0921,sitting_straight,1
1440,1789975400.162659,422,645,719,767,729,756,797,745,699,422,467,567,583,569,601,501,533,509,519,571,585,457,410,339,0,571,931,861,763,821,921,538,aro0921,sitting_straight,1
1441,1789975400.182682,421,627,718,747,726,751,809,749,711,411,447,584,605,535,584,505,541,495,509,565,563,461,379,334,0,556,918,873,756,808,933,501,aro0921,sitting_straight,1
1442,1789975400.202681,411,633,723,777,717,775,779,774,691,415,457,558,589,539,605,488,535,505,537,551,597,487,415,307,0,605,965,913,745,850,893,573,aro0921,sitting_straight,1
1443,1789975400.222672,408,629,743,761,743,760,791,763,691,405,473,583,581,541,611,485,521,523,543,569,582,479,389,341,0,571,957,877,759,830,905,550,aro0921,sitting_straight,1
1444,1789975400.242665,421,634,727,757,738,761,797,751,701,407,468,566,599,569,586,503,521,517,529,582,585,459,397,341,0,611,941,873,743,825,925,525,aro0921,sitting_straight,1
1445,1789975400.262688,420,632,729,758,733,759,809,751,713,405,473,563,599,555,586,502,524,522,533,583,555,447,373,299,0,590,944,886,755,815,925,503,aro0921,sitting_straight,1
1446,1789975400.282691,427,648,742,757,727,774,793,763,691,401,491,551,615,595,614,485,509,503,531,559,585,489,381,312,0,575,919,895,764,830,939,541,aro0921,sitting_straight,1
1447,1789975400.302653,423,623,727,747,722,779,807,745,723,407,468,559,604,551,599,501,540,535,527,589,541,445,407,313,0,609,919,867,741,819,921,499,aro0921,sitting_straight,1
1448,1789975400.322727,411,646,732,767,723,757,805,761,696,393,471,547,607,571,611,506,507,506,543,563,565,447,374,327,0,611,938,906,743,846,917,543,aro0921,sitting_straight,1
1449,1789975400.342765,425,649,739,755,740,749,807,757,711,395,455,587,585,548,605,482,537,507,509,595,558,442,399,337,0,570,973,884,751,807,907,552,aro0921,sitting_straight,1
1450,1789975400.362664,431,627,739,765,743,775,786,749,699,399,474,565,584,571,599,501,509,501,539,599,550,445,393,303,0,565,987,894,761,841,940,531,aro0921,sitting_straight,1
1451,1789975400.382743,419,621,740,749,750,751,792,751,681,393,483,585,599,571,603,475,519,519,508,585,557,473,394,311,0,573,927,879,767,821,939,495,aro0921,sitting_straight,1
1452,1789975400.401756,405,627,721,765,743,777,809,757,703,382,469,547,585,535,567,517,536,533,517,563,569,453,420,287,0,563,965,901,765,854,914,555,aro0921,sitting_straight,1
1453,1789975400.422447,431,635,739,773,742,747,805,761,691,393,472,553,603,569,581,507,506,499,531,571,583,457,377,331,0,567,971,895,747,845,939,504,aro0921,sitting_straight,1
1454,1789975400.442705,411,629,719,757,745,764,753,749,699,403,455,569,597,555,587,510,523,521,536,580,567,463,393,326,0,583,947,879,747,837,909,520,aro0921,sitting_straight,1
1455,1789975400.462681,414,633,729,761,733,764,803,758,715,406,467,567,599,559,588,501,524,524,533,573,557,441,397,325,0,584,941,887,773,841,922,499,aro0921,sitting_straight,1
1456,1789975400.482670,425,623,742,751,745,774,789,747,697,409,475,573,588,562,593,488,507,519,519,615,557,474,413,303,0,555,967,879,742,837,928,543,aro0921,sitting_straight,1
1457,1789975400.502686,427,629,717,747,727,755,791,745,693,413,475,543,605,547,583,517,529,539,529,557,596,477,375,333,0,600,927,883,731,823,901,524,aro0921,sitting_straight,1
1458,1789975400.522677,419,649,731,775,723,776,788,772,692,406,459,549,605,543,589,507,542,536,551,575,589,479,411,329,0,587,957,909,731,815,905,531,aro0921,sitting_straight,1
1459,1789975400.542666,427,627,719,745,747,749,791,744,715,404,469,543,597,531,527,518,540,540,551,559,548,441,397,343,0,563,942,861,755,853,893,538,aro0921,sitting_straight,1
1460,1789975400.562697,413,621,728,749,745,777,789,759,713,409,467,563,596,548,585,495,536,507,509,595,559,463,419,309,0,565,941,861,729,824,935,491,aro0921,sitting_straight,1
1461,1789975400.582679,429,635,743,755,743,749,799,763,696,395,487,580,597,550,569,487,505,519,537,571,563,477,418,301,0,607,968,903,739,807,925,501,aro0921,sitting_straight,1
1462,1789975400.602676,409,637,734,776,743,774,807,762,687,382,487,571,598,536,591,492,534,503,543,599,574,465,381,344,0,581,953,913,734,852,935,559,aro0921,sitting_straight,1
1463,1789975400.622658,430,635,739,747,723,781,809,746,711,392,469,589,583,568,587,499,503,536,537,601,551,441,402,296,0,611,968,867,748,845,931,535,aro0921,sitting_straight,1
1464,1789975400.642721,427,633,755,759,721,765,795,745,696,395,445,552,595,559,563,518,522,521,535,575,568,465,401,317,0,571,941,886,744,845,919,521,aro0921,sitting_straight,1
1465,1789975400.662672,421,632,731,760,732,761,797,751,698,397,472,566,596,557,585,499,523,521,535,580,551,459,398,325,0,597,948,885,774,842,925,531,aro0921,sitting_straight,1
1466,1789975400.682691,429,645,718,763,749,757,791,767,699,403,457,554,611,571,583,508,517,503,547,589,581,461,410,344,0,565,966,869,739,851,917,500,aro0921,sitting_straight,1
1467,1789975400.702756,423,630,723,773,727,754,796,763,715,380,488,553,597,539,607,517,502,523,518,574,570,457,406,327,0,579,971,873,727,815,907,535,aro0921,sitting_straight,1
1468,1789975400.722774,429,619,718,774,744,751,811,742,697,404,468,581,603,537,597,495,503,537,541,563,583,482,379,331,0,567,921,909,773,826,919,488,aro0921,sitting_straight,1
1469,1789975400.742689,407,636,715,775,724,749,795,773,712,383,495,557,615,541,588,480,540,501,525,601,584,405,411,343,0,597,937,891,775,842,911,549,aro0921,sitting_straight,1
1470,1789975400.762671,431,631,721,764,739,757,795,743,708,407,476,571,589,567,597,520,515,525,529,597,553,455,381,331,0,565,959,908,733,850,919,509,aro0921,sitting_straight,1
1471,1789975400.782689,427,647,735,759,738,778,799,755,680,409,487,540,600,569,599,489,505,529,549,579,585,473,408,319,0,585,941,903,761,811,905,490,aro0921,sitting_straight,1
1472,1789975400.802706,430,619,723,749,730,777,787,743,703,413,495,541,585,539,579,505,543,531,506,581,551,482,375,334,0,583,941,859,728,855,903,497,aro0921,sitting_straight,1
1473,1789975400.822686,411,617,715,775,747,772,809,749,703,381,458,552,616,538,585,523,539,488,556,605,588,441,419,341,0,574,916,885,747,799,916,509,aro0921,sitting_straight,1
1474,1789975400.842736,419,633,729,760,732,759,793,757,699,403,474,565,598,557,585,500,527,518,532,587,569,463,405,313,0,611,943,820,745,825,919,525,aro0921,sitting_straight,1
1475,1789975400.862714,421,633,725,759,731,761,788,751,696,410,469,573,601,559,593,495,529,520,539,565,566,475,395,339,0,593,939,885,733,842,916,496,aro0921,sitting_straight,1
1476,1789975400.882674,425,648,729,761,725,757,809,765,703,397,483,563,599,567,568,517,518,520,543,563,555,453,384,331,0,575,931,869,775,821,915,543,aro0921,sitting_straight,1
1477,1789975400.902701,411,629,725,751,723,755,807,762,723,421,457,541,633,573,601,491,529,527,537,583,599,437,367,292,0,581,971,908,779,859,919,565,aro0921,sitting_straight,1
1478,1789975400.922690,419,646,739,764,725,781,787,745,694,409,485,554,617,572,597,487,532,549,525,611,587,465,410,299,0,603,925,895,733,805,894,517,aro0921,sitting_straight,1
1479,1789975400.942657,431,636,726,755,719,758,810,745,713,403,459,591,603,575,610,484,521,495,509,555,555,441,392,341,0,590,923,877,727,861,891,505,aro0921,sitting_straight,1
1480,1789975400.962663,415,644,731,767,728,763,791,763,701,413,491,543,611,541,593,489,537,509,534,597,584,473,410,307,0,584,965,872,767,811,940,525,aro0921,sitting_straight,1
1481,1789975400.982681,429,631,732,747,744,775,789,745,702,415,473,586,575,559,571,483,505,533,537,573,583,474,419,339,0,569,955,859,745,797,886,502,aro0921,sitting_straight,1
1482,1789975401.002703,435,637,743,747,740,773,811,741,698,380,493,572,575,540,580,483,501,541,533,575,543,441,374,348,0,615,951,871,727,845,891,495,aro0921,sitting_straight,1
1483,1789975401.022663,427,620,732,765,741,757,809,765,700,395,473,581,572,572,573,501,548,520,507,596,555,463,407,331,0,591,922,911,772,855,895,534,aro0921,sitting_straight,1
1484,1789975401.042684,428,645,740,761,725,755,813,759,697,391,456,567,613,554,591,507,534,529,547,570,573,455,393,341,0,590,927,895,735,841,908,529,aro0921,sitting_straight,1
1485,1789975401.062713,430,633,723,761,729,751,793,744,713,410,453,573,575,557,604,486,520,521,529,563,553,460,415,327,0,605,967,871,727,819,927,537,aro0921,sitting_straight,1
1486,1789975401.082669,415,633,731,760,732,763,797,756,699,404,459,563,595,556,591,495,524,506,532,575,567,458,404,329,0,588,943,887,745,837,933,527,aro0921,sitting_straight,1
1487,1789975401.102717,416,631,729,760,739,755,799,755,713,419,471,568,597,553,587,501,508,535,553,595,604,440,373,299,0,588,941,883,754,827,923,531,aro0921,sitting_straight,1
1488,1789975401.122672,424,637,721,746,739,763,803,745,693,395,455,548,603,540,583,485,539,547,551,575,581,453,382,302,0,560,941,869,733,813,905,506,aro0921,sitting_straight,1
1489,1789975401.142663,423,634,729,760,732,762,799,759,699,405,473,565,599,555,587,496,523,523,533,583,569,459,397,325,0,586,939,885,751,827,919,523,aro0921,sitting_straight,1
1490,1789975401.162820,429,623,732,747,723,758,788,745,710,420,455,565,605,551,569,493,536,502,507,575,568,470,413,327,0,614,932,895,727,805,939,491,aro0921,sitting_straight,1
1491,1789975401.182685,423,648,717,773,740,773,807,755,693,392,489,557,595,558,591,501,539,524,547,572,584,475,391,356,0,565,953,908,728,823,901,537,aro0921,sitting_straight,1
1492,1789975401.202728,409,621,741,767,743,751,810,764,687,421,471,559,581,559,573,483,538,536,517,559,539,447,377,301,0,610,937,891,724,779,941,551,aro0921,sitting_straight,1
1493,1789975401.222712,419,636,743,755,727,774,788,765,707,412,487,551,583,571,587,493,505,461,504,596,573,476,411,327,0,591,931,879,747,805,937,507,aro0921,sitting_straight,1
1494,1789975401.242711,415,649,719,776,727,751,789,761,713,415,485,540,587,556,605,494,541,501,554,574,575,473,421,301,0,602,967,908,775,873,951,493,aro0921,sitting_straight,1
1495,1789975401.262695,427,635,719,749,729,766,809,741,700,398,442,568,585,539,597,503,541,533,529,596,555,457,377,309,0,581,958,874,775,851,934,531,aro0921,sitting_straight,1
1496,1789975401.282699,428,647,725,761,729,777,808,741,702,393,492,565,568,574,590,493,509,539,529,585,553,453,378,332,0,596,927,907,775,843,909,531,aro0921,sitting_straight,1
1497,1789975401.302701,427,647,723,755,723,757,805,746,690,391,475,547,618,571,596,488,533,533,525,599,551,453,378,302,0,611,924,889,775,842,942,441,aro0921,sitting_straight,1
1498,1789975401.322675,421,633,725,749,743,763,795,773,701,407,457,585,587,569,583,521,503,504,547,565,567,463,391,307,0,609,949,867,745,827,923,521,aro0921,sitting_straight,1
1499,1789975401.342685,421,633,734,763,733,757,795,755,701,405,473,564,603,557,587,500,523,519,529,583,567,457,402,328,0,589,943,877,749,831,926,529,aro0921,sitting_straight,1
1500,1789975401.362735,429,629,733,747,723,764,789,743,703,415,472,539,581,548,573,499,517,534,521,599,571,469,415,308,0,606,946,871,768,849,931,521,aro0921,sitting_straight,1
1501,1789975401.382687,413,630,730,775,739,750,789,747,695,408,453,585,595,557,602,493,537,509,509,589,573,472,415,303,0,556,959,904,743,852,935,549,aro0921,sitting_straight,1
1502,1789975401.402682,413,626,736,767,744,751,811,763,717,419,489,599,581,549,570,494,507,495,527,569,568,439,381,330,0,589,955,874,773,820,935,533,aro0921,sitting_straight,1
1503,1789975401.422694,423,651,723,765,743,755,807,762,701,395,499,574,617,567,591,504,504,499,543,568,585,453,379,301,0,559,923,885,728,814,931,565,aro0921,sitting_straight,1
1504,1789975401.442701,415,627,739,745,735,777,797,772,713,413,491,543,544,580,605,477,523,503,520,558,587,467,397,320,0,615,919,887,782,807,892,532,aro0921,sitting_straight,1
1505,1789975401.462660,407,630,731,763,744,761,793,761,697,413,469,580,579,548,568,507,509,538,549,591,587,445,378,299,0,571,939,875,767,828,925,568,aro0921,sitting_straight,1
1506,1789975401.482726,415,633,725,775,746,767,795,765,713,397,467,569,588,553,597,517,539,529,548,569,567,463,411,327,0,565,957,891,731,819,905,533,aro0921,sitting_straight,1
1507,1789975401.502688,408,627,743,763,742,779,788,765,713,423,485,607,574,537,574,521,523,538,548,581,581,459,422,329,0,563,966,874,729,813,889,508,aro0921,sitting_straight,1
1508,1789975401.522672,413,639,744,764,719,765,798,767,715,407,467,593,617,575,611,479,519,531,529,599,550,463,419,343,0,593,927,895,765,858,917,547,aro0921,sitting_straight,1
1509,1789975401.542704,409,618,728,748,747,777,791,763,691,394,473,587,603,567,604,509,547,495,533,557,557,485,407,329,0,556,917,863,787,867,891,555,aro0921,sitting_straight,1
1510,1789975401.562711,425,637,729,761,729,775,807,745,711,397,485,548,597,553,601,495,537,536,533,595,567,445,407,331,0,595,946,869,775,819,910,543,aro0921,sitting_straight,1
1511,1789975401.582669,419,633,730,761,729,761,795,757,701,407,471,563,599,557,589,501,529,520,533,585,575,469,398,327,0,587,939,887,752,825,923,521,aro0921,sitting_straight,1
1512,1789975401.602686,423,627,731,760,731,779,785,755,715,414,472,569,599,557,583,502,533,524,534,603,572,467,381,313,0,582,943,885,758,787,925,503,aro0921,sitting_straight,1
1513,1789975401.622704,422,621,755,751,743,747,805,763,703,394,489,561,620,568,605,510,538,492,524,572,555,453,373,310,0,591,953,893,760,847,954,522,aro0921,sitting_straight,1
1514,1789975401.642670,420,639,731,762,731,757,796,751,693,405,447,567,597,556,591,495,521,521,531,575,572,461,394,315,0,583,936,889,751,827,924,521,aro0921,sitting_straight,1
1515,1789975401.662658,421,627,726,751,727,775,797,743,717,409,458,567,591,557,570,519,523,519,529,587,555,438,391,325,0,563,951,875,746,815,918,504,aro0921,sitting_straight,1
1516,1789975401.682711,409,633,739,775,725,773,790,760,703,419,455,585,615,539,581,495,538,538,519,585,581,471,413,331,0,597,923,883,765,823,908,500,aro0921,sitting_straight,1
1517,1789975401.702665,413,631,723,758,722,747,798,742,680,423,477,585,635,534,601,509,507,517,563,594,572,441,389,350,0,585,927,863,777,837,895,487,aro0921,sitting_straight,1
1518,1789975401.722677,412,638,729,766,727,747,789,757,708,413,492,553,601,585,595,501,504,533,506,565,565,444,411,318,0,557,975,868,733,845,933,491,aro0921,sitting_straight,1
1519,1789975401.742708,410,627,725,767,723,775,797,760,687,405,472,549,585,565,576,485,507,504,531,566,597,475,401,317,0,615,965,893,745,809,889,525,aro0921,sitting_straight,1
1520,1789975401.762703,424,648,739,763,723,763,808,763,701,393,467,583,604,563,571,507,517,523,542,568,558,445,393,339,0,603,927,869,763,843,903,543,aro0921,sitting_straight,1
1521,1789975401.782675,413,621,745,748,743,791,788,773,711,419,472,585,603,564,584,491,504,525,546,571,553,470,415,347,0,557,919,871,731,841,893,495,aro0921,sitting_straight,1
1522,1789975401.802690,419,637,718,774,719,761,810,763,715,419,467,543,580,557,603,531,543,538,551,593,590,445,373,295,0,569,924,856,767,857,927,555,aro0921,sitting_straight,1
1523,1789975401.822684,415,623,731,766,734,760,797,767,700,399,454,585,587,560,573,505,518,501,527,572,567,461,396,317,0,559,951,869,751,827,939,529,aro0921,sitting_straight,1
1524,1789975401.842672,423,635,731,761,733,761,797,755,701,407,475,563,597,557,586,501,529,524,527,579,567,461,395,319,0,557,948,893,751,825,920,523,aro0921,sitting_straight,1
1525,1789975401.862703,437,635,719,748,731,749,795,739,699,405,455,567,607,567,605,507,542,519,531,559,571,458,399,333,0,563,917,882,754,828,939,523,aro0921,sitting_straight,1
1526,1789975401.882781,423,635,741,761,733,763,797,756,699,407,485,563,601,563,589,499,523,523,523,575,571,468,383,313,0,585,943,887,757,829,893,521,aro0921,sitting_straight,1
1527,1789975401.902702,423,619,713,762,738,779,788,761,687,398,473,553,573,553,607,488,534,537,518,590,551,469,377,330,0,583,967,885,735,857,891,529,aro0921,sitting_straight,1
1528,1789975401.922783,426,647,733,760,733,761,799,756,713,411,485,564,605,565,587,503,507,529,547,587,566,455,413,343,0,575,923,873,759,809,891,495,aro0921,sitting_straight,1
1529,1789975401.942690,419,633,723,775,733,747,785,741,702,409,488,544,591,573,565,520,531,540,524,585,556,439,405,341,0,565,966,908,736,845,901,495,aro0921,sitting_straight,1
1530,1789975401.962686,432,621,719,767,727,749,803,765,689,395,491,551,620,551,571,509,535,518,522,599,587,480,391,315,0,601,926,910,764,821,895,549,aro0921,sitting_straight,1
1531,1789975401.982747,422,623,721,748,719,766,788,765,712,420,493,547,613,566,609,487,530,504,525,568,568,459,407,338,0,597,924,883,750,799,904,494,aro0921,sitting_straight,1
1532,1789975402.002731,421,633,729,749,722,767,795,763,709,407,454,553,618,541,573,517,523,521,537,567,569,483,422,344,0,573,959,907,731,812,917,519,aro0921,sitting_straight,1
1533,1789975402.022680,413,605,743,744,725,749,795,767,711,412,460,571,584,565,605,481,525,493,521,560,568,463,377,308,0,623,965,884,763,823,946,502,aro0921,sitting_straight,1
1534,1789975402.042680,431,636,717,747,731,757,791,749,713,413,467,583,615,563,607,518,549,508,504,587,541,460,426,295,0,590,919,877,713,807,949,472,aro0921,sitting_straight,1
1535,1789975402.062714,423,619,719,758,741,760,787,745,711,405,460,551,586,542,587,509,539,535,527,561,569,475,391,340,0,605,939,871,749,827,941,518,aro0921,sitting_straight,1
1536,1789975402.082706,423,633,729,760,731,762,797,755,701,407,471,567,597,559,591,499,525,522,531,581,570,462,403,316,0,585,939,885,751,826,921,519,aro0921,sitting_straight,1
1537,1789975402.102702,425,645,732,755,729,763,789,767,696,419,473,565,617,541,580,500,541,534,531,568,595,463,419,343,0,593,951,875,747,808,907,508,aro0921,sitting_straight,1
1538,1789975402.122706,415,645,747,772,739,751,793,776,731,415,497,549,615,575,585,493,501,509,542,555,557,467,415,339,0,579,931,910,733,844,906,495,aro0921,sitting_straight,1
1539,1789975402.142697,409,633,725,777,733,751,791,773,696,425,494,553,594,549,569,519,533,496,538,563,594,482,383,311,0,581,971,903,783,803,941,525,aro0921,sitting_straight,1
1540,1789975402.162711,427,647,721,757,725,773,805,758,716,413,462,569,615,547,581,519,540,533,541,568,573,445,410,339,0,591,939,885,762,802,892,495,aro0921,sitting_straight,1
1541,1789975402.182738,421,644,739,767,743,775,791,757,712,403,473,569,613,564,597,491,520,509,546,574,553,455,409,307,0,567,947,879,759,824,947,518,aro0921,sitting_straight,1
1542,1789975402.202715,435,645,745,766,741,763,779,761,693,396,483,587,599,568,601,519,537,534,542,589,554,443,392,301,0,581,966,894,761,824,915,495,aro0921,sitting_straight,1
1543,1789975402.222707,439,649,725,749,730,775,803,739,715,406,495,557,605,567,573,509,507,519,506,600,551,443,402,307,0,573,931,861,727,843,947,500,aro0921,sitting_straight,1
1544,1789975402.242697,413,627,710,775,773,747,809,761,695,395,471,581,584,541,573,507,544,493,508,573,588,393,375,303,0,555,931,913,767,811,949,527,aro0921,sitting_straight,1
1545,1789975402.262701,425,623,732,767,739,749,788,743,715,402,455,585,585,559,601,501,540,523,548,564,548,477,376,315,0,584,959,895,728,829,923,548,aro0921,sitting_straight,1
1546,1789975402.282697,422,632,741,760,731,761,795,757,701,407,475,567,599,557,599,496,509,523,531,580,569,455,393,319,0,583,931,883,755,827,923,525,aro0921,sitting_straight,1
1547,1789975402.302708,410,629,729,777,735,765,793,747,717,413,473,568,619,559,589,503,529,523,503,599,553,475,426,346,0,590,911,886,739,857,923,501,aro0921,sitting_straight,1
1548,1789975402.322701,438,648,719,773,728,773,794,755,691,403,483,548,585,556,603,508,541,543,523,596,583,478,407,319,0,557,985,892,731,815,905,534,aro0921,sitting_straight,1
1549,1789975402.342686,435,622,735,776,719,749,793,763,709,395,493,567,603,540,595,503,493,502,550,571,586,440,406,325,20,557,958,917,778,831,941,538,aro0921,sitting_straight,1
1550,1789975402.362731,429,645,722,758,731,751,799,744,713,409,460,585,623,557,574,519,527,537,537,573,554,443,402,329,0,603,911,887,752,845,905,499,aro0921,sitting_straight,1
1551,1789975402.382752,429,639,738,775,744,763,809,745,717,407,471,589,571,581,598,503,519,541,537,594,555,461,389,309,0,575,935,849,773,829,916,489,aro0921,sitting_straight,1
1552,1789975402.402686,423,651,743,763,744,745,797,775,722,413,483,568,619,582,595,504,501,501,535,559,547,445,411,325,0,558,903,879,755,851,923,525,aro0921,sitting_straight,1
1553,1789975402.422697,436,631,745,755,734,757,795,767,709,403,459,585,580,563,585,483,527,549,537,575,585,461,379,340,0,603,974,884,727,823,895,495,aro0921,sitting_straight,1
1554,1789975402.442704,422,627,743,739,733,775,787,766,713,414,453,585,617,574,585,487,535,509,534,557,532,471,415,343,0,573,941,903,749,809,895,505,aro0921,sitting_straight,1
1555,1789975402.462693,425,637,745,765,743,777,799,743,700,423,469,568,615,543,603,519,509,529,543,563,571,483,381,301,0,574,939,861,774,851,937,491,aro0921,sitting_straight,1
1556,1789975402.482708,423,631,731,761,731,763,797,757,681,407,473,566,599,559,596,501,507,523,531,574,569,462,399,317,0,583,948,887,748,829,923,519,aro0921,sitting_straight,1
1557,1789975402.502722,416,647,731,765,735,761,803,757,717,405,473,565,597,565,589,495,529,531,543,597,557,429,407,350,0,584,939,879,725,841,888,548,aro0921,sitting_straight,1
1558,1789975402.522723,431,623,747,766,743,775,811,762,711,395,444,569,587,571,599,482,507,543,524,575,565,443,382,337,0,572,947,874,749,803,895,542,aro0921,sitting_straight,1
1559,1789975402.542692,429,634,727,763,731,763,789,745,715,409,471,561,596,563,589,499,531,529,539,565,549,474,375,301,0,582,919,905,723,847,907,521,aro0921,sitting_straight,1
1560,1789975402.562683,427,619,719,763,722,763,805,751,692,423,486,575,587,543,595,519,520,503,537,567,557,460,413,300,0,552,952,887,729,808,933,543,aro0921,sitting_straight,1
1561,1789975402.582704,409,634,735,777,726,763,785,765,700,415,483,546,617,559,571,487,517,504,541,593,570,487,392,287,0,611,919,871,751,806,947,501,aro0921,sitting_straight,1
1562,1789975402.602689,427,619,726,745,743,781,782,739,692,413,491,552,614,551,605,506,504,525,527,601,591,491,423,325,0,572,924,869,773,820,918,542,aro0921,sitting_straight,1
1563,1789975402.622671,413,639,723,749,745,775,795,749,703,397,457,549,601,543,603,487,507,505,543,571,579,469,412,301,0,604,935,891,732,843,911,500,aro0921,sitting_straight,1
1564,1789975402.642701,412,623,721,765,745,749,796,773,691,407,471,565,615,544,606,501,535,499,537,571,572,459,375,329,0,567,952,861,725,837,948,535,aro0921,sitting_straight,1
1565,1789975402.662681,409,649,725,747,725,777,792,747,713,420,487,563,581,548,603,504,504,524,534,559,553,469,398,307,0,564,922,905,764,825,937,537,aro0921,sitting_straight,1
1566,1789975402.682690,399,631,725,775,747,777,789,745,695,416,463,539,613,541,601,487,517,519,549,594,583,467,409,307,0,567,979,873,731,847,890,493,aro0921,sitting_straight,1
1567,1789975402.702693,413,631,748,776,725,761,795,740,713,398,487,571,579,567,559,521,517,537,543,599,587,467,429,347,0,564,917,913,759,825,948,507,aro0921,sitting_straight,1
1568,1789975402.722715,420,632,731,761,737,763,796,751,701,408,469,563,600,557,590,489,508,521,532,581,568,463,398,318,0,583,941,883,745,827,920,519,aro0921,sitting_straight,1
1569,1789975402.742699,424,639,729,746,735,757,787,765,712,423,469,563,601,555,594,499,527,533,527,583,555,476,403,325,0,581,939,885,755,805,939,537,aro0921,sitting_straight,1
1570,1789975402.762693,413,622,733,773,726,777,786,743,717,405,461,542,604,573,569,501,541,507,541,595,551,479,391,313,0,574,949,877,731,855,941,509,aro0921,sitting_straight,1
1571,1789975402.782703,409,647,739,751,747,776,797,767,697,404,453,548,581,573,595,492,504,500,495,581,551,460,418,299,0,601,953,873,748,858,947,517,aro0921,sitting_straight,1
1572,1789975402.802729,409,630,739,759,731,746,788,748,701,419,462,549,581,555,569,499,539,542,523,562,554,471,395,347,0,569,927,908,777,853,949,531,aro0921,sitting_straight,1
1573,1789975402.822713,427,637,741,749,727,773,796,773,695,403,471,567,601,553,571,485,543,499,537,571,588,469,399,307,0,605,927,863,708,805,949,507,aro0921,sitting_straight,1
1574,1789975402.842728,419,621,725,756,749,779,811,739,687,411,454,587,583,574,569,485,540,535,540,571,569,447,419,298,0,603,953,906,745,819,952,504,aro0921,sitting_straight,1
1575,1789975402.862711,435,627,728,775,731,745,792,761,719,407,471,584,612,543,604,495,525,525,509,563,587,471,409,341,0,604,967,868,774,841,908,493,aro0921,sitting_straight,1
1576,1789975402.882733,392,623,725,773,725,772,803,745,715,397,488,581,599,555,581,494,524,519,553,564,591,467,395,311,0,570,925,915,747,823,949,509,aro0921,sitting_straight,1
1577,1789975402.902725,407,628,717,773,749,750,799,759,703,407,475,557,581,563,570,509,522,505,507,589,589,445,364,295,20,559,966,888,739,809,949,539,aro0921,sitting_straight,1
1578,1789975402.922711,413,622,727,755,739,749,789,759,695,419,490,549,583,547,579,503,543,535,505,568,587,472,377,308,0,559,927,901,767,813,941,529,aro0921,sitting_straight,1
1579,1789975402.942689,411,653,744,755,725,781,779,764,713,409,486,541,597,547,607,527,503,521,505,603,551,471,391,302,0,553,943,877,745,819,891,553,aro0921,sitting_straight,1
1580,1789975402.962683,422,631,741,761,735,761,797,750,709,407,456,565,601,558,589,499,530,521,529,580,568,460,391,325,0,598,941,891,749,829,927,508,aro0921,sitting_straight,1
1581,1789975402.982702,421,633,731,760,734,763,803,757,695,413,473,567,603,554,589,508,529,519,529,585,585,457,378,313,0,585,939,883,761,843,921,505,aro0921,sitting_straight,1
1582,1789975403.002703,435,621,733,777,747,749,795,743,693,411,447,551,585,539,595,483,543,495,552,597,581,459,373,344,0,603,919,910,729,823,922,487,aro0921,sitting_straight,1
1583,1789975403.022718,415,647,739,748,733,751,803,757,713,395,461,552,573,541,601,492,537,529,544,557,583,483,397,345,0,598,971,875,757,821,911,499,aro0921,sitting_straight,1
1584,1789975403.042706,413,651,715,749,751,747,807,755,699,420,456,549,593,580,595,496,503,521,517,597,538,456,389,344,0,573,955,904,748,851,927,499,aro0921,sitting_straight,1
1585,1789975403.062729,426,628,731,767,739,776,789,759,701,399,457,583,595,559,604,490,531,501,548,593,552,475,405,313,0,573,959,896,763,839,936,533,aro0921,sitting_straight,1
1586,1789975403.082703,420,629,724,775,741,762,790,757,715,396,458,549,616,538,609,507,533,501,534,600,559,467,377,335,0,573,941,868,735,806,917,551,aro0921,sitting_straight,1
1587,1789975403.102791,431,614,741,761,749,741,777,751,693,415,455,554,603,571,567,489,505,536,551,596,573,482,363,349,0,563,919,883,779,807,886,526,aro0921,sitting_straight,1
1588,1789975403.122720,415,619,727,755,744,773,795,759,713,411,489,567,598,551,615,495,542,523,507,575,561,467,410,333,0,583,957,869,755,811,890,487,aro0921,sitting_straight,1
1589,1789975403.142733,424,648,725,747,735,755,797,745,695,401,493,569,575,575,583,505,503,522,551,555,583,485,373,307,0,596,969,875,732,855,931,491,aro0921,sitting_straight,1
1590,1789975403.162753,423,631,742,760,744,765,797,751,699,405,455,551,599,549,589,501,519,517,522,575,567,462,397,317,0,605,941,878,748,829,941,527,aro0921,sitting_straight,1
1591,1789975403.182751,419,635,729,763,739,763,793,755,691,401,471,567,599,560,583,504,523,517,529,573,579,473,397,310,0,587,940,885,747,811,857,541,aro0921,sitting_straight,1
1592,1789975403.202698,437,639,745,761,747,774,783,761,699,403,491,558,623,571,600,483,501,495,509,581,579,482,363,291,0,585,943,911,758,807,959,542,aro0921,sitting_straight,1
1593,1789975403.222686,415,639,725,775,743,755,785,743,715,398,447,587,611,573,568,517,529,531,505,597,550,469,407,339,0,555,935,909,777,855,889,509,aro0921,sitting_straight,1
1594,1789975403.242732,435,636,746,756,719,776,789,743,699,426,461,563,615,562,574,507,509,529,517,591,573,484,425,299,0,594,925,883,733,811,925,493,aro0921,sitting_straight,1
1595,1789975403.262702,421,647,741,759,738,745,807,747,711,393,455,583,597,549,572,487,537,501,537,567,563,443,405,312,0,571,941,863,776,843,925,539,aro0921,sitting_straight,1
1596,1789975403.282719,435,635,727,749,746,777,795,750,699,397,457,553,601,561,589,503,541,523,549,559,571,474,371,335,0,588,944,856,767,827,942,547,aro0921,sitting_straight,1
1597,1789975403.302720,428,629,737,751,729,787,797,739,693,392,445,567,619,535,567,493,507,493,503,559,549,479,413,349,0,566,946,910,727,796,921,495,aro0921,sitting_straight,1
1598,1789975403.322701,439,631,741,776,748,755,811,745,712,397,487,586,571,543,575,499,509,507,493,594,552,471,383,299,0,593,967,906,731,823,948,487,aro0921,sitting_straight,1
1599,1789975403.342695,425,621,715,755,731,755,789,729,697,393,459,568,595,563,569,505,540,537,534,596,586,476,383,300,0,595,923,861,759,805,942,519,aro0921,sitting_straight,1
1600,1789975403.362713,419,632,727,761,729,779,807,763,717,415,466,557,585,539,583,485,517,533,544,595,585,453,390,339,0,588,905,860,751,853,931,537,aro0921,sitting_straight,1
1601,1789975403.382736,415,627,745,776,739,757,780,767,683,409,455,582,583,571,580,485,502,503,532,557,584,452,413,338,0,568,953,878,741,811,919,536,aro0921,sitting_straight,1
1602,1789975403.402723,435,639,731,756,748,752,810,767,717,403,479,565,595,549,604,495,537,491,533,583,565,437,377,295,0,569,971,904,755,829,959,541,aro0921,sitting_straight,1
1603,1789975403.422685,431,647,730,761,727,777,786,742,697,415,470,556,606,556,607,491,535,518,517,564,559,477,415,339,0,600,973,878,733,820,895,479,aro0921,sitting_straight,1
1604,1789975403.442715,425,648,716,751,750,767,799,755,701,409,487,551,632,571,584,501,504,519,550,555,569,463,397,342,0,560,917,875,749,829,915,519,aro0921,sitting_straight,1
1605,1789975403.462720,414,633,731,760,735,761,797,755,701,408,477,559,601,556,594,500,529,519,533,581,569,458,397,316,0,587,947,883,749,827,923,525,aro0921,sitting_straight,1
1606,1789975403.482710,411,629,728,773,743,761,787,763,701,421,473,581,581,559,573,504,507,506,542,563,569,469,415,327,0,589,955,873,726,805,928,495,aro0921,sitting_straight,1
1607,1789975403.502730,431,633,731,749,742,747,799,765,717,415,457,553,580,583,585,506,505,494,531,571,550,472,395,296,0,583,965,886,777,831,951,555,aro0921,sitting_straight,1
1608,1789975403.522697,413,647,726,779,733,778,799,767,704,421,467,573,617,572,607,517,508,501,521,598,563,459,375,311,0,567,928,869,739,838,935,525,aro0921,sitting_straight,1
1609,1789975403.542683,439,619,743,756,725,751,795,756,692,421,487,557,597,575,584,521,503,494,536,587,569,461,375,313,0,569,921,915,739,856,937,506,aro0921,sitting_straight,1
1610,1789975403.562713,427,647,719,763,751,759,810,751,709,397,456,569,610,559,569,517,507,533,549,558,573,439,389,340,0,601,942,861,757,811,907,539,aro0921,sitting_straight,1
1611,1789975403.582721,421,645,719,749,731,765,809,763,703,411,487,565,605,573,589,519,523,517,520,599,588,441,416,311,0,565,925,904,746,812,901,495,aro0921,sitting_straight,1
1612,1789975403.602720,438,631,729,762,729,777,787,744,716,399,490,559,611,575,581,505,503,533,502,599,587,469,377,337,0,583,918,903,729,807,906,540,aro0921,sitting_straight,1
1613,1789975403.622700,414,645,723,775,745,761,805,765,695,399,489,552,605,544,605,483,534,506,519,598,585,469,393,312,0,559,920,853,750,846,937,489,aro0921,sitting_straight,1
1614,1789975403.642707,415,650,723,778,723,767,808,761,725,409,471,549,603,547,605,518,548,518,551,549,568,467,410,333,0,613,955,914,757,823,904,522,aro0921,sitting_straight,1
1615,1789975403.662685,424,633,733,760,739,763,798,759,699,409,472,562,599,559,593,499,527,509,507,583,569,461,395,317,0,584,939,887,747,824,923,524,aro0921,sitting_straight,1
1616,1789975403.682712,415,627,733,773,737,755,803,731,716,399,474,565,611,546,603,500,539,532,523,567,583,475,405,326,0,586,951,867,749,806,915,519,aro0921,sitting_straight,1
1617,1789975403.702691,411,627,731,774,731,777,805,742,691,415,456,589,597,572,567,501,543,542,537,559,582,443,356,293,0,588,949,909,749,805,911,527,aro0921,sitting_straight,1
1618,1789975403.722691,421,635,743,776,728,756,787,740,703,404,463,583,601,541,602,491,533,535,503,594,551,472,377,331,0,603,925,919,755,845,904,531,aro0921,sitting_straight,1
1619,1789975403.742702,433,632,731,781,725,777,795,767,695,407,473,567,615,575,573,519,504,538,509,557,588,443,403,302,0,613,950,915,751,859,921,489,aro0921,sitting_straight,1
1620,1789975403.762716,433,627,724,767,745,755,807,761,693,413,469,563,616,551,606,489,541,499,538,571,565,441,415,331,0,597,934,869,743,851,940,529,aro0921,sitting_straight,1
1621,1789975403.782723,422,632,741,763,726,765,793,757,715,416,458,549,585,573,597,493,516,504,521,585,559,467,413,300,0,595,955,906,757,853,943,499,aro0921,sitting_straight,1
1622,1789975403.802685,437,635,739,745,749,776,798,740,717,399,495,549,579,547,612,487,501,541,523,590,555,454,414,299,0,597,971,888,747,805,911,527,aro0921,sitting_straight,1
1623,1789975403.822722,415,653,732,751,741,776,799,762,696,405,441,587,615,566,584,507,540,521,537,600,573,453,415,307,0,579,919,887,732,851,936,507,aro0921,sitting_straight,1
1624,1789975403.842711,409,636,745,778,744,749,783,763,687,412,453,562,609,559,607,494,503,501,542,555,588,489,377,326,0,583,953,911,777,807,915,501,aro0921,sitting_straight,1
1625,1789975403.862689,423,635,731,762,739,761,799,751,702,408,472,566,600,557,587,502,521,520,535,573,582,460,402,325,0,585,941,889,763,827,922,518,aro0921,sitting_straight,1
1626,1789975403.882731,425,623,730,751,735,777,795,756,693,424,487,565,605,563,589,495,529,531,509,583,543,455,408,315,0,587,923,886,755,812,924,521,aro0921,sitting_straight,1
1627,1789975403.902755,421,653,741,775,741,743,806,742,693,411,457,583,611,564,610,521,547,499,517,597,588,460,377,300,0,565,943,918,747,795,932,521,aro0921,sitting_straight,1
1628,1789975403.922695,437,625,718,776,723,759,809,762,713,409,488,573,586,568,581,494,507,519,519,581,558,442,413,303,0,607,965,861,746,855,937,521,aro0921,sitting_straight,1
1629,1789975403.942718,413,647,719,765,747,773,791,757,715,415,473,572,615,563,570,524,520,506,543,587,568,447,413,329,0,563,921,907,757,825,815,495,aro0921,sitting_straight,1
1630,1789975403.962740,431,649,731,750,733,775,791,741,717,413,489,549,587,569,575,504,507,539,529,587,553,475,389,331,0,600,923,867,757,803,905,541,aro0921,sitting_straight,1
1631,1789975403.982705,427,629,743,775,733,749,807,749,713,419,489,558,588,568,611,489,475,499,508,583,586,440,404,311,0,565,953,906,740,809,952,495,aro0921,sitting_straight,1
1632,1789975404.002696,407,633,745,779,751,755,805,760,691,409,485,587,626,573,609,461,529,508,502,599,604,447,380,311,0,589,925,911,729,831,977,487,aro0921,sitting_straight,1
1633,1789975404.022717,422,621,743,762,729,757,787,761,697,419,472,555,583,571,579,500,544,499,507,585,555,475,381,344,0,611,936,905,732,855,893,493,aro0921,sitting_straight,1
1634,1789975404.042732,413,622,744,773,745,762,796,744,701,409,487,563,605,547,609,489,536,510,531,558,581,459,397,325,0,559,935,867,755,827,923,499,aro0921,sitting_straight,1
1635,1789975404.062690,415,634,731,760,733,751,797,754,701,411,472,556,595,556,589,501,525,521,534,575,571,460,395,317,0,585,941,885,751,828,915,521,aro0921,sitting_straight,1
1636,1789975404.082742,408,621,741,749,725,751,808,760,731,402,467,553,617,549,599,489,527,536,551,587,495,461,377,309,0,604,951,903,781,843,909,496,aro0921,sitting_straight,1
1637,1789975404.102724,415,620,735,767,730,751,804,743,717,403,489,587,599,582,589,525,507,541,527,581,559,446,413,344,0,599,965,861,731,824,895,543,aro0921,sitting_straight,1
1638,1789975404.122697,435,631,742,765,743,775,799,749,712,405,455,581,615,575,580,485,543,495,543,581,555,457,414,327,0,582,915,889,765,825,905,503,aro0921,sitting_straight,1
1639,1789975404.142757,409,647,719,748,751,759,813,762,691,399,397,575,613,523,587,523,543,503,540,555,555,441,395,340,0,559,955,869,729,859,904,505,aro0921,sitting_straight,1
1640,1789975404.162767,421,637,731,767,739,749,805,759,697,423,489,551,613,543,603,493,507,499,543,585,554,447,415,341,0,567,922,885,776,857,893,499,aro0921,sitting_straight,1
1641,1789975404.182723,435,621,724,756,744,748,809,749,691,419,494,583,573,539,605,487,533,507,549,593,550,444,403,339,0,587,921,933,773,855,895,535,aro0921,sitting_straight,1
1642,1789975404.202755,409,645,741,767,727,752,805,757,717,407,459,542,623,551,585,489,540,539,505,580,558,459,412,332,0,603,931,885,776,846,885,487,aro0921,sitting_straight,1
1643,1789975404.222749,431,648,740,751,737,777,797,747,693,397,462,587,611,574,599,491,529,529,541,563,569,467,375,331,0,601,939,875,733,850,905,541,aro0921,sitting_straight,1
1644,1789975404.242722,423,650,723,763,727,755,793,751,703,409,455,555,623,582,596,484,503,499,551,557,567,460,408,295,0,607,921,885,752,829,927,533,aro0921,sitting_straight,1
1645,1789975404.262703,424,634,731,759,735,762,799,755,703,409,471,581,597,558,589,495,523,521,525,584,571,463,396,315,0,581,941,885,752,823,931,508,aro0921,sitting_straight,1
1646,1789975404.282718,411,623,729,763,725,755,793,765,715,413,475,553,585,551,582,519,540,520,543,564,555,456,411,329,0,584,936,867,779,839,905,491,aro0921,sitting_straight,1
1647,1789975404.302724,411,619,739,747,729,766,805,765,723,421,484,555,605,571,603,485,529,517,541,547,569,447,377,309,0,600,921,877,779,824,943,476,aro0921,sitting_straight,1
1648,1789975404.322703,430,637,723,748,743,750,807,747,712,403,463,585,603,543,591,507,532,500,539,564,552,447,377,331,0,565,923,867,751,851,921,501,aro0921,sitting_straight,1
1649,1789975404.342715,421,649,719,775,723,751,777,765,699,397,473,547,616,567,613,507,548,533,551,567,559,479,373,313,0,601,939,914,783,855,947,519,aro0921,sitting_straight,1
1650,1789975404.362727,425,647,741,775,731,763,808,741,721,419,479,547,604,549,575,501,521,521,521,595,567,441,389,301,0,612,965,911,730,847,952,487,aro0921,sitting_straight,1
1651,1789975404.382714,431,623,733,757,741,759,805,763,713,403,463,575,581,539,597,501,541,541,517,593,557,455,411,338,0,569,926,918,759,807,911,539,aro0921,sitting_straight,1
1652,1789975404.402845,413,619,722,763,742,751,808,745,717,409,491,557,581,540,605,491,537,536,509,601,556,439,378,306,0,602,936,869,745,809,942,487,aro0921,sitting_straight,1
1653,1789975404.422818,431,651,733,759,744,761,821,743,715,407,494,549,611,573,605,489,533,532,525,601,551,441,375,297,0,569,941,906,742,839,937,490,aro0921,sitting_straight,1
1654,1789975404.442764,436,636,728,749,743,759,797,743,693,405,445,588,622,559,567,517,508,493,501,575,588,469,411,287,0,567,933,907,743,807,946,504,aro0921,sitting_straight,1
1655,1789975404.461923,411,622,718,767,739,759,793,739,692,413,467,583,583,553,571,520,529,517,535,565,587,494,405,301,0,603,969,890,735,811,941,527,aro0921,sitting_straight,1
1656,1789975404.481817,430,649,729,759,739,776,807,758,703,401,435,572,617,539,603,499,550,535,543,562,557,447,367,345,0,565,941,902,765,851,905,529,aro0921,sitting_straight,1
1657,1789975404.501792,411,619,731,764,729,760,797,766,691,397,456,571,575,543,567,505,521,489,531,557,571,461,344,341,0,587,948,867,745,855,917,539,aro0921,sitting_straight,1
1658,1789975404.521782,430,621,729,778,747,773,821,747,693,420,471,573,621,579,575,519,519,505,539,571,575,445,389,307,0,555,931,905,741,811,926,499,aro0921,sitting_straight,1
1659,1789975404.542768,423,633,731,759,739,761,796,757,703,407,499,565,599,563,589,499,523,521,531,581,567,458,397,318,0,613,937,885,755,829,925,517,aro0921,sitting_straight,1
1660,1789975404.562749,431,631,731,749,733,761,795,747,717,409,473,565,585,547,581,517,531,533,536,574,551,466,393,339,0,587,953,872,749,849,901,496,aro0921,sitting_straight,1
1661,1789975404.582146,423,627,724,757,733,759,810,747,714,407,463,581,585,543,585,519,532,507,506,599,559,453,378,303,0,604,956,875,743,853,942,509,aro0921,sitting_straight,1
1662,1789975404.602656,419,633,727,767,746,781,792,739,687,401,467,582,575,585,606,495,542,493,504,552,573,483,396,339,0,559,933,859,743,805,892,541,aro0921,sitting_straight,1
1663,1789975404.622735,424,621,718,747,730,773,811,741,697,413,460,583,575,539,584,517,547,537,537,563,569,441,389,295,0,559,971,873,757,844,943,485,aro0921,sitting_straight,1
1664,1789975404.642743,411,635,733,764,749,779,783,752,695,401,487,565,583,551,573,517,520,535,547,585,563,488,389,312,21,583,948,869,729,855,913,539,aro0921,sitting_straight,1
1665,1789975404.662747,409,621,741,755,747,757,811,761,716,419,489,583,601,541,574,489,507,526,539,575,585,471,403,300,0,589,936,887,767,807,917,509,aro0921,sitting_straight,1
1666,1789975404.682725,431,645,743,747,725,763,789,745,711,399,486,595,597,559,607,485,533,533,539,569,569,476,409,301,0,587,957,871,773,815,925,533,aro0921,sitting_straight,1
1667,1789975404.702720,403,637,729,778,746,767,794,777,731,397,463,571,600,539,584,503,545,483,533,567,597,465,421,313,0,556,937,858,786,807,945,530,aro0921,sitting_straight,1
1668,1789975404.722750,429,651,731,775,740,779,787,739,712,399,483,539,605,574,601,491,539,533,525,607,563,462,410,327,0,589,917,870,756,861,908,535,aro0921,sitting_straight,1
1669,1789975404.742741,423,633,732,759,737,765,795,751,701,411,483,567,597,563,591,504,529,537,533,579,567,459,399,324,0,585,941,886,760,827,920,506,aro0921,sitting_straight,1
1670,1789975404.762720,421,627,731,748,735,756,797,758,712,421,471,567,605,571,586,502,531,501,519,569,584,445,394,325,0,585,925,883,777,819,934,531,aro0921,sitting_straight,1
1671,1789975404.782744,421,621,745,751,742,765,787,765,695,406,469,570,598,581,587,499,507,508,538,565,575,455,405,341,0,559,923,871,739,840,905,531,aro0921,sitting_straight,1
1672,1789975404.802754,421,652,717,777,723,776,782,745,711,427,477,541,600,547,585,533,540,547,555,591,587,472,413,315,0,603,973,913,743,799,902,524,aro0921,sitting_straight,1
1673,1789975404.822718,432,633,717,745,733,761,791,743,712,421,446,579,600,549,589,520,541,531,520,595,565,469,413,301,0,603,966,858,730,815,937,489,aro0921,sitting_straight,1
1674,1789975404.842699,422,649,743,718,731,751,791,761,715,409,457,585,615,548,603,483,534,505,508,563,565,483,413,338,0,613,951,863,739,809,901,539,aro0921,sitting_straight,1
1675,1789975404.862728,421,649,745,749,725,773,786,751,695,410,463,569,611,565,581,503,518,529,544,560,587,479,399,338,0,607,921,875,739,809,901,535,aro0921,sitting_straight,1
1676,1789975404.882724,407,631,729,775,741,757,811,765,697,423,487,555,622,571,569,504,509,495,536,572,567,440,422,303,0,559,921,885,782,853,952,479,aro0921,sitting_straight,1
1677,1789975404.902741,410,649,731,775,741,759,791,773,721,421,459,583,623,550,603,489,507,503,539,585,565,467,415,301,0,568,917,873,776,797,948,479,aro0921,sitting_straight,1
1678,1789975404.922779,431,634,725,747,727,773,788,747,680,405,476,543,621,575,601,489,529,507,519,587,551,477,415,333,0,605,921,895,775,821,937,503,aro0921,sitting_straight,1
1679,1789975404.942781,422,635,731,759,735,761,793,743,702,411,477,566,599,569,589,503,527,520,531,581,571,461,395,327,0,586,939,887,757,825,918,508,aro0921,sitting_straight,1
1680,1789975404.962709,421,639,731,751,734,757,782,763,693,413,473,566,605,569,589,503,517,508,549,564,586,476,395,339,0,583,941,892,743,813,921,518,aro0921,sitting_straight,1
1681,1789975404.982797,411,627,724,772,735,757,795,767,719,407,487,564,597,547,573,489,508,505,538,565,551,446,409,313,0,611,967,902,739,858,903,517,aro0921,sitting_straight,1
1682,1789975405.002818,431,639,729,746,744,756,808,743,700,402,478,572,579,541,573,517,530,529,525,597,508,443,407,335,0,564,971,886,755,821,924,501,aro0921,sitting_straight,1
1683,1789975405.022729,431,633,725,758,745,756,798,743,695,398,490,567,587,553,595,507,541,505,507,575,557,476,397,328,0,573,971,869,739,840,935,519,aro0921,sitting_straight,1
1684,1789975405.042695,431,631,733,745,751,747,799,732,716,395,483,555,580,553,573,501,499,526,551,560,589,455,415,332,0,559,970,877,732,806,913,556,aro0921,sitting_straight,1
1685,1789975405.062738,413,646,723,767,743,773,783,763,697,420,492,562,611,576,586,495,505,499,529,588,589,479,401,307,0,568,914,893,781,799,937,510,aro0921,sitting_straight,1
1686,1789975405.082719,408,647,741,761,735,758,789,762,701,421,457,557,617,547,601,519,507,496,527,587,563,469,395,309,0,595,923,869,757,840,942,495,aro0921,sitting_straight,1
1687,1789975405.102713,435,649,723,763,740,775,787,735,715,419,493,543,597,559,607,505,553,521,509,589,568,477,405,301,0,581,967,913,764,815,946,486,aro0921,sitting_straight,1
1688,1789975405.122730,429,627,715,745,733,751,799,741,699,408,458,588,572,581,591,526,509,533,533,563,567,456,411,342,0,605,947,889,750,823,902,504,aro0921,sitting_straight,1
1689,1789975405.142706,423,631,731,761,729,763,795,754,709,407,470,587,602,563,586,495,529,520,533,585,570,460,393,319,0,585,991,879,757,829,927,507,aro0921,sitting_straight,1
1690,1789975405.162750,427,627,728,747,733,779,803,749,717,407,473,549,617,557,603,501,539,502,521,565,552,445,397,333,0,585,949,905,757,857,893,517,aro0921,sitting_straight,1
1691,1789975405.182727,429,631,731,748,731,764,797,747,695,405,467,554,595,558,569,504,501,527,508,591,587,465,389,285,0,596,935,871,741,825,941,532,aro0921,sitting_straight,1
1692,1789975405.202710,436,627,725,743,743,749,808,739,703,397,463,588,625,538,573,527,536,507,501,587,551,445,375,272,0,563,955,907,735,845,943,494,aro0921,sitting_straight,1
1693,1789975405.222762,424,619,727,760,743,759,809,741,694,397,475,585,575,547,569,509,523,535,507,599,551,439,378,295,0,575,959,885,777,857,937,520,aro0921,sitting_straight,1
1694,1789975405.242742,427,621,745,757,729,751,800,751,701,395,444,575,579,529,591,525,543,521,507,611,556,482,362,308,0,585,969,869,767,855,909,521,aro0921,sitting_straight,1
1695,1789975405.262717,427,648,723,760,741,781,787,767,711,403,487,553,617,564,575,519,519,507,541,607,573,474,397,308,0,571,924,885,781,857,924,505,aro0921,sitting_straight,1
1696,1789975405.282706,423,634,743,748,745,755,789,747,693,412,469,585,599,543,587,487,533,522,551,559,590,472,393,329,0,611,951,867,759,808,919,518,aro0921,sitting_straight,1
1697,1789975405.302728,435,655,733,775,744,779,786,735,691,422,447,585,615,580,602,503,532,539,521,597,575,483,409,301,0,554,923,904,773,827,951,483,aro0921,sitting_straight,1
1698,1789975405.322820,421,649,719,773,744,751,791,761,717,413,494,564,611,552,572,520,535,499,539,574,555,475,413,307,0,567,919,915,766,856,943,493,aro0921,sitting_straight,1
1699,1789975405.341900,427,627,733,749,726,759,797,744,716,402,487,559,587,555,559,499,539,531,541,568,571,457,412,292,0,565,953,908,775,815,957,524,aro0921,sitting_straight,1
1700,1789975405.362772,419,648,723,759,744,765,797,756,703,405,461,575,607,542,581,519,540,527,547,565,551,441,408,333,0,571,936,867,765,852,903,521,aro0921,sitting_straight,1
1701,1789975405.382467,422,633,731,761,727,763,795,751,709,409,471,573,601,558,591,499,529,521,533,581,565,462,399,320,0,563,943,887,756,831,923,517,aro0921,sitting_straight,1
1702,1789975405.402753,424,635,731,759,735,761,783,750,716,407,475,567,600,557,591,499,527,523,531,581,579,483,395,317,0,585,941,889,731,854,924,503,aro0921,sitting_straight,1
1703,1789975405.423199,429,649,739,773,741,757,807,746,709,405,489,555,602,535,569,519,536,495,521,569,549,469,413,342,0,587,937,919,776,851,927,507,aro0921,sitting_straight,1
1704,1789975405.442816,408,648,730,757,731,755,791,740,691,412,477,571,589,549,605,503,522,499,539,597,583,455,389,331,0,602,921,876,748,857,902,495,aro0921,sitting_straight,1
1705,1789975405.462740,419,649,732,765,755,774,806,762,693,392,460,559,603,551,605,501,530,532,519,584,585,443,406,335,0,597,951,871,739,807,902,518,aro0921,sitting_straight,1
1706,1789975405.482869,435,632,719,748,751,764,783,751,703,398,472,587,593,542,581,509,539,519,549,559,581,482,395,291,0,575,920,868,776,815,927,537,aro0921,sitting_straight,1
1707,1789975405.502759,402,635,741,781,748,775,789,761,717,415,491,588,591,569,610,519,550,541,551,574,559,468,389,331,0,593,965,911,803,827,903,483,aro0921,sitting_straight,1
1708,1789975405.522759,425,628,735,766,747,756,807,745,699,407,455,553,603,573,581,490,537,531,519,586,584,440,389,328,0,601,937,862,735,813,905,495,aro0921,sitting_straight,1
1709,1789975405.542715,413,620,733,767,739,773,807,754,703,394,453,583,611,554,584,493,529,541,517,589,565,439,377,319,0,587,932,867,760,843,925,536,aro0921,sitting_straight,1
1710,1789975405.562750,407,647,723,751,748,755,792,764,690,393,462,583,613,543,589,517,540,501,524,571,587,467,373,303,0,567,940,869,728,827,939,546,aro0921,sitting_straight,1
1711,1789975405.582769,419,633,730,761,731,757,793,751,699,403,484,549,599,561,570,507,503,521,530,575,569,461,396,325,0,616,947,821,755,831,925,509,aro0921,sitting_straight,1
1712,1789975405.602733,422,632,733,761,735,763,793,756,701,405,461,564,599,557,589,499,531,521,530,563,587,459,395,318,0,587,943,885,727,821,925,490,aro0921,sitting_straight,1
1713,1789975405.622738,413,620,744,763,741,758,787,733,701,395,477,559,571,585,565,519,532,537,533,559,553,440,383,309,0,559,941,891,773,815,906,534,aro0921,sitting_straight,1
1714,1789975405.642775,407,645,744,775,749,765,791,759,712,395,477,567,584,559,601,507,523,502,539,564,551,472,412,297,0,569,965,907,741,822,938,541,aro0921,sitting_straight,1
1715,1789975405.662707,414,631,720,761,741,773,783,762,715,393,455,579,581,547,597,507,543,517,521,595,583,483,393,335,0,585,959,889,741,819,920,488,aro0921,sitting_straight,1
1716,1789975405.682722,431,621,747,751,743,767,789,743,716,408,491,519,583,580,587,499,503,541,537,585,553,472,412,333,0,597,939,867,780,845,894,537,aro0921,sitting_straight,1
1717,1789975405.702731,399,628,741,773,741,761,789,761,687,401,460,585,572,555,595,484,504,505,535,563,581,469,411,341,0,563,967,906,751,809,895,477,aro0921,sitting_straight,1
1718,1789975405.722721,409,648,730,756,739,771,808,759,701,413,456,585,582,588,581,497,521,505,543,572,564,459,413,301,0,600,941,895,773,843,935,531,aro0921,sitting_straight,1
1719,1789975405.742749,412,639,726,745,751,781,809,760,693,407,447,569,604,565,600,520,503,504,504,599,565,445,403,301,0,603,967,887,755,810,905,543,aro0921,sitting_straight,1
1720,1789975405.762745,405,637,727,775,731,762,783,761,691,407,487,547,601,558,601,509,543,520,549,567,587,476,411,344,0,599,965,908,761,805,917,499,aro0921,sitting_straight,1
1721,1789975405.782711,421,633,738,761,731,761,797,756,701,404,456,581,598,543,584,500,535,520,531,575,567,461,395,317,0,605,933,877,747,837,923,520,aro0921,sitting_straight,1
1722,1789975405.802715,419,639,731,759,741,763,795,747,701,407,469,565,599,559,595,499,529,521,553,579,568,459,397,318,0,587,941,892,749,837,924,533,aro0921,sitting_straight,1
1723,1789975405.822745,409,636,740,776,729,757,799,760,693,395,446,581,595,559,570,516,499,520,548,557,583,455,398,337,0,609,915,914,757,815,915,542,aro0921,sitting_straight,1
1724,1789975405.842726,409,628,718,767,728,749,799,753,713,395,491,553,573,543,586,523,538,537,507,567,555,443,411,327,0,609,971,883,761,845,918,531,aro0921,sitting_straight,1
1725,1789975405.862708,425,649,729,763,729,772,806,747,691,405,474,549,615,531,555,523,529,499,543,599,589,441,418,325,0,610,932,867,749,823,925,503,aro0921,sitting_straight,1
1726,1789975405.882724,425,636,741,749,741,756,787,760,699,414,473,583,606,543,602,493,537,517,519,539,575,453,381,339,0,604,957,872,738,843,903,489,aro0921,sitting_straight,1
1727,1789975405.902773,429,651,723,757,743,751,799,761,715,408,495,547,607,541,587,524,549,537,549,563,551,440,393,334,0,595,915,859,765,861,919,479,aro0921,sitting_straight,1
1728,1789975405.922756,410,629,732,747,723,761,781,745,701,421,467,551,595,573,587,486,505,502,517,587,585,475,407,301,0,603,931,847,731,819,946,529,aro0921,sitting_straight,1
1729,1789975405.942741,409,651,739,763,749,749,782,739,687,413,483,563,571,555,611,487,539,522,551,553,579,467,377,312,0,563,972,893,766,871,877,489,aro0921,sitting_straight,1
1730,1789975405.962766,427,622,719,773,753,751,792,761,691,407,463,573,583,575,575,508,533,499,532,564,585,475,365,333,0,571,923,904,779,811,923,491,aro0921,sitting_straight,1
1731,1789975405.982728,425,645,723,773,741,757,795,751,701,405,485,559,595,571,595,509,517,491,529,581,565,459,393,317,0,565,953,868,751,839,923,519,aro0921,sitting_straight,1
1732,1789975406.002743,421,632,732,760,741,757,793,747,701,405,471,563,599,563,595,503,523,523,529,583,568,459,395,325,0,585,941,888,755,831,926,519,aro0921,sitting_straight,1
1733,1789975406.022742,425,636,741,751,749,777,807,755,713,403,484,586,617,571,585,494,505,496,521,565,552,457,371,339,0,589,925,893,743,809,903,485,aro0921,sitting_straight,1
1734,1789975406.042756,434,637,741,747,746,765,805,739,687,405,409,587,615,571,585,509,507,521,517,597,587,443,380,293,0,559,925,883,775,810,953,529,aro0921,sitting_straight,1
1735,1789975406.062797,407,628,724,773,749,761,807,757,709,396,477,575,586,562,601,501,539,525,549,563,567,463,409,340,0,569,951,906,759,867,893,535,aro0921,sitting_straight,1
1736,1789975406.082755,429,648,738,779,727,767,807,741,715,414,461,555,590,551,562,500,520,501,505,567,573,469,379,319,0,597,969,902,733,824,911,485,aro0921,sitting_straight,1
1737,1789975406.102750,415,615,723,779,727,776,806,746,714,395,461,582,621,553,613,517,523,539,533,567,563,481,397,300,0,617,943,903,780,791,949,547,aro0921,sitting_straight,1
1738,1789975406.122726,409,638,744,773,747,749,807,759,717,415,477,572,617,589,572,505,508,501,532,567,575,439,383,319,0,567,937,917,773,821,923,510,aro0921,sitting_straight,1
1739,1789975406.142743,412,621,723,760,748,749,806,762,715,403,493,567,584,549,573,509,527,493,529,585,559,459,368,327,0,601,955,870,777,845,933,501,aro0921,sitting_straight,1
1740,1789975406.162752,408,627,735,765,747,765,807,755,717,396,475,580,583,543,585,519,533,499,517,597,583,443,393,301,0,569,955,875,766,831,941,540,aro0921,sitting_straight,1
1741,1789975406.182728,419,635,757,761,759,761,796,758,701,407,443,589,601,556,593,494,531,509,530,581,573,463,395,318,0,597,948,878,751,830,923,505,aro0921,sitting_straight,1
1742,1789975406.202759,415,633,731,761,739,760,807,756,695,393,473,568,598,571,589,488,542,525,535,583,569,453,391,317,0,571,939,881,780,859,918,541,aro0921,sitting_straight,1
1743,1789975406.222740,428,648,723,757,732,767,799,735,691,409,456,589,589,543,597,531,532,531,541,571,585,445,381,339,0,567,933,863,745,853,901,499,aro0921,sitting_straight,1
1744,1789975406.242731,429,633,731,756,733,767,787,743,714,421,461,559,616,576,593,487,521,505,509,575,573,471,395,339,0,580,921,895,751,807,951,504,aro0921,sitting_straight,1
1745,1789975406.262786,408,619,731,761,728,755,794,761,716,411,459,543,585,565,597,520,521,523,546,559,549,429,392,325,0,583,927,873,768,855,943,519,aro0921,sitting_straight,1
