frame,timestamp,ch0,ch1,ch2,ch3,ch4,ch5,ch6,ch7,ch8,ch9,ch10,ch11,ch12,ch13,ch14,ch15,ch16,ch17,ch18,ch19,ch20,ch21,ch22,ch23,ch24,ch25,ch26,ch27,ch28,ch29,ch30,ch31,person,posture,trial
0,1789976672.693832,0,0,0,0,0,0,0,0,0,0,0,0,0,0,0,0,0,0,0,0,0,0,0,0,0,0,0,0,0,25,444,739,aro0921,lean_forward,2
1,1789976672.694691,0,0,0,0,0,0,0,0,0,0,0,0,0,0,0,0,0,0,0,0,0,0,0,0,0,0,0,0,0,31,463,725,aro0921,lean_forward,2
2,1789976672.695537,0,0,0,0,0,0,0,0,0,0,0,0,0,0,0,0,0,0,0,0,0,0,0,0,0,0,0,0,0,0,477,733,aro0921,lean_forward,2
3,1789976672.696249,0,0,0,0,0,0,0,0,0,0,0,0,0,0,0,0,0,0,0,0,0,0,0,0,0,0,0,0,0,0,453,740,aro0921,lean_forward,2
4,1789976672.696957,0,0,0,0,0,0,0,0,0,0,0,0,0,0,0,0,0,0,0,0,0,0,0,0,0,0,0,0,0,0,484,746,aro0921,lean_forward,2
5,1789976672.697663,0,0,0,0,0,0,0,0,0,0,0,0,0,0,0,0,0,0,0,0,0,0,0,0,0,0,0,0,0,21,457,741,aro0921,lean_forward,2
6,1789976672.698286,0,0,0,0,0,0,0,0,0,0,0,0,0,0,0,0,0,0,0,0,0,0,0,0,0,0,0,0,0,0,455,731,aro0921,lean_forward,2
7,1789976672.698900,0,0,0,0,0,0,0,0,0,0,0,0,0,0,0,0,0,0,0,0,0,0,0,0,0,0,0,0,0,26,446,726,aro0921,lean_forward,2
8,1789976672.699531,0,0,0,0,0,0,0,0,0,0,0,0,0,0,0,0,0,0,0,0,0,0,0,0,0,0,0,0,0,25,469,725,aro0921,lean_forward,2
9,1789976672.700146,0,0,0,0,0,0,0,0,0,0,0,0,0,0,0,0,0,0,0,0,0,0,0,0,0,0,0,0,0,0,420,746,aro0921,lean_forward,2
10,1789976672.700764,0,0,0,0,0,0,0,0,0,0,0,0,0,0,0,0,0,0,0,0,0,0,0,0,0,0,0,0,0,23,455,731,aro0921,lean_forward,2
11,1789976672.701401,0,0,0,0,0,0,0,0,0,0,0,0,0,0,0,0,0,0,0,0,0,0,0,0,0,0,0,0,0,26,460,729,aro0921,lean_forward,2
12,1789976672.702030,0,0,0,0,0,0,0,0,0,0,0,0,0,0,0,0,0,0,0,0,0,0,0,0,0,0,0,0,0,41,443,719,aro0921,lean_forward,2
13,1789976672.702646,0,0,0,0,0,0,0,0,0,0,0,0,0,0,0,0,0,0,0,0,0,0,0,0,0,0,0,0,0,20,459,731,aro0921,lean_forward,2
14,1789976672.703263,0,0,0,0,0,0,0,0,0,0,0,0,0,0,0,0,0,0,0,0,0,0,0,0,0,0,0,0,0,33,469,729,aro0921,lean_forward,2
15,1789976672.703878,0,0,0,0,0,0,0,0,0,0,0,0,0,0,0,0,0,0,0,0,0,0,0,0,0,0,0,0,0,27,460,740,aro0921,lean_forward,2
16,1789976672.704495,0,0,0,0,0,0,0,0,0,0,0,0,0,0,0,0,0,0,0,0,0,0,0,0,0,0,0,0,0,21,489,763,aro0921,lean_forward,2
17,1789976672.705110,0,0,0,0,0,0,0,0,0,0,0,0,0,0,0,0,0,0,0,0,0,0,0,0,0,0,0,0,0,0,489,779,aro0921,lean_forward,2
18,1789976672.705690,0,0,0,0,0,0,0,0,0,0,0,0,0,0,0,0,0,0,0,0,0,0,0,0,0,0,0,0,0,24,471,765,aro0921,lean_forward,2
19,1789976672.706237,0,0,0,0,0,0,0,0,0,0,0,0,0,0,0,0,0,0,0,0,0,0,0,0,0,0,0,0,0,31,479,763,aro0921,lean_forward,2
20,1789976672.706781,0,0,0,0,0,0,0,0,0,0,0,0,0,0,0,0,0,0,0,0,0,0,0,0,0,0,0,0,0,0,483,761,aro0921,lean_forward,2
21,1789976672.707340,0,0,0,0,0,0,0,0,0,0,0,0,0,0,0,0,0,0,0,0,0,0,0,0,0,0,0,0,0,21,485,764,aro0921,lean_forward,2
22,1789976672.707886,0,0,0,0,0,0,0,0,0,0,0,0,0,0,0,0,0,0,0,0,0,0,0,0,0,0,0,0,0,0,494,789,aro0921,lean_forward,2
23,1789976672.708435,0,0,0,0,0,0,0,0,0,0,0,0,0,0,0,0,0,0,0,0,0,0,0,0,0,0,0,0,0,25,483,763,aro0921,lean_forward,2
24,1789976672.708991,0,0,0,0,0,0,0,0,0,0,0,0,0,0,0,0,0,0,0,0,0,0,0,0,0,0,0,0,0,0,473,783,aro0921,lean_forward,2
25,1789976672.709685,0,0,0,0,0,0,0,0,0,0,0,0,0,0,0,0,0,0,0,0,0,0,0,0,0,0,0,0,0,0,495,779,aro0921,lean_forward,2
26,1789976672.710397,0,0,0,0,0,0,0,0,0,0,0,0,0,0,0,0,0,0,0,0,0,0,0,0,0,0,0,0,0,0,507,790,aro0921,lean_forward,2
27,1789976672.711072,0,0,0,0,0,0,0,0,0,0,0,0,0,0,0,0,0,0,0,0,0,0,0,0,0,0,0,0,0,0,489,793,aro0921,lean_forward,2
28,1789976672.711675,0,0,0,0,0,0,0,0,0,0,0,0,0,0,0,0,0,0,0,0,0,0,0,0,0,0,0,0,0,0,488,773,aro0921,lean_forward,2
29,1789976672.712231,0,0,0,0,0,0,0,0,0,0,0,0,0,0,0,0,0,0,0,0,0,0,0,0,0,0,0,0,0,23,503,757,aro0921,lean_forward,2
30,1789976672.712796,0,0,0,0,0,0,0,0,0,0,0,0,0,0,0,0,0,0,0,0,0,0,0,0,0,0,0,0,0,0,483,785,aro0921,lean_forward,2
31,1789976672.713359,0,0,0,0,0,0,0,0,0,0,0,0,0,0,0,0,0,0,0,0,0,0,0,0,0,0,0,0,0,0,471,792,aro0921,lean_forward,2
32,1789976672.713929,0,0,0,0,0,0,0,0,0,0,0,0,0,0,0,0,0,0,0,0,0,0,0,0,0,0,0,0,0,0,493,795,aro0921,lean_forward,2
33,1789976672.714484,0,0,0,0,0,0,0,0,0,0,0,0,0,0,0,0,0,0,0,0,0,0,0,0,0,0,0,0,0,27,491,773,aro0921,lean_forward,2
34,1789976672.715051,0,0,0,0,0,0,0,0,0,0,0,0,0,0,0,0,0,0,0,0,0,0,0,0,0,0,0,0,0,30,503,782,aro0921,lean_forward,2
35,1789976672.715609,0,0,0,0,0,0,0,0,0,0,0,0,0,0,0,0,0,0,0,0,0,0,0,0,0,0,0,0,0,25,491,762,aro0921,lean_forward,2
36,1789976672.716171,0,0,0,0,0,0,0,0,0,0,0,0,0,0,0,0,0,0,0,0,0,0,0,0,0,0,0,0,0,36,520,747,aro0921,lean_forward,2
37,1789976672.716737,0,0,0,0,0,0,0,0,0,0,0,0,0,0,0,0,0,0,0,0,0,0,0,0,0,0,0,0,0,0,493,785,aro0921,lean_forward,2
38,1789976672.717294,0,0,0,0,0,0,0,0,0,0,0,0,0,0,0,0,0,0,0,0,0,0,0,0,0,0,0,0,0,22,471,775,aro0921,lean_forward,2
39,1789976672.717878,0,0,0,0,0,0,0,0,0,0,0,0,0,0,0,0,0,0,0,0,0,0,0,0,0,0,0,0,0,0,494,777,aro0921,lean_forward,2
40,1789976672.718460,0,0,0,0,0,0,0,0,0,0,0,0,0,0,0,0,0,0,0,0,0,0,0,0,0,0,0,0,0,0,475,763,aro0921,lean_forward,2
41,1789976672.719027,0,0,0,0,0,0,0,0,0,0,0,0,0,0,0,0,0,0,0,0,0,0,0,0,0,0,0,0,0,29,495,787,aro0921,lean_forward,2
42,1789976672.719553,0,0,0,0,0,0,0,0,0,0,0,0,0,0,0,0,0,0,0,0,0,0,0,0,0,0,0,0,0,22,473,751,aro0921,lean_forward,2
43,1789976672.720047,0,0,0,0,0,0,0,0,0,0,0,0,0,0,0,0,0,0,0,0,0,0,0,0,0,0,0,0,0,30,479,760,aro0921,lean_forward,2
44,1789976672.720533,0,0,0,0,0,0,0,0,0,0,0,0,0,0,0,0,0,0,0,0,0,0,0,0,0,0,0,0,0,0,473,773,aro0921,lean_forward,2
45,1789976672.721019,0,0,0,0,0,0,0,0,0,0,0,0,0,0,0,0,0,0,0,0,0,0,0,0,0,0,0,0,0,27,473,767,aro0921,lean_forward,2
46,1789976672.721516,0,0,0,0,0,0,0,0,0,0,0,0,0,0,0,0,0,0,0,0,0,0,0,0,0,0,0,0,0,23,487,764,aro0921,lean_forward,2
47,1789976672.722004,0,0,0,0,0,0,0,0,0,0,0,0,0,0,0,0,0,0,0,0,0,0,0,0,0,0,0,0,0,41,506,760,aro0921,lean_forward,2
48,1789976672.722506,0,0,0,0,0,0,0,0,0,0,0,0,0,0,0,0,0,0,0,0,0,0,0,0,0,0,0,0,0,20,477,789,aro0921,lean_forward,2
49,1789976672.722989,0,0,0,0,0,0,0,0,0,0,0,0,0,0,0,0,0,0,0,0,0,0,0,0,0,0,0,0,0,0,491,789,aro0921,lean_forward,2
50,1789976672.723484,0,0,0,0,0,0,0,0,0,0,0,0,0,0,0,0,0,0,0,0,0,0,0,0,0,0,0,0,0,0,457,765,aro0921,lean_forward,2
51,1789976672.723972,0,0,0,0,0,0,0,0,0,0,0,0,0,0,0,0,0,0,0,0,0,0,0,0,0,0,0,0,0,29,463,758,aro0921,lean_forward,2
52,1789976672.724491,0,0,0,0,0,0,0,0,0,0,0,0,0,0,0,0,0,0,0,0,0,0,0,0,0,0,0,0,0,0,441,799,aro0921,lean_forward,2
53,1789976672.724987,0,0,0,0,0,0,0,0,0,0,0,0,0,0,0,0,0,0,0,0,0,0,0,0,0,0,0,0,0,25,461,757,aro0921,lean_forward,2
54,1789976672.725448,0,0,0,0,0,0,0,0,0,0,0,0,0,0,0,0,0,0,0,0,0,0,0,0,0,0,0,0,0,0,459,762,aro0921,lean_forward,2
55,1789976672.725891,0,0,0,0,0,0,0,0,0,0,0,0,0,0,0,0,0,0,0,0,0,0,0,0,0,0,0,0,0,35,477,763,aro0921,lean_forward,2
56,1789976672.726323,0,0,0,0,0,0,0,0,0,0,0,0,0,0,0,0,0,0,0,0,0,0,0,0,0,0,0,0,0,24,473,751,aro0921,lean_forward,2
57,1789976672.726761,0,0,0,0,0,0,0,0,0,0,0,0,0,0,0,0,0,0,0,0,0,0,0,0,0,0,0,0,0,40,483,751,aro0921,lean_forward,2
58,1789976672.727195,0,0,0,0,0,0,0,0,0,0,0,0,0,0,0,0,0,0,0,0,0,0,0,0,0,0,0,0,0,0,468,776,aro0921,lean_forward,2
59,1789976672.727624,0,0,0,0,0,0,0,0,0,0,0,0,0,0,0,0,0,0,0,0,0,0,0,0,0,0,0,0,0,0,475,767,aro0921,lean_forward,2
60,1789976672.728061,0,0,0,0,0,0,0,0,0,0,0,0,0,0,0,0,0,0,0,0,0,0,0,0,0,0,0,0,0,0,487,781,aro0921,lean_forward,2
61,1789976672.728491,0,0,0,0,0,0,0,0,0,0,0,0,0,0,0,0,0,0,0,0,0,0,0,0,0,0,0,0,0,25,491,765,aro0921,lean_forward,2
62,1789976672.728926,0,0,0,0,0,0,0,0,0,0,0,0,0,0,0,0,0,0,0,0,0,0,0,0,0,0,0,0,0,40,473,745,aro0921,lean_forward,2
63,1789976672.729356,0,0,0,0,0,0,0,0,0,0,0,0,0,0,0,0,0,0,0,0,0,0,0,0,0,0,0,0,0,0,475,763,aro0921,lean_forward,2
64,1789976672.729798,0,0,0,0,0,0,0,0,0,0,0,0,0,0,0,0,0,0,0,0,0,0,0,0,0,0,0,0,0,0,485,779,aro0921,lean_forward,2
65,1789976672.730226,0,0,0,0,0,0,0,0,0,0,0,0,0,0,0,0,0,0,0,0,0,0,0,0,0,0,0,0,0,20,486,765,aro0921,lean_forward,2
66,1789976672.730666,0,0,0,0,0,0,0,0,0,0,0,0,0,0,0,0,0,0,0,0,0,0,0,0,0,0,0,0,0,24,485,765,aro0921,lean_forward,2
67,1789976672.731097,0,0,0,0,0,0,0,0,0,0,0,0,0,0,0,0,0,0,0,0,0,0,0,0,0,0,0,0,0,20,494,782,aro0921,lean_forward,2
68,1789976672.731482,0,0,0,0,0,0,0,0,0,0,0,0,0,0,0,0,0,0,0,0,0,0,0,0,0,0,0,0,0,0,479,777,aro0921,lean_forward,2
69,1789976672.731872,0,0,0,0,0,0,0,0,0,0,0,0,0,0,0,0,0,0,0,0,0,0,0,0,0,0,0,0,0,0,492,754,aro0921,lean_forward,2
70,1789976672.732253,0,0,0,0,0,0,0,0,0,0,0,0,0,0,0,0,0,0,0,0,0,0,0,0,0,0,0,0,0,0,485,791,aro0921,lean_forward,2
71,1789976672.732653,0,0,0,0,0,0,0,0,0,0,0,0,0,0,0,0,0,0,0,0,0,0,0,0,0,0,0,0,0,22,491,767,aro0921,lean_forward,2
72,1789976672.733032,0,0,0,0,0,0,0,0,0,0,0,0,0,0,0,0,0,0,0,0,0,0,0,0,0,0,0,0,0,36,461,785,aro0921,lean_forward,2
73,1789976672.733414,0,0,0,0,0,0,0,0,0,0,0,0,0,0,0,0,0,0,0,0,0,0,0,0,0,0,0,0,0,23,468,757,aro0921,lean_forward,2
74,1789976672.733792,0,0,0,0,0,0,0,0,0,0,0,0,0,0,0,0,0,0,0,0,0,0,0,0,0,0,0,0,0,0,493,787,aro0921,lean_forward,2
75,1789976672.734171,0,0,0,0,0,0,0,0,0,0,0,0,0,0,0,0,0,0,0,0,0,0,0,0,0,0,0,0,0,23,476,762,aro0921,lean_forward,2
76,1789976672.734555,0,0,0,0,0,0,0,0,0,0,0,0,0,0,0,0,0,0,0,0,0,0,0,0,0,0,0,0,0,0,475,763,aro0921,lean_forward,2
77,1789976672.734932,0,0,0,0,0,0,0,0,0,0,0,0,0,0,0,0,0,0,0,0,0,0,0,0,0,0,0,0,0,24,527,762,aro0921,lean_forward,2
78,1789976672.735320,0,0,0,0,0,0,0,0,0,0,0,0,0,0,0,0,0,0,0,0,0,0,0,0,0,0,0,0,0,21,459,759,aro0921,lean_forward,2
79,1789976672.735696,0,0,0,0,0,0,0,0,0,0,0,0,0,0,0,0,0,0,0,0,0,0,0,0,0,0,0,0,0,31,455,760,aro0921,lean_forward,2
80,1789976672.736079,0,0,0,0,0,0,0,0,0,0,0,0,0,0,0,0,0,0,0,0,0,0,0,0,0,0,0,0,0,0,457,780,aro0921,lean_forward,2
81,1789976672.736456,0,0,0,0,0,0,0,0,0,0,0,0,0,0,0,0,0,0,0,0,0,0,0,0,0,0,0,0,0,0,453,779,aro0921,lean_forward,2
82,1789976672.736837,0,0,0,0,0,0,0,0,0,0,0,0,0,0,0,0,0,0,0,0,0,0,0,0,0,0,0,0,0,0,461,788,aro0921,lean_forward,2
83,1789976672.737244,0,0,0,0,0,0,0,0,0,0,0,0,0,0,0,0,0,0,0,0,0,0,0,0,0,0,0,0,0,27,456,757,aro0921,lean_forward,2
84,1789976672.737595,0,0,0,0,0,0,0,0,0,0,0,0,0,0,0,0,0,0,0,0,0,0,0,0,0,0,0,0,0,35,487,747,aro0921,lean_forward,2
85,1789976672.737995,0,0,0,0,0,0,0,0,0,0,0,0,0,0,0,0,0,0,0,0,0,0,0,0,0,0,0,0,0,20,468,776,aro0921,lean_forward,2
86,1789976672.738358,0,0,0,0,0,0,0,0,0,0,0,0,0,0,0,0,0,0,0,0,0,0,0,0,0,0,0,0,0,20,470,758,aro0921,lean_forward,2
87,1789976672.738724,0,0,0,0,0,0,0,0,0,0,0,0,0,0,0,0,0,0,0,0,0,0,0,0,0,0,0,0,0,21,463,751,aro0921,lean_forward,2
88,1789976672.739073,0,0,0,0,0,0,0,0,0,0,0,0,0,0,0,0,0,0,0,0,0,0,0,0,0,0,0,0,0,21,473,761,aro0921,lean_forward,2
89,1789976672.739439,0,0,0,0,0,0,0,0,0,0,0,0,0,0,0,0,0,0,0,0,0,0,0,0,0,0,0,0,0,24,463,757,aro0921,lean_forward,2
90,1789976672.739795,0,0,0,0,0,0,0,0,0,0,0,0,0,0,0,0,0,0,0,0,0,0,0,0,0,0,0,0,0,37,473,759,aro0921,lean_forward,2
91,1789976672.740148,0,0,0,0,0,0,0,0,0,0,0,0,0,0,0,0,0,0,0,0,0,0,0,0,0,0,0,0,0,21,477,790,aro0921,lean_forward,2
92,1789976672.740511,0,0,0,0,0,0,0,0,0,0,0,0,0,0,0,0,0,0,0,0,0,0,0,0,0,0,0,0,0,0,489,788,aro0921,lean_forward,2
93,1789976672.740862,0,0,0,0,0,0,0,0,0,0,0,0,0,0,0,0,0,0,0,0,0,0,0,0,0,0,0,0,0,0,471,796,aro0921,lean_forward,2
94,1789976672.741226,0,0,0,0,0,0,0,0,0,0,0,0,0,0,0,0,0,0,0,0,0,0,0,0,0,0,0,0,0,21,499,809,aro0921,lean_forward,2
95,1789976672.741577,0,0,0,0,0,0,0,0,0,0,0,0,0,0,0,0,0,0,0,0,0,0,0,0,0,0,0,0,0,0,485,793,aro0921,lean_forward,2
96,1789976672.741937,0,0,0,0,0,0,0,0,0,0,0,0,0,0,0,0,0,0,0,0,0,0,0,0,0,0,0,0,0,20,483,795,aro0921,lean_forward,2
97,1789976672.742294,0,0,0,0,0,0,0,0,0,0,0,0,0,0,0,0,0,0,0,0,0,0,0,0,0,0,0,0,0,0,465,819,aro0921,lean_forward,2
98,1789976672.742649,0,0,0,0,0,0,0,0,0,0,0,0,0,0,0,0,0,0,0,0,0,0,0,0,0,0,0,0,0,21,483,807,aro0921,lean_forward,2
99,1789976672.743005,0,0,0,0,0,0,0,0,0,0,0,0,0,0,0,0,0,0,0,0,0,0,0,0,0,0,0,0,0,35,487,794,aro0921,lean_forward,2
100,1789976672.743332,0,0,0,0,0,0,0,0,0,0,0,0,0,0,0,0,0,0,0,0,0,0,0,0,0,0,0,0,0,29,507,804,aro0921,lean_forward,2
101,1789976672.743671,0,0,0,0,0,0,0,0,0,0,0,0,0,0,0,0,0,0,0,0,0,0,0,0,0,0,0,0,0,0,479,815,aro0921,lean_forward,2
102,1789976672.744002,0,0,0,0,0,0,0,0,0,0,0,0,0,0,0,0,0,0,0,0,0,0,0,0,0,0,0,0,0,0,507,815,aro0921,lean_forward,2
103,1789976672.744330,0,0,0,0,0,0,0,0,0,0,0,0,0,0,0,0,0,0,0,0,0,0,0,0,0,0,0,0,0,26,489,811,aro0921,lean_forward,2
104,1789976672.744674,0,0,0,0,0,0,0,0,0,0,0,0,0,0,0,0,0,0,0,0,0,0,0,0,0,0,0,0,0,0,484,805,aro0921,lean_forward,2
105,1789976672.745004,0,0,0,0,0,0,0,0,0,0,0,0,0,0,0,0,0,0,0,0,0,0,0,0,0,0,0,0,0,22,489,803,aro0921,lean_forward,2
106,1789976672.745343,0,0,0,0,0,0,0,0,0,0,0,0,0,0,0,0,0,0,0,0,0,0,0,0,0,0,0,0,0,0,505,821,aro0921,lean_forward,2
107,1789976672.745670,0,0,0,0,0,0,0,0,0,0,0,0,0,0,0,0,0,0,0,0,0,0,0,0,0,0,0,0,0,35,506,811,aro0921,lean_forward,2
108,1789976672.746004,0,0,0,0,0,0,0,0,0,0,0,0,0,0,0,0,0,0,0,0,0,0,0,0,0,0,0,0,0,0,472,835,aro0921,lean_forward,2
109,1789976672.746335,0,0,0,0,0,0,0,0,0,0,0,0,0,0,0,0,0,0,0,0,0,0,0,0,0,0,0,0,0,0,505,855,aro0921,lean_forward,2
110,1789976672.746664,0,0,0,0,0,0,0,0,0,0,0,0,0,0,0,0,0,0,0,36,0,0,0,0,0,0,0,0,0,0,495,845,aro0921,lean_forward,2
111,1789976672.747008,0,0,0,0,0,0,0,0,0,0,0,0,0,0,0,0,0,0,0,123,0,0,0,0,0,0,0,0,0,0,467,845,aro0921,lean_forward,2
112,1789976672.747337,0,0,0,0,0,0,0,0,0,0,0,0,0,0,0,0,0,0,95,153,0,0,0,0,0,0,0,0,0,0,502,857,aro0921,lean_forward,2
113,1789976672.747678,0,0,0,0,0,0,0,0,0,0,0,0,0,0,0,0,0,0,111,174,0,0,0,0,0,0,0,0,0,33,501,822,aro0921,lean_forward,2
114,1789976672.748008,0,0,0,0,0,0,0,0,0,0,0,0,0,0,0,0,0,0,156,201,0,0,0,0,0,0,0,0,0,29,489,819,aro0921,lean_forward,2
115,1789976672.748339,0,0,0,0,0,0,0,0,0,0,0,0,0,0,0,0,0,0,189,237,0,0,0,0,0,0,0,0,0,23,487,869,aro0921,lean_forward,2
116,1789976672.748677,0,0,0,0,0,0,0,0,0,0,0,0,0,0,0,0,0,21,227,277,0,0,0,0,0,0,0,0,0,31,487,827,aro0921,lean_forward,2
117,1789976672.749002,0,0,0,0,0,0,0,0,0,0,0,0,0,0,0,0,0,28,269,308,0,0,0,0,0,0,0,0,0,29,453,823,aro0921,lean_forward,2
118,1789976672.749327,0,0,0,0,0,0,0,0,0,0,0,0,0,0,0,0,0,51,273,317,0,0,0,0,0,0,0,0,0,0,477,878,aro0921,lean_forward,2
119,1789976672.749644,0,0,0,0,0,0,0,0,0,0,0,0,0,0,0,0,0,71,295,313,0,0,0,0,0,0,0,0,0,35,505,839,aro0921,lean_forward,2
120,1789976672.749962,0,0,0,0,0,0,0,0,0,0,0,0,0,0,0,0,0,60,297,341,0,0,0,0,0,0,0,0,0,0,473,882,aro0921,lean_forward,2
121,1789976672.750276,0,0,0,0,0,0,0,0,0,0,0,0,0,0,0,0,0,90,287,317,0,0,0,0,0,0,0,0,0,0,491,863,aro0921,lean_forward,2
122,1789976672.750587,0,0,0,0,0,0,0,0,0,0,0,0,0,0,0,0,0,108,317,327,30,0,0,0,0,0,0,0,0,39,487,827,aro0921,lean_forward,2
123,1789976672.750905,0,0,0,0,0,0,0,0,0,0,0,0,0,0,0,0,0,93,331,347,25,0,0,0,0,0,0,0,0,0,473,863,aro0921,lean_forward,2
124,1789976672.751215,0,0,0,0,0,0,0,0,0,0,0,0,0,0,0,0,0,98,316,345,61,0,0,0,0,0,0,0,0,23,465,847,aro0921,lean_forward,2
125,1789976672.751537,0,0,0,0,0,0,0,0,0,0,0,0,0,0,0,0,0,99,328,359,61,0,0,0,0,0,0,0,0,0,467,841,aro0921,lean_forward,2
126,1789976672.751848,0,0,0,0,0,0,0,0,0,0,0,0,0,0,0,0,0,89,329,366,57,0,0,0,0,0,0,0,0,0,441,841,aro0921,lean_forward,2
127,1789976672.752161,0,0,0,0,0,0,0,0,0,0,0,0,0,0,0,0,0,116,329,377,53,0,0,0,0,0,0,0,0,0,373,831,aro0921,lean_forward,2
128,1789976672.752479,0,0,0,0,0,0,0,0,0,0,0,0,0,0,0,0,0,115,343,363,57,0,0,0,0,0,0,0,0,0,380,811,aro0921,lean_forward,2
129,1789976672.752790,0,0,0,0,0,0,0,0,0,0,0,0,0,0,0,0,0,91,359,383,72,0,0,0,0,0,0,0,0,0,341,782,aro0921,lean_forward,2
130,1789976672.753108,0,0,0,0,0,0,0,0,0,0,0,0,0,0,0,0,0,109,351,381,73,0,0,0,0,0,0,0,0,0,281,741,aro0921,lean_forward,2
131,1789976672.753420,0,0,0,0,0,0,0,0,0,0,0,0,0,0,0,0,0,104,355,372,58,0,0,0,0,0,0,0,0,0,282,751,aro0921,lean_forward,2
132,1789976672.753727,0,0,0,0,0,0,0,0,0,0,0,0,0,0,0,0,0,136,343,381,88,0,0,0,0,0,0,0,0,0,215,677,aro0921,lean_forward,2
133,1789976672.754045,0,0,0,0,0,0,0,0,0,0,0,0,0,0,0,0,0,133,377,413,89,0,0,0,0,0,0,0,0,0,203,667,aro0921,lean_forward,2
134,1789976672.754352,0,0,0,0,0,0,0,0,0,0,0,0,0,0,0,0,0,159,367,423,107,0,0,0,0,0,0,0,0,0,183,617,aro0921,lean_forward,2
135,1789976672.754671,0,0,0,0,0,0,0,0,0,0,0,0,0,0,0,0,0,173,373,427,121,0,0,0,0,0,0,0,0,20,179,537,aro0921,lean_forward,2
136,1789976672.754972,0,0,0,0,0,0,0,0,0,0,0,0,0,0,0,0,0,189,407,441,141,0,0,0,0,0,0,0,0,0,123,548,aro0921,lean_forward,2
137,1789976672.755262,0,0,0,0,0,0,0,0,0,0,0,0,0,0,0,0,0,215,423,467,139,0,0,0,0,0,0,0,0,0,109,553,aro0921,lean_forward,2
138,1789976672.755564,0,0,0,0,0,0,0,0,0,0,0,0,0,0,0,0,0,233,437,469,159,0,0,0,0,0,0,0,0,0,105,505,aro0921,lean_forward,2
139,1789976672.755859,0,0,0,0,0,0,0,0,0,0,0,0,0,0,0,0,0,253,454,476,154,0,0,0,0,0,0,0,0,0,87,521,aro0921,lean_forward,2
140,1789976672.756164,0,0,0,0,0,0,0,0,0,0,0,0,0,0,0,0,0,271,457,484,167,0,0,0,0,0,0,0,0,0,117,525,aro0921,lean_forward,2
141,1789976672.756460,0,0,0,0,0,0,0,0,0,0,0,0,0,0,0,0,0,276,443,491,171,0,0,0,0,0,0,0,0,0,125,533,aro0921,lean_forward,2
142,1789976672.756762,0,0,0,0,0,0,0,0,0,0,0,0,0,0,0,0,0,266,437,476,192,0,0,0,0,0,0,0,0,0,217,547,aro0921,lean_forward,2
143,1789976672.757066,0,0,0,0,0,0,0,0,0,0,0,0,0,0,0,0,0,300,440,477,189,0,0,0,0,0,0,0,0,0,245,615,aro0921,lean_forward,2
144,1789976672.757360,0,0,0,0,0,0,0,0,0,0,0,0,0,0,0,0,0,277,447,483,163,0,0,0,0,0,0,0,0,0,281,713,aro0921,lean_forward,2
145,1789976672.757670,0,0,0,0,0,0,0,0,0,0,0,0,0,0,0,0,0,292,420,473,151,0,0,0,0,0,0,0,0,0,286,743,aro0921,lean_forward,2
146,1789976672.757973,0,0,0,0,0,0,0,0,0,0,0,0,0,0,0,0,0,253,420,457,159,0,0,0,0,0,0,0,0,0,311,713,aro0921,lean_forward,2
147,1789976672.758285,0,0,0,0,0,0,0,0,0,0,0,0,0,0,0,0,0,275,393,429,135,0,0,0,0,0,0,0,0,0,301,715,aro0921,lean_forward,2
148,1789976672.758587,0,0,0,0,0,0,0,0,0,0,0,0,0,0,0,0,0,247,397,415,119,0,0,0,0,0,0,0,0,0,293,713,aro0921,lean_forward,2
149,1789976672.758878,0,0,0,0,0,0,0,0,0,0,0,0,0,0,0,0,0,217,398,409,87,0,0,0,0,0,0,0,0,0,285,739,aro0921,lean_forward,2
150,1789976672.759182,0,0,0,0,0,0,0,0,0,0,0,0,0,0,0,0,0,206,391,413,105,0,0,0,0,0,0,0,0,0,261,721,aro0921,lean_forward,2
151,1789976672.759476,0,0,0,0,0,0,0,0,0,0,0,0,0,0,0,0,0,201,383,415,101,0,0,0,0,0,0,0,0,0,235,709,aro0921,lean_forward,2
152,1789976672.759777,0,0,0,0,0,0,0,0,0,0,0,0,0,0,0,0,0,215,381,415,103,0,0,0,0,0,0,0,0,0,205,728,aro0921,lean_forward,2
153,1789976672.760073,0,0,0,0,0,0,0,0,0,0,0,0,0,0,0,0,0,184,407,429,107,0,0,0,0,0,0,0,0,0,213,675,aro0921,lean_forward,2
154,1789976672.760366,0,0,0,0,0,0,0,0,0,0,0,0,0,0,0,0,0,185,410,421,93,0,0,0,0,0,0,0,0,0,217,681,aro0921,lean_forward,2
155,1789976672.760668,0,0,0,0,0,0,0,0,0,0,0,0,0,0,0,0,0,198,415,415,114,0,0,0,0,0,0,0,0,22,221,605,aro0921,lean_forward,2
156,1789976672.760956,0,0,0,0,0,0,0,0,0,0,0,0,0,0,0,0,0,203,412,443,97,0,0,0,0,0,0,0,0,0,190,598,aro0921,lean_forward,2
157,1789976672.761247,0,0,0,0,0,0,0,0,0,0,0,0,0,0,0,0,0,231,399,428,111,0,0,0,0,0,0,0,0,21,183,553,aro0921,lean_forward,2
158,1789976672.761532,0,0,0,0,0,0,0,0,0,0,0,0,0,0,0,0,0,237,423,419,91,0,0,0,0,0,0,0,0,0,209,564,aro0921,lean_forward,2
159,1789976672.761813,0,0,0,0,0,0,0,0,0,0,0,0,0,0,0,0,0,267,421,435,105,0,0,0,0,0,0,0,0,0,203,524,aro0921,lean_forward,2
160,1789976672.762106,0,0,0,0,0,0,0,0,0,0,0,0,0,0,0,0,0,295,445,445,105,0,0,0,0,0,0,0,0,0,191,564,aro0921,lean_forward,2
161,1789976672.762389,0,0,0,0,0,0,0,0,0,0,0,0,0,0,0,0,0,328,470,475,123,0,0,0,0,0,0,0,0,0,203,581,aro0921,lean_forward,2
162,1789976672.762681,0,0,0,0,0,0,0,0,0,0,0,0,0,0,0,0,0,351,524,565,187,0,0,0,0,0,0,0,0,0,179,601,aro0921,lean_forward,2
163,1789976672.762965,0,0,0,0,0,0,0,0,0,0,0,0,0,0,0,0,0,407,593,606,248,0,0,0,0,0,0,0,0,0,213,701,aro0921,lean_forward,2
164,1789976672.763249,0,0,0,0,0,0,0,0,0,0,0,0,0,0,0,0,0,491,645,716,347,0,0,0,0,0,0,0,0,0,239,738,aro0921,lean_forward,2
165,1789976672.763546,0,0,0,0,0,0,0,0,0,0,0,0,0,0,0,0,0,587,743,778,431,0,0,0,0,0,0,0,0,0,247,785,aro0921,lean_forward,2
166,1789976672.763829,0,0,0,0,0,0,0,0,0,0,0,0,0,0,0,0,0,667,821,795,475,0,0,0,0,0,0,0,0,0,231,742,aro0921,lean_forward,2
167,1789976672.764123,0,0,0,0,0,0,0,0,0,0,0,0,0,0,0,0,0,727,845,729,485,0,0,0,0,0,0,0,0,30,235,703,aro0921,lean_forward,2
168,1789976672.764405,0,0,0,0,0,0,0,0,0,0,0,0,0,0,0,0,0,745,867,807,509,0,0,0,0,0,0,0,0,0,229,483,aro0921,lean_forward,2
169,1789976672.764687,0,0,0,0,0,0,0,0,0,0,0,0,0,0,0,0,0,777,907,809,529,0,0,0,0,0,0,0,0,0,218,264,aro0921,lean_forward,2
170,1789976672.764978,0,0,0,0,0,0,0,0,0,0,0,0,0,0,0,0,0,810,892,810,533,0,0,0,0,0,0,0,0,25,109,61,aro0921,lean_forward,2
171,1789976672.765260,0,0,0,0,0,0,0,0,0,0,0,0,0,0,0,0,40,826,879,745,530,0,0,0,0,0,0,0,0,0,29,0,aro0921,lean_forward,2
172,1789976672.765552,0,0,0,0,0,0,0,0,0,0,0,0,0,0,0,0,71,841,851,657,432,0,0,0,0,0,0,0,0,0,0,0,aro0921,lean_forward,2
173,1789976672.765837,0,0,0,0,0,0,0,0,0,0,0,0,0,0,0,0,86,764,819,559,315,0,0,0,0,0,0,0,0,0,0,0,aro0921,lean_forward,2
174,1789976672.766119,0,0,0,0,0,0,0,0,0,0,0,0,0,0,0,0,71,729,685,351,139,0,0,0,0,0,0,0,0,0,0,0,aro0921,lean_forward,2
175,1789976672.766411,0,0,0,0,0,0,0,0,0,0,0,0,0,0,0,0,39,666,533,87,111,0,0,0,0,0,0,0,0,0,0,0,aro0921,lean_forward,2
176,1789976672.766696,0,0,0,0,0,0,0,0,0,0,0,0,0,0,0,0,23,501,367,0,126,0,0,0,0,0,0,0,0,0,0,0,aro0921,lean_forward,2
177,1789976672.766978,0,0,0,0,0,0,0,0,0,0,0,0,0,0,0,0,0,316,201,0,91,0,0,0,0,0,0,83,0,0,0,0,aro0921,lean_forward,2
178,1789976672.767252,0,0,0,0,0,0,0,0,0,0,0,0,0,0,0,0,0,103,52,0,0,0,0,0,0,0,43,136,0,0,0,0,aro0921,lean_forward,2
179,1789976672.767524,0,0,0,0,0,0,0,0,0,0,0,0,0,0,0,0,0,23,0,0,0,0,0,0,0,0,69,155,0,0,0,0,aro0921,lean_forward,2
180,1789976672.767807,0,0,0,0,0,0,0,0,0,0,0,0,0,0,0,0,0,0,0,0,0,0,0,0,0,0,83,182,0,0,0,0,aro0921,lean_forward,2
181,1789976672.768079,0,0,0,0,0,0,0,0,0,0,0,0,0,0,0,0,0,0,0,0,0,0,0,0,0,0,105,168,0,0,0,0,aro0921,lean_forward,2
182,1789976672.768356,0,0,0,0,0,0,0,0,0,0,0,0,0,0,0,0,0,0,0,0,0,0,0,0,0,0,91,189,0,0,0,0,aro0921,lean_forward,2
183,1789976672.768631,0,0,0,0,0,0,0,0,0,0,0,0,0,0,0,0,0,0,0,0,0,0,0,0,0,0,94,191,0,0,0,0,aro0921,lean_forward,2
184,1789976672.768900,0,0,0,0,0,0,0,0,0,0,0,0,0,0,0,0,0,0,0,0,0,0,0,0,0,0,109,199,0,0,0,0,aro0921,lean_forward,2
185,1789976672.769182,0,0,0,0,0,0,0,0,0,0,0,0,0,0,0,0,0,0,0,0,0,0,0,0,0,0,115,180,0,0,0,0,aro0921,lean_forward,2
186,1789976672.769464,0,0,0,0,0,0,0,0,0,0,0,0,0,0,0,0,0,0,0,0,0,0,0,0,0,0,141,190,20,0,0,0,aro0921,lean_forward,2
187,1789976672.769741,0,0,0,0,0,0,0,0,0,0,0,0,0,0,0,0,0,0,0,0,0,0,0,0,0,0,182,203,0,0,0,0,aro0921,lean_forward,2
188,1789976672.770016,0,0,0,0,0,0,0,0,0,0,0,0,0,0,0,0,0,0,0,0,0,0,0,0,0,0,203,199,21,0,0,0,aro0921,lean_forward,2
189,1789976672.770287,0,0,0,0,0,0,0,0,0,0,0,0,0,0,0,0,0,0,0,0,0,0,0,0,0,0,197,203,0,0,0,0,aro0921,lean_forward,2
190,1789976672.770568,0,0,0,0,0,0,0,0,0,0,0,0,0,0,0,0,0,0,0,0,0,0,0,0,0,0,188,199,27,0,0,0,aro0921,lean_forward,2
191,1789976672.770841,0,0,0,0,0,0,0,0,0,0,0,0,0,0,0,0,0,0,0,0,0,0,0,0,0,0,186,171,0,0,0,0,aro0921,lean_forward,2
192,1789976672.771120,0,0,0,0,0,0,0,0,0,0,0,0,0,0,0,0,0,0,0,0,0,0,0,0,0,0,183,115,0,0,0,0,aro0921,lean_forward,2
193,1789976672.771397,0,0,0,0,0,0,0,0,0,0,0,0,0,0,0,0,0,0,0,0,0,0,0,0,0,0,167,67,0,0,0,0,aro0921,lean_forward,2
194,1789976672.771669,0,0,0,0,0,0,0,0,0,0,0,0,0,0,0,0,0,0,0,0,0,0,0,0,0,0,163,0,0,0,0,0,aro0921,lean_forward,2
195,1789976672.771952,0,0,0,0,0,0,0,0,0,0,0,0,0,0,0,0,0,0,0,0,0,0,0,0,0,0,127,0,0,0,0,0,aro0921,lean_forward,2
196,1789976672.772224,0,0,0,0,0,0,0,0,0,0,0,0,0,0,0,0,0,0,0,0,0,0,0,0,0,0,123,0,0,0,0,0,aro0921,lean_forward,2
197,1789976672.772506,0,0,0,0,0,0,0,0,0,0,0,0,0,0,0,0,0,0,0,0,0,0,0,0,0,0,89,0,0,0,0,0,aro0921,lean_forward,2
198,1789976672.772785,0,0,0,0,0,0,0,0,0,0,0,0,0,0,0,0,0,0,0,0,0,0,0,0,0,0,55,0,0,0,0,0,aro0921,lean_forward,2
199,1789976672.773057,0,0,0,0,0,0,0,0,0,0,0,0,0,0,0,0,0,0,0,0,0,0,0,0,0,0,39,0,0,0,0,0,aro0921,lean_forward,2
200,1789976672.773338,0,0,0,0,0,0,0,0,0,0,0,0,0,0,0,0,0,0,0,0,0,0,0,0,0,0,62,0,0,0,0,0,aro0921,lean_forward,2
201,1789976672.773612,0,0,0,0,0,0,0,0,0,0,0,0,0,0,0,0,0,0,0,0,0,0,0,0,0,0,60,0,0,0,0,0,aro0921,lean_forward,2
202,1789976672.773891,0,0,0,0,0,0,0,0,0,0,0,0,0,0,0,0,0,0,0,0,0,0,0,0,0,0,67,0,0,0,0,0,aro0921,lean_forward,2
203,1789976672.774167,0,0,0,0,0,0,0,0,0,0,0,0,0,0,0,0,0,0,0,0,0,0,0,0,0,0,72,0,0,0,0,0,aro0921,lean_forward,2
204,1789976672.774438,0,0,0,0,0,0,0,0,0,0,0,0,0,0,0,0,0,0,0,0,0,0,0,0,0,0,84,0,0,0,0,0,aro0921,lean_forward,2
205,1789976672.774721,0,0,0,0,0,0,0,0,0,0,0,0,0,0,0,0,0,0,0,0,0,0,0,0,0,0,61,0,0,0,0,0,aro0921,lean_forward,2
206,1789976672.774993,0,0,0,0,0,0,0,0,0,0,0,0,0,0,0,0,0,0,0,0,0,0,0,0,0,0,69,0,0,0,0,0,aro0921,lean_forward,2
207,1789976672.775274,0,0,0,0,0,0,0,0,0,0,0,0,0,0,0,0,0,0,0,0,0,0,0,0,0,0,51,0,0,0,0,0,aro0921,lean_forward,2
208,1789976672.775556,0,0,0,0,0,0,0,0,0,0,0,0,0,0,0,0,0,0,0,0,0,0,0,0,0,0,47,0,0,0,0,0,aro0921,lean_forward,2
209,1789976672.775827,0,0,0,0,0,0,0,0,0,0,0,0,0,0,0,0,0,0,0,0,0,0,0,0,0,0,0,0,0,0,0,0,aro0921,lean_forward,2
210,1789976672.776111,0,0,0,0,0,0,0,0,0,0,0,0,0,0,0,0,0,0,0,0,0,0,0,0,0,0,0,0,0,0,0,0,aro0921,lean_forward,2
211,1789976672.776386,0,0,0,0,0,0,0,0,0,0,0,0,0,0,0,0,0,0,0,0,0,0,0,0,0,0,0,0,0,0,0,0,aro0921,lean_forward,2
212,1789976672.776666,0,0,0,0,0,0,0,0,0,0,0,0,0,0,0,0,0,0,0,0,0,0,0,0,0,0,0,0,0,0,0,0,aro0921,lean_forward,2
213,1789976672.776941,0,0,0,0,0,0,0,0,0,0,0,0,0,0,0,0,0,0,0,0,0,0,0,0,0,0,0,0,0,0,0,0,aro0921,lean_forward,2
214,1789976672.777213,0,0,0,0,0,0,0,0,0,0,0,0,0,0,0,0,0,0,0,0,0,0,0,0,0,0,0,0,0,0,0,0,aro0921,lean_forward,2
215,1789976672.777496,0,0,0,0,0,0,0,0,0,0,0,0,0,0,0,0,0,0,0,0,0,0,0,0,0,0,0,0,0,0,0,0,aro0921,lean_forward,2
216,1789976672.777777,0,0,0,0,0,0,0,0,0,0,0,0,0,0,0,0,0,0,0,0,0,0,0,0,0,0,0,0,0,0,0,0,aro0921,lean_forward,2
217,1789976672.778065,0,0,0,0,0,0,0,0,0,0,0,0,0,0,0,0,0,0,0,0,0,0,0,0,0,0,0,0,0,0,0,0,aro0921,lean_forward,2
218,1789976672.778347,0,0,0,0,0,0,0,0,0,0,0,0,0,0,0,0,0,0,0,0,0,0,0,0,0,0,0,0,0,0,0,0,aro0921,lean_forward,2
219,1789976672.778612,0,0,0,0,0,0,0,0,0,0,0,0,0,0,0,0,0,0,0,0,0,0,0,0,0,0,0,0,0,0,0,0,aro0921,lean_forward,2
220,1789976672.778875,0,0,0,0,0,0,0,0,0,0,0,0,0,0,0,0,0,0,0,0,0,0,0,0,0,0,0,0,0,0,0,0,aro0921,lean_forward,2
221,1789976672.779123,0,0,0,0,0,0,0,0,0,0,0,0,0,0,0,0,0,0,0,0,0,0,0,0,0,0,0,0,0,0,0,0,aro0921,lean_forward,2
222,1789976672.779375,0,0,0,0,0,0,0,0,0,0,0,0,0,0,0,0,0,0,0,0,0,0,0,0,0,0,0,0,0,0,0,0,aro0921,lean_forward,2
223,1789976672.779629,0,0,0,0,0,0,0,0,0,0,0,0,0,0,0,0,0,0,0,0,0,0,0,0,0,0,0,0,0,0,0,0,aro0921,lean_forward,2
224,1789976672.779878,0,0,0,0,0,0,0,0,0,0,0,0,0,0,0,0,0,0,0,0,0,0,0,0,0,0,0,0,0,59,0,0,aro0921,lean_forward,2
225,1789976672.780133,0,0,0,0,0,0,0,0,0,0,0,0,0,0,0,0,0,0,0,0,0,0,0,0,0,0,21,189,38,142,21,0,aro0921,lean_forward,2
226,1789976672.780381,0,0,0,0,0,0,0,0,0,0,0,0,0,0,0,0,0,0,0,0,0,0,0,0,0,0,107,463,27,287,20,0,aro0921,lean_forward,2
227,1789976672.780628,0,0,0,0,0,0,0,0,0,0,0,0,0,0,0,0,0,0,0,0,0,0,0,0,0,0,279,615,148,421,22,0,aro0921,lean_forward,2
228,1789976672.780888,0,0,0,0,0,0,0,0,0,0,0,0,0,0,0,0,0,0,0,0,0,0,0,0,0,0,351,677,220,467,103,0,aro0921,lean_forward,2
229,1789976672.781142,0,0,0,0,0,0,0,0,0,0,0,0,0,0,0,0,0,0,0,0,0,0,0,0,0,0,313,719,329,549,145,0,aro0921,lean_forward,2
230,1789976672.781402,0,0,0,0,0,0,0,0,0,0,0,0,0,0,0,0,0,0,0,0,0,0,0,77,0,0,311,703,436,601,141,0,aro0921,lean_forward,2
231,1789976672.781655,0,0,0,0,0,0,0,0,0,0,0,0,0,0,0,0,0,0,0,0,0,0,105,155,0,0,179,723,485,619,116,0,aro0921,lean_forward,2
232,1789976672.781904,0,0,0,0,0,0,0,0,0,0,0,0,0,0,0,0,0,0,0,0,0,0,137,213,0,0,135,709,554,637,217,0,aro0921,lean_forward,2
233,1789976672.782163,0,0,0,0,0,0,0,0,0,0,0,0,0,197,201,164,0,0,0,0,0,0,132,219,0,0,135,760,601,660,251,0,aro0921,lean_forward,2
234,1789976672.782413,0,0,0,0,0,0,0,0,0,0,0,76,157,279,265,237,0,41,135,0,0,85,101,230,0,0,77,842,660,715,274,0,aro0921,lean_forward,2
235,1789976672.782671,0,0,0,0,0,0,43,0,0,0,0,203,295,361,393,356,100,207,251,149,148,223,93,217,0,0,85,910,676,757,307,0,aro0921,lean_forward,2
236,1789976672.782922,0,0,211,67,0,221,299,265,0,0,52,247,407,408,429,398,241,270,371,291,213,301,100,269,0,0,124,921,711,813,346,22,aro0921,lean_forward,2
237,1789976672.783173,0,283,477,403,249,467,503,510,0,0,155,371,443,440,437,403,355,382,378,369,325,315,160,279,0,0,100,933,757,841,415,51,aro0921,lean_forward,2
238,1789976672.783435,0,491,551,459,399,589,617,617,261,0,167,431,496,439,477,453,361,414,413,403,363,357,171,281,0,0,94,873,757,859,472,36,aro0921,lean_forward,2
239,1789976672.783686,72,573,654,537,506,671,731,697,364,0,253,471,491,444,485,439,396,407,429,420,359,347,217,280,0,0,123,789,734,829,467,77,aro0921,lean_forward,2
240,1789976672.783944,173,615,691,557,553,709,777,721,401,0,276,472,507,463,483,461,395,429,431,441,367,354,215,247,0,0,95,741,730,840,491,73,aro0921,lean_forward,2
241,1789976672.784197,333,661,697,582,574,740,794,735,455,0,267,461,518,473,473,459,411,437,441,429,373,381,199,203,0,0,101,635,749,831,521,73,aro0921,lean_forward,2
242,1789976672.784450,407,698,733,589,580,749,819,759,471,0,281,479,531,486,458,443,423,419,457,447,391,396,174,189,0,0,103,605,749,852,527,45,aro0921,lean_forward,2
243,1789976672.784712,443,729,735,591,599,775,859,787,467,0,296,488,491,475,465,457,423,424,443,469,359,391,183,175,0,0,83,610,739,849,529,87,aro0921,lean_forward,2
244,1789976672.784962,457,759,775,627,607,791,859,791,498,0,307,477,521,477,493,474,399,434,455,437,373,431,169,103,0,0,43,597,749,893,595,75,aro0921,lean_forward,2
245,1789976672.785213,495,792,777,627,621,794,863,815,509,0,316,505,487,445,506,501,403,461,423,437,391,469,120,0,0,0,31,596,747,867,606,101,aro0921,lean_forward,2
246,1789976672.785452,551,788,843,675,657,811,875,821,535,0,318,491,507,466,489,475,436,456,427,457,435,455,123,0,0,0,26,573,815,921,588,63,aro0921,lean_forward,2
247,1789976672.785691,563,812,863,695,669,781,855,825,549,0,331,486,537,471,520,525,407,457,443,469,405,487,83,0,0,0,29,595,811,895,574,99,aro0921,lean_forward,2
248,1789976672.785929,579,842,927,711,685,783,861,809,539,0,349,503,530,491,523,533,423,441,457,483,435,444,93,0,0,0,0,653,869,959,571,0,aro0921,lean_forward,2
249,1789976672.786171,597,823,985,759,691,767,840,812,539,0,363,501,551,517,509,517,423,478,435,447,441,435,105,0,0,0,56,636,867,953,620,0,aro0921,lean_forward,2
250,1789976672.798381,601,846,1014,779,692,763,819,785,525,0,372,523,555,521,517,524,435,463,453,471,463,431,99,0,0,0,57,691,893,967,635,0,aro0921,lean_forward,2
251,1789976672.818374,616,849,1045,781,693,762,815,755,491,0,424,531,559,521,537,551,435,459,457,482,439,381,115,0,0,0,59,751,893,951,679,0,aro0921,lean_forward,2
252,1789976672.838386,629,851,1047,786,691,750,799,717,455,0,490,549,597,531,539,573,429,485,419,467,435,365,95,0,0,0,79,724,920,1001,717,0,aro0921,lean_forward,2
253,1789976672.858440,631,861,1075,787,712,763,766,670,453,0,463,527,579,543,547,569,435,479,435,447,453,404,121,0,0,0,85,775,923,1001,757,27,aro0921,lean_forward,2
254,1789976672.878419,629,901,1067,760,681,751,757,631,395,0,521,557,567,549,548,560,439,443,473,473,428,393,168,0,0,0,73,792,935,1001,755,101,aro0921,lean_forward,2
255,1789976672.898441,663,885,1047,775,684,745,714,615,360,0,499,585,597,593,547,588,439,473,431,445,421,395,149,0,0,0,85,760,949,1021,775,137,aro0921,lean_forward,2
256,1789976672.918501,648,903,1039,751,661,739,687,587,359,0,541,585,572,567,539,581,445,457,448,469,447,381,183,0,0,0,41,760,924,1054,758,147,aro0921,lean_forward,2
257,1789976672.938438,655,873,1011,751,657,695,661,579,349,0,525,587,603,565,555,580,439,467,435,442,419,389,135,0,0,0,93,653,949,999,777,200,aro0921,lean_forward,2
258,1789976672.958469,631,879,1003,734,647,685,661,550,325,0,520,569,585,587,507,541,461,456,455,461,403,371,140,0,0,0,0,663,975,1059,751,169,aro0921,lean_forward,2
259,1789976672.979456,623,857,955,724,615,671,629,502,333,0,523,543,597,557,549,547,453,427,463,473,427,351,183,0,0,0,37,569,941,1032,734,168,aro0921,lean_forward,2
260,1789976672.999433,607,859,889,701,605,667,610,501,313,0,501,556,586,567,535,543,453,445,437,459,412,381,172,0,0,0,25,551,943,1031,743,188,aro0921,lean_forward,2
261,1789976673.019570,581,839,852,697,601,651,599,475,314,0,500,543,588,539,542,555,421,431,438,473,412,361,181,0,0,0,69,509,917,999,749,203,aro0921,lean_forward,2
262,1789976673.039431,553,827,824,680,587,611,575,435,283,0,441,529,543,536,509,525,455,441,415,447,377,391,175,0,0,0,72,553,921,989,759,212,aro0921,lean_forward,2
263,1789976673.059435,527,793,824,675,563,614,567,425,293,0,440,522,563,536,537,517,444,420,431,460,381,395,187,0,0,0,60,539,905,1012,755,222,aro0921,lean_forward,2
264,1789976673.079416,469,766,790,653,557,572,569,383,264,0,415,543,542,522,535,535,425,423,455,466,395,380,175,0,0,0,62,554,895,985,727,231,aro0921,lean_forward,2
265,1789976673.099434,405,779,793,665,551,568,565,427,295,0,419,537,555,520,507,533,445,435,427,447,413,374,201,0,0,0,106,557,931,990,765,186,aro0921,lean_forward,2
266,1789976673.119443,363,755,758,667,564,575,571,419,279,0,344,505,555,508,509,517,452,441,435,462,397,367,205,0,0,0,94,535,933,986,745,213,aro0921,lean_forward,2
267,1789976673.139484,338,776,745,646,547,589,568,415,327,0,345,493,535,484,537,549,427,423,459,453,427,371,216,0,0,0,75,539,937,1017,741,175,aro0921,lean_forward,2
268,1789976673.159466,332,775,750,651,556,582,575,441,333,0,367,534,539,508,517,551,437,468,475,453,434,377,217,0,0,0,107,477,927,985,767,221,aro0921,lean_forward,2
269,1789976673.179525,331,775,766,660,587,595,598,486,326,0,335,495,535,519,517,531,469,459,473,489,444,395,233,0,0,22,93,463,927,989,735,227,aro0921,lean_forward,2
270,1789976673.199525,343,776,772,660,591,619,604,499,355,0,317,505,531,517,523,553,454,469,500,501,458,408,248,0,0,0,71,459,903,1007,723,189,aro0921,lean_forward,2
271,1789976673.219494,340,765,757,681,581,633,604,547,357,0,333,541,559,505,531,553,461,505,477,487,447,456,233,0,0,0,91,413,941,1052,761,183,aro0921,lean_forward,2
272,1789976673.239428,349,762,774,675,595,657,619,551,372,0,347,505,543,506,525,541,469,499,503,503,467,443,255,0,0,0,85,411,919,1011,745,199,aro0921,lean_forward,2
273,1789976673.259551,351,755,765,679,600,661,649,561,381,0,341,495,539,505,529,543,472,491,529,529,466,433,263,0,0,0,81,404,943,1002,723,207,aro0921,lean_forward,2
274,1789976673.279495,345,733,749,683,590,683,652,595,390,0,351,507,501,517,502,533,481,518,499,527,477,439,253,0,0,0,73,403,952,1045,703,167,aro0921,lean_forward,2
275,1789976673.299432,326,728,743,671,604,684,648,581,405,0,328,487,523,495,520,535,467,505,520,509,469,443,260,0,0,0,77,365,955,1014,721,183,aro0921,lean_forward,2
276,1789976673.319428,319,713,715,659,601,679,633,583,391,0,331,467,495,473,533,539,445,507,503,509,487,453,236,0,0,0,53,371,933,1061,709,152,aro0921,lean_forward,2
277,1789976673.339436,295,703,693,639,597,693,621,565,375,0,295,469,523,471,523,535,455,509,507,489,484,448,239,0,0,0,47,356,972,1044,729,151,aro0921,lean_forward,2
278,1789976673.359426,293,671,667,635,600,681,628,540,333,0,281,439,507,488,521,537,441,493,527,509,466,427,229,0,0,0,64,313,959,1051,695,140,aro0921,lean_forward,2
279,1789976673.379408,283,653,651,617,589,653,611,525,299,0,281,437,476,461,504,529,453,482,531,526,441,407,234,0,0,0,31,333,958,1005,663,175,aro0921,lean_forward,2
280,1789976673.399420,236,611,605,615,557,648,599,457,270,0,315,455,487,465,508,544,435,495,520,503,435,427,217,0,0,0,31,291,940,1019,695,173,aro0921,lean_forward,2
281,1789976673.419444,135,619,590,584,539,605,559,431,263,0,313,462,475,469,504,532,431,499,503,503,469,427,210,0,0,0,26,310,907,1060,679,137,aro0921,lean_forward,2
282,1789976673.439466,126,567,581,573,523,599,563,393,205,0,313,455,505,477,476,520,465,485,524,505,445,391,227,0,0,0,37,252,917,1034,687,151,aro0921,lean_forward,2
283,1789976673.459419,115,543,569,552,538,595,520,395,167,0,293,441,471,488,477,503,467,524,487,486,479,403,234,0,0,0,23,262,919,1043,698,155,aro0921,lean_forward,2
284,1789976673.479488,125,509,541,567,518,575,501,359,87,0,329,460,499,487,477,504,471,488,529,503,447,414,227,0,0,0,23,235,901,1053,683,159,aro0921,lean_forward,2
285,1789976673.499421,117,517,557,555,524,572,491,363,27,0,327,459,483,469,495,520,461,507,502,499,452,409,221,0,0,0,0,253,906,1048,685,165,aro0921,lean_forward,2
286,1789976673.519422,103,523,569,541,529,567,488,353,0,0,335,471,469,475,488,509,470,489,507,520,428,382,230,0,0,0,0,269,895,1034,663,181,aro0921,lean_forward,2
287,1789976673.539418,117,525,573,541,547,567,477,348,0,0,303,455,474,470,490,533,443,491,519,508,439,380,236,0,0,0,0,281,883,1047,655,167,aro0921,lean_forward,2
288,1789976673.559418,109,527,555,556,533,571,463,353,0,0,319,483,498,471,533,509,455,499,499,509,455,365,221,0,0,0,0,268,905,1042,637,139,aro0921,lean_forward,2
289,1789976673.579421,133,507,581,567,536,565,441,334,0,0,317,468,502,488,469,505,483,519,489,472,405,395,176,0,0,0,0,229,862,1011,676,167,aro0921,lean_forward,2
290,1789976673.599428,125,508,558,559,555,541,429,329,0,0,310,455,503,459,509,537,452,504,475,473,423,389,170,0,0,0,0,235,873,1019,629,125,aro0921,lean_forward,2
291,1789976673.619083,115,530,559,557,551,548,437,313,0,0,317,479,473,467,508,505,476,489,484,471,407,349,199,0,0,0,0,249,883,1006,664,153,aro0921,lean_forward,2
292,1789976673.639444,117,539,575,547,549,565,419,299,0,0,328,477,490,487,476,507,486,495,486,493,384,381,180,0,0,0,0,251,867,1013,565,164,aro0921,lean_forward,2
293,1789976673.659410,120,538,567,543,541,553,427,303,0,0,332,487,518,478,493,520,472,503,472,471,388,377,166,0,0,0,0,281,823,967,647,199,aro0921,lean_forward,2
294,1789976673.679444,133,533,554,541,549,565,429,299,0,0,319,479,519,483,491,539,459,487,472,489,397,390,184,0,0,0,0,285,867,1011,659,155,aro0921,lean_forward,2
295,1789976673.699435,127,537,573,530,553,559,421,309,0,0,345,474,491,491,485,537,473,507,483,477,425,359,199,0,0,0,0,291,806,991,635,148,aro0921,lean_forward,2
296,1789976673.719435,132,549,555,519,537,553,396,275,0,0,347,499,483,480,483,521,483,507,484,471,414,381,186,0,0,0,0,296,825,940,643,167,aro0921,lean_forward,2
297,1789976673.739414,125,533,550,525,553,552,397,279,0,0,331,485,495,472,495,525,465,495,477,473,407,373,188,0,0,0,0,249,797,943,636,182,aro0921,lean_forward,2
298,1789976673.759440,121,521,537,523,549,523,365,275,0,0,317,483,507,473,493,523,463,495,476,474,402,394,171,0,0,0,0,262,807,909,646,199,aro0921,lean_forward,2
299,1789976673.779468,109,520,534,515,553,527,373,281,0,0,313,475,487,479,485,505,477,504,467,459,422,392,184,0,0,0,0,254,783,920,678,173,aro0921,lean_forward,2
300,1789976673.799504,117,477,505,532,525,503,364,285,0,0,319,499,507,472,501,541,453,501,459,477,427,358,227,0,0,0,0,263,733,904,649,181,aro0921,lean_forward,2
301,1789976673.819436,109,483,525,519,539,495,352,281,0,0,317,479,504,489,489,521,473,484,469,490,420,393,197,0,0,0,0,293,749,891,648,199,aro0921,lean_forward,2
302,1789976673.839434,93,493,503,524,553,487,343,251,0,0,295,471,522,471,485,501,471,517,490,447,394,379,227,0,0,0,0,303,713,874,687,233,aro0921,lean_forward,2
303,1789976673.859427,107,488,521,523,551,477,331,231,0,0,327,466,505,466,518,509,460,522,468,469,399,364,239,0,0,0,0,345,718,891,675,187,aro0921,lean_forward,2
304,1789976673.879426,102,477,491,519,525,487,318,183,0,0,325,495,501,489,485,516,482,494,487,472,413,361,235,0,0,0,0,319,713,878,684,207,aro0921,lean_forward,2
305,1789976673.899416,91,459,504,498,537,459,285,183,0,0,287,479,489,495,517,517,471,488,463,489,409,374,227,0,0,0,0,345,713,837,697,247,aro0921,lean_forward,2
306,1789976673.919419,88,443,493,488,522,454,275,157,0,0,301,475,505,467,520,547,453,492,477,475,430,392,203,0,0,0,0,331,739,857,671,199,aro0921,lean_forward,2
307,1789976673.939420,73,453,470,472,475,445,249,133,0,0,301,527,494,477,491,527,465,485,471,467,407,371,203,0,0,0,0,357,723,850,679,223,aro0921,lean_forward,2
308,1789976673.959423,72,441,467,459,483,437,243,101,0,0,319,483,518,475,501,531,462,483,465,467,393,363,185,0,0,0,0,363,723,823,679,236,aro0921,lean_forward,2
309,1789976673.979425,75,424,475,455,482,415,231,93,0,0,313,477,505,475,489,509,477,491,452,455,411,350,213,0,0,0,0,372,713,838,667,221,aro0921,lean_forward,2
310,1789976673.999431,59,437,455,439,457,419,205,81,0,0,335,504,495,494,503,549,447,461,469,465,383,371,179,0,0,0,0,373,733,860,699,200,aro0921,lean_forward,2
311,1789976674.019472,71,431,447,435,446,397,189,61,0,0,341,509,491,469,510,531,460,459,474,479,397,367,165,0,0,0,0,391,713,837,653,203,aro0921,lean_forward,2
312,1789976674.039414,70,423,446,445,455,397,189,47,0,0,355,517,524,495,488,543,455,478,443,479,418,331,199,0,0,0,0,353,698,811,635,201,aro0921,lean_forward,2
313,1789976674.059464,79,425,445,437,453,389,181,43,0,0,349,518,525,467,523,549,441,489,437,444,373,361,189,0,0,0,0,361,702,838,675,250,aro0921,lean_forward,2
314,1789976674.079428,81,427,456,439,469,408,191,29,0,0,341,476,521,495,519,549,453,455,467,465,395,355,160,0,0,0,0,341,701,816,661,210,aro0921,lean_forward,2
315,1789976674.099449,77,457,459,431,471,411,199,35,0,0,333,503,505,467,509,505,478,472,475,452,391,329,200,0,0,0,0,377,711,793,655,236,aro0921,lean_forward,2
316,1789976674.119423,84,435,459,453,473,395,221,63,0,0,359,500,529,465,525,549,444,492,439,437,397,351,157,0,0,0,0,359,703,843,680,189,aro0921,lean_forward,2
317,1789976674.139420,83,443,472,447,484,411,230,74,0,0,345,504,518,483,508,533,463,479,461,455,397,344,183,0,0,0,0,348,680,811,667,204,aro0921,lean_forward,2
318,1789976674.159481,89,441,471,465,486,421,235,94,0,0,347,500,504,483,505,539,462,495,441,455,405,358,167,0,0,0,0,317,683,809,665,209,aro0921,lean_forward,2
319,1789976674.179459,89,441,487,454,457,408,261,91,0,0,365,496,503,475,507,519,473,447,457,441,383,358,171,0,0,0,0,334,669,805,677,217,aro0921,lean_forward,2
320,1789976674.199449,78,453,470,442,485,432,269,88,0,0,345,529,520,469,503,507,486,459,483,485,420,327,216,0,0,0,0,360,677,807,635,125,aro0921,lean_forward,2
321,1789976674.219456,75,451,469,439,503,437,274,117,0,0,330,483,493,495,489,519,487,500,445,444,401,372,167,0,0,0,0,359,679,793,683,215,aro0921,lean_forward,2
322,1789976674.239440,83,425,462,452,494,439,277,117,0,0,333,491,499,468,503,548,418,496,447,459,397,341,219,0,0,0,0,347,663,789,639,210,aro0921,lean_forward,2
323,1789976674.259441,81,415,458,447,495,431,265,119,0,0,341,483,520,467,519,525,471,470,483,478,419,365,205,0,0,0,0,314,687,826,659,197,aro0921,lean_forward,2
324,1789976674.279445,55,407,440,456,503,423,275,137,0,0,342,481,489,483,517,547,454,477,490,445,409,343,227,0,0,0,0,340,675,803,683,217,aro0921,lean_forward,2
325,1789976674.299503,57,393,427,437,485,429,275,143,0,0,357,469,503,477,523,519,455,498,445,470,420,355,229,0,0,0,0,292,669,789,635,215,aro0921,lean_forward,2
326,1789976674.319425,50,398,435,430,485,437,286,125,0,0,315,499,491,495,487,532,471,498,465,455,421,345,229,0,0,0,0,343,663,807,687,205,aro0921,lean_forward,2
327,1789976674.339419,37,392,429,436,487,428,279,136,0,0,329,479,519,486,503,526,469,489,467,463,404,362,214,0,0,0,0,325,666,810,650,215,aro0921,lean_forward,2
328,1789976674.359432,35,383,424,434,486,441,291,126,0,0,327,479,501,476,502,529,457,475,486,467,381,343,227,0,0,0,0,317,685,792,696,249,aro0921,lean_forward,2
329,1789976674.379433,25,379,409,421,475,445,281,135,0,0,329,499,529,470,487,520,485,507,456,475,393,348,207,0,0,0,0,303,676,807,649,244,aro0921,lean_forward,2
330,1789976674.399417,0,357,427,425,470,428,271,127,0,0,327,472,487,466,523,507,471,487,485,458,381,355,204,0,0,0,0,333,649,823,739,240,aro0921,lean_forward,2
331,1789976674.419488,0,373,403,425,485,442,287,115,0,0,319,483,491,469,509,533,473,499,467,457,391,355,227,0,0,0,0,327,671,810,693,233,aro0921,lean_forward,2
332,1789976674.439463,21,343,389,428,473,427,278,109,0,0,343,477,505,486,487,530,473,486,491,461,391,355,217,0,0,0,0,326,683,831,693,221,aro0921,lean_forward,2
333,1789976674.459433,0,354,399,413,467,421,268,87,0,0,309,471,485,471,491,519,455,485,488,453,371,355,236,0,0,0,0,303,687,841,703,215,aro0921,lean_forward,2
334,1789976674.479481,0,331,367,425,465,422,275,99,0,0,311,501,524,491,487,539,473,489,455,479,423,372,191,0,0,0,0,308,651,819,703,225,aro0921,lean_forward,2
335,1789976674.499421,0,329,347,412,459,431,271,89,0,0,309,471,529,463,508,518,487,498,453,483,391,380,199,0,0,43,0,334,701,840,659,207,aro0921,lean_forward,2
336,1789976674.519440,0,316,357,393,455,415,235,75,0,0,303,485,523,468,524,523,477,473,461,455,423,354,211,0,0,0,0,326,639,819,663,219,aro0921,lean_forward,2
337,1789976674.539413,0,307,345,393,453,397,237,41,0,0,350,473,503,473,504,530,467,488,469,465,403,347,217,0,0,0,0,313,677,803,681,216,aro0921,lean_forward,2
338,1789976674.559423,0,306,344,391,447,383,221,37,0,0,303,487,500,483,517,529,465,499,471,463,409,373,215,0,0,0,0,303,677,819,685,222,aro0921,lean_forward,2
339,1789976674.579435,0,297,345,397,438,379,221,43,0,0,333,470,499,463,520,517,459,463,463,467,408,363,217,0,0,0,0,287,671,819,680,226,aro0921,lean_forward,2
340,1789976674.599426,0,309,347,382,447,373,227,28,0,0,315,471,484,473,501,507,477,486,469,466,405,367,213,0,0,0,0,305,677,823,679,231,aro0921,lean_forward,2
341,1789976674.619462,0,316,327,375,437,364,207,35,0,0,329,489,487,482,493,523,466,477,460,484,406,381,205,0,0,0,0,315,659,797,653,248,aro0921,lean_forward,2
342,1789976674.639428,0,299,341,390,455,371,219,26,0,0,310,472,499,479,501,529,466,477,469,469,420,367,217,0,0,0,0,297,669,821,687,225,aro0921,lean_forward,2
343,1789976674.659452,0,333,337,379,456,392,233,28,0,0,288,485,479,490,489,539,468,469,483,471,383,344,239,0,0,0,0,329,669,815,679,267,aro0921,lean_forward,2
344,1789976674.679461,0,319,339,391,445,360,219,37,0,0,330,491,479,471,508,523,466,472,459,479,398,361,231,0,0,0,0,308,691,813,671,251,aro0921,lean_forward,2
345,1789976674.699419,0,303,349,409,459,381,223,31,0,0,309,475,491,475,500,527,470,483,469,471,403,357,233,0,0,0,0,283,675,853,677,235,aro0921,lean_forward,2
346,1789976674.719431,0,329,341,415,472,359,232,37,0,0,341,468,501,489,501,535,461,489,457,477,423,365,223,0,0,0,0,274,648,807,664,223,aro0921,lean_forward,2
347,1789976674.739427,0,330,360,407,458,359,223,31,0,0,306,502,485,493,489,537,471,493,441,457,423,341,222,0,0,0,0,285,699,810,683,211,aro0921,lean_forward,2
348,1789976674.759434,0,319,359,427,473,343,211,21,0,0,307,468,523,469,499,505,481,499,443,459,401,380,189,0,0,0,0,249,664,799,681,251,aro0921,lean_forward,2
349,1789976674.779460,0,325,372,412,461,333,213,0,0,0,297,493,505,492,491,539,459,499,463,443,391,361,200,0,0,0,0,291,681,823,691,237,aro0921,lean_forward,2
350,1789976674.799472,0,314,343,411,441,355,186,0,0,0,335,488,522,495,495,543,467,465,476,470,407,382,204,0,0,0,0,249,687,794,665,250,aro0921,lean_forward,2
351,1789976674.819478,0,329,348,406,439,338,205,0,0,0,332,493,531,475,532,547,452,486,475,443,419,367,201,0,0,0,0,262,722,857,696,201,aro0921,lean_forward,2
352,1789976674.839433,0,327,355,383,431,327,187,0,0,0,349,492,485,469,519,529,461,479,477,456,405,355,217,0,0,0,0,303,662,820,723,231,aro0921,lean_forward,2
353,1789976674.859417,0,301,341,399,447,332,187,0,0,0,307,458,517,493,499,530,474,471,463,470,395,363,213,0,0,0,0,263,679,823,693,255,aro0921,lean_forward,2
354,1789976674.879435,0,313,332,379,429,309,184,0,0,0,306,485,498,466,520,541,453,491,436,461,393,352,209,0,0,0,0,293,699,839,695,244,aro0921,lean_forward,2
355,1789976674.899459,0,307,348,375,436,327,179,0,0,0,296,478,469,495,479,521,485,492,468,458,415,349,229,0,0,0,0,275,703,841,723,227,aro0921,lean_forward,2
356,1789976674.919428,0,309,331,399,435,314,181,0,0,0,296,475,519,466,519,527,451,476,455,473,403,361,205,0,0,0,0,261,711,850,681,221,aro0921,lean_forward,2
357,1789976674.939422,0,317,345,393,439,315,187,0,0,0,303,471,499,474,503,529,461,477,460,475,405,366,205,0,0,0,0,282,713,852,719,234,aro0921,lean_forward,2
358,1789976674.959435,0,343,355,403,443,317,188,0,0,0,299,471,491,477,485,518,472,467,461,485,408,382,188,0,0,0,0,293,695,824,687,253,aro0921,lean_forward,2
359,1789976674.979409,0,341,361,419,458,329,233,29,0,0,297,487,505,487,492,537,456,467,472,473,393,363,216,0,0,0,0,267,717,859,685,244,aro0921,lean_forward,2
360,1789976674.999439,0,373,373,427,483,333,251,26,0,0,293,455,519,482,489,537,467,469,489,486,389,361,225,0,0,0,0,278,687,827,675,275,aro0921,lean_forward,2
361,1789976675.019466,0,374,381,441,471,365,261,33,0,0,303,475,499,491,482,509,487,479,475,473,422,364,205,0,0,0,0,272,684,877,703,214,aro0921,lean_forward,2
362,1789976675.039424,0,411,401,425,475,369,271,45,0,0,312,499,487,484,493,535,471,495,456,459,409,371,205,0,0,0,0,314,722,863,715,261,aro0921,lean_forward,2
363,1789976675.059424,0,402,403,437,473,371,255,33,0,0,339,485,521,475,503,541,465,471,487,476,390,390,191,0,0,0,0,283,718,841,671,261,aro0921,lean_forward,2
364,1789976675.079433,0,409,424,440,495,381,269,29,0,0,311,459,519,486,521,553,457,491,472,453,421,357,227,0,0,0,0,275,708,859,683,237,aro0921,lean_forward,2
365,1789976675.099465,31,390,395,457,494,407,261,43,0,0,296,455,507,486,521,551,457,483,467,467,393,383,187,0,0,0,0,277,693,831,701,267,aro0921,lean_forward,2
366,1789976675.119419,24,396,409,439,463,380,251,47,0,0,335,485,499,461,519,509,475,495,447,472,407,377,191,0,0,0,0,286,699,847,669,249,aro0921,lean_forward,2
367,1789976675.139427,0,370,392,409,486,378,267,29,0,0,326,491,488,487,491,522,479,483,485,461,421,367,197,0,0,0,0,294,719,831,717,227,aro0921,lean_forward,2
368,1789976675.159434,0,362,393,443,467,406,268,35,0,0,319,483,521,488,483,506,484,497,463,447,405,348,223,0,0,0,0,255,723,858,719,261,aro0921,lean_forward,2
369,1789976675.179441,0,373,380,425,473,383,247,41,0,0,307,475,490,488,491,505,463,507,465,467,410,377,213,0,0,0,0,301,670,829,702,267,aro0921,lean_forward,2
370,1789976675.199443,0,348,378,447,471,398,247,38,0,0,339,455,501,497,472,507,474,492,439,490,390,377,219,0,0,0,0,300,709,831,678,301,aro0921,lean_forward,2
371,1789976675.219434,0,343,367,437,469,383,263,43,0,0,330,486,505,492,479,510,475,495,457,456,393,347,227,0,0,0,0,279,701,851,693,283,aro0921,lean_forward,2
372,1789976675.239439,0,339,350,426,477,382,246,35,0,0,303,467,490,489,487,516,471,465,483,461,393,363,230,0,0,0,0,293,669,815,713,305,aro0921,lean_forward,2
373,1789976675.259426,0,311,349,438,455,391,249,30,0,0,331,479,505,471,477,499,469,507,456,439,395,391,236,0,0,0,0,299,709,857,719,298,aro0921,lean_forward,2
374,1789976675.278905,0,315,345,415,466,375,235,31,0,0,303,490,517,458,517,529,437,485,463,472,405,367,223,0,0,0,0,285,697,831,701,292,aro0921,lean_forward,2
375,1789976675.298457,0,309,347,409,459,365,240,29,0,0,301,471,498,473,495,508,465,485,470,467,405,371,219,0,0,0,0,307,695,840,713,291,aro0921,lean_forward,2
376,1789976675.319491,0,294,345,393,443,351,233,22,0,0,300,483,477,489,519,494,461,503,451,459,403,359,236,0,0,0,0,319,693,813,693,331,aro0921,lean_forward,2
377,1789976675.339471,0,303,339,397,447,358,233,0,0,0,308,473,491,473,493,525,463,486,461,477,405,377,217,0,0,0,0,311,695,841,711,304,aro0921,lean_forward,2
378,1789976675.359505,0,302,340,379,452,365,237,0,0,0,313,467,472,473,491,507,469,500,455,453,381,371,217,0,0,0,0,343,675,823,713,338,aro0921,lean_forward,2
379,1789976675.379465,0,311,324,393,459,358,220,0,0,0,297,461,497,473,477,523,475,474,479,482,416,372,231,0,0,0,0,328,712,843,717,301,aro0921,lean_forward,2
380,1789976675.399464,0,296,338,381,443,359,227,0,0,0,311,468,488,473,493,505,469,487,469,468,423,370,215,0,0,0,0,331,687,888,718,297,aro0921,lean_forward,2
381,1789976675.419440,0,301,333,374,439,355,229,0,0,0,301,475,476,481,491,491,476,502,456,453,394,357,237,0,0,0,0,341,680,827,733,345,aro0921,lean_forward,2
382,1789976675.439448,0,283,334,379,429,343,213,0,0,0,303,487,505,445,508,501,459,479,444,475,424,351,236,23,0,0,0,339,713,855,687,309,aro0921,lean_forward,2
383,1789976675.459423,0,291,315,371,438,331,191,0,0,0,309,472,517,456,503,489,457,467,459,437,394,395,213,30,0,0,0,361,739,827,723,355,aro0921,lean_forward,2
384,1789976675.479441,0,271,311,345,405,315,200,0,0,0,335,487,476,461,487,503,467,476,473,483,408,374,217,39,0,0,0,423,749,861,703,327,aro0921,lean_forward,2
385,1789976675.499475,0,255,302,330,383,319,184,0,0,0,343,487,474,459,506,509,455,504,447,457,393,373,237,0,0,0,0,437,713,839,754,361,aro0921,lean_forward,2
386,1789976675.519473,0,236,291,311,393,308,155,0,0,0,297,454,503,481,469,493,471,463,486,477,397,393,217,21,0,0,0,462,727,837,729,365,aro0921,lean_forward,2
387,1789976675.539430,0,219,283,277,313,288,85,0,0,0,315,469,475,447,491,483,470,478,476,466,380,391,217,0,0,0,0,533,763,857,773,391,aro0921,lean_forward,2
388,1789976675.559459,0,169,244,252,287,203,37,0,0,0,299,455,499,457,491,509,429,457,487,497,391,395,215,23,0,0,0,503,777,863,735,413,aro0921,lean_forward,2
389,1789976675.579431,0,148,207,223,253,219,20,0,0,0,308,453,483,486,469,501,447,473,469,473,405,376,235,0,0,0,21,565,795,888,785,404,aro0921,lean_forward,2
390,1789976675.599452,0,51,167,183,213,173,0,0,0,0,301,463,479,461,478,487,431,471,468,466,409,375,233,0,0,0,0,557,811,895,792,413,aro0921,lean_forward,2
391,1789976675.619567,0,0,75,136,189,147,0,0,0,0,301,461,456,459,471,467,425,477,443,456,422,375,235,0,0,0,0,593,845,948,823,402,aro0921,lean_forward,2
392,1789976675.639468,0,0,0,87,149,71,0,0,0,0,293,455,456,475,445,462,407,480,437,443,393,357,239,0,0,0,23,602,821,915,854,459,aro0921,lean_forward,2
393,1789976675.659248,0,0,0,30,95,0,0,0,0,0,255,415,457,439,482,475,370,476,425,479,411,390,199,0,0,0,25,575,851,947,837,445,aro0921,lean_forward,2
394,1789976675.678630,0,0,0,0,73,0,0,0,0,0,267,411,445,455,452,467,393,431,459,475,397,371,213,0,0,0,21,613,885,915,815,492,aro0921,lean_forward,2
395,1789976675.699344,0,0,0,0,24,0,0,0,0,0,267,429,443,457,445,437,375,440,425,447,395,373,201,0,0,0,0,591,936,943,879,495,aro0921,lean_forward,2
396,1789976675.719507,0,0,0,0,0,0,0,0,0,0,233,377,439,441,423,427,372,419,443,472,384,383,191,0,0,0,0,585,918,984,891,487,aro0921,lean_forward,2
397,1789976675.739391,0,0,0,0,0,0,0,0,0,0,215,371,455,426,421,441,353,405,455,477,379,363,216,0,0,0,0,583,931,949,871,537,aro0921,lean_forward,2
398,1789976675.759380,0,0,0,0,0,0,0,0,0,0,169,333,435,439,408,421,355,430,421,443,393,339,205,0,0,0,27,550,983,1006,919,492,aro0921,lean_forward,2
399,1789976675.779480,0,0,0,0,0,0,0,0,0,0,178,293,423,395,427,407,319,420,423,439,396,354,204,0,0,0,0,569,956,981,905,523,aro0921,lean_forward,2
400,1789976675.799367,0,0,0,0,0,0,0,0,0,0,111,291,411,395,402,393,330,415,431,445,393,355,204,0,0,0,0,521,960,983,920,525,aro0921,lean_forward,2
401,1789976675.819409,0,0,0,0,0,0,0,0,0,0,72,292,383,410,376,371,345,397,431,469,405,329,229,0,0,0,0,503,965,985,887,489,aro0921,lean_forward,2
402,1789976675.839526,0,0,0,0,0,0,0,0,0,0,39,261,375,380,363,390,305,399,424,463,375,351,207,0,0,0,0,483,996,967,909,543,aro0921,lean_forward,2
403,1789976675.859473,0,0,0,0,0,0,0,0,0,0,73,285,391,383,389,390,315,404,433,477,392,358,199,0,0,0,0,441,988,989,910,531,aro0921,lean_forward,2
404,1789976675.879353,0,0,0,0,0,0,0,0,0,0,63,268,361,363,383,365,337,428,407,437,379,347,230,0,0,0,0,463,988,1003,955,537,aro0921,lean_forward,2
405,1789976675.899359,0,0,0,0,0,0,0,0,0,0,77,281,360,363,393,393,307,395,447,483,383,379,191,0,0,0,0,439,993,947,903,539,aro0921,lean_forward,2
406,1789976675.919457,0,0,0,0,0,0,0,0,0,0,28,274,318,359,369,392,309,430,425,439,423,367,230,0,0,0,0,463,971,1031,953,505,aro0921,lean_forward,2
407,1789976675.939377,0,0,0,0,0,0,0,0,0,0,28,267,303,375,347,395,347,408,436,475,383,363,207,0,0,0,0,455,973,1004,917,564,aro0921,lean_forward,2
408,1789976675.959383,0,0,0,0,0,88,0,0,0,0,25,270,336,365,376,403,315,405,441,471,409,367,240,0,0,0,28,427,1032,1033,931,534,aro0921,lean_forward,2
409,1789976675.979426,0,0,0,0,0,155,91,0,0,0,23,247,340,359,393,395,333,411,437,477,404,373,227,0,0,0,53,437,1022,1019,920,536,aro0921,lean_forward,2
410,1789976675.999447,0,0,0,0,0,247,171,0,0,0,31,254,349,374,328,409,349,431,445,467,407,373,235,0,0,0,47,475,1039,1021,875,507,aro0921,lean_forward,2
411,1789976676.019439,0,0,151,87,71,317,243,0,0,0,43,287,355,391,393,427,345,455,438,475,427,359,252,0,0,0,63,487,1017,1013,867,461,aro0921,lean_forward,2
412,1789976676.039470,0,0,214,181,180,331,296,0,0,0,47,265,410,383,399,420,377,437,490,477,403,365,221,20,0,0,55,462,1017,1045,857,469,aro0921,lean_forward,2
413,1789976676.059449,0,0,249,229,227,364,315,22,0,0,106,324,421,383,423,447,365,468,470,485,424,377,230,0,0,0,73,436,1034,1043,829,391,aro0921,lean_forward,2
414,1789976676.079478,0,183,285,285,285,405,343,73,0,0,133,309,415,395,409,441,415,457,499,500,439,359,264,0,0,0,30,443,1003,1041,763,364,aro0921,lean_forward,2
415,1789976676.099455,0,235,317,315,313,437,365,209,0,0,153,370,413,431,411,431,421,472,485,501,409,380,232,0,0,0,61,415,947,1015,723,365,aro0921,lean_forward,2
416,1789976676.119448,0,269,356,339,344,479,373,266,0,0,175,377,447,413,447,461,397,477,499,507,460,363,271,0,0,0,45,329,972,1010,728,317,aro0921,lean_forward,2
417,1789976676.139452,0,274,372,351,405,483,393,307,0,0,169,375,463,438,431,447,428,495,471,463,415,380,243,0,0,0,21,293,921,989,711,345,aro0921,lean_forward,2
418,1789976676.159434,0,302,365,365,412,525,405,309,0,0,204,415,461,423,467,485,392,483,501,483,414,391,248,0,0,0,0,237,873,941,725,343,aro0921,lean_forward,2
419,1789976676.179469,0,329,409,377,445,525,427,357,0,0,218,409,461,464,435,475,411,493,469,483,439,390,226,0,0,0,0,187,823,957,691,223,aro0921,lean_forward,2
420,1789976676.199482,0,359,423,373,463,529,453,353,0,0,231,420,435,413,468,437,401,463,503,509,427,357,235,0,0,0,0,212,799,922,637,191,aro0921,lean_forward,2
421,1789976676.219457,0,391,445,381,483,536,455,392,0,0,231,427,444,436,457,485,440,492,477,479,420,379,234,0,0,0,0,167,775,920,635,169,aro0921,lean_forward,2
422,1789976676.239447,0,421,467,401,501,551,478,397,0,0,220,423,465,441,460,485,429,477,479,492,421,373,239,0,0,0,0,87,741,907,623,163,aro0921,lean_forward,2
423,1789976676.259445,0,439,473,425,521,568,473,395,0,0,223,426,491,471,447,492,453,483,493,499,452,380,251,0,0,0,0,93,738,885,617,107,aro0921,lean_forward,2
424,1789976676.279481,0,475,499,421,529,564,491,415,0,0,223,425,461,432,488,500,420,491,475,489,415,396,227,0,0,0,0,142,695,871,607,122,aro0921,lean_forward,2
425,1789976676.299493,0,491,489,429,519,557,505,411,0,0,252,458,455,431,495,507,427,471,501,505,420,375,247,0,0,0,0,139,664,861,581,89,aro0921,lean_forward,2
426,1789976676.319597,36,501,485,443,534,570,501,409,0,0,253,443,467,459,463,507,435,471,501,509,447,393,240,0,0,0,0,123,683,884,579,79,aro0921,lean_forward,2
427,1789976676.339507,53,520,517,447,544,551,523,402,0,0,249,419,455,473,463,483,469,469,508,503,440,407,214,0,0,0,0,117,690,877,635,79,aro0921,lean_forward,2
428,1789976676.359499,67,519,503,455,536,555,501,431,0,0,261,439,495,477,463,489,461,503,471,476,445,381,248,0,0,0,0,99,670,843,587,106,aro0921,lean_forward,2
429,1789976676.379465,89,523,501,461,532,574,509,409,0,0,277,461,459,457,471,493,465,475,486,501,412,397,229,0,0,0,0,143,645,841,599,123,aro0921,lean_forward,2
430,1789976676.399459,105,527,495,467,533,567,523,408,0,0,264,459,474,459,447,487,461,489,498,469,413,403,211,0,0,0,0,111,659,855,631,115,aro0921,lean_forward,2
431,1789976676.419456,119,504,492,487,554,557,505,423,0,0,236,429,489,475,467,505,455,464,492,500,411,403,218,0,0,0,0,103,664,821,599,133,aro0921,lean_forward,2
432,1789976676.439471,112,523,507,479,549,573,509,413,0,0,263,441,479,457,484,499,442,489,475,491,429,389,237,0,0,0,0,123,648,839,611,106,aro0921,lean_forward,2
433,1789976676.459445,133,524,510,488,551,565,518,409,0,0,263,447,493,457,478,491,429,501,482,471,419,401,221,0,0,0,0,124,674,849,639,101,aro0921,lean_forward,2
434,1789976676.479461,112,533,522,473,532,569,509,413,0,0,293,471,477,447,465,482,469,485,483,501,412,379,235,0,0,0,0,137,662,841,613,135,aro0921,lean_forward,2
435,1789976676.499445,141,525,501,491,547,588,530,415,0,0,269,437,455,473,459,484,462,495,483,471,429,389,239,0,0,0,0,153,655,843,645,121,aro0921,lean_forward,2
436,1789976676.519487,125,537,529,477,549,585,507,393,0,0,265,461,483,471,473,477,447,468,505,508,423,389,243,0,0,0,0,141,631,828,613,151,aro0921,lean_forward,2
437,1789976676.539451,117,535,531,489,554,583,531,411,0,0,283,420,487,445,485,487,461,473,499,499,415,376,265,0,0,0,0,139,680,853,635,137,aro0921,lean_forward,2
438,1789976676.559515,105,539,502,477,543,563,504,420,0,0,261,467,469,438,501,521,425,502,469,483,443,393,249,0,0,0,0,146,685,824,651,159,aro0921,lean_forward,2
439,1789976676.579462,125,517,519,485,567,584,505,405,0,0,285,441,471,475,479,498,430,489,475,501,413,376,261,0,0,0,0,137,680,837,645,165,aro0921,lean_forward,2
440,1789976676.599446,87,519,525,485,551,553,521,390,0,0,251,461,477,437,489,475,457,469,503,505,437,368,248,0,0,0,0,125,679,852,616,99,aro0921,lean_forward,2
441,1789976676.619470,94,501,505,501,540,583,493,403,0,0,278,479,492,445,493,491,435,471,505,519,411,396,254,0,0,0,0,151,647,831,630,152,aro0921,lean_forward,2
442,1789976676.639478,95,504,502,488,547,571,505,403,0,0,267,455,476,459,477,493,443,486,491,491,431,383,239,0,0,0,0,152,648,825,631,155,aro0921,lean_forward,2
443,1789976676.659459,81,507,503,485,544,584,521,395,0,0,262,445,477,459,475,498,446,473,501,482,448,367,265,0,0,0,0,150,665,831,653,132,aro0921,lean_forward,2
444,1789976676.679479,88,486,502,499,539,570,521,413,0,0,284,460,485,454,486,504,427,491,477,495,445,377,243,0,0,0,0,133,655,839,627,135,aro0921,lean_forward,2
445,1789976676.699467,83,494,493,483,535,565,523,408,0,0,247,460,467,474,447,504,445,457,487,509,415,381,244,0,0,0,0,133,636,809,611,187,aro0921,lean_forward,2
446,1789976676.719452,99,479,501,499,549,582,504,410,0,0,245,446,494,441,489,473,428,495,478,472,428,397,235,0,0,0,0,137,645,798,664,173,aro0921,lean_forward,2
447,1789976676.739450,91,473,501,491,549,569,507,396,0,0,247,443,495,455,475,485,446,485,505,482,413,410,235,0,0,0,0,125,669,836,573,175,aro0921,lean_forward,2
448,1789976676.759456,76,480,491,483,541,559,525,405,0,0,275,440,487,475,457,478,460,474,477,504,419,372,265,0,0,0,0,133,653,812,616,165,aro0921,lean_forward,2
449,1789976676.779462,77,466,503,499,548,583,521,412,0,0,247,457,483,473,459,476,454,497,483,484,425,372,271,0,0,0,0,119,621,793,661,169,aro0921,lean_forward,2
450,1789976676.799466,60,472,491,488,555,567,529,421,0,0,233,427,453,471,411,491,459,459,485,506,453,373,268,0,0,0,0,135,637,827,610,145,aro0921,lean_forward,2
451,1789976676.818834,75,456,487,505,555,576,525,401,0,0,232,425,486,475,463,490,453,469,505,517,413,376,271,21,0,0,0,111,599,793,614,191,aro0921,lean_forward,2
452,1789976676.839520,62,470,495,485,547,569,523,425,0,0,253,425,447,441,487,501,425,509,473,472,409,389,260,0,0,0,0,153,615,812,647,184,aro0921,lean_forward,2
453,1789976676.859519,77,447,483,501,559,580,505,421,0,0,233,413,475,444,487,489,425,482,485,490,439,407,239,0,0,0,0,120,632,811,619,141,aro0921,lean_forward,2
454,1789976676.879508,69,467,489,493,547,573,521,421,0,0,247,431,475,451,475,489,441,503,487,487,431,390,264,0,0,0,0,133,611,807,645,174,aro0921,lean_forward,2
455,1789976676.899479,77,461,493,499,553,573,507,421,0,0,248,435,474,454,473,495,442,467,495,508,455,403,251,37,0,0,0,139,616,824,627,157,aro0921,lean_forward,2
456,1789976676.919442,57,491,491,487,551,587,538,429,0,0,261,421,456,441,491,505,431,503,476,477,427,379,253,0,0,0,0,157,597,861,665,153,aro0921,lean_forward,2
457,1789976676.939481,59,495,506,491,559,585,537,423,0,0,243,425,456,470,477,475,447,477,493,507,455,395,245,0,0,0,0,153,651,828,612,156,aro0921,lean_forward,2
458,1789976676.959454,59,499,487,487,553,569,531,415,0,0,270,424,467,435,495,495,431,460,493,530,431,393,269,45,0,0,0,141,633,794,611,167,aro0921,lean_forward,2
459,1789976676.979458,86,483,505,507,568,585,539,427,0,0,253,409,488,453,483,501,437,499,484,492,421,383,276,24,0,0,0,115,629,794,634,183,aro0921,lean_forward,2
460,1789976676.999464,87,503,491,508,569,580,543,415,0,0,236,415,491,471,459,495,433,443,502,521,432,377,281,24,0,0,0,117,607,800,631,171,aro0921,lean_forward,2
461,1789976677.019473,86,503,495,499,553,588,541,421,0,0,269,440,471,441,491,501,429,489,499,503,453,381,275,21,0,0,0,140,631,831,633,141,aro0921,lean_forward,2
462,1789976677.039452,93,505,499,517,564,590,542,439,0,0,249,437,481,469,472,489,455,503,483,481,421,375,277,0,0,0,0,123,619,781,651,188,aro0921,lean_forward,2
463,1789976677.059469,89,507,505,501,559,584,531,425,0,0,278,423,495,483,445,471,467,463,505,531,429,403,251,27,0,0,0,107,627,795,617,179,aro0921,lean_forward,2
464,1789976677.079447,92,525,508,503,571,580,537,438,0,0,265,437,475,461,474,493,441,491,491,493,439,393,267,27,0,0,0,132,593,799,627,151,aro0921,lean_forward,2
465,1789976677.099439,92,503,501,504,564,585,547,439,0,0,261,439,475,453,477,491,441,508,491,479,439,375,277,0,0,0,0,133,587,797,654,173,aro0921,lean_forward,2
466,1789976677.119461,88,525,506,495,570,573,533,443,0,0,244,423,461,458,473,493,441,477,485,503,445,407,245,37,0,0,0,151,599,791,616,165,aro0921,lean_forward,2
467,1789976677.139844,103,503,529,508,572,584,531,447,0,0,243,424,459,443,473,481,456,479,495,519,455,419,248,31,0,0,0,152,627,818,611,137,aro0921,lean_forward,2
468,1789976677.159504,91,523,503,501,559,573,531,446,0,0,279,452,466,471,472,509,424,473,500,532,423,408,249,45,0,0,0,120,615,777,533,189,aro0921,lean_forward,2
469,1789976677.179498,109,499,509,521,563,596,541,437,0,0,270,453,487,472,461,489,453,494,493,483,456,375,286,0,0,0,0,123,623,815,655,145,aro0921,lean_forward,2
470,1789976677.199471,109,500,501,522,567,569,535,429,0,0,263,451,488,441,488,518,429,489,495,505,455,403,267,47,0,0,0,153,595,805,607,149,aro0921,lean_forward,2
471,1789976677.219466,105,503,505,521,567,572,532,423,0,0,263,457,491,457,487,505,439,475,501,510,456,407,280,53,0,0,0,133,571,820,606,141,aro0921,lean_forward,2
472,1789976677.239461,98,503,497,506,585,581,532,438,0,0,234,421,426,441,479,494,441,493,477,498,424,379,283,33,0,0,0,165,611,787,631,189,aro0921,lean_forward,2
473,1789976677.259474,107,507,529,506,553,584,531,421,0,0,244,461,475,475,470,509,445,505,475,471,413,414,237,21,0,0,0,165,601,823,652,152,aro0921,lean_forward,2
474,1789976677.279476,99,509,520,520,555,573,534,435,0,0,277,456,463,443,488,501,431,494,483,502,423,407,245,44,0,0,0,165,614,766,615,197,aro0921,lean_forward,2
475,1789976677.299475,105,495,499,523,575,569,536,429,0,0,243,423,499,483,459,509,435,491,477,495,453,377,283,23,0,0,0,133,628,813,651,135,aro0921,lean_forward,2
476,1789976677.319617,87,517,525,500,573,573,532,413,0,0,247,427,463,469,471,477,457,488,499,507,459,409,240,30,0,0,0,157,603,796,615,167,aro0921,lean_forward,2
477,1789976677.339546,103,493,523,525,571,595,537,409,0,0,263,441,474,484,467,468,452,487,503,493,403,390,249,0,0,0,0,138,586,767,662,189,aro0921,lean_forward,2
478,1789976677.359466,105,493,523,507,571,589,529,393,0,0,244,441,465,437,491,488,439,490,505,477,431,393,245,0,0,0,0,166,603,793,677,171,aro0921,lean_forward,2
479,1789976677.379522,93,505,508,509,565,583,521,413,0,0,261,443,477,459,473,490,445,488,488,492,431,397,263,21,0,0,0,149,601,791,631,165,aro0921,lean_forward,2
480,1789976677.399498,88,499,504,507,565,593,540,411,0,0,263,421,461,445,485,509,438,471,501,505,439,381,279,0,0,0,0,169,629,850,633,163,aro0921,lean_forward,2
481,1789976677.419396,91,501,519,517,565,584,524,415,0,0,262,439,483,458,475,489,440,491,487,493,431,394,261,0,0,0,0,149,605,792,633,171,aro0921,lean_forward,2
482,1789976677.439504,79,519,499,499,565,585,517,424,0,0,267,461,471,472,482,517,422,508,471,475,413,413,245,0,0,0,0,135,602,773,663,214,aro0921,lean_forward,2
483,1789976677.459476,102,500,525,504,557,581,529,407,0,0,271,445,459,461,471,465,457,471,503,519,416,398,251,41,0,0,0,170,595,787,611,190,aro0921,lean_forward,2
484,1789976677.479470,89,495,509,525,571,571,521,414,0,0,261,443,477,471,466,489,477,503,473,492,431,409,248,37,0,0,0,157,615,825,621,163,aro0921,lean_forward,2
485,1789976677.499467,85,517,521,505,581,575,517,422,0,0,245,426,476,467,476,488,459,509,474,479,457,409,245,21,0,0,0,152,629,809,635,171,aro0921,lean_forward,2
486,1789976677.519486,101,492,501,522,555,583,529,399,0,0,283,462,492,440,494,507,429,490,503,504,413,392,278,0,0,0,0,149,589,765,632,207,aro0921,lean_forward,2
487,1789976677.539462,93,502,509,523,563,575,536,423,0,0,285,453,483,473,472,495,457,503,473,483,434,375,277,0,0,0,0,139,617,823,651,153,aro0921,lean_forward,2
488,1789976677.559489,87,511,533,495,581,573,521,427,0,0,265,415,468,457,481,506,435,503,469,479,457,376,299,20,0,0,0,151,591,804,661,149,aro0921,lean_forward,2
489,1789976677.579487,89,505,525,521,573,586,529,411,0,0,253,443,489,445,488,492,435,490,483,503,431,399,250,37,0,0,0,139,595,781,618,183,aro0921,lean_forward,2
490,1789976677.599478,93,509,505,506,553,588,523,421,0,0,269,462,467,470,447,491,453,501,473,491,439,394,265,0,0,0,0,171,611,793,649,167,aro0921,lean_forward,2
491,1789976677.619457,93,503,508,508,568,580,522,405,0,0,263,441,475,456,479,489,445,491,489,489,431,394,261,0,0,0,0,159,613,799,638,167,aro0921,lean_forward,2
492,1789976677.639486,87,507,505,510,565,590,529,415,0,0,265,455,467,467,459,501,439,501,473,479,447,371,274,0,0,0,0,173,633,820,629,137,aro0921,lean_forward,2
493,1789976677.659474,103,500,501,531,553,581,507,421,0,0,283,471,491,454,488,507,431,510,470,473,413,408,243,0,0,0,0,137,603,766,663,188,aro0921,lean_forward,2
494,1789976677.679456,89,509,523,505,570,581,519,419,0,0,253,429,473,469,467,483,459,503,461,475,416,403,245,0,0,0,0,158,632,781,663,200,aro0921,lean_forward,2
495,1789976677.699471,103,507,504,501,555,573,519,391,0,0,283,467,469,472,454,494,465,503,471,491,419,398,241,39,0,0,0,159,637,820,619,169,aro0921,lean_forward,2
496,1789976677.719463,104,496,499,526,573,587,529,416,0,0,270,431,477,440,499,517,430,523,473,472,421,383,261,0,0,0,0,151,646,783,669,181,aro0921,lean_forward,2
497,1789976677.739470,101,509,529,509,582,590,499,408,0,0,245,431,473,473,461,487,469,491,494,483,424,409,243,0,0,0,0,175,586,775,660,204,aro0921,lean_forward,2
498,1789976677.759432,105,503,521,525,571,571,519,405,0,0,277,431,492,445,488,502,431,485,501,503,453,408,275,39,0,0,0,149,621,813,617,153,aro0921,lean_forward,2
499,1789976677.779508,93,522,505,505,575,583,533,409,0,0,245,435,482,445,480,505,431,493,491,495,437,377,279,0,0,0,0,165,623,813,636,158,aro0921,lean_forward,2
500,1789976677.799502,89,525,525,501,585,569,518,414,0,0,244,423,474,470,483,495,443,495,487,500,455,413,239,45,0,0,0,173,627,794,591,173,aro0921,lean_forward,2
501,1789976677.819471,91,517,505,517,565,585,525,413,0,0,269,463,483,469,479,499,457,493,487,489,434,391,265,0,0,0,0,163,622,808,637,173,aro0921,lean_forward,2
502,1789976677.838830,103,504,519,517,566,575,535,411,0,0,265,447,489,473,441,495,445,502,488,477,431,383,251,41,0,0,0,147,640,821,613,163,aro0921,lean_forward,2
503,1789976677.859513,87,521,520,519,567,595,517,403,0,0,285,446,465,469,471,477,459,481,504,503,379,411,246,0,0,0,0,175,613,779,651,187,aro0921,lean_forward,2
504,1789976677.879495,95,501,521,505,569,589,501,399,0,0,261,431,477,453,478,498,447,489,499,503,447,389,265,22,0,0,0,155,621,805,635,170,aro0921,lean_forward,2
505,1789976677.899557,83,503,519,527,581,581,519,421,0,0,243,441,518,477,453,479,466,507,471,479,431,410,245,26,0,0,0,143,633,781,665,179,aro0921,lean_forward,2
506,1789976677.918522,98,501,525,502,557,571,525,409,0,0,284,461,468,468,471,493,443,487,494,509,419,399,239,38,0,0,0,178,663,767,619,197,aro0921,lean_forward,2
507,1789976677.939486,85,484,521,505,571,573,529,411,0,0,247,443,470,469,466,483,445,505,488,483,441,377,282,0,0,0,0,173,634,811,661,149,aro0921,lean_forward,2
508,1789976677.958510,88,485,499,525,563,591,510,413,0,0,277,446,493,468,471,495,447,503,479,492,446,393,269,0,0,0,0,141,603,785,660,176,aro0921,lean_forward,2
509,1789976677.978516,89,486,519,505,573,587,535,413,0,0,263,429,489,441,491,489,437,507,485,477,412,375,275,0,0,0,0,158,611,789,671,196,aro0921,lean_forward,2
510,1789976677.999128,76,487,509,523,567,571,533,416,0,0,246,453,473,476,461,477,465,483,485,517,418,373,261,47,0,0,0,147,610,783,619,205,aro0921,lean_forward,2
511,1789976678.019009,82,495,511,504,571,584,529,409,0,0,253,436,485,469,473,483,457,491,489,493,430,395,265,28,0,0,0,153,621,795,640,179,aro0921,lean_forward,2
512,1789976678.039482,77,479,495,507,583,587,531,405,0,0,251,424,468,441,491,503,435,477,503,508,454,372,265,24,0,0,0,179,648,821,637,157,aro0921,lean_forward,2
513,1789976678.059388,77,487,499,517,554,585,525,409,0,0,276,461,481,472,461,503,441,499,488,491,435,395,264,26,0,0,0,163,631,798,645,178,aro0921,lean_forward,2
514,1789976678.079165,73,487,509,519,567,585,526,409,0,0,267,442,471,455,473,489,447,493,489,491,431,395,263,37,0,0,0,164,658,774,645,191,aro0921,lean_forward,2
515,1789976678.099653,86,477,535,521,559,591,519,405,0,0,286,427,488,439,485,475,459,503,487,479,455,412,239,20,0,0,0,157,653,809,713,153,aro0921,lean_forward,2
516,1789976678.119726,83,483,518,521,573,571,517,421,0,0,263,419,473,447,473,475,460,506,475,487,411,414,261,37,0,0,0,171,649,825,649,183,aro0921,lean_forward,2
517,1789976678.139622,91,493,496,499,573,595,529,401,0,0,245,453,467,441,489,503,437,493,501,467,415,414,244,0,0,0,0,165,653,779,658,218,aro0921,lean_forward,2
518,1789976678.159376,85,487,505,508,554,583,535,404,0,0,261,462,481,441,499,501,431,516,499,502,415,395,230,57,0,0,0,159,621,791,615,198,aro0921,lean_forward,2
519,1789976678.179666,88,477,499,525,573,589,536,411,0,0,249,439,499,457,499,501,443,505,490,477,415,377,281,0,0,0,0,149,611,781,669,205,aro0921,lean_forward,2
520,1789976678.199648,82,487,523,523,585,573,532,423,0,0,264,419,489,473,472,491,459,503,473,489,425,381,264,35,0,0,0,155,653,791,647,191,aro0921,lean_forward,2
521,1789976678.219716,88,478,517,523,565,573,521,423,0,0,287,441,491,439,495,501,428,517,472,491,411,408,239,35,0,0,0,163,627,773,645,213,aro0921,lean_forward,2
522,1789976678.239602,63,499,521,521,573,589,537,415,0,0,291,435,485,441,490,489,440,469,491,524,431,373,248,43,0,0,0,167,632,821,623,163,aro0921,lean_forward,2
523,1789976678.259658,79,488,494,499,553,584,523,407,0,0,294,473,470,438,497,507,429,499,492,493,433,395,263,39,0,0,0,168,636,803,649,182,aro0921,lean_forward,2
524,1789976678.279720,77,489,505,517,565,585,505,406,0,0,269,443,479,461,477,485,447,492,501,491,425,413,244,27,0,0,0,173,606,779,659,203,aro0921,lean_forward,2
525,1789976678.299628,73,495,519,504,563,588,530,397,0,0,265,453,469,453,485,479,453,477,503,508,419,381,277,27,0,0,0,187,617,783,631,205,aro0921,lean_forward,2
526,1789976678.319827,77,477,493,521,555,569,501,396,0,0,287,461,473,445,488,504,432,472,505,519,413,419,247,53,0,0,0,181,637,785,630,205,aro0921,lean_forward,2
527,1789976678.338978,77,485,503,500,571,588,500,397,0,0,251,459,467,455,477,479,460,521,482,474,435,405,270,0,0,0,0,185,661,791,677,191,aro0921,lean_forward,2
528,1789976678.359421,86,473,506,517,551,571,507,405,0,0,281,474,505,455,497,501,434,520,475,471,457,393,267,35,0,0,0,152,606,798,663,157,aro0921,lean_forward,2
529,1789976678.379641,82,473,509,517,568,572,503,399,0,0,253,442,495,445,487,477,445,505,484,479,419,408,247,29,0,0,0,142,622,782,661,213,aro0921,lean_forward,2
530,1789976678.399669,59,487,509,502,562,573,499,407,0,0,261,435,467,441,492,483,436,505,473,488,447,411,239,26,0,0,0,199,604,824,665,155,aro0921,lean_forward,2
531,1789976678.419830,78,475,493,493,551,568,529,395,0,0,277,467,468,469,459,488,467,495,500,483,431,376,265,21,0,0,0,187,628,799,668,203,aro0921,lean_forward,2
532,1789976678.439563,59,489,519,491,553,581,517,391,0,0,291,457,465,445,489,483,445,491,505,475,439,378,277,51,0,0,0,185,665,823,667,165,aro0921,lean_forward,2
533,1789976678.458956,69,477,517,506,563,581,509,399,0,0,276,441,479,458,475,490,453,491,487,490,431,394,262,35,0,0,0,175,637,783,659,185,aro0921,lean_forward,2
534,1789976678.478464,77,479,500,507,565,579,527,401,0,0,269,447,479,459,476,490,446,494,492,493,422,393,251,30,0,0,0,175,633,797,650,205,aro0921,lean_forward,2
535,1789976678.498542,69,473,517,523,553,585,504,423,0,0,281,443,495,441,490,493,443,489,487,507,419,408,253,31,0,0,0,167,645,806,627,207,aro0921,lean_forward,2
536,1789976678.519567,56,487,489,518,567,591,527,391,0,0,282,435,490,461,485,510,445,475,517,509,437,375,265,30,0,0,0,163,665,824,635,170,aro0921,lean_forward,2
537,1789976678.539500,87,473,489,522,559,589,495,391,0,0,267,467,493,455,487,503,437,503,495,469,427,412,237,0,0,0,0,145,623,805,679,191,aro0921,lean_forward,2
538,1789976678.559499,75,485,517,517,553,572,507,423,0,0,291,469,479,461,473,477,455,510,471,488,438,415,237,39,0,0,0,183,623,777,654,231,aro0921,lean_forward,2
539,1789976678.579470,61,489,519,499,555,569,503,405,0,0,287,461,467,473,461,476,466,493,487,491,428,406,252,41,0,0,0,184,624,780,653,210,aro0921,lean_forward,2
540,1789976678.599472,71,477,519,523,571,572,521,413,0,0,279,437,498,446,501,475,455,504,473,485,416,397,251,40,0,0,0,163,636,793,620,201,aro0921,lean_forward,2
541,1789976678.619251,70,485,520,519,555,589,510,393,0,0,291,467,499,475,459,473,471,483,501,491,437,413,232,20,0,0,0,155,665,823,663,171,aro0921,lean_forward,2
542,1789976678.639562,63,479,519,507,568,581,525,414,0,0,263,439,471,477,455,484,467,509,469,479,441,383,269,57,0,0,0,176,664,808,660,171,aro0921,lean_forward,2
543,1789976678.659480,70,489,503,509,581,584,523,403,0,0,251,427,473,439,533,494,437,491,493,499,429,397,253,47,0,0,0,175,645,803,637,185,aro0921,lean_forward,2
544,1789976678.679195,77,487,506,523,565,583,521,405,0,0,275,453,485,461,476,491,452,493,490,493,443,394,265,30,0,0,0,169,621,803,655,179,aro0921,lean_forward,2
545,1789976678.699500,59,495,501,509,549,572,524,397,0,0,277,458,479,465,479,507,433,476,501,517,415,397,251,28,0,0,0,165,632,791,639,203,aro0921,lean_forward,2
546,1789976678.719488,59,495,520,498,566,581,524,419,0,0,280,437,485,475,477,505,438,521,473,492,458,362,287,29,0,0,0,171,647,799,652,141,aro0921,lean_forward,2
547,1789976678.739501,83,483,507,525,572,585,504,415,0,0,279,435,499,476,468,489,461,489,489,499,467,415,234,0,0,0,0,155,645,792,679,173,aro0921,lean_forward,2
548,1789976678.759479,76,477,521,519,567,589,519,414,0,0,288,436,469,443,485,473,457,483,489,508,471,408,266,0,0,0,0,181,648,820,653,167,aro0921,lean_forward,2
549,1789976678.779477,76,488,519,517,557,581,524,395,0,0,287,455,466,445,488,477,459,485,499,504,414,401,262,0,0,0,0,157,655,779,627,226,aro0921,lean_forward,2
550,1789976678.799482,59,490,507,509,553,583,531,396,0,0,284,472,495,452,493,501,432,475,509,517,427,392,263,39,0,0,0,183,649,827,631,197,aro0921,lean_forward,2
551,1789976678.819506,77,495,499,506,555,587,535,413,0,0,252,462,499,457,461,491,467,495,519,473,455,411,234,51,0,0,0,155,637,803,663,185,aro0921,lean_forward,2
552,1789976678.839504,77,489,499,502,558,570,527,405,0,0,283,443,468,483,467,491,461,509,482,500,453,413,249,22,0,0,0,185,662,811,679,167,aro0921,lean_forward,2
553,1789976678.859532,69,487,505,509,574,584,520,401,0,0,249,435,477,453,531,507,435,503,489,499,435,395,254,39,0,0,0,157,647,797,651,189,aro0921,lean_forward,2
554,1789976678.879598,73,487,503,509,563,581,509,411,0,0,265,437,485,461,475,489,446,493,485,494,435,399,252,35,0,0,0,172,639,829,648,191,aro0921,lean_forward,2
555,1789976678.899481,77,493,517,500,563,595,500,413,0,0,291,429,457,441,489,470,453,484,477,477,371,401,267,0,0,0,0,157,647,777,659,225,aro0921,lean_forward,2
556,1789976678.919543,70,486,505,507,566,580,518,404,0,0,278,446,483,460,468,491,452,491,488,495,425,397,254,35,0,0,0,179,659,805,653,209,aro0921,lean_forward,2
557,1789976678.939477,69,477,501,503,572,567,519,403,0,0,285,458,501,475,493,479,445,507,504,519,447,396,265,23,0,0,0,183,665,799,661,185,aro0921,lean_forward,2
558,1789976678.959500,81,486,490,522,563,591,501,405,0,0,261,435,475,469,488,491,455,479,486,483,453,380,165,39,0,0,0,181,667,811,633,211,aro0921,lean_forward,2
559,1789976678.979503,59,489,504,520,555,580,521,391,0,0,277,437,483,457,491,489,437,505,477,503,439,408,233,0,0,0,0,142,628,787,626,221,aro0921,lean_forward,2
560,1789976678.999470,59,498,499,503,566,568,527,394,0,0,285,467,471,447,483,499,437,483,495,517,415,377,254,50,0,0,0,202,657,777,623,218,aro0921,lean_forward,2
561,1789976679.019484,73,475,503,517,572,569,501,402,0,0,252,470,487,461,496,483,442,485,509,476,427,381,285,24,0,0,0,201,645,775,663,168,aro0921,lean_forward,2
562,1789976679.039467,76,477,507,531,573,581,522,411,0,0,262,435,499,445,491,475,459,521,491,483,453,407,230,45,0,0,0,157,623,787,647,199,aro0921,lean_forward,2
563,1789976679.059485,72,505,518,499,573,584,530,389,0,0,279,425,471,443,499,491,437,483,509,492,408,380,237,0,0,0,0,181,637,825,677,171,aro0921,lean_forward,2
564,1789976679.079487,61,494,501,503,565,574,502,395,0,0,269,443,465,475,463,488,469,483,501,490,438,412,239,0,0,0,0,197,653,791,695,187,aro0921,lean_forward,2
565,1789976679.099470,73,485,517,517,557,582,509,403,0,0,291,469,486,445,500,475,440,495,489,493,431,398,270,30,0,0,0,167,650,799,652,200,aro0921,lean_forward,2
566,1789976679.119483,73,483,499,519,565,583,509,398,0,0,269,443,483,463,479,493,452,489,491,495,435,394,255,37,0,0,0,173,627,798,651,197,aro0921,lean_forward,2
567,1789976679.139488,81,474,485,517,554,583,509,411,0,0,279,436,430,475,469,501,455,491,491,509,441,381,267,39,0,0,0,199,637,795,628,181,aro0921,lean_forward,2
568,1789976679.159478,78,479,519,519,553,568,518,411,0,0,281,397,491,443,495,479,445,506,471,525,421,389,233,55,0,0,0,153,677,811,621,209,aro0921,lean_forward,2
569,1789976679.179514,77,487,506,505,556,575,505,397,0,0,287,445,469,475,485,479,457,501,475,505,441,374,248,52,0,0,0,197,633,789,631,207,aro0921,lean_forward,2
570,1789976679.199494,81,477,498,519,567,587,517,395,0,0,271,441,467,471,473,476,470,509,488,477,446,375,271,55,0,0,0,203,677,781,637,213,aro0921,lean_forward,2
571,1789976679.219489,74,479,491,520,557,590,508,407,0,0,267,469,473,471,466,475,473,521,476,473,430,412,236,0,0,0,0,173,616,822,685,187,aro0921,lean_forward,2
572,1789976679.239494,56,493,490,508,558,573,507,380,0,0,267,457,471,469,479,508,440,485,507,495,447,363,269,0,0,0,0,171,644,793,679,189,aro0921,lean_forward,2
573,1789976679.259506,79,474,518,523,579,565,503,383,0,0,252,421,503,476,470,492,447,491,517,506,441,396,237,44,0,0,0,157,669,795,622,203,aro0921,lean_forward,2
574,1789976679.279520,61,491,509,519,559,583,501,405,0,0,271,459,472,457,487,487,447,489,477,506,427,413,267,49,0,0,0,187,649,792,630,185,aro0921,lean_forward,2
575,1789976679.299510,73,465,505,503,569,581,505,389,0,0,281,383,485,445,495,489,441,489,492,494,429,397,249,30,0,0,0,175,653,805,659,205,aro0921,lean_forward,2
576,1789976679.319476,69,485,499,507,564,575,504,383,0,0,278,453,487,463,492,495,455,489,488,486,427,391,249,26,0,0,0,183,651,807,653,199,aro0921,lean_forward,2
577,1789976679.339479,59,479,506,524,555,581,507,383,0,0,275,476,499,444,502,492,439,482,487,503,420,371,264,24,0,0,0,165,666,821,622,205,aro0921,lean_forward,2
578,1789976679.359532,75,477,487,515,548,557,500,383,0,0,299,472,490,475,483,507,447,509,487,477,423,398,231,0,0,0,0,169,677,809,658,216,aro0921,lean_forward,2
579,1789976679.379473,78,471,485,517,543,564,499,355,0,0,301,478,500,452,501,506,429,467,507,499,413,373,267,41,0,0,0,189,665,793,612,216,aro0921,lean_forward,2
580,1789976679.399500,73,467,491,509,557,574,473,360,0,0,300,445,475,472,471,479,471,483,487,502,431,396,250,0,0,0,0,239,679,806,649,211,aro0921,lean_forward,2
581,1789976679.419480,73,477,499,491,555,568,479,329,0,0,271,459,487,457,477,482,475,495,503,470,453,372,255,0,0,0,0,269,663,806,683,203,aro0921,lean_forward,2
582,1789976679.439492,58,447,495,495,543,563,463,331,0,0,295,455,475,481,479,505,473,496,492,489,415,375,221,0,0,0,0,293,681,819,666,233,aro0921,lean_forward,2
583,1789976679.459509,53,461,462,477,539,553,445,293,0,0,328,459,483,487,477,527,455,485,507,493,411,393,233,0,0,0,0,299,653,822,687,279,aro0921,lean_forward,2
584,1789976679.479495,50,443,461,489,527,523,428,281,0,0,275,455,508,474,494,505,467,503,504,501,404,411,264,0,0,0,0,347,665,803,685,264,aro0921,lean_forward,2
585,1789976679.499473,0,414,463,467,497,521,405,270,0,0,303,472,483,467,487,501,453,487,490,482,425,391,243,0,0,0,0,371,691,811,676,283,aro0921,lean_forward,2
586,1789976679.519219,0,395,452,447,493,505,382,232,0,0,307,467,498,467,485,505,455,483,491,487,438,383,237,0,0,0,0,397,713,791,685,319,aro0921,lean_forward,2
587,1789976679.538831,0,359,424,424,459,495,343,160,0,0,327,482,509,476,499,504,439,495,503,493,408,409,264,26,0,0,0,399,727,811,694,286,aro0921,lean_forward,2
588,1789976679.559500,0,309,384,426,457,477,279,123,0,0,312,489,503,471,492,531,441,494,469,493,403,389,263,28,0,0,0,411,743,823,675,337,aro0921,lean_forward,2
589,1789976679.579505,0,290,357,403,447,447,248,47,0,0,301,457,485,459,505,493,437,501,483,471,416,397,261,25,0,0,21,428,731,813,703,344,aro0921,lean_forward,2
590,1789976679.599500,0,266,335,383,421,429,261,53,0,0,325,455,521,485,491,493,452,481,501,473,441,373,243,26,0,0,0,469,713,823,725,327,aro0921,lean_forward,2
591,1789976679.619481,0,243,308,351,413,409,229,44,0,0,287,475,489,447,467,525,453,504,459,477,439,390,228,35,0,0,0,427,749,845,698,339,aro0921,lean_forward,2
592,1789976679.639484,0,213,313,345,371,371,185,28,0,0,328,470,521,461,500,521,431,508,475,477,436,407,218,0,0,0,0,456,727,877,735,315,aro0921,lean_forward,2
593,1789976679.659474,0,212,297,311,329,311,163,0,0,0,303,491,475,482,469,486,467,473,484,487,425,375,229,24,0,0,0,487,779,875,691,327,aro0921,lean_forward,2
594,1789976679.679532,0,181,264,287,279,291,122,0,0,0,303,487,477,475,471,493,445,475,492,477,425,390,227,0,0,0,23,485,751,839,751,349,aro0921,lean_forward,2
595,1789976679.699507,0,142,244,280,269,267,102,0,0,0,300,429,488,467,485,497,431,477,477,478,413,379,232,0,0,0,0,499,765,861,747,357,aro0921,lean_forward,2
596,1789976679.719487,0,107,205,255,246,243,74,0,0,0,299,469,487,461,473,503,427,487,477,479,405,379,232,0,0,0,0,498,804,891,754,354,aro0921,lean_forward,2
597,1789976679.739495,0,44,201,214,232,200,43,0,0,0,279,492,483,457,469,483,437,491,483,459,429,363,223,0,0,0,25,489,789,867,761,397,aro0921,lean_forward,2
598,1789976679.759488,0,0,119,171,213,174,0,0,0,0,283,461,500,483,473,519,411,488,469,477,394,373,205,0,0,0,0,504,763,896,755,375,aro0921,lean_forward,2
599,1789976679.779502,0,0,73,141,211,175,0,0,0,0,284,447,491,445,483,477,415,479,479,460,396,392,227,0,0,0,29,505,798,877,788,413,aro0921,lean_forward,2
600,1789976679.799512,0,0,45,135,183,183,0,0,0,0,295,469,483,446,481,469,423,469,487,473,425,403,231,0,0,0,25,549,819,878,747,363,aro0921,lean_forward,2
601,1789976679.819479,0,0,0,119,183,154,0,0,0,0,307,453,495,473,473,492,429,479,443,483,393,359,203,0,0,0,0,531,791,915,747,361,aro0921,lean_forward,2
602,1789976679.839491,0,0,0,92,185,151,0,0,0,0,271,441,477,443,438,489,405,483,459,467,403,363,239,0,0,0,0,585,807,904,799,393,aro0921,lean_forward,2
603,1789976679.859630,0,0,0,93,181,133,0,0,0,0,267,437,469,467,472,453,393,457,483,459,429,388,219,0,0,0,0,571,823,907,813,379,aro0921,lean_forward,2
604,1789976679.879292,0,0,0,77,157,117,0,0,0,0,265,453,492,455,463,473,422,483,477,479,408,367,247,0,0,0,0,539,830,877,779,361,aro0921,lean_forward,2
605,1789976679.899520,0,0,0,50,122,111,0,0,0,0,270,455,477,458,467,474,407,473,472,475,411,380,233,0,0,0,0,559,839,908,797,415,aro0921,lean_forward,2
606,1789976679.919490,0,0,0,22,100,107,0,0,0,0,271,445,473,461,465,477,423,446,470,489,425,383,211,0,0,0,0,568,842,887,781,437,aro0921,lean_forward,2
607,1789976679.939507,0,0,0,0,99,83,0,0,0,0,287,441,475,455,479,474,392,477,459,479,411,390,222,0,0,0,0,595,872,925,809,455,aro0921,lean_forward,2
608,1789976679.959517,0,0,0,0,93,67,0,0,0,0,247,441,483,466,472,469,379,456,490,457,427,391,211,21,0,0,0,595,837,891,847,421,aro0921,lean_forward,2
609,1789976679.979486,0,0,0,0,89,47,0,0,0,0,253,431,473,453,444,459,413,455,495,472,399,391,255,27,0,0,0,602,844,940,853,442,aro0921,lean_forward,2
610,1789976679.999504,0,0,0,0,68,55,0,0,0,0,245,423,459,435,459,488,413,461,485,485,419,357,247,37,0,0,31,587,845,891,859,461,aro0921,lean_forward,2
611,1789976680.019478,0,0,0,0,31,57,0,0,0,0,269,460,467,435,475,461,381,489,463,457,397,365,249,69,0,0,40,603,885,938,841,474,aro0921,lean_forward,2
612,1789976680.039482,0,0,0,0,0,33,0,0,0,0,281,445,488,435,481,463,383,459,463,489,427,367,265,69,0,0,0,619,871,947,815,439,aro0921,lean_forward,2
613,1789976680.059476,0,0,0,0,0,0,0,0,0,0,276,419,456,458,439,453,375,458,461,469,415,375,263,39,0,0,20,621,879,951,825,494,aro0921,lean_forward,2
614,1789976680.079485,0,0,0,0,0,0,0,0,0,0,253,431,461,462,472,462,402,442,457,483,393,372,239,47,0,0,35,666,947,963,875,483,aro0921,lean_forward,2
615,1789976680.099513,0,0,0,0,0,0,0,0,0,0,261,438,474,425,471,443,375,479,473,494,413,383,280,43,0,0,0,649,915,941,857,501,aro0921,lean_forward,2
616,1789976680.119487,0,0,0,0,0,0,0,0,0,0,278,465,474,459,463,474,397,459,453,487,430,408,269,75,0,0,27,695,934,959,863,505,aro0921,lean_forward,2
617,1789976680.139535,0,0,0,0,0,0,0,0,0,0,253,423,447,429,435,428,383,477,456,473,413,391,251,64,0,0,29,681,931,951,887,504,aro0921,lean_forward,2
618,1789976680.159504,0,0,0,0,0,0,0,0,0,0,219,436,477,445,437,471,346,477,463,504,397,371,274,71,0,0,35,693,919,955,891,539,aro0921,lean_forward,2
619,1789976680.179603,0,0,0,0,0,0,0,0,0,0,247,428,443,425,438,457,363,457,470,461,397,395,231,56,0,0,0,739,919,981,895,509,aro0921,lean_forward,2
620,1789976680.199502,0,0,0,0,0,0,0,0,0,0,209,424,457,409,441,437,348,428,475,489,412,365,268,69,0,0,30,693,943,955,877,551,aro0921,lean_forward,2
621,1789976680.219534,0,0,0,0,0,0,0,0,0,0,215,427,435,423,443,457,330,463,445,489,422,403,233,50,0,0,41,711,972,939,879,551,aro0921,lean_forward,2
622,1789976680.239503,0,0,0,0,0,0,0,0,0,0,243,427,423,441,419,414,360,459,459,467,408,381,239,51,0,0,0,735,955,981,915,539,aro0921,lean_forward,2
623,1789976680.259510,0,0,0,0,0,0,0,0,0,0,197,411,419,407,453,423,330,475,444,467,414,357,255,63,0,0,0,729,947,959,871,566,aro0921,lean_forward,2
624,1789976680.279502,0,0,0,0,0,0,0,0,0,0,203,401,435,427,440,429,327,451,453,470,409,381,232,44,0,0,0,713,959,967,909,555,aro0921,lean_forward,2
625,1789976680.299532,0,0,0,0,0,0,0,0,0,0,216,403,429,409,422,428,329,453,458,468,405,376,223,40,0,0,0,712,973,972,919,534,aro0921,lean_forward,2
626,1789976680.319504,0,0,0,0,0,0,0,0,0,0,221,414,438,391,431,429,307,439,465,467,395,390,212,22,0,0,0,703,970,995,937,548,aro0921,lean_forward,2
627,1789976680.339498,0,0,0,0,0,0,0,0,0,0,231,409,441,381,426,445,295,421,457,478,383,381,203,55,0,0,37,683,949,957,905,581,aro0921,lean_forward,2
628,1789976680.359520,0,0,0,0,0,0,0,0,0,0,201,397,425,407,383,407,310,475,437,447,383,382,199,0,0,0,0,722,931,991,933,565,aro0921,lean_forward,2
629,1789976680.379582,0,0,0,0,0,0,0,0,0,0,215,375,428,397,399,420,325,447,460,441,379,373,202,25,0,0,0,725,997,996,935,581,aro0921,lean_forward,2
630,1789976680.399507,0,0,0,0,0,0,0,0,0,0,183,395,407,409,420,429,295,441,457,458,372,343,236,0,0,0,27,709,971,969,951,607,aro0921,lean_forward,2
631,1789976680.419515,0,0,0,0,0,0,0,0,0,0,218,409,443,389,424,437,283,471,431,447,381,345,223,0,0,0,0,703,963,1001,919,581,aro0921,lean_forward,2
632,1789976680.439498,0,0,0,0,0,0,0,0,0,0,181,383,427,397,395,422,285,456,429,456,415,341,229,0,0,0,0,723,971,973,937,571,aro0921,lean_forward,2
633,1789976680.459508,0,0,0,0,0,0,0,0,0,0,181,363,427,371,408,393,303,439,443,473,413,349,232,0,0,0,0,709,1005,1005,902,553,aro0921,lean_forward,2
634,1789976680.479498,0,0,0,0,0,0,0,0,0,0,181,377,410,409,383,403,295,421,457,475,394,357,187,0,0,0,37,719,996,1002,915,549,aro0921,lean_forward,2
635,1789976680.499503,0,0,0,0,0,0,0,0,0,0,181,372,413,375,408,377,277,422,457,439,407,344,183,0,0,0,37,677,988,999,965,549,aro0921,lean_forward,2
636,1789976680.519497,0,0,0,0,0,0,0,0,0,0,169,363,420,382,412,399,253,427,437,453,390,345,205,0,0,0,53,677,997,1001,913,573,aro0921,lean_forward,2
637,1789976680.539490,0,0,0,0,0,0,0,0,0,0,173,375,391,389,383,397,267,431,437,445,383,344,200,0,0,0,26,719,998,995,942,571,aro0921,lean_forward,2
638,1789976680.559518,0,0,0,0,0,0,0,0,0,0,185,391,409,379,408,393,243,448,423,425,405,356,180,0,0,0,51,688,997,1015,983,547,aro0921,lean_forward,2
639,1789976680.579489,0,0,0,0,0,0,0,0,0,0,153,382,383,405,375,397,263,442,441,437,403,358,189,0,0,0,22,725,987,997,941,559,aro0921,lean_forward,2
640,1789976680.599480,0,0,0,0,0,0,0,0,0,0,171,393,366,403,397,395,243,411,439,460,360,325,203,0,0,0,47,713,987,983,932,604,aro0921,lean_forward,2
641,1789976680.619506,0,0,0,0,0,0,0,0,0,0,181,396,355,373,413,403,247,415,431,471,365,357,213,0,0,0,0,745,1022,979,915,613,aro0921,lean_forward,2
642,1789976680.639557,0,0,0,0,0,0,0,0,0,0,179,373,361,408,367,405,263,428,415,461,403,315,212,0,0,0,25,725,994,989,917,571,aro0921,lean_forward,2
643,1789976680.659514,0,0,0,0,0,0,0,0,0,0,157,340,363,380,409,393,255,416,453,445,402,335,179,0,0,0,46,691,1013,985,967,601,aro0921,lean_forward,2
644,1789976680.679562,0,0,0,0,0,0,0,0,0,0,166,357,371,391,407,381,283,447,411,439,361,318,213,0,0,0,37,716,996,1042,934,610,aro0921,lean_forward,2
645,1789976680.699499,0,0,0,0,0,0,0,0,0,0,149,379,393,377,375,418,268,416,409,443,398,319,199,0,0,0,45,723,999,1017,951,617,aro0921,lean_forward,2
646,1789976680.719551,0,0,0,0,0,0,0,0,0,0,135,351,394,413,367,415,277,445,411,439,380,333,210,0,0,0,0,686,1020,1017,927,610,aro0921,lean_forward,2
647,1789976680.739499,0,0,0,0,0,0,0,0,0,0,149,365,377,393,383,399,269,427,429,439,377,330,191,0,0,0,0,699,1021,1016,952,601,aro0921,lean_forward,2
648,1789976680.759507,0,0,0,0,0,0,0,0,0,0,159,384,377,379,402,389,287,444,421,434,371,344,170,0,0,0,0,715,1055,1013,933,591,aro0921,lean_forward,2
649,1789976680.779507,0,0,0,0,0,0,0,0,0,0,163,359,381,376,391,397,293,447,412,442,367,349,189,0,0,0,21,680,1007,1034,936,587,aro0921,lean_forward,2
650,1789976680.799510,0,0,0,0,0,0,0,0,0,0,141,371,392,374,407,378,287,428,409,460,363,347,187,0,0,0,0,700,1007,1017,959,619,aro0921,lean_forward,2
651,1789976680.819497,0,0,0,0,0,0,0,0,0,0,145,351,364,377,406,381,292,435,440,425,405,343,178,0,0,0,0,709,1013,1055,989,571,aro0921,lean_forward,2
652,1789976680.839226,0,0,0,0,0,0,0,0,0,0,165,353,377,407,377,421,295,452,425,427,377,344,187,0,0,0,0,718,1036,1033,979,586,aro0921,lean_forward,2
653,1789976680.859524,0,0,0,0,0,0,0,0,0,0,135,393,396,414,375,425,296,436,440,423,399,315,171,0,0,0,43,681,1053,1007,969,591,aro0921,lean_forward,2
654,1789976680.879443,0,0,0,0,0,0,0,0,0,0,133,395,393,403,403,423,275,431,443,428,381,299,190,0,0,0,39,711,1018,1062,987,583,aro0921,lean_forward,2
655,1789976680.899592,0,0,0,0,0,0,0,0,0,0,149,395,371,414,391,407,281,425,411,459,395,315,189,0,0,0,57,714,1065,1043,984,591,aro0921,lean_forward,2
656,1789976680.919516,0,0,0,0,0,0,0,0,0,0,187,374,411,371,409,401,307,411,441,424,375,307,174,0,0,0,40,687,1046,1032,948,596,aro0921,lean_forward,2
657,1789976680.939496,0,0,0,0,0,0,0,0,0,0,162,382,397,405,405,420,293,425,422,439,367,295,167,0,0,0,37,695,1045,1032,957,588,aro0921,lean_forward,2
658,1789976680.959504,0,0,0,0,0,0,0,0,0,0,165,370,381,404,389,409,311,455,426,411,391,265,160,0,0,0,26,733,1042,1017,973,559,aro0921,lean_forward,2
659,1789976680.979492,0,0,0,0,0,0,0,0,0,0,183,391,406,419,395,431,285,439,443,427,383,255,167,0,0,0,0,729,1023,1041,941,551,aro0921,lean_forward,2
660,1789976680.999503,0,0,0,0,0,0,0,0,0,0,153,363,411,429,415,421,293,441,402,421,381,292,142,0,0,0,69,683,1055,1052,987,549,aro0921,lean_forward,2
661,1789976681.019507,0,0,0,0,0,0,0,0,0,0,184,381,414,377,413,405,301,424,405,446,362,255,169,0,0,0,37,703,1061,1045,933,558,aro0921,lean_forward,2
662,1789976681.039489,0,0,0,0,0,0,0,0,0,0,179,380,395,411,392,436,287,425,397,435,343,281,133,0,0,0,57,687,1041,1015,942,590,aro0921,lean_forward,2
663,1789976681.059504,0,0,0,0,0,0,0,0,0,0,181,409,405,409,403,424,293,410,430,427,375,277,147,0,0,0,40,684,1065,1039,971,553,aro0921,lean_forward,2
664,1789976681.079484,0,0,0,0,0,0,0,0,0,0,153,392,415,405,413,435,277,437,379,409,337,264,134,0,0,0,47,667,1075,1017,990,598,aro0921,lean_forward,2
665,1789976681.099495,0,0,0,0,0,0,0,0,0,0,201,407,379,413,383,429,283,435,395,427,357,265,121,0,0,0,27,709,1039,1049,951,531,aro0921,lean_forward,2
666,1789976681.119521,0,0,0,0,0,0,0,0,0,0,151,365,407,415,382,426,298,405,428,432,373,267,111,0,0,0,45,675,1033,1039,951,566,aro0921,lean_forward,2
667,1789976681.139519,0,0,0,0,0,0,0,0,0,0,173,371,412,380,413,403,291,405,409,439,347,263,141,0,0,0,37,665,1032,1015,932,587,aro0921,lean_forward,2
668,1789976681.159507,0,0,0,0,0,0,0,0,0,0,183,373,421,416,421,413,269,403,395,425,373,233,148,0,0,0,20,708,1047,1020,953,535,aro0921,lean_forward,2
669,1789976681.178912,0,0,0,0,0,0,0,0,0,0,191,389,399,397,403,411,285,411,409,421,359,247,120,0,0,0,26,682,1051,1035,951,559,aro0921,lean_forward,2
670,1789976681.199532,0,0,0,0,0,0,0,0,0,0,171,383,399,401,413,420,287,415,411,420,355,253,123,0,0,0,25,680,1022,1055,957,558,aro0921,lean_forward,2
671,1789976681.219501,0,0,0,0,0,0,0,0,0,0,183,373,405,391,424,419,267,420,411,419,363,237,142,0,0,0,0,685,1043,1031,957,557,aro0921,lean_forward,2
672,1789976681.239498,0,0,0,0,0,0,0,0,0,0,153,367,381,415,391,419,298,397,429,424,371,238,107,0,0,0,25,675,1059,1023,979,543,aro0921,lean_forward,2
673,1789976681.259523,0,0,0,0,0,0,0,0,0,0,157,412,403,379,421,440,273,384,428,439,357,231,126,0,0,0,21,687,1014,1077,931,553,aro0921,lean_forward,2
674,1789976681.279535,0,0,0,0,0,0,0,0,0,0,157,391,412,392,412,435,283,430,409,405,347,253,105,0,0,0,51,659,1020,1003,959,583,aro0921,lean_forward,2
675,1789976681.299504,0,0,0,0,0,0,0,0,0,0,157,378,383,413,393,412,303,411,419,424,349,248,103,0,0,0,52,667,1055,1015,935,547,aro0921,lean_forward,2
676,1789976681.319499,0,0,0,0,0,0,0,0,0,0,187,411,375,379,425,439,275,425,395,407,333,239,115,0,0,0,22,684,1071,1003,968,573,aro0921,lean_forward,2
677,1789976681.339527,0,0,0,0,0,0,0,0,0,0,155,414,395,383,415,423,281,425,393,427,341,243,137,0,0,0,67,660,1036,1021,923,538,aro0921,lean_forward,2
678,1789976681.359522,0,0,0,0,0,0,0,0,0,0,179,413,413,395,408,427,291,413,411,425,343,229,135,0,0,0,69,645,1031,973,925,555,aro0921,lean_forward,2
679,1789976681.378926,0,0,0,0,0,0,0,0,0,0,159,397,409,396,397,419,309,419,429,404,354,243,117,0,0,0,43,669,1045,1035,953,551,aro0921,lean_forward,2
680,1789976681.399574,0,0,0,0,0,0,0,0,0,0,172,397,411,404,407,421,301,415,405,413,333,235,114,0,0,0,42,664,1049,1059,951,536,aro0921,lean_forward,2
681,1789976681.419523,0,0,0,0,0,0,0,0,0,0,169,393,395,413,389,401,317,441,398,405,363,221,109,0,0,0,34,684,1098,1054,967,522,aro0921,lean_forward,2
682,1789976681.439509,0,0,0,0,0,0,0,0,0,0,179,397,425,391,425,411,306,413,424,420,331,262,109,0,0,0,56,635,1065,1059,954,541,aro0921,lean_forward,2
683,1789976681.459530,0,0,0,0,0,0,0,0,0,0,185,421,405,430,390,427,315,403,428,431,355,277,101,0,0,0,21,678,1064,1006,930,553,aro0921,lean_forward,2
684,1789976681.479531,0,0,0,0,0,0,0,0,0,0,188,398,395,420,397,437,309,407,411,435,350,227,111,0,0,0,37,677,1017,990,907,569,aro0921,lean_forward,2
685,1789976681.499515,0,0,0,0,0,0,0,0,0,0,188,381,395,403,422,421,291,438,407,411,341,263,111,0,0,0,53,657,1061,1013,938,525,aro0921,lean_forward,2
686,1789976681.519500,0,0,0,0,0,0,0,0,0,0,152,379,397,419,377,407,325,445,419,427,363,267,104,0,0,0,53,633,1061,1007,980,527,aro0921,lean_forward,2
687,1789976681.539515,0,0,0,0,0,0,0,0,0,0,197,401,403,411,405,439,293,442,390,422,339,237,119,0,0,0,51,637,1035,1021,921,571,aro0921,lean_forward,2
688,1789976681.559500,0,0,0,0,0,0,0,0,0,0,190,421,422,423,383,408,327,431,424,413,375,229,133,0,0,0,63,613,1039,1032,983,521,aro0921,lean_forward,2
689,1789976681.579527,0,0,0,0,0,0,0,0,0,0,185,403,409,406,407,425,313,426,409,416,348,245,122,0,0,0,35,633,1032,1021,941,547,aro0921,lean_forward,2
690,1789976681.599519,0,0,0,0,0,0,0,0,0,0,183,403,430,408,409,425,311,409,412,429,357,221,139,0,0,0,36,634,1003,1017,951,564,aro0921,lean_forward,2
691,1789976681.619500,0,0,0,0,0,0,0,0,0,0,200,377,389,425,377,402,339,423,429,397,328,269,103,0,0,0,24,655,1055,1020,978,562,aro0921,lean_forward,2
692,1789976681.639515,0,0,0,0,0,0,0,0,0,0,203,397,397,415,395,440,313,413,426,431,365,229,145,0,0,0,36,637,1021,1053,924,507,aro0921,lean_forward,2
693,1789976681.659521,0,0,0,0,0,0,0,0,0,0,159,423,413,393,403,415,316,409,427,436,357,231,147,0,0,0,0,638,1001,1048,953,520,aro0921,lean_forward,2
694,1789976681.679552,0,0,0,0,0,0,0,0,0,0,184,391,432,401,423,430,301,440,411,405,333,231,147,0,0,0,58,645,1030,1043,947,542,aro0921,lean_forward,2
695,1789976681.699536,0,0,0,0,0,0,0,0,0,0,167,393,405,419,415,445,299,423,425,405,349,268,116,0,0,0,60,611,1000,1008,970,507,aro0921,lean_forward,2
696,1789976681.719514,0,0,0,0,0,0,0,0,0,0,191,427,430,377,429,435,287,419,411,439,343,253,154,0,0,0,53,602,995,997,908,557,aro0921,lean_forward,2
697,1789976681.739529,0,0,0,0,0,0,0,0,0,0,179,405,397,423,403,443,313,431,424,405,333,265,111,0,0,0,51,649,997,1011,957,549,aro0921,lean_forward,2
698,1789976681.759522,0,0,0,0,0,0,0,0,0,0,170,421,419,415,382,440,326,427,415,397,347,236,147,0,0,0,0,600,996,1045,955,516,aro0921,lean_forward,2
699,1789976681.779498,0,0,0,0,0,0,0,0,0,0,178,424,415,419,425,413,313,436,397,426,333,269,127,0,0,0,31,639,1045,1032,943,541,aro0921,lean_forward,2
700,1789976681.799510,0,0,0,0,0,0,0,0,0,0,179,409,435,403,421,443,303,431,419,412,334,265,121,0,0,0,53,611,989,1047,967,531,aro0921,lean_forward,2
701,1789976681.819498,0,0,0,0,0,0,0,0,0,0,191,407,415,407,412,427,325,435,411,421,358,253,137,0,0,0,31,622,1017,1021,935,533,aro0921,lean_forward,2
702,1789976681.839518,0,0,0,0,0,0,0,0,0,0,190,406,421,405,411,421,324,427,413,427,351,276,139,0,0,0,39,621,1001,1017,909,501,aro0921,lean_forward,2
703,1789976681.859502,0,0,0,0,0,0,0,0,0,0,212,394,445,377,420,431,329,435,398,431,339,261,147,0,0,0,61,647,1005,1007,920,558,aro0921,lean_forward,2
704,1789976681.879511,0,0,0,0,0,0,0,0,0,0,206,395,403,422,405,427,325,434,411,439,359,270,121,0,0,0,41,635,999,1048,923,507,aro0921,lean_forward,2
705,1789976681.898885,0,0,0,0,0,0,0,0,0,0,201,416,403,423,393,424,341,439,413,405,348,236,141,0,0,0,28,652,1013,997,941,554,aro0921,lean_forward,2
706,1789976681.919540,0,0,0,0,0,0,0,0,0,0,167,429,397,392,437,439,309,445,409,405,381,233,155,0,0,0,72,650,1001,1008,969,519,aro0921,lean_forward,2
707,1789976681.939517,0,0,0,0,0,0,0,0,0,0,205,389,409,407,426,424,314,447,415,408,375,223,170,0,0,0,61,623,1036,1000,953,517,aro0921,lean_forward,2
708,1789976681.959575,0,0,0,0,0,0,0,0,0,0,198,429,393,399,395,440,339,443,407,412,343,244,127,0,0,0,39,647,1018,1020,968,553,aro0921,lean_forward,2
709,1789976681.979540,0,0,0,0,0,0,0,0,0,0,175,398,429,392,411,415,331,443,402,429,343,263,157,0,0,0,41,633,1012,1021,915,503,aro0921,lean_forward,2
710,1789976681.999524,0,0,0,0,0,0,0,0,0,0,174,389,419,397,405,420,341,453,409,367,361,277,135,0,0,0,23,667,1015,1041,953,507,aro0921,lean_forward,2
711,1789976682.019503,0,0,0,0,0,0,0,0,0,0,173,408,421,407,407,423,317,431,420,427,360,239,148,0,0,0,45,647,1013,1016,943,534,aro0921,lean_forward,2
712,1789976682.039508,0,0,0,0,0,0,0,0,0,0,191,407,421,409,411,425,325,431,413,431,346,273,133,0,0,0,47,637,999,999,935,558,aro0921,lean_forward,2
713,1789976682.059531,0,0,0,0,0,0,0,0,0,0,189,409,413,408,408,420,317,436,411,423,345,249,137,0,0,0,77,633,1039,995,955,563,aro0921,lean_forward,2
714,1789976682.079517,0,0,0,0,0,0,0,0,0,0,186,407,414,405,411,425,315,430,411,427,361,253,139,0,0,0,43,639,1017,1011,943,543,aro0921,lean_forward,2
715,1789976682.099511,0,0,0,0,0,0,0,0,0,0,181,413,411,392,426,437,300,440,401,429,376,262,126,0,0,0,35,621,1043,1047,935,507,aro0921,lean_forward,2
716,1789976682.119522,0,0,0,0,0,0,0,0,0,0,173,376,413,403,419,429,299,433,414,409,365,263,158,0,0,0,35,639,1019,1006,979,539,aro0921,lean_forward,2
717,1789976682.139530,0,0,0,0,0,0,0,0,0,0,199,396,405,419,398,437,307,439,420,409,359,253,125,0,0,0,43,631,1015,1047,957,523,aro0921,lean_forward,2
718,1789976682.159529,0,0,0,0,0,0,0,0,0,0,185,391,435,407,392,431,343,457,389,413,349,269,147,0,0,0,0,639,984,981,955,565,aro0921,lean_forward,2
719,1789976682.179562,0,0,0,0,0,0,0,0,0,0,214,413,415,423,396,434,327,427,429,419,359,271,121,0,0,0,47,617,1036,1049,951,523,aro0921,lean_forward,2
720,1789976682.199510,0,0,0,0,0,0,0,0,0,0,169,393,403,413,395,441,314,445,408,413,364,239,137,0,0,0,24,649,1021,999,947,525,aro0921,lean_forward,2
721,1789976682.219520,0,0,0,0,0,0,0,0,0,0,213,403,430,371,427,409,313,426,415,439,364,264,167,0,0,0,51,599,983,1007,923,485,aro0921,lean_forward,2
722,1789976682.239534,0,0,0,0,0,0,0,0,0,0,181,423,411,421,393,435,317,427,420,421,373,268,159,0,0,0,21,638,1013,1013,950,509,aro0921,lean_forward,2
723,1789976682.259534,0,0,0,0,0,0,0,0,0,0,211,397,430,409,425,407,332,414,423,435,357,237,141,0,0,0,43,593,991,1004,919,495,aro0921,lean_forward,2
724,1789976682.279527,0,0,0,0,0,0,0,0,0,0,207,391,421,407,411,446,329,439,421,405,359,263,151,0,0,0,25,615,998,1007,933,523,aro0921,lean_forward,2
725,1789976682.299528,0,0,0,0,0,0,0,0,0,0,179,405,415,419,397,419,343,437,407,419,378,252,153,0,0,0,0,633,1016,1021,956,502,aro0921,lean_forward,2
726,1789976682.319523,0,0,0,0,0,0,0,0,0,0,185,413,422,408,417,435,328,439,415,432,363,253,147,0,0,0,27,605,986,1004,935,550,aro0921,lean_forward,2
727,1789976682.339536,0,0,0,0,0,0,0,0,0,0,200,416,424,409,412,427,327,437,421,419,357,263,157,0,0,0,29,599,997,978,931,549,aro0921,lean_forward,2
728,1789976682.359521,0,0,0,0,0,0,0,0,0,0,223,399,409,434,397,413,347,435,407,445,349,263,131,0,0,0,0,611,983,1043,905,495,aro0921,lean_forward,2
729,1789976682.379595,0,0,0,0,0,0,0,0,0,0,197,427,439,396,425,415,326,455,420,409,345,275,137,0,0,0,23,596,975,1001,947,534,aro0921,lean_forward,2
730,1789976682.399561,0,0,0,0,0,0,0,0,0,0,183,403,411,406,431,429,328,439,421,429,375,253,180,0,0,0,0,613,975,1005,931,503,aro0921,lean_forward,2
731,1789976682.419534,0,0,0,0,0,0,0,0,0,0,227,431,436,399,435,441,313,423,443,429,351,276,141,0,0,0,31,567,959,995,939,531,aro0921,lean_forward,2
732,1789976682.439507,0,0,0,0,0,0,0,0,0,0,191,435,413,419,399,426,347,455,413,420,374,283,145,0,0,0,0,607,967,971,915,505,aro0921,lean_forward,2
733,1789976682.459527,0,0,0,0,0,0,0,0,0,0,183,409,440,407,423,427,327,415,444,437,356,251,189,0,0,0,55,549,959,981,915,521,aro0921,lean_forward,2
734,1789976682.479526,0,0,0,0,0,0,0,0,0,0,219,437,427,424,405,436,355,421,430,435,379,249,169,0,0,0,0,606,1007,956,917,519,aro0921,lean_forward,2
735,1789976682.499528,0,0,0,0,0,0,0,0,0,0,215,435,429,431,422,447,318,456,431,421,379,280,147,0,0,0,0,600,959,966,896,501,aro0921,lean_forward,2
736,1789976682.519520,0,0,0,0,0,0,0,0,0,0,211,425,427,413,422,437,337,441,425,429,366,279,167,0,0,0,0,585,971,987,915,517,aro0921,lean_forward,2
737,1789976682.539512,0,0,0,0,0,0,0,0,0,0,214,438,424,415,415,437,338,461,411,415,358,271,188,0,0,0,27,567,941,999,903,509,aro0921,lean_forward,2
738,1789976682.559531,0,0,0,0,0,0,0,0,0,0,199,455,447,435,423,429,331,427,441,424,381,273,155,0,0,0,0,607,972,977,937,499,aro0921,lean_forward,2
739,1789976682.579544,0,0,0,0,0,0,0,0,0,0,212,437,435,405,419,448,347,457,423,453,355,295,185,0,0,0,37,568,1001,1005,893,535,aro0921,lean_forward,2
740,1789976682.599522,0,0,0,0,0,0,0,0,0,0,222,409,455,415,421,447,327,442,416,445,379,303,142,0,0,0,0,574,982,967,891,485,aro0921,lean_forward,2
741,1789976682.619510,0,0,0,0,0,0,0,0,0,0,236,419,403,435,439,421,358,463,410,421,367,309,153,0,0,0,0,605,953,1007,922,462,aro0921,lean_forward,2
742,1789976682.639512,0,0,0,0,0,0,0,0,0,0,211,447,413,421,425,437,344,453,441,453,372,267,171,0,0,0,22,565,968,981,927,469,aro0921,lean_forward,2
743,1789976682.659527,0,0,0,0,0,0,0,0,0,0,199,448,445,445,426,431,341,429,441,424,389,309,184,0,0,0,30,600,949,967,947,539,aro0921,lean_forward,2
744,1789976682.679544,0,0,0,0,0,0,0,0,0,0,204,444,425,409,419,424,353,454,444,416,395,281,169,0,0,0,28,599,999,955,885,503,aro0921,lean_forward,2
745,1789976682.699530,0,0,0,0,0,0,0,0,0,0,205,425,429,439,411,439,359,429,455,435,391,279,191,0,0,0,27,589,995,991,925,485,aro0921,lean_forward,2
746,1789976682.719539,0,0,0,0,0,0,0,0,0,0,221,437,441,434,413,435,348,443,431,439,371,297,175,0,0,0,0,587,969,941,907,499,aro0921,lean_forward,2
747,1789976682.739515,0,0,0,0,0,0,0,0,0,0,234,431,439,424,423,436,350,425,453,452,392,301,199,0,0,0,0,595,995,955,904,499,aro0921,lean_forward,2
748,1789976682.759534,0,0,0,0,0,0,0,0,0,0,220,421,452,408,439,425,355,453,445,423,374,295,179,0,0,0,27,570,957,955,933,503,aro0921,lean_forward,2
749,1789976682.779532,0,0,0,0,0,0,0,0,0,0,211,439,424,425,413,425,361,460,427,427,357,326,166,0,0,0,0,613,953,971,919,533,aro0921,lean_forward,2
750,1789976682.799562,0,0,0,0,0,0,0,0,0,0,229,445,424,427,410,459,341,429,435,460,392,309,198,0,0,0,0,602,988,977,875,491,aro0921,lean_forward,2
751,1789976682.819512,0,0,0,0,0,0,0,0,0,0,203,416,432,435,428,461,345,447,443,419,377,283,199,0,0,0,50,571,989,997,935,493,aro0921,lean_forward,2
752,1789976682.839543,0,0,0,0,0,0,0,0,0,0,235,415,457,407,425,428,363,443,456,437,401,306,175,0,0,0,0,584,943,967,935,483,aro0921,lean_forward,2
753,1789976682.859520,0,0,0,0,0,0,0,0,0,0,219,445,454,430,425,457,344,447,451,427,393,301,201,0,0,0,0,601,984,953,901,519,aro0921,lean_forward,2
754,1789976682.879533,0,0,0,0,0,0,0,0,0,0,201,425,431,429,431,445,339,463,419,435,383,295,175,0,0,0,51,574,959,1000,889,475,aro0921,lean_forward,2
755,1789976682.899553,0,0,0,0,0,0,0,0,0,0,201,441,421,439,409,429,365,437,415,461,381,327,168,0,0,0,39,604,985,999,871,487,aro0921,lean_forward,2
756,1789976682.919546,0,0,0,0,0,0,0,0,0,0,219,429,437,421,423,459,355,455,441,439,381,315,198,0,0,0,27,601,973,979,917,487,aro0921,lean_forward,2
757,1789976682.939523,0,0,0,0,0,0,0,0,0,0,220,431,440,421,425,439,351,447,437,440,397,297,205,0,0,0,31,600,995,965,932,499,aro0921,lean_forward,2
758,1789976682.959515,0,0,0,0,0,0,0,0,0,0,228,429,445,409,423,429,361,467,429,445,391,317,205,0,0,0,53,575,971,987,925,486,aro0921,lean_forward,2
759,1789976682.979525,0,0,0,0,0,0,0,0,0,0,228,412,460,436,409,445,359,447,456,423,405,295,173,0,0,0,0,600,965,999,941,489,aro0921,lean_forward,2
760,1789976682.999554,0,0,0,0,0,0,0,0,0,0,219,447,445,411,423,425,365,429,457,420,397,296,212,0,0,0,0,612,991,970,941,469,aro0921,lean_forward,2
761,1789976683.019522,0,0,0,0,0,0,0,0,0,0,230,415,441,413,427,427,359,454,443,428,383,330,173,0,0,0,0,618,967,990,939,487,aro0921,lean_forward,2
762,1789976683.039539,0,0,0,0,0,0,0,0,0,0,215,435,435,433,409,429,367,461,428,443,367,301,204,0,0,0,0,623,971,973,886,529,aro0921,lean_forward,2
763,1789976683.059523,0,0,0,0,0,0,0,0,0,0,237,425,431,411,438,454,347,472,411,425,365,307,179,0,0,0,0,612,1001,943,932,547,aro0921,lean_forward,2
764,1789976683.079531,0,0,0,0,0,0,0,0,0,0,245,459,458,415,439,459,339,462,453,439,393,287,211,0,0,0,50,575,955,987,936,505,aro0921,lean_forward,2
765,1789976683.099521,0,0,0,0,0,0,0,0,0,0,237,423,455,413,431,429,373,460,420,459,397,297,201,0,0,0,0,603,953,977,883,489,aro0921,lean_forward,2
766,1789976683.119517,0,0,0,0,0,0,0,0,0,0,243,457,438,425,429,443,355,453,435,440,377,311,176,0,0,0,23,599,971,969,915,503,aro0921,lean_forward,2
767,1789976683.139531,0,0,0,0,0,0,0,0,0,0,233,441,445,423,443,436,359,445,439,440,389,331,183,0,0,0,24,599,963,995,911,479,aro0921,lean_forward,2
768,1789976683.159513,0,0,0,0,0,0,0,0,0,0,223,459,443,445,421,460,357,436,461,454,390,319,168,0,0,0,0,612,997,995,920,456,aro0921,lean_forward,2
769,1789976683.179549,0,0,0,0,0,0,0,0,0,0,219,435,428,429,415,457,375,429,425,426,363,295,181,0,0,0,46,579,971,1000,925,493,aro0921,lean_forward,2
770,1789976683.199531,0,0,0,0,0,0,0,0,0,0,219,440,462,413,441,435,375,467,423,436,361,328,175,0,0,0,0,597,969,997,891,477,aro0921,lean_forward,2
771,1789976683.219553,0,0,0,0,0,0,0,0,0,0,221,439,457,409,437,435,367,439,440,459,382,331,186,0,0,0,0,604,969,986,904,473,aro0921,lean_forward,2
772,1789976683.239528,0,0,0,0,0,0,0,0,0,0,219,460,455,437,434,455,362,454,455,443,392,318,168,0,0,0,45,584,995,987,951,473,aro0921,lean_forward,2
773,1789976683.259531,0,0,0,0,0,0,0,0,0,0,239,419,465,444,411,463,345,431,447,455,395,286,191,0,0,0,0,586,971,933,887,493,aro0921,lean_forward,2
774,1789976683.279532,0,0,0,0,0,0,0,0,0,0,248,434,468,444,414,463,355,443,458,424,391,318,180,0,0,0,0,619,957,998,891,461,aro0921,lean_forward,2
775,1789976683.299520,0,0,0,0,0,0,0,0,0,0,239,435,447,437,433,459,347,439,439,425,389,311,183,0,0,0,0,609,986,948,885,507,aro0921,lean_forward,2
776,1789976683.319539,0,0,0,0,0,0,0,0,0,0,247,467,447,411,446,455,347,451,437,441,376,313,175,0,0,0,28,600,971,987,907,495,aro0921,lean_forward,2
777,1789976683.339520,0,0,0,0,0,0,0,0,0,0,239,445,445,426,431,445,359,445,435,441,393,301,175,0,0,0,26,603,987,947,905,525,aro0921,lean_forward,2
778,1789976683.359522,0,0,0,0,0,0,0,0,0,0,253,409,462,409,419,443,377,429,447,441,383,329,187,0,0,0,35,573,963,998,924,487,aro0921,lean_forward,2
779,1789976683.379526,0,0,0,0,0,0,0,0,0,0,219,439,431,439,405,442,380,441,459,465,362,313,189,0,0,0,26,609,973,987,879,508,aro0921,lean_forward,2
780,1789976683.399531,0,0,0,0,0,0,0,0,0,0,237,463,431,431,415,447,370,431,459,445,395,300,198,0,0,0,0,616,984,991,935,485,aro0921,lean_forward,2
781,1789976683.419390,0,0,0,0,0,0,0,0,0,0,207,448,427,437,436,431,356,471,437,439,367,281,207,0,0,0,35,623,990,990,891,467,aro0921,lean_forward,2
782,1789976683.439569,0,0,0,0,0,0,0,0,0,0,221,429,425,409,443,445,347,473,421,423,371,327,187,0,0,0,0,622,952,1002,935,523,aro0921,lean_forward,2
783,1789976683.459536,0,0,0,0,0,0,0,0,0,0,205,407,446,414,440,455,341,431,447,459,383,339,159,0,0,0,46,595,965,1003,911,482,aro0921,lean_forward,2
784,1789976683.479533,0,0,0,0,0,0,0,0,0,0,216,419,431,415,413,439,371,468,439,455,393,334,170,0,0,0,45,587,983,995,883,527,aro0921,lean_forward,2
785,1789976683.499551,0,0,0,0,0,0,0,0,0,0,233,435,461,409,427,424,363,466,438,425,380,301,179,0,0,0,20,597,983,999,928,523,aro0921,lean_forward,2
786,1789976683.519540,0,0,0,0,0,0,0,0,0,0,201,410,455,424,431,462,359,455,440,441,379,311,184,0,0,0,39,599,975,980,917,516,aro0921,lean_forward,2
787,1789976683.539549,0,0,0,0,0,0,0,0,0,0,216,436,441,424,427,443,357,437,430,465,365,313,207,0,0,0,22,601,965,959,907,537,aro0921,lean_forward,2
788,1789976683.559561,0,0,0,0,0,0,0,0,0,0,229,415,423,407,440,423,361,467,440,440,365,325,207,0,0,0,51,597,995,987,893,483,aro0921,lean_forward,2
789,1789976683.579547,0,0,0,0,0,0,0,0,0,0,221,419,441,423,415,445,372,447,445,445,379,313,187,0,0,0,27,595,981,979,911,519,aro0921,lean_forward,2
790,1789976683.599536,0,0,0,0,0,0,0,0,0,0,248,419,459,440,423,461,350,437,457,437,389,331,175,0,0,0,38,617,991,987,914,494,aro0921,lean_forward,2
791,1789976683.619294,0,0,0,0,0,0,0,0,0,0,244,436,425,415,421,429,381,453,395,457,403,331,202,0,0,0,53,587,983,959,879,543,aro0921,lean_forward,2
792,1789976683.638647,0,0,0,0,0,0,0,0,0,0,221,435,434,435,420,435,371,435,447,455,396,310,171,0,0,0,21,613,988,953,889,509,aro0921,lean_forward,2
793,1789976683.658548,0,0,0,0,0,0,0,0,0,0,234,448,467,421,415,463,314,469,445,427,371,334,185,0,0,0,0,591,953,1011,925,543,aro0921,lean_forward,2
794,1789976683.678535,0,0,0,0,0,0,0,0,0,0,211,459,428,425,441,440,350,432,429,467,363,345,163,0,0,0,25,611,997,996,943,532,aro0921,lean_forward,2
795,1789976683.698571,0,0,0,0,0,0,0,0,0,0,235,461,455,413,439,429,371,455,459,430,397,318,206,0,0,0,43,611,965,953,919,493,aro0921,lean_forward,2
796,1789976683.718544,0,0,0,0,0,0,0,0,0,0,249,437,465,410,420,441,381,431,466,469,377,333,204,0,0,0,0,601,959,1015,886,483,aro0921,lean_forward,2
797,1789976683.738929,0,0,0,0,0,0,0,0,0,0,246,443,441,441,423,440,354,462,459,459,392,300,171,0,0,0,35,595,999,983,937,521,aro0921,lean_forward,2
798,1789976683.759646,0,0,0,0,0,0,0,0,0,0,217,447,435,437,411,447,376,443,444,439,379,317,181,0,0,0,0,616,981,981,915,517,aro0921,lean_forward,2
799,1789976683.779569,0,0,0,0,0,0,0,0,0,0,231,441,448,423,428,443,363,453,439,443,371,315,187,0,0,0,0,593,983,978,921,510,aro0921,lean_forward,2
800,1789976683.799538,0,0,0,0,0,0,0,0,0,0,247,429,477,429,414,465,355,441,443,461,381,297,203,0,0,0,0,600,959,1002,888,493,aro0921,lean_forward,2
801,1789976683.819553,0,0,0,0,0,0,0,0,0,0,261,474,469,446,427,463,359,453,423,455,389,307,191,0,0,0,0,595,957,969,884,533,aro0921,lean_forward,2
802,1789976683.839562,0,0,0,0,0,0,0,0,0,0,230,436,445,426,423,443,367,462,431,435,373,301,181,0,0,0,0,596,983,987,933,503,aro0921,lean_forward,2
803,1789976683.859551,0,0,0,0,0,0,0,0,0,0,221,436,457,443,419,467,359,441,439,441,397,301,199,0,0,0,0,616,1007,975,927,483,aro0921,lean_forward,2
804,1789976683.879532,0,0,0,0,0,0,0,0,0,0,239,467,438,446,420,447,361,452,423,462,403,331,155,0,0,0,23,603,982,983,883,479,aro0921,lean_forward,2
805,1789976683.899551,0,0,0,0,0,0,0,0,0,0,247,459,438,415,429,435,367,467,425,423,379,315,183,0,0,0,0,600,1013,957,939,531,aro0921,lean_forward,2
806,1789976683.919460,0,0,0,0,0,0,0,0,0,0,249,434,443,445,431,461,347,473,424,429,369,335,165,0,0,0,0,610,957,999,933,506,aro0921,lean_forward,2
807,1789976683.939590,0,0,0,0,0,0,0,0,0,0,237,429,441,415,437,437,360,471,435,431,395,313,202,0,0,0,0,607,974,988,889,483,aro0921,lean_forward,2
808,1789976683.959536,0,0,0,0,0,0,0,0,0,0,221,447,467,432,439,439,343,431,423,437,379,318,169,0,0,0,31,583,982,975,937,503,aro0921,lean_forward,2
809,1789976683.979541,0,0,0,0,0,0,0,0,0,0,230,440,442,425,431,443,361,453,435,440,379,310,183,0,0,0,0,599,982,984,922,519,aro0921,lean_forward,2
810,1789976683.999530,0,0,0,0,0,0,0,0,0,0,231,443,442,419,419,431,379,431,455,446,365,333,165,0,0,0,0,600,981,984,931,524,aro0921,lean_forward,2
811,1789976684.019544,0,0,0,0,0,0,0,0,0,0,245,431,446,431,427,465,351,445,439,459,393,309,202,0,0,0,35,597,967,946,905,519,aro0921,lean_forward,2
812,1789976684.039546,0,0,0,0,0,0,0,0,0,0,233,430,465,436,414,459,355,444,453,431,379,326,187,0,0,0,0,611,989,1007,903,543,aro0921,lean_forward,2
813,1789976684.059550,0,0,0,0,0,0,0,0,0,0,232,460,447,435,421,447,393,424,461,455,382,309,201,0,0,0,0,616,965,959,925,523,aro0921,lean_forward,2
814,1789976684.079534,0,0,0,0,0,0,0,0,0,0,243,423,459,423,447,462,333,427,467,459,373,295,200,0,0,0,25,571,964,953,919,547,aro0921,lean_forward,2
815,1789976684.099544,0,0,0,0,0,0,0,0,0,0,215,445,437,435,411,427,375,427,447,456,370,302,201,0,0,0,0,619,997,965,892,534,aro0921,lean_forward,2
816,1789976684.119590,0,0,0,0,0,0,0,0,0,0,245,445,461,441,413,436,373,452,431,444,391,345,168,0,0,0,38,579,998,985,914,505,aro0921,lean_forward,2
817,1789976684.139553,0,0,0,0,0,0,0,0,0,0,215,462,429,440,423,460,347,467,427,435,379,297,211,0,0,0,0,619,968,955,915,537,aro0921,lean_forward,2
818,1789976684.159575,0,0,0,0,0,0,0,0,0,0,217,463,453,440,443,465,347,431,457,463,366,297,198,0,0,0,29,589,969,1003,891,521,aro0921,lean_forward,2
819,1789976684.179539,0,0,0,0,0,0,0,0,0,0,219,459,445,407,441,429,378,447,437,443,378,313,181,0,0,0,0,601,979,989,921,509,aro0921,lean_forward,2
820,1789976684.199546,0,0,0,0,0,0,0,0,0,0,250,441,445,409,443,453,357,461,444,428,364,333,173,0,0,0,0,620,972,955,943,539,aro0921,lean_forward,2
821,1789976684.219530,0,0,0,0,0,0,0,0,0,0,231,487,453,426,427,439,360,457,435,447,377,315,183,0,0,0,20,605,983,983,921,520,aro0921,lean_forward,2
822,1789976684.239549,0,0,0,0,0,0,0,0,0,0,233,443,453,425,431,443,361,457,442,441,380,315,183,0,0,0,0,603,987,987,919,503,aro0921,lean_forward,2
823,1789976684.259567,0,0,0,0,0,0,0,0,0,0,253,453,467,437,429,463,347,457,459,425,375,334,165,0,0,0,43,579,995,981,947,483,aro0921,lean_forward,2
824,1789976684.279525,0,0,0,0,0,0,0,0,0,0,233,423,469,441,410,444,373,459,425,455,399,317,169,0,0,0,0,627,1039,1000,885,485,aro0921,lean_forward,2
825,1789976684.299546,0,0,0,0,0,0,0,0,0,0,248,453,467,429,413,445,373,472,426,425,381,301,187,0,0,0,0,616,986,965,937,520,aro0921,lean_forward,2
826,1789976684.319627,0,0,0,0,0,0,0,0,0,0,235,425,453,411,456,429,359,440,458,436,365,341,187,0,0,0,31,581,968,981,943,544,aro0921,lean_forward,2
827,1789976684.339557,0,0,0,0,0,0,0,0,0,0,213,462,467,425,413,447,373,472,438,466,395,299,203,0,0,0,0,581,965,971,919,509,aro0921,lean_forward,2
828,1789976684.359532,0,0,0,0,0,0,0,0,0,0,225,428,443,415,437,445,359,457,439,429,378,274,201,0,0,0,0,617,1005,969,940,532,aro0921,lean_forward,2
829,1789976684.379566,0,0,0,0,0,0,0,0,0,0,243,443,463,419,443,460,345,441,446,460,341,334,170,0,0,0,27,583,957,967,873,539,aro0921,lean_forward,2
830,1789976684.399558,0,0,0,0,0,0,0,0,0,0,245,425,461,411,443,445,358,467,431,435,367,301,203,0,0,0,0,594,953,967,935,533,aro0921,lean_forward,2
831,1789976684.419591,0,0,0,0,0,0,0,0,0,0,228,421,445,407,435,441,381,455,439,443,381,313,187,0,0,0,0,601,985,989,916,508,aro0921,lean_forward,2
832,1789976684.439577,0,0,0,0,0,0,0,0,0,0,231,441,453,425,426,444,382,459,439,439,377,329,179,0,0,0,0,605,988,969,893,549,aro0921,lean_forward,2
833,1789976684.459622,0,0,0,0,0,0,0,0,0,0,227,453,446,420,415,459,347,474,430,455,371,339,200,0,0,0,0,581,953,995,891,499,aro0921,lean_forward,2
834,1789976684.479555,0,0,0,0,0,0,0,0,0,0,227,454,443,437,412,436,379,476,414,427,367,344,171,0,0,0,27,591,982,983,943,542,aro0921,lean_forward,2
835,1789976684.499619,0,0,0,0,0,0,0,0,0,0,245,458,439,440,419,459,357,457,439,431,391,297,197,0,0,0,0,631,1005,989,935,509,aro0921,lean_forward,2
836,1789976684.519555,0,0,0,0,0,0,0,0,0,0,253,469,457,413,443,447,374,477,423,459,363,340,155,0,0,0,0,587,965,1003,889,523,aro0921,lean_forward,2
837,1789976684.539556,0,0,0,0,0,0,0,0,0,0,211,443,467,429,415,457,375,436,443,456,375,311,203,0,0,0,0,601,968,973,909,541,aro0921,lean_forward,2
838,1789976684.559542,0,0,0,0,0,0,0,0,0,0,231,467,442,438,413,425,372,460,437,420,335,333,147,0,0,0,35,581,959,973,946,542,aro0921,lean_forward,2
839,1789976684.579545,0,0,0,0,0,0,0,0,0,0,246,437,457,409,428,431,372,439,421,463,395,332,182,0,0,0,37,621,979,969,935,537,aro0921,lean_forward,2
840,1789976684.599546,0,0,0,0,0,0,0,0,0,0,216,487,431,421,439,435,363,461,447,427,363,331,199,0,0,0,37,615,981,983,918,504,aro0921,lean_forward,2
841,1789976684.619544,0,0,0,0,0,0,0,0,0,0,223,443,444,421,427,443,350,455,440,455,375,312,184,0,0,0,0,601,987,989,932,507,aro0921,lean_forward,2
842,1789976684.639555,0,0,0,0,0,0,0,0,0,0,227,441,447,427,427,445,359,448,429,427,373,330,181,0,0,0,0,597,985,1001,949,507,aro0921,lean_forward,2
843,1789976684.659555,0,0,0,0,0,0,0,0,0,0,243,455,455,436,440,459,345,438,455,461,377,294,203,0,0,0,29,581,987,1015,895,499,aro0921,lean_forward,2
844,1789976684.679528,0,0,0,0,0,0,0,0,0,0,219,443,453,414,415,443,375,477,415,453,377,297,198,0,0,0,0,621,985,996,917,501,aro0921,lean_forward,2
845,1789976684.699543,0,0,0,0,0,0,0,0,0,0,245,429,468,436,411,460,359,453,457,432,360,297,189,0,0,0,0,603,951,972,937,537,aro0921,lean_forward,2
846,1789976684.719609,0,0,0,0,0,0,0,0,0,0,244,431,467,409,438,429,367,429,435,458,383,296,160,0,0,0,39,584,1011,969,927,535,aro0921,lean_forward,2
847,1789976684.739529,0,0,0,0,0,0,0,0,0,0,239,429,431,436,413,453,375,485,421,441,389,298,181,0,0,0,0,613,1005,1007,919,483,aro0921,lean_forward,2
848,1789976684.759539,0,0,0,0,0,0,0,0,0,0,212,455,441,435,415,457,361,457,429,457,373,311,189,0,0,0,0,632,957,979,903,541,aro0921,lean_forward,2
849,1789976684.779551,0,0,0,0,0,0,0,0,0,0,249,461,427,442,423,457,361,424,447,459,412,299,175,0,0,0,0,623,969,972,911,505,aro0921,lean_forward,2
850,1789976684.799598,0,0,0,0,0,0,0,0,0,0,221,454,461,430,413,442,376,437,439,459,379,301,175,0,0,0,0,599,989,995,917,519,aro0921,lean_forward,2
851,1789976684.819596,0,0,0,0,0,0,0,0,0,0,229,443,445,424,429,445,365,448,441,443,377,316,184,0,0,0,0,600,986,991,913,520,aro0921,lean_forward,2
852,1789976684.839553,0,0,0,0,0,0,0,0,0,0,232,443,459,398,427,443,359,457,423,451,401,335,200,0,0,0,22,583,957,979,934,503,aro0921,lean_forward,2
853,1789976684.859555,0,0,0,0,0,0,0,0,0,0,236,452,473,409,431,429,364,467,425,455,371,329,168,0,0,0,0,595,973,1001,924,477,aro0921,lean_forward,2
854,1789976684.879595,0,0,0,0,0,0,0,0,0,0,221,440,431,421,427,428,367,459,414,442,371,333,169,0,0,0,0,621,1001,981,905,519,aro0921,lean_forward,2
855,1789976684.899559,0,0,0,0,0,0,0,0,0,0,223,459,441,397,437,429,367,441,456,455,395,299,200,0,0,0,0,629,1007,1006,915,487,aro0921,lean_forward,2
856,1789976684.919595,0,0,0,0,0,0,0,0,0,0,240,429,468,426,419,458,361,466,416,441,395,319,169,0,0,0,0,604,1015,1001,883,483,aro0921,lean_forward,2
857,1789976684.938708,0,0,0,0,0,0,0,0,0,0,218,455,430,431,415,427,376,462,435,431,372,296,187,0,0,0,0,625,965,1000,923,503,aro0921,lean_forward,2
858,1789976684.959552,0,0,0,0,0,0,0,0,0,0,251,452,431,408,455,454,341,439,453,472,363,329,165,0,0,0,0,620,965,981,905,551,aro0921,lean_forward,2
859,1789976684.979571,0,0,0,0,0,0,0,0,0,0,249,456,437,409,447,459,346,431,465,461,383,315,179,0,0,0,0,613,1010,1019,917,489,aro0921,lean_forward,2
860,1789976684.999612,0,0,0,0,0,0,0,0,0,0,221,427,445,435,445,434,373,441,445,461,359,329,171,0,0,0,39,590,1016,969,893,543,aro0921,lean_forward,2
861,1789976685.019569,0,0,0,0,0,0,0,0,0,0,231,445,431,425,429,445,361,457,439,442,375,313,181,0,0,0,0,603,988,991,921,521,aro0921,lean_forward,2
862,1789976685.039545,0,0,0,0,0,0,0,0,0,0,229,440,459,427,429,445,365,474,427,427,373,310,179,0,0,0,0,600,985,1003,939,517,aro0921,lean_forward,2
863,1789976685.059553,0,0,0,0,0,0,0,0,0,0,214,416,447,421,431,445,365,456,429,438,361,320,159,0,0,0,0,611,1006,979,924,541,aro0921,lean_forward,2
864,1789976685.079566,0,0,0,0,0,0,0,0,0,0,217,431,461,410,421,439,380,439,436,462,393,339,173,0,0,0,0,612,979,968,903,521,aro0921,lean_forward,2
865,1789976685.099541,0,0,0,0,0,0,0,0,0,0,237,421,429,437,447,426,379,463,435,427,379,331,163,0,0,0,21,611,972,998,933,503,aro0921,lean_forward,2
866,1789976685.119542,0,0,0,0,0,0,0,0,0,0,230,424,459,429,423,460,355,427,441,468,393,300,201,0,0,0,39,575,1006,1001,895,499,aro0921,lean_forward,2
867,1789976685.139565,0,0,0,0,0,0,0,0,0,0,237,437,458,431,431,461,351,453,435,453,360,311,185,0,0,0,37,583,979,997,916,532,aro0921,lean_forward,2
868,1789976685.159554,0,0,0,0,0,0,0,0,0,0,209,431,428,407,443,467,353,469,423,445,361,301,203,0,0,0,0,621,972,975,926,543,aro0921,lean_forward,2
869,1789976685.179613,0,0,0,0,0,0,0,0,0,0,233,437,463,427,441,461,345,467,425,428,404,311,189,0,0,0,41,581,1021,1031,947,475,aro0921,lean_forward,2
870,1789976685.199550,0,0,0,0,0,0,0,0,0,0,219,445,469,435,428,460,351,447,443,447,383,334,169,0,0,0,39,581,989,984,910,521,aro0921,lean_forward,2
871,1789976685.219560,0,0,0,0,0,0,0,0,0,0,231,439,447,425,371,445,363,453,441,445,376,315,183,0,0,0,0,611,989,997,923,521,aro0921,lean_forward,2
872,1789976685.239546,0,0,0,0,0,0,0,0,0,0,225,441,447,424,429,445,361,467,447,426,365,338,179,0,0,0,0,601,967,978,947,534,aro0921,lean_forward,2
873,1789976685.259549,0,0,0,0,0,0,0,0,0,0,247,459,457,419,431,458,358,456,439,459,373,325,189,0,0,0,0,618,973,1005,943,547,aro0921,lean_forward,2
874,1789976685.279564,0,0,0,0,0,0,0,0,0,0,210,442,469,408,453,455,345,443,437,471,401,301,211,0,0,0,0,576,933,1003,911,494,aro0921,lean_forward,2
875,1789976685.299581,0,0,0,0,0,0,0,0,0,0,245,455,467,440,440,447,343,439,453,427,375,330,167,0,0,0,0,629,1016,1019,949,501,aro0921,lean_forward,2
876,1789976685.319547,0,0,0,0,0,0,0,0,0,0,232,427,471,437,414,427,377,435,466,443,368,313,187,0,0,0,44,575,997,990,910,529,aro0921,lean_forward,2
877,1789976685.339581,0,0,0,0,0,0,0,0,0,0,216,437,457,427,436,462,354,439,455,460,395,313,197,0,0,0,41,585,1022,1032,905,489,aro0921,lean_forward,2
878,1789976685.358923,0,0,0,0,0,0,0,0,0,0,215,425,457,411,439,440,363,471,425,445,377,331,169,0,0,0,0,627,987,989,943,505,aro0921,lean_forward,2
879,1789976685.379273,0,0,0,0,0,0,0,0,0,0,253,462,468,423,439,467,345,441,440,466,368,315,175,0,0,0,47,573,999,983,891,492,aro0921,lean_forward,2
880,1789976685.399618,0,0,0,0,0,0,0,0,0,0,215,447,443,409,441,429,377,469,427,427,393,339,173,0,0,0,0,605,985,991,940,507,aro0921,lean_forward,2
881,1789976685.419634,0,0,0,0,0,0,0,0,0,0,231,440,453,425,424,447,363,456,439,443,378,314,182,0,0,0,0,603,1011,997,926,507,aro0921,lean_forward,2
882,1789976685.439577,0,0,0,0,0,0,0,0,0,0,231,443,455,424,425,445,365,455,440,425,383,342,173,0,0,0,0,603,973,1011,948,487,aro0921,lean_forward,2
883,1789976685.459631,0,0,0,0,0,0,0,0,0,0,243,423,441,413,443,459,335,437,439,459,399,318,166,0,0,0,31,581,1003,981,947,483,aro0921,lean_forward,2
884,1789976685.479622,0,0,0,0,0,0,0,0,0,0,213,431,439,438,413,441,375,438,431,463,373,325,201,0,0,0,0,628,973,972,903,541,aro0921,lean_forward,2
885,1789976685.499594,0,0,0,0,0,0,0,0,0,0,251,439,456,437,426,456,341,460,427,437,395,337,165,0,0,0,31,583,999,1015,935,493,aro0921,lean_forward,2
886,1789976685.519576,0,0,0,0,0,0,0,0,0,0,217,446,469,443,409,451,358,443,447,459,377,333,169,0,0,0,41,583,1013,981,902,529,aro0921,lean_forward,2
887,1789976685.539556,0,0,0,0,0,0,0,0,0,0,234,423,456,435,424,459,367,472,412,425,389,315,172,0,0,0,40,589,1002,1000,957,495,aro0921,lean_forward,2
888,1789976685.559565,0,0,0,0,0,0,0,0,0,0,223,467,456,430,429,458,358,444,435,454,347,335,169,0,0,0,29,584,958,981,917,543,aro0921,lean_forward,2
889,1789976685.579549,0,0,0,0,0,0,0,0,0,0,223,455,444,423,427,439,367,471,423,465,393,301,199,0,0,0,0,621,997,987,919,507,aro0921,lean_forward,2
890,1789976685.599548,0,0,0,0,0,0,0,0,0,0,243,438,429,407,441,467,345,469,425,435,379,325,173,0,0,0,0,617,978,1019,949,503,aro0921,lean_forward,2
891,1789976685.619545,0,0,0,0,0,0,0,0,0,0,252,477,447,427,435,445,363,455,443,443,376,317,181,0,0,0,22,571,987,997,926,523,aro0921,lean_forward,2
892,1789976685.639563,0,0,0,0,0,0,0,0,0,0,229,439,446,425,431,446,361,455,439,440,355,339,147,0,0,0,0,600,974,1003,927,521,aro0921,lean_forward,2
893,1789976685.659575,0,0,0,0,0,0,0,0,0,0,219,457,439,428,440,459,345,438,443,453,367,338,155,0,0,0,35,589,971,1016,926,522,aro0921,lean_forward,2
894,1789976685.679551,0,0,0,0,0,0,0,0,0,0,248,437,459,426,415,435,374,474,427,425,382,307,203,0,0,0,0,613,959,979,948,529,aro0921,lean_forward,2
895,1789976685.699580,0,0,0,0,0,0,0,0,0,0,211,453,466,405,439,424,363,466,453,427,377,325,167,0,0,0,0,598,1005,1017,942,491,aro0921,lean_forward,2
896,1789976685.719603,0,0,0,0,0,0,0,0,0,0,223,415,463,403,441,427,368,445,425,457,380,299,199,0,0,0,20,565,1004,1002,901,523,aro0921,lean_forward,2
897,1789976685.739555,0,0,0,0,0,0,0,0,0,0,232,423,429,425,441,439,349,431,443,460,397,303,169,0,0,0,29,589,983,972,920,507,aro0921,lean_forward,2
898,1789976685.759559,0,0,0,0,0,0,0,0,0,0,233,425,430,407,420,454,370,427,441,459,364,327,159,0,0,0,23,603,955,979,916,539,aro0921,lean_forward,2
899,1789976685.779553,0,0,0,0,0,0,0,0,0,0,237,456,468,430,411,431,369,442,455,444,395,307,198,0,0,0,37,563,1013,997,921,495,aro0921,lean_forward,2
900,1789976685.799572,0,0,0,0,0,0,0,0,0,0,211,445,463,435,409,465,349,469,443,457,359,310,207,0,0,0,0,566,984,995,901,531,aro0921,lean_forward,2
901,1789976685.819548,0,0,0,0,0,0,0,0,0,0,221,435,443,413,423,430,363,440,441,443,377,312,178,0,0,0,0,595,989,1001,925,557,aro0921,lean_forward,2
902,1789976685.839558,0,0,0,0,0,0,0,0,0,0,227,435,461,415,421,436,360,431,457,455,389,329,163,0,0,0,0,587,979,1019,949,486,aro0921,lean_forward,2
903,1789976685.859540,0,0,0,0,0,0,0,0,0,0,229,437,461,404,435,421,326,443,443,458,367,337,201,0,0,0,0,571,969,975,907,539,aro0921,lean_forward,2
904,1789976685.879561,0,0,0,0,0,0,0,0,0,0,203,423,457,409,408,423,371,477,426,431,396,295,169,0,0,0,0,585,1011,981,907,539,aro0921,lean_forward,2
905,1789976685.899573,0,0,0,0,0,0,0,0,0,0,211,458,425,435,413,443,359,468,441,451,371,328,187,0,0,0,0,601,989,973,903,534,aro0921,lean_forward,2
906,1789976685.919726,0,0,0,0,0,0,0,0,0,0,205,431,429,405,407,456,349,473,413,435,397,325,167,0,0,0,26,579,1001,999,903,487,aro0921,lean_forward,2
907,1789976685.939564,0,0,0,0,0,0,0,0,0,0,207,427,428,412,409,444,375,461,441,427,399,307,167,0,0,0,0,573,970,985,939,486,aro0921,lean_forward,2
908,1789976685.959577,0,0,0,0,0,0,0,0,0,0,237,440,459,423,425,439,357,459,457,457,371,309,201,0,0,0,36,567,1011,975,907,478,aro0921,lean_forward,2
909,1789976685.979591,0,0,0,0,0,0,0,0,0,0,220,429,477,425,431,435,343,473,427,453,373,344,187,0,0,0,0,589,959,971,879,485,aro0921,lean_forward,2
910,1789976685.999715,0,0,0,0,0,0,0,0,0,0,219,454,451,407,423,427,360,472,440,429,361,339,165,0,0,0,0,599,971,985,937,533,aro0921,lean_forward,2
911,1789976686.019563,0,0,0,0,0,0,0,0,0,0,223,439,441,413,421,428,357,447,435,443,379,317,183,0,0,0,30,583,991,995,921,540,aro0921,lean_forward,2
912,1789976686.039565,0,0,0,0,0,0,0,0,0,0,227,437,443,419,421,431,364,442,461,453,365,309,181,0,0,0,39,589,972,1001,941,522,aro0921,lean_forward,2
913,1789976686.059564,0,0,0,0,0,0,0,0,0,0,229,457,436,424,407,435,361,469,437,439,371,335,173,0,0,0,23,603,979,997,947,521,aro0921,lean_forward,2
914,1789976686.079545,0,0,0,0,0,0,0,0,0,0,221,440,440,419,423,422,356,459,455,445,403,317,188,0,0,0,45,587,988,991,935,506,aro0921,lean_forward,2
915,1789976686.099592,0,0,0,0,0,0,0,0,0,0,203,457,458,401,435,424,348,437,456,474,389,339,182,0,0,0,45,575,1017,989,907,500,aro0921,lean_forward,2
916,1789976686.119553,0,0,0,0,0,0,0,0,0,0,225,413,453,399,425,407,375,443,465,443,397,303,187,0,0,0,71,573,982,985,948,496,aro0921,lean_forward,2
917,1789976686.139562,0,0,0,0,0,0,0,0,0,0,234,457,445,402,428,435,359,456,457,439,389,317,206,0,0,0,55,563,978,996,933,507,aro0921,lean_forward,2
918,1789976686.159560,0,0,0,0,0,0,0,0,0,0,213,453,459,393,427,423,362,439,457,462,399,325,205,0,0,0,36,583,981,1007,823,505,aro0921,lean_forward,2
919,1789976686.179579,0,0,0,0,0,0,0,0,0,0,219,412,429,404,409,441,343,431,466,468,395,298,203,0,0,0,57,591,979,1013,895,483,aro0921,lean_forward,2
920,1789976686.199586,0,0,0,0,0,0,0,0,0,0,215,455,431,425,399,426,377,455,461,437,365,329,178,0,0,0,54,595,973,985,939,537,aro0921,lean_forward,2
921,1789976686.219597,0,0,0,0,0,0,0,0,0,0,155,429,453,427,413,405,375,459,435,423,389,326,197,0,0,0,69,555,983,993,925,503,aro0921,lean_forward,2
922,1789976686.239567,0,0,0,0,0,0,0,0,0,0,209,421,429,426,397,431,364,440,441,475,381,303,199,0,0,0,59,589,973,976,889,521,aro0921,lean_forward,2
923,1789976686.259570,0,0,0,0,0,0,0,0,0,0,233,455,466,399,410,421,373,466,443,428,405,337,199,0,0,0,36,568,987,969,918,551,aro0921,lean_forward,2
924,1789976686.279585,0,0,0,0,0,0,0,0,0,0,229,431,452,423,425,453,347,429,474,472,371,303,212,0,0,0,73,589,952,1003,889,530,aro0921,lean_forward,2
925,1789976686.299683,0,0,0,0,0,0,0,0,0,0,243,411,443,405,412,415,366,457,445,451,381,329,185,0,0,0,41,598,987,988,919,507,aro0921,lean_forward,2
926,1789976686.319572,0,0,0,0,0,0,0,0,0,0,219,425,445,397,412,431,363,457,446,407,389,327,185,0,0,0,53,587,995,980,925,520,aro0921,lean_forward,2
927,1789976686.339666,0,0,0,0,0,0,0,0,0,0,203,413,419,414,395,421,374,427,457,463,407,313,205,0,0,0,44,601,985,1011,904,501,aro0921,lean_forward,2
928,1789976686.359614,0,0,0,0,0,0,0,0,0,0,201,447,435,425,407,441,363,436,431,427,367,315,175,0,0,0,55,563,1014,1041,932,526,aro0921,lean_forward,2
929,1789976686.379571,0,0,0,0,0,0,0,0,0,0,216,403,419,393,421,429,360,456,461,441,403,303,214,0,0,0,29,595,1013,1015,949,475,aro0921,lean_forward,2
930,1789976686.399619,0,0,0,0,0,0,0,0,0,0,227,443,431,402,427,445,351,443,447,465,373,317,206,0,0,0,43,599,991,982,904,530,aro0921,lean_forward,2
931,1789976686.419574,0,0,0,0,0,0,0,0,0,0,245,425,425,431,429,447,341,439,455,453,380,319,211,0,0,0,57,615,989,1004,931,537,aro0921,lean_forward,2
932,1789976686.439564,0,0,0,0,0,0,0,0,0,0,211,437,425,415,431,471,349,475,425,437,403,331,186,0,0,0,64,600,969,969,926,527,aro0921,lean_forward,2
933,1789976686.459694,0,0,0,0,0,0,0,0,0,0,240,413,425,398,421,413,374,445,443,457,367,309,191,0,0,0,43,597,959,969,933,537,aro0921,lean_forward,2
934,1789976686.479323,0,0,0,0,0,0,0,0,0,0,233,411,451,435,395,415,377,447,462,445,367,345,197,0,0,0,53,587,1021,985,933,529,aro0921,lean_forward,2
935,1789976686.498606,0,0,0,0,0,0,0,0,0,0,217,429,453,397,427,414,361,441,445,441,383,329,197,0,0,0,60,571,990,1003,917,510,aro0921,lean_forward,2
936,1789976686.519769,0,0,0,0,0,0,0,0,0,0,221,429,439,414,414,436,355,457,443,448,389,332,187,0,0,0,57,591,995,1004,921,503,aro0921,lean_forward,2
937,1789976686.539571,0,0,0,0,0,0,0,0,0,0,237,443,445,405,427,443,347,473,427,443,381,307,212,0,0,0,51,589,984,1005,937,521,aro0921,lean_forward,2
938,1789976686.559564,0,0,0,0,0,0,0,0,0,0,233,415,447,401,437,415,359,437,446,459,405,350,179,0,0,0,57,573,975,975,927,524,aro0921,lean_forward,2
939,1789976686.579589,0,0,0,0,0,0,0,0,0,0,215,443,435,400,427,419,363,451,443,471,383,315,210,0,0,0,37,611,989,981,909,535,aro0921,lean_forward,2
940,1789976686.599584,0,0,0,0,0,0,0,0,0,0,227,441,425,405,415,423,365,443,460,443,380,343,153,0,0,0,35,605,1003,983,933,533,aro0921,lean_forward,2
941,1789976686.619553,0,0,0,0,0,0,0,0,0,0,237,421,443,394,428,413,363,438,473,469,404,313,217,0,0,0,61,549,1019,1021,911,477,aro0921,lean_forward,2
942,1789976686.639578,0,0,0,0,0,0,0,0,0,0,201,431,457,395,425,419,363,468,425,445,367,315,183,0,0,0,53,569,983,986,895,531,aro0921,lean_forward,2
943,1789976686.659605,0,0,0,0,0,0,0,0,0,0,211,414,429,441,407,443,347,469,444,435,383,338,172,0,0,0,38,614,975,1011,923,471,aro0921,lean_forward,2
944,1789976686.679562,0,0,0,0,0,0,0,0,0,0,236,429,455,399,436,435,344,473,421,431,407,311,174,0,0,0,73,569,1011,1012,927,487,aro0921,lean_forward,2
945,1789976686.699584,0,0,0,0,0,0,0,0,0,0,230,408,422,411,413,427,367,447,456,439,383,327,187,0,0,0,43,605,999,1004,942,507,aro0921,lean_forward,2
946,1789976686.719563,0,0,0,0,0,0,0,0,0,0,219,431,438,415,415,429,362,458,443,447,359,329,187,0,0,0,53,589,1005,1015,926,523,aro0921,lean_forward,2
947,1789976686.739672,0,0,0,0,0,0,0,0,0,0,201,413,425,435,403,437,372,437,454,469,378,344,167,0,0,0,51,595,1017,981,939,517,aro0921,lean_forward,2
948,1789976686.759544,0,0,0,0,0,0,0,0,0,0,210,422,441,428,407,441,349,438,459,467,407,338,179,0,0,0,37,595,1003,1022,909,485,aro0921,lean_forward,2
949,1789976686.779580,0,0,0,0,0,0,0,0,0,0,229,447,431,419,408,448,359,437,429,467,395,327,165,0,0,0,87,571,1019,1021,924,483,aro0921,lean_forward,2
950,1789976686.799578,0,0,0,0,0,0,0,0,0,0,223,427,427,421,403,419,368,455,447,443,383,310,204,0,0,0,24,601,975,1017,937,499,aro0921,lean_forward,2
951,1789976686.819597,0,0,0,0,0,0,0,0,0,0,235,447,453,393,439,452,343,459,425,469,399,317,213,0,0,0,70,551,983,973,903,533,aro0921,lean_forward,2
952,1789976686.839574,0,0,0,0,0,0,0,0,0,0,217,431,428,429,401,427,375,439,457,463,403,307,204,0,0,0,59,597,975,1018,909,493,aro0921,lean_forward,2
953,1789976686.859608,0,0,0,0,0,0,0,0,0,0,231,427,461,404,421,441,331,431,475,469,406,315,209,0,0,0,41,591,1004,1003,892,503,aro0921,lean_forward,2
954,1789976686.879572,0,0,0,0,0,0,0,0,0,0,233,447,416,431,396,431,377,454,465,443,405,327,212,0,0,0,69,601,1015,939,952,485,aro0921,lean_forward,2
955,1789976686.899576,0,0,0,0,0,0,0,0,0,0,239,440,453,415,429,435,346,469,445,437,405,318,171,0,0,0,35,593,1021,988,935,541,aro0921,lean_forward,2
956,1789976686.919575,0,0,0,0,0,0,0,0,0,0,213,452,455,405,434,443,336,431,443,469,403,333,199,0,0,0,75,568,934,1032,909,498,aro0921,lean_forward,2
957,1789976686.939570,0,0,0,0,0,0,0,0,0,0,215,422,441,413,427,435,350,441,462,458,407,343,183,0,0,0,76,581,1013,989,939,493,aro0921,lean_forward,2
958,1789976686.959619,0,0,0,0,0,0,0,0,0,0,229,411,413,423,429,439,355,455,427,465,411,349,183,0,0,0,77,585,982,1003,905,485,aro0921,lean_forward,2
959,1789976686.979599,0,0,0,0,0,0,0,0,0,0,221,441,463,427,407,415,381,447,453,457,399,357,171,0,0,0,59,571,969,1055,915,516,aro0921,lean_forward,2
960,1789976686.999599,0,0,0,0,0,0,0,0,0,0,239,447,441,416,407,424,379,457,443,456,384,330,189,0,0,0,55,589,997,1007,927,517,aro0921,lean_forward,2
961,1789976687.019615,0,0,0,0,0,0,0,0,0,0,218,427,441,418,415,435,363,455,443,456,368,333,187,0,0,0,57,587,989,985,927,532,aro0921,lean_forward,2
962,1789976687.039581,0,0,0,0,0,0,0,0,0,0,210,438,437,399,440,429,357,423,439,455,375,343,183,0,0,0,30,601,1015,979,951,540,aro0921,lean_forward,2
963,1789976687.059564,0,0,0,0,0,0,0,0,0,0,199,423,461,395,421,419,377,441,461,432,363,319,201,0,0,0,51,581,1019,1039,955,525,aro0921,lean_forward,2
964,1789976687.079576,0,0,0,0,0,0,0,0,0,0,203,453,456,397,421,410,367,453,439,472,411,343,167,0,0,0,31,590,1006,991,953,505,aro0921,lean_forward,2
965,1789976687.099572,0,0,0,0,0,0,0,0,0,0,214,447,431,418,422,419,377,458,443,435,391,325,202,0,0,0,35,606,974,983,948,535,aro0921,lean_forward,2
966,1789976687.119562,0,0,0,0,0,0,0,0,0,0,263,410,429,419,431,421,356,455,439,435,375,345,173,0,0,0,75,585,983,1021,947,519,aro0921,lean_forward,2
967,1789976687.139559,0,0,0,0,0,0,0,0,0,0,217,411,441,429,405,421,379,442,439,469,405,313,207,0,0,0,69,583,1033,1029,907,477,aro0921,lean_forward,2
968,1789976687.159593,0,0,0,0,0,0,0,0,0,0,243,440,426,424,423,440,347,477,456,429,361,307,200,0,0,0,78,567,965,1044,923,523,aro0921,lean_forward,2
969,1789976687.179568,0,0,0,0,0,0,0,0,0,0,203,408,446,415,422,456,339,477,429,429,372,340,181,0,0,0,64,571,996,1001,952,530,aro0921,lean_forward,2
970,1789976687.199569,0,0,0,0,0,0,0,0,0,0,245,411,426,398,414,427,360,447,443,453,383,329,189,0,0,0,75,569,1001,1001,925,485,aro0921,lean_forward,2
971,1789976687.219567,0,0,0,0,0,0,0,0,0,0,223,429,439,415,419,414,365,458,444,455,389,331,191,0,0,0,51,585,997,1005,931,511,aro0921,lean_forward,2
972,1789976687.239558,0,0,0,0,0,0,0,0,0,0,221,409,420,403,431,429,363,476,431,429,395,357,189,0,0,0,31,616,996,983,945,504,aro0921,lean_forward,2
973,1789976687.259572,0,0,0,0,0,0,0,0,0,0,215,411,452,409,429,432,357,441,468,471,375,311,187,0,0,0,39,591,975,991,901,538,aro0921,lean_forward,2
974,1789976687.279592,0,0,0,0,0,0,0,0,0,0,205,403,424,409,415,455,362,476,427,428,371,307,202,0,0,0,60,595,1003,981,953,539,aro0921,lean_forward,2
975,1789976687.299575,0,0,0,0,0,0,0,0,0,0,234,423,456,419,405,436,371,470,453,441,390,329,203,0,0,0,53,555,991,985,913,529,aro0921,lean_forward,2
976,1789976687.319590,0,0,0,0,0,0,0,0,0,0,207,421,441,423,445,435,349,453,463,455,377,313,201,0,0,0,77,573,979,991,920,529,aro0921,lean_forward,2
977,1789976687.339588,0,0,0,0,0,0,0,0,0,0,235,461,437,423,411,416,373,467,428,435,411,328,197,0,0,0,44,585,995,1032,957,487,aro0921,lean_forward,2
978,1789976687.359564,0,0,0,0,0,0,0,0,0,0,227,406,430,395,438,452,349,439,453,461,403,355,165,0,0,0,35,601,1020,1039,904,491,aro0921,lean_forward,2
979,1789976687.379578,0,0,0,0,0,0,0,0,0,0,203,403,458,429,407,425,372,455,454,463,389,343,174,0,0,0,63,581,999,989,903,520,aro0921,lean_forward,2
980,1789976687.399572,0,0,0,0,0,0,0,0,0,0,243,431,443,419,415,436,361,457,445,445,391,329,189,0,0,0,57,559,1002,1002,932,517,aro0921,lean_forward,2
981,1789976687.419591,0,0,0,0,0,0,0,0,0,0,229,427,442,419,415,431,365,455,453,447,391,345,189,0,0,0,55,595,1011,1004,915,511,aro0921,lean_forward,2
982,1789976687.439575,0,0,0,0,0,0,0,0,0,0,227,425,445,412,413,439,359,457,447,455,403,307,215,0,0,0,45,587,968,1039,933,477,aro0921,lean_forward,2
983,1789976687.459572,0,0,0,0,0,0,0,0,0,0,205,411,443,430,403,415,379,458,453,456,391,341,169,0,0,0,82,588,1001,980,937,505,aro0921,lean_forward,2
984,1789976687.479577,0,0,0,0,0,0,0,0,0,0,205,408,429,409,415,421,379,477,408,427,368,307,212,0,0,0,35,614,989,999,955,531,aro0921,lean_forward,2
985,1789976687.499597,0,0,0,0,0,0,0,0,0,0,217,422,455,413,424,452,356,445,463,459,405,343,169,0,0,0,70,588,997,1019,917,487,aro0921,lean_forward,2
986,1789976687.519597,0,0,0,0,0,0,0,0,0,0,221,431,453,467,403,423,382,475,435,429,393,319,179,0,0,0,77,575,1022,1020,955,499,aro0921,lean_forward,2
987,1789976687.539587,0,0,0,0,0,0,0,0,0,0,231,439,442,427,411,447,371,445,453,455,379,341,169,0,0,0,73,569,990,973,924,525,aro0921,lean_forward,2
988,1789976687.559566,0,0,0,0,0,0,0,0,0,0,244,447,447,403,438,455,349,439,462,472,359,344,181,0,0,0,53,587,1020,979,885,539,aro0921,lean_forward,2
989,1789976687.579662,0,0,0,0,0,0,0,0,0,0,245,437,438,422,413,431,373,438,443,443,402,327,183,0,0,0,61,586,1019,1029,915,479,aro0921,lean_forward,2
990,1789976687.599592,0,0,0,0,0,0,0,0,0,0,217,423,442,433,408,440,371,438,460,465,399,325,188,0,0,0,74,573,1018,1031,917,491,aro0921,lean_forward,2
991,1789976687.619567,0,0,0,0,0,0,0,0,0,0,233,431,429,419,431,435,355,477,430,431,407,341,184,0,0,0,45,600,1030,1012,956,501,aro0921,lean_forward,2
992,1789976687.639587,0,0,0,0,0,0,0,0,0,0,223,445,463,411,427,456,354,458,445,446,390,324,195,0,0,0,59,567,1003,1003,931,518,aro0921,lean_forward,2
993,1789976687.659583,0,0,0,0,0,0,0,0,0,0,219,431,440,415,421,440,365,455,447,453,391,328,191,0,0,0,55,573,1001,1005,925,520,aro0921,lean_forward,2
994,1789976687.679563,0,0,0,0,0,0,0,0,0,0,219,410,427,405,421,376,373,445,443,443,408,314,201,0,0,0,37,617,982,1023,927,537,aro0921,lean_forward,2
995,1789976687.699565,0,0,0,0,0,0,0,0,0,0,213,410,429,425,403,425,376,463,439,443,391,311,201,0,0,0,59,595,1007,1015,935,504,aro0921,lean_forward,2
996,1789976687.719570,0,0,0,0,0,0,0,0,0,0,211,434,459,405,439,447,357,483,429,439,365,347,186,0,0,0,75,571,1018,1029,915,476,aro0921,lean_forward,2
997,1789976687.739577,0,0,0,0,0,0,0,0,0,0,239,423,445,423,423,451,351,447,461,467,367,329,211,0,0,0,77,567,1022,1048,903,533,aro0921,lean_forward,2
998,1789976687.759563,0,0,0,0,0,0,0,0,0,0,211,419,459,403,431,431,365,439,447,467,365,331,205,0,0,0,43,571,997,1019,903,463,aro0921,lean_forward,2
999,1789976687.779609,0,0,0,0,0,0,0,0,0,0,251,445,446,428,405,438,381,461,437,457,363,349,216,0,0,0,52,601,975,1000,918,541,aro0921,lean_forward,2
1000,1789976687.799567,0,0,0,0,0,0,0,0,0,0,221,443,459,409,425,425,380,471,429,453,401,313,201,0,0,0,39,595,1011,1015,915,483,aro0921,lean_forward,2
1001,1789976687.819595,0,0,0,0,0,0,0,0,0,0,211,407,457,437,396,424,380,477,427,439,405,309,217,0,0,0,85,565,1008,1006,932,489,aro0921,lean_forward,2
1002,1789976687.839583,0,0,0,0,0,0,0,0,0,0,199,413,437,419,421,441,365,460,443,447,381,329,186,0,0,0,57,584,999,1003,925,517,aro0921,lean_forward,2
1003,1789976687.859572,0,0,0,0,0,0,0,0,0,0,231,437,439,420,421,445,365,462,447,445,399,344,173,0,0,0,54,591,985,986,933,517,aro0921,lean_forward,2
1004,1789976687.879605,0,0,0,0,0,0,0,0,0,0,237,425,413,408,431,452,367,448,467,456,364,326,186,0,0,0,35,589,1017,981,907,541,aro0921,lean_forward,2
1005,1789976687.899603,0,0,0,0,0,0,0,0,0,0,245,441,436,409,437,439,359,443,455,465,389,312,175,0,0,0,72,553,1021,984,911,535,aro0921,lean_forward,2
1006,1789976687.918636,0,0,0,0,0,0,0,0,0,0,211,457,437,399,439,427,371,476,461,463,380,339,185,0,0,0,52,575,987,999,905,525,aro0921,lean_forward,2
1007,1789976687.939557,0,0,0,0,0,0,0,0,0,0,238,453,447,436,403,427,378,477,435,428,389,345,173,0,0,0,81,565,1003,975,953,537,aro0921,lean_forward,2
1008,1789976687.959570,0,0,0,0,0,0,0,0,0,0,225,414,463,407,437,454,351,475,436,432,402,337,187,0,0,0,55,565,1015,1004,928,473,aro0921,lean_forward,2
1009,1789976687.979683,0,0,0,0,0,0,0,0,0,0,247,445,430,431,407,423,383,440,469,469,403,327,199,0,0,0,72,581,1033,1039,895,477,aro0921,lean_forward,2
1010,1789976687.999613,0,0,0,0,0,0,0,0,0,0,213,430,461,409,439,438,348,452,463,429,371,346,169,0,0,0,83,557,975,1021,934,495,aro0921,lean_forward,2
1011,1789976688.019625,0,0,0,0,0,0,0,0,0,0,222,415,439,437,408,427,384,475,427,435,378,311,213,0,0,0,78,580,981,1021,926,500,aro0921,lean_forward,2
1012,1789976688.039636,0,0,0,0,0,0,0,0,0,0,211,415,443,435,408,438,391,460,444,447,383,325,186,0,0,0,56,585,1001,1005,921,503,aro0921,lean_forward,2
1013,1789976688.059586,0,0,0,0,0,0,0,0,0,0,225,427,441,431,423,439,365,459,447,453,408,329,187,0,0,0,57,587,997,999,923,482,aro0921,lean_forward,2
1014,1789976688.079572,0,0,0,0,0,0,0,0,0,0,229,439,467,414,429,447,357,441,468,469,376,325,183,0,0,0,61,569,1020,985,903,525,aro0921,lean_forward,2
1015,1789976688.099592,0,0,0,0,0,0,0,0,0,0,239,458,427,429,421,440,381,477,428,437,373,338,175,0,0,0,59,583,987,975,935,533,aro0921,lean_forward,2
1016,1789976688.119575,0,0,0,0,0,0,0,0,0,0,222,424,435,411,443,463,349,445,455,467,404,329,199,0,0,0,47,593,1018,1013,901,489,aro0921,lean_forward,2
1017,1789976688.139587,0,0,0,0,0,0,0,0,0,0,246,431,443,426,409,439,379,481,430,427,371,307,200,0,0,0,58,575,1031,981,945,529,aro0921,lean_forward,2
1018,1789976688.159583,0,0,0,0,0,0,0,0,0,0,229,442,463,403,429,446,353,432,439,473,395,345,178,0,0,0,43,554,1017,1021,903,477,aro0921,lean_forward,2
1019,1789976688.179577,0,0,0,0,0,0,0,0,0,0,211,415,429,403,442,461,347,447,469,455,381,311,211,0,0,0,40,600,1006,985,955,524,aro0921,lean_forward,2
1020,1789976688.199594,0,0,0,0,0,0,0,0,0,0,217,415,445,407,437,456,351,441,461,462,384,319,203,0,0,0,48,587,981,1019,901,507,aro0921,lean_forward,2
1021,1789976688.219365,0,0,0,0,0,0,0,0,0,0,216,415,427,407,437,458,349,473,429,469,396,351,135,0,0,0,22,601,990,1005,917,507,aro0921,lean_forward,2
1022,1789976688.238621,0,0,0,0,0,0,0,0,0,0,237,437,453,430,407,431,383,461,457,441,364,307,213,0,0,0,73,569,1019,1005,946,531,aro0921,lean_forward,2
1023,1789976688.259969,0,0,0,0,0,0,0,0,0,0,221,414,444,423,408,425,380,475,431,427,371,317,187,0,0,0,59,575,1021,1016,952,524,aro0921,lean_forward,2
1024,1789976688.279637,0,0,0,0,0,0,0,0,0,0,217,430,459,429,397,427,375,447,431,471,415,293,201,0,0,0,36,586,1000,1012,889,501,aro0921,lean_forward,2
1025,1789976688.299655,0,0,0,0,0,0,0,0,0,0,231,433,441,422,421,439,371,463,445,447,383,331,206,0,0,0,57,575,1002,991,923,503,aro0921,lean_forward,2
1026,1789976688.319585,0,0,0,0,0,0,0,0,0,0,223,427,457,402,423,440,367,458,393,463,405,339,207,0,0,0,46,575,991,1031,905,460,aro0921,lean_forward,2
1027,1789976688.339598,0,0,0,0,0,0,0,0,0,0,247,454,447,419,420,431,377,443,461,453,412,319,203,0,0,0,61,580,1007,1019,951,473,aro0921,lean_forward,2
1028,1789976688.359592,0,0,0,0,0,0,0,0,0,0,251,455,427,408,421,424,375,478,423,447,372,348,181,0,0,0,35,601,981,985,923,543,aro0921,lean_forward,2
1029,1789976688.379572,0,0,0,0,0,0,0,0,0,0,235,453,465,413,419,426,376,439,463,465,371,309,203,0,0,0,36,555,976,996,913,533,aro0921,lean_forward,2
1030,1789976688.399575,0,0,0,0,0,0,0,0,0,0,215,437,437,407,435,431,364,459,459,438,378,329,181,0,0,0,78,566,981,1001,943,505,aro0921,lean_forward,2
1031,1789976688.419593,0,0,0,0,0,0,0,0,0,0,250,437,457,429,415,462,359,471,460,431,379,278,203,0,0,0,39,601,1013,999,944,493,aro0921,lean_forward,2
1032,1789976688.439582,0,0,0,0,0,0,0,0,0,0,240,413,465,411,408,431,381,443,469,455,389,342,191,0,0,0,39,585,1006,973,943,529,aro0921,lean_forward,2
1033,1789976688.459585,0,0,0,0,0,0,0,0,0,0,219,441,463,423,427,459,349,491,447,435,401,333,211,0,0,0,39,557,986,1020,946,485,aro0921,lean_forward,2
1034,1789976688.479595,0,0,0,0,0,0,0,0,0,0,231,457,453,427,433,456,350,457,427,465,407,309,213,0,0,0,35,595,991,989,939,381,aro0921,lean_forward,2
1035,1789976688.499585,0,0,0,0,0,0,0,0,0,0,229,435,443,419,423,443,365,459,442,452,391,329,191,0,0,0,57,583,999,1004,935,501,aro0921,lean_forward,2
1036,1789976688.519732,0,0,0,0,0,0,0,0,0,0,229,431,466,423,423,441,365,471,427,439,366,345,172,0,0,0,59,581,1013,983,933,538,aro0921,lean_forward,2
1037,1789976688.539693,0,0,0,0,0,0,0,0,0,0,213,427,441,404,439,441,361,443,460,471,383,313,187,0,0,0,51,585,1007,989,889,499,aro0921,lean_forward,2
1038,1789976688.559638,0,0,0,0,0,0,0,0,0,0,225,443,439,367,454,427,366,473,439,430,407,309,191,0,0,0,41,591,990,997,939,495,aro0921,lean_forward,2
1039,1789976688.579596,0,0,0,0,0,0,0,0,0,0,235,455,461,409,435,439,360,443,468,465,407,328,203,0,0,0,51,580,987,1015,917,483,aro0921,lean_forward,2
1040,1789976688.599585,0,0,0,0,0,0,0,0,0,0,215,437,443,411,431,429,371,443,455,463,391,315,189,0,0,0,41,599,1017,1015,910,501,aro0921,lean_forward,2
1041,1789976688.619607,0,0,0,0,0,0,0,0,0,0,201,453,436,423,440,447,345,443,469,437,383,347,191,0,0,0,78,621,991,982,946,497,aro0921,lean_forward,2
1042,1789976688.639603,0,0,0,0,0,0,0,0,0,0,228,448,424,396,435,447,349,439,429,443,377,348,201,0,0,0,75,551,968,991,942,547,aro0921,lean_forward,2
1043,1789976688.659610,0,0,0,0,0,0,0,0,0,0,249,447,427,413,439,431,359,443,467,445,371,315,183,0,0,0,82,569,983,1031,932,525,aro0921,lean_forward,2
1044,1789976688.679602,0,0,0,0,0,0,0,0,0,0,245,446,458,423,413,456,361,473,455,432,375,288,165,0,0,0,40,555,1020,1021,940,485,aro0921,lean_forward,2
1045,1789976688.699605,0,0,0,0,0,0,0,0,0,0,243,415,431,405,429,429,367,454,431,443,401,343,180,0,0,0,53,597,1013,986,951,531,aro0921,lean_forward,2
1046,1789976688.719606,0,0,0,0,0,0,0,0,0,0,207,415,440,415,419,441,365,475,440,429,399,335,191,0,0,0,35,597,983,1019,937,484,aro0921,lean_forward,2
1047,1789976688.739596,0,0,0,0,0,0,0,0,0,0,245,429,425,435,409,456,377,475,445,427,365,355,174,0,0,0,46,599,990,979,902,525,aro0921,lean_forward,2
1048,1789976688.759614,0,0,0,0,0,0,0,0,0,0,247,425,429,437,429,457,345,447,457,461,376,327,201,0,0,0,50,611,988,1013,904,529,aro0921,lean_forward,2
1049,1789976688.779618,0,0,0,0,0,0,0,0,0,0,221,463,467,403,443,462,349,473,428,431,408,312,207,0,0,0,59,560,1015,983,1007,487,aro0921,lean_forward,2
1050,1789976688.799599,0,0,0,0,0,0,0,0,0,0,230,445,443,436,424,443,365,463,441,452,388,329,173,0,0,0,57,579,999,1011,927,499,aro0921,lean_forward,2
1051,1789976688.819628,0,0,0,0,0,0,0,0,0,0,232,436,444,420,423,441,367,457,431,467,383,347,180,0,0,0,57,569,1015,1039,895,460,aro0921,lean_forward,2
1052,1789976688.839597,0,0,0,0,0,0,0,0,0,0,231,445,447,421,425,445,365,461,443,446,381,325,187,0,0,0,56,573,999,996,924,501,aro0921,lean_forward,2
1053,1789976688.859593,0,0,0,0,0,0,0,0,0,0,229,429,443,423,422,443,367,443,461,456,367,317,179,0,0,0,57,573,1002,994,917,523,aro0921,lean_forward,2
1054,1789976688.879579,0,0,0,0,0,0,0,0,0,0,209,431,459,403,437,424,374,477,427,437,403,313,184,0,0,0,37,575,1000,1047,911,475,aro0921,lean_forward,2
1055,1789976688.899575,0,0,0,0,0,0,0,0,0,0,221,443,425,431,407,429,381,453,445,436,407,307,185,0,0,0,53,599,1021,1034,942,474,aro0921,lean_forward,2
1056,1789976688.919586,0,0,0,0,0,0,0,0,0,0,220,429,457,437,416,439,365,463,432,445,395,345,171,0,0,0,79,559,1030,1000,937,493,aro0921,lean_forward,2
1057,1789976688.939610,0,0,0,0,0,0,0,0,0,0,219,422,437,409,429,429,375,443,465,468,372,307,214,0,0,0,53,559,983,1003,919,521,aro0921,lean_forward,2
1058,1789976688.959600,0,0,0,0,0,0,0,0,0,0,216,455,442,437,421,460,355,477,465,431,372,333,211,0,0,0,78,566,985,985,937,527,aro0921,lean_forward,2
1059,1789976688.979585,0,0,0,0,0,0,0,0,0,0,222,431,469,405,431,431,375,439,459,472,396,315,213,0,0,0,61,559,1019,1006,905,456,aro0921,lean_forward,2
1060,1789976688.999601,0,0,0,0,0,0,0,0,0,0,245,428,436,409,443,440,356,447,462,444,365,341,186,0,0,0,75,556,1022,1036,951,521,aro0921,lean_forward,2
1061,1789976689.019426,0,0,0,0,0,0,0,0,0,0,217,455,442,404,425,429,373,473,429,445,381,343,213,0,0,0,77,557,1011,1021,916,489,aro0921,lean_forward,2
1062,1789976689.039647,0,0,0,0,0,0,0,0,0,0,229,437,443,419,423,443,365,460,447,457,409,329,186,0,0,0,57,574,999,1007,927,509,aro0921,lean_forward,2
1063,1789976689.059600,0,0,0,0,0,0,0,0,0,0,233,435,441,423,425,458,371,473,426,435,379,313,211,0,0,0,56,582,1004,983,889,524,aro0921,lean_forward,2
1064,1789976689.079603,0,0,0,0,0,0,0,0,0,0,216,427,444,415,438,461,347,484,445,454,355,333,167,0,0,0,88,568,967,995,906,523,aro0921,lean_forward,2
1065,1789976689.099587,0,0,0,0,0,0,0,0,0,0,219,445,455,413,421,428,383,447,447,459,367,335,189,0,0,0,39,594,991,991,907,531,aro0921,lean_forward,2
1066,1789976689.119601,0,0,0,0,0,0,0,0,0,0,243,437,431,424,419,431,381,445,458,467,375,301,207,0,0,0,47,597,1016,985,907,530,aro0921,lean_forward,2
1067,1789976689.139593,0,0,0,0,0,0,0,0,0,0,230,413,424,429,409,425,381,439,469,463,405,299,204,0,0,0,45,598,1015,1022,915,473,aro0921,lean_forward,2
1068,1789976689.159611,0,0,0,0,0,0,0,0,0,0,239,419,471,407,433,425,363,441,451,456,404,306,173,0,0,0,43,560,980,1043,953,485,aro0921,lean_forward,2
1069,1789976689.179617,0,0,0,0,0,0,0,0,0,0,250,446,431,403,439,459,346,461,441,458,371,311,211,0,0,0,33,604,1039,968,916,525,aro0921,lean_forward,2
1070,1789976689.199592,0,0,0,0,0,0,0,0,0,0,243,434,437,425,421,429,376,445,459,467,383,343,175,0,0,0,54,586,1017,1031,891,491,aro0921,lean_forward,2
1071,1789976689.219606,0,0,0,0,0,0,0,0,0,0,237,447,423,437,415,455,372,467,456,427,408,339,205,0,0,0,77,575,986,998,941,484,aro0921,lean_forward,2
1072,1789976689.239607,0,0,0,0,0,0,0,0,0,0,213,429,439,423,425,442,364,459,443,447,383,329,189,0,0,0,58,570,1000,1003,925,501,aro0921,lean_forward,2
1073,1789976689.259605,0,0,0,0,0,0,0,0,0,0,229,431,442,423,414,441,363,459,446,445,363,331,175,0,0,0,63,573,1033,985,927,533,aro0921,lean_forward,2
1074,1789976689.279597,0,0,0,0,0,0,0,0,0,0,249,457,420,411,422,425,376,473,441,456,350,312,212,0,0,0,39,606,973,983,893,523,aro0921,lean_forward,2
1075,1789976689.299593,0,0,0,0,0,0,0,0,0,0,217,425,457,414,432,443,357,457,447,454,397,311,205,0,0,0,53,569,1017,1015,923,477,aro0921,lean_forward,2
1076,1789976689.319595,0,0,0,0,0,0,0,0,0,0,216,437,457,411,427,459,349,479,427,431,393,313,205,0,0,0,85,567,1013,981,935,509,aro0921,lean_forward,2
1077,1789976689.339577,0,0,0,0,0,0,0,0,0,0,244,453,446,440,405,437,378,468,436,433,407,343,197,0,0,0,83,567,1005,1022,947,473,aro0921,lean_forward,2
1078,1789976689.359591,0,0,0,0,0,0,0,0,0,0,215,431,466,431,414,421,375,459,427,455,407,325,205,0,0,0,85,551,1007,1023,920,479,aro0921,lean_forward,2
1079,1789976689.379595,0,0,0,0,0,0,0,0,0,0,250,455,456,405,439,457,349,473,460,437,407,317,203,0,0,0,61,573,1007,995,939,507,aro0921,lean_forward,2
1080,1789976689.399604,0,0,0,0,0,0,0,0,0,0,232,440,445,435,409,435,377,472,431,443,389,315,209,0,0,0,82,557,1005,987,949,505,aro0921,lean_forward,2
1081,1789976689.419598,0,0,0,0,0,0,0,0,0,0,239,430,456,413,438,453,345,457,441,474,395,334,179,0,0,0,86,553,981,994,904,500,aro0921,lean_forward,2
1082,1789976689.439649,0,0,0,0,0,0,0,0,0,0,233,462,453,401,441,428,371,461,437,445,379,329,175,0,0,0,67,549,967,1017,917,493,aro0921,lean_forward,2
1083,1789976689.459612,0,0,0,0,0,0,0,0,0,0,247,453,457,441,413,429,376,461,461,463,402,334,187,0,0,0,87,553,999,1003,904,495,aro0921,lean_forward,2
1084,1789976689.479597,0,0,0,0,0,0,0,0,0,0,221,423,461,414,427,454,359,478,429,435,395,335,199,0,0,0,85,558,980,985,940,503,aro0921,lean_forward,2
1085,1789976689.499603,0,0,0,0,0,0,0,0,0,0,221,427,438,429,412,425,376,453,441,465,403,308,197,0,0,0,63,565,972,1014,901,533,aro0921,lean_forward,2
1086,1789976689.519630,0,0,0,0,0,0,0,0,0,0,249,439,461,405,441,459,347,477,445,431,372,347,173,0,0,0,57,567,981,984,941,531,aro0921,lean_forward,2
1087,1789976689.539623,0,0,0,0,0,0,0,0,0,0,233,437,442,427,421,441,363,467,453,437,361,330,188,0,0,0,61,571,1001,1007,923,501,aro0921,lean_forward,2
1088,1789976689.559607,0,0,0,0,0,0,0,0,0,0,231,434,447,423,421,444,365,462,446,445,383,329,189,0,0,0,58,572,999,1001,925,491,aro0921,lean_forward,2
1089,1789976689.579603,0,0,0,0,0,0,0,0,0,0,237,423,432,411,437,454,350,485,425,454,383,333,190,0,0,0,49,585,996,1004,921,503,aro0921,lean_forward,2
1090,1789976689.599615,0,0,0,0,0,0,0,0,0,0,233,432,441,424,423,443,366,467,445,447,391,329,189,0,0,0,62,567,999,1003,927,500,aro0921,lean_forward,2
1091,1789976689.619588,0,0,0,0,0,0,0,0,0,0,247,431,467,404,437,424,365,427,463,438,391,345,179,0,0,0,59,551,977,983,952,483,aro0921,lean_forward,2
1092,1789976689.639622,0,0,0,0,0,0,0,0,0,0,232,431,443,419,427,442,361,467,441,447,383,331,191,0,0,0,61,593,999,1007,920,506,aro0921,lean_forward,2
1093,1789976689.659605,0,0,0,0,0,0,0,0,0,0,253,436,436,427,409,459,367,471,431,479,381,340,173,0,0,0,71,553,1011,1029,935,490,aro0921,lean_forward,2
1094,1789976689.679583,0,0,0,0,0,0,0,0,0,0,213,421,429,399,443,461,354,444,444,462,395,313,189,0,0,0,41,595,991,1003,908,504,aro0921,lean_forward,2
1095,1789976689.699587,0,0,0,0,0,0,0,0,0,0,244,441,462,423,425,456,357,479,427,438,403,348,179,0,0,0,78,550,1003,1004,932,490,aro0921,lean_forward,2
1096,1789976689.719592,0,0,0,0,0,0,0,0,0,0,215,444,459,405,436,427,371,477,436,453,371,315,201,0,0,0,69,551,1017,1013,920,501,aro0921,lean_forward,2
1097,1789976689.739609,0,0,0,0,0,0,0,0,0,0,251,422,445,441,410,465,349,435,441,436,381,341,199,0,0,0,39,567,1015,979,965,502,aro0921,lean_forward,2
1098,1789976689.759684,0,0,0,0,0,0,0,0,0,0,247,452,459,407,411,427,377,473,463,447,364,319,205,0,0,0,88,541,1013,1001,935,525,aro0921,lean_forward,2
1099,1789976689.779604,0,0,0,0,0,0,0,0,0,0,235,415,445,419,430,437,351,461,468,428,376,329,207,0,0,0,76,587,1015,997,943,537,aro0921,lean_forward,2
1100,1789976689.799601,0,0,0,0,0,0,0,0,0,0,249,436,463,430,399,458,371,477,439,445,391,311,197,0,0,0,41,572,987,973,913,525,aro0921,lean_forward,2
1101,1789976689.819627,0,0,0,0,0,0,0,0,0,0,254,423,470,399,435,436,376,440,428,446,383,315,168,0,0,0,69,552,994,1007,953,493,aro0921,lean_forward,2
1102,1789976689.839619,0,0,0,0,0,0,0,0,0,0,229,429,443,419,425,444,357,463,458,447,383,330,191,0,0,0,67,571,1000,1005,931,505,aro0921,lean_forward,2
1103,1789976689.859643,0,0,0,0,0,0,0,0,0,0,218,421,441,427,403,431,347,469,453,431,374,333,206,0,0,0,49,567,1016,996,947,524,aro0921,lean_forward,2
1104,1789976689.879595,0,0,0,0,0,0,0,0,0,0,247,444,452,403,437,425,371,485,440,425,407,311,203,0,0,0,62,595,983,983,922,489,aro0921,lean_forward,2
1105,1789976689.899603,0,0,0,0,0,0,0,0,0,0,243,445,461,411,427,442,367,468,447,441,395,345,175,0,0,0,81,552,1021,991,939,499,aro0921,lean_forward,2
1106,1789976689.919589,0,0,0,0,0,0,0,0,0,0,243,439,455,421,423,431,383,477,438,429,388,307,207,0,0,0,44,575,1030,1033,940,505,aro0921,lean_forward,2
1107,1789976689.939602,0,0,0,0,0,0,0,0,0,0,223,437,447,431,411,427,371,461,441,453,447,319,199,0,0,0,57,585,989,1030,926,477,aro0921,lean_forward,2
1108,1789976689.959612,0,0,0,0,0,0,0,0,0,0,227,459,428,411,435,461,343,440,455,466,367,311,211,0,0,0,87,589,972,995,909,533,aro0921,lean_forward,2
1109,1789976689.979602,0,0,0,0,0,0,0,0,0,0,236,415,439,424,413,454,371,493,435,439,390,333,205,0,0,0,39,600,1020,1033,921,483,aro0921,lean_forward,2
1110,1789976689.999611,0,0,0,0,0,0,0,0,0,0,249,440,443,423,430,457,349,452,440,469,373,317,212,0,0,0,77,581,973,981,903,539,aro0921,lean_forward,2
1111,1789976690.019072,0,0,0,0,0,0,0,0,0,0,244,424,461,407,419,444,379,474,444,457,371,346,182,0,0,0,101,557,1012,1017,905,523,aro0921,lean_forward,2
1112,1789976690.039656,0,0,0,0,0,0,0,0,0,0,215,420,461,403,439,459,355,431,473,470,382,347,233,0,0,0,53,582,1019,981,909,525,aro0921,lean_forward,2
1113,1789976690.059631,0,0,0,0,0,0,0,0,0,0,242,453,444,425,429,447,349,459,447,457,383,335,191,0,0,0,91,544,987,1002,925,529,aro0921,lean_forward,2
1114,1789976690.079630,0,0,0,0,0,0,0,0,0,0,210,435,446,415,423,445,363,463,429,454,389,329,189,0,0,0,63,573,1021,1011,925,503,aro0921,lean_forward,2
1115,1789976690.099621,0,0,0,0,0,0,0,0,0,0,220,423,427,405,436,457,358,466,439,452,368,311,207,0,0,0,47,595,1001,1003,923,529,aro0921,lean_forward,2
1116,1789976690.119609,0,0,0,0,0,0,0,0,0,0,219,423,463,408,437,457,359,467,437,435,375,340,180,0,0,0,72,563,981,985,943,523,aro0921,lean_forward,2
1117,1789976690.139605,0,0,0,0,0,0,0,0,0,0,231,457,441,435,407,440,377,485,427,427,407,310,199,0,0,0,26,589,986,1000,958,458,aro0921,lean_forward,2
1118,1789976690.159637,0,0,0,0,0,0,0,0,0,0,243,463,435,409,419,431,372,446,460,456,379,327,197,0,0,0,53,558,1015,994,921,521,aro0921,lean_forward,2
1119,1789976690.179614,0,0,0,0,0,0,0,0,0,0,202,431,445,415,405,431,383,461,427,473,403,307,205,0,0,0,35,599,971,981,905,519,aro0921,lean_forward,2
1120,1789976690.199480,0,0,0,0,0,0,0,0,0,0,227,420,437,433,411,439,378,453,463,457,365,343,173,0,0,0,58,597,987,995,928,539,aro0921,lean_forward,2
1121,1789976690.219619,0,0,0,0,0,0,0,0,0,0,217,421,437,411,424,431,377,472,433,442,405,349,172,0,0,0,47,591,991,1017,941,487,aro0921,lean_forward,2
1122,1789976690.239628,0,0,0,0,0,0,0,0,0,0,229,443,467,407,439,453,351,440,473,469,393,347,173,0,0,0,71,564,991,987,903,503,aro0921,lean_forward,2
1123,1789976690.259631,0,0,0,0,0,0,0,0,0,0,205,447,437,444,411,460,359,455,444,447,389,329,189,0,0,0,59,609,1000,1001,924,505,aro0921,lean_forward,2
1124,1789976690.279664,0,0,0,0,0,0,0,0,0,0,231,435,442,423,424,439,366,463,444,453,389,313,191,0,0,0,62,575,1003,1017,923,506,aro0921,lean_forward,2
1125,1789976690.299615,0,0,0,0,0,0,0,0,0,0,219,444,460,393,435,435,357,453,455,455,406,315,210,0,0,0,63,555,1011,985,890,523,aro0921,lean_forward,2
1126,1789976690.319614,0,0,0,0,0,0,0,0,0,0,247,443,458,409,437,437,359,453,448,463,396,334,205,0,0,0,87,556,995,989,949,505,aro0921,lean_forward,2
1127,1789976690.339615,0,0,0,0,0,0,0,0,0,0,229,430,465,419,421,443,367,469,459,431,407,333,173,0,0,0,61,583,983,995,910,493,aro0921,lean_forward,2
1128,1789976690.359607,0,0,0,0,0,0,0,0,0,0,248,415,469,426,407,425,380,441,445,465,405,343,180,0,0,0,36,565,1003,1019,894,475,aro0921,lean_forward,2
1129,1789976690.379621,0,0,0,0,0,0,0,0,0,0,215,438,463,440,412,436,351,457,435,471,367,304,189,0,0,0,43,603,1030,1029,915,483,aro0921,lean_forward,2
1130,1789976690.399629,0,0,0,0,0,0,0,0,0,0,229,425,429,425,405,437,379,471,443,437,404,331,197,0,0,0,55,601,1021,1022,950,479,aro0921,lean_forward,2
1131,1789976690.419608,0,0,0,0,0,0,0,0,0,0,233,453,431,427,437,439,355,465,460,437,383,315,205,0,0,0,81,571,980,1019,951,507,aro0921,lean_forward,2
1132,1789976690.439605,0,0,0,0,0,0,0,0,0,0,251,419,425,438,435,426,342,457,441,470,373,317,215,0,0,0,48,593,1005,1005,901,546,aro0921,lean_forward,2
1133,1789976690.459608,0,0,0,0,0,0,0,0,0,0,236,457,457,433,437,458,349,478,428,435,403,329,199,0,0,0,83,550,1019,1016,949,473,aro0921,lean_forward,2
1134,1789976690.479627,0,0,0,0,0,0,0,0,0,0,221,421,447,428,421,432,373,474,435,437,359,319,215,0,0,0,60,571,983,988,948,535,aro0921,lean_forward,2
1135,1789976690.499629,0,0,0,0,0,0,0,0,0,0,232,429,457,431,411,453,369,478,436,453,391,315,205,0,0,0,83,555,1005,987,901,499,aro0921,lean_forward,2
1136,1789976690.519635,0,0,0,0,0,0,0,0,0,0,215,413,431,405,439,439,355,459,443,453,392,335,190,0,0,0,41,600,1005,1011,921,503,aro0921,lean_forward,2
1137,1789976690.539645,0,0,0,0,0,0,0,0,0,0,209,454,431,425,421,461,381,447,467,461,405,309,175,0,0,0,30,595,1007,1031,943,487,aro0921,lean_forward,2
1138,1789976690.559641,0,0,0,0,0,0,0,0,0,0,215,439,441,407,435,440,362,465,443,455,383,330,188,0,0,0,40,589,1013,1003,924,508,aro0921,lean_forward,2
1139,1789976690.579650,0,0,0,0,0,0,0,0,0,0,231,435,445,421,425,445,365,458,454,455,382,339,189,0,0,0,59,575,999,1005,923,509,aro0921,lean_forward,2
1140,1789976690.599686,0,0,0,0,0,0,0,0,0,0,260,443,465,409,435,427,371,471,444,435,401,316,206,0,0,0,71,562,988,985,944,521,aro0921,lean_forward,2
1141,1789976690.619611,0,0,0,0,0,0,0,0,0,0,246,455,435,409,441,453,361,470,445,461,379,333,181,0,0,0,53,594,989,1019,901,504,aro0921,lean_forward,2
1142,1789976690.639619,0,0,0,0,0,0,0,0,0,0,248,456,439,405,428,457,355,439,467,468,407,307,157,0,0,0,41,617,1031,1039,901,473,aro0921,lean_forward,2
1143,1789976690.659617,0,0,0,0,0,0,0,0,0,0,217,440,445,401,440,439,364,447,458,469,369,345,173,0,0,0,89,555,984,983,905,533,aro0921,lean_forward,2
1144,1789976690.679633,0,0,0,0,0,0,0,0,0,0,217,427,443,409,437,444,349,474,455,461,394,307,213,0,0,0,54,587,997,999,919,483,aro0921,lean_forward,2
1145,1789976690.699620,0,0,0,0,0,0,0,0,0,0,221,423,463,408,441,435,355,453,447,469,391,347,185,0,0,0,75,557,1001,978,905,530,aro0921,lean_forward,2
1146,1789976690.719630,0,0,0,0,0,0,0,0,0,0,215,413,466,448,410,428,379,455,462,445,380,355,167,0,0,0,83,567,983,995,938,532,aro0921,lean_forward,2
1147,1789976690.739623,0,0,0,0,0,0,0,0,0,0,232,441,437,407,437,446,349,447,469,445,363,317,181,0,0,0,41,604,1045,985,953,543,aro0921,lean_forward,2
1148,1789976690.759625,0,0,0,0,0,0,0,0,0,0,249,453,455,405,430,430,372,467,453,457,403,342,179,0,0,0,71,572,1015,1031,925,491,aro0921,lean_forward,2
1149,1789976690.779620,0,0,0,0,0,0,0,0,0,0,217,421,453,411,411,439,383,463,443,443,378,309,212,0,0,0,47,587,981,991,948,547,aro0921,lean_forward,2
1150,1789976690.799603,0,0,0,0,0,0,0,0,0,0,214,415,431,407,411,437,376,462,437,453,382,329,189,0,0,0,43,595,999,1000,941,502,aro0921,lean_forward,2
1151,1789976690.819598,0,0,0,0,0,0,0,0,0,0,231,439,453,423,426,443,371,461,445,459,383,329,191,0,0,0,67,575,1000,1004,925,507,aro0921,lean_forward,2
1152,1789976690.839618,0,0,0,0,0,0,0,0,0,0,213,427,424,424,405,443,381,439,469,461,365,337,181,0,0,0,35,603,997,1021,909,519,aro0921,lean_forward,2
1153,1789976690.859606,0,0,0,0,0,0,0,0,0,0,245,414,463,409,439,381,375,468,435,461,373,337,205,0,0,0,84,556,995,977,923,529,aro0921,lean_forward,2
1154,1789976690.879611,0,0,0,0,0,0,0,0,0,0,229,439,483,419,432,462,348,479,438,431,399,346,173,0,0,0,68,553,1017,1017,949,491,aro0921,lean_forward,2
1155,1789976690.899653,0,0,0,0,0,0,0,0,0,0,237,411,459,409,441,443,349,437,437,467,396,339,201,0,0,0,77,549,1029,1033,891,487,aro0921,lean_forward,2
1156,1789976690.919604,0,0,0,0,0,0,0,0,0,0,243,447,453,415,421,429,375,472,439,435,408,331,206,0,0,0,45,587,997,1016,959,473,aro0921,lean_forward,2
1157,1789976690.939604,0,0,0,0,0,0,0,0,0,0,215,441,467,393,439,457,351,483,443,431,405,312,191,0,0,0,53,559,984,1033,952,473,aro0921,lean_forward,2
1158,1789976690.959602,0,0,0,0,0,0,0,0,0,0,234,439,451,436,415,433,373,471,435,439,407,347,172,0,0,0,82,564,979,1007,942,487,aro0921,lean_forward,2
1159,1789976690.979605,0,0,0,0,0,0,0,0,0,0,251,446,441,441,405,425,391,453,441,461,367,311,207,0,0,0,63,575,979,987,935,540,aro0921,lean_forward,2
1160,1789976690.999612,0,0,0,0,0,0,0,0,0,0,227,452,445,415,439,447,356,459,454,456,390,335,187,0,0,0,63,568,1001,999,923,504,aro0921,lean_forward,2
1161,1789976691.019602,0,0,0,0,0,0,0,0,0,0,231,437,445,422,425,443,362,459,447,453,333,331,191,0,0,0,69,573,1016,985,935,509,aro0921,lean_forward,2
1162,1789976691.039617,0,0,0,0,0,0,0,0,0,0,248,455,459,435,411,443,367,459,455,451,419,346,175,0,0,0,88,549,985,974,917,523,aro0921,lean_forward,2
1163,1789976691.059634,0,0,0,0,0,0,0,0,0,0,229,429,438,405,441,437,390,475,436,429,375,333,181,0,0,0,77,551,1004,1015,947,507,aro0921,lean_forward,2
1164,1789976691.079628,0,0,0,0,0,0,0,0,0,0,233,455,443,435,406,411,382,452,475,469,383,337,164,0,0,0,79,560,1017,1013,903,520,aro0921,lean_forward,2
1165,1789976691.099609,0,0,0,0,0,0,0,0,0,0,234,427,467,432,415,443,375,471,440,437,375,309,211,0,0,0,86,557,977,985,935,509,aro0921,lean_forward,2
1166,1789976691.119635,0,0,0,0,0,0,0,0,0,0,232,447,436,413,422,435,380,457,443,456,395,314,205,0,0,0,57,587,1015,1031,919,489,aro0921,lean_forward,2
1167,1789976691.139623,0,0,0,0,0,0,0,0,0,0,244,437,471,427,429,463,355,447,459,469,349,308,211,0,0,0,83,547,981,1044,909,487,aro0921,lean_forward,2
1168,1789976691.159610,0,0,0,0,0,0,0,0,0,0,251,419,440,440,403,456,371,475,463,437,381,349,167,0,0,0,81,600,995,985,948,518,aro0921,lean_forward,2
1169,1789976691.179615,0,0,0,0,0,0,0,0,0,0,249,459,436,429,411,423,384,425,461,473,407,349,171,0,0,0,55,587,1029,1039,879,475,aro0921,lean_forward,2
1170,1789976691.199714,0,0,0,0,0,0,0,0,0,0,235,454,455,425,407,439,381,463,432,455,409,315,202,0,0,0,38,591,1017,983,903,506,aro0921,lean_forward,2
1171,1789976691.219623,0,0,0,0,0,0,0,0,0,0,243,441,459,439,413,435,376,447,457,468,400,345,185,0,0,0,83,557,1007,1018,903,485,aro0921,lean_forward,2
1172,1789976691.239648,0,0,0,0,0,0,0,0,0,0,250,440,461,441,405,444,375,472,427,453,409,314,199,0,0,0,99,547,997,1011,933,472,aro0921,lean_forward,2
1173,1789976691.259626,0,0,0,0,0,0,0,0,0,0,233,393,443,423,420,443,371,468,459,440,391,329,197,0,0,0,63,571,1001,1016,918,501,aro0921,lean_forward,2
1174,1789976691.279615,0,0,0,0,0,0,0,0,0,0,229,435,454,423,431,442,365,467,432,471,413,349,163,0,0,0,71,567,1003,1003,902,498,aro0921,lean_forward,2
1175,1789976691.299705,0,0,0,0,0,0,0,0,0,0,237,428,438,407,437,455,361,476,431,436,405,345,181,0,0,0,44,589,1021,1035,939,483,aro0921,lean_forward,2
1176,1789976691.319636,0,0,0,0,0,0,0,0,0,0,237,431,435,415,415,429,381,473,431,439,404,313,215,0,0,0,73,582,1019,1016,946,483,aro0921,lean_forward,2
1177,1789976691.339628,0,0,0,0,0,0,0,0,0,0,229,431,425,395,432,435,371,476,426,428,407,329,184,0,0,0,26,598,1001,1017,951,489,aro0921,lean_forward,2
1178,1789976691.359648,0,0,0,0,0,0,0,0,0,0,215,425,460,440,409,436,377,477,435,437,366,317,212,0,0,0,88,549,1019,1030,955,505,aro0921,lean_forward,2
1179,1789976691.379696,0,0,0,0,0,0,0,0,0,0,247,461,429,404,437,435,371,471,439,438,395,343,189,0,0,0,35,597,1029,1021,909,525,aro0921,lean_forward,2
1180,1789976691.399654,0,0,0,0,0,0,0,0,0,0,233,435,453,425,415,427,379,467,445,443,401,347,174,0,0,0,67,574,971,1033,948,489,aro0921,lean_forward,2
1181,1789976691.419651,0,0,0,0,0,0,0,0,0,0,251,455,431,411,431,443,367,460,441,462,397,333,187,0,0,0,43,591,1030,1012,905,499,aro0921,lean_forward,2
1182,1789976691.439616,0,0,0,0,0,0,0,0,0,0,239,440,471,426,421,427,355,441,473,459,373,329,185,0,0,0,89,549,1017,983,910,533,aro0921,lean_forward,2
1183,1789976691.459665,0,0,0,0,0,0,0,0,0,0,231,438,445,423,425,443,367,463,453,455,391,331,189,0,0,0,63,559,999,1005,931,501,aro0921,lean_forward,2
1184,1789976691.479633,0,0,0,0,0,0,0,0,0,0,233,439,445,421,423,441,367,453,461,467,381,331,198,0,0,0,63,569,987,1013,928,503,aro0921,lean_forward,2
1185,1789976691.499623,0,0,0,0,0,0,0,0,0,0,232,435,463,427,412,446,375,476,434,427,403,311,203,0,0,0,85,551,1023,1035,925,479,aro0921,lean_forward,2
1186,1789976691.519626,0,0,0,0,0,0,0,0,0,0,249,443,457,413,425,447,356,485,439,447,406,343,190,0,0,0,84,551,1003,983,905,508,aro0921,lean_forward,2
1187,1789976691.539648,0,0,0,0,0,0,0,0,0,0,239,425,436,395,444,467,349,444,471,466,412,356,175,0,0,0,37,595,1032,1047,919,468,aro0921,lean_forward,2
1188,1789976691.559640,0,0,0,0,0,0,0,0,0,0,231,439,435,405,431,440,376,467,444,457,391,335,184,0,0,0,47,587,986,1001,916,507,aro0921,lean_forward,2
1189,1789976691.579679,0,0,0,0,0,0,0,0,0,0,231,413,445,405,440,456,357,478,437,445,371,333,172,0,0,0,39,594,1006,1021,919,484,aro0921,lean_forward,2
1190,1789976691.599626,0,0,0,0,0,0,0,0,0,0,247,455,457,441,409,435,379,477,435,441,405,349,181,0,0,0,77,559,1023,1021,933,476,aro0921,lean_forward,2
1191,1789976691.619646,0,0,0,0,0,0,0,0,0,0,231,443,435,405,435,455,349,436,468,472,395,313,188,0,0,0,42,597,995,1022,895,495,aro0921,lean_forward,2
1192,1789976691.639636,0,0,0,0,0,0,0,0,0,0,221,460,457,441,421,429,371,460,469,447,364,330,203,0,0,0,81,551,1016,997,919,535,aro0921,lean_forward,2
1193,1789976691.659630,0,0,0,0,0,0,0,0,0,0,235,439,445,419,427,445,363,461,453,453,392,331,191,0,0,0,59,563,1001,1007,926,501,aro0921,lean_forward,2
1194,1789976691.679617,0,0,0,0,0,0,0,0,0,0,232,440,443,424,424,443,371,446,461,453,377,333,175,0,0,0,62,567,987,989,920,535,aro0921,lean_forward,2
1195,1789976691.699621,0,0,0,0,0,0,0,0,0,0,246,440,463,413,438,457,355,443,467,468,375,314,205,0,0,0,71,565,988,1016,917,510,aro0921,lean_forward,2
1196,1789976691.719625,0,0,0,0,0,0,0,0,0,0,253,441,459,430,412,462,359,471,440,439,393,351,170,0,0,0,85,532,974,1021,947,462,aro0921,lean_forward,2
1197,1789976691.739622,0,0,0,0,0,0,0,0,0,0,227,415,461,441,409,427,392,443,462,460,408,355,174,0,0,0,87,549,991,1035,922,473,aro0921,lean_forward,2
1198,1789976691.759623,0,0,0,0,0,0,0,0,0,0,249,441,461,435,425,456,359,445,466,463,405,315,212,0,0,0,78,551,1013,1006,927,489,aro0921,lean_forward,2
1199,1789976691.779622,0,0,0,0,0,0,0,0,0,0,245,423,455,412,439,460,357,465,425,461,371,350,184,0,0,0,69,563,985,983,901,527,aro0921,lean_forward,2
1200,1789976691.799622,0,0,0,0,0,0,0,0,0,0,249,437,441,416,413,431,380,459,445,441,365,329,213,0,0,0,39,584,1007,1023,965,499,aro0921,lean_forward,2
1201,1789976691.819608,0,0,0,0,0,0,0,0,0,0,265,456,429,423,427,435,379,477,431,435,371,315,213,0,0,0,25,584,1021,1036,951,527,aro0921,lean_forward,2
1202,1789976691.839609,0,0,0,0,0,0,0,0,0,0,209,441,441,408,445,457,347,443,459,473,398,345,183,0,0,0,39,584,997,1020,919,489,aro0921,lean_forward,2
1203,1789976691.859611,0,0,0,0,0,0,0,0,0,0,246,437,446,419,423,443,367,461,441,455,389,327,191,0,0,0,61,567,1007,1007,923,503,aro0921,lean_forward,2
1204,1789976691.879653,0,0,0,0,0,0,0,0,0,0,237,437,445,424,425,442,367,465,447,443,374,346,173,0,0,0,61,567,973,981,887,521,aro0921,lean_forward,2
1205,1789976691.899634,0,0,0,0,0,0,0,0,0,0,251,422,425,419,411,439,384,466,429,461,405,317,211,0,0,0,89,588,995,1007,943,491,aro0921,lean_forward,2
1206,1789976691.919640,0,0,0,0,0,0,0,0,0,0,247,426,441,415,425,431,380,455,459,467,399,325,189,0,0,0,41,585,1007,1017,921,455,aro0921,lean_forward,2
1207,1789976691.939655,0,0,0,0,0,0,0,0,0,0,251,416,456,403,446,429,348,483,427,444,365,339,203,0,0,0,75,542,987,985,911,541,aro0921,lean_forward,2
1208,1789976691.959636,0,0,0,0,0,0,0,0,0,0,215,447,435,409,424,429,376,473,433,455,405,345,205,0,0,0,67,560,996,996,918,479,aro0921,lean_forward,2
1209,1789976691.979620,0,0,0,0,0,0,0,0,0,0,248,367,427,447,403,459,373,463,462,439,373,334,181,0,0,0,59,596,1005,998,947,524,aro0921,lean_forward,2
1210,1789976691.999658,0,0,0,0,0,0,0,0,0,0,243,427,441,439,421,442,367,457,444,444,408,345,184,0,0,0,75,565,1017,1034,925,475,aro0921,lean_forward,2
1211,1789976692.019641,0,0,0,0,0,0,0,0,0,0,227,439,435,411,425,440,369,443,459,462,405,347,172,0,0,0,37,585,1020,1044,915,467,aro0921,lean_forward,2
1212,1789976692.039613,0,0,0,0,0,0,0,0,0,0,219,422,431,420,409,453,394,445,467,457,389,344,181,0,0,0,30,589,1032,987,915,520,aro0921,lean_forward,2
1213,1789976692.059651,0,0,0,0,0,0,0,0,0,0,215,441,431,411,436,457,361,459,453,447,383,331,189,0,0,0,45,587,999,1005,923,508,aro0921,lean_forward,2
1214,1789976692.079655,0,0,0,0,0,0,0,0,0,0,223,432,440,409,435,447,356,456,456,467,398,356,187,0,0,0,55,565,1003,980,901,489,aro0921,lean_forward,2
1215,1789976692.099633,0,0,0,0,0,0,0,0,0,0,237,459,448,410,421,427,389,463,445,454,382,333,179,0,0,0,63,563,997,1005,925,503,aro0921,lean_forward,2
1216,1789976692.119624,0,0,0,0,0,0,0,0,0,0,237,439,445,421,421,443,371,456,452,453,367,335,191,0,0,0,61,565,1019,1033,925,477,aro0921,lean_forward,2
1217,1789976692.139632,0,0,0,0,0,0,0,0,0,0,247,443,454,440,411,428,391,471,441,423,403,315,213,0,0,0,88,554,1002,1035,943,473,aro0921,lean_forward,2
1218,1789976692.159663,0,0,0,0,0,0,0,0,0,0,237,431,441,419,415,429,380,441,467,461,367,347,179,0,0,0,45,584,997,1001,925,519,aro0921,lean_forward,2
1219,1789976692.179655,0,0,0,0,0,0,0,0,0,0,217,349,445,405,409,436,390,443,463,456,399,338,197,0,0,0,41,573,1015,998,937,491,aro0921,lean_forward,2
1220,1789976692.199625,0,0,0,0,0,0,0,0,0,0,250,455,431,421,436,455,349,441,458,469,404,315,212,0,0,0,79,557,989,990,909,485,aro0921,lean_forward,2
1221,1789976692.219628,0,0,0,0,0,0,0,0,0,0,237,428,457,406,431,435,367,478,435,436,394,347,173,0,0,0,77,543,1013,987,915,537,aro0921,lean_forward,2
1222,1789976692.239617,0,0,0,0,0,0,0,0,0,0,239,423,461,422,431,467,359,483,435,437,389,339,204,0,0,0,81,531,1021,973,930,527,aro0921,lean_forward,2
1223,1789976692.259622,0,0,0,0,0,0,0,0,0,0,235,457,453,413,415,439,379,459,465,443,396,315,205,0,0,0,45,575,1013,1023,951,477,aro0921,lean_forward,2
1224,1789976692.279616,0,0,0,0,0,0,0,0,0,0,253,419,459,401,439,427,363,483,429,431,408,313,190,0,0,0,26,565,1019,1003,923,476,aro0921,lean_forward,2
1225,1789976692.299631,0,0,0,0,0,0,0,0,0,0,229,427,467,440,411,415,381,463,445,453,389,328,187,0,0,0,89,541,1014,1007,919,498,aro0921,lean_forward,2
1226,1789976692.319644,0,0,0,0,0,0,0,0,0,0,231,441,453,420,429,443,371,460,454,469,381,329,191,0,0,0,63,565,990,1005,925,505,aro0921,lean_forward,2
1227,1789976692.339622,0,0,0,0,0,0,0,0,0,0,249,423,427,410,409,423,383,444,461,432,395,351,183,0,0,0,69,569,1019,1039,951,517,aro0921,lean_forward,2
1228,1789976692.359650,0,0,0,0,0,0,0,0,0,0,235,437,445,407,425,457,371,445,456,432,376,309,201,0,0,0,69,580,994,999,916,521,aro0921,lean_forward,2
1229,1789976692.379622,0,0,0,0,0,0,0,0,0,0,154,457,421,412,424,458,408,443,453,469,379,299,200,0,0,0,59,529,1020,1032,923,533,aro0921,lean_forward,2
1230,1789976692.399663,0,0,0,0,0,0,0,0,0,0,237,455,429,437,419,465,359,482,439,455,363,329,205,0,0,0,60,580,1017,1033,919,504,aro0921,lean_forward,2
1231,1789976692.419619,0,0,0,0,0,0,0,0,0,0,229,461,444,424,403,445,378,445,463,456,377,313,213,0,0,0,55,567,981,1031,927,484,aro0921,lean_forward,2
1232,1789976692.439658,0,0,0,0,0,0,0,0,0,0,231,435,469,441,407,435,377,457,465,461,373,333,172,0,0,0,89,549,1001,1008,889,509,aro0921,lean_forward,2
1233,1789976692.459619,0,0,0,0,0,0,0,0,0,0,227,419,445,424,413,443,389,470,431,455,381,347,171,0,0,0,42,583,1020,1021,914,483,aro0921,lean_forward,2
1234,1789976692.479627,0,0,0,0,0,0,0,0,0,0,249,455,459,431,441,429,361,462,467,436,363,327,216,0,0,0,51,566,1021,1031,903,495,aro0921,lean_forward,2
1235,1789976692.499631,0,0,0,0,0,0,0,0,0,0,221,448,429,430,413,427,379,459,455,452,383,331,191,0,0,0,74,557,1001,999,924,499,aro0921,lean_forward,2
1236,1789976692.519631,0,0,0,0,0,0,0,0,0,0,235,438,445,422,427,445,364,463,447,452,381,327,188,0,0,0,67,550,1001,997,915,495,aro0921,lean_forward,2
1237,1789976692.539642,0,0,0,0,0,0,0,0,0,0,236,437,453,421,423,447,367,446,469,457,372,334,169,0,0,0,60,520,1018,1021,941,496,aro0921,lean_forward,2
1238,1789976692.559634,0,0,0,0,0,0,0,0,0,0,231,435,444,415,423,443,367,467,452,445,380,331,191,0,0,0,59,533,994,985,914,487,aro0921,lean_forward,2
1239,1789976692.579655,0,0,0,0,0,0,0,0,0,0,232,442,445,423,426,441,363,453,455,475,406,341,198,0,0,0,51,533,1003,996,903,472,aro0921,lean_forward,2
1240,1789976692.599720,0,0,0,0,0,0,0,0,0,0,219,435,431,424,440,425,355,462,428,461,373,342,189,0,0,0,61,549,995,1017,879,467,aro0921,lean_forward,2
1241,1789976692.619646,0,0,0,0,0,0,0,0,0,0,237,445,458,409,428,426,365,445,441,472,389,329,211,0,0,0,52,520,959,969,893,503,aro0921,lean_forward,2
1242,1789976692.639663,0,0,0,0,0,0,0,0,0,0,210,424,443,425,442,435,363,477,435,461,377,348,169,0,0,0,83,509,989,1017,873,466,aro0921,lean_forward,2
1243,1789976692.659640,0,0,0,0,0,0,0,0,0,0,233,415,461,428,426,455,355,447,447,472,407,317,205,0,0,0,37,533,997,1012,879,455,aro0921,lean_forward,2
1244,1789976692.679628,0,0,0,0,0,0,0,0,0,0,247,448,461,409,423,423,374,453,475,454,381,329,179,0,0,0,57,491,1002,1010,909,469,aro0921,lean_forward,2
1245,1789976692.699648,0,0,0,0,0,0,0,0,0,0,216,415,447,437,429,459,357,445,475,469,381,318,191,0,0,0,59,523,954,1013,861,472,aro0921,lean_forward,2
1246,1789976692.719630,0,0,0,0,0,0,0,0,0,0,255,421,431,439,421,443,367,482,443,441,371,340,211,0,0,0,85,537,980,993,915,487,aro0921,lean_forward,2
1247,1789976692.739626,0,0,0,0,0,0,0,0,0,0,227,445,478,408,444,441,353,447,472,469,381,341,227,0,0,0,71,488,1005,997,883,527,aro0921,lean_forward,2
1248,1789976692.759618,0,0,0,0,0,0,0,0,0,0,233,436,443,418,429,441,363,465,454,454,391,333,198,0,0,0,61,505,978,981,883,461,aro0921,lean_forward,2
1249,1789976692.779622,0,0,0,0,0,0,0,0,0,0,233,439,453,423,427,445,367,471,453,459,375,358,176,0,0,0,59,505,937,997,885,443,aro0921,lean_forward,2
1250,1789976692.799627,0,0,0,0,0,0,0,0,0,0,249,446,437,415,437,457,355,441,467,467,379,325,205,0,0,0,42,525,950,969,849,436,aro0921,lean_forward,2
1251,1789976692.819630,0,0,0,0,0,0,0,0,0,0,251,457,473,421,440,459,344,476,456,434,376,317,217,0,0,0,85,477,937,953,878,446,aro0921,lean_forward,2
1252,1789976692.839675,0,0,0,0,0,0,0,0,0,0,222,415,483,409,444,457,365,459,459,459,403,334,173,0,0,0,75,473,953,979,857,415,aro0921,lean_forward,2
1253,1789976692.859643,0,0,0,0,0,0,0,0,0,0,226,439,435,413,443,453,363,443,469,471,405,335,187,0,0,0,39,508,943,965,843,403,aro0921,lean_forward,2
1254,1789976692.879622,0,0,0,0,0,0,0,0,0,0,231,441,437,421,441,473,349,447,477,471,376,309,207,0,0,0,35,507,919,955,843,427,aro0921,lean_forward,2
1255,1789976692.899662,0,0,0,0,0,0,0,0,0,0,236,437,439,442,419,441,379,459,455,469,397,313,213,0,0,0,70,493,907,984,829,378,aro0921,lean_forward,2
1256,1789976692.919639,0,0,0,0,0,0,0,0,0,0,237,457,463,419,434,443,379,481,443,435,379,361,176,0,0,0,29,487,936,936,869,425,aro0921,lean_forward,2
1257,1789976692.939628,0,0,0,0,0,0,0,0,0,0,227,421,455,453,420,430,392,487,425,432,393,355,171,0,0,0,77,458,905,934,866,405,aro0921,lean_forward,2
1258,1789976692.959648,0,0,0,0,0,0,0,0,0,0,271,477,458,435,437,447,373,463,457,463,390,329,187,0,0,0,53,466,919,955,825,377,aro0921,lean_forward,2
1259,1789976692.979677,0,0,0,0,0,0,0,0,0,0,263,459,459,431,438,453,375,461,456,455,379,309,201,0,0,0,55,457,893,933,837,411,aro0921,lean_forward,2
1260,1789976692.999649,0,0,0,0,0,0,0,0,0,0,267,472,453,454,432,469,365,475,431,459,408,299,201,0,0,0,39,472,879,935,794,345,aro0921,lean_forward,2
1261,1789976693.019652,0,0,0,0,0,0,0,0,0,0,287,472,443,427,431,442,389,483,442,431,364,345,169,0,0,0,39,471,888,939,831,393,aro0921,lean_forward,2
1262,1789976693.039645,0,0,0,0,0,0,0,0,0,0,275,469,452,457,426,441,395,456,467,471,403,295,187,0,0,0,62,439,910,966,781,319,aro0921,lean_forward,2
1263,1789976693.059647,0,0,0,0,0,0,0,0,0,0,269,471,472,439,446,466,356,471,437,457,388,307,183,0,0,0,72,425,904,991,780,333,aro0921,lean_forward,2
1264,1789976693.079710,0,0,0,0,0,0,0,0,0,0,279,467,463,459,419,440,394,475,423,437,402,285,192,0,0,0,72,434,871,953,810,316,aro0921,lean_forward,2
1265,1789976693.099687,0,0,0,0,0,0,0,0,0,0,266,456,447,428,458,463,365,472,443,445,377,301,183,0,0,0,47,461,861,943,771,315,aro0921,lean_forward,2
1266,1789976693.119637,0,0,0,0,0,0,0,0,0,0,273,455,459,459,430,439,395,459,441,458,389,331,126,0,0,0,50,456,867,947,789,287,aro0921,lean_forward,2
1267,1789976693.139643,0,0,0,0,0,0,0,0,0,0,279,487,487,463,427,409,403,479,431,431,377,331,149,0,0,0,77,331,875,922,793,295,aro0921,lean_forward,2
1268,1789976693.159377,0,0,0,0,0,0,0,0,0,0,291,468,459,429,467,477,367,463,453,447,361,293,181,0,0,0,40,455,889,917,777,295,aro0921,lean_forward,2
1269,1789976693.179651,0,0,0,0,0,0,0,0,0,0,293,457,503,453,437,441,413,441,473,471,365,274,179,0,0,0,59,403,845,926,744,250,aro0921,lean_forward,2
1270,1789976693.199788,0,0,0,0,0,0,0,0,0,0,279,461,455,468,436,447,406,445,483,468,361,309,154,0,0,0,57,438,859,893,751,280,aro0921,lean_forward,2
1271,1789976693.219643,0,0,0,0,0,0,0,0,0,0,293,471,491,445,462,485,375,462,461,467,379,340,181,0,0,0,68,409,869,933,777,248,aro0921,lean_forward,2
1272,1789976693.239651,0,0,0,0,0,0,0,0,0,0,297,477,471,453,453,463,392,500,447,452,376,358,164,0,0,0,52,431,869,923,766,261,aro0921,lean_forward,2
1273,1789976693.259632,0,0,0,0,0,0,0,0,0,0,303,473,488,456,456,483,375,467,457,443,382,299,185,0,0,0,71,406,884,949,791,235,aro0921,lean_forward,2
1274,1789976693.279660,0,0,0,0,0,0,0,0,0,0,331,498,473,470,439,419,413,457,458,441,405,307,176,0,0,0,84,389,846,927,791,215,aro0921,lean_forward,2
1275,1789976693.299638,0,0,0,0,0,0,0,0,0,0,287,469,459,447,471,478,397,446,456,471,369,330,152,0,0,0,41,411,839,867,732,279,aro0921,lean_forward,2
1276,1789976693.319659,0,0,0,0,0,0,0,0,0,0,308,503,486,453,472,483,379,447,471,463,396,327,173,0,0,0,82,399,879,931,748,217,aro0921,lean_forward,2
1277,1789976693.339641,0,0,0,0,0,0,0,0,0,0,287,501,499,429,455,467,406,440,431,443,399,299,163,0,0,0,81,383,871,948,790,261,aro0921,lean_forward,2
1278,1789976693.359630,0,0,0,0,0,0,0,0,0,0,319,461,487,445,475,469,391,444,453,467,365,312,187,0,0,0,83,381,871,909,767,265,aro0921,lean_forward,2
1279,1789976693.379631,0,0,0,0,0,0,0,0,0,0,341,475,471,455,485,457,415,444,472,445,359,333,149,0,0,0,81,391,869,935,783,252,aro0921,lean_forward,2
1280,1789976693.399680,0,0,0,0,0,0,0,0,0,0,334,491,463,454,461,461,405,455,473,477,362,312,153,0,0,0,39,407,829,877,747,256,aro0921,lean_forward,2
1281,1789976693.419629,0,0,0,0,0,0,0,0,0,0,327,485,473,453,467,460,395,443,470,469,363,308,151,0,0,0,29,395,859,893,729,239,aro0921,lean_forward,2
1282,1789976693.439642,0,0,0,0,0,0,0,0,0,0,319,486,475,462,461,468,399,466,447,455,379,303,164,0,0,0,47,377,859,915,795,219,aro0921,lean_forward,2
1283,1789976693.459668,0,0,0,0,0,0,0,0,0,0,333,483,467,463,461,471,407,447,469,456,393,287,153,0,0,0,35,389,863,925,764,183,aro0921,lean_forward,2
1284,1789976693.479653,0,0,0,0,0,0,0,0,0,0,311,473,473,447,475,467,392,478,443,427,395,303,173,0,0,0,30,365,871,901,761,197,aro0921,lean_forward,2
1285,1789976693.499676,0,0,0,0,0,0,0,0,0,0,318,485,461,467,443,467,415,465,468,437,363,287,173,0,0,0,31,377,829,917,791,218,aro0921,lean_forward,2
1286,1789976693.519676,0,0,0,0,0,0,0,0,0,0,333,471,491,445,459,457,419,486,455,443,361,318,167,0,0,0,53,368,856,935,701,218,aro0921,lean_forward,2
1287,1789976693.539631,0,0,30,0,0,0,0,0,0,0,359,505,488,503,459,478,401,491,440,415,367,327,143,0,0,0,73,341,853,921,761,221,aro0921,lean_forward,2
1288,1789976693.559746,0,0,37,0,0,0,0,0,0,0,325,507,485,455,481,463,419,486,455,472,362,300,184,0,0,0,30,376,878,917,717,233,aro0921,lean_forward,2
1289,1789976693.579682,0,0,51,0,0,0,0,0,0,0,329,499,501,473,456,483,399,457,490,461,373,328,165,0,0,0,42,374,855,901,755,231,aro0921,lean_forward,2
1290,1789976693.599742,0,0,49,0,0,0,0,0,0,0,328,471,497,443,482,483,391,451,461,465,372,317,185,0,0,0,39,353,875,871,745,245,aro0921,lean_forward,2
1291,1789976693.619684,0,0,39,0,0,0,0,0,0,0,347,485,499,445,484,475,396,475,443,471,407,311,155,0,0,0,72,333,843,887,747,190,aro0921,lean_forward,2
1292,1789976693.639661,0,0,52,0,0,0,0,0,0,0,333,485,477,455,465,473,406,469,461,457,391,287,169,0,0,0,47,355,857,902,742,211,aro0921,lean_forward,2
1293,1789976693.659657,0,0,53,0,0,0,0,0,0,0,329,473,479,461,467,475,410,483,446,465,379,327,187,0,0,0,57,356,839,879,713,234,aro0921,lean_forward,2
1294,1789976693.679648,0,0,27,0,0,0,0,0,0,0,311,485,493,451,479,497,399,483,462,463,379,339,159,0,0,0,73,333,847,885,731,235,aro0921,lean_forward,2
1295,1789976693.699643,0,0,0,0,0,0,0,0,0,0,306,483,493,453,453,484,421,453,475,459,375,343,190,0,0,0,52,357,893,927,761,203,aro0921,lean_forward,2
1296,1789976693.719668,0,0,0,0,0,0,0,0,0,0,301,505,471,471,473,466,391,467,478,443,407,339,183,0,0,0,47,398,869,915,787,233,aro0921,lean_forward,2
1297,1789976693.739638,0,0,0,0,0,0,0,0,0,0,339,473,493,459,441,471,412,456,483,463,399,348,150,0,0,0,35,383,888,914,777,187,aro0921,lean_forward,2
1298,1789976693.759640,0,0,0,0,0,0,0,0,0,0,327,483,467,445,475,467,404,487,456,445,405,311,186,0,0,0,77,373,843,875,739,234,aro0921,lean_forward,2
1299,1789976693.779636,0,0,0,0,0,0,0,0,0,0,277,502,461,445,475,485,381,485,462,447,381,315,187,0,0,0,76,381,843,890,726,205,aro0921,lean_forward,2
1300,1789976693.799648,0,0,0,0,0,0,0,0,0,0,325,501,493,455,472,490,389,447,472,477,403,303,173,0,0,0,83,358,845,939,725,185,aro0921,lean_forward,2
1301,1789976693.819690,0,0,0,0,0,0,0,0,0,0,316,467,462,467,472,491,389,488,446,463,371,344,169,0,0,0,77,380,884,924,712,236,aro0921,lean_forward,2
1302,1789976693.839647,0,0,0,0,0,0,0,0,0,0,296,501,457,463,477,455,391,489,470,453,354,345,171,0,0,0,71,379,889,919,731,237,aro0921,lean_forward,2
1303,1789976693.859649,0,0,0,0,0,0,0,0,0,0,325,477,477,455,454,459,413,483,445,459,374,332,177,0,0,0,37,397,891,905,724,251,aro0921,lean_forward,2
1304,1789976693.879638,0,0,0,0,0,0,0,0,0,0,347,457,458,440,447,472,393,455,441,441,377,314,190,0,0,0,76,391,876,895,776,201,aro0921,lean_forward,2
1305,1789976693.899646,0,0,0,0,0,0,0,0,0,0,339,492,467,467,471,487,391,467,477,445,361,343,160,0,0,0,79,383,859,907,781,271,aro0921,lean_forward,2
1306,1789976693.919642,0,0,0,0,0,0,0,0,0,0,307,485,467,447,457,473,425,471,459,459,391,317,181,0,0,0,53,371,873,905,747,228,aro0921,lean_forward,2
1307,1789976693.939667,0,0,0,0,0,0,0,0,0,0,326,489,475,460,466,473,409,471,452,457,393,313,175,0,0,0,60,384,871,903,752,224,aro0921,lean_forward,2
1308,1789976693.959655,0,0,0,0,0,0,0,0,0,0,340,472,494,447,479,467,425,465,445,471,383,333,163,0,0,0,61,379,851,879,727,233,aro0921,lean_forward,2
1309,1789976693.979743,0,0,0,0,0,0,0,0,0,0,355,503,486,466,453,472,419,457,469,447,371,317,188,0,0,0,73,364,889,921,789,207,aro0921,lean_forward,2
1310,1789976693.999687,0,0,0,0,0,0,0,0,0,0,325,520,499,444,479,489,392,447,479,447,412,339,157,0,0,0,73,361,856,885,759,243,aro0921,lean_forward,2
1311,1789976694.019775,0,0,0,0,0,0,0,0,0,0,349,503,496,476,447,461,425,483,441,445,406,301,186,0,0,0,43,391,884,879,755,221,aro0921,lean_forward,2
1312,1789976694.039757,0,0,30,0,0,0,0,0,0,0,327,477,501,444,479,467,412,487,447,439,409,325,164,0,0,0,50,379,879,915,781,205,aro0921,lean_forward,2
1313,1789976694.059703,0,0,27,0,0,0,0,0,0,0,325,489,491,459,475,490,405,487,439,435,367,327,177,0,0,0,59,365,889,924,759,221,aro0921,lean_forward,2
1314,1789976694.079702,0,0,59,0,0,0,0,0,0,0,327,443,475,463,461,445,406,479,430,441,376,293,199,0,0,0,0,391,889,877,765,233,aro0921,lean_forward,2
1315,1789976694.099723,0,0,46,0,0,0,0,0,0,0,327,505,467,475,473,493,397,491,444,441,363,340,151,0,0,0,76,367,845,871,791,247,aro0921,lean_forward,2
1316,1789976694.119667,0,0,39,0,0,0,0,0,0,0,358,487,487,462,470,475,411,472,459,455,389,315,169,0,0,0,56,362,862,889,745,223,aro0921,lean_forward,2
1317,1789976694.139659,0,0,57,0,0,0,0,0,0,0,343,487,484,467,467,477,413,471,457,461,403,301,159,0,0,0,47,361,855,883,767,217,aro0921,lean_forward,2
1318,1789976694.159670,0,0,75,0,0,0,0,0,0,0,355,469,469,467,461,462,428,465,472,447,384,332,153,0,0,0,31,390,887,923,759,204,aro0921,lean_forward,2
1319,1789976694.179649,0,0,82,0,0,0,0,0,0,0,351,506,491,455,486,474,403,459,477,466,404,309,191,0,0,0,63,340,845,877,756,217,aro0921,lean_forward,2
1320,1789976694.199722,0,0,75,0,0,0,0,0,0,0,346,477,491,472,455,489,421,455,455,475,376,339,189,0,0,0,35,365,883,905,755,231,aro0921,lean_forward,2
1321,1789976694.219763,0,0,73,0,0,0,0,0,0,0,343,521,493,483,447,491,407,477,443,465,397,299,186,0,0,0,45,371,883,873,713,223,aro0921,lean_forward,2
1322,1789976694.239726,0,0,87,0,0,0,0,0,0,0,332,475,501,453,467,459,425,473,444,399,401,319,152,0,0,0,59,346,861,919,717,189,aro0921,lean_forward,2
1323,1789976694.259649,0,0,85,0,0,0,0,0,0,0,330,475,473,453,485,467,409,485,468,441,399,309,167,0,0,0,71,363,846,919,777,188,aro0921,lean_forward,2
1324,1789976694.279661,0,0,73,0,0,0,0,0,0,0,366,473,459,457,454,457,435,443,473,479,373,331,179,0,0,0,31,403,879,909,742,231,aro0921,lean_forward,2
1325,1789976694.299673,0,0,45,0,0,0,0,0,0,0,345,477,488,465,482,491,398,471,443,459,419,331,171,0,0,0,76,349,885,923,722,197,aro0921,lean_forward,2
1326,1789976694.319701,0,0,43,0,0,0,0,0,0,0,359,473,501,469,455,493,404,475,457,442,401,307,167,0,0,0,47,363,879,920,780,201,aro0921,lean_forward,2
1327,1789976694.339679,0,0,53,0,0,0,0,0,0,0,341,473,463,457,486,491,395,475,466,431,413,315,173,0,0,0,40,349,845,883,751,201,aro0921,lean_forward,2
1328,1789976694.359686,0,0,0,0,0,0,0,0,0,0,349,473,501,454,457,467,432,485,441,475,392,313,163,0,0,0,51,361,857,892,725,219,aro0921,lean_forward,2
1329,1789976694.379667,0,0,0,0,0,0,0,0,0,0,341,489,484,460,468,475,414,469,458,461,389,318,169,0,0,0,29,375,869,900,747,227,aro0921,lean_forward,2
1330,1789976694.399694,0,0,0,0,0,0,0,0,0,0,355,507,467,477,457,470,393,467,467,475,393,334,151,0,0,0,79,361,859,805,744,235,aro0921,lean_forward,2
1331,1789976694.419663,0,0,0,0,0,0,0,0,0,0,345,478,501,476,457,475,402,456,456,466,381,309,185,0,0,0,36,365,873,917,777,211,aro0921,lean_forward,2
1332,1789976694.439697,0,0,0,0,0,0,0,0,0,0,326,493,486,482,453,493,397,482,437,467,408,328,199,0,0,0,39,404,838,903,725,205,aro0921,lean_forward,2
1333,1789976694.459659,0,0,0,0,0,0,0,0,0,0,359,477,467,461,483,458,405,455,454,475,404,336,169,0,0,0,75,378,888,877,759,201,aro0921,lean_forward,2
1334,1789976694.479651,0,0,0,0,0,0,0,0,0,0,326,484,467,447,477,490,436,441,445,442,395,343,171,0,0,0,77,415,894,922,735,201,aro0921,lean_forward,2
1335,1789976694.499661,0,0,22,0,0,0,0,0,0,0,361,479,468,457,455,481,415,487,455,445,405,317,181,0,0,0,56,364,853,921,731,243,aro0921,lean_forward,2
1336,1789976694.519670,0,0,25,0,0,0,0,0,0,0,333,493,473,473,485,462,429,468,477,459,393,337,184,0,0,0,72,401,857,877,743,249,aro0921,lean_forward,2
1337,1789976694.539667,0,0,38,0,0,0,0,0,0,0,325,505,492,473,474,457,420,447,467,444,371,343,199,0,0,0,41,339,836,904,700,199,aro0921,lean_forward,2
1338,1789976694.559655,0,0,23,0,0,0,0,0,0,0,357,487,469,453,481,468,429,483,457,455,391,335,159,0,0,0,59,375,873,893,763,231,aro0921,lean_forward,2
1339,1789976694.579673,0,0,23,0,0,0,0,0,0,0,343,491,486,467,471,482,411,475,461,445,383,317,173,0,0,0,55,381,872,896,755,227,aro0921,lean_forward,2
1340,1789976694.598727,0,0,0,0,0,0,0,0,0,0,341,489,487,469,455,463,429,455,468,456,407,316,197,0,0,0,70,365,867,923,773,247,aro0921,lean_forward,2
1341,1789976694.618728,0,0,0,0,0,0,0,0,0,0,319,507,479,446,483,489,431,447,468,437,392,339,166,0,0,0,78,375,889,923,786,217,aro0921,lean_forward,2
1342,1789976694.639682,0,0,0,0,0,0,0,0,0,0,341,488,473,469,473,477,415,489,440,467,408,301,170,0,0,0,81,397,850,917,738,247,aro0921,lean_forward,2
1343,1789976694.659710,0,0,0,0,0,0,0,0,0,0,359,471,473,459,485,465,409,455,468,467,405,331,156,0,0,0,71,409,891,910,773,203,aro0921,lean_forward,2
1344,1789976694.679662,0,0,0,0,0,0,0,0,0,0,349,487,477,477,485,473,411,458,447,483,374,331,189,0,0,0,81,375,894,919,760,222,aro0921,lean_forward,2
1345,1789976694.699663,0,0,0,0,0,0,0,0,0,0,351,487,459,461,451,489,423,483,475,469,392,345,166,0,0,0,61,393,857,928,727,223,aro0921,lean_forward,2
1346,1789976694.719652,0,0,0,0,0,0,0,0,0,0,334,517,469,485,467,492,407,453,475,459,397,317,141,0,0,0,73,396,893,895,783,226,aro0921,lean_forward,2
1347,1789976694.739658,0,0,0,0,0,0,0,0,0,0,312,492,468,479,485,467,429,455,445,437,392,299,185,0,0,0,77,307,855,909,781,264,aro0921,lean_forward,2
1348,1789976694.759765,0,0,0,0,0,0,0,0,0,0,350,475,459,453,458,485,427,473,475,439,399,311,170,0,0,0,75,399,879,889,737,247,aro0921,lean_forward,2
1349,1789976694.779672,0,0,0,0,0,0,0,0,0,0,357,491,505,463,469,491,423,475,461,431,381,342,157,0,0,0,52,378,879,878,789,233,aro0921,lean_forward,2
1350,1789976694.799679,0,0,0,0,0,0,0,0,0,0,331,502,483,492,465,477,423,459,457,456,392,327,177,0,0,0,31,415,876,952,773,239,aro0921,lean_forward,2
1351,1789976694.819671,0,0,0,0,0,0,0,0,0,0,341,488,485,467,463,474,415,463,460,456,391,325,175,0,0,0,55,393,883,905,759,233,aro0921,lean_forward,2
1352,1789976694.839677,0,0,0,0,0,0,0,0,0,0,347,477,487,479,473,487,399,483,455,476,373,347,200,0,0,0,40,371,867,894,729,189,aro0921,lean_forward,2
1353,1789976694.859691,0,0,0,0,0,0,0,0,0,0,325,519,495,471,475,485,421,479,475,443,373,329,183,0,0,0,57,383,857,889,745,217,aro0921,lean_forward,2
1354,1789976694.879665,0,0,0,0,0,0,0,0,0,0,344,518,487,458,467,459,412,405,437,442,373,344,196,0,0,0,51,411,854,918,741,218,aro0921,lean_forward,2
1355,1789976694.899691,0,0,21,0,0,0,0,0,0,0,361,505,503,492,483,477,431,489,473,477,391,299,173,0,0,0,73,395,906,873,747,221,aro0921,lean_forward,2
1356,1789976694.919652,0,0,41,0,0,0,0,0,0,0,343,505,471,484,472,488,397,447,460,457,409,343,170,0,0,0,43,406,869,906,782,263,aro0921,lean_forward,2
1357,1789976694.939636,0,0,48,0,0,0,0,0,0,0,317,507,487,447,469,483,422,471,455,441,401,339,199,0,0,0,75,411,892,923,732,259,aro0921,lean_forward,2
1358,1789976694.959638,0,0,62,0,0,0,0,0,0,0,348,507,495,471,487,473,407,457,476,431,373,313,183,0,0,0,63,413,895,926,739,232,aro0921,lean_forward,2
1359,1789976694.979674,0,0,57,0,0,0,0,0,0,0,339,499,479,460,463,469,419,486,473,473,408,339,188,0,0,0,75,407,879,887,785,261,aro0921,lean_forward,2
1360,1789976694.999675,0,0,61,0,0,0,0,0,0,0,347,517,490,453,485,491,428,487,458,453,394,328,152,0,0,0,82,421,885,909,740,232,aro0921,lean_forward,2
1361,1789976695.019704,0,0,55,0,0,0,0,0,0,0,348,475,486,469,471,477,413,467,461,458,391,326,171,0,0,0,56,391,877,905,761,239,aro0921,lean_forward,2
1362,1789976695.039678,0,0,43,0,0,0,0,0,0,0,345,487,493,445,473,493,419,477,474,441,389,303,187,0,0,0,70,397,904,917,757,205,aro0921,lean_forward,2
1363,1789976695.059700,0,0,37,0,0,0,0,0,0,0,367,500,499,468,463,463,398,469,455,439,407,331,181,0,0,0,77,393,905,883,757,255,aro0921,lean_forward,2
1364,1789976695.079683,0,0,23,0,0,0,0,0,0,0,341,479,501,469,459,487,412,477,438,446,393,310,169,0,0,0,81,392,867,937,796,263,aro0921,lean_forward,2
1365,1789976695.099036,0,0,0,0,0,0,0,0,0,0,348,473,500,453,481,472,427,491,467,453,390,310,151,0,0,0,63,373,903,877,741,269,aro0921,lean_forward,2
1366,1789976695.119732,0,0,0,0,0,0,0,0,0,0,338,509,493,455,470,473,399,485,446,467,403,309,174,0,0,0,75,409,893,879,788,231,aro0921,lean_forward,2
1367,1789976695.139662,0,0,0,0,0,0,0,0,0,0,317,477,503,459,447,496,419,488,467,478,409,343,188,0,0,0,53,395,895,925,765,263,aro0921,lean_forward,2
1368,1789976695.159669,0,0,0,0,0,0,0,0,0,0,317,481,491,483,484,484,427,473,474,460,371,309,169,0,0,0,70,401,909,895,783,219,aro0921,lean_forward,2
1369,1789976695.179675,0,0,0,0,0,0,0,0,0,0,308,483,467,483,479,469,431,461,437,447,383,345,183,0,0,0,57,374,868,885,743,273,aro0921,lean_forward,2
1370,1789976695.199676,0,0,0,0,0,0,0,0,0,0,312,505,500,442,459,471,399,469,462,461,391,329,173,0,0,0,28,393,887,903,775,247,aro0921,lean_forward,2
1371,1789976695.219669,0,0,0,0,0,0,0,0,0,0,315,491,476,461,466,475,413,469,462,459,392,327,179,0,0,0,52,395,888,909,763,255,aro0921,lean_forward,2
1372,1789976695.239667,0,0,0,0,0,0,0,0,0,0,329,469,457,471,479,493,428,397,455,473,409,347,191,0,0,0,47,397,901,889,786,249,aro0921,lean_forward,2
1373,1789976695.259649,0,0,0,0,0,0,0,0,0,0,333,491,479,453,481,479,409,475,446,454,375,347,183,0,0,0,38,397,877,901,781,254,aro0921,lean_forward,2
1374,1789976695.279682,0,0,0,0,0,0,0,0,0,0,287,499,483,453,455,489,425,492,459,488,413,309,175,0,0,0,52,375,908,933,739,306,aro0921,lean_forward,2
1375,1789976695.299670,0,0,0,0,0,0,0,0,0,0,329,489,495,445,467,461,427,471,459,471,371,355,159,0,0,0,31,406,875,905,743,313,aro0921,lean_forward,2
1376,1789976695.319655,0,0,0,0,0,0,0,0,0,0,307,500,498,443,457,465,423,461,443,453,403,329,165,0,0,0,57,420,875,919,776,274,aro0921,lean_forward,2
1377,1789976695.339695,0,0,0,0,0,0,0,0,0,0,327,517,479,444,458,459,396,475,473,473,377,346,185,0,0,0,61,405,903,925,792,261,aro0921,lean_forward,2
1378,1789976695.359674,0,0,0,0,0,0,0,0,0,0,328,505,487,479,486,505,427,485,476,476,389,337,185,0,0,0,39,383,907,915,775,293,aro0921,lean_forward,2
1379,1789976695.379653,0,0,0,0,0,0,0,0,0,0,331,487,468,483,491,486,427,491,475,475,411,360,203,0,0,0,39,376,829,925,763,297,aro0921,lean_forward,2
1380,1789976695.399652,0,0,0,0,0,0,0,0,0,0,335,499,491,477,495,489,421,475,456,459,392,335,181,0,0,0,39,375,874,803,763,267,aro0921,lean_forward,2
1381,1789976695.419694,0,0,43,0,0,0,0,0,0,0,315,491,479,466,467,479,415,473,469,459,393,333,181,0,0,0,59,383,878,903,759,265,aro0921,lean_forward,2
1382,1789976695.439435,0,0,59,0,0,0,0,0,0,0,316,438,467,445,461,473,408,494,472,459,403,348,171,0,0,0,37,373,877,875,731,243,aro0921,lean_forward,2
1383,1789976695.458740,0,0,90,0,0,0,0,0,0,0,341,475,503,447,457,467,413,484,445,467,371,341,198,0,0,0,45,403,841,916,787,219,aro0921,lean_forward,2
1384,1789976695.479693,0,0,115,0,35,0,0,0,0,0,317,489,471,475,478,475,431,462,468,477,378,357,179,0,0,0,73,379,891,895,751,233,aro0921,lean_forward,2
1385,1789976695.499775,0,0,137,21,51,27,0,0,0,0,327,505,500,460,487,459,405,462,471,472,396,315,211,0,0,0,72,347,893,884,727,231,aro0921,lean_forward,2
1386,1789976695.519689,0,0,154,39,69,41,0,0,0,0,351,477,474,457,459,485,409,476,455,477,403,328,165,0,0,0,37,367,874,878,782,237,aro0921,lean_forward,2
1387,1789976695.539657,0,0,172,69,87,25,0,0,0,0,360,493,505,455,453,495,413,467,479,471,372,350,205,0,0,0,69,403,894,871,776,213,aro0921,lean_forward,2
1388,1789976695.559668,0,0,175,54,87,47,0,0,0,0,364,521,477,483,470,487,425,475,455,446,375,340,173,0,0,0,77,381,867,915,735,243,aro0921,lean_forward,2
1389,1789976695.579667,0,0,172,73,87,30,0,0,0,0,343,477,478,475,483,491,409,469,483,471,411,345,184,0,0,0,38,357,857,904,743,269,aro0921,lean_forward,2
1390,1789976695.599654,0,0,187,83,77,39,0,0,0,0,344,499,503,470,482,495,438,471,445,447,393,307,172,0,0,0,44,381,887,913,760,267,aro0921,lean_forward,2
1391,1789976695.619742,0,0,173,92,75,0,0,0,0,0,349,501,485,472,483,463,407,447,441,458,389,344,188,0,0,0,37,357,854,924,780,251,aro0921,lean_forward,2
1392,1789976695.639766,0,0,191,85,85,0,0,0,0,0,351,525,467,475,475,462,407,488,457,458,383,313,168,0,0,0,51,351,873,895,752,229,aro0921,lean_forward,2
1393,1789976695.659660,0,0,169,43,75,0,0,0,0,0,359,495,491,472,477,485,421,463,455,459,388,310,165,0,0,0,56,379,869,893,729,227,aro0921,lean_forward,2
1394,1789976695.679680,0,0,178,35,77,0,0,0,0,0,377,523,505,461,489,495,430,483,477,441,402,318,155,0,0,0,27,359,855,909,729,249,aro0921,lean_forward,2
1395,1789976695.699755,0,0,167,25,63,0,0,0,0,0,376,523,489,456,469,471,405,455,433,437,365,333,180,0,0,0,45,383,887,888,758,200,aro0921,lean_forward,2
1396,1789976695.719666,0,0,155,0,31,0,0,0,0,0,363,500,483,473,478,484,411,444,435,432,361,325,153,0,0,0,50,382,875,934,729,235,aro0921,lean_forward,2
1397,1789976695.739657,0,0,147,0,0,0,0,0,0,0,349,491,471,488,495,494,437,467,437,443,393,284,133,0,0,0,45,363,892,878,774,232,aro0921,lean_forward,2
1398,1789976695.759683,0,0,154,0,0,0,0,0,0,0,381,501,493,491,472,475,407,459,469,447,376,286,133,0,0,0,31,399,859,923,777,201,aro0921,lean_forward,2
1399,1789976695.779812,0,0,137,0,0,0,0,0,0,0,355,509,495,469,463,469,407,477,467,461,354,269,133,0,0,0,77,383,887,905,731,231,aro0921,lean_forward,2
1400,1789976695.799735,0,0,143,0,0,0,0,0,0,0,379,523,474,473,495,463,408,456,447,444,375,263,139,0,0,0,39,391,863,925,743,243,aro0921,lean_forward,2
1401,1789976695.819733,0,0,143,0,0,0,0,0,0,0,357,504,508,489,463,509,415,454,459,471,372,254,162,0,0,0,0,383,865,875,727,233,aro0921,lean_forward,2
1402,1789976695.839697,0,0,137,0,0,0,0,0,0,0,361,485,518,487,489,482,433,458,435,437,392,292,165,0,0,0,37,394,892,889,731,207,aro0921,lean_forward,2
1403,1789976695.859720,0,0,153,0,0,0,0,0,0,0,375,499,504,462,467,489,413,447,439,458,380,275,151,0,0,0,79,413,859,893,776,188,aro0921,lean_forward,2
1404,1789976695.879668,0,0,162,0,0,0,0,0,0,0,369,503,521,468,467,507,409,484,424,455,359,267,165,0,0,0,40,395,887,915,739,213,aro0921,lean_forward,2
1405,1789976695.899740,0,0,151,0,0,0,0,0,0,0,367,506,493,481,477,481,413,469,448,453,373,282,143,0,0,0,61,405,869,891,755,207,aro0921,lean_forward,2
1406,1789976695.919663,0,0,153,0,0,0,0,0,0,0,373,505,492,476,489,485,413,467,456,451,372,275,133,0,0,0,58,395,889,920,751,231,aro0921,lean_forward,2
1407,1789976695.939702,0,0,164,0,0,0,0,0,0,0,395,522,491,477,485,479,421,463,461,454,373,276,139,0,0,0,59,391,867,895,755,211,aro0921,lean_forward,2
1408,1789976695.959698,0,0,148,0,0,0,0,0,0,0,394,507,499,477,479,486,413,468,445,448,381,269,141,0,0,0,59,398,857,909,749,228,aro0921,lean_forward,2
1409,1789976695.979664,0,0,138,0,0,0,0,0,0,0,407,493,509,468,467,501,405,457,435,462,383,287,138,0,0,0,82,422,850,845,777,203,aro0921,lean_forward,2
1410,1789976695.999697,0,0,121,0,0,0,0,0,0,0,397,495,473,468,459,469,394,462,445,461,381,279,111,0,0,0,88,405,883,921,745,226,aro0921,lean_forward,2
1411,1789976696.019706,0,0,105,0,0,0,0,0,0,0,357,521,471,483,487,484,409,443,459,442,382,280,139,0,0,0,69,374,852,879,751,221,aro0921,lean_forward,2
1412,1789976696.039688,0,0,77,0,0,0,0,0,0,0,389,521,483,461,461,499,415,469,443,429,381,270,115,0,0,0,45,389,863,927,755,235,aro0921,lean_forward,2
1413,1789976696.059660,0,0,57,0,0,0,0,0,0,0,383,527,503,470,461,472,409,467,466,456,371,279,158,0,0,0,53,395,884,895,729,215,aro0921,lean_forward,2
1414,1789976696.079673,0,0,59,0,0,0,0,0,0,0,345,507,477,492,455,485,428,473,440,429,355,295,119,0,0,0,73,401,849,877,724,231,aro0921,lean_forward,2
1415,1789976696.099737,0,0,45,0,0,0,0,0,0,0,351,520,493,489,495,473,407,455,437,472,406,271,147,0,0,0,43,379,885,885,787,213,aro0921,lean_forward,2
1416,1789976696.119675,0,0,57,0,0,0,0,0,0,0,393,523,498,476,477,501,427,483,447,445,383,267,137,0,0,0,53,427,893,879,733,203,aro0921,lean_forward,2
1417,1789976696.139720,0,0,71,0,0,0,0,0,0,0,356,503,505,461,461,477,411,461,441,453,371,269,141,0,0,0,60,407,877,903,755,219,aro0921,lean_forward,2
1418,1789976696.159728,0,0,108,0,0,0,0,0,0,0,379,503,499,485,487,472,419,461,453,445,393,267,139,0,0,0,59,407,893,874,751,209,aro0921,lean_forward,2
1419,1789976696.179810,0,0,118,0,0,0,0,0,0,0,405,501,520,502,485,477,423,475,458,425,380,252,122,0,0,0,36,405,873,873,786,205,aro0921,lean_forward,2
1420,1789976696.199742,0,0,139,0,0,0,0,0,0,0,381,487,509,469,491,474,436,453,473,431,395,271,167,0,0,0,31,379,896,883,755,215,aro0921,lean_forward,2
1421,1789976696.219763,0,0,153,0,0,0,0,0,0,0,355,493,523,461,475,499,413,483,461,461,376,269,139,0,0,0,73,421,856,875,765,221,aro0921,lean_forward,2
1422,1789976696.239689,0,0,182,40,0,0,0,0,0,0,361,499,475,522,493,504,441,505,461,469,360,255,149,0,0,0,51,351,889,883,749,215,aro0921,lean_forward,2
1423,1789976696.259731,0,0,172,33,41,0,0,0,0,0,379,509,482,491,495,477,416,477,431,443,370,265,120,0,0,0,62,379,849,895,743,203,aro0921,lean_forward,2
1424,1789976696.279676,0,0,188,69,75,0,0,0,0,0,391,530,527,458,486,461,443,468,455,434,355,298,151,0,0,0,53,410,871,921,739,221,aro0921,lean_forward,2
1425,1789976696.299715,0,0,180,87,75,0,0,0,0,0,392,492,507,476,483,494,429,477,443,455,395,223,107,0,0,0,51,425,845,920,733,233,aro0921,lean_forward,2
1426,1789976696.319678,0,0,177,91,75,0,0,0,0,0,371,505,477,483,472,473,409,459,453,443,392,269,135,0,0,0,73,399,858,909,741,228,aro0921,lean_forward,2
1427,1789976696.339696,0,0,184,99,73,0,0,0,0,0,372,505,489,493,483,488,425,470,448,455,374,279,151,0,0,0,59,406,877,890,751,216,aro0921,lean_forward,2
1428,1789976696.359688,0,0,177,99,75,0,0,0,0,0,377,504,493,478,483,488,426,485,455,463,358,253,153,0,0,0,62,409,843,875,743,187,aro0921,lean_forward,2
1429,1789976696.379704,0,0,181,108,83,0,0,0,0,0,379,495,518,461,473,495,413,477,457,466,399,292,164,0,0,0,73,426,872,875,735,231,aro0921,lean_forward,2
1430,1789976696.399680,0,0,168,103,58,0,0,0,0,0,379,525,489,489,467,489,439,461,462,463,390,264,168,0,0,0,51,420,843,869,787,203,aro0921,lean_forward,2
1431,1789976696.419679,0,0,165,54,83,0,0,0,0,0,391,507,490,467,473,485,425,453,435,435,363,299,165,0,0,0,69,404,871,915,727,216,aro0921,lean_forward,2
1432,1789976696.439686,0,0,172,37,69,0,0,0,0,0,395,495,473,461,488,471,431,453,479,456,392,275,167,0,0,0,78,395,869,891,787,229,aro0921,lean_forward,2
1433,1789976696.459680,0,0,173,37,63,0,0,0,0,0,379,485,505,485,463,503,419,479,455,446,370,271,141,0,0,0,41,419,887,907,731,247,aro0921,lean_forward,2
1434,1789976696.479687,0,0,151,33,38,0,0,0,0,0,367,477,495,465,469,483,409,477,455,463,393,263,133,0,0,0,37,397,903,923,778,235,aro0921,lean_forward,2
1435,1789976696.499699,0,0,149,0,0,0,0,0,0,0,350,493,521,487,487,483,410,472,458,475,360,253,137,0,0,0,84,425,856,901,781,199,aro0921,lean_forward,2
1436,1789976696.519677,0,0,123,22,0,0,0,0,0,0,371,491,487,475,467,473,407,461,469,441,391,276,165,0,0,0,73,404,875,920,751,245,aro0921,lean_forward,2
1437,1789976696.539666,0,0,109,0,0,0,0,0,0,0,347,505,497,475,484,487,421,462,451,455,375,274,145,0,0,0,59,409,875,893,760,227,aro0921,lean_forward,2
1438,1789976696.559690,0,0,67,0,0,0,0,0,0,0,371,503,493,475,479,489,420,469,451,459,364,287,147,0,0,0,59,407,889,872,757,187,aro0921,lean_forward,2
1439,1789976696.579693,0,0,71,0,0,0,0,0,0,0,357,517,485,487,494,502,435,454,443,435,398,285,163,0,0,0,81,409,811,911,730,237,aro0921,lean_forward,2
1440,1789976696.599679,0,0,53,0,0,0,0,0,0,0,363,495,519,463,467,499,427,455,441,442,393,251,125,0,0,0,39,405,861,879,779,243,aro0921,lean_forward,2
1441,1789976696.619687,0,0,63,0,0,0,0,0,0,0,378,507,483,471,471,501,411,447,453,453,361,261,136,0,0,0,70,435,859,909,781,203,aro0921,lean_forward,2
1442,1789976696.639696,0,0,59,0,0,0,0,0,0,0,348,519,509,456,462,479,403,445,437,439,355,253,119,0,0,0,58,424,907,873,775,205,aro0921,lean_forward,2
1443,1789976696.659715,0,0,117,0,0,0,0,0,0,0,358,519,491,472,467,502,429,455,453,454,372,267,160,0,0,0,74,427,861,893,757,247,aro0921,lean_forward,2
1444,1789976696.679792,0,0,125,21,0,0,0,0,0,0,349,507,477,463,467,495,429,459,440,443,379,283,168,0,0,0,84,405,861,933,744,251,aro0921,lean_forward,2
1445,1789976696.699763,0,0,153,0,0,0,0,0,0,0,367,523,483,463,471,488,437,479,469,473,405,285,140,0,0,0,75,395,895,885,747,239,aro0921,lean_forward,2
1446,1789976696.719673,0,0,159,42,0,0,0,0,0,0,361,523,531,461,485,471,438,471,470,439,357,285,145,0,0,0,71,436,861,874,741,191,aro0921,lean_forward,2
1447,1789976696.739706,0,0,183,45,33,0,0,0,0,0,355,529,519,477,466,505,437,485,443,440,401,251,133,0,0,0,78,383,857,877,741,235,aro0921,lean_forward,2
1448,1789976696.759675,0,0,166,57,72,0,0,0,0,0,363,522,509,485,495,491,428,457,430,439,393,253,142,0,0,0,40,419,869,905,733,239,aro0921,lean_forward,2
1449,1789976696.779683,0,0,179,76,72,0,0,0,0,0,365,502,495,477,477,489,421,465,455,454,373,273,148,0,0,0,59,406,877,893,752,221,aro0921,lean_forward,2
1450,1789976696.799681,0,0,183,85,71,0,0,0,0,0,379,504,505,475,478,486,415,471,455,453,383,287,152,0,0,0,59,407,841,887,751,236,aro0921,lean_forward,2
1451,1789976696.819910,0,0,173,85,69,0,0,0,0,0,355,533,477,471,502,473,427,447,444,425,378,282,150,0,0,0,53,394,888,885,755,243,aro0921,lean_forward,2
1452,1789976696.839736,0,0,197,100,71,0,0,0,0,0,382,523,473,461,499,495,441,447,459,455,363,261,122,0,0,0,41,381,889,923,761,244,aro0921,lean_forward,2
1453,1789976696.859694,0,0,183,93,75,0,0,0,0,0,371,519,517,472,475,493,398,473,469,469,357,287,160,0,0,0,51,420,869,882,777,191,aro0921,lean_forward,2
1454,1789976696.879691,0,0,169,89,61,0,0,0,0,0,360,479,519,455,479,473,414,471,456,461,382,287,156,0,0,0,43,415,861,915,773,239,aro0921,lean_forward,2
1455,1789976696.899693,0,0,185,101,85,0,0,0,0,0,395,531,523,488,488,491,431,443,430,424,353,250,123,0,0,0,81,410,861,905,727,205,aro0921,lean_forward,2
1456,1789976696.919684,0,0,169,91,77,0,0,0,0,0,395,503,469,462,473,501,439,483,462,468,371,274,147,0,0,0,77,391,906,906,761,199,aro0921,lean_forward,2
1457,1789976696.939687,0,0,183,90,59,0,0,0,0,0,359,499,504,491,483,469,408,455,447,432,357,250,127,0,0,0,55,393,863,887,755,203,aro0921,lean_forward,2
1458,1789976696.959691,0,0,181,61,71,0,0,0,0,0,383,524,492,488,486,493,437,461,469,461,394,269,165,0,0,0,39,389,892,886,738,239,aro0921,lean_forward,2
1459,1789976696.979779,0,0,153,44,51,0,0,0,0,0,377,501,495,475,467,501,435,463,443,456,372,274,139,0,0,0,61,409,885,901,755,223,aro0921,lean_forward,2
1460,1789976696.999673,0,0,163,47,47,0,0,0,0,0,373,509,492,478,469,487,421,467,445,447,361,277,147,0,0,0,61,428,855,867,755,189,aro0921,lean_forward,2
1461,1789976697.019754,0,0,155,43,47,0,0,0,0,0,357,511,493,471,477,485,421,468,455,452,371,271,147,0,0,0,58,409,883,895,761,221,aro0921,lean_forward,2
1462,1789976697.039696,0,0,155,41,28,0,0,0,0,0,368,503,493,477,477,485,420,470,455,455,371,263,135,0,0,0,61,411,891,879,759,183,aro0921,lean_forward,2
1463,1789976697.059700,0,0,148,35,24,0,0,0,0,0,359,491,489,489,493,493,437,453,444,459,391,249,153,0,0,0,53,391,915,914,773,248,aro0921,lean_forward,2
1464,1789976697.079676,0,0,151,38,28,0,0,0,0,0,361,499,484,475,457,488,413,443,441,429,375,297,159,0,0,0,39,397,911,874,742,205,aro0921,lean_forward,2
1465,1789976697.099672,0,0,153,58,30,0,0,0,0,0,357,489,501,477,489,502,427,443,444,427,381,293,168,0,0,0,76,431,877,910,755,253,aro0921,lean_forward,2
1466,1789976697.119687,0,0,172,59,51,0,0,0,0,0,380,522,485,490,478,472,409,485,447,465,358,260,143,0,0,0,88,415,861,875,733,206,aro0921,lean_forward,2
1467,1789976697.139770,0,0,159,77,41,0,0,0,0,0,357,507,487,460,475,471,411,484,469,459,391,263,135,0,0,0,39,397,909,869,797,235,aro0921,lean_forward,2
1468,1789976697.159719,0,0,165,47,47,0,0,0,0,0,367,520,495,493,489,474,413,441,435,447,392,277,155,0,0,0,69,421,879,911,731,239,aro0921,lean_forward,2
1469,1789976697.179715,0,0,179,85,55,0,0,0,0,0,371,499,488,472,463,473,407,443,439,471,395,287,137,0,0,0,95,421,908,892,765,190,aro0921,lean_forward,2
1470,1789976697.199683,0,0,181,77,73,0,0,0,0,0,362,533,487,461,459,484,431,460,452,439,383,295,168,0,0,0,51,393,891,917,790,246,aro0921,lean_forward,2
1471,1789976697.219695,0,0,185,77,77,0,0,0,0,0,379,524,495,476,491,499,411,469,455,468,375,277,152,0,0,0,61,411,879,895,756,228,aro0921,lean_forward,2
1472,1789976697.239700,0,0,179,79,71,0,0,0,0,0,373,503,495,471,475,485,423,469,453,453,395,278,153,0,0,0,59,407,873,901,755,239,aro0921,lean_forward,2
1473,1789976697.259688,0,0,183,105,72,0,0,0,0,0,389,531,477,487,495,501,441,473,471,437,361,263,135,0,0,0,41,391,873,905,731,215,aro0921,lean_forward,2
1474,1789976697.279683,0,0,182,87,81,0,0,0,0,0,388,525,499,494,487,500,436,447,439,427,378,281,169,0,0,0,63,440,875,871,765,212,aro0921,lean_forward,2
1475,1789976697.299686,0,0,173,85,83,0,0,0,0,0,381,498,507,455,465,503,423,488,447,432,355,278,135,0,0,0,85,429,895,926,761,237,aro0921,lean_forward,2
1476,1789976697.319685,0,0,175,77,57,0,0,0,0,0,367,479,520,471,487,492,439,476,468,441,358,283,163,0,0,0,85,439,906,917,733,219,aro0921,lean_forward,2
1477,1789976697.339679,0,0,159,63,53,0,0,0,0,0,357,487,477,477,447,473,447,452,469,441,364,259,137,0,0,0,58,383,894,887,733,203,aro0921,lean_forward,2
1478,1789976697.359698,0,0,159,57,57,0,0,0,0,0,374,493,494,477,467,483,414,469,441,446,381,253,159,0,0,0,77,423,868,925,789,253,aro0921,lean_forward,2
1479,1789976697.379687,0,0,181,71,69,0,0,0,0,0,402,491,483,491,483,470,423,457,459,430,381,255,146,0,0,0,51,415,905,909,739,254,aro0921,lean_forward,2
1480,1789976697.399698,0,0,176,73,55,0,0,0,0,0,360,503,483,477,490,503,439,490,473,459,355,259,137,0,0,0,81,410,867,879,783,197,aro0921,lean_forward,2
1481,1789976697.419711,0,0,167,73,71,0,0,0,0,0,367,521,497,474,469,485,408,469,441,442,367,311,147,0,0,0,73,431,885,921,747,232,aro0921,lean_forward,2
1482,1789976697.439706,0,0,181,52,63,0,0,0,0,0,365,533,519,457,465,471,411,473,435,469,390,296,167,0,0,0,41,411,889,895,785,251,aro0921,lean_forward,2
1483,1789976697.459693,0,0,174,73,61,0,0,0,0,0,391,527,502,498,490,501,438,467,453,453,375,277,152,0,0,0,37,403,885,901,756,232,aro0921,lean_forward,2
1484,1789976697.479682,0,0,168,73,57,0,0,0,0,0,365,509,491,479,485,474,425,472,457,447,371,277,147,0,0,0,75,414,903,906,763,230,aro0921,lean_forward,2
1485,1789976697.499689,0,0,160,71,58,0,0,0,0,0,391,487,477,467,463,475,409,462,445,461,395,263,125,0,0,0,44,391,863,885,727,242,aro0921,lean_forward,2
1486,1789976697.519678,0,0,171,87,47,0,0,0,0,0,357,503,485,485,467,479,415,447,441,439,373,291,157,0,0,0,53,395,905,877,781,207,aro0921,lean_forward,2
1487,1789976697.539676,0,0,164,83,53,0,0,0,0,0,349,520,519,493,497,483,435,467,437,471,393,292,151,0,0,0,88,427,885,924,665,243,aro0921,lean_forward,2
1488,1789976697.559699,0,0,164,79,76,0,0,0,0,0,399,521,520,484,469,473,419,453,431,473,377,281,168,0,0,0,83,415,879,887,763,201,aro0921,lean_forward,2
1489,1789976697.579686,0,0,179,69,58,0,0,0,0,0,361,493,525,467,484,499,409,469,470,475,371,293,163,0,0,0,86,438,909,889,680,198,aro0921,lean_forward,2
1490,1789976697.599670,0,0,179,82,56,0,0,0,0,0,363,489,483,489,483,475,421,459,458,439,394,270,133,0,0,0,73,399,871,921,735,252,aro0921,lean_forward,2
1491,1789976697.619685,0,0,178,91,68,0,0,0,0,0,367,477,518,493,486,479,411,461,453,438,383,282,160,0,0,0,50,428,869,893,743,247,aro0921,lean_forward,2
1492,1789976697.639701,0,0,181,95,56,0,0,0,0,0,377,507,485,455,473,489,409,493,463,473,395,268,176,0,0,0,39,389,869,924,774,250,aro0921,lean_forward,2
1493,1789976697.659717,0,0,191,121,71,0,0,0,0,0,393,531,477,499,491,501,443,459,431,459,373,271,147,0,0,0,54,391,879,895,759,227,aro0921,lean_forward,2
1494,1789976697.679721,0,0,182,119,71,0,0,0,0,0,375,505,495,483,493,488,427,470,456,457,375,277,150,0,0,0,62,415,885,904,761,228,aro0921,lean_forward,2
1495,1789976697.699752,0,0,173,123,55,0,0,0,0,0,382,487,475,461,485,489,427,479,459,431,405,255,159,0,0,0,84,429,861,895,742,239,aro0921,lean_forward,2
1496,1789976697.719703,0,0,173,109,85,0,0,0,0,0,401,525,475,461,469,475,412,483,469,462,391,285,159,0,0,0,84,395,871,895,781,245,aro0921,lean_forward,2
1497,1789976697.739699,0,0,168,119,61,0,0,0,0,0,376,485,472,472,493,479,443,469,453,465,346,255,163,0,0,0,37,403,863,924,773,252,aro0921,lean_forward,2
1498,1789976697.759685,0,0,184,111,72,0,0,0,0,0,390,529,487,463,467,492,425,485,453,472,395,275,147,0,0,0,71,395,911,923,789,245,aro0921,lean_forward,2
1499,1789976697.779737,0,0,173,109,77,0,0,0,0,0,380,529,509,489,492,489,423,457,443,435,393,281,152,0,0,0,45,399,867,917,751,236,aro0921,lean_forward,2
1500,1789976697.799693,0,0,171,105,57,0,0,0,0,0,395,501,489,461,478,479,441,484,440,456,366,267,143,0,0,0,85,425,891,879,767,207,aro0921,lean_forward,2
1501,1789976697.819688,0,0,175,107,77,0,0,0,0,0,394,507,531,468,472,483,443,486,435,439,373,295,132,0,0,0,39,426,907,879,776,243,aro0921,lean_forward,2
1502,1789976697.839712,0,0,185,75,77,0,0,0,0,0,381,531,523,488,471,499,409,487,473,473,376,270,139,0,0,0,37,414,895,925,751,260,aro0921,lean_forward,2
1503,1789976697.859682,0,0,182,87,55,0,0,0,0,0,372,495,479,490,493,504,437,482,471,445,373,274,149,0,0,0,73,408,889,895,757,223,aro0921,lean_forward,2
1504,1789976697.879692,0,0,173,75,57,0,0,0,0,0,373,505,500,477,478,486,427,469,455,452,373,279,147,0,0,0,63,415,888,893,765,232,aro0921,lean_forward,2
1505,1789976697.899694,0,0,183,71,61,0,0,0,0,0,392,520,507,468,490,501,419,459,448,459,381,292,149,0,0,0,51,420,881,905,776,251,aro0921,lean_forward,2
1506,1789976697.918777,0,0,183,83,60,0,0,0,0,0,393,524,477,496,500,495,435,445,432,457,360,253,133,0,0,0,47,396,907,883,782,231,aro0921,lean_forward,2
1507,1789976697.939686,0,0,187,115,79,0,0,0,0,0,361,493,509,487,489,495,439,466,431,471,361,269,159,0,0,0,89,391,906,921,733,245,aro0921,lean_forward,2
1508,1789976697.959738,0,0,183,127,78,0,0,0,0,0,389,509,493,473,467,489,420,469,437,470,395,263,141,0,0,0,46,399,863,873,780,231,aro0921,lean_forward,2
1509,1789976697.979701,0,0,181,137,74,0,0,0,0,0,361,521,500,477,477,485,441,469,457,435,390,285,165,0,0,0,41,393,873,916,733,251,aro0921,lean_forward,2
1510,1789976697.999687,0,0,187,121,87,0,0,0,0,0,379,495,495,487,500,473,441,441,435,459,348,265,136,0,0,0,71,382,859,879,743,205,aro0921,lean_forward,2
1511,1789976698.019708,0,0,189,133,73,0,0,0,0,0,365,529,499,484,462,503,427,485,435,444,379,294,137,0,0,0,41,435,909,916,745,201,aro0921,lean_forward,2
1512,1789976698.039713,0,0,209,135,91,0,0,0,0,0,373,537,520,488,499,485,411,457,477,429,377,303,151,0,0,0,56,403,909,903,779,231,aro0921,lean_forward,2
1513,1789976698.059679,0,0,204,140,87,0,0,0,0,0,373,495,485,475,469,483,427,455,469,457,373,267,143,0,0,0,57,389,885,909,765,229,aro0921,lean_forward,2
1514,1789976698.079684,0,0,198,149,78,0,0,0,0,0,379,509,505,484,483,491,425,468,456,453,373,275,151,0,0,0,67,407,880,901,756,231,aro0921,lean_forward,2
1515,1789976698.099681,0,0,199,163,82,0,0,0,0,0,381,504,486,459,483,507,427,447,467,439,361,275,188,0,0,0,52,391,861,931,794,231,aro0921,lean_forward,2
1516,1789976698.119690,0,0,211,145,78,0,0,0,0,0,302,529,520,468,476,493,411,460,457,471,379,263,165,0,0,0,89,415,908,887,743,241,aro0921,lean_forward,2
1517,1789976698.139682,0,0,189,169,71,0,0,0,0,0,366,533,487,465,471,477,421,485,476,455,390,265,168,0,0,0,43,395,887,887,732,229,aro0921,lean_forward,2
1518,1789976698.159696,0,0,187,147,71,0,0,0,0,0,363,527,492,468,468,488,413,475,437,469,357,283,137,0,0,0,83,391,870,903,743,243,aro0921,lean_forward,2
1519,1789976698.179750,0,0,192,151,84,0,0,0,0,0,362,525,501,466,491,491,419,477,431,453,362,271,163,0,0,0,51,411,883,921,729,204,aro0921,lean_forward,2
1520,1789976698.199775,0,0,169,142,77,0,0,0,0,0,362,529,482,501,491,469,435,495,455,431,393,267,171,0,0,0,53,403,907,905,780,263,aro0921,lean_forward,2
1521,1789976698.219701,0,0,172,121,69,0,0,0,0,0,371,524,481,487,483,499,411,470,441,467,375,253,149,0,0,0,62,427,908,883,760,227,aro0921,lean_forward,2
1522,1789976698.239700,0,0,173,117,75,0,0,0,0,0,389,493,519,462,483,483,443,457,471,453,357,291,157,0,21,0,53,403,908,909,781,245,aro0921,lean_forward,2
1523,1789976698.259702,0,0,185,105,75,0,0,0,0,0,377,491,491,465,499,474,431,476,457,439,393,275,165,0,0,0,85,403,874,894,787,209,aro0921,lean_forward,2
1524,1789976698.279724,0,0,181,109,71,0,0,0,0,0,379,517,499,477,486,492,424,457,423,456,374,275,152,0,0,0,61,406,888,907,758,227,aro0921,lean_forward,2
1525,1789976698.299706,0,0,179,101,73,0,0,0,0,0,381,509,478,476,486,487,430,488,435,443,383,295,132,0,0,0,83,407,873,895,764,200,aro0921,lean_forward,2
1526,1789976698.319700,0,0,175,121,71,0,0,0,0,0,378,517,505,495,466,491,431,467,445,468,356,273,155,0,0,0,57,419,879,919,741,236,aro0921,lean_forward,2
1527,1789976698.339754,0,0,190,103,76,0,0,0,0,0,389,502,499,479,486,487,429,477,459,437,359,277,149,0,0,0,69,393,905,909,774,246,aro0921,lean_forward,2
1528,1789976698.359713,0,0,174,125,84,0,0,0,0,0,365,499,495,461,473,505,445,457,469,455,391,261,149,0,0,0,68,411,891,911,765,201,aro0921,lean_forward,2
1529,1789976698.379696,0,0,185,123,81,0,0,0,0,0,393,489,487,505,484,504,409,487,452,440,393,251,149,0,0,0,78,403,877,877,777,205,aro0921,lean_forward,2
1530,1789976698.399712,0,0,179,135,69,0,0,0,0,0,391,529,483,498,462,495,443,482,431,439,364,295,135,0,0,0,41,426,855,877,766,207,aro0921,lean_forward,2
1531,1789976698.419757,0,0,204,154,83,0,0,0,0,0,381,493,523,469,479,487,430,471,469,428,391,263,163,0,0,0,45,381,902,892,773,209,aro0921,lean_forward,2
1532,1789976698.439696,0,0,171,147,71,0,0,0,0,0,403,529,491,491,467,506,440,485,431,459,359,294,152,0,0,0,44,429,895,895,731,207,aro0921,lean_forward,2
1533,1789976698.459720,0,0,197,141,85,0,0,0,0,0,391,489,479,483,492,501,409,459,458,444,389,267,158,0,0,0,45,427,908,932,791,197,aro0921,lean_forward,2
1534,1789976698.479729,0,0,211,163,89,0,0,0,0,0,375,495,505,493,457,501,427,457,456,471,376,276,153,0,0,0,77,395,905,876,735,228,aro0921,lean_forward,2
1535,1789976698.499708,0,0,205,153,77,0,0,0,0,0,403,499,483,477,499,489,411,491,431,440,359,288,136,0,0,0,79,411,871,884,761,253,aro0921,lean_forward,2
1536,1789976698.519688,0,0,199,160,83,0,0,0,0,0,380,503,499,485,479,499,431,467,456,459,371,275,149,0,0,0,61,407,885,879,743,219,aro0921,lean_forward,2
1537,1789976698.539702,0,0,199,163,87,0,0,0,0,0,389,509,501,477,486,489,430,457,478,419,366,277,159,0,0,0,59,407,907,917,783,219,aro0921,lean_forward,2
1538,1789976698.559719,0,0,201,151,77,0,0,0,0,0,391,493,487,478,503,486,411,456,467,460,363,248,159,0,0,0,85,398,883,893,762,239,aro0921,lean_forward,2
1539,1789976698.579698,0,0,205,159,73,0,0,0,0,0,407,523,489,472,491,493,425,483,443,435,377,262,139,0,0,0,46,421,869,888,765,208,aro0921,lean_forward,2
1540,1789976698.599718,0,0,189,155,57,0,0,0,0,0,383,537,491,495,471,498,431,491,436,425,333,275,125,0,0,0,45,427,865,893,781,202,aro0921,lean_forward,2
1541,1789976698.619703,0,0,191,142,60,0,0,0,0,0,406,507,489,456,487,503,429,477,435,453,379,284,125,0,0,0,41,411,869,909,741,203,aro0921,lean_forward,2
1542,1789976698.639751,0,0,206,156,79,0,0,0,0,0,375,489,523,461,495,485,431,489,430,431,382,286,122,0,0,0,53,395,903,910,755,211,aro0921,lean_forward,2
1543,1789976698.659739,0,0,201,141,70,0,0,0,0,0,366,499,498,471,477,485,439,488,423,435,383,253,155,0,0,0,37,421,855,859,767,221,aro0921,lean_forward,2
1544,1789976698.679875,0,0,184,134,63,0,0,0,0,0,374,507,495,489,459,495,447,471,461,431,380,285,135,0,0,0,77,425,877,921,773,187,aro0921,lean_forward,2
1545,1789976698.699773,0,0,205,123,68,0,0,0,0,0,365,489,483,460,503,507,411,487,428,424,360,281,121,0,0,0,37,421,875,875,773,243,aro0921,lean_forward,2
1546,1789976698.719700,0,0,183,108,45,0,0,0,0,0,380,539,491,500,475,501,421,485,425,441,362,267,137,0,0,0,33,429,891,903,761,207,aro0921,lean_forward,2
1547,1789976698.739706,0,0,203,117,55,0,0,0,0,0,379,492,520,463,483,471,437,477,422,447,349,265,137,0,0,0,41,404,896,910,715,222,aro0921,lean_forward,2
1548,1789976698.759706,0,0,197,110,25,0,0,0,0,0,399,517,533,485,485,499,425,489,431,431,363,267,137,0,0,0,87,389,876,895,744,213,aro0921,lean_forward,2
1549,1789976698.779792,0,0,191,94,0,0,0,0,0,0,395,519,499,477,491,491,428,468,448,443,365,265,136,0,0,0,63,407,875,892,751,213,aro0921,lean_forward,2
1550,1789976698.799692,0,0,183,57,0,0,0,0,0,0,391,495,492,492,479,508,429,479,435,429,365,247,152,0,0,0,77,397,873,893,775,213,aro0921,lean_forward,2
1551,1789976698.819740,0,0,191,63,0,0,0,0,0,0,399,501,487,473,498,495,415,453,456,457,353,281,125,0,0,0,45,423,889,869,727,237,aro0921,lean_forward,2
1552,1789976698.839698,0,0,175,47,0,0,0,0,0,0,416,505,487,500,474,505,423,445,471,461,349,283,117,0,0,0,72,415,859,867,757,231,aro0921,lean_forward,2
1553,1789976698.859711,0,0,184,57,0,0,0,0,0,0,382,531,501,472,469,491,455,478,429,437,379,239,139,0,0,0,42,423,903,905,716,183,aro0921,lean_forward,2
1554,1789976698.879726,0,0,185,57,0,0,0,0,0,0,375,494,519,491,477,475,431,446,466,467,377,281,116,0,0,0,81,389,875,895,717,199,aro0921,lean_forward,2
1555,1789976698.899701,0,0,181,42,0,0,0,0,0,0,406,531,500,489,469,477,441,479,429,447,341,269,147,0,0,0,87,391,875,903,765,215,aro0921,lean_forward,2
1556,1789976698.919716,0,0,201,47,0,0,0,0,0,0,377,521,484,501,469,499,431,479,440,429,351,253,142,0,0,0,73,431,871,875,760,235,aro0921,lean_forward,2
1557,1789976698.939718,0,0,181,45,0,0,0,0,0,0,379,507,479,495,469,491,431,471,425,459,349,279,105,0,0,0,75,383,853,903,726,217,aro0921,lean_forward,2
1558,1789976698.959691,0,0,186,75,0,0,0,0,0,0,411,499,493,499,475,503,419,445,459,427,363,261,121,0,0,0,55,424,872,883,741,206,aro0921,lean_forward,2
1559,1789976698.979696,0,0,197,79,0,0,0,0,0,0,393,509,503,479,487,491,421,467,442,429,359,263,121,0,0,0,61,409,869,891,751,207,aro0921,lean_forward,2
1560,1789976698.999692,0,0,211,75,0,0,0,0,0,0,373,537,485,469,503,475,419,455,461,462,391,269,141,0,0,0,79,373,853,860,730,213,aro0921,lean_forward,2
1561,1789976699.019741,0,0,190,107,0,0,0,0,0,0,404,539,520,474,483,475,427,443,461,459,363,265,137,0,0,0,69,368,856,903,725,187,aro0921,lean_forward,2
1562,1789976699.039712,0,0,199,90,0,0,0,0,0,0,383,531,527,465,496,477,419,455,441,467,355,281,149,0,0,0,73,364,867,857,723,230,aro0921,lean_forward,2
1563,1789976699.059715,0,0,180,47,0,0,0,0,0,0,367,505,493,469,472,477,435,454,429,463,346,249,152,0,0,0,83,379,851,860,721,233,aro0921,lean_forward,2
1564,1789976699.079700,0,0,181,47,0,0,0,0,0,0,349,495,517,505,466,487,423,443,474,459,341,249,125,0,0,0,68,381,865,875,725,219,aro0921,lean_forward,2
1565,1789976699.099685,0,0,137,23,0,0,0,0,0,0,360,487,498,495,473,495,407,446,445,438,376,247,121,0,0,0,88,377,878,892,729,171,aro0921,lean_forward,2
1566,1789976699.119687,0,0,71,0,0,0,0,0,0,0,359,535,493,491,484,499,411,470,425,443,371,243,135,0,0,0,37,424,841,861,717,213,aro0921,lean_forward,2
1567,1789976699.139687,0,0,53,0,0,0,0,0,0,0,357,486,493,476,472,467,423,471,423,436,347,247,133,0,0,0,83,391,870,905,727,151,aro0921,lean_forward,2
1568,1789976699.159710,0,0,0,0,0,0,0,0,0,0,367,507,499,474,477,477,393,463,437,423,359,278,104,0,0,0,83,381,877,875,741,207,aro0921,lean_forward,2
1569,1789976699.179696,0,0,0,0,0,0,0,0,0,0,363,507,503,477,478,477,409,455,437,440,355,253,121,0,0,0,55,393,857,877,743,201,aro0921,lean_forward,2
1570,1789976699.199727,0,0,0,0,0,0,0,0,0,0,359,517,485,467,495,473,391,469,420,445,358,236,142,0,0,0,43,419,877,886,711,218,aro0921,lean_forward,2
1571,1789976699.219744,0,0,0,0,0,0,0,0,0,0,356,508,489,473,489,474,399,467,445,445,355,261,145,0,0,0,57,407,863,891,721,181,aro0921,lean_forward,2
1572,1789976699.239156,0,0,25,0,0,0,0,0,0,0,371,539,489,491,463,486,413,472,431,427,339,273,116,0,0,0,43,407,839,861,740,227,aro0921,lean_forward,2
1573,1789976699.259720,0,0,77,0,0,0,0,0,0,0,340,499,519,492,463,477,425,456,427,454,359,249,137,0,0,0,35,392,850,851,735,219,aro0921,lean_forward,2
1574,1789976699.279723,0,0,159,0,0,0,0,0,0,0,391,500,484,494,459,485,423,479,421,427,357,279,133,0,0,0,23,421,882,845,773,228,aro0921,lean_forward,2
1575,1789976699.299725,0,0,181,0,0,0,0,0,0,0,391,524,491,469,475,471,424,437,469,467,367,243,151,0,0,0,37,401,829,851,717,205,aro0921,lean_forward,2
1576,1789976699.319699,0,0,174,35,0,0,0,0,0,0,377,539,483,487,491,493,403,467,428,427,363,247,141,0,0,0,57,394,828,851,763,213,aro0921,lean_forward,2
1577,1789976699.339711,0,0,205,75,0,0,0,0,0,0,367,517,495,467,495,489,407,469,441,427,365,260,111,0,0,0,41,344,840,873,759,189,aro0921,lean_forward,2
1578,1789976699.359704,0,0,200,109,41,0,0,0,0,0,393,540,501,478,471,484,435,457,439,461,360,276,120,0,0,0,30,373,883,895,725,167,aro0921,lean_forward,2
1579,1789976699.379699,0,0,221,151,71,0,0,0,0,0,391,505,523,453,473,467,431,479,419,425,375,269,138,0,0,0,30,345,851,852,764,191,aro0921,lean_forward,2
1580,1789976699.399846,0,0,216,155,82,0,0,0,0,0,362,517,521,471,475,501,423,467,441,457,341,237,155,0,0,0,68,327,882,883,713,219,aro0921,lean_forward,2
1581,1789976699.419724,0,0,219,169,79,0,0,0,0,0,378,517,505,477,493,487,409,462,446,445,365,266,139,0,0,0,57,351,858,879,741,190,aro0921,lean_forward,2
1582,1789976699.439724,0,0,219,169,83,0,0,0,0,0,392,521,506,477,487,486,423,445,465,467,357,247,157,0,0,0,57,347,843,859,715,220,aro0921,lean_forward,2
1583,1789976699.459712,0,0,222,187,83,0,0,0,0,0,402,519,521,479,475,475,438,472,435,415,383,260,122,0,0,0,39,348,856,884,756,176,aro0921,lean_forward,2
1584,1789976699.479711,0,0,201,173,85,0,0,0,0,0,398,509,491,483,479,467,425,469,463,423,371,287,134,0,0,0,39,375,883,870,774,210,aro0921,lean_forward,2
1585,1789976699.499731,0,0,205,163,99,0,0,0,0,0,358,503,479,485,467,487,441,455,463,467,373,255,166,0,0,0,53,367,840,851,719,219,aro0921,lean_forward,2
1586,1789976699.519724,0,0,199,157,43,0,0,0,0,0,367,503,485,463,485,474,437,491,455,431,363,295,142,0,0,0,78,359,887,919,744,189,aro0921,lean_forward,2
1587,1789976699.539713,0,0,170,137,83,0,0,0,0,0,349,501,495,499,466,471,441,447,469,477,407,298,146,0,0,0,77,351,909,863,718,223,aro0921,lean_forward,2
1588,1789976699.559710,0,0,167,120,81,0,0,0,0,0,345,503,519,471,498,485,407,461,467,455,361,299,139,0,0,0,63,343,857,867,765,189,aro0921,lean_forward,2
1589,1789976699.579694,0,0,159,57,70,0,0,0,0,0,375,482,493,477,471,473,441,489,466,427,383,284,139,0,0,0,37,379,905,895,775,188,aro0921,lean_forward,2
1590,1789976699.599717,0,0,143,27,53,0,0,0,0,0,379,499,511,475,487,491,411,485,441,463,361,281,156,0,0,0,71,344,857,891,728,235,aro0921,lean_forward,2
1591,1789976699.619724,0,0,79,0,0,0,0,0,0,0,373,487,476,493,473,495,423,474,459,438,367,328,131,0,0,0,36,392,882,861,775,233,aro0921,lean_forward,2
1592,1789976699.639739,0,0,72,0,0,0,0,0,0,0,351,495,485,469,495,495,405,461,471,435,349,312,137,0,0,0,72,391,871,887,811,239,aro0921,lean_forward,2
1593,1789976699.659729,0,0,69,0,0,0,0,0,0,0,357,505,493,473,483,485,421,471,445,453,374,295,159,0,0,0,52,379,877,887,757,221,aro0921,lean_forward,2
1594,1789976699.679818,0,0,73,0,0,0,0,0,0,0,357,519,501,475,467,485,427,465,463,455,350,311,142,0,0,0,58,373,891,880,755,229,aro0921,lean_forward,2
1595,1789976699.699085,0,0,83,22,0,0,0,0,0,0,371,506,520,483,479,517,425,468,461,471,395,279,175,0,0,0,77,359,868,915,758,191,aro0921,lean_forward,2
1596,1789976699.719784,0,0,132,0,0,0,0,0,0,0,341,499,489,471,473,473,425,491,469,445,381,283,155,0,0,0,77,359,890,908,744,211,aro0921,lean_forward,2
1597,1789976699.739722,0,0,147,0,0,0,0,0,0,0,343,499,475,443,479,505,407,444,459,469,375,279,173,0,0,0,36,403,888,871,755,233,aro0921,lean_forward,2
1598,1789976699.759704,0,0,155,0,0,0,0,0,0,0,335,531,507,503,477,505,407,477,436,453,365,269,174,0,0,0,51,350,910,917,727,204,aro0921,lean_forward,2
1599,1789976699.779719,0,0,165,26,43,0,0,0,0,0,342,494,503,458,485,493,407,467,455,439,362,293,143,0,0,0,44,367,889,901,781,235,aro0921,lean_forward,2
1600,1789976699.799728,0,0,179,44,47,0,0,0,0,0,364,501,496,483,487,493,411,459,463,467,382,291,152,0,0,0,60,379,853,901,743,203,aro0921,lean_forward,2
1601,1789976699.819700,0,0,165,37,71,0,0,0,0,0,373,495,498,493,499,503,409,446,445,457,359,285,139,0,0,0,85,355,893,885,738,232,aro0921,lean_forward,2
1602,1789976699.839746,0,0,181,35,47,0,0,0,0,0,381,535,478,465,504,505,408,499,453,427,361,302,125,0,0,0,81,345,868,905,781,219,aro0921,lean_forward,2
1603,1789976699.859725,0,0,185,59,63,0,0,0,0,0,380,519,501,483,484,488,427,468,451,456,367,268,141,0,0,0,58,367,877,883,749,219,aro0921,lean_forward,2
1604,1789976699.879723,0,0,197,88,71,0,0,0,0,0,381,508,459,478,484,491,423,485,447,431,379,285,139,0,0,0,87,349,868,856,777,223,aro0921,lean_forward,2
1605,1789976699.899712,0,0,181,79,57,0,0,0,0,0,379,536,495,495,472,504,427,453,443,471,367,279,146,0,0,0,83,355,867,907,744,248,aro0921,lean_forward,2
1606,1789976699.919726,0,0,204,75,75,0,0,0,0,0,368,495,503,477,470,481,439,447,459,458,357,252,157,0,0,0,35,383,888,877,739,235,aro0921,lean_forward,2
1607,1789976699.939726,0,0,203,89,55,0,0,0,0,0,421,509,523,459,477,471,443,479,447,453,373,254,152,0,0,0,75,345,891,867,735,243,aro0921,lean_forward,2
1608,1789976699.959714,0,0,180,79,67,0,0,0,0,0,414,517,497,466,479,483,437,445,457,431,355,250,155,0,0,0,56,363,875,869,775,197,aro0921,lean_forward,2
1609,1789976699.979718,0,0,187,68,60,0,0,0,0,0,361,509,475,493,469,508,441,448,463,447,349,253,150,0,0,0,79,367,895,867,731,239,aro0921,lean_forward,2
1610,1789976699.999702,0,0,203,79,63,0,0,0,0,0,395,535,503,471,504,493,408,476,437,459,357,249,153,0,0,0,59,396,895,889,749,247,aro0921,lean_forward,2
1611,1789976700.019924,0,0,197,86,71,0,0,0,0,0,382,491,533,507,501,483,409,455,467,435,351,250,155,0,0,0,30,381,905,864,773,199,aro0921,lean_forward,2
1612,1789976700.039731,0,0,185,60,61,0,0,0,0,0,373,503,533,484,479,469,435,477,437,437,383,231,135,0,0,0,42,405,885,850,751,189,aro0921,lean_forward,2
1613,1789976700.059745,0,0,188,57,43,0,0,0,0,0,383,520,493,479,487,489,425,467,447,445,367,263,139,0,0,0,63,390,879,885,754,215,aro0921,lean_forward,2
1614,1789976700.079712,0,0,187,52,41,0,0,0,0,0,397,518,495,479,488,488,425,470,436,447,367,281,119,0,0,0,60,391,891,887,735,215,aro0921,lean_forward,2
1615,1789976700.099786,0,0,179,61,45,0,0,0,0,0,383,493,519,493,467,495,431,459,441,436,349,232,153,37,0,0,68,367,895,905,733,227,aro0921,lean_forward,2
1616,1789976700.118855,0,0,189,58,35,0,0,0,0,0,397,530,519,489,467,471,441,485,437,431,351,253,141,0,0,0,68,381,857,888,776,229,aro0921,lean_forward,2
1617,1789976700.138884,0,0,185,69,25,0,0,0,0,0,408,539,523,493,495,493,407,477,435,434,357,282,120,0,0,0,61,381,859,869,778,245,aro0921,lean_forward,2
1618,1789976700.159239,0,0,173,60,41,0,0,0,0,0,373,517,505,485,491,502,409,454,442,461,365,247,149,0,0,0,85,373,909,913,749,206,aro0921,lean_forward,2
1619,1789976700.179769,0,0,186,61,51,0,0,0,0,0,374,495,500,467,501,485,396,479,435,428,377,275,141,0,0,0,58,395,903,878,777,227,aro0921,lean_forward,2
1620,1789976700.198821,0,0,201,62,43,0,0,0,0,0,383,517,489,483,479,471,437,469,461,431,381,239,149,0,0,0,60,383,861,866,779,221,aro0921,lean_forward,2
1621,1789976700.219371,0,0,181,85,51,0,0,0,0,0,393,549,509,481,462,505,429,447,461,463,375,275,137,0,0,0,37,408,879,862,723,233,aro0921,lean_forward,2
1622,1789976700.239870,0,0,209,135,71,0,0,0,0,0,381,501,517,465,503,506,407,453,468,473,349,280,122,0,0,0,48,391,893,886,729,245,aro0921,lean_forward,2
1623,1789976700.259755,0,0,200,121,71,0,0,0,0,0,393,505,502,483,485,489,422,469,446,445,367,265,137,0,0,0,61,409,879,889,755,217,aro0921,lean_forward,2
1624,1789976700.279234,0,0,207,152,75,0,0,0,0,0,383,519,503,483,487,493,423,463,447,447,343,267,120,0,0,0,61,389,861,867,739,248,aro0921,lean_forward,2
1625,1789976700.299750,0,0,209,173,77,0,0,0,0,0,415,503,495,492,490,461,443,461,457,463,390,277,123,0,0,0,79,395,869,877,745,187,aro0921,lean_forward,2
1626,1789976700.319719,0,0,209,165,75,0,0,0,0,0,409,521,486,500,493,503,421,459,462,443,350,247,149,0,0,0,81,403,885,879,755,231,aro0921,lean_forward,2
1627,1789976700.339722,0,0,227,173,85,0,0,0,0,0,412,499,490,475,477,463,435,467,428,466,349,267,111,0,0,0,42,408,861,861,747,240,aro0921,lean_forward,2
1628,1789976700.359720,0,0,219,173,75,0,0,0,0,0,409,529,487,490,461,486,437,460,468,443,348,280,119,0,0,0,43,407,857,863,776,245,aro0921,lean_forward,2
1629,1789976700.379717,0,0,207,172,98,0,0,0,0,0,374,499,483,486,479,499,416,478,447,441,357,282,101,0,0,0,68,423,889,871,772,243,aro0921,lean_forward,2
1630,1789976700.399725,0,0,221,200,98,0,0,0,0,0,379,521,529,473,473,479,445,479,431,453,377,245,111,0,0,0,39,390,854,861,738,226,aro0921,lean_forward,2
1631,1789976700.419713,0,0,229,181,89,0,0,0,0,0,408,505,493,484,473,476,443,447,461,467,353,277,121,0,0,0,41,425,867,861,733,239,aro0921,lean_forward,2
1632,1789976700.439729,0,0,207,179,77,0,0,0,0,0,393,536,509,499,473,478,439,473,443,437,379,249,141,0,0,0,89,367,877,905,783,200,aro0921,lean_forward,2
1633,1789976700.459723,0,0,221,173,82,0,0,0,0,0,405,519,485,466,499,485,421,486,428,425,380,247,158,0,0,0,40,404,892,915,781,188,aro0921,lean_forward,2
1634,1789976700.479751,0,0,214,167,68,0,0,0,0,0,389,525,495,466,501,489,413,447,459,467,381,237,151,0,0,0,37,413,904,915,727,206,aro0921,lean_forward,2
1635,1789976700.499731,0,0,211,175,79,0,0,0,0,0,393,519,509,484,485,487,423,463,444,443,368,263,137,0,0,0,60,393,860,889,743,215,aro0921,lean_forward,2
1636,1789976700.519736,0,0,214,180,83,0,0,0,0,0,395,519,500,479,486,489,424,469,441,462,351,269,119,0,0,0,59,393,879,888,735,234,aro0921,lean_forward,2
1637,1789976700.539707,0,0,225,173,89,0,0,0,0,0,377,507,491,492,471,473,438,483,435,431,374,283,124,0,0,0,73,392,885,903,781,197,aro0921,lean_forward,2
1638,1789976700.559717,0,0,217,175,83,0,0,0,0,0,397,499,491,471,501,489,421,485,423,437,343,278,115,0,0,0,38,415,911,865,759,249,aro0921,lean_forward,2
1639,1789976700.579741,0,0,227,168,91,0,0,0,0,0,367,499,504,508,469,485,441,477,435,435,355,247,133,0,0,0,22,379,877,888,775,255,aro0921,lean_forward,2
1640,1789976700.599742,0,0,215,183,79,0,0,0,0,0,391,535,531,473,487,489,421,471,425,455,367,276,117,0,0,0,73,367,908,895,741,207,aro0921,lean_forward,2
1641,1789976700.619717,0,0,209,181,83,0,0,0,0,0,399,531,487,471,491,501,411,455,456,457,372,277,137,0,0,0,51,409,873,893,731,215,aro0921,lean_forward,2
1642,1789976700.639731,0,0,222,175,103,0,0,0,0,0,372,503,503,495,469,472,445,457,430,469,347,253,138,0,0,0,69,380,871,885,745,191,aro0921,lean_forward,2
1643,1789976700.659742,0,0,228,204,72,0,0,0,0,0,419,537,521,500,457,473,435,485,430,435,389,280,120,0,0,0,89,359,880,920,782,183,aro0921,lean_forward,2
1644,1789976700.679729,0,0,213,198,89,0,0,0,0,0,381,517,503,458,509,505,407,471,436,431,339,275,137,0,0,0,31,375,863,853,778,255,aro0921,lean_forward,2
1645,1789976700.699747,0,0,221,189,89,0,0,0,0,0,393,517,501,485,487,493,424,467,443,447,363,261,136,0,0,0,59,393,884,885,761,221,aro0921,lean_forward,2
1646,1789976700.719817,0,0,219,189,83,0,0,0,0,0,403,520,501,477,488,493,423,465,441,437,379,267,146,0,0,0,58,391,883,904,773,201,aro0921,lean_forward,2
1647,1789976700.739812,0,0,212,211,89,0,0,0,0,0,309,523,530,471,500,508,407,471,443,425,383,245,156,0,0,0,89,365,903,913,764,197,aro0921,lean_forward,2
1648,1789976700.759757,0,0,217,184,79,0,0,0,0,0,415,535,499,475,491,483,435,471,427,469,383,284,117,0,0,0,59,397,883,895,723,189,aro0921,lean_forward,2
1649,1789976700.779820,0,0,235,212,87,0,0,0,0,0,420,533,523,501,461,474,443,461,459,461,393,279,125,0,0,0,85,366,903,907,749,197,aro0921,lean_forward,2
1650,1789976700.799816,0,0,220,190,89,0,0,0,0,0,407,523,499,466,503,495,415,453,477,453,375,245,157,0,0,0,47,411,873,906,760,203,aro0921,lean_forward,2
1651,1789976700.819778,0,0,225,191,79,0,0,0,0,0,383,542,486,505,467,504,426,460,447,459,381,281,121,0,0,0,70,395,893,904,746,199,aro0921,lean_forward,2
1652,1789976700.839780,0,0,215,201,75,0,0,0,0,0,397,517,503,464,503,505,408,456,465,457,356,249,153,0,0,0,52,396,907,863,739,243,aro0921,lean_forward,2
1653,1789976700.859764,0,0,220,219,99,0,0,0,0,0,377,504,521,491,483,493,429,488,429,428,357,243,163,0,0,0,71,367,911,885,779,227,aro0921,lean_forward,2
1654,1789976700.879748,0,0,237,213,98,0,0,0,0,0,377,521,519,467,505,481,429,483,441,437,351,274,140,0,0,0,51,391,877,885,756,236,aro0921,lean_forward,2
1655,1789976700.899773,0,0,217,211,77,0,0,0,0,0,413,537,499,483,477,491,424,469,452,391,347,263,143,0,0,0,59,393,875,888,751,215,aro0921,lean_forward,2
1656,1789976700.919738,0,0,226,205,95,0,0,0,0,0,393,487,501,479,479,489,426,469,453,445,366,267,141,0,0,0,62,381,877,883,757,219,aro0921,lean_forward,2
1657,1789976700.939732,0,0,219,214,83,0,0,0,0,0,415,525,529,485,473,491,431,471,453,439,365,264,139,0,0,0,83,366,883,885,774,218,aro0921,lean_forward,2
1658,1789976700.959771,0,0,223,205,93,0,0,0,0,0,395,517,489,483,483,488,430,465,445,439,365,265,141,0,0,0,63,391,879,888,750,218,aro0921,lean_forward,2
1659,1789976700.979715,0,0,209,205,79,0,0,0,0,0,406,537,509,468,499,503,419,483,438,439,375,264,125,0,0,0,56,378,893,886,781,215,aro0921,lean_forward,2
1660,1789976700.999757,0,0,227,216,91,0,0,0,0,0,373,509,523,492,473,477,440,453,472,469,390,281,123,0,0,0,75,371,917,907,741,189,aro0921,lean_forward,2
1661,1789976701.019754,0,0,227,189,77,0,0,0,0,0,367,539,485,455,508,475,408,466,443,461,357,278,141,0,0,0,41,409,886,876,779,239,aro0921,lean_forward,2
1662,1789976701.039705,0,0,223,199,90,0,0,0,0,0,375,525,500,503,465,473,453,473,437,441,363,277,121,0,0,0,73,378,903,951,728,207,aro0921,lean_forward,2
1663,1789976701.059728,0,0,219,199,93,0,0,0,0,0,371,491,504,493,476,482,437,485,445,431,349,255,147,0,0,0,83,377,873,877,786,235,aro0921,lean_forward,2
1664,1789976701.079731,0,0,203,183,91,0,0,0,0,0,393,509,485,469,501,504,419,471,439,443,359,247,173,0,0,0,51,409,875,905,761,223,aro0921,lean_forward,2
1665,1789976701.099756,0,0,217,178,98,0,0,0,0,0,367,501,483,472,485,491,431,426,469,468,351,247,163,0,0,0,41,416,893,869,739,242,aro0921,lean_forward,2
1666,1789976701.119717,0,0,203,191,76,0,0,0,0,0,412,569,517,477,471,503,439,466,460,447,353,247,155,0,0,0,87,355,869,863,761,247,aro0921,lean_forward,2
1667,1789976701.139734,0,0,227,199,73,0,0,0,0,0,414,537,521,469,477,471,443,493,435,429,359,250,156,0,52,0,30,392,860,875,781,232,aro0921,lean_forward,2
1668,1789976701.159734,0,0,213,199,88,0,0,0,0,0,379,506,489,491,473,477,437,443,465,459,389,251,155,0,0,0,41,412,858,917,745,189,aro0921,lean_forward,2
1669,1789976701.179715,0,0,223,175,88,0,0,0,0,0,407,479,493,495,471,477,437,473,437,445,359,275,121,0,0,0,77,394,869,891,745,215,aro0921,lean_forward,2
1670,1789976701.199739,0,0,211,184,75,0,0,0,0,0,414,534,478,462,493,495,415,488,427,424,363,277,111,0,0,0,38,420,859,883,787,226,aro0921,lean_forward,2
1671,1789976701.219755,0,0,227,198,91,0,0,0,0,0,376,495,519,498,471,475,447,459,461,462,349,236,157,0,0,0,82,373,895,873,741,235,aro0921,lean_forward,2
1672,1789976701.239073,0,0,227,180,85,0,0,0,0,0,373,517,491,479,479,471,440,489,444,432,390,251,165,0,0,0,39,406,931,901,777,199,aro0921,lean_forward,2
1673,1789976701.259768,0,0,216,196,99,0,0,0,0,0,375,503,521,493,475,500,418,477,435,439,355,269,144,0,0,0,54,406,893,904,764,217,aro0921,lean_forward,2
1674,1789976701.279744,0,0,227,179,99,0,0,0,0,0,373,505,488,491,469,472,441,473,459,430,373,267,127,0,0,0,53,393,905,915,788,188,aro0921,lean_forward,2
1675,1789976701.299824,0,0,207,191,85,0,0,0,0,0,375,509,519,481,481,477,437,403,413,439,383,286,121,0,0,0,37,399,905,883,787,216,aro0921,lean_forward,2
1676,1789976701.319724,0,0,221,189,99,0,0,0,0,0,383,507,509,475,503,469,405,446,455,455,351,281,123,0,0,0,88,373,857,872,767,246,aro0921,lean_forward,2
1677,1789976701.339717,0,0,229,185,101,0,0,0,0,0,392,495,475,500,477,493,409,466,447,453,367,265,138,0,0,0,71,409,879,887,752,218,aro0921,lean_forward,2
1678,1789976701.359753,0,0,228,203,91,0,0,0,0,0,395,521,505,479,479,491,428,472,452,453,367,269,135,0,0,0,60,390,891,885,751,217,aro0921,lean_forward,2
1679,1789976701.379727,0,0,223,201,103,0,0,0,0,0,422,485,487,479,503,505,410,477,441,431,383,267,121,0,0,0,88,411,887,918,766,187,aro0921,lean_forward,2
1680,1789976701.399736,0,0,235,225,93,0,0,0,0,0,375,521,525,473,485,477,443,483,432,430,393,238,155,0,0,0,63,363,853,884,774,189,aro0921,lean_forward,2
1681,1789976701.419770,0,0,227,214,91,0,0,0,0,0,391,523,491,487,505,474,427,469,437,455,367,263,141,0,0,0,57,413,901,872,731,229,aro0921,lean_forward,2
1682,1789976701.439727,0,0,237,219,85,0,0,0,0,0,419,534,506,467,503,499,411,447,467,461,375,280,148,0,0,0,47,382,873,854,749,221,aro0921,lean_forward,2
1683,1789976701.459711,0,0,247,213,107,0,0,0,0,0,380,499,501,484,481,474,437,455,471,439,389,250,159,0,0,0,43,411,902,889,780,187,aro0921,lean_forward,2
1684,1789976701.479753,0,0,231,231,83,0,0,0,0,0,407,543,525,503,470,473,445,456,477,443,345,243,121,0,0,0,89,364,895,855,749,248,aro0921,lean_forward,2
1685,1789976701.499722,0,0,245,239,93,0,0,0,0,0,414,537,521,501,477,485,436,453,466,461,345,252,147,0,0,0,86,374,857,853,739,253,aro0921,lean_forward,2
1686,1789976701.519796,0,0,249,235,101,0,0,0,0,0,381,498,524,477,500,475,419,457,441,460,382,251,127,0,0,0,58,371,853,867,739,211,aro0921,lean_forward,2
1687,1789976701.539733,0,0,248,233,101,0,0,0,0,0,419,496,525,461,502,472,441,453,461,439,376,285,140,0,0,0,55,368,880,851,751,219,aro0921,lean_forward,2
1688,1789976701.559812,0,0,243,227,89,0,0,0,0,0,421,535,509,495,479,505,421,474,427,455,383,279,119,0,0,0,84,379,873,891,732,189,aro0921,lean_forward,2
1689,1789976701.579730,0,0,234,221,89,0,0,0,0,0,414,521,505,487,487,489,427,469,445,453,365,267,137,0,0,0,67,389,877,885,750,218,aro0921,lean_forward,2
1690,1789976701.599821,0,0,233,221,92,0,0,0,0,0,407,520,505,487,486,491,427,471,447,455,335,274,121,0,0,0,60,393,857,873,743,247,aro0921,lean_forward,2
1691,1789976701.619747,0,0,241,222,93,0,0,0,0,0,424,525,516,500,477,495,429,473,439,439,377,276,123,0,0,0,83,389,875,903,760,203,aro0921,lean_forward,2
1692,1789976701.639763,0,0,237,217,103,0,0,0,0,0,391,507,524,458,507,471,429,461,462,459,381,263,141,0,0,0,79,360,856,857,758,221,aro0921,lean_forward,2
1693,1789976701.659779,0,0,236,201,98,0,0,0,0,0,383,505,488,475,479,473,439,447,460,459,381,243,153,0,0,0,45,413,873,877,729,205,aro0921,lean_forward,2
1694,1789976701.679788,0,0,235,205,84,0,0,0,0,0,403,536,485,479,487,476,443,452,461,447,391,248,124,0,0,0,51,413,895,903,779,189,aro0921,lean_forward,2
1695,1789976701.699750,0,0,236,217,93,0,0,0,0,0,408,496,539,505,479,485,437,483,427,453,380,246,153,0,0,0,101,362,885,893,740,191,aro0921,lean_forward,2
1696,1789976701.719766,0,0,237,216,103,0,0,0,0,0,411,493,509,505,495,479,411,453,459,430,365,278,119,0,0,0,45,406,868,895,766,196,aro0921,lean_forward,2
1697,1789976701.739753,0,0,231,201,101,0,0,0,0,0,397,501,491,499,473,477,444,495,455,441,355,273,119,0,0,0,53,415,882,911,780,212,aro0921,lean_forward,2
1698,1789976701.759762,0,0,233,203,99,0,0,0,0,0,396,507,491,475,491,503,419,485,429,435,375,283,127,0,0,0,73,403,859,893,755,219,aro0921,lean_forward,2
1699,1789976701.779744,0,0,231,211,82,0,0,0,0,0,424,547,504,490,483,485,439,486,429,429,363,278,124,0,0,0,77,381,889,891,791,237,aro0921,lean_forward,2
1700,1789976701.799827,0,0,217,213,104,0,0,0,0,0,381,505,493,501,482,478,427,457,451,461,380,249,123,0,0,0,78,379,901,917,737,199,aro0921,lean_forward,2
1701,1789976701.819765,0,0,216,213,83,0,0,0,0,0,405,533,521,475,500,485,443,477,441,429,363,268,139,0,0,0,53,381,867,879,758,217,aro0921,lean_forward,2
1702,1789976701.839736,0,0,235,191,91,0,0,0,0,0,381,509,483,485,469,475,445,487,467,445,380,255,155,0,0,0,43,413,901,917,757,181,aro0921,lean_forward,2
1703,1789976701.859746,0,0,237,217,93,0,0,0,0,0,393,505,525,471,494,471,425,468,424,447,363,265,135,0,0,0,55,379,884,878,760,219,aro0921,lean_forward,2
1704,1789976701.879743,0,0,227,207,89,0,0,0,0,0,403,515,505,484,489,488,425,469,459,455,365,266,138,0,0,0,67,390,870,877,763,222,aro0921,lean_forward,2
1705,1789976701.899753,0,0,239,191,91,0,0,0,0,0,424,505,485,487,482,474,431,453,472,454,361,245,147,0,0,0,36,410,847,909,774,211,aro0921,lean_forward,2
1706,1789976701.919727,0,0,239,209,95,0,0,0,0,0,396,500,503,500,471,483,437,456,443,456,363,279,124,0,0,0,73,379,889,873,757,228,aro0921,lean_forward,2
1707,1789976701.939765,0,0,231,227,103,0,0,0,0,0,403,490,520,471,508,493,416,475,429,455,381,251,159,0,0,0,85,351,877,903,731,190,aro0921,lean_forward,2
1708,1789976701.959768,0,0,227,203,103,0,0,0,0,0,391,505,503,471,504,501,413,471,467,427,349,248,134,0,0,0,84,375,853,863,792,252,aro0921,lean_forward,2
1709,1789976701.979732,0,0,227,230,89,0,0,0,0,0,377,535,501,487,473,503,429,458,439,463,363,251,120,0,0,0,47,361,855,871,777,245,aro0921,lean_forward,2
1710,1789976701.999738,0,0,237,205,103,0,0,0,0,0,389,536,506,489,495,503,411,461,468,437,365,255,155,0,0,0,88,361,857,859,777,237,aro0921,lean_forward,2
1711,1789976702.019758,0,0,223,213,89,0,0,0,0,0,395,529,503,503,469,471,443,486,429,430,355,276,120,0,0,0,75,378,886,859,748,246,aro0921,lean_forward,2
1712,1789976702.039742,0,0,231,232,79,0,0,0,0,0,409,521,507,495,470,477,445,459,453,426,367,245,119,0,0,0,43,403,857,887,761,188,aro0921,lean_forward,2
1713,1789976702.059729,0,0,217,221,85,0,0,0,0,0,393,537,522,487,474,483,445,487,439,442,364,263,137,0,0,0,41,397,875,879,781,218,aro0921,lean_forward,2
1714,1789976702.079757,0,0,221,207,89,0,0,0,0,0,407,499,503,483,485,491,425,467,460,441,364,265,136,0,0,0,75,382,878,879,756,221,aro0921,lean_forward,2
1715,1789976702.099738,0,0,202,212,93,0,0,0,0,0,413,529,531,471,502,483,429,459,441,469,380,269,121,0,0,0,87,358,890,863,733,223,aro0921,lean_forward,2
1716,1789976702.119733,0,0,217,199,87,0,0,0,0,0,422,499,521,457,504,499,419,479,431,441,348,269,121,0,0,0,47,389,871,891,753,221,aro0921,lean_forward,2
1717,1789976702.139764,0,0,187,181,69,0,0,0,0,0,395,537,483,505,471,489,437,459,429,469,361,280,140,0,0,0,39,405,885,893,733,198,aro0921,lean_forward,2
1718,1789976702.159757,0,0,181,165,69,0,0,0,0,0,415,535,499,489,494,477,413,472,458,431,366,270,139,0,0,0,87,373,901,861,781,229,aro0921,lean_forward,2
1719,1789976702.179748,0,0,189,155,60,0,0,0,0,0,424,524,520,495,475,489,424,459,453,453,375,281,156,0,0,0,45,397,871,867,777,217,aro0921,lean_forward,2
1720,1789976702.199732,0,0,187,166,81,0,0,0,0,0,403,495,531,459,502,467,438,485,456,435,363,238,148,0,0,0,47,391,851,907,741,249,aro0921,lean_forward,2
1721,1789976702.219749,0,0,174,148,55,0,0,0,0,0,421,489,491,475,498,488,415,473,447,415,376,279,121,0,0,0,88,409,893,858,760,215,aro0921,lean_forward,2
1722,1789976702.239743,0,0,180,147,68,0,0,0,0,0,376,531,499,487,469,471,410,473,425,467,380,275,119,0,0,0,43,381,889,867,731,207,aro0921,lean_forward,2
1723,1789976702.258894,0,0,186,157,71,0,0,0,0,0,395,503,491,506,483,499,424,467,445,431,348,245,125,0,0,0,55,411,905,911,779,217,aro0921,lean_forward,2
1724,1789976702.279761,0,0,171,156,63,0,0,0,0,0,382,544,525,477,501,473,410,479,435,429,355,279,121,0,0,0,77,377,903,908,767,192,aro0921,lean_forward,2
1725,1789976702.299748,0,0,171,149,74,0,0,0,0,0,381,517,482,501,467,501,411,474,415,459,380,265,116,0,0,0,45,426,865,873,727,203,aro0921,lean_forward,2
1726,1789976702.319723,0,0,185,165,79,0,0,0,0,0,392,503,505,487,485,488,429,467,445,443,359,261,137,0,0,0,63,374,875,891,761,221,aro0921,lean_forward,2
1727,1789976702.339739,0,0,185,153,62,0,0,0,0,0,405,521,501,483,485,487,429,467,453,444,363,248,135,0,0,0,63,395,851,865,745,232,aro0921,lean_forward,2
1728,1789976702.359752,0,0,191,158,57,0,0,0,0,0,414,531,495,473,492,477,429,454,459,457,343,267,135,0,0,0,45,409,876,875,758,243,aro0921,lean_forward,2
1729,1789976702.379741,0,0,185,155,55,0,0,0,0,0,393,505,500,467,489,477,443,470,427,456,375,239,149,0,0,0,45,408,896,911,719,204,aro0921,lean_forward,2
1730,1789976702.399759,0,0,187,139,62,0,0,0,0,0,420,501,490,485,500,471,424,469,435,459,379,275,150,0,0,0,95,395,861,893,727,189,aro0921,lean_forward,2
1731,1789976702.419729,0,0,189,155,71,0,0,0,0,0,384,495,523,467,494,477,431,447,462,461,351,253,151,0,0,0,60,376,871,877,747,247,aro0921,lean_forward,2
1732,1789976702.439741,0,0,197,152,47,0,0,0,0,0,422,530,509,461,489,473,436,455,463,451,351,242,153,0,0,0,78,367,919,885,779,211,aro0921,lean_forward,2
1733,1789976702.459728,0,0,187,141,70,0,0,0,0,0,403,507,492,491,488,503,413,473,431,467,367,241,149,0,0,0,83,381,873,869,783,239,aro0921,lean_forward,2
1734,1789976702.479732,0,0,175,147,55,0,0,0,0,0,425,533,493,506,471,499,453,471,459,463,378,271,123,0,0,0,87,401,884,907,735,199,aro0921,lean_forward,2
1735,1789976702.499801,0,0,208,147,61,0,0,0,0,0,424,509,531,457,495,470,430,469,447,435,340,282,134,0,0,0,55,380,872,919,782,239,aro0921,lean_forward,2
1736,1789976702.519761,0,0,198,150,71,0,0,0,0,0,403,521,506,486,485,491,427,468,447,443,364,253,133,0,0,0,63,391,863,885,729,219,aro0921,lean_forward,2
1737,1789976702.539751,0,0,202,157,69,0,0,0,0,0,414,506,491,484,488,489,426,455,441,461,346,245,136,0,0,0,45,391,905,907,760,221,aro0921,lean_forward,2
1738,1789976702.559809,0,0,191,151,71,0,0,0,0,0,411,529,488,473,493,519,419,483,429,425,368,281,116,0,0,0,41,415,891,855,779,235,aro0921,lean_forward,2
1739,1789976702.579751,0,0,201,165,90,0,0,0,0,0,375,501,535,504,479,501,427,455,462,441,347,263,117,0,0,0,45,380,867,871,779,252,aro0921,lean_forward,2
1740,1789976702.599739,0,0,206,183,87,0,0,0,0,0,402,501,508,491,467,488,445,475,461,425,377,267,115,0,0,0,35,407,902,906,773,186,aro0921,lean_forward,2
1741,1789976702.619742,0,0,223,169,73,0,0,0,0,0,423,523,489,489,479,473,441,463,435,461,371,261,137,0,0,0,57,407,895,908,767,199,aro0921,lean_forward,2
1742,1789976702.639761,0,0,221,175,73,0,0,0,0,0,405,518,501,501,482,505,423,447,463,439,341,244,119,0,0,0,90,375,867,891,762,231,aro0921,lean_forward,2
1743,1789976702.659731,0,0,222,166,63,0,0,0,0,0,409,541,489,474,491,481,437,483,431,445,353,253,155,0,0,0,51,419,893,919,739,249,aro0921,lean_forward,2
1744,1789976702.679757,0,0,219,189,59,0,0,0,0,0,387,547,531,487,467,471,443,461,437,459,345,265,135,0,0,0,57,371,885,903,729,247,aro0921,lean_forward,2
1745,1789976702.699765,0,0,214,183,58,0,0,0,0,0,413,537,524,503,483,502,423,459,437,460,342,245,135,0,0,0,95,371,859,876,767,235,aro0921,lean_forward,2
