frame,timestamp,ch0,ch1,ch2,ch3,ch4,ch5,ch6,ch7,ch8,ch9,ch10,ch11,ch12,ch13,ch14,ch15,ch16,ch17,ch18,ch19,ch20,ch21,ch22,ch23,ch24,ch25,ch26,ch27,ch28,ch29,ch30,ch31,person,posture,trial
0,1789975702.976780,0,0,0,0,0,0,0,0,0,0,0,0,0,0,0,0,0,0,0,0,0,0,0,0,0,0,0,0,0,0,0,0,aro0921,cross_leg_right,1
1,1789975702.977650,0,0,0,0,0,0,0,0,0,0,0,0,0,0,0,0,0,0,0,0,0,0,0,0,0,0,0,0,0,0,0,0,aro0921,cross_leg_right,1
2,1789975702.978495,0,0,0,0,0,0,0,0,0,0,0,0,0,0,0,0,0,0,0,0,0,0,0,0,0,0,0,0,0,0,0,0,aro0921,cross_leg_right,1
3,1789975702.979209,0,0,0,0,0,0,0,0,0,0,0,0,0,0,0,0,0,0,0,0,0,0,0,0,0,0,0,0,0,0,0,0,aro0921,cross_leg_right,1
4,1789975702.979975,0,0,0,0,0,0,0,0,0,0,0,0,0,0,0,0,0,0,0,0,0,0,0,0,0,0,0,0,0,0,0,0,aro0921,cross_leg_right,1
5,1789975702.980658,0,0,0,0,0,0,0,0,0,0,0,0,0,0,0,0,0,0,0,0,0,0,0,0,0,0,0,0,0,0,0,0,aro0921,cross_leg_right,1
6,1789975702.981279,0,0,0,0,0,0,0,0,0,0,0,0,0,0,0,0,0,0,0,0,0,0,0,0,0,0,0,0,0,0,0,0,aro0921,cross_leg_right,1
7,1789975702.981897,0,0,0,0,0,0,0,0,0,0,0,0,0,0,0,0,0,0,0,0,0,0,0,0,0,0,0,0,0,0,0,0,aro0921,cross_leg_right,1
8,1789975702.982519,0,0,0,0,0,0,0,0,0,0,0,0,0,0,0,0,0,0,0,0,0,0,0,0,0,0,0,0,0,0,0,0,aro0921,cross_leg_right,1
9,1789975702.983137,0,0,0,0,0,0,0,0,0,0,0,0,0,0,0,0,0,0,0,0,0,0,0,0,0,0,0,0,0,0,0,0,aro0921,cross_leg_right,1
10,1789975702.983759,0,0,0,0,0,0,0,0,0,0,0,0,0,0,0,0,0,0,0,0,0,0,0,0,0,0,0,0,0,0,0,0,aro0921,cross_leg_right,1
11,1789975702.984381,0,0,0,0,0,0,0,0,0,0,0,0,0,0,0,0,0,0,0,0,0,0,0,0,0,0,0,0,0,0,0,0,aro0921,cross_leg_right,1
12,1789975702.985004,0,0,0,0,0,0,0,0,0,0,0,0,0,0,0,0,0,0,0,0,0,0,0,0,0,0,0,0,0,0,0,0,aro0921,cross_leg_right,1
13,1789975702.985628,0,0,0,0,0,0,0,0,0,0,0,0,0,0,0,0,0,0,0,0,0,0,0,0,0,0,0,0,0,0,0,0,aro0921,cross_leg_right,1
14,1789975702.986245,0,0,0,0,0,0,0,0,0,0,0,0,0,0,0,0,0,0,0,0,0,0,0,0,0,0,0,0,0,0,0,0,aro0921,cross_leg_right,1
15,1789975702.986875,0,0,0,0,0,0,0,0,0,0,0,0,0,0,0,0,0,0,0,0,0,0,0,0,0,0,0,0,0,0,0,0,aro0921,cross_leg_right,1
16,1789975702.987494,0,0,0,0,0,0,0,0,0,0,0,0,0,0,0,0,0,0,0,0,0,0,0,0,0,0,0,0,0,0,0,0,aro0921,cross_leg_right,1
17,1789975702.988118,0,0,0,0,0,0,0,0,0,0,0,0,0,0,0,0,0,0,0,0,0,0,0,0,0,0,0,0,0,0,0,0,aro0921,cross_leg_right,1
18,1789975702.988690,0,0,0,0,0,0,0,0,0,0,0,0,0,0,0,0,0,0,0,0,0,0,0,0,0,0,0,0,0,0,0,0,aro0921,cross_leg_right,1
19,1789975702.989241,0,0,0,0,0,0,0,0,0,0,0,0,0,0,0,0,0,0,0,0,0,0,0,0,0,0,0,0,0,0,0,0,aro0921,cross_leg_right,1
20,1789975702.989789,0,0,0,0,0,0,0,0,0,0,0,0,0,0,0,0,0,0,0,0,0,0,0,0,0,0,0,0,0,0,0,0,aro0921,cross_leg_right,1
21,1789975702.990337,0,0,0,0,0,0,0,0,0,0,0,0,0,0,0,0,0,0,0,0,0,0,0,0,0,0,0,0,0,0,0,0,aro0921,cross_leg_right,1
22,1789975702.990885,0,0,0,0,0,0,0,0,0,0,0,0,0,0,0,0,0,0,0,0,0,0,0,0,0,0,0,0,0,0,0,0,aro0921,cross_leg_right,1
23,1789975702.991434,0,0,0,0,0,0,0,0,0,0,0,0,0,0,0,0,0,0,0,0,0,0,0,0,0,0,0,0,0,0,0,0,aro0921,cross_leg_right,1
24,1789975702.991986,0,0,0,0,0,0,0,0,0,0,0,0,0,0,0,0,0,0,0,0,0,0,0,0,0,0,0,0,0,0,0,0,aro0921,cross_leg_right,1
25,1789975702.992705,0,0,0,0,0,0,0,0,0,0,0,0,0,0,0,0,0,0,0,0,0,0,0,0,0,0,0,0,0,0,0,0,aro0921,cross_leg_right,1
26,1789975702.993395,0,0,0,0,0,0,0,0,0,0,0,0,0,0,0,0,0,0,0,0,0,0,0,0,0,0,0,0,0,0,0,0,aro0921,cross_leg_right,1
27,1789975702.994077,0,0,0,0,0,0,0,0,0,0,0,0,0,0,0,0,0,0,0,0,0,0,0,0,0,0,0,0,0,0,0,0,aro0921,cross_leg_right,1
28,1789975702.994668,0,0,0,0,0,0,0,0,0,0,0,0,0,0,0,0,0,0,0,0,0,0,0,0,0,0,0,0,0,0,0,0,aro0921,cross_leg_right,1
29,1789975702.995231,0,0,0,0,0,0,0,0,0,0,0,0,0,0,0,0,0,0,0,0,0,0,0,0,0,0,0,0,0,0,0,0,aro0921,cross_leg_right,1
30,1789975702.995797,0,0,0,0,0,0,0,0,0,0,0,0,0,0,0,0,0,0,0,0,0,0,0,0,0,0,0,0,0,0,0,0,aro0921,cross_leg_right,1
31,1789975702.996359,0,0,0,0,0,0,0,0,0,0,0,0,0,0,0,0,0,0,0,0,0,0,0,0,0,0,0,0,0,0,0,0,aro0921,cross_leg_right,1
32,1789975702.996927,0,0,0,0,0,0,0,0,0,0,0,0,0,0,0,0,0,0,0,0,0,0,0,0,0,0,0,0,0,0,0,0,aro0921,cross_leg_right,1
33,1789975702.997483,0,0,0,0,0,0,0,0,0,0,0,0,0,0,0,0,0,0,0,0,0,0,0,0,0,0,0,0,0,0,0,0,aro0921,cross_leg_right,1
34,1789975702.998051,0,0,0,0,0,0,0,0,0,0,0,0,0,0,0,0,0,0,0,0,0,0,0,0,0,0,0,0,0,0,0,0,aro0921,cross_leg_right,1
35,1789975702.998616,0,0,0,0,0,0,0,0,0,0,0,0,0,0,0,0,0,0,0,0,0,0,0,0,0,0,0,0,0,0,0,0,aro0921,cross_leg_right,1
36,1789975702.999187,0,0,0,0,0,0,0,0,0,0,0,0,0,0,0,0,0,0,0,0,0,0,0,0,0,0,0,0,0,0,0,0,aro0921,cross_leg_right,1
37,1789975702.999741,0,0,0,0,0,0,0,0,0,0,0,0,0,0,0,0,0,0,0,0,0,0,0,0,0,0,0,0,0,0,0,0,aro0921,cross_leg_right,1
38,1789975703.000305,0,0,0,0,0,0,0,0,0,0,0,0,0,0,0,0,0,0,0,0,0,0,0,0,0,0,0,0,0,0,0,0,aro0921,cross_leg_right,1
39,1789975703.000871,0,0,0,0,0,0,0,0,0,0,0,0,0,0,0,0,0,0,0,0,0,0,0,0,0,0,0,0,0,0,0,0,aro0921,cross_leg_right,1
40,1789975703.001434,0,0,0,0,0,0,0,0,0,0,0,0,0,0,0,0,0,0,0,0,0,0,0,0,0,0,0,0,0,0,0,0,aro0921,cross_leg_right,1
41,1789975703.001999,0,0,0,0,0,0,0,0,0,0,0,0,0,0,0,0,0,0,0,0,0,0,0,0,0,0,0,0,0,0,0,0,aro0921,cross_leg_right,1
42,1789975703.002513,0,0,0,0,0,0,0,0,0,0,0,0,0,0,0,0,0,0,0,0,0,0,0,0,0,0,0,0,0,0,0,0,aro0921,cross_leg_right,1
43,1789975703.003000,0,0,0,0,0,0,0,0,0,0,0,0,0,0,0,0,0,0,0,0,0,0,0,0,0,0,0,0,0,0,0,0,aro0921,cross_leg_right,1
44,1789975703.003477,0,0,0,0,0,0,0,0,0,0,0,0,0,0,0,0,0,0,0,0,0,0,0,0,0,0,0,0,0,0,0,0,aro0921,cross_leg_right,1
45,1789975703.003957,0,0,0,0,0,0,0,0,0,0,0,0,0,0,0,0,0,0,0,0,0,0,0,0,0,0,0,0,0,0,0,0,aro0921,cross_leg_right,1
46,1789975703.004452,0,0,0,0,0,0,0,0,0,0,0,0,0,0,0,0,0,0,0,0,0,0,0,0,0,0,0,0,0,0,0,0,aro0921,cross_leg_right,1
47,1789975703.004962,0,0,0,0,0,0,0,0,0,0,0,0,0,0,0,0,0,0,0,0,0,0,0,0,0,0,0,0,0,0,0,0,aro0921,cross_leg_right,1
48,1789975703.005476,0,0,0,0,0,0,0,0,0,0,0,0,0,0,0,0,0,0,0,0,0,0,0,0,0,0,0,0,0,0,0,0,aro0921,cross_leg_right,1
49,1789975703.005958,0,0,0,0,0,0,0,0,0,0,0,0,0,0,0,0,0,0,0,0,0,0,0,0,0,0,0,0,0,0,0,0,aro0921,cross_leg_right,1
50,1789975703.006446,0,0,0,0,0,0,0,0,0,0,0,0,0,0,0,0,0,0,0,0,0,0,0,0,0,0,0,0,0,0,0,0,aro0921,cross_leg_right,1
51,1789975703.006929,0,0,0,0,0,0,0,0,0,0,0,0,0,0,0,0,0,0,0,0,0,0,0,0,0,0,0,0,0,0,0,0,aro0921,cross_leg_right,1
52,1789975703.007422,0,0,0,0,0,0,0,0,0,0,0,0,0,0,0,0,0,0,0,0,0,0,0,0,0,0,0,0,0,0,0,0,aro0921,cross_leg_right,1
53,1789975703.007915,0,0,0,0,0,0,0,0,0,0,0,0,0,0,0,0,0,0,0,0,0,0,0,0,0,0,0,0,0,0,0,0,aro0921,cross_leg_right,1
54,1789975703.008369,0,0,0,0,0,0,0,0,0,0,0,0,0,0,0,0,0,0,0,0,0,0,0,0,0,0,0,0,0,0,0,0,aro0921,cross_leg_right,1
55,1789975703.008803,0,0,0,0,0,0,0,0,0,0,0,0,0,0,0,0,0,0,0,0,0,0,0,0,0,0,0,0,0,0,0,0,aro0921,cross_leg_right,1
56,1789975703.009232,0,0,0,0,0,0,0,0,0,0,0,0,0,0,0,0,0,0,0,0,0,0,0,0,0,0,0,0,0,0,0,0,aro0921,cross_leg_right,1
57,1789975703.009672,0,0,0,0,0,0,0,0,0,0,0,0,0,0,0,0,0,0,0,0,0,0,0,0,0,0,0,0,0,0,0,0,aro0921,cross_leg_right,1
58,1789975703.010101,0,0,0,0,0,0,0,0,0,0,0,0,0,0,0,0,0,0,0,0,0,0,0,0,0,0,0,0,0,0,0,0,aro0921,cross_leg_right,1
59,1789975703.010534,0,0,0,0,0,0,0,0,0,0,0,0,0,0,0,0,0,0,0,0,0,0,0,0,0,0,0,0,0,0,0,0,aro0921,cross_leg_right,1
60,1789975703.010964,0,0,0,0,0,0,0,0,0,0,0,0,0,0,0,0,0,0,0,0,0,0,0,0,0,0,0,0,0,0,0,0,aro0921,cross_leg_right,1
61,1789975703.011393,0,0,0,0,0,0,0,0,0,0,0,0,0,0,0,0,0,0,0,0,0,0,0,0,0,0,0,0,0,0,0,0,aro0921,cross_leg_right,1
62,1789975703.011830,0,0,0,0,0,0,0,0,0,0,0,0,0,0,0,0,0,0,0,0,0,0,0,0,0,0,0,0,0,0,0,0,aro0921,cross_leg_right,1
63,1789975703.012262,0,0,0,0,0,0,0,0,0,0,0,0,0,0,0,0,0,0,0,0,0,0,0,0,0,0,0,0,0,0,0,0,aro0921,cross_leg_right,1
64,1789975703.012721,0,0,0,0,0,0,0,0,0,0,0,0,0,0,0,0,0,0,0,0,0,0,0,0,0,0,0,0,0,0,0,0,aro0921,cross_leg_right,1
65,1789975703.013148,0,0,0,0,0,0,0,0,0,0,0,0,0,0,0,0,0,0,0,0,0,0,0,0,0,0,0,0,0,0,0,0,aro0921,cross_leg_right,1
66,1789975703.013581,0,0,0,0,0,0,0,0,0,0,0,0,0,0,0,0,0,0,0,0,0,0,0,0,0,0,0,0,0,0,0,0,aro0921,cross_leg_right,1
67,1789975703.014003,0,0,0,0,0,0,0,0,0,0,0,0,0,0,0,0,0,0,0,0,0,0,0,0,0,0,0,0,0,0,0,0,aro0921,cross_leg_right,1
68,1789975703.014382,0,0,0,0,0,0,0,0,0,0,0,0,0,0,0,0,0,0,0,0,0,0,0,0,0,0,0,0,0,0,0,0,aro0921,cross_leg_right,1
69,1789975703.014763,0,0,0,0,0,0,0,0,0,0,0,0,0,0,0,0,0,0,0,0,0,0,0,0,0,0,0,0,0,0,0,0,aro0921,cross_leg_right,1
70,1789975703.015137,0,0,0,0,0,0,0,0,0,0,0,0,0,0,0,0,0,0,0,0,0,0,0,0,0,0,0,0,0,0,0,0,aro0921,cross_leg_right,1
71,1789975703.015516,0,0,0,0,0,0,0,0,0,0,0,0,0,0,0,0,0,0,0,0,0,0,0,0,0,0,0,0,0,0,0,0,aro0921,cross_leg_right,1
72,1789975703.015905,0,0,0,0,0,0,0,0,0,0,0,0,0,0,0,0,0,0,0,0,0,0,0,0,0,0,0,0,0,0,0,0,aro0921,cross_leg_right,1
73,1789975703.016315,0,0,0,0,0,0,0,0,0,0,0,0,0,0,0,0,0,0,0,0,0,0,0,0,0,0,0,0,0,0,0,0,aro0921,cross_leg_right,1
74,1789975703.016736,0,0,0,0,0,0,0,0,0,0,0,0,0,0,0,0,0,0,0,0,0,0,0,0,0,0,0,0,0,0,0,0,aro0921,cross_leg_right,1
75,1789975703.017133,0,0,0,0,0,0,0,0,0,0,0,0,0,0,0,0,0,0,0,0,0,0,0,0,0,0,0,0,0,0,0,0,aro0921,cross_leg_right,1
76,1789975703.017539,0,0,0,0,0,0,0,0,0,0,0,0,0,0,0,0,0,0,0,0,0,0,0,0,0,0,0,0,0,0,0,0,aro0921,cross_leg_right,1
77,1789975703.017917,0,0,0,0,0,0,0,0,0,0,0,0,0,0,0,0,0,0,0,0,0,0,0,0,0,0,0,0,0,0,0,0,aro0921,cross_leg_right,1
78,1789975703.018308,0,0,0,0,0,0,0,0,0,0,0,0,0,0,0,0,0,0,0,0,0,0,0,0,0,0,0,0,0,0,0,0,aro0921,cross_leg_right,1
79,1789975703.018685,0,0,0,0,0,0,0,0,0,0,0,0,0,0,0,0,0,0,0,0,0,0,0,0,0,0,0,0,0,0,0,0,aro0921,cross_leg_right,1
80,1789975703.019072,0,0,0,0,0,0,0,0,0,0,0,0,0,0,0,0,0,0,0,0,0,0,0,0,0,0,0,0,0,0,0,0,aro0921,cross_leg_right,1
81,1789975703.019449,0,0,0,0,0,0,0,0,0,0,0,0,0,0,0,0,0,0,0,0,0,0,0,0,0,0,0,0,0,0,0,0,aro0921,cross_leg_right,1
82,1789975703.019825,0,0,0,0,0,0,0,0,0,0,0,0,0,0,0,0,0,0,0,0,0,0,0,0,0,0,0,0,0,0,0,0,aro0921,cross_leg_right,1
83,1789975703.020196,0,0,0,0,0,0,0,0,0,0,0,0,0,0,0,0,0,0,0,0,0,0,0,0,0,0,0,0,0,0,0,0,aro0921,cross_leg_right,1
84,1789975703.020544,0,0,0,0,0,0,0,0,0,0,0,0,0,0,0,0,0,0,0,0,0,0,0,0,0,0,0,0,0,0,0,0,aro0921,cross_leg_right,1
85,1789975703.020905,0,0,0,0,0,0,0,0,0,0,0,0,0,0,0,0,0,0,0,0,0,0,0,0,0,0,0,0,0,0,0,0,aro0921,cross_leg_right,1
86,1789975703.021256,0,0,0,0,0,0,0,0,0,0,0,0,0,0,0,0,0,0,0,0,0,0,0,0,0,0,0,0,0,0,0,0,aro0921,cross_leg_right,1
87,1789975703.021614,0,0,0,0,0,0,0,0,0,0,0,0,0,0,0,0,0,0,0,0,0,0,0,0,0,0,0,0,0,0,0,0,aro0921,cross_leg_right,1
88,1789975703.021967,0,0,0,0,0,0,0,0,0,0,0,0,0,0,0,0,0,0,0,0,0,0,0,0,0,0,0,0,0,0,0,0,aro0921,cross_leg_right,1
89,1789975703.022322,0,0,0,0,0,0,0,0,0,0,0,0,0,0,0,0,0,0,0,0,0,0,0,0,0,0,0,0,0,0,0,0,aro0921,cross_leg_right,1
90,1789975703.022683,0,0,0,0,0,0,0,0,0,0,0,0,0,0,0,0,0,0,0,0,0,0,0,0,0,0,0,0,0,0,0,0,aro0921,cross_leg_right,1
91,1789975703.023033,0,0,0,0,0,0,0,0,0,0,0,0,0,0,0,0,0,0,0,0,0,0,0,0,0,0,0,0,0,0,0,0,aro0921,cross_leg_right,1
92,1789975703.023394,0,0,0,0,0,0,0,0,0,0,0,0,0,0,0,0,0,0,0,0,0,0,0,0,0,0,0,0,0,0,0,0,aro0921,cross_leg_right,1
93,1789975703.023742,0,0,0,0,0,0,0,0,0,0,0,0,0,0,0,0,0,0,0,0,0,0,0,0,0,0,0,0,0,0,0,0,aro0921,cross_leg_right,1
94,1789975703.024089,0,0,0,0,0,0,0,0,0,0,0,0,0,0,0,0,0,0,0,0,0,0,0,0,0,0,0,0,0,0,0,0,aro0921,cross_leg_right,1
95,1789975703.024455,0,0,0,0,0,0,0,0,0,0,0,0,0,0,0,0,0,0,0,0,0,0,0,0,0,0,0,0,0,0,0,0,aro0921,cross_leg_right,1
96,1789975703.024813,0,0,0,0,0,0,0,0,0,0,0,0,0,0,0,0,0,0,0,0,0,0,0,0,0,0,0,0,0,0,0,0,aro0921,cross_leg_right,1
97,1789975703.025185,0,0,0,0,0,0,0,0,0,0,0,0,0,0,0,0,0,0,0,0,0,0,0,0,0,0,0,0,0,0,0,0,aro0921,cross_leg_right,1
98,1789975703.025535,0,0,0,0,0,0,0,0,0,0,0,0,0,0,0,0,0,0,0,0,0,0,0,0,0,0,0,0,0,0,0,0,aro0921,cross_leg_right,1
99,1789975703.025893,0,0,0,0,0,0,0,0,0,0,0,0,0,0,0,0,0,0,0,0,0,0,0,0,0,0,0,0,0,0,0,0,aro0921,cross_leg_right,1
100,1789975703.026221,0,0,0,0,0,0,0,0,0,0,0,0,0,0,0,0,0,0,0,0,0,0,0,0,0,0,0,0,0,0,0,0,aro0921,cross_leg_right,1
101,1789975703.026549,0,0,0,0,0,0,0,0,0,0,0,0,0,0,0,0,0,0,0,0,0,0,0,0,0,0,0,0,0,0,0,0,aro0921,cross_leg_right,1
102,1789975703.026887,0,0,0,0,0,0,0,0,0,0,0,0,0,0,0,0,0,0,0,0,0,0,0,0,0,0,0,0,0,0,0,0,aro0921,cross_leg_right,1
103,1789975703.027214,0,0,0,0,0,0,0,0,0,0,0,0,0,0,0,0,0,0,0,0,0,0,0,0,0,0,0,0,0,0,0,0,aro0921,cross_leg_right,1
104,1789975703.027547,0,0,0,0,0,0,0,0,0,0,0,0,0,0,0,0,0,0,0,0,0,0,0,0,0,0,0,0,0,0,0,0,aro0921,cross_leg_right,1
105,1789975703.027875,0,0,0,0,0,0,0,0,0,0,0,0,0,0,0,0,0,0,0,0,0,0,0,0,0,0,0,0,0,0,0,0,aro0921,cross_leg_right,1
106,1789975703.028201,0,0,0,0,0,0,0,0,0,0,0,0,0,0,0,0,0,0,0,0,0,0,0,0,0,0,0,0,0,0,0,0,aro0921,cross_leg_right,1
107,1789975703.028536,0,0,0,0,0,0,0,0,0,0,0,0,0,0,0,0,0,0,0,0,0,0,0,0,0,0,0,0,0,0,0,0,aro0921,cross_leg_right,1
108,1789975703.028857,0,0,0,0,0,0,0,0,0,0,0,0,0,0,0,0,0,0,0,0,0,0,0,0,0,0,0,0,0,0,0,0,aro0921,cross_leg_right,1
109,1789975703.029188,0,0,0,0,0,0,0,0,0,0,0,0,0,0,0,0,0,0,0,0,0,0,0,0,0,0,0,0,0,0,0,0,aro0921,cross_leg_right,1
110,1789975703.029521,0,0,0,0,0,0,0,0,0,0,0,0,0,0,0,0,0,0,0,0,0,0,0,0,0,0,0,0,0,0,0,0,aro0921,cross_leg_right,1
111,1789975703.029866,0,0,0,0,0,0,0,0,0,0,0,0,0,0,0,0,0,0,0,0,0,0,0,0,0,0,0,0,0,0,0,0,aro0921,cross_leg_right,1
112,1789975703.030200,0,0,0,0,0,0,0,0,0,0,0,0,0,0,0,0,0,0,0,0,0,0,0,0,0,0,0,0,0,0,0,0,aro0921,cross_leg_right,1
113,1789975703.030525,0,0,0,0,0,0,0,0,0,0,0,0,0,0,0,0,0,0,0,0,0,0,0,0,0,0,0,0,0,0,0,0,aro0921,cross_leg_right,1
114,1789975703.030860,0,0,0,0,0,0,0,0,0,0,0,0,0,0,0,0,0,0,0,0,0,0,0,0,0,0,0,0,0,0,0,0,aro0921,cross_leg_right,1
115,1789975703.031185,0,0,0,0,0,0,0,0,0,0,0,0,0,0,0,0,0,0,0,0,0,0,0,0,0,0,0,0,0,0,0,0,aro0921,cross_leg_right,1
116,1789975703.031510,0,0,0,0,0,0,0,0,0,0,0,0,0,0,0,0,0,0,0,0,0,0,0,0,0,0,0,0,0,0,0,0,aro0921,cross_leg_right,1
117,1789975703.031841,0,0,0,0,0,0,0,0,0,0,0,0,0,0,0,0,0,0,0,0,0,0,0,0,0,0,0,0,0,0,0,0,aro0921,cross_leg_right,1
118,1789975703.032148,0,0,0,0,0,0,0,0,0,0,0,0,0,0,0,0,0,0,0,0,0,0,0,0,0,0,0,0,0,0,0,0,aro0921,cross_leg_right,1
119,1789975703.032472,0,0,0,0,0,0,0,0,0,0,0,0,0,0,0,0,0,0,0,0,0,0,0,0,0,0,0,0,0,0,0,0,aro0921,cross_leg_right,1
120,1789975703.032781,0,0,0,0,0,0,0,0,0,0,0,0,0,0,0,0,0,0,0,0,0,0,0,0,0,0,0,0,0,0,0,0,aro0921,cross_leg_right,1
121,1789975703.033093,0,0,0,0,0,0,0,0,0,0,0,0,0,0,0,0,0,0,0,0,0,0,0,0,0,0,0,0,0,0,0,0,aro0921,cross_leg_right,1
122,1789975703.033404,0,0,0,0,0,0,0,0,0,0,0,0,0,0,0,0,0,0,0,0,0,0,0,0,0,0,0,0,0,0,0,0,aro0921,cross_leg_right,1
123,1789975703.033707,0,0,0,0,0,0,0,0,0,0,0,0,0,0,0,0,0,0,0,0,0,0,0,0,0,0,0,0,0,0,0,0,aro0921,cross_leg_right,1
124,1789975703.034022,0,0,0,0,0,0,0,0,0,0,0,0,0,0,0,0,0,0,0,0,0,0,0,0,0,0,0,0,0,0,0,0,aro0921,cross_leg_right,1
125,1789975703.034329,0,0,0,0,0,0,0,0,0,0,0,0,0,0,0,0,0,0,0,0,0,0,0,0,0,0,0,0,0,0,0,0,aro0921,cross_leg_right,1
126,1789975703.034645,0,0,0,0,0,0,0,0,0,0,0,0,0,0,0,0,0,0,0,0,0,0,0,0,0,0,0,0,0,0,0,0,aro0921,cross_leg_right,1
127,1789975703.034953,0,0,0,0,0,0,0,0,0,0,0,0,0,0,0,0,0,0,0,0,0,0,0,0,0,0,0,0,0,0,0,0,aro0921,cross_leg_right,1
128,1789975703.035258,0,0,0,0,0,0,0,0,0,0,0,0,0,0,0,0,0,0,0,0,0,0,0,0,0,143,0,0,0,0,0,0,aro0921,cross_leg_right,1
129,1789975703.035574,0,0,0,0,0,0,0,0,0,0,0,0,0,0,0,0,0,0,0,0,0,0,0,0,0,215,0,0,0,0,0,0,aro0921,cross_leg_right,1
130,1789975703.035881,0,0,0,0,0,0,0,0,0,0,0,0,0,0,0,0,0,0,0,0,0,0,0,0,0,157,0,0,0,0,0,0,aro0921,cross_leg_right,1
131,1789975703.036197,0,0,0,0,0,0,0,0,0,0,0,0,0,0,0,0,0,0,0,0,0,0,0,0,0,112,0,0,0,0,0,0,aro0921,cross_leg_right,1
132,1789975703.036501,0,0,0,0,0,0,0,0,0,0,0,0,0,0,0,0,0,0,0,0,0,0,0,0,0,0,0,0,0,0,0,0,aro0921,cross_leg_right,1
133,1789975703.036805,0,0,0,0,0,0,0,0,0,0,0,0,0,0,0,0,0,0,0,0,0,0,0,0,0,0,0,0,0,0,0,0,aro0921,cross_leg_right,1
134,1789975703.037121,0,0,0,0,0,0,0,0,0,0,0,0,0,0,0,0,0,0,0,0,0,0,0,0,0,0,0,0,0,0,0,0,aro0921,cross_leg_right,1
135,1789975703.037428,0,0,0,0,0,0,0,0,0,0,0,0,0,0,0,0,0,0,0,0,0,0,0,0,0,0,0,0,0,0,0,0,aro0921,cross_leg_right,1
136,1789975703.037743,0,0,0,0,0,0,0,0,0,0,0,0,0,0,0,0,0,0,0,0,0,0,0,0,0,0,0,0,0,0,0,0,aro0921,cross_leg_right,1
137,1789975703.038035,0,0,0,0,0,0,0,0,0,0,0,0,0,0,0,0,0,0,0,0,0,0,0,0,0,0,0,0,0,0,0,0,aro0921,cross_leg_right,1
138,1789975703.038326,0,0,0,0,0,0,0,0,0,0,0,0,0,0,0,0,0,0,0,0,0,0,0,0,0,0,0,0,0,0,0,0,aro0921,cross_leg_right,1
139,1789975703.038628,0,0,0,0,0,0,0,0,0,0,0,0,0,0,0,0,0,0,0,0,0,0,0,0,0,0,0,0,0,0,0,0,aro0921,cross_leg_right,1
140,1789975703.038919,0,0,0,0,0,0,0,0,0,0,0,0,0,0,0,0,0,0,0,0,0,0,0,0,0,0,0,0,0,0,0,0,aro0921,cross_leg_right,1
141,1789975703.039219,0,0,0,0,0,0,0,0,0,0,0,0,0,0,0,0,0,0,0,0,0,0,0,0,0,0,0,0,0,0,0,0,aro0921,cross_leg_right,1
142,1789975703.039510,0,0,0,0,0,0,0,0,0,0,0,0,0,0,0,0,0,0,0,0,0,0,0,0,0,0,0,0,0,0,0,0,aro0921,cross_leg_right,1
143,1789975703.039802,0,0,0,0,0,0,0,0,0,0,0,0,0,0,0,0,0,0,0,0,0,0,0,0,0,0,0,0,0,0,0,0,aro0921,cross_leg_right,1
144,1789975703.040104,0,0,0,0,0,0,0,0,0,0,0,0,0,0,0,0,0,0,0,0,0,0,0,0,0,0,0,0,0,0,0,0,aro0921,cross_leg_right,1
145,1789975703.040402,0,0,0,0,0,0,0,0,0,0,0,0,0,0,0,0,0,0,0,0,0,0,0,0,0,0,0,0,0,0,0,0,aro0921,cross_leg_right,1
146,1789975703.040703,0,0,0,0,0,0,0,0,0,0,0,0,0,0,0,0,0,0,0,0,0,0,0,0,0,0,0,0,0,0,0,0,aro0921,cross_leg_right,1
147,1789975703.040996,0,0,0,0,0,0,0,0,0,0,0,0,0,0,0,0,0,0,0,0,0,0,0,0,0,0,0,0,0,0,0,0,aro0921,cross_leg_right,1
148,1789975703.041287,0,0,0,0,0,0,0,0,0,0,0,0,0,0,0,0,0,0,0,0,0,0,0,0,0,0,0,0,0,0,0,0,aro0921,cross_leg_right,1
149,1789975703.041587,0,0,0,0,0,0,0,0,0,0,0,0,0,0,0,0,0,0,0,0,0,0,0,0,0,0,0,0,0,0,0,0,aro0921,cross_leg_right,1
150,1789975703.041874,0,0,0,0,0,0,0,0,0,0,0,0,0,0,0,0,0,0,0,0,0,0,0,0,0,0,0,0,0,0,0,0,aro0921,cross_leg_right,1
151,1789975703.042187,0,0,0,0,0,0,0,0,0,0,0,0,0,0,0,0,0,0,0,0,0,0,0,0,0,0,0,0,0,0,0,0,aro0921,cross_leg_right,1
152,1789975703.042482,0,0,0,0,0,0,0,0,0,0,0,0,0,0,0,0,0,0,0,0,0,0,0,0,0,47,0,0,0,0,0,0,aro0921,cross_leg_right,1
153,1789975703.042771,0,0,0,0,0,0,0,0,0,0,0,0,0,0,0,0,0,0,0,0,0,0,0,0,0,59,0,0,0,0,0,0,aro0921,cross_leg_right,1
154,1789975703.043072,0,0,0,0,0,0,0,0,0,0,0,0,0,0,0,0,0,0,0,0,0,0,0,0,0,71,29,21,0,0,0,0,aro0921,cross_leg_right,1
155,1789975703.043362,0,0,0,0,0,0,0,0,0,0,0,0,0,0,0,0,0,0,0,0,0,0,0,0,0,95,111,185,0,111,115,0,aro0921,cross_leg_right,1
156,1789975703.043660,0,0,0,0,0,0,0,0,0,0,0,0,0,0,0,0,0,0,0,0,0,0,0,0,0,73,227,295,0,301,330,0,aro0921,cross_leg_right,1
157,1789975703.043942,0,0,0,0,0,0,0,0,0,0,0,0,0,0,0,0,0,0,0,0,0,0,0,0,22,115,349,486,0,459,472,0,aro0921,cross_leg_right,1
158,1789975703.044221,0,0,0,0,0,0,0,0,0,0,0,0,0,0,0,0,0,0,0,0,0,0,0,0,25,94,490,572,0,629,590,76,aro0921,cross_leg_right,1
159,1789975703.044507,0,0,0,0,0,0,0,0,0,0,0,0,0,0,0,0,0,0,0,0,0,0,0,0,0,107,595,568,28,759,711,107,aro0921,cross_leg_right,1
160,1789975703.044793,0,0,0,0,0,0,0,0,0,0,0,0,0,0,0,0,0,0,0,0,0,0,0,0,0,152,665,605,58,858,815,150,aro0921,cross_leg_right,1
161,1789975703.045090,0,0,0,0,0,0,0,0,0,0,0,0,0,0,0,0,0,0,0,0,0,0,0,0,0,168,667,669,245,888,907,219,aro0921,cross_leg_right,1
162,1789975703.045380,0,0,0,0,0,0,0,0,0,0,0,0,0,0,0,0,0,0,0,0,0,0,0,0,23,205,733,729,399,927,935,339,aro0921,cross_leg_right,1
163,1789975703.045661,0,0,0,0,0,0,0,0,0,0,0,0,0,0,0,0,0,0,20,73,0,0,0,0,27,329,873,815,507,916,941,430,aro0921,cross_leg_right,1
164,1789975703.045953,0,0,0,0,0,0,0,0,0,0,0,0,0,0,0,0,0,0,105,205,171,159,95,0,0,373,959,914,613,979,987,519,aro0921,cross_leg_right,1
165,1789975703.046235,0,0,0,0,0,0,0,0,0,0,0,0,0,0,0,0,0,0,187,291,295,275,159,0,27,393,989,1001,645,972,1043,658,aro0921,cross_leg_right,1
166,1789975703.046526,0,0,0,0,0,0,0,0,0,0,0,0,0,0,0,0,0,0,237,437,419,381,186,0,0,555,1032,1062,695,1005,1055,739,aro0921,cross_leg_right,1
167,1789975703.046806,0,0,0,0,0,0,0,0,0,0,0,0,0,0,146,77,0,0,302,505,523,485,150,109,0,553,1098,1063,750,1023,1063,739,aro0921,cross_leg_right,1
168,1789975703.047086,0,0,0,0,0,0,0,0,0,0,0,0,0,83,165,167,30,0,362,567,525,518,175,187,36,618,1102,1065,765,1077,1096,860,aro0921,cross_leg_right,1
169,1789975703.047373,0,0,0,0,0,0,0,0,0,0,0,0,0,216,221,211,125,0,413,603,549,572,213,301,0,661,1117,1115,727,1060,1096,917,aro0921,cross_leg_right,1
170,1789975703.047654,0,0,0,0,0,0,167,90,0,0,0,0,0,227,223,255,207,0,421,617,591,589,247,349,39,603,1117,1099,773,1049,1124,901,aro0921,cross_leg_right,1
171,1789975703.047945,0,0,0,0,0,67,331,261,0,0,0,0,93,265,260,279,273,82,446,631,589,575,269,389,37,583,1067,1079,733,1063,1093,913,aro0921,cross_leg_right,1
172,1789975703.048224,0,0,0,0,0,261,423,341,230,0,0,0,147,281,279,301,285,99,458,633,611,585,277,401,36,503,1015,1039,717,1047,1092,903,aro0921,cross_leg_right,1
173,1789975703.048506,0,0,0,0,0,396,445,377,313,0,0,0,237,313,307,312,287,121,479,613,605,615,261,419,0,363,927,986,701,1035,1111,866,aro0921,cross_leg_right,1
174,1789975703.048792,0,0,0,0,0,469,493,403,381,0,0,0,243,301,330,309,301,119,487,631,587,597,301,423,0,275,885,939,663,1044,1079,872,aro0921,cross_leg_right,1
175,1789975703.049072,0,0,0,30,101,521,547,427,424,0,0,0,301,340,340,312,293,117,471,669,600,583,307,391,0,169,843,924,629,1021,1062,885,aro0921,cross_leg_right,1
176,1789975703.049362,0,0,0,230,231,569,535,479,447,0,0,0,327,319,325,304,297,141,505,653,632,505,301,405,0,77,739,857,595,1022,1013,857,aro0921,cross_leg_right,1
177,1789975703.049639,0,0,101,335,311,589,570,505,463,107,0,0,383,333,339,361,325,201,519,659,611,612,287,410,25,45,699,883,557,995,1015,780,aro0921,cross_leg_right,1
178,1789975703.049909,0,0,299,383,375,605,588,549,485,133,0,0,390,359,395,340,326,221,505,693,633,588,292,403,0,31,713,876,586,986,1081,761,aro0921,cross_leg_right,1
179,1789975703.050189,0,0,431,416,426,630,619,559,510,155,0,69,425,380,405,361,325,207,547,675,605,583,297,405,0,0,669,867,549,994,1039,781,aro0921,cross_leg_right,1
180,1789975703.050464,0,0,509,435,455,658,631,563,535,227,0,56,426,361,429,355,359,248,551,688,611,597,313,405,0,0,669,871,553,977,1003,766,aro0921,cross_leg_right,1
181,1789975703.050745,0,165,571,460,503,695,660,591,523,287,0,110,443,409,455,364,363,269,550,727,634,605,269,393,0,0,617,883,557,1003,1000,723,aro0921,cross_leg_right,1
182,1789975703.051016,0,453,613,485,571,695,653,616,553,319,0,115,447,408,469,383,371,281,595,709,622,597,309,407,0,0,637,827,547,997,1034,715,aro0921,cross_leg_right,1
183,1789975703.051287,0,508,619,529,596,727,676,633,554,343,0,116,484,403,468,393,407,341,585,741,631,595,276,381,0,0,583,806,547,985,1013,740,aro0921,cross_leg_right,1
184,1789975703.051570,0,565,635,551,617,733,685,631,581,345,0,199,483,432,477,411,405,348,594,721,633,611,291,392,0,0,505,806,536,977,1014,737,aro0921,cross_leg_right,1
185,1789975703.051843,0,606,639,595,635,762,723,651,589,363,0,227,499,429,485,422,408,346,571,735,624,574,311,395,27,0,373,731,539,989,981,729,aro0921,cross_leg_right,1
186,1789975703.052129,0,635,675,585,678,773,748,668,611,343,0,220,487,467,533,403,414,375,572,711,631,611,269,395,0,0,356,644,439,977,1017,747,aro0921,cross_leg_right,1
187,1789975703.052407,101,658,664,635,709,773,763,688,639,369,0,237,488,473,510,437,424,384,567,701,619,589,301,403,0,0,241,620,421,943,1005,733,aro0921,cross_leg_right,1
188,1789975703.052678,197,663,693,679,743,791,797,675,647,357,0,239,519,484,533,442,431,414,555,685,634,617,315,395,0,0,153,569,359,927,949,734,aro0921,cross_leg_right,1
189,1789975703.052959,280,711,709,724,767,804,839,697,683,364,0,238,531,491,571,407,429,399,522,677,613,591,279,383,0,0,91,488,301,923,959,697,aro0921,cross_leg_right,1
190,1789975703.053230,359,728,725,764,791,796,851,713,685,337,0,252,520,459,567,439,463,407,523,654,607,585,307,359,0,0,41,419,265,863,939,717,aro0921,cross_leg_right,1
191,1789975703.053509,427,743,759,813,804,797,877,711,668,350,0,263,527,486,584,443,427,418,503,645,636,621,266,337,0,0,45,391,233,887,925,613,aro0921,cross_leg_right,1
192,1789975703.053782,471,743,777,842,818,823,861,711,693,349,0,253,505,501,582,441,467,425,505,675,615,583,264,303,0,0,35,403,205,828,916,638,aro0921,cross_leg_right,1
193,1789975703.054052,494,755,797,860,831,839,888,732,683,334,0,227,527,489,572,459,479,415,447,683,595,617,251,331,0,0,21,357,187,856,884,663,aro0921,cross_leg_right,1
194,1789975703.054331,532,747,809,893,852,825,890,717,685,333,0,295,535,517,575,439,471,415,473,655,617,600,254,313,0,0,0,333,165,815,891,665,aro0921,cross_leg_right,1
195,1789975703.054606,547,735,829,911,823,821,905,695,667,312,0,329,539,487,610,441,454,438,461,645,628,605,230,299,0,0,21,293,168,825,887,620,aro0921,cross_leg_right,1
196,1789975703.054886,554,746,821,904,857,829,895,717,671,297,0,375,511,531,569,465,469,419,465,659,617,589,243,301,0,0,0,287,135,790,863,662,aro0921,cross_leg_right,1
197,1789975703.055160,559,749,825,917,858,836,905,717,666,275,0,431,523,505,597,447,462,415,461,661,627,597,243,297,0,0,0,274,115,757,877,664,aro0921,cross_leg_right,1
198,1789975703.055431,557,757,846,937,853,821,917,722,638,269,0,469,547,503,589,477,485,435,445,668,618,611,227,313,0,0,0,267,121,789,852,636,aro0921,cross_leg_right,1
199,1789975703.055711,573,739,843,935,884,827,920,725,637,237,0,483,527,517,589,458,461,403,455,655,621,601,207,309,0,0,0,251,109,757,890,685,aro0921,cross_leg_right,1
200,1789975703.055981,585,739,849,938,875,847,905,713,635,239,0,520,538,533,613,467,459,431,440,671,605,605,217,270,0,0,0,273,149,812,866,653,aro0921,cross_leg_right,1
201,1789975703.056263,565,729,821,955,894,854,919,725,619,215,0,523,548,547,603,488,467,423,435,661,632,615,185,282,0,0,0,267,103,761,850,661,aro0921,cross_leg_right,1
202,1789975703.056536,571,743,853,949,887,829,907,717,621,164,0,505,543,543,615,486,462,397,440,667,616,603,203,266,0,0,0,251,93,795,886,710,aro0921,cross_leg_right,1
203,1789975703.056809,568,755,839,949,893,826,905,715,615,123,0,534,571,531,635,465,499,395,459,637,629,596,215,296,0,0,0,231,101,799,873,683,aro0921,cross_leg_right,1
204,1789975703.057088,587,759,863,936,895,841,920,708,611,105,0,537,573,517,628,468,485,389,461,639,623,563,207,260,0,0,0,168,139,795,895,667,aro0921,cross_leg_right,1
205,1789975703.057358,572,741,856,949,885,827,920,715,611,94,0,559,537,543,638,499,487,410,459,659,589,595,205,245,0,0,0,189,142,805,870,665,aro0921,cross_leg_right,1
206,1789975703.057643,575,745,858,951,902,831,911,695,611,83,44,543,563,537,617,483,487,389,437,637,605,581,203,265,0,0,0,163,121,812,879,690,aro0921,cross_leg_right,1
207,1789975703.057912,589,738,860,951,889,847,909,693,617,85,41,549,565,536,619,478,483,397,431,658,589,581,187,245,0,0,0,106,124,824,860,699,aro0921,cross_leg_right,1
208,1789975703.058182,573,743,851,967,887,831,909,693,605,73,67,567,567,525,630,475,473,389,412,653,611,569,184,249,0,0,0,108,92,819,870,697,aro0921,cross_leg_right,1
209,1789975703.058462,569,759,859,972,913,829,891,691,605,89,93,543,585,551,630,467,470,351,436,631,582,582,217,234,0,0,0,99,57,871,910,714,aro0921,cross_leg_right,1
210,1789975703.058744,595,743,859,959,901,825,913,671,582,94,123,535,559,555,599,505,484,381,425,617,598,589,173,234,0,0,0,86,71,873,926,697,aro0921,cross_leg_right,1
211,1789975703.059022,589,779,887,954,889,837,886,665,584,93,148,536,587,557,599,494,463,391,415,620,607,596,185,253,0,0,0,33,22,891,875,679,aro0921,cross_leg_right,1
212,1789975703.059291,590,756,871,951,909,821,915,658,589,61,153,550,559,557,634,477,473,361,432,614,597,553,178,235,0,0,0,51,83,887,887,747,aro0921,cross_leg_right,1
213,1789975703.059568,573,779,888,959,904,819,907,669,570,55,156,587,568,544,637,479,481,361,407,627,619,551,141,213,0,0,0,0,185,887,887,683,aro0921,cross_leg_right,1
214,1789975703.059847,573,765,895,969,899,823,902,665,554,57,164,596,595,552,651,484,479,313,411,632,616,575,139,170,0,0,0,0,166,877,931,697,aro0921,cross_leg_right,1
215,1789975703.060115,601,755,879,977,905,819,903,664,573,39,179,589,589,615,621,530,471,315,403,605,581,555,148,159,0,0,0,0,186,927,939,725,aro0921,cross_leg_right,1
216,1789975703.060389,598,775,887,987,906,826,859,648,570,49,207,571,607,595,637,505,499,335,423,604,585,563,166,163,0,0,0,0,229,910,917,701,aro0921,cross_leg_right,1
217,1789975703.060661,606,775,889,984,917,825,872,637,567,55,197,593,613,601,633,508,503,341,409,595,573,568,159,147,0,0,0,0,235,933,916,684,aro0921,cross_leg_right,1
218,1789975703.060929,627,765,871,958,932,837,863,615,558,21,223,591,589,575,636,531,523,357,423,599,557,548,173,119,0,0,21,0,187,922,880,711,aro0921,cross_leg_right,1
219,1789975703.061208,613,787,875,984,919,827,867,621,535,0,249,572,632,617,631,535,475,339,422,584,599,567,151,110,0,0,0,0,275,891,893,711,aro0921,cross_leg_right,1
220,1789975703.061477,589,772,872,959,889,829,853,623,553,0,245,615,637,587,633,491,493,309,415,605,565,564,121,71,0,0,26,0,216,903,937,715,aro0921,cross_leg_right,1
221,1789975703.061728,579,775,839,943,884,815,876,619,544,0,219,612,629,579,636,477,493,301,427,597,589,531,155,105,0,0,0,0,244,915,923,703,aro0921,cross_leg_right,1
222,1789975703.061981,556,759,825,905,873,824,893,647,542,0,227,605,605,595,637,507,445,269,419,649,588,527,140,99,0,0,37,0,328,919,931,686,aro0921,cross_leg_right,1
223,1789975703.062230,557,733,805,885,875,842,875,631,531,0,231,575,646,596,637,506,395,295,415,606,569,555,125,54,0,0,45,0,345,954,957,677,aro0921,cross_leg_right,1
224,1789975703.062491,555,728,815,857,849,843,903,630,521,0,260,594,617,598,615,501,467,302,427,646,582,561,104,56,0,0,27,0,373,997,935,683,aro0921,cross_leg_right,1
225,1789975703.062740,537,745,810,845,866,817,888,637,543,0,278,580,635,609,614,499,467,286,435,615,583,537,141,85,0,0,0,0,460,1003,957,665,aro0921,cross_leg_right,1
226,1789975703.062985,488,714,803,870,857,825,902,663,544,0,245,623,629,605,617,473,491,264,422,611,587,543,127,88,0,0,0,29,487,988,975,695,aro0921,cross_leg_right,1
227,1789975703.063240,471,699,781,855,851,831,893,681,553,0,275,580,618,573,661,473,471,273,441,617,615,558,136,81,0,0,51,29,572,987,991,699,aro0921,cross_leg_right,1
228,1789975703.063488,479,696,751,820,871,823,925,669,557,0,197,612,615,595,617,489,502,269,440,623,604,553,111,77,0,0,30,0,617,1015,1016,741,aro0921,cross_leg_right,1
229,1789975703.063746,466,679,756,827,859,838,908,679,565,0,211,603,623,601,633,493,485,254,421,615,601,565,127,60,0,0,26,0,639,1029,1007,761,aro0921,cross_leg_right,1
230,1789975703.063997,473,665,761,824,856,844,914,663,550,0,216,612,627,627,617,519,483,265,427,599,605,551,141,57,0,0,23,25,650,1055,1013,776,aro0921,cross_leg_right,1
231,1789975703.064245,443,691,746,863,873,815,902,683,571,0,207,633,679,603,665,493,493,251,401,603,585,554,135,94,0,0,57,0,681,1010,991,825,aro0921,cross_leg_right,1
232,1789975703.064503,473,695,780,851,860,820,887,647,553,0,207,632,701,657,661,505,491,263,382,561,559,583,153,79,0,0,0,0,676,1063,1005,800,aro0921,cross_leg_right,1
233,1789975703.064758,460,697,779,875,873,805,813,637,537,0,252,604,727,653,683,525,531,249,346,563,543,572,137,83,21,0,0,0,651,1039,979,805,aro0921,cross_leg_right,1
234,1789975703.065019,487,703,795,883,886,795,762,619,493,0,215,655,721,676,676,533,530,221,333,533,553,567,105,57,0,0,0,0,632,1033,1043,808,aro0921,cross_leg_right,1
235,1789975703.065281,471,712,811,932,877,807,697,598,457,0,265,631,712,662,647,575,543,216,339,488,547,549,91,43,0,0,43,0,661,1032,1006,735,aro0921,cross_leg_right,1
236,1789975703.065533,473,725,845,967,893,774,686,564,440,0,290,637,760,696,676,571,519,223,331,469,497,505,95,0,0,0,20,45,669,1045,1017,701,aro0921,cross_leg_right,1
237,1789975703.065792,495,757,837,965,894,763,667,503,379,0,277,693,758,703,685,586,516,205,287,455,483,440,53,0,0,20,44,28,661,1031,995,649,aro0921,cross_leg_right,1
238,1789975703.066038,522,757,843,950,909,711,620,457,261,0,343,717,773,703,709,567,539,157,275,455,427,405,0,0,0,0,0,0,681,1039,1032,603,aro0921,cross_leg_right,1
239,1789975703.066293,527,755,869,969,888,703,599,429,149,0,408,701,787,725,691,601,547,125,233,423,393,380,0,0,0,0,43,0,683,1039,1003,602,aro0921,cross_leg_right,1
240,1789975703.066542,539,725,877,949,884,671,555,359,71,0,443,713,773,734,701,615,543,103,210,423,393,378,0,0,0,0,44,0,683,1011,1005,565,aro0921,cross_leg_right,1
241,1789975703.066793,533,762,889,953,863,671,553,314,0,0,467,741,793,845,735,605,519,27,228,403,347,339,0,0,0,0,0,0,687,1058,973,552,aro0921,cross_leg_right,1
242,1789975703.067051,570,761,920,959,857,631,507,253,0,0,567,763,803,805,745,632,544,0,221,371,341,275,0,0,0,0,56,0,757,1032,981,505,aro0921,cross_leg_right,1
243,1789975703.067298,580,786,891,982,869,595,453,223,0,0,544,783,883,877,747,691,566,0,197,398,281,211,0,0,0,0,0,0,757,1063,1005,486,aro0921,cross_leg_right,1
244,1789975703.067551,627,777,915,955,847,572,395,151,0,0,633,765,861,903,790,710,534,0,191,333,263,154,0,0,0,0,30,0,733,1070,949,423,aro0921,cross_leg_right,1
245,1789975703.067795,627,797,907,941,813,570,298,87,0,0,621,821,875,911,805,717,557,0,165,325,215,91,0,0,0,20,39,0,825,1064,968,367,aro0921,cross_leg_right,1
246,1789975703.068031,637,781,923,937,786,540,241,53,0,0,683,831,889,905,855,701,565,0,139,265,223,0,0,0,0,0,59,0,861,1039,951,339,aro0921,cross_leg_right,1
247,1789975703.068268,635,791,911,891,761,491,137,0,0,0,683,847,907,923,813,755,559,0,75,269,173,0,0,0,0,0,35,0,959,1066,979,201,aro0921,cross_leg_right,1
248,1789975703.068505,619,792,903,871,745,445,95,0,0,0,721,871,936,920,872,744,559,0,57,231,127,0,0,0,0,27,51,0,1044,1100,980,116,aro0921,cross_leg_right,1
249,1789975703.068742,631,791,845,815,715,371,31,0,0,0,722,856,957,943,853,760,572,0,28,171,52,0,0,0,0,0,41,0,1087,1096,901,69,aro0921,cross_leg_right,1
250,1789975703.085493,637,791,829,775,674,296,0,0,0,0,731,869,971,949,876,751,581,0,0,100,0,0,0,0,0,0,115,0,1156,1077,709,0,aro0921,cross_leg_right,1
251,1789975703.105467,620,787,808,755,633,235,0,0,0,0,767,887,1001,933,873,747,602,0,0,0,0,0,0,0,0,0,310,0,1159,1075,543,34,aro0921,cross_leg_right,1
252,1789975703.125477,628,767,777,711,605,147,0,0,0,0,779,895,990,967,873,757,588,0,0,0,0,0,0,0,0,0,421,0,1197,1055,467,0,aro0921,cross_leg_right,1
253,1789975703.145530,659,759,745,683,591,147,0,0,0,0,731,925,970,958,904,747,579,0,0,0,0,0,0,0,0,36,471,232,1199,1039,329,0,aro0921,cross_leg_right,1
254,1789975703.165512,638,761,748,663,573,132,0,0,0,0,776,892,1004,977,867,781,584,0,0,0,0,0,0,0,0,0,495,367,1143,1007,244,0,aro0921,cross_leg_right,1
255,1789975703.185538,661,759,733,614,556,135,0,0,0,0,799,895,983,943,855,785,600,0,0,0,0,0,0,0,0,0,563,427,1117,957,247,0,aro0921,cross_leg_right,1
256,1789975703.205542,663,763,755,606,540,151,0,0,0,0,814,889,979,951,851,786,575,0,0,0,0,0,0,0,0,0,593,437,1078,966,168,0,aro0921,cross_leg_right,1
257,1789975703.225584,667,792,761,615,535,199,0,0,0,0,823,909,1011,971,855,788,559,0,0,0,0,0,0,0,0,91,565,457,1035,969,105,0,aro0921,cross_leg_right,1
258,1789975703.245567,681,788,757,623,542,213,0,0,0,0,851,903,1013,981,840,780,559,0,0,0,0,0,0,0,0,121,606,457,1034,965,67,0,aro0921,cross_leg_right,1
259,1789975703.266546,683,809,751,649,580,285,84,0,0,0,803,918,984,941,853,751,583,0,0,0,0,0,0,0,0,141,717,529,1018,947,85,0,aro0921,cross_leg_right,1
260,1789975703.286491,690,797,789,665,559,317,95,0,0,0,807,895,981,917,823,749,580,0,0,0,0,0,0,0,0,262,749,543,1066,989,105,0,aro0921,cross_leg_right,1
261,1789975703.306473,725,825,792,665,589,355,99,0,0,0,757,871,939,927,822,739,553,0,0,0,0,0,0,0,0,153,708,507,1071,1015,119,0,aro0921,cross_leg_right,1
262,1789975703.326433,745,824,805,668,599,343,145,0,0,0,741,853,891,887,785,729,543,0,72,0,0,0,0,0,0,57,593,495,1064,999,149,0,aro0921,cross_leg_right,1
263,1789975703.346457,732,809,805,661,611,372,147,0,0,0,711,837,861,823,755,717,536,0,91,0,0,0,0,0,0,0,489,371,1101,1021,107,0,aro0921,cross_leg_right,1
264,1789975703.366425,702,822,813,671,591,365,197,0,0,0,703,796,851,793,758,645,519,0,121,0,47,0,0,0,0,0,487,345,1078,1035,167,0,aro0921,cross_leg_right,1
265,1789975703.386431,715,813,799,649,597,383,201,0,0,0,629,799,792,821,747,634,491,0,121,40,82,0,0,0,0,0,425,296,1078,1047,235,0,aro0921,cross_leg_right,1
266,1789975703.406468,701,805,781,651,614,380,245,0,0,0,618,797,805,819,765,637,493,0,149,75,95,0,0,0,0,0,339,247,1079,1069,276,0,aro0921,cross_leg_right,1
267,1789975703.426447,688,825,792,667,585,388,299,0,0,0,605,765,796,806,763,654,491,0,163,71,103,0,0,0,0,59,301,191,1077,1047,302,0,aro0921,cross_leg_right,1
268,1789975703.446458,675,803,790,648,607,408,340,0,0,0,620,743,792,779,750,659,551,0,169,61,118,0,0,0,0,47,247,168,1065,1043,390,0,aro0921,cross_leg_right,1
269,1789975703.466478,683,819,789,665,607,411,379,0,0,0,552,741,808,781,732,675,536,0,165,77,135,0,0,0,0,0,261,160,1041,1000,413,0,aro0921,cross_leg_right,1
270,1789975703.486480,655,808,758,671,619,435,409,0,0,0,531,775,820,792,758,665,551,0,202,99,155,41,0,0,0,27,219,154,1048,1002,471,0,aro0921,cross_leg_right,1
271,1789975703.506460,645,792,777,649,629,431,424,59,0,0,491,767,797,783,743,677,549,0,207,121,157,60,0,0,0,0,205,127,1043,1032,537,0,aro0921,cross_leg_right,1
272,1789975703.526479,617,776,747,646,622,441,445,89,0,0,490,721,795,780,739,675,553,0,221,149,187,107,0,0,0,0,187,133,1061,1003,573,0,aro0921,cross_leg_right,1
273,1789975703.545833,596,750,756,659,613,457,445,125,0,0,380,713,812,781,701,665,535,0,229,183,165,142,0,0,0,38,149,101,1053,1059,603,0,aro0921,cross_leg_right,1
274,1789975703.566506,581,766,749,637,627,469,459,133,0,0,421,708,777,751,733,675,573,0,239,184,205,183,0,0,0,0,99,91,1063,1049,635,0,aro0921,cross_leg_right,1
275,1789975703.586448,553,743,729,645,645,473,467,181,0,0,379,686,757,747,727,647,570,0,276,189,221,211,0,0,0,0,104,82,1000,1053,649,0,aro0921,cross_leg_right,1
276,1789975703.606522,557,760,745,659,645,483,479,226,0,0,351,670,745,723,683,677,579,0,279,217,234,250,35,0,0,0,107,117,1033,1003,664,0,aro0921,cross_leg_right,1
277,1789975703.626450,534,733,740,653,666,491,503,298,0,0,329,616,777,710,687,677,571,0,301,249,245,223,21,0,0,0,72,91,1055,1017,724,0,aro0921,cross_leg_right,1
278,1789975703.646486,539,773,764,661,645,484,509,342,0,0,315,601,780,717,685,663,552,0,311,253,219,243,31,0,0,0,77,86,1047,1062,755,0,aro0921,cross_leg_right,1
279,1789975703.666479,532,761,747,670,651,501,504,388,0,0,237,613,751,715,697,659,553,0,316,267,263,264,71,0,0,28,55,90,1055,1019,765,0,aro0921,cross_leg_right,1
280,1789975703.686442,509,761,767,694,661,504,519,423,0,0,185,629,758,719,711,667,555,0,328,273,279,252,76,0,0,0,51,109,1033,1045,807,0,aro0921,cross_leg_right,1
281,1789975703.706457,509,747,778,691,665,517,533,431,0,0,179,623,739,700,721,633,569,0,327,307,287,267,85,0,0,30,84,99,1049,1055,815,0,aro0921,cross_leg_right,1
282,1789975703.726503,519,751,773,691,679,529,539,445,0,0,189,607,739,696,697,652,567,0,333,326,309,271,98,0,0,0,101,91,1055,1043,821,0,aro0921,cross_leg_right,1
283,1789975703.746461,507,743,760,679,696,531,553,462,47,0,185,611,717,677,688,647,583,0,355,337,315,291,115,0,0,0,136,87,1051,1059,853,0,aro0921,cross_leg_right,1
284,1789975703.766448,524,743,767,682,685,537,543,469,119,0,212,595,711,712,703,637,565,0,341,345,325,287,121,0,0,20,109,69,1033,1059,837,0,aro0921,cross_leg_right,1
285,1789975703.786496,521,751,776,695,671,549,555,461,151,0,185,596,729,681,691,622,564,0,341,347,339,269,99,0,0,26,115,59,1021,1066,815,0,aro0921,cross_leg_right,1
286,1789975703.806436,529,776,747,699,699,551,565,475,219,0,181,626,719,701,703,597,551,40,392,328,327,270,94,0,0,0,151,89,1035,1033,823,0,aro0921,cross_leg_right,1
287,1789975703.826447,535,761,776,678,677,571,585,473,313,0,217,613,743,713,685,611,537,51,379,391,339,283,99,0,0,28,107,47,1084,1085,840,0,aro0921,cross_leg_right,1
288,1789975703.846479,533,761,747,691,686,557,571,492,341,0,191,603,743,681,665,601,533,39,379,374,359,297,104,0,0,23,163,78,1093,1085,875,0,aro0921,cross_leg_right,1
289,1789975703.866467,525,741,750,665,693,565,582,491,373,0,188,624,725,713,708,615,561,56,405,395,362,300,101,47,0,0,143,73,1096,1064,875,0,aro0921,cross_leg_right,1
290,1789975703.886502,533,739,749,676,699,586,586,483,375,0,217,618,717,701,669,655,571,70,375,393,367,325,93,60,0,0,187,111,1053,1052,879,30,aro0921,cross_leg_right,1
291,1789975703.906508,529,750,766,680,669,573,583,481,397,0,221,629,745,715,663,669,591,35,392,395,365,328,113,73,0,28,237,102,1063,1055,903,0,aro0921,cross_leg_right,1
292,1789975703.926529,531,757,757,683,677,575,581,489,405,0,207,627,739,700,696,647,568,71,397,405,366,327,113,109,0,0,271,75,1059,1055,893,26,aro0921,cross_leg_right,1
293,1789975703.946460,523,751,749,693,700,585,589,505,410,0,168,638,721,679,696,659,587,87,371,427,363,328,99,101,0,0,301,82,1067,1068,916,56,aro0921,cross_leg_right,1
294,1789975703.966465,535,747,755,687,694,589,584,491,413,0,181,633,755,685,693,653,589,89,377,419,382,335,101,116,0,27,285,59,1049,1041,891,0,aro0921,cross_leg_right,1
295,1789975703.986485,541,742,747,691,701,571,595,495,439,0,219,614,747,716,715,629,584,61,388,413,367,329,102,149,0,0,247,99,1055,1022,947,59,aro0921,cross_leg_right,1
296,1789975704.006467,529,743,733,699,707,589,572,502,439,0,191,613,755,727,669,671,569,101,389,431,395,366,133,112,0,0,220,58,1043,1049,965,20,aro0921,cross_leg_right,1
297,1789975704.026453,537,745,747,659,701,599,602,491,445,0,183,651,733,715,681,657,559,103,395,435,397,343,120,125,0,25,223,50,1083,1051,970,35,aro0921,cross_leg_right,1
298,1789975704.046517,521,729,739,665,691,600,595,507,470,0,217,610,743,699,674,669,571,87,396,444,377,351,155,137,0,0,249,47,1057,1099,1001,0,aro0921,cross_leg_right,1
299,1789975704.066493,521,725,721,655,693,586,589,495,473,0,210,606,717,707,677,658,555,96,426,415,383,351,166,173,0,0,291,27,1099,1081,997,53,aro0921,cross_leg_right,1
300,1789975704.086510,491,733,715,664,675,587,603,509,453,0,216,619,750,713,671,654,563,93,429,423,410,359,148,159,0,37,254,28,1103,1112,1017,0,aro0921,cross_leg_right,1
301,1789975704.106520,520,725,719,653,695,605,603,500,459,0,203,663,741,665,695,660,596,101,423,445,403,371,157,165,0,0,233,20,1097,1095,1013,31,aro0921,cross_leg_right,1
302,1789975704.126486,495,723,723,663,693,611,615,507,471,29,206,631,734,698,697,637,566,107,419,443,405,349,163,168,0,0,235,41,1097,1095,1017,40,aro0921,cross_leg_right,1
303,1789975704.146607,495,731,719,679,709,597,602,531,459,56,211,632,745,681,709,618,570,101,447,441,425,359,173,181,0,0,232,26,1115,1097,1049,33,aro0921,cross_leg_right,1
304,1789975704.166552,493,729,716,659,691,622,617,520,462,57,213,645,741,687,688,624,559,77,431,461,415,377,159,160,0,0,220,31,1115,1116,1031,41,aro0921,cross_leg_right,1
305,1789975704.186530,505,731,719,663,691,631,610,503,485,55,229,651,726,686,679,661,565,125,437,461,438,363,171,181,0,0,215,59,1119,1109,1007,30,aro0921,cross_leg_right,1
306,1789975704.206483,493,709,701,669,699,613,624,532,489,44,183,671,723,683,703,615,543,89,437,469,419,377,156,165,0,0,175,21,1127,1113,1051,89,aro0921,cross_leg_right,1
307,1789975704.226485,500,725,741,685,713,619,611,527,493,69,186,665,743,722,697,653,550,119,426,483,415,375,191,164,0,0,107,69,1119,1111,1047,94,aro0921,cross_leg_right,1
308,1789975704.246539,505,716,719,682,727,631,627,525,490,61,199,647,731,723,687,653,553,125,425,459,422,371,179,181,0,0,85,71,1087,1113,1015,93,aro0921,cross_leg_right,1
309,1789975704.266484,530,733,729,675,715,622,603,521,487,109,202,667,727,684,700,635,589,101,461,457,438,365,191,191,0,0,105,43,1112,1160,1061,63,aro0921,cross_leg_right,1
310,1789975704.286472,521,719,751,693,701,623,611,509,499,93,230,665,734,727,703,660,555,125,447,455,419,375,191,205,0,0,61,68,1146,1087,1053,135,aro0921,cross_leg_right,1
311,1789975704.306522,505,733,765,693,699,638,616,529,483,117,220,663,748,699,697,665,615,125,446,475,441,391,179,181,0,0,99,40,1123,1113,1033,107,aro0921,cross_leg_right,1
312,1789975704.326473,509,741,757,697,724,645,615,531,491,135,241,659,741,700,700,653,587,123,453,473,427,383,181,183,0,0,99,35,1134,1125,1047,99,aro0921,cross_leg_right,1
313,1789975704.346490,491,757,747,697,735,631,621,541,501,169,205,681,743,681,712,649,615,123,434,493,456,397,191,217,0,0,119,0,1113,1108,1043,125,aro0921,cross_leg_right,1
314,1789975704.366502,524,744,788,691,725,649,635,523,491,247,214,646,745,695,701,665,597,119,435,460,441,410,209,190,0,0,53,30,1131,1101,1016,127,aro0921,cross_leg_right,1
315,1789975704.386481,519,745,797,723,723,669,647,536,493,279,233,651,717,721,700,637,559,149,439,493,463,417,165,182,0,0,71,61,1139,1138,1021,137,aro0921,cross_leg_right,1
316,1789975704.406463,539,758,799,711,759,612,633,553,520,327,230,661,715,703,685,617,543,125,445,495,431,381,179,185,0,0,46,0,1135,1129,1071,189,aro0921,cross_leg_right,1
317,1789975704.426483,532,742,781,709,757,663,649,559,503,363,328,622,717,694,666,645,553,128,459,489,463,423,173,187,0,0,23,25,1085,1082,1065,213,aro0921,cross_leg_right,1
318,1789975704.446513,533,773,803,709,735,665,655,549,525,383,333,621,719,670,689,615,585,117,483,477,453,397,197,221,0,0,45,0,1085,1116,1053,219,aro0921,cross_leg_right,1
319,1789975704.466465,533,743,787,715,741,684,637,560,500,415,344,635,701,685,697,611,575,135,452,505,472,440,180,197,0,0,50,57,1115,1123,1050,181,aro0921,cross_leg_right,1
320,1789975704.486493,527,773,805,725,745,665,647,573,535,411,364,621,731,701,671,649,541,127,485,490,467,408,204,217,0,0,27,20,1080,1081,1069,251,aro0921,cross_leg_right,1
321,1789975704.506511,537,759,785,727,775,680,658,567,524,437,375,603,704,669,669,659,583,149,477,491,468,435,199,235,0,0,63,25,1107,1101,1045,227,aro0921,cross_leg_right,1
322,1789975704.526486,547,759,795,728,772,685,660,567,531,442,359,647,715,685,691,632,573,155,486,475,473,436,205,235,0,0,25,0,1081,1099,1063,214,aro0921,cross_leg_right,1
323,1789975704.546494,541,761,781,718,787,693,675,559,526,439,351,628,696,711,667,651,569,141,494,503,483,425,203,221,0,0,31,21,1124,1094,1065,261,aro0921,cross_leg_right,1
324,1789975704.566091,543,747,787,718,777,699,660,553,540,456,337,651,697,677,688,617,597,171,482,501,459,411,201,244,20,0,55,0,1129,1124,1013,205,aro0921,cross_leg_right,1
325,1789975704.586526,533,739,781,727,782,671,665,555,532,431,359,621,713,700,691,615,551,169,461,490,495,413,227,252,0,0,37,26,1135,1141,1047,207,aro0921,cross_leg_right,1
326,1789975704.606472,517,731,761,727,767,687,653,559,487,415,335,651,712,667,653,649,580,152,453,529,476,425,231,205,0,0,52,36,1091,1081,1051,245,aro0921,cross_leg_right,1
327,1789975704.625848,499,745,779,717,761,671,651,556,503,413,381,611,733,671,687,604,571,137,484,480,491,451,201,220,0,0,124,0,1105,1093,1061,215,aro0921,cross_leg_right,1
328,1789975704.645550,493,747,786,700,755,667,647,539,521,379,350,663,697,703,681,631,534,133,469,477,477,413,173,207,0,0,153,31,1145,1112,1049,235,aro0921,cross_leg_right,1
329,1789975704.665550,473,713,760,713,751,687,662,547,491,367,383,662,717,687,709,600,555,133,447,518,483,425,181,173,0,0,159,28,1160,1133,1039,231,aro0921,cross_leg_right,1
330,1789975704.686551,485,732,757,687,743,671,631,541,500,363,411,659,699,663,699,613,565,123,483,476,459,441,215,199,0,0,211,0,1146,1117,1075,233,aro0921,cross_leg_right,1
331,1789975704.706540,482,715,747,699,755,680,645,543,486,341,438,657,727,699,692,629,553,117,468,499,470,431,201,117,0,0,197,0,1134,1129,1061,215,aro0921,cross_leg_right,1
332,1789975704.726466,477,713,739,697,749,671,639,525,494,319,460,668,730,693,692,637,543,106,472,492,457,420,210,159,0,0,205,0,1157,1147,1063,203,aro0921,cross_leg_right,1
333,1789975704.746500,478,712,741,703,746,665,647,543,498,297,465,681,765,679,727,631,569,103,467,485,472,423,201,149,0,0,231,38,1147,1111,1035,165,aro0921,cross_leg_right,1
334,1789975704.765883,470,695,731,690,731,691,627,547,492,275,475,661,757,697,713,651,570,120,487,518,485,410,165,169,0,0,235,0,1166,1164,1061,218,aro0921,cross_leg_right,1
335,1789975704.786495,484,701,740,701,749,679,653,549,483,243,487,693,731,685,695,635,543,104,455,507,465,403,171,127,0,0,233,27,1127,1134,1066,200,aro0921,cross_leg_right,1
336,1789975704.806491,504,709,741,699,739,675,631,531,485,277,527,665,731,688,696,678,549,121,469,473,470,429,206,166,0,0,249,0,1159,1143,1061,163,aro0921,cross_leg_right,1
337,1789975704.826522,509,713,762,703,773,671,635,549,477,279,531,691,733,725,711,667,581,105,483,473,440,414,172,120,0,0,253,0,1129,1111,1039,211,aro0921,cross_leg_right,1
338,1789975704.846497,507,725,739,726,775,679,633,547,502,319,503,702,755,702,725,647,567,115,488,477,456,431,211,163,0,0,231,23,1111,1134,1039,155,aro0921,cross_leg_right,1
339,1789975704.866483,505,719,779,723,749,695,635,567,485,329,506,681,732,724,699,661,543,132,489,476,477,443,199,145,0,0,214,0,1105,1103,1019,198,aro0921,cross_leg_right,1
340,1789975704.886489,519,741,765,731,773,674,633,571,505,360,509,690,767,687,691,635,555,109,485,477,463,439,212,157,0,0,181,30,1100,1093,1067,158,aro0921,cross_leg_right,1
341,1789975704.906524,527,734,776,719,777,701,651,550,501,367,508,680,749,702,687,661,505,122,472,487,463,425,189,153,0,0,125,0,1116,1110,1049,233,aro0921,cross_leg_right,1
342,1789975704.926500,527,733,779,716,763,687,659,552,493,377,500,684,745,700,711,660,569,135,473,489,467,439,182,152,0,0,117,0,1097,1101,1045,191,aro0921,cross_leg_right,1
343,1789975704.946488,537,729,790,713,781,677,634,569,495,404,493,693,758,687,683,671,550,111,486,483,479,415,213,179,0,0,122,35,1133,1085,1065,157,aro0921,cross_leg_right,1
344,1789975704.966524,539,741,786,729,773,699,650,551,518,425,485,687,735,693,703,663,599,152,459,517,489,417,202,186,0,0,102,0,1133,1097,1069,190,aro0921,cross_leg_right,1
345,1789975704.986482,521,745,789,736,761,697,655,567,509,412,489,698,717,693,685,664,571,149,495,477,456,445,187,189,0,0,120,25,1117,1133,1041,189,aro0921,cross_leg_right,1
346,1789975705.006502,519,727,775,725,791,709,667,581,525,445,474,697,730,679,683,631,566,148,493,477,470,414,199,205,0,0,123,22,1095,1111,1055,156,aro0921,cross_leg_right,1
347,1789975705.026537,520,732,795,718,785,693,681,565,529,453,493,691,750,679,679,631,587,141,470,484,491,442,207,191,0,0,101,22,1087,1098,1035,199,aro0921,cross_leg_right,1
348,1789975705.046498,523,725,775,710,773,709,663,571,529,467,461,645,716,703,711,623,597,165,503,483,499,455,219,181,0,0,97,0,1133,1087,1054,177,aro0921,cross_leg_right,1
349,1789975705.066487,521,749,776,739,790,723,671,585,539,468,478,682,757,695,710,615,589,147,498,487,471,420,209,218,0,0,72,0,1079,1091,1037,158,aro0921,cross_leg_right,1
350,1789975705.085677,525,733,779,737,792,697,663,587,533,473,497,666,713,709,671,616,568,155,479,509,487,437,231,206,0,0,101,0,1079,1087,1077,171,aro0921,cross_leg_right,1
351,1789975705.106598,525,747,803,732,805,713,681,569,533,469,502,655,729,665,679,617,601,175,493,503,483,441,219,221,0,0,87,0,1119,1106,1050,191,aro0921,cross_leg_right,1
352,1789975705.126501,532,741,791,733,783,715,681,583,537,457,473,659,733,687,679,614,582,169,491,495,493,457,221,221,0,0,83,0,1125,1113,1049,223,aro0921,cross_leg_right,1
353,1789975705.146542,523,735,786,743,795,731,681,597,548,478,447,663,743,709,653,617,591,167,475,535,499,460,223,215,0,0,51,0,1079,1080,1071,179,aro0921,cross_leg_right,1
354,1789975705.166551,536,761,780,729,793,730,681,574,524,473,477,659,738,679,653,619,580,157,487,525,501,463,243,245,0,0,74,22,1125,1139,1039,205,aro0921,cross_leg_right,1
355,1789975705.186485,525,765,782,733,787,729,696,581,533,465,483,633,739,681,691,591,589,188,506,521,501,461,205,227,0,0,51,0,1101,1130,1031,201,aro0921,cross_leg_right,1
356,1789975705.206495,519,759,799,756,783,727,699,589,543,467,437,660,741,697,667,615,559,165,517,491,499,439,201,261,0,0,29,0,1133,1094,1106,227,aro0921,cross_leg_right,1
357,1789975705.226522,521,735,805,725,767,715,696,593,552,467,455,652,715,693,676,605,591,156,489,499,493,471,235,227,0,0,71,0,1095,1085,1021,188,aro0921,cross_leg_right,1
358,1789975705.246503,525,759,793,730,793,725,697,584,550,487,445,664,709,648,635,601,595,187,519,504,505,456,236,249,0,0,71,39,1084,1122,1035,233,aro0921,cross_leg_right,1
359,1789975705.266500,499,738,787,731,787,729,687,599,527,469,435,667,697,693,661,581,558,181,522,503,520,476,228,231,0,0,60,0,1129,1080,1017,217,aro0921,cross_leg_right,1
360,1789975705.286517,519,733,798,729,763,699,670,575,532,477,471,635,712,687,655,596,553,153,503,503,499,468,253,239,0,0,73,24,1139,1119,1068,177,aro0921,cross_leg_right,1
361,1789975705.306513,503,745,787,728,761,699,681,587,535,465,444,617,729,653,635,615,568,180,501,521,497,457,227,212,0,0,92,22,1123,1111,1065,206,aro0921,cross_leg_right,1
362,1789975705.326486,517,743,785,718,773,699,670,587,533,457,447,637,700,667,635,595,569,183,494,523,493,457,229,231,0,0,76,0,1100,1107,1053,205,aro0921,cross_leg_right,1
363,1789975705.346545,495,727,777,701,761,703,667,583,523,439,460,617,679,659,675,569,556,203,473,534,483,479,261,233,0,0,72,0,1068,1129,1034,226,aro0921,cross_leg_right,1
364,1789975705.366509,475,735,796,716,773,695,688,595,531,421,461,654,697,644,635,599,563,185,523,508,487,454,236,201,0,0,83,0,1096,1139,1020,232,aro0921,cross_leg_right,1
365,1789975705.386506,471,732,788,693,747,713,676,595,520,420,427,633,710,651,635,595,569,197,507,519,493,479,251,233,0,23,89,0,1115,1128,1029,223,aro0921,cross_leg_right,1
366,1789975705.406519,475,729,794,693,746,715,663,601,523,428,423,653,692,679,633,573,535,180,495,505,523,459,254,225,0,0,59,0,1094,1077,1043,189,aro0921,cross_leg_right,1
367,1789975705.426039,495,755,793,717,744,716,684,594,535,416,429,629,681,663,649,551,561,175,500,506,503,484,251,243,0,0,71,0,1117,1099,1069,204,aro0921,cross_leg_right,1
368,1789975705.445911,487,759,793,713,746,717,675,582,519,435,472,628,702,666,649,601,590,191,525,495,517,445,234,223,0,0,89,28,1109,1103,1016,233,aro0921,cross_leg_right,1
369,1789975705.466578,489,741,783,695,758,697,679,584,535,445,471,633,725,655,636,601,569,171,519,538,535,455,233,213,0,0,55,0,1157,1146,1047,220,aro0921,cross_leg_right,1
370,1789975705.486519,483,741,780,709,757,725,695,579,537,437,475,636,727,653,637,579,568,172,495,521,531,482,268,235,0,0,57,0,1139,1140,1062,227,aro0921,cross_leg_right,1
371,1789975705.506495,503,739,795,713,763,725,695,601,531,435,441,655,727,659,667,613,603,165,507,537,527,466,227,247,0,0,60,0,1101,1117,1012,214,aro0921,cross_leg_right,1
372,1789975705.526512,475,742,795,715,755,703,669,575,520,441,455,623,699,675,638,614,568,201,519,536,532,459,238,189,0,0,71,0,1107,1139,1035,261,aro0921,cross_leg_right,1
373,1789975705.546533,483,760,787,715,747,712,679,589,520,427,447,619,713,681,666,597,599,211,542,533,509,473,251,211,0,0,77,25,1125,1125,1080,227,aro0921,cross_leg_right,1
374,1789975705.566505,477,757,803,722,762,703,678,587,531,430,429,627,695,665,653,589,583,187,507,537,507,473,243,211,0,0,57,0,1127,1134,1063,229,aro0921,cross_leg_right,1
375,1789975705.586514,461,745,813,711,751,717,685,584,535,443,439,599,671,675,635,593,564,175,492,519,526,471,223,219,0,0,55,0,1141,1111,1077,211,aro0921,cross_leg_right,1
376,1789975705.606561,424,740,794,719,749,709,661,575,506,422,423,597,664,634,629,583,568,173,495,521,517,444,235,206,0,0,36,0,1101,1113,1070,255,aro0921,cross_leg_right,1
377,1789975705.626519,413,759,793,731,763,723,683,581,541,431,399,615,694,664,621,589,582,204,531,527,488,488,235,215,0,0,23,0,1131,1163,1035,217,aro0921,cross_leg_right,1
378,1789975705.646492,415,762,809,719,763,703,663,573,507,424,375,633,661,660,616,588,565,211,508,540,517,459,239,179,0,0,38,23,1111,1143,1039,215,aro0921,cross_leg_right,1
379,1789975705.666517,404,757,815,713,745,693,681,571,517,442,379,603,693,659,629,584,557,207,522,525,531,485,211,191,0,0,29,0,1113,1139,1049,185,aro0921,cross_leg_right,1
380,1789975705.686529,374,739,799,719,735,723,683,585,533,441,382,573,659,636,619,549,558,211,529,529,531,487,251,213,0,0,59,0,1147,1161,1067,235,aro0921,cross_leg_right,1
381,1789975705.706504,388,758,797,703,745,725,687,568,505,419,359,615,661,627,661,551,574,216,499,539,529,483,216,187,0,0,53,0,1162,1126,1036,255,aro0921,cross_leg_right,1
382,1789975705.726499,364,759,790,716,746,713,681,559,522,409,357,615,675,629,640,572,587,201,529,509,493,487,225,215,0,0,35,26,1160,1164,1047,245,aro0921,cross_leg_right,1
383,1789975705.750940,365,733,789,719,747,687,662,573,511,405,403,599,633,633,615,582,559,175,485,543,508,456,233,189,0,0,62,0,1145,1139,1081,228,aro0921,cross_leg_right,1
384,1789975705.765683,351,737,796,701,729,691,666,565,504,391,380,594,655,639,637,559,570,189,517,530,509,473,233,185,0,0,44,0,1139,1143,1066,232,aro0921,cross_leg_right,1
385,1789975705.785627,339,731,799,715,728,699,669,571,491,367,412,583,645,653,634,570,551,183,495,547,531,482,217,173,0,0,50,23,1149,1118,1068,206,aro0921,cross_leg_right,1
386,1789975705.805663,343,741,807,713,734,680,659,555,489,356,383,618,639,667,650,583,587,169,517,510,494,492,243,157,0,0,73,0,1161,1123,1036,187,aro0921,cross_leg_right,1
387,1789975705.825632,339,715,791,692,717,671,644,551,501,350,399,574,635,616,627,581,574,167,491,540,495,460,253,155,0,0,76,0,1139,1169,1087,211,aro0921,cross_leg_right,1
388,1789975705.845583,329,735,775,712,727,691,653,537,485,303,361,617,671,664,645,555,557,197,523,519,525,488,227,187,0,0,46,0,1159,1138,1041,210,aro0921,cross_leg_right,1
389,1789975705.865617,333,721,804,699,727,671,632,547,483,269,375,614,644,629,619,569,555,170,504,503,531,477,244,149,0,0,87,21,1161,1142,1046,204,aro0921,cross_leg_right,1
390,1789975705.886619,355,731,787,671,732,667,637,520,495,232,381,567,633,627,650,551,589,210,493,532,485,443,201,178,0,0,85,0,1139,1165,1013,179,aro0921,cross_leg_right,1
391,1789975705.906611,287,745,796,703,711,660,633,534,467,159,403,581,679,663,623,593,565,169,507,507,523,483,227,165,0,0,37,0,1157,1013,1081,175,aro0921,cross_leg_right,1
392,1789975705.925758,344,741,797,685,703,676,637,522,483,55,393,587,634,636,665,567,557,165,500,527,493,437,230,117,0,0,79,20,1157,1131,1078,207,aro0921,cross_leg_right,1
393,1789975705.946602,356,735,786,687,713,652,633,493,466,61,375,616,677,624,646,573,557,199,476,535,483,471,191,91,0,0,78,23,1159,1157,1066,185,aro0921,cross_leg_right,1
394,1789975705.966599,335,737,797,715,714,680,636,502,453,41,373,616,671,655,671,559,559,180,502,498,483,469,204,101,0,0,0,0,1117,1165,1021,200,aro0921,cross_leg_right,1
395,1789975705.985836,351,739,799,687,701,653,629,485,461,44,365,615,634,637,671,568,567,167,505,499,472,429,199,79,0,26,55,28,1149,1165,1082,199,aro0921,cross_leg_right,1
396,1789975706.006095,340,733,793,709,712,663,615,487,439,51,359,621,652,649,657,569,533,167,501,517,493,437,207,95,0,0,37,25,1139,1141,1052,191,aro0921,cross_leg_right,1
397,1789975706.026603,339,731,804,701,703,659,607,483,435,53,383,595,635,645,660,573,537,169,489,502,469,455,207,99,0,0,39,0,1149,1175,1059,203,aro0921,cross_leg_right,1
398,1789975706.046590,344,733,807,691,694,651,610,463,423,56,396,589,651,628,633,559,551,173,497,491,488,463,203,113,0,0,40,0,1147,1163,1059,187,aro0921,cross_leg_right,1
399,1789975706.066773,335,745,808,714,692,663,627,469,426,30,361,591,623,621,645,565,535,185,495,520,461,439,184,75,0,0,46,28,1145,1067,1047,189,aro0921,cross_leg_right,1
400,1789975706.086532,333,745,804,699,701,663,621,469,415,27,349,593,635,649,675,543,521,187,504,491,487,445,182,99,0,0,20,0,1133,1167,1051,222,aro0921,cross_leg_right,1
401,1789975706.106619,339,741,787,693,714,675,603,461,407,43,341,587,633,635,635,581,509,189,509,529,493,467,199,88,0,0,29,0,1159,1173,1032,159,aro0921,cross_leg_right,1
402,1789975706.126615,317,739,813,691,699,663,621,483,419,20,333,549,635,612,665,547,507,155,491,535,503,437,191,75,0,0,24,0,1131,1128,1076,209,aro0921,cross_leg_right,1
403,1789975706.146705,311,721,785,687,713,660,601,479,414,39,307,572,611,617,639,551,524,153,495,491,503,469,232,115,0,0,0,0,1125,1144,1055,248,aro0921,cross_leg_right,1
404,1789975706.166688,316,718,787,677,681,652,611,471,409,50,317,583,585,649,635,542,509,165,517,521,517,477,199,85,0,0,37,22,1157,1149,1091,203,aro0921,cross_leg_right,1
405,1789975706.186558,311,691,798,683,680,647,627,463,423,29,325,565,569,600,666,521,504,199,487,509,501,465,203,116,0,0,47,0,1139,1139,1051,249,aro0921,cross_leg_right,1
406,1789975706.206609,299,693,787,675,677,657,623,475,429,43,291,547,601,635,661,539,500,185,501,531,505,468,220,127,0,0,55,0,1143,1145,1055,233,aro0921,cross_leg_right,1
407,1789975706.226524,291,685,773,667,693,659,617,477,437,45,277,547,601,633,632,531,527,191,504,533,505,463,220,121,0,0,37,0,1141,1147,1069,238,aro0921,cross_leg_right,1
408,1789975706.246535,292,669,775,663,676,647,617,484,455,41,265,555,571,635,648,539,477,188,495,547,519,461,244,164,0,0,28,30,1160,1149,1051,253,aro0921,cross_leg_right,1
409,1789975706.266701,279,665,752,661,687,660,623,479,444,51,267,537,597,615,635,524,507,186,509,530,507,474,227,156,0,0,37,0,1166,1145,1071,271,aro0921,cross_leg_right,1
410,1789975706.286539,285,663,749,647,685,665,633,481,467,105,255,534,599,596,646,522,521,200,495,539,499,459,227,137,0,0,31,0,1159,1175,1061,265,aro0921,cross_leg_right,1
411,1789975706.306589,269,667,739,655,696,650,635,495,487,186,243,543,619,629,607,473,508,187,539,523,495,453,243,175,0,0,23,0,1171,1171,1085,299,aro0921,cross_leg_right,1
412,1789975706.326654,275,649,743,663,678,655,619,505,461,275,267,508,595,628,646,507,531,203,547,539,523,468,223,155,0,0,37,0,1165,1149,1062,271,aro0921,cross_leg_right,1
413,1789975706.346570,286,651,758,665,682,683,647,499,485,309,251,535,600,616,613,530,523,218,533,541,531,467,249,179,0,0,0,24,1129,1115,1051,271,aro0921,cross_leg_right,1
414,1789975706.365963,280,647,759,666,693,692,659,502,486,337,231,553,593,631,645,500,503,219,508,563,507,495,227,186,0,0,0,27,1169,1151,1048,339,aro0921,cross_leg_right,1
415,1789975706.386688,265,651,748,659,710,681,635,500,493,377,233,567,571,627,615,543,515,227,537,556,527,466,248,200,0,0,46,0,1157,1117,1097,297,aro0921,cross_leg_right,1
416,1789975706.406537,295,660,741,655,713,665,649,501,489,359,277,537,579,588,617,531,551,229,531,532,526,463,282,229,0,0,57,0,1158,1115,1064,343,aro0921,cross_leg_right,1
417,1789975706.426680,291,675,761,671,717,693,649,505,478,371,249,567,621,623,627,535,522,223,516,569,536,498,263,187,0,0,0,0,1161,1115,1047,341,aro0921,cross_leg_right,1
418,1789975706.446625,287,663,749,675,686,671,649,532,477,381,269,536,619,605,627,529,529,221,542,533,543,493,251,198,0,0,0,0,1139,1124,1073,284,aro0921,cross_leg_right,1
419,1789975706.466198,277,667,751,687,723,677,629,534,466,341,266,567,635,647,649,555,529,185,531,529,530,483,275,207,0,0,0,0,1149,1128,1069,349,aro0921,cross_leg_right,1
420,1789975706.486569,294,661,780,690,712,679,637,509,483,317,275,584,611,621,617,563,536,229,525,541,533,473,243,183,0,0,45,0,1119,1119,1049,303,aro0921,cross_leg_right,1
421,1789975706.506533,297,677,767,674,717,679,632,505,477,248,311,575,621,631,633,548,537,203,521,536,522,475,245,170,0,0,43,0,1119,1115,1039,299,aro0921,cross_leg_right,1
422,1789975706.526029,293,681,759,687,725,671,651,521,482,188,345,589,636,649,631,567,550,181,521,540,505,465,217,168,0,0,0,0,1134,1124,1067,299,aro0921,cross_leg_right,1
423,1789975706.546425,309,691,782,695,727,683,645,503,460,117,365,570,639,661,629,569,533,216,531,531,541,461,159,189,0,0,0,0,1099,1079,1019,249,aro0921,cross_leg_right,1
424,1789975706.566028,297,671,791,694,703,679,635,520,475,73,401,571,619,657,631,567,536,216,490,557,517,443,243,139,0,0,27,0,1099,1113,1016,245,aro0921,cross_leg_right,1
425,1789975706.586644,297,687,791,709,703,671,653,493,479,71,371,597,647,653,663,549,569,213,548,555,531,475,215,145,0,0,23,31,1109,1083,1035,272,aro0921,cross_leg_right,1
426,1789975706.605933,325,675,781,689,701,684,653,501,475,51,383,584,627,627,628,584,561,185,501,525,504,471,213,185,0,0,57,0,1102,1130,1048,275,aro0921,cross_leg_right,1
427,1789975706.626240,313,671,777,713,724,682,633,507,461,67,427,590,658,663,649,585,555,203,501,551,519,485,224,153,0,0,20,0,1087,1125,1013,237,aro0921,cross_leg_right,1
428,1789975706.646515,317,681,798,699,741,661,650,504,456,51,409,639,635,632,631,585,589,215,495,551,524,467,225,153,0,0,51,0,1097,1075,1059,275,aro0921,cross_leg_right,1
429,1789975706.666080,338,685,799,700,719,689,645,490,463,45,455,603,654,651,633,605,575,219,492,537,491,491,227,159,0,0,39,0,1125,1096,991,293,aro0921,cross_leg_right,1
430,1789975706.686334,359,697,821,717,711,670,638,494,443,47,474,619,659,669,676,617,559,175,525,525,523,457,206,146,0,0,57,0,1087,1070,1051,249,aro0921,cross_leg_right,1
431,1789975706.706004,351,713,807,748,717,663,627,489,431,35,436,647,665,684,661,597,559,212,524,509,501,477,243,121,0,0,0,0,1115,1067,996,268,aro0921,cross_leg_right,1
432,1789975706.725939,357,716,819,743,723,635,613,488,445,38,475,639,709,631,660,583,595,188,475,530,475,443,234,143,0,0,73,0,1109,1083,983,247,aro0921,cross_leg_right,1
433,1789975706.746500,365,713,800,751,730,663,603,481,420,0,485,627,685,693,662,595,569,200,502,483,506,427,191,105,0,0,50,0,1068,1099,967,248,aro0921,cross_leg_right,1
434,1789975706.766616,361,687,799,739,714,627,605,447,424,0,483,621,731,672,686,615,584,168,467,532,459,441,178,73,0,0,23,0,1082,1041,1031,169,aro0921,cross_leg_right,1
435,1789975706.785630,396,700,811,735,729,627,599,456,391,0,493,655,713,677,669,613,590,205,487,505,470,429,204,93,0,0,75,0,1087,1080,1043,187,aro0921,cross_leg_right,1
436,1789975706.806566,403,699,819,757,729,615,555,467,351,0,509,663,735,668,677,611,591,145,508,519,485,436,169,88,0,0,63,0,1060,1055,1016,169,aro0921,cross_leg_right,1
437,1789975706.826595,429,714,825,749,739,633,567,443,343,0,534,692,727,687,697,635,603,173,491,489,488,431,207,103,0,0,47,0,1109,1087,997,221,aro0921,cross_leg_right,1
438,1789975706.846589,415,699,829,761,712,621,587,452,334,0,543,667,727,699,675,659,601,153,473,471,453,411,171,100,0,0,73,0,1101,1099,987,199,aro0921,cross_leg_right,1
439,1789975706.865911,431,699,820,751,757,617,555,423,309,0,533,711,754,741,711,632,623,168,437,521,445,406,203,51,0,0,48,0,1064,1093,1007,163,aro0921,cross_leg_right,1
440,1789975706.886592,411,717,829,796,765,605,566,426,294,0,549,729,777,727,713,679,637,145,473,477,447,403,176,55,0,0,69,25,1115,1077,972,159,aro0921,cross_leg_right,1
441,1789975706.906650,413,721,840,791,778,613,553,396,291,0,531,719,783,723,711,675,645,157,455,493,429,389,199,45,0,0,77,0,1111,1113,974,183,aro0921,cross_leg_right,1
442,1789975706.926574,376,695,839,821,787,589,553,407,274,0,507,733,759,725,731,678,633,145,460,471,453,420,183,43,0,0,78,0,1109,1071,986,156,aro0921,cross_leg_right,1
443,1789975706.947489,361,669,819,824,775,585,558,406,281,0,493,735,793,723,729,665,649,124,435,486,427,397,171,58,0,0,51,0,1134,1119,1016,185,aro0921,cross_leg_right,1
444,1789975706.965680,361,676,823,807,765,589,553,391,283,0,501,725,778,733,734,695,663,137,473,468,425,419,183,43,0,0,55,0,1147,1103,968,140,aro0921,cross_leg_right,1
445,1789975706.986658,339,677,806,793,780,595,547,393,274,0,518,721,780,749,729,710,647,146,453,485,443,395,181,75,0,0,63,0,1129,1119,1007,168,aro0921,cross_leg_right,1
446,1789975707.006616,327,671,803,774,777,587,538,381,267,0,508,725,783,751,729,711,648,135,478,504,429,401,184,97,0,0,62,0,1126,1109,1001,189,aro0921,cross_leg_right,1
447,1789975707.026679,309,659,806,773,761,602,537,399,293,0,522,725,805,750,746,701,663,147,452,503,457,373,180,91,0,0,43,0,1142,1129,1032,187,aro0921,cross_leg_right,1
448,1789975707.046589,312,637,775,734,773,581,521,394,283,0,491,714,805,779,713,734,646,135,439,501,475,383,198,83,0,0,77,0,1127,1123,1087,147,aro0921,cross_leg_right,1
449,1789975707.066569,302,659,743,745,749,587,535,375,306,0,491,747,777,749,721,731,652,173,477,500,441,371,163,55,0,0,103,0,1173,1189,1034,157,aro0921,cross_leg_right,1
450,1789975707.086140,269,648,727,697,719,585,531,397,301,0,483,709,813,781,727,703,637,153,447,501,454,377,165,90,0,0,121,25,1145,1151,1096,203,aro0921,cross_leg_right,1
451,1789975707.106548,253,613,725,670,699,595,537,394,327,0,473,725,785,737,721,732,655,133,467,487,483,399,165,141,0,0,167,0,1161,1171,1095,263,aro0921,cross_leg_right,1
452,1789975707.125882,248,631,697,669,687,571,537,383,312,0,476,717,795,765,732,697,625,140,489,487,467,391,185,143,0,22,191,30,1191,1190,1127,329,aro0921,cross_leg_right,1
453,1789975707.146606,219,629,679,637,683,599,539,405,315,0,520,695,805,778,723,712,622,139,488,479,487,415,173,151,0,0,231,0,1181,1203,1082,350,aro0921,cross_leg_right,1
454,1789975707.165900,207,603,668,653,697,583,524,405,339,0,485,715,751,748,691,703,615,125,463,485,479,430,225,137,0,0,295,0,1196,1229,1079,379,aro0921,cross_leg_right,1
455,1789975707.185628,179,609,665,637,686,589,535,404,367,0,442,709,778,747,719,694,651,157,470,503,491,423,214,173,0,0,307,0,1183,1182,1127,404,aro0921,cross_leg_right,1
456,1789975707.205622,182,612,671,636,687,595,529,408,365,0,443,697,777,747,724,693,633,155,475,505,504,444,217,207,0,0,311,0,1205,1151,1123,452,aro0921,cross_leg_right,1
457,1789975707.226589,190,605,680,633,701,579,543,407,399,0,443,696,795,719,703,696,632,136,467,489,495,440,237,203,0,25,317,30,1177,1159,1117,479,aro0921,cross_leg_right,1
458,1789975707.246564,172,601,677,649,712,583,535,427,397,0,431,696,751,756,731,665,631,149,489,501,470,413,243,245,0,0,311,0,1206,1222,1161,517,aro0921,cross_leg_right,1
459,1789975707.265587,197,619,687,639,687,583,540,405,409,0,399,668,787,703,701,682,637,181,477,530,503,429,229,245,0,25,313,31,1229,1173,1147,550,aro0921,cross_leg_right,1
460,1789975707.286211,175,619,685,659,703,601,527,423,403,0,410,637,780,704,683,677,644,151,492,495,507,453,219,279,0,0,327,0,1177,1176,1119,599,aro0921,cross_leg_right,1
461,1789975707.305623,185,619,676,637,699,612,537,413,378,0,404,653,761,687,675,633,610,135,468,496,509,476,267,279,0,21,344,29,1189,1171,1144,605,aro0921,cross_leg_right,1
462,1789975707.326555,153,616,665,636,698,585,548,423,413,0,403,667,725,671,679,632,600,135,479,508,532,471,269,282,0,0,363,0,1215,1151,1127,637,aro0921,cross_leg_right,1
463,1789975707.346511,127,609,660,637,683,548,523,419,395,0,393,659,735,717,699,636,597,157,500,491,499,477,287,279,0,24,373,25,1192,1214,1132,637,aro0921,cross_leg_right,1
464,1789975707.366582,116,593,650,635,653,599,523,416,395,0,380,651,744,664,671,639,619,137,507,501,501,473,294,303,0,28,391,35,1204,1224,1112,623,aro0921,cross_leg_right,1
465,1789975707.386521,133,583,638,615,639,581,531,405,359,0,371,667,725,679,680,607,601,143,485,531,501,477,275,313,0,21,365,0,1199,1221,1143,621,aro0921,cross_leg_right,1
466,1789975707.406574,123,581,619,611,633,575,527,393,343,0,397,646,727,675,669,619,591,137,488,535,518,482,281,273,0,0,360,0,1191,1181,1140,589,aro0921,cross_leg_right,1
467,1789975707.426587,116,575,623,599,636,583,521,395,309,0,416,659,711,683,690,627,600,133,481,535,520,483,303,347,0,25,343,0,1161,1160,1144,594,aro0921,cross_leg_right,1
468,1789975707.446559,137,587,599,603,623,567,521,395,317,0,437,667,694,691,687,617,586,135,510,521,519,487,291,297,0,0,356,0,1199,1171,1111,604,aro0921,cross_leg_right,1
469,1789975707.466564,121,579,605,589,615,595,554,393,334,0,413,659,686,679,653,595,553,138,538,529,537,489,279,331,0,0,307,0,1191,1146,1113,573,aro0921,cross_leg_right,1
470,1789975707.486641,117,571,603,572,607,591,541,394,337,0,421,627,722,650,655,613,567,154,504,565,533,507,311,311,0,0,271,0,1171,1179,1129,595,aro0921,cross_leg_right,1
471,1789975707.506540,115,559,587,563,599,583,537,411,361,0,405,617,710,671,647,570,563,123,507,537,537,487,309,328,0,0,271,40,1189,1181,1105,629,aro0921,cross_leg_right,1
472,1789975707.526590,137,565,603,566,591,585,557,420,401,0,411,619,679,660,645,607,573,145,504,549,523,485,309,359,0,0,250,0,1143,1170,1171,599,aro0921,cross_leg_right,1
473,1789975707.546719,137,593,603,589,619,587,573,425,419,0,381,631,696,675,666,583,579,141,501,537,537,489,299,341,0,0,199,0,1176,1163,1113,571,aro0921,cross_leg_right,1
474,1789975707.566555,153,579,633,571,612,619,568,425,401,29,407,599,659,659,631,603,541,189,521,585,569,533,317,347,0,0,189,0,1184,1163,1117,626,aro0921,cross_leg_right,1
475,1789975707.586553,145,594,621,583,620,611,567,443,422,41,390,613,670,647,651,595,557,167,539,565,553,520,330,372,0,0,163,0,1163,1179,1133,599,aro0921,cross_leg_right,1
476,1789975707.606739,153,597,623,587,621,611,575,445,431,40,376,613,659,647,648,575,549,169,520,587,539,543,333,395,0,0,135,0,1141,1195,1148,615,aro0921,cross_leg_right,1
477,1789975707.626093,139,585,615,580,623,607,573,463,441,71,391,590,637,620,631,589,552,152,536,567,551,509,333,408,0,0,135,0,1141,1157,1157,599,aro0921,cross_leg_right,1
478,1789975707.645881,127,599,603,581,632,618,581,467,428,43,376,597,666,655,664,571,581,171,530,563,553,557,371,422,0,0,52,0,1189,1176,1115,646,aro0921,cross_leg_right,1
479,1789975707.666488,119,571,617,582,633,612,571,475,440,63,361,585,632,619,627,585,565,169,539,595,575,533,350,394,0,0,103,0,1189,1147,1139,631,aro0921,cross_leg_right,1
480,1789975707.686673,121,568,629,579,617,617,588,482,443,51,351,588,623,627,661,553,572,179,537,587,549,531,345,413,0,0,89,21,1175,1179,1157,631,aro0921,cross_leg_right,1
481,1789975707.705761,133,571,601,586,632,635,605,458,460,107,301,618,667,631,687,573,581,207,541,596,557,535,341,435,0,0,61,22,1179,1178,1102,649,aro0921,cross_leg_right,1
482,1789975707.726553,115,555,619,581,617,639,605,472,469,156,301,599,631,613,654,549,567,197,535,604,569,527,337,403,0,0,92,0,1190,1157,1135,664,aro0921,cross_leg_right,1
483,1789975707.746596,104,572,629,583,630,632,603,469,453,222,307,619,669,611,629,581,571,213,553,598,579,571,341,442,0,0,63,0,1177,1203,1159,639,aro0921,cross_leg_right,1
484,1789975707.766557,119,574,619,589,622,619,604,473,478,252,296,605,654,648,633,588,549,207,549,611,547,529,357,423,0,0,58,21,1179,1203,1135,632,aro0921,cross_leg_right,1
485,1789975707.786543,107,563,613,587,632,637,603,483,471,293,287,585,648,625,648,565,563,197,553,595,566,551,358,431,0,0,67,0,1162,1186,1143,632,aro0921,cross_leg_right,1
486,1789975707.806524,108,561,616,588,628,655,613,485,476,285,269,587,631,621,635,557,584,202,556,603,585,533,341,423,0,0,87,0,1134,1163,1128,635,aro0921,cross_leg_right,1
487,1789975707.826574,119,559,617,573,631,635,616,477,483,320,277,563,629,601,629,557,583,205,579,571,559,541,340,455,0,0,87,0,1140,1193,1163,668,aro0921,cross_leg_right,1
488,1789975707.846563,115,584,619,581,621,637,615,465,493,344,255,553,639,639,652,547,559,191,549,605,552,521,378,430,0,0,93,0,1165,1210,1151,637,aro0921,cross_leg_right,1
489,1789975707.866573,118,571,623,569,629,665,621,487,473,349,275,556,613,611,623,573,568,223,543,614,587,559,349,431,0,0,93,0,1157,1173,1133,623,aro0921,cross_leg_right,1
490,1789975707.886565,111,571,607,583,621,636,627,487,491,351,273,558,648,631,649,575,571,199,553,604,553,568,377,444,0,0,53,0,1186,1202,1166,628,aro0921,cross_leg_right,1
491,1789975707.905649,115,557,600,569,633,632,602,483,482,367,260,565,603,600,651,537,555,216,585,589,558,547,379,476,0,0,73,25,1161,1211,1175,633,aro0921,cross_leg_right,1
492,1789975707.926541,83,541,607,589,606,659,603,507,475,350,269,536,634,627,631,555,537,199,553,622,595,566,398,435,0,0,53,0,1171,1202,1139,670,aro0921,cross_leg_right,1
493,1789975707.946582,89,550,593,572,586,628,601,487,477,304,259,539,603,635,637,533,533,233,551,623,564,553,395,444,0,0,89,0,1147,1199,1133,669,aro0921,cross_leg_right,1
494,1789975707.966561,85,522,589,555,593,618,615,487,461,263,221,563,597,595,639,523,552,238,557,597,595,541,373,471,0,0,103,0,1157,1183,1067,633,aro0921,cross_leg_right,1
495,1789975707.986535,61,502,588,558,583,628,611,500,472,225,206,555,597,607,601,531,540,217,568,612,581,555,390,475,0,0,72,0,1173,1193,1149,658,aro0921,cross_leg_right,1
496,1789975708.006577,47,483,557,548,580,624,607,487,453,147,217,519,574,601,605,523,537,219,575,615,599,588,392,485,0,0,78,0,1180,1192,1151,687,aro0921,cross_leg_right,1
497,1789975708.026584,26,457,537,527,559,607,617,471,471,135,207,488,571,605,596,517,517,223,591,599,569,556,373,495,0,0,63,0,1157,1189,1147,649,aro0921,cross_leg_right,1
498,1789975708.046530,0,430,530,539,574,600,581,474,441,123,145,509,552,572,613,488,549,233,589,633,599,587,396,491,0,0,79,24,1193,1192,1173,665,aro0921,cross_leg_right,1
499,1789975708.066517,0,413,524,521,551,602,590,461,446,41,125,475,533,575,573,519,516,237,581,607,571,555,389,533,0,0,81,0,1204,1205,1145,713,aro0921,cross_leg_right,1
500,1789975708.086584,0,345,477,484,565,596,559,458,423,40,123,461,525,541,587,487,543,217,554,629,597,568,413,501,0,0,95,0,1167,1210,1180,727,aro0921,cross_leg_right,1
501,1789975708.106551,0,301,485,493,550,587,558,461,405,36,103,476,509,555,615,484,523,203,571,603,590,589,425,541,0,0,87,31,1211,1208,1149,746,aro0921,cross_leg_right,1
502,1789975708.126518,0,253,472,453,553,571,557,427,399,43,119,459,541,575,593,499,509,243,575,619,567,559,399,509,0,0,35,0,1167,1195,1182,731,aro0921,cross_leg_right,1
503,1789975708.146661,0,227,441,471,543,568,552,431,358,46,105,415,541,551,591,525,542,244,581,617,601,555,407,541,0,0,47,0,1177,1173,1189,785,aro0921,cross_leg_right,1
504,1789975708.166594,0,179,427,473,559,557,537,401,307,0,83,413,520,575,605,529,506,229,549,623,597,554,423,495,0,0,89,27,1196,1177,1187,819,aro0921,cross_leg_right,1
505,1789975708.186588,0,156,434,470,541,551,487,371,303,0,76,401,541,587,599,541,521,231,556,612,565,553,393,487,0,0,75,0,1191,1221,1189,805,aro0921,cross_leg_right,1
506,1789975708.206631,0,89,396,458,559,541,447,317,249,0,84,431,503,587,587,523,543,245,557,611,599,575,395,505,0,0,39,0,1205,1171,1195,821,aro0921,cross_leg_right,1
507,1789975708.226530,0,102,402,471,563,531,405,309,249,0,47,409,553,581,590,547,541,219,555,571,569,531,367,473,0,0,60,0,1197,1195,1149,837,aro0921,cross_leg_right,1
508,1789975708.246542,0,89,378,473,555,516,373,277,209,0,40,413,539,587,607,554,567,217,533,584,568,541,360,440,0,0,69,0,1197,1194,1177,841,aro0921,cross_leg_right,1
509,1789975708.266531,0,75,372,466,553,489,351,273,171,0,30,421,529,581,594,565,559,207,517,601,559,531,333,409,0,0,87,0,1226,1198,1172,876,aro0921,cross_leg_right,1
510,1789975708.286579,0,77,356,461,540,445,313,234,115,0,53,447,539,587,601,571,565,185,504,579,539,503,328,404,0,0,81,0,1213,1183,1199,821,aro0921,cross_leg_right,1
511,1789975708.306558,0,95,371,473,504,435,270,233,0,0,71,437,535,593,638,542,563,157,523,553,557,482,347,419,0,0,92,21,1235,1199,1207,872,aro0921,cross_leg_right,1
512,1789975708.326527,0,105,362,443,505,435,234,183,0,0,78,462,559,603,645,555,583,181,505,547,539,499,336,361,0,0,50,0,1177,1191,1157,815,aro0921,cross_leg_right,1
513,1789975708.346580,0,83,392,436,471,410,235,171,0,0,77,494,553,595,604,573,569,149,481,556,553,472,285,350,0,0,201,0,1195,1229,1203,839,aro0921,cross_leg_right,1
514,1789975708.366506,0,175,397,473,443,397,211,166,0,0,116,488,566,611,613,587,555,155,472,559,549,443,281,316,31,0,232,0,1207,1177,1206,824,aro0921,cross_leg_right,1
515,1789975708.386555,0,278,420,444,456,405,203,153,0,0,125,503,605,633,632,573,555,160,483,536,538,459,261,253,0,0,283,0,1225,1213,1159,839,aro0921,cross_leg_right,1
516,1789975708.406575,0,313,429,467,415,407,217,163,0,0,152,529,619,602,613,557,559,137,503,504,525,470,249,237,0,0,347,39,1192,1171,1145,815,aro0921,cross_leg_right,1
517,1789975708.426531,0,355,445,460,427,389,213,153,0,0,190,579,630,649,658,601,587,114,479,504,509,440,262,197,0,0,361,21,1183,1205,1143,795,aro0921,cross_leg_right,1
518,1789975708.446520,0,371,445,461,415,389,209,159,0,0,279,557,649,653,655,581,571,121,469,525,519,439,271,204,0,0,343,0,1211,1178,1189,745,aro0921,cross_leg_right,1
519,1789975708.466572,0,405,463,481,431,395,239,159,0,0,313,593,681,619,637,613,583,111,461,491,501,427,167,165,0,0,427,39,1183,1189,1131,715,aro0921,cross_leg_right,1
520,1789975708.486529,0,435,487,483,439,406,243,183,0,0,365,586,675,659,670,580,611,123,484,519,504,437,254,183,0,0,393,20,1181,1181,1156,695,aro0921,cross_leg_right,1
521,1789975708.506575,52,447,503,477,441,411,230,189,0,0,405,597,651,635,652,618,601,111,463,541,485,452,267,189,0,0,427,43,1176,1172,1145,602,aro0921,cross_leg_right,1
522,1789975708.526567,72,483,529,494,447,407,251,191,0,0,404,620,677,659,666,617,589,123,485,508,499,435,243,158,0,0,391,25,1162,1165,1141,627,aro0921,cross_leg_right,1
523,1789975708.546540,79,496,538,507,469,423,261,205,0,0,427,624,660,661,665,605,591,136,499,495,491,434,232,168,0,0,413,24,1167,1145,1112,628,aro0921,cross_leg_right,1
524,1789975708.566551,105,524,564,533,471,437,287,222,0,0,425,621,712,645,660,612,598,107,504,495,473,419,237,159,0,0,415,51,1129,1159,1099,637,aro0921,cross_leg_right,1
525,1789975708.586531,115,527,549,507,503,431,305,227,0,0,423,648,715,649,671,612,607,134,501,499,474,443,253,169,0,0,367,35,1173,1179,1109,595,aro0921,cross_leg_right,1
526,1789975708.606574,125,529,555,533,492,439,313,237,0,0,441,617,681,683,659,623,575,119,491,496,495,459,247,179,0,0,430,47,1131,1149,1173,605,aro0921,cross_leg_right,1
527,1789975708.626543,135,531,573,539,517,437,335,248,0,0,468,624,683,667,663,616,596,115,487,503,477,457,253,168,0,0,408,0,1165,1171,1143,581,aro0921,cross_leg_right,1
528,1789975708.646567,163,547,587,529,531,437,345,236,0,0,475,622,717,681,663,635,591,117,499,491,463,433,266,180,0,0,397,43,1160,1179,1122,556,aro0921,cross_leg_right,1
529,1789975708.666163,133,541,559,551,543,453,376,268,0,0,437,654,700,648,699,607,591,121,488,495,503,437,235,183,0,0,461,61,1151,1127,1137,585,aro0921,cross_leg_right,1
530,1789975708.686559,135,539,565,555,549,469,371,276,24,0,457,635,725,668,675,619,628,137,475,535,477,439,277,184,0,0,420,22,1175,1163,1109,569,aro0921,cross_leg_right,1
531,1789975708.706576,133,535,595,555,539,475,389,269,59,0,425,667,680,684,696,605,589,157,473,529,477,455,277,187,0,25,419,61,1127,1133,1103,584,aro0921,cross_leg_right,1
532,1789975708.726572,155,553,585,548,550,475,413,281,73,0,435,637,701,667,676,621,603,151,491,521,493,445,267,187,0,0,423,68,1143,1145,1125,553,aro0921,cross_leg_right,1
533,1789975708.746603,167,563,591,553,551,489,439,291,100,0,439,637,715,669,677,627,600,171,506,495,499,457,259,211,0,0,431,55,1151,1135,1079,568,aro0921,cross_leg_right,1
534,1789975708.766590,211,564,587,543,569,474,458,281,103,0,425,646,685,653,668,617,621,175,519,521,521,425,285,222,0,0,462,57,1125,1116,1103,551,aro0921,cross_leg_right,1
535,1789975708.786616,215,574,612,573,565,493,445,301,133,0,429,631,682,664,679,621,601,189,489,530,510,466,281,200,0,0,444,50,1133,1166,1112,527,aro0921,cross_leg_right,1
536,1789975708.805898,213,567,613,563,587,509,478,327,179,0,424,637,687,661,691,605,599,172,519,501,501,469,275,243,0,0,461,42,1125,1162,1103,572,aro0921,cross_leg_right,1
537,1789975708.825610,237,571,613,565,571,499,487,329,209,0,443,613,683,665,696,633,585,199,491,505,523,435,306,244,0,0,455,100,1157,1145,1125,529,aro0921,cross_leg_right,1
538,1789975708.845636,235,595,629,555,547,500,483,347,219,0,427,623,693,669,681,628,602,176,521,530,504,476,267,210,0,0,455,72,1144,1125,1129,568,aro0921,cross_leg_right,1
539,1789975708.865628,238,589,639,571,575,521,495,357,217,0,423,627,697,671,681,623,602,185,506,527,501,475,287,239,0,0,440,89,1149,1140,1125,557,aro0921,cross_leg_right,1
540,1789975708.886039,244,597,649,567,575,525,507,367,219,0,421,623,685,654,685,617,616,173,524,531,523,463,275,222,0,0,433,57,1129,1113,1138,553,aro0921,cross_leg_right,1
541,1789975708.906595,243,579,665,570,569,509,491,360,237,0,439,621,676,651,670,615,619,187,517,509,488,473,300,246,0,0,457,59,1127,1151,1141,557,aro0921,cross_leg_right,1
542,1789975708.925699,227,599,650,571,573,537,519,371,239,0,394,633,687,683,683,623,584,213,495,533,495,447,293,246,0,0,415,67,1123,1129,1099,607,aro0921,cross_leg_right,1
543,1789975708.946762,150,574,634,563,595,505,493,371,237,0,424,627,667,677,692,617,615,205,499,537,517,459,311,269,0,0,409,81,1119,1165,1145,559,aro0921,cross_leg_right,1
544,1789975708.966556,125,551,645,585,571,530,535,391,231,0,399,607,664,653,669,645,621,197,499,557,530,455,291,262,0,0,437,115,1119,1131,1134,620,aro0921,cross_leg_right,1
545,1789975708.986733,137,564,635,569,573,531,501,371,201,0,378,601,679,667,695,634,613,213,505,541,508,459,297,253,0,0,421,114,1148,1171,1130,629,aro0921,cross_leg_right,1
546,1789975709.006622,133,551,640,567,573,517,509,366,181,0,367,610,663,645,686,617,618,217,537,529,536,469,292,300,0,0,459,91,1177,1179,1144,661,aro0921,cross_leg_right,1
547,1789975709.026558,116,521,603,563,571,501,521,337,99,0,362,569,667,687,657,627,613,226,537,527,539,489,287,311,0,0,428,121,1139,1143,1125,630,aro0921,cross_leg_right,1
548,1789975709.046574,83,499,593,569,576,509,501,304,58,0,281,589,653,637,683,585,617,244,520,541,549,499,270,281,0,0,445,165,1151,1163,1105,693,aro0921,cross_leg_right,1
549,1789975709.066543,39,455,551,557,558,485,485,271,0,0,261,559,634,649,665,601,601,228,523,540,523,479,309,291,0,0,432,147,1163,1170,1147,667,aro0921,cross_leg_right,1
550,1789975709.086551,0,408,529,543,543,469,458,275,0,0,243,543,629,646,662,599,595,227,527,541,530,483,303,291,0,0,427,152,1135,1165,1142,691,aro0921,cross_leg_right,1
551,1789975709.106580,0,371,509,519,543,453,425,239,0,0,245,518,619,649,685,579,594,209,509,558,537,468,325,287,0,0,418,179,1159,1147,1122,725,aro0921,cross_leg_right,1
552,1789975709.126579,0,347,465,503,527,425,381,227,0,0,236,496,627,635,639,606,590,243,536,533,488,469,319,318,0,0,411,147,1161,1197,1123,733,aro0921,cross_leg_right,1
553,1789975709.146596,0,247,463,484,486,395,371,199,0,0,226,503,593,647,671,587,587,217,541,527,523,457,325,327,0,0,415,183,1160,1173,1143,720,aro0921,cross_leg_right,1
554,1789975709.166148,0,189,421,479,483,389,315,171,0,0,191,482,597,631,651,574,593,231,532,549,524,487,315,309,0,0,429,185,1183,1178,1146,735,aro0921,cross_leg_right,1
555,1789975709.186688,0,155,413,446,445,361,271,123,0,0,202,487,583,637,655,587,587,217,539,549,520,489,314,295,0,0,469,182,1159,1183,1179,740,aro0921,cross_leg_right,1
556,1789975709.206573,0,116,379,441,402,355,245,81,0,0,182,509,589,624,651,585,599,231,535,558,530,488,315,307,0,0,441,228,1174,1181,1123,747,aro0921,cross_leg_right,1
557,1789975709.226541,0,99,347,429,403,331,204,45,0,0,181,508,583,637,632,589,613,255,531,548,508,481,339,331,0,0,427,268,1203,1181,1133,757,aro0921,cross_leg_right,1
558,1789975709.246575,0,92,348,413,393,315,185,0,0,0,159,525,568,611,636,585,615,230,520,573,557,507,300,297,0,0,465,261,1164,1157,1170,742,aro0921,cross_leg_right,1
559,1789975709.266541,0,99,319,408,365,313,145,0,0,0,198,499,584,635,649,580,585,219,555,553,519,503,330,300,0,0,474,264,1144,1208,1184,741,aro0921,cross_leg_right,1
560,1789975709.286585,0,89,331,423,373,325,156,0,0,0,189,495,604,629,655,587,587,231,543,549,547,502,301,311,0,0,438,293,1157,1167,1135,745,aro0921,cross_leg_right,1
561,1789975709.306591,0,94,325,397,375,303,157,0,0,0,191,489,585,604,667,594,594,223,525,581,555,476,332,287,0,0,475,262,1175,1183,1140,731,aro0921,cross_leg_right,1
562,1789975709.326610,0,94,303,403,345,295,137,0,0,0,219,499,616,607,665,571,595,244,523,572,520,521,295,307,0,0,484,263,1147,1211,1119,740,aro0921,cross_leg_right,1
563,1789975709.346550,0,73,264,397,361,281,127,0,0,0,200,527,601,635,637,607,583,249,535,543,539,483,333,301,0,24,453,311,1193,1197,1133,731,aro0921,cross_leg_right,1
564,1789975709.366532,0,84,253,375,343,283,123,0,0,0,243,503,621,627,645,614,616,263,547,569,531,499,325,299,0,0,459,280,1161,1176,1119,773,aro0921,cross_leg_right,1
565,1789975709.386575,0,75,245,393,342,277,127,0,0,0,241,519,623,647,661,593,589,247,533,584,547,488,308,263,0,0,460,317,1188,1171,1147,731,aro0921,cross_leg_right,1
566,1789975709.406547,0,77,231,383,338,249,107,0,0,0,249,516,611,626,679,569,599,219,550,573,519,494,323,239,0,23,457,331,1165,1207,1172,739,aro0921,cross_leg_right,1
567,1789975709.426557,0,75,236,361,330,251,119,0,0,0,251,519,601,649,648,604,593,261,539,572,531,491,315,249,0,0,473,319,1175,1181,1119,733,aro0921,cross_leg_right,1
568,1789975709.446572,0,73,233,357,315,231,112,0,0,0,223,539,616,632,653,587,600,247,541,569,535,488,303,245,0,0,477,300,1175,1181,1145,729,aro0921,cross_leg_right,1
569,1789975709.466568,0,57,213,332,303,232,107,0,0,0,249,509,638,635,631,601,604,253,549,554,553,487,311,263,0,0,457,299,1199,1171,1109,717,aro0921,cross_leg_right,1
570,1789975709.486536,0,55,212,313,307,214,107,0,0,0,223,547,620,615,645,573,613,229,551,555,549,503,301,247,0,0,489,295,1187,1197,1141,725,aro0921,cross_leg_right,1
571,1789975709.506569,0,43,214,326,285,229,106,0,0,0,213,535,601,618,676,556,599,219,541,551,535,485,297,235,0,0,488,317,1181,1161,1157,712,aro0921,cross_leg_right,1
572,1789975709.526535,0,59,230,327,315,227,132,0,0,0,232,555,613,611,651,595,611,233,525,574,535,483,285,227,0,0,483,313,1134,1177,1170,757,aro0921,cross_leg_right,1
573,1789975709.546554,0,75,228,309,325,250,126,0,0,0,211,556,599,619,632,595,615,253,553,559,525,472,328,249,0,0,501,277,1165,1149,1113,744,aro0921,cross_leg_right,1
574,1789975709.566567,0,94,235,333,333,267,135,0,0,0,250,568,621,618,647,595,617,268,554,575,523,475,299,222,0,29,472,274,1125,1175,1123,693,aro0921,cross_leg_right,1
575,1789975709.586561,0,91,262,337,325,293,165,0,0,0,236,531,613,621,661,568,611,227,540,566,533,487,295,251,0,23,488,283,1148,1156,1160,741,aro0921,cross_leg_right,1
576,1789975709.606544,0,125,287,333,345,311,205,0,0,0,217,564,615,613,649,583,621,235,556,557,553,501,293,251,0,0,489,213,1145,1202,1159,700,aro0921,cross_leg_right,1
577,1789975709.626583,0,141,333,361,343,339,274,76,0,0,234,539,619,631,652,583,600,245,539,565,535,489,315,265,0,0,475,191,1158,1161,1127,712,aro0921,cross_leg_right,1
578,1789975709.646596,0,167,360,379,357,359,313,143,0,0,232,543,620,631,659,581,599,247,543,597,538,493,299,251,0,0,475,175,1179,1155,1107,665,aro0921,cross_leg_right,1
579,1789975709.666610,0,171,372,399,351,391,359,184,0,0,251,519,601,613,663,573,623,245,525,588,549,487,316,267,0,0,494,180,1165,1133,1143,721,aro0921,cross_leg_right,1
580,1789975709.685924,0,199,389,431,373,397,367,223,0,0,227,563,636,631,637,599,603,237,549,567,535,501,344,309,0,0,468,169,1171,1179,1133,683,aro0921,cross_leg_right,1
581,1789975709.706646,0,215,394,423,372,409,419,234,0,0,239,557,606,628,670,571,631,233,525,586,549,503,303,303,0,29,529,190,1146,1175,1160,717,aro0921,cross_leg_right,1
582,1789975709.726556,0,239,405,445,393,437,419,269,0,0,243,541,624,653,647,591,586,229,525,589,524,525,345,285,0,0,457,189,1118,1189,1149,687,aro0921,cross_leg_right,1
583,1789975709.746595,0,270,413,455,401,445,461,284,0,0,247,525,633,615,660,583,626,255,521,585,537,485,347,339,0,0,479,140,1133,1170,1117,664,aro0921,cross_leg_right,1
584,1789975709.766592,0,340,453,454,391,447,472,291,0,0,235,531,607,633,633,597,614,252,557,558,560,477,339,335,0,25,481,152,1141,1129,1161,663,aro0921,cross_leg_right,1
585,1789975709.786559,0,347,459,473,415,461,483,295,0,0,264,559,638,619,667,569,593,255,543,565,535,521,315,315,0,0,488,155,1131,1175,1157,671,aro0921,cross_leg_right,1
586,1789975709.806547,0,381,447,469,430,461,499,327,0,0,254,539,629,615,649,581,605,243,533,600,540,517,349,311,0,0,488,147,1123,1135,1125,611,aro0921,cross_leg_right,1
587,1789975709.826582,0,390,471,476,439,473,492,318,0,0,247,543,633,635,659,586,599,239,550,574,553,502,331,333,0,0,475,171,1144,1151,1132,668,aro0921,cross_leg_right,1
588,1789975709.846561,0,373,471,475,427,479,517,329,0,0,267,567,629,634,663,585,597,245,539,579,539,507,317,335,0,0,471,166,1140,1179,1129,649,aro0921,cross_leg_right,1
589,1789975709.866546,0,395,487,466,415,488,506,312,0,0,223,565,617,637,643,599,571,214,524,589,556,503,349,309,25,0,469,147,1177,1148,1147,683,aro0921,cross_leg_right,1
590,1789975709.886582,0,415,478,483,431,473,505,317,0,0,273,559,638,649,653,571,599,221,527,581,542,495,315,339,0,25,471,173,1148,1133,1143,632,aro0921,cross_leg_right,1
591,1789975709.906316,0,409,461,472,425,472,495,312,0,0,275,537,645,632,630,595,573,219,549,557,548,533,341,349,0,20,467,139,1134,1181,1147,631,aro0921,cross_leg_right,1
592,1789975709.925771,0,409,478,467,412,477,507,341,0,0,243,553,611,645,663,569,569,205,541,573,553,493,324,335,0,0,485,155,1099,1161,1151,685,aro0921,cross_leg_right,1
593,1789975709.945680,0,395,469,475,423,498,521,346,0,0,265,539,607,627,661,565,593,237,547,573,551,535,339,365,0,0,445,155,1130,1160,1119,675,aro0921,cross_leg_right,1
594,1789975709.965622,0,396,477,477,431,491,509,332,44,0,228,551,623,635,647,585,569,243,535,569,531,499,355,367,0,0,463,175,1141,1166,1109,664,aro0921,cross_leg_right,1
595,1789975709.986659,0,407,488,487,413,485,535,355,73,0,261,565,637,621,661,553,586,235,531,582,542,501,357,358,0,0,461,143,1159,1180,1095,649,aro0921,cross_leg_right,1
596,1789975710.006634,0,423,493,469,440,508,518,346,83,0,229,548,627,631,628,595,584,245,537,583,567,539,349,377,0,0,440,141,1143,1139,1101,637,aro0921,cross_leg_right,1
597,1789975710.026022,0,427,503,481,420,503,533,367,118,0,231,537,639,617,653,575,599,223,541,587,548,523,350,361,0,0,466,163,1143,1157,1131,663,aro0921,cross_leg_right,1
598,1789975710.046599,0,431,493,485,431,505,537,376,124,0,243,548,629,631,648,571,582,227,543,587,537,521,348,372,0,21,457,152,1148,1171,1132,663,aro0921,cross_leg_right,1
599,1789975710.066585,0,425,503,499,457,499,543,383,124,0,235,529,659,615,665,554,585,243,539,569,575,506,340,363,0,0,461,122,1117,1141,1117,653,aro0921,cross_leg_right,1
600,1789975710.086589,0,425,493,491,453,495,536,403,124,0,221,565,599,624,630,581,585,213,537,584,563,540,343,381,0,0,472,148,1150,1139,1145,667,aro0921,cross_leg_right,1
601,1789975710.106551,0,431,521,493,431,522,529,403,147,0,246,569,617,645,633,584,568,216,541,601,533,548,351,377,0,0,435,165,1135,1142,1101,700,aro0921,cross_leg_right,1
602,1789975710.126575,0,443,507,495,453,503,529,407,189,0,239,543,637,648,653,565,567,217,553,581,569,521,365,372,0,0,429,123,1141,1115,1161,667,aro0921,cross_leg_right,1
603,1789975710.146630,0,427,517,485,468,521,537,408,207,0,229,548,627,619,652,568,588,217,547,597,551,535,365,367,0,0,432,155,1125,1139,1107,667,aro0921,cross_leg_right,1
604,1789975710.166589,0,431,487,491,473,501,555,395,213,0,237,519,600,649,629,585,584,253,547,573,571,504,365,411,0,0,427,155,1173,1181,1117,653,aro0921,cross_leg_right,1
605,1789975710.186571,0,441,503,505,482,523,557,419,223,0,211,544,623,636,662,585,563,215,543,599,563,521,339,367,0,0,421,152,1123,1135,1145,700,aro0921,cross_leg_right,1
606,1789975710.206622,0,455,507,506,479,508,537,397,242,0,253,558,604,623,623,588,576,248,557,603,538,529,363,409,0,0,437,105,1147,1125,1112,709,aro0921,cross_leg_right,1
607,1789975710.226614,0,447,519,504,474,525,549,409,239,0,245,529,635,636,647,573,567,245,550,585,553,533,351,394,0,0,435,149,1135,1158,1129,683,aro0921,cross_leg_right,1
608,1789975710.246561,0,453,508,504,483,524,548,414,245,0,229,543,617,623,648,569,573,231,550,585,553,532,349,393,0,0,439,126,1135,1156,1135,681,aro0921,cross_leg_right,1
609,1789975710.266593,0,439,529,507,475,531,539,411,241,0,205,549,611,629,629,589,573,251,571,593,533,515,356,366,0,0,481,152,1128,1150,1122,711,aro0921,cross_leg_right,1
610,1789975710.286553,0,461,504,499,489,520,543,409,246,0,219,547,633,623,637,589,595,231,551,572,537,517,359,392,0,0,447,120,1147,1171,1145,695,aro0921,cross_leg_right,1
611,1789975710.306557,0,443,523,519,465,535,540,403,234,0,248,531,634,651,637,595,557,237,565,567,533,555,334,365,0,0,425,156,1116,1127,1159,711,aro0921,cross_leg_right,1
612,1789975710.326555,0,455,519,517,491,529,543,403,214,0,217,549,611,649,637,586,587,222,556,575,550,547,337,371,0,0,434,163,1159,1167,1150,659,aro0921,cross_leg_right,1
613,1789975710.346580,0,456,519,499,463,536,552,403,227,0,265,539,603,614,659,555,589,234,525,599,558,495,345,397,0,0,477,127,1129,1134,1124,685,aro0921,cross_leg_right,1
614,1789975710.366558,0,469,499,495,473,517,551,412,205,0,247,539,605,650,647,588,579,238,524,581,530,509,357,395,0,0,471,183,1121,1125,1127,687,aro0921,cross_leg_right,1
615,1789975710.386560,0,463,523,509,473,519,541,407,147,0,231,548,619,648,660,585,571,238,521,581,534,531,331,393,0,21,471,151,1119,1148,1103,663,aro0921,cross_leg_right,1
616,1789975710.406601,0,456,519,494,459,520,549,380,139,0,255,550,611,629,677,563,573,231,537,555,558,495,363,363,0,0,487,163,1147,1097,1145,629,aro0921,cross_leg_right,1
617,1789975710.426544,0,473,502,493,445,521,535,375,135,0,231,589,617,621,661,568,602,245,537,575,543,517,343,358,0,0,461,155,1131,1139,1121,605,aro0921,cross_leg_right,1
618,1789975710.446558,0,465,519,499,441,524,533,379,133,0,252,573,631,635,658,585,587,221,535,571,547,519,341,351,0,0,465,156,1135,1143,1119,634,aro0921,cross_leg_right,1
619,1789975710.466614,0,461,529,504,455,537,540,375,111,0,247,552,653,619,682,588,569,191,551,586,553,501,332,325,0,0,475,150,1162,1133,1145,607,aro0921,cross_leg_right,1
620,1789975710.486575,0,472,519,488,436,533,540,375,125,0,263,583,637,639,645,581,590,217,529,571,543,517,334,342,0,0,477,165,1135,1151,1126,631,aro0921,cross_leg_right,1
621,1789975710.506566,0,461,519,491,437,527,523,379,123,0,267,581,635,639,661,581,589,201,529,585,539,532,349,355,0,0,475,169,1115,1135,1141,611,aro0921,cross_leg_right,1
622,1789975710.526648,0,463,517,502,435,535,531,375,108,0,263,596,621,627,663,565,601,223,519,571,537,517,307,309,0,0,503,169,1161,1146,1123,611,aro0921,cross_leg_right,1
623,1789975710.546617,0,476,531,502,437,517,527,367,125,0,239,591,627,649,649,588,571,231,555,569,537,495,355,343,0,0,489,173,1132,1127,1099,606,aro0921,cross_leg_right,1
624,1789975710.566572,0,483,531,483,439,517,549,362,127,0,251,601,627,658,683,556,589,191,535,562,520,482,344,318,0,29,509,159,1145,1133,1151,655,aro0921,cross_leg_right,1
625,1789975710.586606,0,476,517,485,429,523,530,365,107,0,269,601,623,658,657,597,573,203,539,583,531,495,326,344,0,0,463,173,1160,1167,1099,618,aro0921,cross_leg_right,1
626,1789975710.606603,0,461,525,493,435,533,531,371,93,0,254,585,638,654,660,571,567,218,542,547,539,519,349,331,0,0,469,149,1133,1165,1103,637,aro0921,cross_leg_right,1
627,1789975710.626564,0,471,525,488,439,504,543,361,105,0,270,567,629,659,662,589,569,220,543,549,551,491,330,347,0,0,458,191,1158,1123,1129,649,aro0921,cross_leg_right,1
628,1789975710.646558,0,465,529,509,424,507,543,363,110,0,291,559,661,659,655,587,568,221,543,549,547,504,315,330,0,0,465,169,1129,1130,1115,651,aro0921,cross_leg_right,1
629,1789975710.666589,0,473,504,485,423,505,529,355,135,0,291,601,621,663,638,589,597,207,551,548,537,520,351,348,0,0,477,190,1135,1137,1135,631,aro0921,cross_leg_right,1
630,1789975710.686552,0,461,510,500,438,527,531,363,118,0,268,585,639,635,661,583,585,215,529,567,537,501,337,343,0,0,483,170,1135,1143,1123,628,aro0921,cross_leg_right,1
631,1789975710.706576,0,458,508,500,435,525,537,363,119,0,268,581,639,633,655,580,593,215,536,568,550,507,340,343,0,0,481,121,1133,1150,1127,603,aro0921,cross_leg_right,1
632,1789975710.726665,0,459,508,500,441,533,535,355,116,0,247,599,633,637,661,583,591,217,531,557,539,509,344,327,0,0,479,171,1139,1143,1132,629,aro0921,cross_leg_right,1
633,1789975710.746695,0,455,505,507,439,524,533,359,108,0,261,583,632,633,659,581,588,222,536,569,549,521,351,350,0,0,481,174,1128,1129,1125,628,aro0921,cross_leg_right,1
634,1789975710.766596,0,462,498,495,420,529,550,349,79,0,281,587,627,663,645,589,599,211,551,551,568,509,328,329,0,0,505,157,1147,1178,1129,587,aro0921,cross_leg_right,1
635,1789975710.786642,0,447,517,520,426,523,523,348,64,0,271,567,633,621,659,596,587,235,544,572,563,529,355,333,0,0,501,185,1125,1164,1115,631,aro0921,cross_leg_right,1
636,1789975710.821115,0,447,507,507,432,519,541,347,45,0,285,563,659,619,675,579,589,229,507,582,569,495,345,361,0,0,469,167,1129,1139,1112,631,aro0921,cross_leg_right,1
637,1789975710.828213,0,453,490,503,423,502,521,343,0,0,260,597,619,661,646,585,599,233,521,570,535,505,366,374,0,0,475,190,1160,1173,1115,619,aro0921,cross_leg_right,1
638,1789975710.846183,0,437,491,517,435,509,531,345,0,0,291,559,664,638,632,595,604,205,525,595,551,507,357,365,0,0,469,165,1116,1127,1101,653,aro0921,cross_leg_right,1
639,1789975710.866709,0,456,493,503,423,531,543,343,0,0,285,563,637,617,677,569,605,215,522,589,561,499,319,349,0,0,520,159,1143,1149,1119,627,aro0921,cross_leg_right,1
640,1789975710.886640,0,436,494,498,427,531,529,329,0,0,269,595,639,635,652,581,605,217,549,573,553,511,348,333,0,0,467,189,1125,1124,1135,639,aro0921,cross_leg_right,1
641,1789975710.906587,0,435,491,507,445,533,519,331,31,0,245,573,616,657,647,601,595,216,557,555,539,492,327,349,0,25,479,191,1123,1147,1149,661,aro0921,cross_leg_right,1
642,1789975710.926612,0,441,501,508,425,519,535,342,61,0,282,601,647,617,681,567,585,227,533,571,540,519,333,355,0,0,479,171,1133,1143,1127,637,aro0921,cross_leg_right,1
643,1789975710.946593,0,465,503,490,459,524,543,351,81,0,243,563,648,659,648,600,587,239,524,567,551,489,364,349,0,29,489,175,1143,1171,1134,615,aro0921,cross_leg_right,1
644,1789975710.966568,0,457,531,517,459,523,534,355,107,0,245,565,645,639,659,586,595,217,543,547,542,519,341,351,0,23,475,167,1135,1141,1129,633,aro0921,cross_leg_right,1
645,1789975710.986616,0,461,517,511,455,523,529,357,101,0,263,586,635,637,661,587,591,223,535,571,555,527,338,349,0,0,483,171,1121,1140,1125,659,aro0921,cross_leg_right,1
646,1789975711.006599,0,453,501,531,459,517,550,350,117,0,268,563,660,637,637,591,609,231,533,555,567,495,351,371,0,0,457,179,1131,1141,1112,614,aro0921,cross_leg_right,1
647,1789975711.026562,0,475,534,523,445,505,529,373,115,0,265,584,661,663,680,600,572,204,551,571,569,523,372,351,0,27,458,175,1134,1115,1132,647,aro0921,cross_leg_right,1
648,1789975711.046614,0,469,525,487,447,525,533,359,123,0,265,557,623,637,646,565,587,221,523,595,559,539,349,333,0,28,489,149,1118,1141,1142,667,aro0921,cross_leg_right,1
649,1789975711.066583,0,483,516,537,457,520,536,377,149,0,280,597,665,664,649,605,582,199,551,549,537,485,364,381,0,0,444,172,1111,1107,1133,644,aro0921,cross_leg_right,1
650,1789975711.086565,0,478,519,534,491,539,533,388,148,0,247,585,659,649,648,593,604,235,522,568,556,535,355,351,0,0,465,171,1148,1145,1107,611,aro0921,cross_leg_right,1
651,1789975711.106368,0,477,519,535,498,543,533,375,199,0,283,575,647,631,663,581,585,220,547,552,537,507,359,344,0,0,475,189,1143,1110,1101,611,aro0921,cross_leg_right,1
652,1789975711.126562,0,496,539,523,476,535,539,413,210,0,275,583,658,617,661,560,606,205,531,595,533,488,319,333,0,31,479,135,1157,1131,1144,657,aro0921,cross_leg_right,1
653,1789975711.146591,0,473,539,509,503,543,549,413,203,0,275,553,636,663,647,580,573,217,507,590,544,519,329,351,0,0,444,137,1147,1159,1145,606,aro0921,cross_leg_right,1
654,1789975711.166570,0,482,543,531,487,532,542,406,221,0,264,583,647,667,659,605,612,224,533,573,543,519,345,351,0,31,470,165,1133,1141,1133,633,aro0921,cross_leg_right,1
655,1789975711.186264,0,485,535,533,503,535,547,411,227,0,276,585,645,637,664,586,597,232,534,571,549,518,342,359,0,0,479,164,1116,1170,1127,603,aro0921,cross_leg_right,1
656,1789975711.206500,39,475,527,521,507,543,539,403,239,0,249,605,664,651,671,584,580,239,521,581,533,530,357,389,0,0,470,184,1151,1147,1102,573,aro0921,cross_leg_right,1
657,1789975711.226596,38,499,536,533,516,541,553,429,247,0,287,567,655,629,647,611,595,199,548,569,537,489,348,339,0,0,476,127,1124,1113,1171,659,aro0921,cross_leg_right,1
658,1789975711.246614,31,477,537,543,505,537,558,427,227,0,249,613,623,623,631,611,576,219,519,594,549,509,326,347,0,0,483,184,1111,1135,1126,649,aro0921,cross_leg_right,1
659,1789975711.266034,28,491,523,546,506,552,565,423,216,0,285,575,639,620,675,585,611,214,555,535,550,495,341,363,0,0,487,190,1139,1083,1101,676,aro0921,cross_leg_right,1
660,1789975711.285714,0,491,540,522,495,525,536,402,223,0,251,603,657,659,667,581,587,220,517,587,557,509,362,361,0,0,455,163,1141,1127,1143,639,aro0921,cross_leg_right,1
661,1789975711.315650,0,485,532,509,475,534,536,402,203,0,249,589,629,659,661,566,573,203,523,575,563,488,356,375,0,0,476,139,1147,1077,1150,652,aro0921,cross_leg_right,1
662,1789975711.326920,0,474,517,541,494,549,527,423,187,0,262,603,662,621,648,588,612,211,555,551,569,519,351,337,0,0,475,199,1107,1093,1079,635,aro0921,cross_leg_right,1
663,1789975711.345694,0,473,537,531,473,524,543,413,205,0,255,601,655,663,671,559,568,207,523,585,529,494,344,361,0,0,452,141,1133,1163,1159,605,aro0921,cross_leg_right,1
664,1789975711.365711,0,473,522,535,484,543,547,413,203,0,255,586,645,661,648,597,595,221,519,585,569,492,358,366,0,0,459,189,1113,1113,1103,603,aro0921,cross_leg_right,1
665,1789975711.385719,0,472,523,529,489,531,541,397,201,0,265,575,664,635,659,568,612,238,529,559,557,501,334,375,0,0,454,171,1163,1133,1103,585,aro0921,cross_leg_right,1
666,1789975711.405700,0,499,527,536,495,529,533,403,213,0,246,567,653,636,645,607,599,221,553,552,524,530,363,380,0,21,519,139,1127,1131,1111,623,aro0921,cross_leg_right,1
667,1789975711.425679,0,488,535,531,483,537,539,411,221,0,277,591,659,647,651,589,599,218,532,574,541,517,343,360,0,0,483,171,1131,1139,1123,617,aro0921,cross_leg_right,1
668,1789975711.445689,29,478,535,540,488,531,543,423,221,0,281,588,634,671,671,583,597,211,521,572,539,499,327,379,0,0,518,191,1133,1167,1148,637,aro0921,cross_leg_right,1
669,1789975711.465678,45,487,525,540,493,527,549,430,249,0,293,571,661,637,653,595,610,203,535,573,531,504,365,365,0,0,500,163,1119,1178,1143,603,aro0921,cross_leg_right,1
670,1789975711.486688,81,495,551,521,503,539,547,413,251,0,264,604,629,627,677,571,599,228,549,552,529,517,366,381,0,21,499,171,1159,1157,1117,633,aro0921,cross_leg_right,1
671,1789975711.506607,61,495,531,520,521,538,539,409,263,0,251,598,611,645,683,575,619,231,549,555,523,519,366,392,0,0,495,191,1165,1170,1123,619,aro0921,cross_leg_right,1
672,1789975711.526674,55,494,549,549,499,531,555,437,239,0,287,572,669,653,687,581,607,213,554,553,571,495,365,373,0,23,452,187,1105,1101,1128,654,aro0921,cross_leg_right,1
673,1789975711.546644,72,499,533,541,523,549,551,415,235,0,253,586,675,632,659,613,613,229,517,595,555,537,329,350,0,21,499,151,1116,1133,1118,597,aro0921,cross_leg_right,1
674,1789975711.566769,67,483,551,533,499,541,537,424,243,0,296,579,637,647,682,575,591,179,519,595,563,541,317,355,0,0,479,184,1113,1119,1130,631,aro0921,cross_leg_right,1
675,1789975711.586656,47,505,532,530,503,541,555,423,237,0,255,606,653,632,662,599,583,207,551,567,568,536,329,371,0,23,469,147,1141,1129,1147,605,aro0921,cross_leg_right,1
676,1789975711.606614,0,504,543,541,505,536,569,435,244,0,239,606,639,619,681,559,595,211,555,567,563,499,345,362,0,0,493,145,1149,1113,1149,655,aro0921,cross_leg_right,1
677,1789975711.626610,0,499,540,529,501,551,543,430,245,0,288,571,639,665,656,606,581,242,505,582,535,541,339,381,0,35,489,159,1149,1159,1096,647,aro0921,cross_leg_right,1
678,1789975711.646692,0,475,535,522,523,539,541,411,253,0,283,575,639,667,681,581,589,245,523,599,565,517,362,362,0,0,477,142,1125,1163,1135,651,aro0921,cross_leg_right,1
679,1789975711.666616,0,485,541,533,509,543,552,423,251,0,265,588,645,639,666,591,601,229,537,581,549,533,347,373,0,0,478,157,1125,1131,1140,622,aro0921,cross_leg_right,1
680,1789975711.686582,0,501,539,541,517,543,559,439,263,0,268,589,671,647,651,589,600,233,520,593,565,517,366,394,0,0,471,148,1119,1119,1101,623,aro0921,cross_leg_right,1
681,1789975711.706629,0,507,534,543,527,556,563,426,250,0,283,573,670,655,679,568,591,244,547,565,569,503,341,383,0,0,439,163,1131,1175,1099,603,aro0921,cross_leg_right,1
682,1789975711.726572,0,485,549,535,499,555,559,419,253,0,284,583,653,631,651,589,614,213,559,584,559,509,365,359,0,0,439,179,1117,1143,1159,629,aro0921,cross_leg_right,1
683,1789975711.746610,26,495,529,527,527,537,565,439,247,0,246,579,671,660,650,601,605,223,523,597,566,504,365,397,0,0,489,160,1150,1157,1101,603,aro0921,cross_leg_right,1
684,1789975711.766662,23,489,543,553,504,533,562,439,229,0,246,611,668,663,661,584,571,211,553,553,558,543,359,391,0,27,442,168,1160,1181,1149,629,aro0921,cross_leg_right,1
685,1789975711.786591,0,483,551,539,503,541,543,419,249,0,267,603,655,629,681,587,587,227,539,565,535,531,334,379,0,23,447,183,1147,1111,1148,653,aro0921,cross_leg_right,1
686,1789975711.806791,0,500,551,543,501,555,543,435,253,0,284,581,665,647,649,603,597,211,537,602,541,525,349,367,0,0,462,159,1148,1163,1124,607,aro0921,cross_leg_right,1
687,1789975711.826999,0,486,539,547,523,543,568,441,236,0,245,595,663,617,669,571,613,203,525,587,567,505,347,346,0,21,484,141,1147,1149,1135,605,aro0921,cross_leg_right,1
688,1789975711.846704,0,477,555,537,499,535,559,427,249,0,263,601,647,645,683,597,615,217,519,583,551,519,333,381,0,29,495,197,1115,1160,1145,653,aro0921,cross_leg_right,1
689,1789975711.866967,0,491,536,536,507,546,553,427,243,0,271,591,651,647,665,588,603,225,534,575,549,529,346,375,0,0,477,167,1133,1144,1127,617,aro0921,cross_leg_right,1
690,1789975711.886768,0,499,537,533,509,543,547,431,251,0,269,589,627,647,667,583,597,239,519,566,550,531,333,381,0,0,473,176,1111,1122,1137,645,aro0921,cross_leg_right,1
691,1789975711.906976,0,485,544,531,507,552,567,412,249,0,279,582,631,659,669,601,581,237,535,571,536,497,373,384,0,0,469,189,1128,1129,1111,637,aro0921,cross_leg_right,1
692,1789975711.926695,0,475,529,536,501,539,559,411,231,0,276,614,651,664,645,603,596,243,533,585,539,523,341,395,0,0,445,191,1145,1163,1105,615,aro0921,cross_leg_right,1
693,1789975711.946693,0,500,532,531,504,535,564,434,232,0,249,605,623,667,647,567,613,231,531,589,559,505,363,387,0,27,471,191,1151,1159,1103,612,aro0921,cross_leg_right,1
694,1789975711.966858,0,500,522,538,527,532,539,427,249,0,269,581,665,667,669,585,589,203,558,573,541,531,332,397,0,0,455,139,1129,1175,1175,644,aro0921,cross_leg_right,1
695,1789975711.986729,0,485,548,549,501,555,569,435,231,0,265,600,665,648,649,603,598,231,529,591,564,521,340,375,0,0,462,171,1156,1129,1113,614,aro0921,cross_leg_right,1
696,1789975712.006578,0,487,547,531,525,538,555,425,247,0,248,580,639,631,679,579,591,190,554,589,557,507,363,372,0,25,459,187,1151,1167,1132,606,aro0921,cross_leg_right,1
697,1789975712.026460,0,475,526,548,525,553,564,419,237,0,247,599,630,667,661,613,587,233,533,603,573,533,328,395,0,0,479,200,1167,1113,1097,628,aro0921,cross_leg_right,1
698,1789975712.046688,0,499,525,535,503,553,566,427,233,0,273,613,629,649,649,589,602,235,538,569,547,509,361,364,0,0,447,198,1133,1157,1139,614,aro0921,cross_leg_right,1
699,1789975712.066603,0,479,535,541,519,550,556,429,243,0,243,595,648,637,666,595,597,223,536,575,547,523,347,379,0,0,471,167,1131,1141,1125,623,aro0921,cross_leg_right,1
700,1789975712.086582,0,488,537,539,519,548,556,431,246,0,265,597,639,647,663,590,601,231,534,565,551,538,347,378,0,0,475,167,1133,1146,1128,633,aro0921,cross_leg_right,1
701,1789975712.106673,0,487,535,531,521,548,556,427,239,0,281,571,627,649,653,567,615,228,537,580,542,524,359,377,0,0,455,189,1149,1131,1128,623,aro0921,cross_leg_right,1
702,1789975712.126589,0,485,539,541,517,551,555,427,239,0,269,595,645,645,665,588,597,219,535,575,543,529,347,375,0,0,477,163,1128,1145,1131,683,aro0921,cross_leg_right,1
703,1789975712.146576,0,501,529,537,509,537,553,415,236,0,284,605,631,621,683,603,580,211,552,589,555,531,341,392,0,0,461,180,1129,1157,1109,613,aro0921,cross_leg_right,1
704,1789975712.166642,0,492,531,531,507,553,567,427,227,0,275,604,661,629,677,585,595,237,521,568,544,509,363,361,27,0,487,159,1123,1163,1161,617,aro0921,cross_leg_right,1
705,1789975712.186576,0,477,541,541,503,543,543,431,244,0,281,596,687,658,649,571,615,221,523,571,551,531,335,371,0,0,499,153,1105,1123,1125,633,aro0921,cross_leg_right,1
706,1789975712.206583,0,487,548,549,505,531,567,426,223,0,285,569,667,612,683,583,587,241,517,588,555,498,363,396,0,0,467,169,1135,1159,1101,596,aro0921,cross_leg_right,1
707,1789975712.226646,0,487,525,550,507,557,568,425,219,0,250,605,667,623,670,570,611,219,509,599,569,509,337,359,0,21,483,151,1173,1139,1107,601,aro0921,cross_leg_right,1
708,1789975712.246594,0,491,543,531,494,537,564,425,223,0,269,588,631,635,669,574,603,215,525,599,555,507,351,383,0,0,469,192,1133,1143,1108,585,aro0921,cross_leg_right,1
709,1789975712.266608,0,488,529,539,517,550,567,429,219,0,229,588,638,651,684,600,583,219,521,582,559,505,359,374,0,24,499,152,1147,1159,1095,607,aro0921,cross_leg_right,1
710,1789975712.286688,0,483,525,531,520,555,553,413,235,0,265,601,631,639,679,573,589,231,525,581,533,505,357,355,0,0,493,169,1142,1161,1108,613,aro0921,cross_leg_right,1
711,1789975712.306587,0,491,537,529,503,547,551,418,227,0,294,571,631,654,667,606,575,219,535,579,549,525,361,367,0,0,493,187,1139,1143,1127,619,aro0921,cross_leg_right,1
712,1789975712.326595,0,484,535,533,505,547,555,421,223,0,268,595,648,647,665,589,597,217,536,573,547,520,343,375,0,0,476,172,1140,1139,1127,617,aro0921,cross_leg_right,1
713,1789975712.346625,0,489,527,549,509,547,539,415,233,0,254,603,631,640,677,603,589,229,547,559,531,519,361,381,0,0,492,187,1114,1143,1111,605,aro0921,cross_leg_right,1
714,1789975712.366608,0,487,533,537,501,537,542,429,221,0,287,607,657,629,679,581,597,246,521,569,533,537,331,381,0,0,471,165,1130,1113,1115,632,aro0921,cross_leg_right,1
715,1789975712.385663,0,493,535,541,520,535,555,427,232,0,255,575,651,635,679,601,583,229,523,595,559,501,361,406,0,0,494,155,1117,1119,1106,614,aro0921,cross_leg_right,1
716,1789975712.405638,0,489,537,539,487,556,547,408,232,0,291,595,645,671,647,568,629,186,548,583,553,530,361,351,0,0,491,160,1101,1169,1127,605,aro0921,cross_leg_right,1
717,1789975712.426650,0,493,541,527,509,551,563,421,211,0,251,589,629,661,648,603,591,207,543,583,559,509,345,359,0,0,473,188,1146,1133,1133,605,aro0921,cross_leg_right,1
718,1789975712.446612,0,491,510,533,487,535,563,423,189,0,286,606,629,651,657,587,603,237,531,559,543,501,356,376,0,0,463,188,1141,1159,1127,589,aro0921,cross_leg_right,1
719,1789975712.466605,0,499,521,529,495,559,568,431,202,0,251,617,637,627,647,584,611,229,525,600,569,517,315,358,0,35,504,153,1107,1118,1109,596,aro0921,cross_leg_right,1
720,1789975712.486625,0,485,523,535,505,555,547,421,217,0,254,569,629,627,680,589,581,227,531,559,557,517,356,350,0,27,459,188,1159,1161,1146,572,aro0921,cross_leg_right,1
721,1789975712.506191,0,491,541,531,503,544,555,425,214,0,268,581,633,659,659,596,591,231,522,573,551,521,317,365,0,0,483,179,1131,1147,1127,616,aro0921,cross_leg_right,1
722,1789975712.525685,0,485,535,536,506,547,557,421,217,0,277,591,653,650,667,590,603,221,537,573,548,521,347,366,0,0,478,174,1131,1139,1128,616,aro0921,cross_leg_right,1
723,1789975712.545656,0,487,533,539,509,551,553,428,221,0,294,583,664,649,645,585,611,237,521,559,540,538,333,359,0,0,502,159,1119,1118,1146,645,aro0921,cross_leg_right,1
724,1789975712.565747,0,477,552,557,518,535,573,414,219,0,284,570,645,669,653,605,585,239,523,591,565,520,325,405,0,0,456,188,1163,1117,1097,611,aro0921,cross_leg_right,1
725,1789975712.586738,0,487,539,549,505,537,571,428,221,0,280,601,650,644,665,600,588,231,520,579,550,507,362,391,0,0,499,148,1130,1157,1108,615,aro0921,cross_leg_right,1
726,1789975712.605668,0,494,548,551,529,555,553,429,246,0,260,582,639,655,663,601,587,238,523,567,547,537,343,363,0,21,491,163,1113,1125,1145,664,aro0921,cross_leg_right,1
727,1789975712.626687,0,493,527,547,530,556,565,434,233,0,271,591,671,634,681,575,607,235,537,596,566,535,341,364,0,0,474,183,1119,1131,1117,655,aro0921,cross_leg_right,1
728,1789975712.646717,0,493,551,543,503,549,555,439,261,0,281,607,678,643,671,568,611,229,521,591,553,524,358,393,0,0,463,187,1113,1127,1107,666,aro0921,cross_leg_right,1
729,1789975712.665669,0,519,549,541,539,569,559,448,251,0,233,599,651,619,681,569,591,212,509,587,523,541,331,357,0,25,494,133,1169,1173,1160,623,aro0921,cross_leg_right,1
730,1789975712.686701,0,485,549,539,509,543,554,428,245,0,275,594,631,633,677,581,610,217,549,565,558,506,365,379,0,0,476,178,1125,1127,1143,604,aro0921,cross_leg_right,1
731,1789975712.706606,69,499,537,541,532,555,568,441,265,0,263,588,649,632,680,590,589,221,533,583,549,529,352,377,0,0,473,169,1127,1143,1125,621,aro0921,cross_leg_right,1
732,1789975712.726606,87,499,551,543,531,555,568,443,271,0,269,593,635,649,665,589,585,221,536,581,527,525,355,365,0,0,472,171,1131,1163,1125,617,aro0921,cross_leg_right,1
733,1789975712.746659,90,508,551,539,548,563,567,458,279,0,253,575,647,674,663,595,567,213,533,597,543,517,367,375,0,0,495,157,1117,1125,1123,629,aro0921,cross_leg_right,1
734,1789975712.766715,83,527,540,531,520,557,565,462,283,0,297,603,619,669,637,573,622,231,519,563,533,547,341,365,0,0,484,179,1112,1158,1147,653,aro0921,cross_leg_right,1
735,1789975712.786836,89,508,543,563,539,551,565,444,277,0,263,599,651,661,655,612,597,236,543,567,535,541,340,375,0,23,485,169,1128,1136,1149,638,aro0921,cross_leg_right,1
736,1789975712.806679,103,503,553,542,536,568,559,445,296,0,253,605,654,650,660,589,611,217,551,591,523,539,348,367,0,0,459,183,1127,1163,1139,606,aro0921,cross_leg_right,1
737,1789975712.826738,109,503,555,535,529,543,586,439,281,0,277,601,635,629,685,582,601,235,551,553,571,517,343,407,0,25,493,143,1141,1157,1145,591,aro0921,cross_leg_right,1
738,1789975712.846690,89,520,549,551,539,555,587,455,271,0,245,609,665,639,655,575,611,237,523,587,548,521,377,381,0,31,473,153,1157,1160,1107,607,aro0921,cross_leg_right,1
739,1789975712.866650,73,507,559,553,531,565,572,460,268,0,293,605,660,634,683,595,588,179,540,581,563,535,333,367,0,0,492,162,1150,1161,1146,621,aro0921,cross_leg_right,1
740,1789975712.886768,68,508,558,549,531,549,565,447,263,0,264,600,664,645,639,603,590,233,551,568,551,540,345,395,0,23,471,165,1127,1165,1119,591,aro0921,cross_leg_right,1
741,1789975712.906768,0,507,547,543,531,552,575,435,263,0,253,597,653,627,677,571,627,235,549,565,554,519,335,403,0,30,499,151,1117,1132,1116,648,aro0921,cross_leg_right,1
742,1789975712.926625,0,475,554,551,537,567,569,427,239,0,268,567,619,637,655,567,613,201,553,591,503,495,375,357,0,0,443,204,1139,1123,1135,651,aro0921,cross_leg_right,1
743,1789975712.946638,0,487,532,536,501,563,555,427,245,0,285,597,631,629,667,593,586,232,524,583,555,533,333,363,0,0,503,173,1117,1163,1123,599,aro0921,cross_leg_right,1
744,1789975712.966630,0,488,521,543,505,565,573,437,237,0,265,607,665,627,668,581,598,213,520,593,563,505,359,377,0,0,485,155,1141,1119,1117,645,aro0921,cross_leg_right,1
745,1789975712.986599,0,469,529,533,504,552,552,413,237,0,263,600,633,633,664,571,598,219,537,568,535,531,357,395,0,0,489,164,1126,1157,1113,623,aro0921,cross_leg_right,1
746,1789975713.006797,0,472,527,537,499,550,564,427,231,0,264,589,648,645,663,553,588,217,533,573,549,522,355,377,0,0,484,173,1133,1141,1128,623,aro0921,cross_leg_right,1
747,1789975713.026782,0,468,527,537,495,547,567,457,207,0,269,589,647,639,663,587,587,223,557,553,559,547,377,402,0,0,486,173,1107,1138,1129,671,aro0921,cross_leg_right,1
748,1789975713.046817,0,459,533,548,488,553,572,428,223,0,283,573,658,653,651,600,589,217,519,595,537,530,339,349,0,0,469,199,1111,1165,1131,653,aro0921,cross_leg_right,1
749,1789975713.066697,0,465,533,525,488,557,555,437,233,0,281,567,635,645,663,596,571,211,537,595,540,531,357,367,0,0,498,169,1115,1131,1107,665,aro0921,cross_leg_right,1
750,1789975713.086922,0,470,523,537,485,556,569,414,220,0,279,572,651,657,663,583,575,227,540,559,539,531,337,369,0,0,467,165,1122,1129,1113,671,aro0921,cross_leg_right,1
751,1789975713.106748,0,459,523,534,483,555,580,423,203,0,284,585,645,665,647,601,575,205,541,595,567,515,331,361,0,0,455,199,1126,1117,1144,658,aro0921,cross_leg_right,1
752,1789975713.126734,0,469,523,531,501,553,557,425,219,0,244,563,631,649,667,605,569,211,541,573,539,533,341,371,0,0,477,199,1133,1130,1147,670,aro0921,cross_leg_right,1
753,1789975713.146567,0,445,525,547,499,541,554,419,217,0,259,567,631,659,645,563,600,197,548,597,553,537,347,399,0,0,503,168,1135,1133,1117,671,aro0921,cross_leg_right,1
754,1789975713.166758,0,461,506,553,501,551,567,431,215,0,227,601,645,619,669,571,605,209,524,604,537,498,373,367,0,0,501,154,1117,1166,1135,679,aro0921,cross_leg_right,1
755,1789975713.186712,0,465,519,537,493,539,555,425,199,0,249,583,651,632,647,587,601,217,551,563,563,532,364,399,0,0,489,156,1135,1135,1131,635,aro0921,cross_leg_right,1
756,1789975713.206589,0,453,517,529,486,549,567,422,195,0,263,581,637,637,663,584,587,220,529,580,551,524,350,379,0,0,488,181,1139,1149,1131,663,aro0921,cross_leg_right,1
757,1789975713.226670,0,454,508,525,485,541,557,421,179,0,265,579,647,639,658,581,587,218,535,595,564,527,363,382,0,0,487,181,1142,1133,1175,667,aro0921,cross_leg_right,1
758,1789975713.246612,0,445,495,507,486,541,566,423,147,0,269,571,619,649,653,595,564,199,549,571,567,509,354,401,0,0,507,202,1117,1123,1143,677,aro0921,cross_leg_right,1
759,1789975713.266623,0,431,487,507,453,533,553,407,135,0,250,599,615,663,651,597,575,185,557,555,529,527,375,395,0,27,483,207,1167,1192,1132,696,aro0921,cross_leg_right,1
760,1789975713.285792,0,436,492,493,459,543,567,412,136,0,267,565,617,646,665,585,568,210,547,567,559,507,365,367,0,0,499,191,1125,1169,1149,645,aro0921,cross_leg_right,1
761,1789975713.306670,0,423,496,504,447,551,563,409,127,0,267,553,635,647,649,583,563,212,521,569,549,539,349,367,0,0,477,187,1126,1162,1147,663,aro0921,cross_leg_right,1
762,1789975713.326626,0,437,505,499,444,554,551,414,135,0,277,543,637,618,660,563,573,201,538,589,540,507,364,373,0,0,473,173,1150,1171,1127,671,aro0921,cross_leg_right,1
763,1789975713.346648,0,415,493,509,431,550,569,413,138,0,274,565,613,646,647,586,553,233,523,593,575,505,339,356,0,0,495,201,1143,1160,1148,668,aro0921,cross_leg_right,1
764,1789975713.366630,0,429,484,489,464,555,553,403,135,0,235,549,621,620,671,557,563,226,541,552,570,540,370,371,0,0,521,179,1177,1160,1103,651,aro0921,cross_leg_right,1
765,1789975713.386610,0,428,501,509,457,547,573,421,145,0,253,549,637,639,646,580,555,190,536,588,555,510,347,365,0,0,475,202,1147,1157,1142,655,aro0921,cross_leg_right,1
766,1789975713.406611,0,418,485,504,459,543,563,413,163,0,234,556,628,629,649,581,566,212,533,579,555,523,362,380,0,0,492,185,1141,1163,1129,683,aro0921,cross_leg_right,1
767,1789975713.426648,0,415,493,519,441,549,567,415,172,0,246,557,630,633,639,569,567,210,535,573,539,516,355,379,0,0,503,184,1159,1174,1132,687,aro0921,cross_leg_right,1
768,1789975713.446626,0,411,479,529,465,537,565,427,158,0,217,552,645,647,633,584,564,199,537,583,559,557,357,383,0,0,471,189,1157,1135,1163,677,aro0921,cross_leg_right,1
769,1789975713.466662,0,408,499,531,443,551,558,411,165,0,245,572,598,620,663,551,573,227,533,585,540,548,345,405,0,0,495,204,1117,1133,1109,645,aro0921,cross_leg_right,1
770,1789975713.486695,0,408,484,505,462,551,555,416,168,0,231,563,621,631,643,557,557,201,534,590,558,537,363,371,0,0,483,169,1157,1142,1135,659,aro0921,cross_leg_right,1
771,1789975713.506544,0,393,499,505,445,550,557,411,181,0,219,552,607,602,651,551,569,213,521,594,531,529,365,367,0,0,505,189,1127,1187,1139,669,aro0921,cross_leg_right,1
772,1789975713.526776,0,393,501,502,439,549,556,407,201,0,247,555,597,613,631,569,548,221,549,572,521,519,377,409,0,26,519,191,1174,1188,1093,703,aro0921,cross_leg_right,1
773,1789975713.546614,0,379,492,521,440,547,571,410,175,0,268,559,635,607,639,551,571,203,541,572,568,509,355,381,0,0,502,175,1117,1141,1164,682,aro0921,cross_leg_right,1
774,1789975713.566670,0,389,479,494,460,539,569,427,185,0,219,564,618,633,648,563,541,197,527,583,571,530,351,383,0,0,519,173,1139,1129,1147,700,aro0921,cross_leg_right,1
775,1789975713.586678,0,395,487,517,441,546,569,427,209,0,233,552,632,624,665,549,559,191,535,583,547,509,345,403,0,21,488,187,1125,1180,1161,683,aro0921,cross_leg_right,1
776,1789975713.606622,0,393,488,519,439,551,565,423,209,0,244,551,616,613,657,559,583,200,530,581,549,531,357,390,0,25,485,183,1141,1159,1135,697,aro0921,cross_leg_right,1
777,1789975713.626674,0,395,489,509,454,552,559,423,212,0,232,549,635,621,639,565,561,221,535,521,553,533,356,409,0,0,495,189,1127,1123,1133,670,aro0921,cross_leg_right,1
778,1789975713.646623,0,395,495,519,453,551,565,425,216,0,237,559,615,617,637,548,563,209,529,584,552,530,356,389,0,20,493,187,1140,1150,1139,693,aro0921,cross_leg_right,1
779,1789975713.666665,0,399,487,519,455,551,558,425,221,0,235,547,613,626,635,565,559,211,533,585,537,539,355,395,0,0,481,189,1123,1161,1133,691,aro0921,cross_leg_right,1
780,1789975713.686639,0,411,483,524,453,551,563,422,223,0,225,535,606,629,659,575,569,220,539,597,565,537,341,378,0,0,471,171,1129,1171,1140,703,aro0921,cross_leg_right,1
781,1789975713.706632,0,403,479,502,471,565,572,423,219,0,251,556,621,629,663,549,583,190,520,600,565,506,335,406,0,0,461,167,1129,1157,1171,685,aro0921,cross_leg_right,1
782,1789975713.726605,0,413,477,520,470,549,573,440,211,0,215,570,613,635,669,543,583,184,540,567,551,553,355,419,0,0,471,153,1179,1132,1119,731,aro0921,cross_leg_right,1
783,1789975713.746692,0,403,493,505,461,541,573,414,220,0,221,565,611,635,636,572,557,213,520,563,535,521,343,407,0,0,489,157,1157,1179,1115,681,aro0921,cross_leg_right,1
784,1789975713.766716,0,413,489,518,445,546,565,434,227,0,237,537,622,611,632,573,573,205,540,571,563,517,357,377,0,0,495,202,1133,1143,1129,679,aro0921,cross_leg_right,1
785,1789975713.786621,0,409,494,520,456,547,572,423,203,0,251,540,613,644,654,571,549,223,525,571,568,523,348,406,0,0,500,188,1133,1145,1125,671,aro0921,cross_leg_right,1
786,1789975713.806626,0,427,484,503,469,537,553,412,228,0,219,571,605,602,650,551,583,221,543,567,549,539,365,405,0,0,521,169,1145,1163,1161,665,aro0921,cross_leg_right,1
787,1789975713.826017,0,422,489,529,465,539,563,431,203,0,220,565,620,623,665,547,582,201,539,565,551,535,341,397,0,0,487,206,1157,1176,1140,666,aro0921,cross_leg_right,1
788,1789975713.846632,0,423,491,509,459,551,563,425,212,0,239,553,623,622,636,567,568,211,529,585,553,532,357,381,0,0,492,184,1141,1151,1131,695,aro0921,cross_leg_right,1
789,1789975713.866590,0,427,492,521,459,552,555,429,211,0,243,553,627,624,649,568,567,186,540,571,557,508,365,395,0,0,487,187,1151,1149,1133,685,aro0921,cross_leg_right,1
790,1789975713.886638,0,419,489,508,462,541,574,431,219,0,262,553,617,645,647,559,553,199,527,582,565,521,339,394,0,0,483,167,1127,1143,1161,713,aro0921,cross_leg_right,1
791,1789975713.906628,0,443,503,519,460,539,579,440,221,0,217,575,639,635,623,571,553,203,533,595,541,531,331,370,0,0,493,166,1143,1134,1145,711,aro0921,cross_leg_right,1
792,1789975713.926618,0,428,503,529,457,558,559,431,213,0,267,533,628,637,636,566,556,211,515,595,564,540,351,367,35,0,473,188,1123,1161,1135,665,aro0921,cross_leg_right,1
793,1789975713.946667,0,445,507,529,463,540,569,429,215,0,267,542,609,648,665,557,573,197,541,567,547,527,339,367,0,27,478,171,1130,1149,1134,693,aro0921,cross_leg_right,1
794,1789975713.966617,0,431,495,530,453,543,555,439,221,0,251,535,599,613,652,573,585,191,505,585,555,529,376,379,0,27,530,183,1142,1141,1169,651,aro0921,cross_leg_right,1
795,1789975713.986627,0,442,495,531,475,543,559,436,236,0,250,567,627,616,659,557,583,200,523,589,532,519,367,381,0,0,491,207,1157,1175,1159,679,aro0921,cross_leg_right,1
796,1789975714.006616,0,454,499,529,469,547,570,425,229,0,277,541,633,636,661,551,567,223,541,585,543,539,363,393,0,0,490,204,1146,1175,1146,695,aro0921,cross_leg_right,1
797,1789975714.026642,0,455,491,521,475,547,567,443,220,0,271,539,632,632,659,573,567,201,525,585,567,541,405,401,0,0,485,203,1160,1173,1147,681,aro0921,cross_leg_right,1
798,1789975714.046604,0,443,520,525,473,552,567,431,232,0,251,559,630,631,647,573,567,215,539,583,553,531,361,381,0,0,483,178,1140,1145,1135,685,aro0921,cross_leg_right,1
799,1789975714.066645,0,445,508,523,469,565,570,431,217,0,247,557,625,631,645,567,568,213,535,597,570,551,344,391,0,0,493,187,1162,1133,1096,651,aro0921,cross_leg_right,1
800,1789975714.086628,0,452,520,517,465,550,567,427,221,0,234,569,638,613,636,557,599,205,519,589,569,504,345,395,0,0,489,199,1125,1132,1157,695,aro0921,cross_leg_right,1
801,1789975714.106592,0,447,520,519,477,551,573,427,231,0,251,565,639,621,631,573,563,201,521,569,568,536,356,398,0,0,489,200,1137,1173,1144,704,aro0921,cross_leg_right,1
802,1789975714.126633,0,437,495,531,467,543,556,431,219,0,221,555,612,632,637,559,557,199,526,581,557,535,363,395,0,0,506,181,1161,1159,1149,710,aro0921,cross_leg_right,1
803,1789975714.145996,0,439,517,520,478,561,569,434,227,0,262,562,635,632,655,563,583,215,519,593,547,534,366,390,0,0,473,170,1126,1133,1149,662,aro0921,cross_leg_right,1
804,1789975714.166799,0,459,525,529,481,563,563,420,221,0,233,552,631,608,629,563,547,233,536,587,573,529,335,366,0,0,467,207,1137,1129,1119,699,aro0921,cross_leg_right,1
805,1789975714.186698,0,455,517,521,460,551,555,425,221,0,277,539,645,647,635,585,559,219,549,567,567,527,373,401,0,0,471,181,1136,1135,1145,692,aro0921,cross_leg_right,1
806,1789975714.206779,0,453,503,510,459,543,563,439,219,0,252,539,618,620,661,553,589,218,523,575,540,539,361,375,0,20,477,168,1131,1171,1129,715,aro0921,cross_leg_right,1
807,1789975714.226675,0,455,493,531,467,539,549,443,217,0,261,538,639,635,627,587,567,191,531,557,574,521,377,379,0,0,472,173,1177,1124,1172,683,aro0921,cross_leg_right,1
808,1789975714.246706,0,441,503,523,455,551,565,427,231,0,250,553,621,628,647,565,571,213,531,591,552,533,359,382,0,23,486,183,1143,1158,1139,683,aro0921,cross_leg_right,1
809,1789975714.266695,0,441,503,525,468,542,584,430,221,0,245,555,623,627,649,567,562,215,533,587,567,509,365,389,0,0,491,181,1115,1143,1135,688,aro0921,cross_leg_right,1
810,1789975714.286771,0,431,518,523,459,557,552,423,228,0,261,539,618,637,653,569,553,227,541,569,557,536,371,406,0,0,484,212,1157,1173,1116,665,aro0921,cross_leg_right,1
811,1789975714.306727,0,429,495,529,471,547,565,441,232,0,263,550,595,617,654,570,585,201,536,579,563,519,371,393,0,0,503,201,1162,1133,1149,710,aro0921,cross_leg_right,1
812,1789975714.326790,0,447,491,507,471,547,567,441,243,0,253,538,611,614,637,555,597,189,555,575,563,507,367,365,0,0,520,107,1117,1173,1140,711,aro0921,cross_leg_right,1
813,1789975714.346662,0,435,499,521,471,549,553,423,221,0,251,555,614,631,663,555,595,226,535,569,535,533,365,383,0,0,493,197,1129,1173,1139,707,aro0921,cross_leg_right,1
814,1789975714.366636,0,439,486,519,471,540,558,416,227,0,263,567,635,636,649,582,562,215,521,584,563,525,370,378,0,0,473,212,1135,1160,1148,631,aro0921,cross_leg_right,1
815,1789975714.386412,0,427,496,524,462,541,573,429,231,0,231,569,611,613,661,556,581,211,519,601,553,543,341,401,0,0,507,201,1163,1175,1157,711,aro0921,cross_leg_right,1
816,1789975714.405737,0,423,518,535,447,565,575,421,235,0,229,557,605,611,627,585,566,217,526,579,537,501,359,381,0,23,519,185,1144,1135,1111,665,aro0921,cross_leg_right,1
817,1789975714.425775,0,441,493,504,461,566,570,423,219,0,229,570,633,621,648,573,584,233,525,599,568,537,331,383,27,0,491,163,1141,1159,1117,659,aro0921,cross_leg_right,1
818,1789975714.445664,0,437,493,524,470,552,565,427,233,0,235,555,628,624,646,553,589,215,533,583,554,533,359,383,0,0,521,185,1141,1152,1133,692,aro0921,cross_leg_right,1
819,1789975714.465704,0,443,493,517,467,551,557,425,237,0,240,572,633,623,660,567,573,200,537,587,537,509,357,403,0,0,487,187,1141,1141,1157,669,aro0921,cross_leg_right,1
820,1789975714.485666,0,439,503,522,461,553,567,435,232,0,268,555,627,629,638,565,569,216,535,583,552,522,355,390,0,0,490,187,1143,1150,1135,685,aro0921,cross_leg_right,1
821,1789975714.505669,0,438,502,523,461,563,549,433,231,0,245,557,621,629,649,569,568,214,533,581,553,535,339,367,0,0,489,185,1131,1177,1135,675,aro0921,cross_leg_right,1
822,1789975714.526665,0,447,491,529,473,538,560,442,221,0,264,565,653,623,627,583,569,197,548,575,575,553,375,398,0,0,474,177,1173,1131,1157,712,aro0921,cross_leg_right,1
823,1789975714.545709,0,437,509,520,471,557,568,424,231,0,261,573,632,639,659,576,585,222,533,595,553,541,371,407,0,0,506,199,1165,1176,1139,713,aro0921,cross_leg_right,1
824,1789975714.566635,0,444,521,533,455,544,565,431,227,0,251,551,620,623,632,553,565,229,541,591,565,542,362,387,0,21,519,197,1173,1160,1101,703,aro0921,cross_leg_right,1
825,1789975714.586606,0,447,494,534,471,563,563,436,221,0,231,568,620,615,651,566,585,212,551,567,558,536,349,397,0,0,501,211,1158,1117,1117,683,aro0921,cross_leg_right,1
826,1789975714.606657,0,431,493,522,477,540,573,442,243,0,239,564,610,613,635,575,585,203,523,583,539,499,357,377,0,0,509,159,1129,1170,1165,701,aro0921,cross_leg_right,1
827,1789975714.626613,0,443,511,523,455,558,556,429,235,0,245,553,631,635,637,569,557,227,535,591,530,537,365,397,0,0,476,175,1159,1165,1119,695,aro0921,cross_leg_right,1
828,1789975714.646614,0,434,495,533,473,559,556,435,237,0,231,567,613,615,653,559,584,213,519,596,547,531,359,363,0,0,507,191,1152,1171,1135,679,aro0921,cross_leg_right,1
829,1789975714.666641,0,440,518,517,463,564,575,425,247,0,247,559,621,621,629,553,551,213,541,584,540,531,359,406,0,0,471,200,1151,1183,1170,701,aro0921,cross_leg_right,1
830,1789975714.686614,0,441,519,508,471,549,572,421,239,0,245,565,619,647,639,573,554,229,539,567,563,507,361,407,0,0,519,190,1109,1135,1116,691,aro0921,cross_leg_right,1
831,1789975714.706635,0,446,517,519,461,553,560,423,227,0,263,551,645,639,663,569,555,228,538,574,567,539,377,398,0,0,472,191,1157,1137,1117,685,aro0921,cross_leg_right,1
832,1789975714.726648,0,444,509,524,458,553,564,431,233,0,255,557,623,619,653,553,581,212,532,588,555,530,358,381,0,21,485,201,1147,1149,1133,691,aro0921,cross_leg_right,1
833,1789975714.746682,0,443,502,520,462,551,565,431,232,0,250,557,623,631,649,565,567,212,538,583,547,522,355,391,0,0,467,170,1145,1178,1145,666,aro0921,cross_leg_right,1
834,1789975714.766620,0,431,509,508,469,563,573,440,233,0,223,581,659,634,658,563,543,196,527,559,543,533,333,365,0,0,477,167,1173,1146,1110,718,aro0921,cross_leg_right,1
835,1789975714.786629,0,425,487,505,463,541,571,418,213,0,231,565,612,620,665,553,571,231,531,589,559,531,347,403,0,0,471,140,1119,1189,1111,664,aro0921,cross_leg_right,1
836,1789975714.806660,0,426,503,501,453,557,563,413,219,0,239,563,620,629,663,571,579,229,539,573,541,509,344,391,0,0,415,101,1161,1180,1119,682,aro0921,cross_leg_right,1
837,1789975714.826133,0,425,494,521,457,555,559,424,185,0,233,553,635,628,633,575,569,211,536,571,567,541,357,396,0,0,429,83,1135,1139,1139,701,aro0921,cross_leg_right,1
838,1789975714.846718,0,425,483,517,453,557,553,397,141,0,244,553,636,628,664,581,585,219,523,597,563,529,317,371,0,0,383,56,1159,1145,1130,682,aro0921,cross_leg_right,1
839,1789975714.866622,0,411,475,520,468,559,549,393,117,0,221,532,605,605,662,555,585,215,509,599,542,549,343,361,0,0,409,39,1181,1197,1102,723,aro0921,cross_leg_right,1
840,1789975714.886652,0,415,492,503,455,554,539,379,127,0,233,568,610,631,639,585,565,207,522,595,554,507,357,391,0,0,356,0,1145,1141,1165,665,aro0921,cross_leg_right,1
841,1789975714.906653,0,428,499,533,455,533,536,366,118,0,239,557,619,619,650,563,581,216,538,566,547,533,358,381,0,0,333,20,1171,1187,1131,668,aro0921,cross_leg_right,1
842,1789975714.926615,0,435,498,527,459,541,540,351,119,0,243,569,633,635,657,584,588,218,537,580,551,525,347,367,0,0,273,0,1147,1163,1144,685,aro0921,cross_leg_right,1
843,1789975714.946678,0,439,499,531,461,537,555,355,121,0,251,571,629,639,659,583,583,228,537,585,542,539,351,347,0,0,229,22,1165,1177,1147,653,aro0921,cross_leg_right,1
844,1789975714.966610,0,445,498,507,479,537,549,350,126,0,269,575,615,613,649,583,609,207,555,581,534,505,347,345,0,0,238,0,1143,1165,1171,648,aro0921,cross_leg_right,1
845,1789975714.986619,0,446,499,531,475,536,553,359,110,0,245,595,649,633,638,585,596,211,543,579,549,504,342,361,0,0,189,0,1177,1169,1165,697,aro0921,cross_leg_right,1
846,1789975715.006650,0,443,505,532,470,547,543,346,121,0,274,568,645,645,651,595,585,232,529,585,547,510,337,373,0,0,217,0,1161,1181,1127,653,aro0921,cross_leg_right,1
847,1789975715.026663,0,455,499,509,476,537,535,349,107,0,267,560,621,623,628,604,595,222,547,555,550,549,315,377,0,0,227,0,1147,1191,1133,602,aro0921,cross_leg_right,1
848,1789975715.046164,0,447,502,517,460,539,556,363,111,0,275,598,622,634,655,567,601,206,547,591,565,503,357,329,0,0,189,22,1175,1181,1151,597,aro0921,cross_leg_right,1
849,1789975715.065716,0,446,483,525,471,543,537,351,118,0,245,601,648,650,651,565,573,217,519,590,564,521,361,328,0,0,173,20,1165,1165,1147,583,aro0921,cross_leg_right,1
850,1789975715.086695,0,441,496,523,467,543,547,365,119,0,233,583,635,637,659,585,583,225,539,586,549,525,348,341,0,0,190,0,1149,1173,1139,571,aro0921,cross_leg_right,1
851,1789975715.105700,0,439,499,523,469,534,539,373,127,0,261,584,637,637,662,587,589,222,536,573,547,537,331,357,0,0,187,0,1149,1151,1115,581,aro0921,cross_leg_right,1
852,1789975715.125979,0,455,517,533,479,537,563,383,115,0,261,569,635,635,669,607,567,214,553,573,572,495,355,349,0,0,199,0,1133,1159,1161,533,aro0921,cross_leg_right,1
853,1789975715.146658,0,437,491,531,475,539,550,379,126,0,245,598,638,649,653,579,603,238,532,572,551,531,355,361,0,0,165,0,1141,1148,1117,583,aro0921,cross_leg_right,1
854,1789975715.166634,0,456,505,535,489,559,557,391,137,0,233,569,639,627,660,587,585,215,533,588,553,506,357,338,0,0,201,0,1146,1150,1131,583,aro0921,cross_leg_right,1
855,1789975715.186674,0,437,517,533,469,557,560,377,136,0,252,597,667,621,670,575,603,227,547,570,569,521,362,330,0,0,176,0,1141,1165,1160,574,aro0921,cross_leg_right,1
856,1789975715.206662,0,457,519,529,484,537,555,381,141,0,282,570,663,647,675,605,582,231,558,565,562,505,345,361,0,0,169,23,1144,1149,1157,591,aro0921,cross_leg_right,1
857,1789975715.226613,0,456,505,509,471,551,540,402,164,0,283,611,599,637,649,517,611,246,517,555,569,547,331,343,0,0,183,21,1148,1169,1151,587,aro0921,cross_leg_right,1
858,1789975715.246642,0,439,493,526,483,549,549,391,151,0,268,603,647,634,659,589,603,231,539,563,541,539,335,359,0,0,165,0,1166,1179,1151,599,aro0921,cross_leg_right,1
859,1789975715.266685,0,437,499,527,491,541,553,393,150,0,253,611,651,635,685,594,587,237,535,569,565,537,335,376,0,0,163,35,1173,1145,1171,599,aro0921,cross_leg_right,1
860,1789975715.286611,0,446,505,530,485,549,555,405,157,0,263,605,653,637,665,575,589,226,535,583,550,536,347,362,0,0,175,0,1145,1177,1135,583,aro0921,cross_leg_right,1
861,1789975715.306612,0,453,505,523,487,550,559,399,134,0,267,589,654,636,664,597,595,228,539,581,567,523,347,353,0,0,173,0,1170,1180,1133,559,aro0921,cross_leg_right,1
862,1789975715.326676,0,469,527,537,482,536,568,382,153,0,239,591,669,619,643,569,591,237,550,602,495,539,317,335,0,0,165,20,1173,1159,1142,543,aro0921,cross_leg_right,1
863,1789975715.346725,0,455,521,536,483,559,548,411,137,0,275,585,629,636,649,599,587,220,548,565,565,501,339,361,0,0,185,0,1165,1143,1123,559,aro0921,cross_leg_right,1
864,1789975715.366627,0,462,525,547,489,544,541,415,143,0,283,597,662,652,661,594,583,229,547,568,547,527,361,361,0,0,147,0,1174,1181,1125,551,aro0921,cross_leg_right,1
865,1789975715.386634,0,443,501,538,503,553,565,399,153,0,261,599,660,653,655,606,581,219,522,596,537,531,328,339,0,0,155,22,1129,1087,1128,529,aro0921,cross_leg_right,1
866,1789975715.406673,0,447,507,522,504,548,564,392,150,0,285,599,631,623,676,581,607,237,529,594,555,523,331,360,0,0,203,0,1147,1167,1112,573,aro0921,cross_leg_right,1
867,1789975715.426680,0,463,519,531,501,557,553,395,163,0,276,597,658,631,685,595,589,235,535,587,555,532,351,348,0,0,183,0,1161,1169,1125,534,aro0921,cross_leg_right,1
868,1789975715.446631,0,446,502,544,491,551,557,409,159,0,295,575,647,647,651,601,605,223,523,595,556,537,323,357,0,0,157,0,1175,1187,1147,542,aro0921,cross_leg_right,1
869,1789975715.466688,0,445,527,543,499,547,554,393,173,0,296,581,671,627,659,607,617,244,555,563,552,549,326,367,0,0,136,0,1195,1171,1113,523,aro0921,cross_leg_right,1
870,1789975715.486624,0,461,521,537,493,551,554,414,189,0,281,611,655,633,683,585,593,221,536,581,552,527,339,346,0,0,175,0,1160,1165,1138,551,aro0921,cross_leg_right,1
871,1789975715.506632,0,459,509,534,499,551,562,413,200,0,283,597,651,645,665,591,597,227,537,570,553,521,346,359,0,0,183,0,1139,1176,1134,535,aro0921,cross_leg_right,1
872,1789975715.526506,0,457,524,541,493,547,565,419,205,0,293,588,666,658,663,539,587,215,544,565,535,523,339,367,0,0,187,59,1159,1179,1135,539,aro0921,cross_leg_right,1
873,1789975715.545735,0,454,509,539,504,559,544,403,188,0,264,595,662,638,671,610,585,228,541,560,549,538,331,351,0,0,245,0,1135,1143,1159,565,aro0921,cross_leg_right,1
874,1789975715.565713,0,457,495,543,505,549,543,397,185,0,261,613,676,633,691,609,595,231,537,559,541,537,329,365,0,0,251,0,1129,1141,1161,585,aro0921,cross_leg_right,1
875,1789975715.585720,0,460,509,536,492,537,547,389,159,0,268,604,664,645,657,616,591,221,533,591,551,499,355,355,0,0,247,0,1175,1191,1159,586,aro0921,cross_leg_right,1
876,1789975715.606741,0,452,503,537,487,539,541,394,140,0,295,587,665,649,654,607,600,221,523,566,537,519,361,365,0,0,265,0,1171,1177,1131,581,aro0921,cross_leg_right,1
877,1789975715.626667,0,437,493,539,476,549,537,365,136,0,301,615,664,647,667,607,595,220,539,565,540,532,339,345,0,0,299,0,1139,1161,1145,596,aro0921,cross_leg_right,1
878,1789975715.646654,0,429,491,540,474,555,535,355,125,0,297,587,669,629,683,605,587,215,544,556,531,538,327,342,0,0,297,0,1143,1148,1159,605,aro0921,cross_leg_right,1
879,1789975715.666038,0,444,483,521,471,542,521,370,119,0,299,613,636,664,649,595,612,220,519,587,533,537,339,363,0,0,315,0,1143,1171,1118,597,aro0921,cross_leg_right,1
880,1789975715.685686,0,430,483,531,475,541,534,354,117,0,275,611,669,655,659,605,611,213,535,567,555,523,343,357,0,0,297,0,1159,1167,1139,582,aro0921,cross_leg_right,1
881,1789975715.706665,0,437,491,521,474,539,533,357,117,0,301,599,657,647,667,597,601,213,531,569,541,521,347,355,0,0,313,0,1159,1163,1135,599,aro0921,cross_leg_right,1
882,1789975715.726682,0,426,491,527,484,541,541,348,123,0,293,585,671,619,685,588,607,217,539,553,527,499,359,333,0,0,309,0,1151,1184,1149,568,aro0921,cross_leg_right,1
883,1789975715.745712,0,429,502,529,482,542,539,349,123,0,297,587,675,638,666,585,613,211,539,557,557,493,355,338,0,0,309,20,1163,1171,1149,574,aro0921,cross_leg_right,1
884,1789975715.766771,0,440,490,535,493,535,541,350,109,0,283,616,671,635,647,591,617,221,522,551,523,518,331,351,0,0,307,0,1138,1173,1147,594,aro0921,cross_leg_right,1
885,1789975715.786760,0,445,501,533,495,555,529,358,123,0,291,589,665,662,659,586,613,219,529,555,538,525,344,334,0,0,339,0,1144,1205,1159,581,aro0921,cross_leg_right,1
886,1789975715.806679,0,458,509,519,483,538,540,381,135,0,326,595,650,651,680,615,589,201,531,597,534,531,333,359,0,0,327,20,1135,1189,1129,557,aro0921,cross_leg_right,1
887,1789975715.825982,0,445,523,535,477,556,529,360,147,0,308,601,649,655,679,588,583,236,521,571,534,535,345,346,0,0,299,30,1157,1161,1101,597,aro0921,cross_leg_right,1
888,1789975715.845714,0,455,519,539,501,539,548,371,146,0,301,588,677,636,683,595,599,218,543,555,552,504,357,347,0,0,319,0,1161,1144,1143,555,aro0921,cross_leg_right,1
889,1789975715.866704,0,457,503,541,501,553,549,381,137,0,325,600,646,637,667,593,617,228,523,581,541,507,341,341,0,0,309,0,1135,1176,1128,570,aro0921,cross_leg_right,1
890,1789975715.886628,0,455,508,535,489,549,548,383,155,0,325,603,663,651,667,599,603,215,533,571,546,519,343,351,0,0,317,0,1159,1170,1133,568,aro0921,cross_leg_right,1
891,1789975715.906719,0,463,519,535,501,557,559,391,155,0,300,601,662,648,668,596,601,217,533,567,562,503,333,355,0,0,325,0,1175,1143,1132,571,aro0921,cross_leg_right,1
892,1789975715.926675,0,459,487,549,507,552,540,404,179,0,281,604,681,647,652,597,618,225,519,588,535,539,327,363,0,0,309,0,1183,1149,1103,587,aro0921,cross_leg_right,1
893,1789975715.946631,0,475,502,530,491,552,559,396,171,0,309,613,647,665,655,596,605,227,521,559,563,519,341,344,0,0,315,22,1173,1181,1156,537,aro0921,cross_leg_right,1
894,1789975715.966644,0,461,520,532,502,543,555,390,181,0,307,590,639,653,653,591,591,207,542,571,559,519,347,357,0,0,311,0,1170,1171,1149,548,aro0921,cross_leg_right,1
895,1789975715.986675,0,461,521,539,495,539,556,393,183,0,280,601,668,647,657,582,613,227,519,575,555,537,328,375,0,0,293,0,1163,1173,1115,553,aro0921,cross_leg_right,1
896,1789975716.006676,0,453,494,530,498,543,543,406,201,0,291,589,660,629,677,597,595,211,529,595,537,535,341,371,0,0,299,39,1157,1145,1112,599,aro0921,cross_leg_right,1
897,1789975716.026643,0,453,509,537,508,558,543,404,215,0,271,571,677,622,685,615,571,223,505,597,552,543,355,371,0,0,349,0,1129,1143,1103,616,aro0921,cross_leg_right,1
898,1789975716.046635,0,443,508,536,487,557,555,391,199,0,285,607,667,653,667,602,597,205,544,581,567,517,361,359,0,0,344,0,1171,1183,1149,572,aro0921,cross_leg_right,1
899,1789975716.066688,0,445,518,522,485,551,551,389,187,0,267,593,649,629,669,605,607,219,529,585,558,536,349,354,0,0,341,0,1166,1160,1139,585,aro0921,cross_leg_right,1
900,1789975716.086628,0,437,491,522,485,536,541,380,205,0,274,611,646,657,647,603,597,231,523,568,541,527,376,381,0,0,329,21,1135,1149,1125,636,aro0921,cross_leg_right,1
901,1789975716.106650,0,435,511,527,495,543,541,389,191,0,263,567,649,629,683,591,603,225,533,559,541,521,342,374,0,0,361,0,1146,1179,1149,633,aro0921,cross_leg_right,1
902,1789975716.126685,0,428,503,531,485,548,551,392,189,0,275,573,635,649,653,589,607,213,537,574,552,521,349,373,0,0,343,0,1157,1169,1135,627,aro0921,cross_leg_right,1
903,1789975716.146642,0,425,492,525,484,552,555,393,189,0,262,597,654,639,663,589,594,215,535,575,555,524,349,359,0,0,339,0,1151,1173,1139,623,aro0921,cross_leg_right,1
904,1789975716.166631,0,420,493,523,485,539,555,398,183,0,253,579,655,629,663,587,597,207,537,583,531,532,341,391,0,0,330,0,1167,1178,1114,627,aro0921,cross_leg_right,1
905,1789975716.186663,0,425,485,522,478,553,541,389,187,0,247,603,663,637,649,595,622,221,549,557,567,527,372,388,0,0,338,0,1132,1147,1129,634,aro0921,cross_leg_right,1
906,1789975716.206638,0,427,500,523,469,541,541,405,203,0,279,573,670,665,659,600,569,213,535,588,553,537,359,373,0,0,309,0,1173,1188,1159,627,aro0921,cross_leg_right,1
907,1789975716.226643,0,403,490,530,473,551,564,397,197,0,275,567,637,651,670,598,582,203,523,587,550,507,355,365,0,0,339,26,1165,1177,1143,659,aro0921,cross_leg_right,1
908,1789975716.246676,0,415,495,524,485,556,543,404,191,0,244,583,657,635,651,575,603,197,524,591,541,525,333,362,0,0,337,0,1169,1189,1144,632,aro0921,cross_leg_right,1
909,1789975716.266663,0,406,491,536,483,537,552,404,192,0,239,603,667,661,664,601,584,215,525,583,569,517,361,397,0,0,349,0,1166,1167,1133,613,aro0921,cross_leg_right,1
910,1789975716.286658,0,397,478,521,487,532,539,383,191,0,253,599,631,631,653,585,604,225,539,557,539,541,359,408,0,0,338,28,1127,1191,1143,650,aro0921,cross_leg_right,1
911,1789975716.306650,0,403,495,533,471,551,549,395,203,0,251,581,659,657,653,590,582,226,533,580,535,537,365,394,0,0,329,0,1165,1176,1107,655,aro0921,cross_leg_right,1
912,1789975716.326676,0,403,485,509,479,541,541,405,199,0,273,571,667,655,663,583,575,201,539,595,553,543,327,362,0,0,327,0,1176,1167,1170,619,aro0921,cross_leg_right,1
913,1789975716.346654,0,408,495,520,472,549,551,406,205,0,266,597,647,636,669,593,574,227,523,591,553,525,367,381,0,0,361,0,1133,1148,1127,667,aro0921,cross_leg_right,1
914,1789975716.366664,0,395,502,505,473,551,554,396,191,0,281,591,659,664,659,589,570,207,518,580,553,525,356,375,0,0,349,24,1155,1169,1129,651,aro0921,cross_leg_right,1
915,1789975716.386710,0,407,489,523,483,549,553,395,188,0,261,584,639,637,659,587,588,213,537,591,553,522,353,372,0,0,342,0,1151,1180,1143,653,aro0921,cross_leg_right,1
916,1789975716.406812,0,399,484,529,491,547,554,408,183,0,251,581,638,631,664,581,601,197,534,572,566,535,361,379,0,0,361,0,1164,1165,1159,651,aro0921,cross_leg_right,1
917,1789975716.426639,0,411,493,533,487,549,544,405,203,0,275,567,649,644,661,597,579,203,537,574,543,531,363,379,0,23,287,22,1143,1191,1141,637,aro0921,cross_leg_right,1
918,1789975716.446683,0,409,483,521,479,552,551,395,197,0,273,595,646,623,633,600,590,221,523,582,549,530,359,395,0,0,363,0,1159,1183,1151,629,aro0921,cross_leg_right,1
919,1789975716.466641,0,422,500,537,469,553,567,397,183,0,268,571,664,663,664,583,569,219,523,597,563,537,325,358,0,0,331,0,1131,1144,1161,651,aro0921,cross_leg_right,1
920,1789975716.486640,0,407,483,509,483,557,563,397,181,0,243,599,657,635,671,571,597,203,523,587,555,523,341,379,0,0,335,0,1161,1165,1126,665,aro0921,cross_leg_right,1
921,1789975716.506630,0,397,484,533,483,547,558,407,165,0,245,599,657,627,665,575,601,211,539,563,579,547,362,395,0,0,363,0,1142,1157,1145,658,aro0921,cross_leg_right,1
922,1789975716.526680,0,411,501,531,471,537,563,409,147,0,270,580,654,622,651,575,609,189,537,585,569,539,345,379,0,0,358,0,1129,1180,1171,663,aro0921,cross_leg_right,1
923,1789975716.546635,0,409,494,520,472,541,553,391,143,0,263,575,651,657,661,581,575,229,529,583,561,539,366,361,0,0,343,0,1147,1155,1146,634,aro0921,cross_leg_right,1
924,1789975716.566635,0,399,486,535,475,543,569,391,138,0,271,584,655,631,654,591,601,217,553,559,552,517,362,390,0,0,358,0,1151,1172,1133,648,aro0921,cross_leg_right,1
925,1789975716.586692,0,401,487,525,487,551,555,383,139,0,260,589,645,649,659,589,595,217,535,575,551,529,351,371,0,0,353,0,1160,1179,1141,649,aro0921,cross_leg_right,1
926,1789975716.606670,0,395,490,523,477,541,563,389,138,0,261,575,635,657,655,597,581,229,541,565,553,522,345,379,0,0,335,0,1175,1166,1149,669,aro0921,cross_leg_right,1
927,1789975716.626662,0,419,486,493,489,554,559,391,143,0,268,583,665,632,639,603,599,227,544,567,569,506,348,391,0,0,353,0,1156,1160,1113,676,aro0921,cross_leg_right,1
928,1789975716.646685,0,415,493,536,471,541,565,399,141,0,266,573,664,627,659,588,568,221,549,567,539,519,339,360,0,0,363,26,1160,1187,1143,647,aro0921,cross_leg_right,1
929,1789975716.666655,0,415,471,535,473,557,557,395,140,0,263,587,659,651,667,574,585,230,557,587,553,527,345,365,0,0,345,30,1151,1167,1125,631,aro0921,cross_leg_right,1
930,1789975716.686630,0,415,485,520,486,541,547,383,133,0,243,605,635,645,671,573,589,227,529,601,557,523,363,371,0,0,325,0,1164,1183,1149,665,aro0921,cross_leg_right,1
931,1789975716.706692,0,409,488,526,485,542,551,395,137,0,251,611,637,623,645,602,572,217,547,589,563,519,340,379,0,0,379,0,1140,1175,1159,665,aro0921,cross_leg_right,1
932,1789975716.726624,0,409,505,533,473,542,543,397,151,0,291,589,624,621,682,567,585,231,505,579,531,563,381,397,0,0,377,0,1162,1173,1115,667,aro0921,cross_leg_right,1
933,1789975716.746630,0,430,485,529,485,541,547,403,139,0,247,599,651,629,651,595,597,200,540,572,541,537,359,378,0,0,370,0,1163,1166,1161,655,aro0921,cross_leg_right,1
934,1789975716.766653,0,428,483,533,489,541,563,412,136,0,269,601,624,645,651,583,580,233,522,595,555,521,347,363,0,0,359,0,1151,1171,1144,659,aro0921,cross_leg_right,1
935,1789975716.786638,0,423,491,530,483,550,557,399,138,0,264,595,651,635,663,587,589,214,538,575,551,529,347,373,0,0,363,0,1162,1175,1145,635,aro0921,cross_leg_right,1
936,1789975716.806648,0,431,491,519,483,557,549,403,139,0,260,591,635,629,657,615,595,204,539,590,539,540,345,363,0,0,331,31,1145,1162,1119,659,aro0921,cross_leg_right,1
937,1789975716.826706,0,437,477,533,497,549,573,405,139,0,265,597,652,663,655,601,573,189,532,573,555,529,365,344,0,0,339,0,1177,1131,1148,665,aro0921,cross_leg_right,1
938,1789975716.846656,0,429,499,533,473,557,552,404,142,0,277,591,663,633,666,581,599,205,527,585,541,531,359,361,0,0,380,0,1146,1164,1151,659,aro0921,cross_leg_right,1
939,1789975716.866708,0,427,500,523,473,563,549,381,139,0,269,586,633,654,653,585,598,209,547,566,543,503,339,357,0,0,351,20,1157,1173,1158,667,aro0921,cross_leg_right,1
940,1789975716.886697,0,435,490,509,479,536,550,391,127,0,281,573,633,636,666,573,595,223,523,595,529,537,333,398,0,0,330,29,1135,1150,1112,677,aro0921,cross_leg_right,1
941,1789975716.906684,0,419,477,537,485,555,557,381,137,0,243,606,679,615,676,585,587,213,525,589,565,503,365,357,0,0,352,0,1163,1145,1119,649,aro0921,cross_leg_right,1
942,1789975716.926659,0,427,496,521,487,557,564,395,132,0,263,584,647,650,652,574,600,197,537,576,550,517,365,361,0,0,357,0,1145,1157,1146,627,aro0921,cross_leg_right,1
943,1789975716.946656,0,416,495,535,485,543,551,383,141,0,247,607,653,631,675,580,599,227,535,566,551,523,365,391,0,0,381,0,1139,1151,1133,665,aro0921,cross_leg_right,1
944,1789975716.966683,0,434,477,519,467,549,556,404,133,0,264,615,633,589,653,580,589,216,509,574,555,529,351,367,0,0,345,24,1159,1165,1139,639,aro0921,cross_leg_right,1
945,1789975716.986641,0,424,491,527,478,551,551,391,133,0,267,597,653,637,660,589,589,215,533,573,552,531,351,370,0,0,361,0,1157,1163,1163,637,aro0921,cross_leg_right,1
946,1789975717.006685,0,428,483,521,471,552,544,410,141,0,285,601,661,664,647,595,599,227,527,568,549,537,340,364,0,0,361,0,1143,1161,1143,661,aro0921,cross_leg_right,1
947,1789975717.026025,0,427,499,518,476,547,553,391,133,0,259,607,645,648,660,585,603,208,530,566,555,524,347,381,0,0,357,21,1160,1173,1139,634,aro0921,cross_leg_right,1
948,1789975717.045724,0,428,494,533,479,541,549,393,139,0,271,597,655,654,658,593,595,229,523,565,551,540,345,381,0,0,377,0,1173,1145,1127,655,aro0921,cross_leg_right,1
949,1789975717.065696,0,415,505,541,463,535,541,375,141,0,306,597,653,667,648,572,607,191,555,594,571,541,327,391,0,0,384,0,1187,1188,1113,607,aro0921,cross_leg_right,1
950,1789975717.086700,0,439,485,523,487,548,551,399,127,0,284,585,651,623,663,595,611,203,543,571,559,505,372,356,0,0,371,0,1124,1143,1173,664,aro0921,cross_leg_right,1
951,1789975717.106707,0,424,491,535,477,541,559,395,125,0,287,583,664,649,658,593,586,213,547,567,548,523,339,381,0,0,345,0,1143,1161,1133,649,aro0921,cross_leg_right,1
952,1789975717.126660,0,430,487,529,485,557,559,395,123,0,270,582,664,635,659,585,603,210,535,587,563,529,345,365,0,0,357,0,1143,1151,1135,627,aro0921,cross_leg_right,1
953,1789975717.146681,0,421,483,526,492,536,557,391,135,0,268,608,667,647,649,601,600,226,519,581,561,523,361,391,0,0,339,20,1133,1131,1125,648,aro0921,cross_leg_right,1
954,1789975717.166678,0,421,485,509,495,550,554,381,127,0,278,612,667,613,665,585,614,217,549,557,551,525,351,371,0,0,359,0,1156,1167,1133,631,aro0921,cross_leg_right,1
955,1789975717.186680,0,428,491,527,481,549,557,392,133,0,280,601,654,639,665,589,595,219,529,575,552,523,337,371,0,0,371,0,1157,1163,1134,630,aro0921,cross_leg_right,1
956,1789975717.206691,0,431,486,519,477,544,559,381,121,0,279,590,649,639,675,599,595,213,547,567,563,529,341,364,0,0,379,0,1147,1179,1149,621,aro0921,cross_leg_right,1
957,1789975717.226695,0,431,485,525,476,543,551,391,123,0,278,602,651,635,677,598,583,227,524,567,566,519,347,377,0,0,377,0,1156,1166,1151,619,aro0921,cross_leg_right,1
958,1789975717.246712,0,427,479,518,473,538,548,375,122,0,262,607,637,659,659,589,579,217,551,554,533,529,338,381,0,0,351,29,1151,1159,1157,653,aro0921,cross_leg_right,1
959,1789975717.266678,0,432,483,523,488,551,540,391,135,0,253,595,663,645,649,607,573,203,554,565,569,543,351,347,0,0,363,0,1129,1132,1160,623,aro0921,cross_leg_right,1
960,1789975717.286677,0,415,487,509,459,551,554,367,135,0,279,587,632,658,663,603,589,227,539,568,555,520,363,375,0,0,373,0,1147,1161,1128,659,aro0921,cross_leg_right,1
961,1789975717.306686,0,410,493,516,473,554,549,372,135,0,249,593,633,627,662,602,585,229,535,573,539,523,362,379,0,0,383,0,1138,1176,1119,635,aro0921,cross_leg_right,1
962,1789975717.326653,0,421,483,507,483,553,544,395,120,0,237,581,653,617,684,605,575,228,521,573,534,551,331,359,0,0,349,0,1157,1165,1127,676,aro0921,cross_leg_right,1
963,1789975717.346717,0,405,476,520,469,559,565,375,127,0,252,597,645,659,649,601,602,201,543,589,565,503,367,359,0,0,360,28,1179,1187,1140,617,aro0921,cross_leg_right,1
964,1789975717.365778,0,412,487,508,459,555,553,391,127,0,264,600,646,660,655,583,607,211,529,587,551,509,348,373,0,0,351,20,1159,1169,1134,635,aro0921,cross_leg_right,1
965,1789975717.386711,0,409,487,523,459,549,553,380,132,0,262,587,654,644,663,595,595,213,535,573,553,525,351,373,0,0,371,0,1157,1167,1141,647,aro0921,cross_leg_right,1
966,1789975717.406688,0,403,491,529,467,541,553,381,121,0,263,581,649,648,645,583,605,231,507,573,552,536,348,383,0,0,355,23,1171,1189,1149,631,aro0921,cross_leg_right,1
967,1789975717.426720,0,422,496,519,453,535,549,370,135,0,286,611,647,629,685,579,589,201,549,565,555,525,363,390,0,0,393,0,1181,1179,1129,650,aro0921,cross_leg_right,1
968,1789975717.446681,0,421,478,523,467,553,551,391,115,0,253,600,635,661,647,594,597,231,521,567,537,543,333,366,0,0,377,0,1170,1183,1132,659,aro0921,cross_leg_right,1
969,1789975717.466656,0,405,495,531,467,541,546,378,133,0,276,581,659,631,665,547,603,226,552,569,549,531,371,381,0,0,359,28,1150,1191,1133,623,aro0921,cross_leg_right,1
970,1789975717.486683,0,423,477,531,468,550,559,373,120,0,249,601,665,631,649,603,597,223,539,567,565,537,365,381,0,0,374,0,1143,1149,1135,632,aro0921,cross_leg_right,1
971,1789975717.506728,0,420,490,529,477,547,549,383,132,0,253,585,667,653,647,572,605,223,522,581,542,520,360,379,0,0,355,0,1139,1179,1124,655,aro0921,cross_leg_right,1
972,1789975717.526663,0,425,472,509,472,534,566,367,121,0,270,573,653,631,648,599,611,205,563,553,555,519,333,359,0,0,389,0,1130,1149,1167,670,aro0921,cross_leg_right,1
973,1789975717.546687,0,411,499,533,461,542,553,376,117,0,279,593,669,621,669,573,604,230,531,556,559,534,335,373,0,0,359,0,1167,1177,1165,617,aro0921,cross_leg_right,1
974,1789975717.566720,0,409,483,520,472,543,565,383,137,0,275,601,647,653,655,581,584,205,543,565,551,537,337,382,0,0,373,0,1163,1173,1149,619,aro0921,cross_leg_right,1
975,1789975717.586657,0,398,485,521,472,536,558,367,133,0,269,589,645,647,649,600,603,215,547,553,565,527,364,393,0,0,344,29,1133,1133,1139,649,aro0921,cross_leg_right,1
976,1789975717.606662,0,421,483,531,477,551,543,377,137,0,273,587,653,633,679,611,585,229,523,575,538,539,355,378,0,0,381,0,1175,1181,1121,649,aro0921,cross_leg_right,1
977,1789975717.626690,0,421,492,525,467,548,551,379,125,0,252,587,653,649,671,601,589,216,537,575,551,523,350,371,0,0,373,0,1133,1167,1137,635,aro0921,cross_leg_right,1
978,1789975717.646706,0,423,489,523,469,549,541,373,127,0,269,593,650,646,664,590,591,215,535,581,536,531,355,372,0,0,366,0,1173,1187,1141,649,aro0921,cross_leg_right,1
979,1789975717.666670,0,419,489,521,473,553,553,373,111,0,271,587,647,653,645,603,573,211,548,571,541,540,344,357,0,0,367,21,1173,1183,1156,541,aro0921,cross_leg_right,1
980,1789975717.686705,0,429,497,509,466,551,547,365,141,0,274,574,633,655,661,587,579,233,531,579,525,505,371,355,0,0,393,0,1151,1193,1125,589,aro0921,cross_leg_right,1
981,1789975717.706689,0,414,489,524,483,549,549,389,137,0,273,611,635,649,651,603,582,207,525,585,555,509,349,380,0,0,377,0,1169,1160,1158,616,aro0921,cross_leg_right,1
982,1789975717.726662,0,431,500,521,461,555,558,395,117,0,280,589,637,651,667,594,580,205,542,584,563,527,343,361,0,0,383,0,1147,1161,1147,621,aro0921,cross_leg_right,1
983,1789975717.746673,0,431,487,523,477,539,563,367,136,0,253,603,651,622,668,571,604,231,533,581,536,517,348,365,0,0,381,0,1131,1193,1121,645,aro0921,cross_leg_right,1
984,1789975717.766733,0,421,493,538,466,537,543,375,143,0,247,607,671,635,652,594,613,234,530,573,536,543,342,397,0,0,345,0,1131,1183,1111,647,aro0921,cross_leg_right,1
985,1789975717.785825,0,421,495,542,467,541,565,398,136,0,249,611,660,653,681,573,590,201,538,571,541,505,351,362,0,0,349,30,1172,1192,1170,661,aro0921,cross_leg_right,1
986,1789975717.806686,0,421,490,518,456,555,549,373,125,0,269,601,635,625,675,574,599,231,536,582,535,538,351,363,0,0,392,0,1173,1183,1130,599,aro0921,cross_leg_right,1
987,1789975717.826039,0,435,499,527,458,555,557,381,119,0,279,595,655,627,659,605,607,231,529,582,550,531,341,365,0,0,383,0,1135,1171,1123,653,aro0921,cross_leg_right,1
988,1789975717.845717,0,427,491,536,469,541,561,379,115,0,260,611,654,655,681,575,573,219,551,563,568,503,359,383,0,0,365,27,1159,1180,1145,605,aro0921,cross_leg_right,1
989,1789975717.865798,0,425,479,509,475,535,551,368,125,0,264,603,637,629,674,605,619,221,517,575,553,501,350,359,0,0,397,0,1160,1169,1169,631,aro0921,cross_leg_right,1
990,1789975717.886763,0,424,489,522,462,549,551,375,125,0,281,597,651,645,664,589,597,213,534,583,549,523,348,365,0,0,381,0,1151,1173,1151,631,aro0921,cross_leg_right,1
991,1789975717.906499,0,424,489,533,468,539,547,381,120,0,287,583,647,649,680,575,597,205,531,589,557,537,353,349,0,0,367,24,1183,1151,1148,617,aro0921,cross_leg_right,1
992,1789975717.926665,0,429,494,535,474,551,553,391,117,0,271,604,653,635,681,573,610,213,542,563,561,539,355,381,0,0,355,21,1176,1161,1133,615,aro0921,cross_leg_right,1
993,1789975717.946667,0,437,497,517,461,547,543,379,136,0,299,611,643,632,687,595,591,209,535,590,539,525,365,381,0,0,397,0,1141,1145,1119,648,aro0921,cross_leg_right,1
994,1789975717.966731,0,419,481,521,469,539,548,381,117,0,274,613,645,646,682,572,599,218,527,591,564,535,367,359,0,0,355,0,1135,1159,1183,659,aro0921,cross_leg_right,1
995,1789975717.986663,0,423,495,536,468,540,557,381,119,0,269,611,648,650,681,572,593,204,536,573,564,544,345,359,0,0,377,29,1163,1149,1151,661,aro0921,cross_leg_right,1
996,1789975718.006684,0,429,487,535,476,548,544,379,117,0,291,575,666,627,665,599,607,197,535,563,565,535,363,377,0,0,374,27,1169,1164,1141,654,aro0921,cross_leg_right,1
997,1789975718.026707,0,425,504,535,467,551,552,379,135,0,279,613,668,647,685,583,605,213,548,595,539,524,359,367,0,0,347,0,1176,1193,1125,599,aro0921,cross_leg_right,1
998,1789975718.046668,0,427,499,533,473,553,558,381,126,0,279,583,659,659,663,595,585,203,539,575,555,509,340,377,0,0,363,26,1171,1138,1148,651,aro0921,cross_leg_right,1
999,1789975718.066684,0,427,491,521,461,554,555,373,117,0,269,599,637,633,676,585,612,227,537,569,558,537,345,363,0,0,390,0,1149,1158,1123,633,aro0921,cross_leg_right,1
1000,1789975718.086641,0,425,484,519,473,555,559,375,116,0,263,612,647,627,669,572,611,205,549,585,541,527,339,350,0,0,405,0,1183,1179,1141,607,aro0921,cross_leg_right,1
1001,1789975718.106788,0,429,502,518,466,549,553,371,125,0,285,583,653,633,648,603,602,219,531,579,550,525,350,367,0,0,381,0,1162,1171,1141,629,aro0921,cross_leg_right,1
1002,1789975718.126692,0,426,491,524,461,549,554,375,124,0,279,597,651,647,667,589,595,219,537,579,551,525,355,371,0,0,377,0,1150,1167,1134,632,aro0921,cross_leg_right,1
1003,1789975718.146727,0,415,484,534,467,549,563,379,133,0,262,611,668,632,649,599,613,213,523,595,549,509,343,349,0,0,381,0,1160,1157,1148,651,aro0921,cross_leg_right,1
1004,1789975718.166707,0,424,493,535,461,544,559,381,125,0,275,615,665,655,659,599,590,202,541,575,571,523,363,359,0,0,361,0,1159,1148,1158,614,aro0921,cross_leg_right,1
1005,1789975718.186653,0,417,487,537,467,557,559,376,116,0,233,600,637,629,639,607,600,220,523,587,566,525,339,361,0,0,403,0,1165,1156,1136,631,aro0921,cross_leg_right,1
1006,1789975718.206665,0,435,499,532,470,556,555,381,117,0,245,581,667,622,680,591,585,203,537,581,551,534,338,359,0,0,379,0,1171,1184,1140,610,aro0921,cross_leg_right,1
1007,1789975718.226703,0,416,482,535,453,543,541,363,123,0,251,572,679,667,671,570,587,210,507,588,565,520,365,360,0,0,361,0,1116,1189,1161,615,aro0921,cross_leg_right,1
1008,1789975718.246682,0,421,479,519,469,553,563,374,119,0,256,605,647,647,649,597,595,209,548,567,567,507,342,367,0,0,371,23,1133,1149,1163,627,aro0921,cross_leg_right,1
1009,1789975718.266675,0,415,493,533,469,542,553,371,123,0,263,594,671,635,663,555,605,226,535,562,559,525,363,373,0,0,365,0,1131,1180,1145,620,aro0921,cross_leg_right,1
1010,1789975718.286717,0,409,500,522,467,547,565,363,117,0,292,573,646,647,653,585,575,214,555,567,551,495,351,367,0,0,393,37,1129,1191,1141,605,aro0921,cross_leg_right,1
1011,1789975718.306699,0,429,496,523,455,556,549,375,119,0,247,587,666,671,683,586,585,227,547,570,565,536,365,361,0,0,357,0,1179,1161,1117,615,aro0921,cross_leg_right,1
1012,1789975718.326678,0,424,492,522,477,547,543,371,126,0,253,610,681,655,671,581,585,221,541,563,537,533,365,381,0,0,365,0,1175,1183,1133,637,aro0921,cross_leg_right,1
1013,1789975718.346678,0,407,495,521,466,551,564,389,124,0,288,584,637,633,649,599,581,204,535,560,563,518,319,383,0,0,395,0,1157,1159,1147,645,aro0921,cross_leg_right,1
1014,1789975718.366759,0,416,489,529,465,550,555,377,123,0,277,595,651,647,665,595,603,219,535,575,551,524,349,367,0,0,379,0,1151,1171,1139,635,aro0921,cross_leg_right,1
1015,1789975718.386738,0,421,489,527,472,539,543,362,125,0,254,597,653,647,665,589,595,231,533,596,572,498,347,347,0,0,377,0,1165,1175,1160,648,aro0921,cross_leg_right,1
1016,1789975718.406663,0,411,486,527,455,544,549,380,125,0,287,589,646,654,671,599,616,205,525,581,555,519,355,370,0,0,378,22,1149,1151,1163,617,aro0921,cross_leg_right,1
1017,1789975718.426726,0,422,493,531,459,543,557,395,121,0,301,585,667,652,697,575,585,211,548,568,553,520,339,349,0,0,361,0,1150,1151,1159,651,aro0921,cross_leg_right,1
1018,1789975718.446663,0,413,487,517,466,557,559,366,127,0,294,583,663,649,653,603,585,223,537,584,543,520,333,363,0,0,357,0,1174,1179,1119,652,aro0921,cross_leg_right,1
1019,1789975718.466651,0,424,501,509,457,557,549,356,135,0,297,581,661,613,669,599,571,232,539,550,551,509,325,361,0,0,371,0,1161,1146,1112,615,aro0921,cross_leg_right,1
1020,1789975718.486726,0,403,494,509,475,541,533,365,111,0,267,618,628,623,669,579,573,219,509,595,565,552,377,392,0,0,398,30,1180,1141,1111,600,aro0921,cross_leg_right,1
1021,1789975718.506668,0,439,479,538,457,549,558,381,135,0,283,597,669,637,677,569,605,205,547,565,541,509,343,357,0,0,361,0,1191,1181,1159,645,aro0921,cross_leg_right,1
1022,1789975718.526664,0,416,499,529,459,543,546,377,119,0,274,585,649,657,659,591,584,203,525,587,564,536,365,356,0,0,375,23,1149,1149,1147,621,aro0921,cross_leg_right,1
1023,1789975718.546686,0,429,499,535,457,557,563,381,137,0,279,587,659,652,655,597,584,231,549,563,537,524,343,377,0,0,366,0,1159,1191,1118,629,aro0921,cross_leg_right,1
1024,1789975718.566696,0,425,489,529,471,549,555,375,125,0,297,605,659,661,665,589,597,218,539,576,555,524,356,365,0,0,383,0,1148,1170,1139,627,aro0921,cross_leg_right,1
1025,1789975718.586661,0,431,489,530,468,563,557,378,125,0,275,599,651,647,663,591,599,221,535,571,523,532,338,371,0,0,381,0,1126,1179,1165,596,aro0921,cross_leg_right,1
1026,1789975718.606667,0,431,485,523,470,555,543,371,136,0,286,583,629,627,655,599,604,231,539,570,547,531,365,373,0,0,396,0,1151,1176,1119,611,aro0921,cross_leg_right,1
1027,1789975718.626713,0,430,483,517,463,556,557,392,120,0,267,606,667,647,664,581,585,209,543,567,551,537,354,379,0,0,397,36,1163,1151,1122,613,aro0921,cross_leg_right,1
1028,1789975718.646683,0,427,482,522,463,541,547,373,139,0,287,581,645,627,661,585,610,227,549,557,537,524,369,378,0,0,397,0,1205,1189,1146,634,aro0921,cross_leg_right,1
1029,1789975718.666661,0,416,501,541,427,532,555,380,140,0,280,581,659,655,649,605,567,243,535,567,533,494,349,402,0,0,351,0,1182,1157,1117,667,aro0921,cross_leg_right,1
1030,1789975718.686722,0,420,476,531,477,551,547,383,139,0,251,605,661,657,683,587,607,220,535,589,567,519,343,350,0,0,361,0,1143,1141,1143,631,aro0921,cross_leg_right,1
1031,1789975718.706683,0,412,491,529,459,547,557,389,132,0,275,589,633,639,671,573,587,219,523,588,565,523,339,355,0,0,397,0,1157,1175,1145,613,aro0921,cross_leg_right,1
1032,1789975718.726661,0,429,477,521,473,557,547,392,126,0,261,568,633,680,649,607,603,237,519,584,537,540,341,379,0,0,376,31,1182,1175,1113,632,aro0921,cross_leg_right,1
1033,1789975718.746674,0,405,492,530,467,553,549,392,123,0,251,607,633,635,647,602,589,214,543,558,564,536,371,390,0,0,396,0,1171,1161,1139,661,aro0921,cross_leg_right,1
1034,1789975718.766708,0,411,495,530,455,550,555,380,125,0,266,579,653,637,667,593,595,211,537,581,553,524,355,375,0,0,378,0,1160,1167,1135,633,aro0921,cross_leg_right,1
1035,1789975718.786663,0,412,487,535,469,549,548,379,127,0,269,589,652,634,663,595,595,215,536,573,553,519,357,371,0,0,377,0,1160,1149,1139,621,aro0921,cross_leg_right,1
1036,1789975718.806645,0,408,491,522,457,549,553,375,121,0,253,581,635,623,667,598,600,203,523,565,565,537,365,390,0,0,397,0,1167,1164,1139,652,aro0921,cross_leg_right,1
1037,1789975718.826719,0,394,489,529,477,551,567,397,136,0,288,587,675,639,681,553,601,205,542,568,559,543,371,363,0,0,410,29,1133,1149,1127,638,aro0921,cross_leg_right,1
1038,1789975718.846665,0,405,477,529,476,555,547,389,135,0,253,597,636,635,678,583,595,232,521,590,543,527,371,373,0,0,399,0,1157,1187,1125,611,aro0921,cross_leg_right,1
1039,1789975718.866712,0,405,492,529,459,557,565,379,133,0,253,595,667,655,665,583,598,227,525,583,547,521,341,394,0,0,363,0,1173,1179,1125,646,aro0921,cross_leg_right,1
1040,1789975718.886735,0,405,499,521,467,541,557,381,134,0,244,605,665,659,679,593,615,220,525,571,539,536,341,363,0,0,373,0,1175,1188,1174,622,aro0921,cross_leg_right,1
1041,1789975718.906754,0,405,495,523,466,557,559,383,139,0,247,603,647,633,667,602,605,212,539,567,539,505,346,375,0,0,363,0,1177,1173,1123,613,aro0921,cross_leg_right,1
1042,1789975718.926674,0,401,499,507,483,539,547,393,127,0,264,595,655,659,653,588,569,213,538,584,563,521,371,372,0,0,351,0,1167,1143,1169,628,aro0921,cross_leg_right,1
1043,1789975718.946769,0,419,488,529,472,549,563,390,140,0,267,603,637,649,653,585,588,217,537,564,551,527,355,363,0,0,383,0,1139,1149,1126,615,aro0921,cross_leg_right,1
1044,1789975718.966700,0,411,487,526,459,567,559,382,137,0,250,581,655,629,649,598,585,197,548,589,541,541,343,379,0,0,389,0,1189,1193,1163,649,aro0921,cross_leg_right,1
1045,1789975718.986664,0,403,483,535,467,543,569,399,137,0,285,585,631,663,675,607,602,188,532,567,573,548,360,391,0,0,373,0,1144,1147,1165,655,aro0921,cross_leg_right,1
1046,1789975719.006706,0,419,487,534,478,557,565,381,123,0,247,586,638,628,669,595,599,221,543,567,530,541,355,375,0,0,365,0,1148,1150,1125,627,aro0921,cross_leg_right,1
1047,1789975719.026707,0,406,487,529,477,547,571,390,137,0,283,599,637,627,655,586,600,221,539,595,567,521,342,379,0,0,379,0,1161,1173,1161,646,aro0921,cross_leg_right,1
1048,1789975719.046651,0,413,487,535,471,551,557,383,136,0,269,590,651,633,662,590,587,210,533,575,553,531,355,368,0,0,380,0,1165,1165,1143,651,aro0921,cross_leg_right,1
1049,1789975719.066679,0,397,489,521,472,560,567,383,133,0,267,591,634,646,651,589,587,213,525,594,557,521,333,362,0,0,349,0,1159,1143,1107,668,aro0921,cross_leg_right,1
1050,1789975719.086695,0,411,477,520,467,531,541,379,133,0,276,597,653,632,671,571,581,201,523,579,585,524,330,373,0,0,372,0,1145,1161,1157,647,aro0921,cross_leg_right,1
1051,1789975719.106668,0,406,491,531,479,541,560,381,119,0,280,604,663,652,663,585,585,225,541,571,543,537,359,356,0,0,391,28,1176,1149,1123,621,aro0921,cross_leg_right,1
1052,1789975719.126674,0,397,487,525,471,551,559,391,139,0,249,603,635,659,667,575,531,218,549,581,560,534,359,360,0,0,377,0,1139,1159,1131,633,aro0921,cross_leg_right,1
1053,1789975719.146693,0,409,493,520,470,553,568,381,137,0,276,571,646,659,663,605,603,213,507,588,534,549,368,392,0,0,377,0,1179,1183,1165,619,aro0921,cross_leg_right,1
1054,1789975719.166735,0,411,472,517,459,563,570,371,133,0,238,567,664,613,633,579,569,197,537,559,538,550,367,389,0,0,403,30,1131,1189,1133,623,aro0921,cross_leg_right,1
1055,1789975719.186681,0,423,483,539,477,536,553,367,115,0,274,605,632,623,667,581,573,187,520,563,555,553,369,355,0,0,408,0,1183,1194,1109,675,aro0921,cross_leg_right,1
1056,1789975719.206700,0,399,479,535,473,539,559,393,135,0,273,594,659,653,650,600,601,207,529,575,539,539,347,359,0,0,363,20,1163,1184,1148,655,aro0921,cross_leg_right,1
1057,1789975719.226705,0,407,493,525,477,553,565,381,135,0,294,596,652,649,658,587,583,229,547,585,548,533,363,377,0,0,399,22,1140,1184,1159,655,aro0921,cross_leg_right,1
1058,1789975719.246687,0,407,487,535,469,552,558,389,133,0,279,589,649,637,659,593,590,204,538,573,544,525,349,382,0,0,379,0,1160,1173,1133,635,aro0921,cross_leg_right,1
1059,1789975719.266745,0,419,485,542,469,559,569,373,143,0,263,589,655,645,660,589,573,219,507,590,525,534,331,383,0,0,381,0,1175,1190,1123,664,aro0921,cross_leg_right,1
1060,1789975719.286689,0,396,483,521,475,567,551,371,117,0,279,605,660,638,645,598,589,199,519,583,567,503,345,381,0,0,395,28,1133,1193,1176,639,aro0921,cross_leg_right,1
1061,1789975719.306675,0,405,476,521,472,557,563,378,127,0,261,575,654,629,659,581,583,219,533,589,542,527,341,377,0,0,365,0,1150,1181,1159,633,aro0921,cross_leg_right,1
1062,1789975719.326720,0,395,475,531,459,554,562,378,138,0,275,574,662,629,649,599,585,227,543,589,567,541,345,381,0,0,365,0,1173,1148,1140,653,aro0921,cross_leg_right,1
1063,1789975719.346663,0,411,491,537,473,563,547,397,115,0,265,575,665,638,670,605,605,219,535,594,564,530,333,395,0,0,360,0,1145,1188,1161,677,aro0921,cross_leg_right,1
1064,1789975719.366663,0,411,485,530,458,549,563,390,143,0,227,583,626,616,655,583,567,219,523,595,567,517,325,338,0,0,355,0,1137,1187,1128,676,aro0921,cross_leg_right,1
1065,1789975719.386700,0,395,488,532,463,551,563,379,121,0,269,579,647,657,669,579,589,210,554,579,540,521,365,359,0,0,397,28,1149,1156,1123,663,aro0921,cross_leg_right,1
1066,1789975719.406737,0,411,489,531,459,550,566,377,138,0,247,585,663,645,669,591,607,202,529,571,563,535,345,358,0,0,394,23,1133,1157,1122,631,aro0921,cross_leg_right,1
1067,1789975719.426714,0,396,489,519,473,537,569,399,143,0,221,581,664,630,681,611,611,235,537,595,523,543,374,356,0,0,377,33,1139,1157,1157,599,aro0921,cross_leg_right,1
1068,1789975719.446758,0,414,479,531,475,563,555,373,116,0,265,585,663,651,679,573,597,249,536,571,550,540,335,374,0,0,365,20,1133,1179,1115,605,aro0921,cross_leg_right,1
1069,1789975719.466701,0,405,491,523,459,542,550,393,121,0,252,585,636,629,649,575,569,227,535,587,556,523,363,379,0,0,365,0,1175,1163,1161,654,aro0921,cross_leg_right,1
1070,1789975719.486675,0,409,485,532,477,550,555,380,133,0,265,560,633,628,669,573,595,213,535,581,563,529,355,351,0,0,401,0,1163,1177,1141,627,aro0921,cross_leg_right,1
1071,1789975719.506685,0,403,484,529,467,551,555,381,126,0,262,583,651,633,664,591,589,215,521,578,552,525,356,373,0,0,378,0,1160,1187,1151,636,aro0921,cross_leg_right,1
1072,1789975719.526714,0,402,485,525,467,539,559,365,111,0,263,589,645,637,664,589,590,235,537,563,548,537,343,383,0,0,380,0,1169,1199,1113,627,aro0921,cross_leg_right,1
1073,1789975719.546716,0,403,484,530,471,550,557,388,121,0,261,589,661,638,661,589,591,217,535,581,553,521,355,375,0,0,371,0,1159,1163,1143,638,aro0921,cross_leg_right,1
1074,1789975719.566673,0,391,484,535,467,557,564,389,121,0,261,591,629,645,664,586,591,213,543,559,573,539,353,375,0,0,383,22,1144,1151,1119,619,aro0921,cross_leg_right,1
1075,1789975719.586713,0,401,492,536,463,553,552,395,125,0,238,598,636,647,661,596,588,212,547,566,559,505,359,361,0,0,401,0,1165,1165,1127,663,aro0921,cross_leg_right,1
1076,1789975719.606728,0,419,489,521,459,541,565,382,137,0,264,587,649,649,651,598,587,205,543,575,559,525,341,375,0,0,381,0,1165,1147,1159,651,aro0921,cross_leg_right,1
1077,1789975719.626685,0,420,469,539,453,558,557,369,114,0,270,559,653,635,685,595,593,249,563,584,583,549,359,391,0,0,373,37,1183,1163,1117,653,aro0921,cross_leg_right,1
1078,1789975719.646676,0,393,483,524,461,555,547,391,135,0,253,599,633,623,669,575,604,219,539,568,536,532,373,381,0,0,403,0,1182,1197,1119,634,aro0921,cross_leg_right,1
1079,1789975719.666735,0,409,491,523,471,541,567,375,133,0,270,579,651,662,659,593,572,217,531,593,567,539,363,347,0,0,377,0,1135,1174,1144,646,aro0921,cross_leg_right,1
1080,1789975719.686689,0,413,495,539,447,539,554,395,141,0,253,569,657,662,657,595,572,197,547,583,539,507,365,371,0,0,363,0,1141,1180,1179,601,aro0921,cross_leg_right,1
1081,1789975719.706681,0,411,475,520,463,553,551,374,122,0,275,581,635,623,665,588,604,223,557,565,558,531,366,383,0,0,404,0,1149,1177,1128,614,aro0921,cross_leg_right,1
1082,1789975719.726738,0,402,485,521,467,551,555,380,126,0,249,603,661,633,663,606,605,222,550,595,553,525,357,391,0,0,393,23,1159,1171,1163,639,aro0921,cross_leg_right,1
1083,1789975719.746684,0,407,487,530,467,549,557,381,126,0,263,585,651,645,661,587,591,216,536,575,558,525,351,377,0,0,381,24,1161,1171,1135,633,aro0921,cross_leg_right,1
1084,1789975719.766693,0,405,489,525,471,555,559,373,136,0,275,599,637,647,655,584,583,227,531,591,555,521,341,361,0,0,383,0,1172,1173,1117,661,aro0921,cross_leg_right,1
1085,1789975719.786674,0,411,491,537,477,556,554,371,119,0,272,595,633,657,659,572,575,227,519,599,539,539,342,396,0,0,376,0,1133,1189,1161,627,aro0921,cross_leg_right,1
1086,1789975719.806708,0,411,489,525,482,541,567,389,136,0,267,605,633,637,653,594,585,220,548,570,567,535,345,357,0,0,403,0,1135,1159,1127,653,aro0921,cross_leg_right,1
1087,1789975719.826655,0,411,495,537,462,556,565,375,137,0,254,590,635,639,639,589,581,211,523,573,547,547,345,381,0,0,383,0,1157,1161,1134,615,aro0921,cross_leg_right,1
1088,1789975719.846713,0,411,475,525,475,563,542,371,136,0,263,600,667,637,676,569,607,232,531,585,570,504,358,365,0,0,361,0,1183,1160,1132,648,aro0921,cross_leg_right,1
1089,1789975719.866706,0,407,479,519,462,543,568,379,123,0,279,573,664,651,653,601,589,198,533,560,539,547,339,374,0,0,355,0,1171,1213,1119,636,aro0921,cross_leg_right,1
1090,1789975719.886715,0,421,500,529,455,555,573,393,120,0,235,585,667,661,651,587,573,215,551,555,551,536,333,381,0,0,367,0,1177,1179,1123,675,aro0921,cross_leg_right,1
1091,1789975719.906017,0,399,494,523,469,551,558,392,120,0,251,588,658,652,671,581,587,227,548,573,548,529,366,363,0,0,378,21,1165,1187,1122,627,aro0921,cross_leg_right,1
1092,1789975719.926805,0,412,488,533,479,565,555,383,128,0,275,603,629,648,653,563,581,231,541,583,552,535,367,365,0,0,390,0,1157,1170,1125,623,aro0921,cross_leg_right,1
1093,1789975719.946687,0,407,487,525,467,552,555,379,125,0,261,595,653,640,659,588,591,215,531,575,550,525,355,373,0,0,379,0,1157,1169,1140,637,aro0921,cross_leg_right,1
1094,1789975719.966678,0,399,477,533,469,559,551,371,131,0,265,581,636,621,653,603,611,235,537,557,544,542,343,377,0,0,421,0,1139,1190,1119,619,aro0921,cross_leg_right,1
1095,1789975719.986714,0,393,489,521,471,565,555,380,111,0,295,566,633,665,665,569,579,235,551,595,563,536,375,392,0,0,372,0,1139,1181,1172,665,aro0921,cross_leg_right,1
1096,1789975720.006677,0,411,495,520,467,555,555,375,135,0,244,589,667,631,649,603,593,230,531,587,556,505,345,359,0,0,377,25,1173,1161,1127,618,aro0921,cross_leg_right,1
1097,1789975720.026691,0,416,495,531,471,547,549,373,119,0,239,617,667,622,664,604,606,221,525,591,550,532,372,377,0,0,397,0,1148,1176,1170,615,aro0921,cross_leg_right,1
1098,1789975720.046726,0,411,495,520,460,549,567,375,136,0,243,595,637,629,654,603,607,215,521,589,531,509,337,379,0,0,363,0,1172,1204,1139,645,aro0921,cross_leg_right,1
1099,1789975720.066012,0,424,484,539,473,565,552,384,119,0,271,615,639,663,676,573,585,236,551,599,536,505,333,397,0,0,381,0,1149,1147,1163,611,aro0921,cross_leg_right,1
1100,1789975720.085738,0,409,492,523,471,555,551,377,121,0,278,598,639,648,670,547,584,209,525,571,549,509,341,389,0,0,395,0,1151,1165,1142,623,aro0921,cross_leg_right,1
1101,1789975720.105773,0,416,489,537,471,552,565,395,121,0,266,597,635,624,651,597,581,204,537,584,567,507,339,357,0,0,375,0,1139,1161,1157,621,aro0921,cross_leg_right,1
1102,1789975720.126745,0,421,473,527,461,551,558,380,116,0,288,564,671,628,677,591,615,215,536,575,551,529,351,377,0,0,373,27,1173,1173,1141,637,aro0921,cross_leg_right,1
1103,1789975720.146732,0,411,487,531,469,551,557,383,125,0,264,581,651,645,667,585,595,218,537,581,551,529,349,371,0,0,399,0,1161,1169,1145,629,aro0921,cross_leg_right,1
1104,1789975720.166711,0,409,492,523,465,553,559,384,139,0,251,601,668,653,659,575,585,207,547,569,537,537,371,383,0,0,403,0,1171,1181,1131,639,aro0921,cross_leg_right,1
1105,1789975720.186712,0,409,489,525,467,551,557,384,124,0,264,587,651,651,662,591,591,215,535,580,552,519,355,367,0,0,387,0,1157,1215,1142,635,aro0921,cross_leg_right,1
1106,1789975720.206682,0,405,487,523,466,551,567,391,136,0,262,595,635,639,665,591,595,204,539,567,564,533,339,391,0,0,405,0,1176,1147,1151,634,aro0921,cross_leg_right,1
1107,1789975720.226692,0,421,487,534,460,564,555,396,142,0,233,613,628,664,677,581,585,211,524,557,536,509,347,377,0,0,403,0,1147,1176,1123,607,aro0921,cross_leg_right,1
1108,1789975720.246692,0,407,485,533,469,556,547,381,121,0,263,597,637,659,676,605,595,200,523,573,571,534,379,363,0,0,381,0,1183,1157,1117,663,aro0921,cross_leg_right,1
1109,1789975720.266666,0,414,477,539,457,543,549,382,120,0,251,583,637,637,655,586,599,234,537,569,542,539,362,361,0,0,363,0,1163,1149,1127,617,aro0921,cross_leg_right,1
1110,1789975720.286682,0,412,476,522,469,543,549,375,127,0,245,603,664,631,652,598,595,229,533,588,565,535,365,364,0,0,397,21,1177,1157,1151,633,aro0921,cross_leg_right,1
1111,1789975720.306691,0,416,485,534,473,548,557,383,123,0,252,599,663,648,671,597,585,211,544,583,543,519,339,354,0,0,391,22,1161,1161,1143,613,aro0921,cross_leg_right,1
1112,1789975720.326666,0,414,479,519,477,565,543,396,125,0,269,590,670,657,677,594,597,201,531,568,571,503,362,397,0,0,363,23,1136,1188,1139,635,aro0921,cross_leg_right,1
1113,1789975720.346669,0,410,490,525,468,541,551,391,119,0,277,584,639,648,637,585,580,231,537,591,565,543,365,373,0,0,383,0,1183,1183,1163,664,aro0921,cross_leg_right,1
1114,1789975720.366773,0,414,487,533,469,547,563,381,141,0,276,599,639,627,647,591,591,227,549,598,537,529,360,377,0,0,371,0,1175,1187,1167,636,aro0921,cross_leg_right,1
1115,1789975720.386661,0,411,487,529,465,551,555,381,136,0,263,595,667,637,666,586,591,219,537,573,555,530,353,375,0,0,382,0,1160,1161,1130,632,aro0921,cross_leg_right,1
1116,1789975720.406681,0,407,488,529,461,543,548,389,119,0,261,589,648,638,666,589,588,216,551,588,539,521,367,359,0,0,381,0,1177,1151,1140,623,aro0921,cross_leg_right,1
1117,1789975720.426981,0,405,499,540,453,556,568,383,121,0,243,606,661,653,655,569,586,225,555,556,539,524,331,377,0,0,412,28,1129,1135,1145,599,aro0921,cross_leg_right,1
1118,1789975720.446772,0,423,493,531,471,563,555,381,139,0,275,601,635,635,648,591,595,211,524,585,539,529,347,380,0,0,403,0,1171,1173,1146,610,aro0921,cross_leg_right,1
1119,1789975720.466710,0,409,479,533,467,559,563,392,127,0,273,582,646,655,681,580,596,215,535,557,556,530,363,395,0,0,403,20,1171,1167,1147,653,aro0921,cross_leg_right,1
1120,1789975720.486693,0,436,482,529,463,565,567,397,142,0,251,553,675,638,679,572,601,163,519,557,533,529,331,379,0,0,381,37,1163,1191,1113,631,aro0921,cross_leg_right,1
1121,1789975720.506757,0,423,484,527,473,551,567,375,138,0,277,574,667,653,675,597,599,227,540,565,539,523,339,391,0,0,365,20,1173,1187,1119,627,aro0921,cross_leg_right,1
1122,1789975720.526727,0,422,478,535,478,553,548,407,126,0,243,605,665,651,649,598,587,206,541,589,567,538,364,392,0,0,373,0,1143,1151,1169,623,aro0921,cross_leg_right,1
1123,1789975720.546711,0,423,485,535,463,543,555,395,147,0,261,574,665,637,651,601,598,211,530,591,539,501,349,357,0,0,379,0,1167,1181,1149,633,aro0921,cross_leg_right,1
1124,1789975720.566772,0,425,475,534,459,553,559,378,143,0,276,591,631,635,646,600,591,233,531,589,571,550,357,357,0,0,407,0,1169,1189,1131,655,aro0921,cross_leg_right,1
1125,1789975720.586724,0,423,497,507,484,568,572,373,119,0,265,590,663,618,649,604,581,235,539,567,573,509,335,369,0,0,411,0,1142,1139,1084,612,aro0921,cross_leg_right,1
1126,1789975720.606710,0,427,477,523,475,544,551,376,123,0,278,581,659,655,677,581,595,229,533,591,566,537,365,382,0,0,367,0,1141,1157,1157,613,aro0921,cross_leg_right,1
1127,1789975720.626732,0,412,488,529,475,551,555,389,127,0,261,573,649,645,668,588,591,217,537,579,553,534,357,372,0,0,381,0,1157,1134,1138,639,aro0921,cross_leg_right,1
1128,1789975720.646729,0,421,488,531,471,559,565,389,125,0,264,595,655,649,681,593,595,220,535,580,570,539,340,375,0,0,383,0,1145,1182,1135,647,aro0921,cross_leg_right,1
1129,1789975720.666693,0,424,483,541,479,538,552,392,140,0,269,613,633,622,669,597,602,211,553,558,559,520,373,395,0,0,411,22,1173,1157,1151,623,aro0921,cross_leg_right,1
1130,1789975720.686697,0,411,503,510,445,570,558,374,151,0,267,585,629,657,679,580,573,225,523,597,529,495,357,403,0,0,403,0,1181,1197,1115,627,aro0921,cross_leg_right,1
1131,1789975720.706721,0,430,494,533,469,549,567,389,123,0,279,583,667,653,661,579,583,219,549,567,568,520,341,366,0,0,376,0,1175,1151,1161,623,aro0921,cross_leg_right,1
1132,1789975720.726684,0,420,489,523,460,557,565,381,125,0,268,581,639,631,651,600,593,227,525,587,566,521,342,361,0,0,410,0,1161,1165,1132,639,aro0921,cross_leg_right,1
1133,1789975720.746687,0,411,487,531,473,540,543,383,136,0,255,590,639,633,671,574,599,213,521,612,558,527,373,372,0,0,409,22,1139,1143,1134,631,aro0921,cross_leg_right,1
1134,1789975720.766748,0,425,475,539,455,562,551,373,123,0,245,572,631,659,685,615,611,231,535,571,550,534,367,398,0,0,363,0,1175,1167,1157,646,aro0921,cross_leg_right,1
1135,1789975720.786702,0,424,499,538,469,549,557,395,145,0,243,603,653,631,653,601,589,203,543,571,543,507,363,378,0,0,404,25,1133,1157,1160,652,aro0921,cross_leg_right,1
1136,1789975720.806706,0,431,497,524,469,563,557,397,124,0,278,595,649,628,671,574,605,207,532,585,550,544,357,355,0,0,399,0,1171,1181,1147,613,aro0921,cross_leg_right,1
1137,1789975720.826739,0,423,502,527,457,552,555,383,127,0,271,574,651,644,649,595,574,219,538,580,555,525,356,373,0,0,391,0,1157,1167,1143,631,aro0921,cross_leg_right,1
1138,1789975720.846439,0,428,490,531,463,551,555,391,135,0,265,593,647,645,664,591,591,217,537,575,553,531,357,376,0,0,381,0,1162,1165,1141,631,aro0921,cross_leg_right,1
1139,1789975720.866732,0,425,484,535,473,565,555,396,135,0,264,605,666,645,650,606,599,211,535,583,551,533,334,350,0,0,379,0,1159,1170,1147,630,aro0921,cross_leg_right,1
1140,1789975720.886711,0,421,489,531,467,547,563,389,135,0,263,591,653,644,665,587,595,220,533,581,553,532,351,377,0,0,389,0,1159,1173,1135,627,aro0921,cross_leg_right,1
1141,1789975720.906734,0,425,483,534,456,557,567,397,139,0,262,595,637,633,677,587,587,212,541,564,537,525,338,357,0,0,403,0,1161,1189,1133,627,aro0921,cross_leg_right,1
1142,1789975720.926721,0,426,491,531,459,558,567,399,132,0,251,569,669,633,647,583,604,202,539,597,569,508,371,373,0,0,373,0,1181,1175,1147,606,aro0921,cross_leg_right,1
1143,1789975720.946754,0,412,479,522,459,563,541,381,135,0,279,571,637,622,637,597,599,229,519,594,584,538,372,361,0,0,407,0,1183,1149,1123,652,aro0921,cross_leg_right,1
1144,1789975720.966765,0,427,503,521,459,564,564,378,140,0,253,587,667,647,679,582,597,227,553,573,535,509,347,375,0,0,363,0,1131,1171,1128,651,aro0921,cross_leg_right,1
1145,1789975720.986706,0,420,483,531,461,553,566,394,117,0,249,603,663,619,659,585,603,213,527,591,565,529,339,359,0,0,389,0,1127,1151,1158,657,aro0921,cross_leg_right,1
1146,1789975721.006748,0,425,485,531,459,547,548,393,127,0,269,575,653,623,653,599,602,211,522,585,558,525,367,357,0,0,404,0,1172,1144,1159,630,aro0921,cross_leg_right,1
1147,1789975721.026745,0,411,484,507,457,559,559,381,149,0,243,610,631,661,645,607,607,199,551,601,537,519,373,347,0,0,403,0,1131,1181,1180,649,aro0921,cross_leg_right,1
1148,1789975721.046754,0,427,499,529,457,561,547,381,135,0,261,581,653,629,677,599,601,233,548,591,557,530,368,359,0,0,403,24,1147,1179,1156,647,aro0921,cross_leg_right,1
1149,1789975721.066698,0,411,487,524,465,556,565,376,124,0,264,579,635,655,651,603,595,227,527,588,555,539,339,367,0,0,393,23,1147,1170,1128,636,aro0921,cross_leg_right,1
1150,1789975721.086687,0,421,488,523,459,553,555,390,125,0,262,588,653,645,663,589,591,207,537,581,557,529,355,374,0,0,381,0,1159,1163,1128,621,aro0921,cross_leg_right,1
1151,1789975721.106737,0,427,489,522,459,560,553,379,137,0,251,610,662,637,657,611,597,210,523,567,549,525,341,391,0,0,376,0,1151,1150,1141,615,aro0921,cross_leg_right,1
1152,1789975721.126693,0,424,501,536,459,559,563,380,142,0,283,590,638,658,672,603,600,234,533,588,558,507,335,355,0,0,411,21,1167,1196,1131,651,aro0921,cross_leg_right,1
1153,1789975721.146699,0,423,485,521,475,551,551,382,143,0,253,588,651,635,647,615,591,233,543,563,554,519,367,391,0,0,390,0,1143,1163,1128,617,aro0921,cross_leg_right,1
1154,1789975721.166745,0,407,495,519,459,556,559,383,147,0,243,575,652,663,653,587,573,203,505,569,564,524,347,360,0,0,391,0,1141,1165,1147,651,aro0921,cross_leg_right,1
1155,1789975721.186712,0,413,501,499,476,543,549,375,145,0,221,601,671,650,681,606,591,234,533,596,567,505,356,361,0,0,365,25,1161,1143,1124,617,aro0921,cross_leg_right,1
1156,1789975721.206686,0,403,479,521,453,558,549,397,147,0,251,571,627,650,668,575,586,221,543,581,563,517,355,379,0,0,377,0,1165,1179,1161,661,aro0921,cross_leg_right,1
1157,1789975721.226738,0,403,493,519,457,549,553,383,145,0,251,595,627,647,663,594,596,228,541,582,550,521,345,365,0,0,381,0,1151,1179,1133,649,aro0921,cross_leg_right,1
1158,1789975721.246698,0,415,487,521,471,565,551,397,141,0,265,581,663,652,648,585,602,202,537,568,547,538,373,384,0,0,365,0,1149,1146,1125,629,aro0921,cross_leg_right,1
1159,1789975721.266703,0,399,477,518,473,555,558,407,165,0,278,573,623,626,634,579,573,214,537,569,557,523,355,377,0,0,375,0,1159,1167,1141,645,aro0921,cross_leg_right,1
1160,1789975721.286697,0,409,489,525,466,555,557,396,167,0,255,586,645,629,659,584,589,215,535,581,551,523,353,381,0,0,387,0,1135,1191,1143,651,aro0921,cross_leg_right,1
1161,1789975721.306739,0,404,491,525,471,553,565,406,183,0,251,593,658,632,651,581,581,207,547,565,551,521,343,394,0,0,377,0,1166,1157,1145,621,aro0921,cross_leg_right,1
1162,1789975721.326701,0,413,487,532,467,551,564,407,173,0,269,584,657,635,649,603,587,205,536,584,559,525,357,375,0,0,373,0,1160,1163,1157,655,aro0921,cross_leg_right,1
1163,1789975721.346569,0,427,484,518,483,557,549,404,183,0,251,603,635,624,667,590,604,213,551,565,571,535,375,392,0,0,405,0,1147,1171,1135,629,aro0921,cross_leg_right,1
1164,1789975721.366849,0,405,493,521,473,569,550,407,169,0,283,605,638,630,646,603,583,232,519,597,572,525,367,363,0,0,419,0,1175,1190,1118,664,aro0921,cross_leg_right,1
1165,1789975721.386827,0,428,477,531,467,539,552,391,165,0,233,558,669,619,645,603,603,203,509,597,572,542,421,381,0,0,421,0,1181,1129,1177,617,aro0921,cross_leg_right,1
1166,1789975721.406718,0,425,491,535,473,555,565,407,165,0,247,595,637,648,668,574,587,221,551,565,553,537,343,389,0,0,392,24,1143,1177,1139,651,aro0921,cross_leg_right,1
1167,1789975721.426790,0,413,495,523,470,560,557,403,165,0,247,595,661,627,650,601,595,228,559,591,544,525,359,389,0,0,377,0,1147,1177,1141,639,aro0921,cross_leg_right,1
1168,1789975721.446745,0,407,479,523,471,559,547,416,164,0,276,581,629,621,664,599,612,219,522,598,559,503,334,355,0,0,411,0,1131,1157,1147,595,aro0921,cross_leg_right,1
1169,1789975721.466737,0,429,503,509,462,556,559,379,155,0,207,601,663,646,671,581,566,239,541,563,555,535,354,379,0,0,409,35,1173,1173,1109,630,aro0921,cross_leg_right,1
1170,1789975721.486712,0,424,491,531,485,557,556,403,157,0,269,594,605,647,661,589,597,214,535,569,555,525,358,377,0,0,343,0,1157,1169,1139,629,aro0921,cross_leg_right,1
1171,1789975721.506754,0,427,492,524,483,552,559,403,153,0,249,597,638,631,664,580,589,216,549,564,549,507,364,393,0,0,406,0,1146,1165,1147,652,aro0921,cross_leg_right,1
1172,1789975721.526709,0,421,492,531,474,557,559,405,139,0,264,589,653,637,659,591,593,203,536,589,555,525,355,372,0,0,391,0,1157,1171,1143,632,aro0921,cross_leg_right,1
1173,1789975721.546724,0,423,491,533,475,559,543,396,135,0,261,589,648,637,661,587,593,226,521,590,550,556,357,389,0,0,393,0,1179,1196,1115,611,aro0921,cross_leg_right,1
1174,1789975721.566486,0,411,503,535,477,563,567,413,123,0,235,604,627,617,669,569,613,227,504,601,567,533,339,361,0,0,419,0,1157,1159,1125,617,aro0921,cross_leg_right,1
1175,1789975721.586745,0,413,488,533,485,543,568,397,139,0,273,575,649,653,657,601,585,209,551,570,581,509,345,381,0,0,381,0,1163,1142,1161,617,aro0921,cross_leg_right,1
1176,1789975721.606723,0,425,495,535,473,567,560,414,145,0,254,601,654,631,675,575,597,223,523,597,563,529,360,371,0,0,403,0,1140,1147,1125,645,aro0921,cross_leg_right,1
1177,1789975721.626737,0,439,504,521,467,564,557,393,150,0,237,571,635,639,635,611,603,230,519,593,543,505,370,365,0,0,411,0,1172,1188,1111,623,aro0921,cross_leg_right,1
1178,1789975721.646732,0,409,483,538,485,563,569,419,139,0,265,575,629,647,670,570,597,221,529,600,569,551,334,357,0,0,409,22,1186,1145,1129,622,aro0921,cross_leg_right,1
1179,1789975721.666735,0,429,487,531,485,565,556,419,125,0,248,598,653,635,645,599,597,205,535,581,563,537,359,356,0,0,394,0,1141,1157,1129,623,aro0921,cross_leg_right,1
1180,1789975721.686739,0,423,496,525,471,559,565,399,147,0,253,589,634,636,676,581,587,227,530,532,549,517,355,355,0,0,403,0,1173,1165,1147,679,aro0921,cross_leg_right,1
1181,1789975721.706768,0,420,499,529,478,550,572,403,139,0,248,605,663,655,661,575,574,223,535,589,539,537,367,360,0,0,414,23,1145,1163,1135,616,aro0921,cross_leg_right,1
1182,1789975721.726738,0,435,505,523,475,567,550,413,137,0,292,575,657,653,647,597,579,197,533,594,552,547,359,363,0,0,367,0,1127,1183,1170,599,aro0921,cross_leg_right,1
1183,1789975721.746743,0,427,495,541,471,563,565,410,139,0,249,605,663,645,679,571,589,219,546,557,549,503,331,391,0,0,392,28,1135,1146,1131,628,aro0921,cross_leg_right,1
1184,1789975721.766823,0,409,485,523,485,555,565,383,135,0,247,602,659,661,666,587,581,217,533,573,553,531,355,374,0,0,373,20,1160,1166,1134,623,aro0921,cross_leg_right,1
1185,1789975721.786713,0,426,491,533,479,555,565,402,141,0,263,589,649,635,655,589,597,213,533,575,553,525,355,371,0,0,393,0,1159,1169,1117,636,aro0921,cross_leg_right,1
1186,1789975721.806731,0,430,495,527,473,550,555,403,138,0,278,589,647,627,655,584,603,215,548,573,547,503,359,366,0,0,408,0,1145,1174,1157,616,aro0921,cross_leg_right,1
1187,1789975721.826780,0,411,479,540,477,543,563,393,122,0,245,613,669,645,649,605,612,234,531,555,581,548,335,376,0,0,381,0,1171,1139,1149,620,aro0921,cross_leg_right,1
1188,1789975721.846741,0,416,491,525,489,543,566,393,125,0,262,581,644,653,664,603,579,212,551,563,567,553,341,369,0,0,395,25,1141,1147,1163,629,aro0921,cross_leg_right,1
1189,1789975721.866732,0,427,505,525,481,564,560,407,125,0,275,579,633,649,651,585,574,205,544,594,559,533,337,371,0,0,409,0,1159,1182,1129,605,aro0921,cross_leg_right,1
1190,1789975721.886828,0,415,494,523,466,567,551,395,137,0,269,603,632,637,679,582,581,228,469,589,559,505,360,369,0,20,395,23,1171,1145,1113,632,aro0921,cross_leg_right,1
1191,1789975721.906523,0,435,493,529,482,559,571,409,137,0,249,595,635,627,671,590,581,228,525,565,560,507,358,363,0,0,379,0,1175,1157,1159,627,aro0921,cross_leg_right,1
1192,1789975721.926337,0,435,488,522,489,565,567,408,141,0,251,598,648,629,653,611,601,201,543,591,555,507,366,361,0,0,409,0,1182,1157,1147,637,aro0921,cross_leg_right,1
1193,1789975721.946826,0,427,491,521,489,539,555,393,125,0,243,604,651,623,677,569,599,215,549,555,523,539,376,391,0,0,399,0,1161,1173,1163,632,aro0921,cross_leg_right,1
1194,1789975721.966779,0,430,499,521,478,557,569,406,137,0,245,617,659,633,637,612,589,233,508,597,559,530,355,357,0,0,421,0,1149,1171,1141,623,aro0921,cross_leg_right,1
1195,1789975721.986741,0,427,493,530,479,555,563,405,134,0,267,597,649,645,667,587,591,214,537,573,554,525,357,371,0,0,405,0,1151,1165,1144,622,aro0921,cross_leg_right,1
1196,1789975722.006724,0,425,486,540,483,565,559,405,127,0,263,603,667,645,648,596,580,220,521,591,554,537,341,365,0,0,377,0,1145,1174,1129,603,aro0921,cross_leg_right,1
1197,1789975722.026798,0,429,487,529,485,549,553,397,141,0,249,601,635,653,665,597,575,217,557,565,540,538,351,381,0,0,407,0,1141,1183,1143,631,aro0921,cross_leg_right,1
1198,1789975722.046716,0,437,488,523,470,557,570,392,138,0,280,585,685,659,653,605,583,235,531,597,555,524,328,351,0,0,373,0,1139,1160,1144,649,aro0921,cross_leg_right,1
1199,1789975722.066741,0,418,483,523,476,565,559,397,124,0,249,614,651,651,646,602,600,233,524,574,564,541,355,374,0,27,405,35,1157,1171,1113,598,aro0921,cross_leg_right,1
1200,1789975722.086770,0,439,487,535,479,539,568,403,125,0,287,589,671,667,661,587,569,203,555,567,581,552,331,376,0,0,377,0,1167,1135,1149,599,aro0921,cross_leg_right,1
1201,1789975722.106714,0,427,501,531,471,563,567,410,137,0,277,601,659,623,665,573,599,215,532,590,571,529,340,373,0,0,404,0,1150,1149,1129,617,aro0921,cross_leg_right,1
1202,1789975722.126717,0,413,489,538,485,563,553,407,141,0,269,588,633,653,650,603,587,229,549,583,534,520,367,375,0,0,389,0,1167,1184,1123,627,aro0921,cross_leg_right,1
1203,1789975722.146740,0,437,486,520,487,541,573,395,143,0,253,593,637,623,655,591,607,206,555,567,559,515,319,389,0,0,413,0,1115,1163,1160,663,aro0921,cross_leg_right,1
1204,1789975722.166727,0,425,491,523,483,556,559,403,137,0,233,611,631,626,679,571,599,223,551,579,557,523,355,373,0,20,428,0,1171,1171,1135,629,aro0921,cross_leg_right,1
1205,1789975722.186729,0,427,495,529,475,555,559,402,136,0,265,590,651,637,653,585,588,206,535,574,551,531,355,371,0,0,394,43,1161,1173,1143,617,aro0921,cross_leg_right,1
1206,1789975722.206776,0,429,491,533,473,553,563,403,133,0,249,573,652,637,654,589,585,217,537,601,553,529,355,375,0,0,402,0,1151,1171,1117,630,aro0921,cross_leg_right,1
1207,1789975722.226040,0,427,495,535,475,555,562,403,139,0,265,591,653,636,663,593,591,217,535,581,555,531,354,373,0,0,398,0,1172,1151,1141,627,aro0921,cross_leg_right,1
1208,1789975722.245776,0,427,485,541,476,539,572,412,151,0,251,617,669,623,671,581,605,198,552,581,553,505,358,371,23,21,375,0,1189,1159,1171,661,aro0921,cross_leg_right,1
1209,1789975722.265801,0,429,506,540,471,549,565,402,157,0,245,591,667,627,659,611,603,211,543,597,537,520,339,375,0,0,373,0,1165,1163,1160,607,aro0921,cross_leg_right,1
1210,1789975722.286809,0,427,495,537,477,549,569,411,140,0,251,595,655,637,653,587,586,209,533,582,565,519,354,373,0,0,395,0,1149,1179,1159,623,aro0921,cross_leg_right,1
1211,1789975722.306708,0,421,501,535,473,547,541,397,157,0,278,571,664,649,658,601,585,233,541,571,540,522,372,381,0,0,377,0,1177,1190,1131,611,aro0921,cross_leg_right,1
1212,1789975722.326717,0,431,499,519,489,549,549,409,165,0,253,583,635,629,669,583,601,211,536,587,553,550,339,379,0,0,367,30,1135,1145,1113,662,aro0921,cross_leg_right,1
1213,1789975722.346761,0,434,491,539,483,563,569,413,147,0,269,572,657,629,671,581,589,222,520,573,565,523,340,379,0,0,415,0,1151,1197,1113,591,aro0921,cross_leg_right,1
1214,1789975722.366719,0,427,501,539,469,553,568,405,157,0,273,599,669,632,650,605,575,228,543,565,565,509,359,375,0,0,391,0,1151,1181,1142,607,aro0921,cross_leg_right,1
1215,1789975722.386711,0,425,499,523,476,559,553,395,181,0,273,572,635,635,677,594,583,228,537,583,559,538,345,379,0,0,409,0,1148,1165,1125,635,aro0921,cross_leg_right,1
1216,1789975722.406739,0,429,491,521,479,553,551,405,180,0,269,571,653,653,667,573,587,205,551,565,541,540,373,375,0,0,377,0,1151,1191,1159,616,aro0921,cross_leg_right,1
1217,1789975722.426701,0,411,487,537,476,559,568,403,171,0,277,557,647,657,651,611,581,233,537,590,571,549,333,391,0,0,370,25,1129,1143,1116,630,aro0921,cross_leg_right,1
1218,1789975722.446752,0,430,491,538,483,571,553,413,189,0,275,579,659,663,649,599,581,189,531,597,546,537,343,367,0,0,367,0,1173,1191,1147,626,aro0921,cross_leg_right,1
1219,1789975722.466783,0,414,488,529,484,549,569,413,186,0,249,600,624,627,659,603,599,217,519,595,557,527,344,367,0,0,397,26,1172,1177,1145,649,aro0921,cross_leg_right,1
1220,1789975722.486761,0,409,504,524,478,560,585,391,180,0,283,563,634,648,667,575,573,237,533,569,565,539,359,397,0,0,413,0,1135,1157,1107,635,aro0921,cross_leg_right,1
1221,1789975722.506716,0,421,487,531,484,556,565,405,185,0,247,589,649,643,649,575,607,216,538,581,550,531,357,373,0,0,391,0,1157,1167,1143,633,aro0921,cross_leg_right,1
1222,1789975722.526780,0,423,493,529,474,557,559,407,188,0,256,583,649,640,661,591,595,219,537,584,569,531,357,371,0,0,394,0,1176,1189,1145,605,aro0921,cross_leg_right,1
1223,1789975722.546773,0,421,492,521,469,555,554,407,197,0,265,596,633,635,665,573,590,215,553,587,555,541,351,365,0,0,375,28,1141,1192,1171,619,aro0921,cross_leg_right,1
1224,1789975722.566722,0,423,487,533,482,553,572,413,184,0,275,573,645,629,663,586,599,218,525,599,559,517,372,381,0,0,405,0,1173,1181,1131,613,aro0921,cross_leg_right,1
1225,1789975722.586712,0,436,485,511,471,565,551,415,203,0,239,605,675,635,645,573,601,199,541,601,567,553,343,365,0,0,367,0,1127,1144,1134,648,aro0921,cross_leg_right,1
1226,1789975722.606750,0,427,501,531,469,557,555,412,203,0,269,581,639,651,664,599,583,229,532,566,541,532,367,371,0,0,405,0,1146,1177,1161,637,aro0921,cross_leg_right,1
1227,1789975722.626712,0,431,499,523,475,563,567,409,197,0,273,569,645,649,681,599,583,210,555,571,556,523,347,365,0,0,402,0,1151,1163,1140,653,aro0921,cross_leg_right,1
1228,1789975722.646727,0,420,489,529,468,559,563,412,191,0,277,589,664,651,663,600,575,232,523,584,559,535,355,407,0,0,408,0,1143,1163,1114,637,aro0921,cross_leg_right,1
1229,1789975722.666749,0,425,499,517,467,563,552,413,189,0,253,599,629,645,635,589,595,205,542,591,556,532,359,361,0,0,381,28,1171,1149,1156,649,aro0921,cross_leg_right,1
1230,1789975722.686734,0,436,489,507,455,571,558,412,169,0,285,611,623,667,639,579,617,199,553,595,581,535,367,359,0,0,393,23,1123,1148,1181,661,aro0921,cross_leg_right,1
1231,1789975722.706744,0,423,495,525,475,556,558,402,159,0,251,566,629,622,671,597,585,215,536,581,565,530,356,379,0,0,379,26,1149,1172,1159,633,aro0921,cross_leg_right,1
1232,1789975722.726756,0,415,491,529,466,552,555,397,149,0,271,585,647,633,662,589,591,220,537,579,553,533,359,384,0,0,397,0,1140,1179,1136,628,aro0921,cross_leg_right,1
1233,1789975722.746720,0,421,501,534,463,549,565,405,150,0,271,579,661,623,675,575,597,235,521,573,566,510,365,365,0,0,408,0,1178,1183,1143,611,aro0921,cross_leg_right,1
1234,1789975722.766727,0,409,479,529,472,548,565,405,132,0,265,579,646,661,651,604,572,189,535,596,567,520,359,381,0,0,376,29,1171,1179,1123,617,aro0921,cross_leg_right,1
1235,1789975722.786810,0,429,479,529,469,555,571,410,137,0,233,605,632,629,681,571,587,236,520,599,583,519,335,403,0,0,420,0,1180,1145,1108,637,aro0921,cross_leg_right,1
1236,1789975722.806725,0,424,495,521,459,548,565,393,127,0,277,591,637,637,677,601,583,215,547,569,574,507,357,376,0,0,407,0,1143,1149,1177,652,aro0921,cross_leg_right,1
1237,1789975722.826741,0,415,481,535,469,563,559,409,124,0,255,611,663,650,649,597,587,210,548,589,566,541,343,361,0,0,379,0,1145,1101,1149,612,aro0921,cross_leg_right,1
1238,1789975722.846804,0,429,500,536,476,541,567,381,139,0,283,603,667,636,672,575,599,215,530,600,535,539,343,365,0,0,379,37,1191,1189,1162,603,aro0921,cross_leg_right,1
1239,1789975722.866525,0,431,479,521,485,547,559,408,143,0,232,583,623,658,637,596,600,211,536,595,553,519,371,397,0,0,371,29,1145,1157,1125,634,aro0921,cross_leg_right,1
1240,1789975722.886503,0,411,483,535,476,548,564,393,127,0,249,585,653,639,648,597,605,230,531,575,555,509,363,380,0,0,360,25,1128,1149,1145,653,aro0921,cross_leg_right,1
1241,1789975722.906821,0,411,495,539,469,553,555,407,137,0,243,599,664,627,651,601,603,219,535,571,555,525,355,377,0,0,419,0,1147,1171,1139,623,aro0921,cross_leg_right,1
1242,1789975722.926758,0,419,489,529,468,554,557,397,139,0,264,589,651,638,662,585,599,218,539,581,557,527,358,379,0,0,392,0,1165,1172,1143,629,aro0921,cross_leg_right,1
1243,1789975722.946752,0,411,501,536,475,557,565,405,148,0,245,583,662,664,647,579,611,217,535,587,573,522,373,379,0,0,411,0,1187,1199,1101,607,aro0921,cross_leg_right,1
1244,1789975722.966330,0,427,499,507,453,553,564,387,140,0,275,604,633,664,666,581,627,232,533,567,543,507,369,373,0,0,370,26,1138,1151,1132,631,aro0921,cross_leg_right,1
1245,1789975722.986802,0,421,495,529,472,563,567,395,156,0,247,573,637,651,648,580,605,231,533,559,563,521,371,365,0,0,397,0,1143,1179,1163,628,aro0921,cross_leg_right,1
1246,1789975723.006739,0,429,502,521,461,558,551,409,162,0,261,603,632,633,651,570,610,235,521,565,570,549,339,363,0,0,373,25,1175,1174,1163,603,aro0921,cross_leg_right,1
1247,1789975723.026769,0,428,505,523,473,567,559,392,158,0,244,571,631,663,643,573,606,215,543,585,564,527,379,363,0,0,371,31,1176,1204,1144,607,aro0921,cross_leg_right,1
1248,1789975723.046806,0,412,487,539,461,559,573,391,165,0,249,606,675,621,669,580,595,199,557,595,564,508,377,361,0,0,378,0,1131,1197,1172,597,aro0921,cross_leg_right,1
1249,1789975723.066753,0,421,501,539,463,563,553,409,164,0,278,596,651,654,633,581,605,231,523,569,571,533,353,361,0,0,399,0,1147,1189,1160,613,aro0921,cross_leg_right,1
1250,1789975723.086727,0,411,505,541,444,547,565,407,171,0,279,601,649,629,680,597,585,220,526,587,549,523,356,395,0,0,395,0,1147,1151,1125,638,aro0921,cross_leg_right,1
1251,1789975723.106767,0,427,483,537,472,553,557,411,151,0,237,603,667,619,663,565,605,214,536,589,551,519,357,371,0,0,389,0,1151,1171,1160,627,aro0921,cross_leg_right,1
1252,1789975723.126782,0,425,493,527,469,555,553,403,157,0,263,587,650,639,664,588,597,219,538,582,547,529,355,376,0,0,395,0,1158,1172,1135,623,aro0921,cross_leg_right,1
1253,1789975723.146737,0,423,499,543,471,543,572,395,150,0,274,569,667,631,678,599,579,245,529,583,575,505,366,381,0,0,411,0,1144,1191,1109,591,aro0921,cross_leg_right,1
1254,1789975723.165966,0,419,493,535,473,549,560,409,151,0,267,573,665,649,637,587,601,216,531,595,556,517,365,395,0,0,375,23,1163,1183,1129,611,aro0921,cross_leg_right,1
1255,1789975723.186816,0,419,493,536,467,555,563,394,146,0,279,611,659,671,655,584,597,220,541,571,564,525,367,389,0,0,402,0,1162,1190,1167,607,aro0921,cross_leg_right,1
1256,1789975723.206758,0,437,503,523,475,565,551,397,169,0,261,575,633,662,647,575,605,219,535,571,553,541,347,361,0,0,401,21,1133,1138,1157,635,aro0921,cross_leg_right,1
1257,1789975723.226727,0,441,483,535,485,567,551,392,179,0,235,589,664,668,639,612,585,238,543,589,534,543,341,365,0,21,388,0,1177,1193,1113,615,aro0921,cross_leg_right,1
1258,1789975723.246754,0,425,479,520,475,565,553,394,151,0,242,589,631,637,680,575,597,221,551,552,559,539,361,380,0,0,407,0,1174,1173,1124,601,aro0921,cross_leg_right,1
1259,1789975723.266801,0,418,501,541,475,552,556,392,155,0,253,583,679,623,669,587,599,202,554,594,536,507,374,391,0,0,402,0,1135,1159,1129,639,aro0921,cross_leg_right,1
1260,1789975723.286728,0,442,501,519,474,547,563,427,155,0,278,567,631,627,692,563,601,189,553,597,532,519,378,381,0,0,429,0,1194,1191,1147,597,aro0921,cross_leg_right,1
1261,1789975723.306791,0,427,501,531,468,557,558,403,139,0,277,575,650,623,663,595,609,219,536,571,553,533,357,350,0,0,396,0,1159,1167,1139,613,aro0921,cross_leg_right,1
1262,1789975723.326739,0,427,493,529,469,556,563,405,136,0,264,603,652,639,665,590,594,220,536,575,538,527,357,372,0,0,397,0,1177,1158,1143,629,aro0921,cross_leg_right,1
1263,1789975723.346742,0,439,485,523,471,563,551,411,149,0,244,605,638,659,653,597,597,219,525,600,557,542,361,373,0,0,397,27,1177,1149,1127,645,aro0921,cross_leg_right,1
1264,1789975723.366788,0,439,478,536,482,565,560,391,149,0,255,602,672,661,678,583,597,232,542,581,525,508,366,383,0,0,376,0,1144,1192,1122,623,aro0921,cross_leg_right,1
1265,1789975723.386736,0,409,501,533,468,551,569,380,138,0,285,567,649,669,667,602,569,203,563,557,583,495,359,340,0,0,365,45,1139,1135,1165,589,aro0921,cross_leg_right,1
1266,1789975723.406737,0,419,499,535,469,567,569,407,137,0,279,584,648,659,663,599,563,203,541,573,543,515,328,393,0,0,383,23,1177,1157,1147,639,aro0921,cross_leg_right,1
1267,1789975723.426752,0,421,503,539,447,555,549,391,139,0,279,600,660,648,652,579,603,230,539,565,540,541,339,367,0,0,377,22,1147,1165,1151,634,aro0921,cross_leg_right,1
1268,1789975723.446788,0,426,484,533,460,559,553,409,125,0,251,607,658,651,669,610,575,203,519,583,569,539,339,356,0,23,415,0,1177,1157,1157,613,aro0921,cross_leg_right,1
1269,1789975723.466788,0,441,499,529,457,554,549,393,137,0,279,616,671,618,677,569,600,215,555,567,537,503,373,395,0,0,413,0,1179,1177,1111,617,aro0921,cross_leg_right,1
1270,1789975723.486780,0,429,505,517,461,568,568,405,141,0,294,567,648,669,637,611,586,191,543,589,537,500,375,367,0,0,363,39,1140,1145,1071,653,aro0921,cross_leg_right,1
1271,1789975723.507064,0,431,505,538,463,543,549,407,137,0,280,581,669,635,651,601,599,191,537,581,538,541,353,380,0,0,391,0,1179,1177,1169,585,aro0921,cross_leg_right,1
1272,1789975723.526764,0,423,497,539,469,564,553,393,147,0,261,619,646,655,651,586,605,213,549,583,583,535,357,357,0,0,390,26,1135,1141,1158,645,aro0921,cross_leg_right,1
1273,1789975723.546857,0,435,485,542,473,566,556,413,149,0,254,603,653,662,646,605,589,207,523,603,566,551,359,347,0,25,356,27,1161,1163,1193,619,aro0921,cross_leg_right,1
1274,1789975723.566862,0,429,493,530,471,556,557,399,133,0,265,595,653,644,663,587,589,217,537,575,555,525,354,373,0,0,397,0,1127,1168,1143,619,aro0921,cross_leg_right,1
1275,1789975723.586753,0,444,493,531,463,568,543,413,149,0,249,596,655,619,664,591,589,204,521,605,537,504,393,357,0,0,428,0,1180,1197,1125,623,aro0921,cross_leg_right,1
1276,1789975723.606773,0,437,498,533,468,547,557,399,123,0,282,580,662,649,636,601,594,213,549,565,571,559,346,382,0,0,411,0,1139,1145,1141,597,aro0921,cross_leg_right,1
1277,1789975723.626248,0,441,487,529,469,553,565,407,142,0,279,595,637,653,663,601,602,217,541,569,557,539,365,361,0,31,379,0,1132,1170,1122,600,aro0921,cross_leg_right,1
1278,1789975723.646768,0,437,503,519,461,569,552,383,126,0,275,607,639,634,683,569,601,229,547,603,536,558,343,349,0,0,424,0,1191,1177,1130,612,aro0921,cross_leg_right,1
1279,1789975723.666800,0,436,485,521,471,543,563,389,137,0,235,618,671,628,636,579,611,212,556,569,571,493,367,378,0,26,405,0,1133,1134,1173,648,aro0921,cross_leg_right,1
1280,1789975723.686812,0,434,489,535,471,554,564,403,133,0,279,589,658,663,652,601,553,214,551,565,559,535,329,358,0,0,377,0,1139,1147,1133,636,aro0921,cross_leg_right,1
1281,1789975723.706780,0,437,495,527,461,543,555,406,121,0,261,601,651,645,679,581,591,208,543,571,555,543,351,371,0,0,413,0,1161,1141,1165,595,aro0921,cross_leg_right,1
1282,1789975723.726748,0,441,493,523,462,568,549,397,136,0,273,615,648,639,645,582,612,203,542,599,535,553,357,375,0,24,365,24,1181,1164,1115,627,aro0921,cross_leg_right,1
1283,1789975723.746740,0,439,485,529,479,541,573,407,133,0,269,571,677,629,662,573,612,217,552,559,529,503,361,365,0,0,375,0,1145,1161,1175,601,aro0921,cross_leg_right,1
1284,1789975723.766804,0,413,502,540,461,567,571,407,133,0,279,571,655,671,667,611,571,227,523,597,555,518,343,358,0,28,371,41,1143,1159,1135,637,aro0921,cross_leg_right,1
1285,1789975723.786761,0,423,505,547,446,567,552,407,139,0,275,597,663,665,651,597,575,215,523,595,541,507,363,359,0,21,371,21,1179,1192,1130,645,aro0921,cross_leg_right,1
1286,1789975723.806755,0,426,503,533,478,555,559,397,137,0,277,573,659,659,665,590,572,220,536,571,551,524,357,373,0,0,403,0,1147,1171,1136,610,aro0921,cross_leg_right,1
1287,1789975723.826767,0,421,493,533,471,555,559,399,136,0,267,589,653,649,663,589,591,214,537,584,583,525,357,372,0,0,395,0,1149,1133,1179,613,aro0921,cross_leg_right,1
1288,1789975723.846741,0,436,485,549,471,563,575,403,119,0,279,571,627,664,659,604,580,239,565,580,571,533,329,351,0,0,389,0,1166,1125,1123,646,aro0921,cross_leg_right,1
1289,1789975723.866737,0,427,483,521,461,554,568,392,138,0,275,573,678,628,675,581,601,222,523,567,551,533,339,393,0,24,372,37,1176,1161,1148,631,aro0921,cross_leg_right,1
1290,1789975723.886838,0,429,503,533,461,565,557,397,145,0,283,613,651,665,636,581,627,227,523,571,541,531,337,355,0,0,421,0,1143,1141,1159,633,aro0921,cross_leg_right,1
1291,1789975723.906805,0,431,487,539,477,565,556,399,143,0,238,603,668,663,677,583,582,218,551,571,543,504,362,375,0,0,379,21,1165,1183,1115,593,aro0921,cross_leg_right,1
1292,1789975723.926730,0,424,477,539,479,551,551,412,121,0,275,573,669,639,637,607,568,188,522,595,573,533,333,344,0,0,393,0,1145,1140,1161,604,aro0921,cross_leg_right,1
1293,1789975723.946749,0,423,485,547,485,549,563,411,143,0,261,585,653,627,671,591,615,212,549,559,540,507,360,391,0,0,404,26,1175,1187,1146,619,aro0921,cross_leg_right,1
1294,1789975723.966785,0,429,483,538,475,553,568,409,125,0,244,602,677,620,680,581,587,205,524,591,571,531,333,395,0,0,415,0,1173,1157,1113,601,aro0921,cross_leg_right,1
1295,1789975723.986752,0,439,498,533,462,551,552,394,123,0,252,611,669,649,635,615,587,187,585,600,570,499,373,361,0,27,367,0,1145,1187,1171,588,aro0921,cross_leg_right,1
1296,1789975724.006771,0,419,489,532,467,556,563,398,137,0,277,587,648,661,679,573,595,217,537,581,557,529,355,372,0,0,379,0,1151,1167,1143,617,aro0921,cross_leg_right,1
1297,1789975724.026800,0,415,493,531,474,557,563,399,139,0,261,587,653,645,664,599,597,219,537,584,533,530,355,376,0,0,394,0,1139,1187,1143,654,aro0921,cross_leg_right,1
1298,1789975724.046738,0,419,486,517,489,551,550,395,162,0,234,572,627,651,664,607,571,227,547,563,541,547,337,389,0,0,409,29,1171,1149,1143,636,aro0921,cross_leg_right,1
1299,1789975724.066738,0,426,501,523,463,569,567,416,153,0,265,575,637,649,663,595,575,205,539,595,557,539,341,361,0,0,421,0,1179,1175,1157,591,aro0921,cross_leg_right,1
1300,1789975724.086746,0,419,476,511,477,565,573,403,171,0,243,595,632,661,647,604,589,179,563,591,579,541,324,379,0,0,407,0,1171,1160,1175,605,aro0921,cross_leg_right,1
1301,1789975724.106781,0,405,483,533,481,550,547,409,187,0,237,593,647,628,671,599,583,232,529,571,553,552,347,412,0,0,421,0,1163,1193,1131,583,aro0921,cross_leg_right,1
1302,1789975724.126781,0,393,490,539,485,566,579,416,199,0,237,596,658,632,651,589,603,207,533,599,565,508,359,365,0,0,393,0,1133,1146,1139,631,aro0921,cross_leg_right,1
1303,1789975724.146779,0,396,475,547,495,568,574,403,200,0,269,589,629,637,677,574,615,229,549,573,567,525,340,395,0,0,397,35,1176,1158,1112,667,aro0921,cross_leg_right,1
1304,1789975724.166780,0,393,492,537,479,549,555,397,205,0,235,571,627,623,633,583,571,203,508,573,544,500,351,367,0,0,371,0,1138,1157,1113,628,aro0921,cross_leg_right,1
1305,1789975724.186728,0,396,503,539,475,568,551,420,219,0,229,595,657,629,637,610,597,239,509,587,541,540,359,389,0,0,397,0,1171,1198,1113,651,aro0921,cross_leg_right,1
1306,1789975724.206756,0,403,482,521,491,548,565,403,215,0,235,571,632,621,665,583,604,217,552,572,541,507,371,395,0,0,411,0,1171,1197,1149,643,aro0921,cross_leg_right,1
1307,1789975724.226755,0,378,484,539,475,569,553,421,203,0,275,565,649,648,671,570,589,201,495,573,570,549,373,383,0,0,399,26,1160,1149,1157,664,aro0921,cross_leg_right,1
1308,1789975724.246800,0,412,477,536,495,559,565,415,206,0,249,591,665,662,655,580,567,211,535,585,553,531,359,388,0,0,375,0,1165,1175,1143,646,aro0921,cross_leg_right,1
1309,1789975724.266756,0,397,489,533,483,557,563,411,204,0,247,580,635,632,659,587,593,215,537,583,555,539,359,381,0,0,395,0,1159,1181,1143,639,aro0921,cross_leg_right,1
1310,1789975724.286742,0,382,499,536,494,543,566,427,213,0,247,599,623,619,648,607,606,189,534,582,557,555,376,397,0,0,413,0,1177,1147,1171,621,aro0921,cross_leg_right,1
1311,1789975724.306779,0,392,487,534,479,557,555,409,201,0,233,589,627,648,639,595,595,231,537,585,575,534,374,403,0,0,413,0,1131,1148,1161,645,aro0921,cross_leg_right,1
1312,1789975724.326737,0,393,455,531,495,569,570,405,200,0,231,589,627,619,661,579,603,239,531,583,569,542,345,379,0,0,421,0,1181,1161,1117,651,aro0921,cross_leg_right,1
1313,1789975724.346745,0,372,501,507,487,547,561,424,187,0,243,583,668,635,633,589,573,217,558,587,559,555,382,397,0,0,425,27,1126,1208,1128,677,aro0921,cross_leg_right,1
1314,1789975724.366763,0,403,503,525,493,563,554,407,203,0,283,601,639,615,635,565,569,227,539,596,549,534,357,408,0,0,373,0,1129,1159,1171,609,aro0921,cross_leg_right,1
1315,1789975724.386737,0,403,483,529,495,554,555,425,191,0,267,564,639,619,666,599,604,201,537,584,575,541,371,367,0,0,407,0,1181,1174,1170,657,aro0921,cross_leg_right,1
1316,1789975724.406724,0,403,487,540,487,551,571,425,213,0,235,597,663,639,677,568,587,210,523,603,547,519,348,373,0,0,389,26,1161,1195,1163,615,aro0921,cross_leg_right,1
1317,1789975724.426786,0,392,488,533,499,559,553,427,199,0,250,595,623,631,635,601,583,223,515,603,549,543,377,411,0,0,423,0,1156,1143,1141,653,aro0921,cross_leg_right,1
1318,1789975724.446726,0,405,503,549,467,555,563,421,207,0,265,573,648,665,663,573,580,217,537,575,557,535,361,383,0,0,371,37,1161,1171,1143,637,aro0921,cross_leg_right,1
1319,1789975724.466741,0,403,491,531,475,557,565,407,210,0,249,581,647,635,659,585,583,211,535,585,555,533,358,381,0,0,395,0,1158,1169,1144,653,aro0921,cross_leg_right,1
1320,1789975724.486736,0,411,481,521,483,562,557,424,217,0,237,584,623,655,639,568,603,211,525,587,549,530,373,407,0,0,409,0,1136,1148,1125,669,aro0921,cross_leg_right,1
1321,1789975724.506784,0,391,487,529,470,565,553,413,206,0,251,573,628,633,678,583,583,235,527,587,565,544,375,379,0,0,411,23,1131,1187,1116,664,aro0921,cross_leg_right,1
1322,1789975724.526753,0,413,489,540,486,551,555,409,201,0,215,601,663,623,678,565,591,217,559,570,573,556,373,415,0,0,363,0,1129,1148,1141,647,aro0921,cross_leg_right,1
1323,1789975724.546832,0,395,487,547,493,544,567,427,231,0,247,573,645,665,663,598,565,207,510,603,555,549,381,363,0,0,377,40,1149,1143,1171,687,aro0921,cross_leg_right,1
1324,1789975724.566790,0,407,500,539,477,551,563,421,221,0,249,557,648,629,682,602,590,219,555,601,555,525,371,378,0,0,395,29,1179,1164,1164,619,aro0921,cross_leg_right,1
1325,1789975724.586740,0,409,489,534,483,549,553,411,203,0,255,589,664,623,665,591,613,234,539,543,567,539,374,376,0,0,403,24,1177,1141,1131,650,aro0921,cross_leg_right,1
1326,1789975724.606734,0,391,485,536,477,550,565,425,230,0,237,595,645,628,667,585,603,203,529,587,547,520,370,402,0,0,403,26,1135,1181,1166,615,aro0921,cross_leg_right,1
1327,1789975724.626793,0,390,474,539,467,570,559,431,227,0,246,549,647,647,639,585,559,201,534,565,537,505,364,391,0,0,425,0,1163,1197,1149,637,aro0921,cross_leg_right,1
1328,1789975724.646770,0,403,491,533,479,561,563,411,211,0,249,581,647,639,660,589,575,211,539,584,558,535,361,391,0,0,399,0,1159,1229,1144,632,aro0921,cross_leg_right,1
1329,1789975724.666736,0,399,490,533,482,568,569,415,199,0,253,581,645,637,659,597,590,213,539,595,571,539,344,381,0,0,397,0,1151,1157,1119,630,aro0921,cross_leg_right,1
1330,1789975724.686769,0,396,477,529,473,557,581,405,205,0,249,601,628,655,639,604,585,199,552,559,555,517,379,405,0,0,381,30,1173,1171,1126,657,aro0921,cross_leg_right,1
1331,1789975724.706920,0,407,490,534,473,557,569,422,185,0,251,597,635,623,664,587,599,213,529,597,567,538,341,361,0,0,399,23,1150,1146,1147,653,aro0921,cross_leg_right,1
1332,1789975724.726811,0,391,487,536,468,549,573,405,173,0,269,605,671,653,635,575,606,217,541,571,544,519,345,381,0,0,403,0,1187,1203,1157,605,aro0921,cross_leg_right,1
1333,1789975724.746803,0,397,482,522,471,555,555,399,182,0,281,567,655,664,649,603,588,233,551,563,537,518,379,407,0,0,423,0,1172,1160,1141,655,aro0921,cross_leg_right,1
1334,1789975724.766794,0,397,485,533,475,569,552,407,165,0,223,601,635,666,661,605,585,235,519,583,543,541,363,383,0,23,393,31,1134,1187,1118,617,aro0921,cross_leg_right,1
1335,1789975724.786781,0,409,482,536,477,570,549,416,153,0,251,605,676,651,633,589,603,203,525,602,536,542,367,381,0,26,382,0,1149,1171,1097,637,aro0921,cross_leg_right,1
1336,1789975724.806747,0,407,503,529,485,569,555,403,151,0,267,569,655,637,651,573,604,205,554,573,547,540,361,359,0,0,379,0,1139,1147,1167,645,aro0921,cross_leg_right,1
1337,1789975724.826778,0,397,491,533,487,551,559,407,121,0,247,605,631,620,635,601,603,221,525,603,572,531,365,351,0,0,420,0,1193,1139,1133,633,aro0921,cross_leg_right,1
1338,1789975724.846723,0,407,491,534,488,556,559,407,135,0,237,589,645,644,663,591,591,227,537,579,551,527,359,378,0,0,393,0,1149,1214,1144,619,aro0921,cross_leg_right,1
1339,1789975724.866464,0,407,491,531,467,541,567,401,140,0,255,586,651,648,659,600,595,217,536,581,553,503,359,395,0,0,397,0,1135,1149,1139,639,aro0921,cross_leg_right,1
1340,1789975724.885898,0,421,496,527,472,569,571,398,121,0,237,605,639,607,680,563,607,185,555,567,568,529,343,361,0,0,437,0,1164,1132,1167,586,aro0921,cross_leg_right,1
1341,1789975724.905815,0,403,490,541,477,567,571,404,140,0,247,589,645,649,653,601,585,229,523,597,541,493,346,368,0,0,415,26,1133,1176,1130,639,aro0921,cross_leg_right,1
1342,1789975724.926832,0,408,499,543,461,547,555,393,131,0,285,595,669,629,665,571,613,243,519,571,543,521,341,393,0,0,395,0,1147,1175,1129,584,aro0921,cross_leg_right,1
1343,1789975724.946795,0,407,502,539,487,546,553,393,121,0,244,567,679,635,654,563,601,235,521,557,543,550,379,395,0,0,368,0,1180,1210,1141,601,aro0921,cross_leg_right,1
1344,1789975724.966774,0,402,479,536,457,558,555,381,135,0,291,599,667,623,677,603,585,212,555,575,537,537,338,375,0,0,405,0,1135,1159,1161,633,aro0921,cross_leg_right,1
1345,1789975724.986737,0,413,475,517,469,557,571,406,117,0,185,589,627,649,649,583,611,239,504,591,529,500,382,403,0,0,379,30,1125,1147,1109,639,aro0921,cross_leg_right,1
1346,1789975725.006788,0,402,500,533,472,565,551,379,137,0,255,612,669,620,682,581,587,203,551,583,540,543,347,355,0,0,399,0,1144,1142,1162,647,aro0921,cross_leg_right,1
1347,1789975725.026813,0,404,478,521,485,559,561,377,124,0,253,568,645,627,666,573,611,215,559,571,531,531,334,379,27,0,380,20,1189,1142,1148,634,aro0921,cross_leg_right,1
1348,1789975725.046831,0,411,474,531,466,553,558,391,122,0,276,601,665,649,660,597,591,225,523,572,549,529,351,379,0,0,402,0,1161,1167,1135,613,aro0921,cross_leg_right,1
1349,1789975725.066755,0,413,489,529,471,553,551,389,134,0,273,593,659,639,662,588,597,201,530,573,571,536,359,371,0,0,407,0,1178,1177,1141,593,aro0921,cross_leg_right,1
1350,1789975725.086784,0,410,501,543,485,547,551,381,147,0,237,601,677,623,687,617,567,237,517,602,549,503,375,361,0,25,416,0,1149,1139,1151,647,aro0921,cross_leg_right,1
1351,1789975725.106739,0,403,501,543,473,564,547,379,141,0,282,587,675,657,645,581,610,199,553,595,555,532,347,349,0,0,422,0,1125,1133,1145,620,aro0921,cross_leg_right,1
1352,1789975725.126733,0,425,499,529,459,553,571,399,118,0,296,585,651,631,684,584,598,211,535,596,553,507,375,383,0,0,434,0,1192,1179,1123,582,aro0921,cross_leg_right,1
1353,1789975725.146793,0,428,502,542,460,563,547,375,127,0,297,585,621,622,649,610,616,238,537,603,563,521,376,359,0,0,455,0,1187,1191,1123,551,aro0921,cross_leg_right,1
1354,1789975725.166744,0,419,487,529,455,553,559,376,125,0,302,603,637,637,653,569,604,207,548,583,539,509,348,371,0,0,409,27,1131,1139,1123,633,aro0921,cross_leg_right,1
1355,1789975725.186773,0,415,501,525,459,543,553,405,135,0,296,589,647,661,677,606,579,207,543,567,536,525,371,351,0,0,415,0,1148,1177,1171,615,aro0921,cross_leg_right,1
1356,1789975725.206761,0,405,503,537,458,566,539,368,137,0,303,589,679,617,665,572,591,207,555,569,541,539,347,355,0,0,410,0,1131,1135,1163,621,aro0921,cross_leg_right,1
1357,1789975725.226802,0,429,477,531,469,548,551,393,119,0,269,615,653,623,682,569,602,205,551,565,531,541,348,361,0,26,429,0,1129,1193,1163,600,aro0921,cross_leg_right,1
1358,1789975725.246771,0,426,479,527,479,549,539,381,137,0,253,605,677,633,650,600,614,235,531,570,531,544,345,399,0,0,396,0,1161,1160,1113,636,aro0921,cross_leg_right,1
1359,1789975725.266766,0,427,493,517,459,562,567,381,120,0,295,602,633,653,660,602,585,203,542,587,569,504,371,361,0,0,421,23,1133,1178,1143,573,aro0921,cross_leg_right,1
1360,1789975725.286793,0,416,505,523,483,553,562,383,123,0,268,565,645,669,660,613,581,217,540,580,551,524,353,374,0,0,436,0,1149,1173,1129,601,aro0921,cross_leg_right,1
1361,1789975725.306825,0,415,487,529,469,547,557,381,124,0,283,593,659,647,663,593,590,221,535,573,554,522,355,372,0,0,409,0,1149,1163,1142,599,aro0921,cross_leg_right,1
1362,1789975725.326795,0,405,475,537,493,561,558,373,109,0,263,575,677,639,672,607,583,207,547,567,555,543,342,351,0,25,401,0,1175,1197,1159,603,aro0921,cross_leg_right,1
1363,1789975725.346839,0,424,475,537,474,557,553,397,111,0,263,613,679,667,669,591,583,200,537,594,567,545,361,345,0,0,377,0,1184,1145,1158,580,aro0921,cross_leg_right,1
1364,1789975725.366751,0,415,471,517,472,559,568,367,110,0,255,607,639,629,647,609,603,235,535,586,571,525,333,353,0,0,428,0,1159,1139,1118,617,aro0921,cross_leg_right,1
1365,1789975725.386753,0,423,483,537,456,547,567,379,115,0,285,571,653,637,648,604,600,201,550,581,541,508,347,351,0,27,411,0,1177,1169,1139,629,aro0921,cross_leg_right,1
1366,1789975725.406793,0,412,499,536,459,563,543,393,133,0,284,589,675,655,651,603,597,203,534,595,532,539,354,365,0,0,419,0,1165,1173,1132,591,aro0921,cross_leg_right,1
1367,1789975725.426809,0,419,485,533,474,541,555,397,137,0,251,601,671,633,649,543,603,199,543,567,539,503,349,350,0,0,396,0,1169,1183,1165,613,aro0921,cross_leg_right,1
1368,1789975725.446784,0,407,483,507,469,542,573,377,137,0,254,613,659,658,686,569,599,231,541,601,553,539,351,379,0,0,383,0,1139,1179,1167,581,aro0921,cross_leg_right,1
1369,1789975725.466760,0,409,471,537,460,557,561,393,110,0,253,603,661,635,679,589,616,207,553,557,568,543,355,392,0,0,413,29,1129,1139,1113,598,aro0921,cross_leg_right,1
1370,1789975725.486867,0,409,487,531,462,552,559,379,124,0,300,597,661,644,663,597,595,221,535,574,555,535,351,377,0,0,408,0,1156,1146,1135,605,aro0921,cross_leg_right,1
1371,1789975725.506776,0,407,487,529,467,541,555,381,132,0,279,591,654,645,662,581,595,217,533,579,567,503,367,381,0,0,405,0,1191,1183,1145,580,aro0921,cross_leg_right,1
1372,1789975725.526764,0,423,475,535,477,559,551,373,117,0,267,587,669,663,648,603,606,238,549,571,582,542,367,380,0,0,403,0,1148,1145,1125,623,aro0921,cross_leg_right,1
1373,1789975725.546542,0,412,475,520,461,542,585,369,133,0,264,615,645,648,687,569,595,212,557,559,571,507,341,391,0,28,399,30,1179,1139,1161,616,aro0921,cross_leg_right,1
1374,1789975725.565876,0,413,500,525,463,565,569,371,125,0,253,626,633,661,659,605,579,233,529,583,563,523,333,355,0,0,427,0,1158,1157,1126,629,aro0921,cross_leg_right,1
1375,1789975725.585811,0,391,475,537,478,543,573,380,103,0,251,593,671,639,645,579,617,237,509,575,549,503,375,391,0,0,381,30,1159,1163,1113,590,aro0921,cross_leg_right,1
1376,1789975725.605849,0,413,477,537,475,548,571,395,135,0,267,605,671,636,678,585,601,205,527,581,565,536,341,351,0,0,405,23,1148,1148,1165,632,aro0921,cross_leg_right,1
1377,1789975725.625808,0,397,483,531,477,543,571,373,115,0,263,563,634,659,653,611,587,203,553,569,562,499,360,367,0,0,408,0,1193,1191,1169,581,aro0921,cross_leg_right,1
1378,1789975725.645804,0,415,469,521,456,547,581,397,114,0,274,629,634,665,655,611,583,237,517,563,539,517,349,365,0,0,427,0,1133,1141,1151,637,aro0921,cross_leg_right,1
1379,1789975725.666136,0,405,489,536,453,541,555,393,137,0,265,616,671,661,649,599,571,205,548,568,536,505,359,377,0,25,397,0,1139,1141,1165,589,aro0921,cross_leg_right,1
1380,1789975725.686796,0,395,493,529,457,551,563,371,137,0,293,600,659,597,652,566,616,228,555,566,563,499,379,379,0,0,383,24,1148,1143,1161,634,aro0921,cross_leg_right,1
1381,1789975725.706761,0,409,487,516,461,543,554,377,125,0,284,585,634,683,653,605,586,207,555,568,548,541,339,360,0,0,399,24,1159,1180,1164,571,aro0921,cross_leg_right,1
1382,1789975725.726756,0,411,478,517,463,549,569,377,139,0,246,614,663,644,647,575,611,217,552,559,551,502,354,378,0,24,395,0,1179,1175,1151,627,aro0921,cross_leg_right,1
1383,1789975725.746855,0,407,479,509,453,560,559,368,146,0,275,603,629,633,696,567,603,237,541,571,537,498,349,407,0,0,428,20,1172,1183,1117,583,aro0921,cross_leg_right,1
1384,1789975725.766795,0,413,469,521,479,556,549,391,133,0,243,584,649,631,648,595,604,203,538,585,539,537,339,356,0,22,423,0,1179,1191,1161,605,aro0921,cross_leg_right,1
1385,1789975725.786802,0,407,487,532,466,554,564,382,121,0,267,598,653,645,669,583,589,229,521,579,557,525,355,372,0,30,409,0,1157,1167,1131,607,aro0921,cross_leg_right,1
1386,1789975725.806809,0,405,484,529,468,540,567,377,120,0,265,596,654,647,666,590,594,220,536,575,570,533,344,380,0,0,403,0,1135,1144,1173,615,aro0921,cross_leg_right,1
1387,1789975725.826765,0,407,475,517,485,557,563,379,115,0,253,605,632,627,681,581,605,217,549,563,568,543,349,393,0,0,415,0,1145,1177,1145,601,aro0921,cross_leg_right,1
1388,1789975725.846758,0,407,485,531,466,553,559,380,125,0,271,595,657,647,662,593,591,219,537,581,553,506,345,374,0,0,383,0,1161,1162,1145,607,aro0921,cross_leg_right,1
1389,1789975725.866813,0,397,476,533,479,543,562,377,120,0,295,575,633,625,679,571,603,236,532,567,535,509,336,381,0,0,427,20,1132,1163,1135,613,aro0921,cross_leg_right,1
1390,1789975725.886790,0,407,486,531,467,557,559,384,126,0,269,594,653,659,661,585,589,217,539,583,553,525,357,373,0,0,403,25,1187,1171,1138,610,aro0921,cross_leg_right,1
1391,1789975725.906791,0,411,485,531,468,543,557,396,137,0,274,588,651,649,664,595,591,231,525,571,559,508,375,396,0,0,409,0,1181,1140,1129,627,aro0921,cross_leg_right,1
1392,1789975725.926807,0,421,475,531,483,518,543,390,134,0,279,588,645,621,669,581,616,217,547,551,535,531,377,363,0,0,426,0,1143,1160,1147,603,aro0921,cross_leg_right,1
1393,1789975725.946767,0,403,475,517,485,538,569,365,126,0,261,595,629,619,670,589,621,237,549,543,573,502,379,404,0,0,422,0,1147,1151,1131,597,aro0921,cross_leg_right,1
1394,1789975725.966802,0,421,495,519,471,541,567,397,118,0,267,579,644,627,662,570,605,233,519,583,556,521,344,397,0,0,375,27,1181,1195,1123,583,aro0921,cross_leg_right,1
1395,1789975725.986791,0,399,499,520,468,568,555,373,145,0,288,569,639,618,665,589,617,236,539,588,548,504,374,357,0,0,423,0,1179,1193,1139,587,aro0921,cross_leg_right,1
1396,1789975726.006755,0,395,483,537,473,559,560,376,136,0,249,603,661,633,671,589,587,217,541,569,565,517,371,359,0,20,414,0,1164,1183,1166,585,aro0921,cross_leg_right,1
1397,1789975726.026798,0,407,489,543,475,547,567,390,132,0,247,596,647,661,637,593,611,238,521,581,581,501,366,397,0,0,383,28,1157,1171,1117,581,aro0921,cross_leg_right,1
1398,1789975726.046823,0,405,499,524,453,555,551,373,119,0,265,581,653,623,648,614,599,239,530,588,566,542,373,347,0,27,429,35,1131,1180,1126,639,aro0921,cross_leg_right,1
1399,1789975726.066799,0,409,498,540,471,543,565,401,143,0,287,566,665,655,675,594,581,205,531,588,553,503,357,373,0,0,399,30,1181,1183,1171,621,aro0921,cross_leg_right,1
1400,1789975726.086820,0,409,487,529,471,553,563,389,135,0,267,591,653,644,665,590,596,219,533,581,556,527,358,376,0,0,403,0,1149,1169,1158,611,aro0921,cross_leg_right,1
1401,1789975726.106795,0,405,487,529,471,555,557,389,121,0,264,594,653,645,664,591,599,221,537,581,543,543,373,381,0,0,405,0,1147,1171,1139,631,aro0921,cross_leg_right,1
1402,1789975726.126769,0,411,487,515,475,565,565,374,122,0,271,567,631,661,637,611,595,238,539,583,555,535,343,378,0,0,416,0,1143,1148,1109,600,aro0921,cross_leg_right,1
1403,1789975726.146792,0,407,490,517,463,533,580,375,135,0,262,619,630,638,639,565,583,238,553,553,563,535,332,397,0,24,423,22,1160,1159,1151,621,aro0921,cross_leg_right,1
1404,1789975726.166843,0,420,479,523,467,565,573,396,127,0,255,605,669,646,677,599,573,204,539,595,567,505,360,371,0,26,408,0,1145,1163,1165,598,aro0921,cross_leg_right,1
1405,1789975726.186844,0,396,478,541,469,551,570,405,143,0,247,612,668,654,647,605,585,210,531,599,548,517,347,401,0,23,366,0,1143,1180,1115,627,aro0921,cross_leg_right,1
1406,1789975726.206756,0,408,479,539,477,543,551,383,135,0,250,603,668,633,654,585,612,210,531,591,555,534,373,371,0,0,394,0,1133,1173,1164,583,aro0921,cross_leg_right,1
1407,1789975726.226788,0,411,490,519,477,543,552,380,142,0,247,561,665,649,647,605,595,249,539,573,536,533,376,380,0,0,398,0,1157,1189,1119,634,aro0921,cross_leg_right,1
1408,1789975726.246789,0,405,501,529,481,532,555,393,137,0,246,616,679,639,693,559,575,187,519,563,563,524,333,361,0,0,428,0,1123,1135,1111,595,aro0921,cross_leg_right,1
1409,1789975726.265875,0,404,499,539,469,550,555,404,143,0,285,575,651,652,667,588,579,211,525,579,537,508,375,373,0,0,407,27,1169,1191,1171,613,aro0921,cross_leg_right,1
1410,1789975726.285872,0,411,493,531,473,557,563,393,133,0,247,604,650,638,663,572,597,219,535,579,555,529,356,377,0,0,397,0,1159,1175,1143,629,aro0921,cross_leg_right,1
1411,1789975726.306837,0,411,487,531,471,557,551,395,142,0,264,595,651,636,664,589,597,217,539,583,564,525,357,375,0,0,399,0,1143,1163,1143,606,aro0921,cross_leg_right,1
1412,1789975726.326835,0,408,500,541,467,543,573,407,122,0,287,569,655,661,656,601,575,201,535,571,570,509,341,365,0,26,389,27,1175,1177,1167,580,aro0921,cross_leg_right,1
1413,1789975726.346781,0,420,485,520,459,539,557,407,118,0,293,589,635,639,650,560,603,221,532,586,529,505,358,397,0,0,375,35,1181,1126,1113,615,aro0921,cross_leg_right,1
1414,1789975726.366816,0,403,493,539,465,555,556,388,141,0,279,569,665,661,671,587,583,223,521,596,549,500,372,359,0,0,390,0,1162,1163,1144,581,aro0921,cross_leg_right,1
1415,1789975726.386829,0,407,500,539,468,568,565,409,115,0,243,605,675,663,651,615,581,228,543,553,550,521,373,375,0,0,392,0,1132,1171,1114,633,aro0921,cross_leg_right,1
1416,1789975726.406775,0,419,484,509,466,554,573,409,139,0,270,619,639,661,646,605,584,215,531,597,574,509,373,381,0,0,411,0,1173,1187,1115,589,aro0921,cross_leg_right,1
1417,1789975726.426774,0,399,477,525,476,551,551,381,113,0,244,615,648,636,653,581,605,230,551,565,565,537,367,403,0,21,381,21,1159,1172,1119,585,aro0921,cross_leg_right,1
1418,1789975726.446800,0,403,467,521,477,565,551,397,136,0,286,583,679,617,669,570,587,201,519,559,557,498,357,403,0,0,381,25,1179,1159,1131,575,aro0921,cross_leg_right,1
1419,1789975726.466757,0,401,491,531,463,550,573,389,123,0,264,611,658,633,663,582,605,218,541,567,541,508,371,376,0,0,393,0,1173,1187,1149,595,aro0921,cross_leg_right,1
1420,1789975726.486751,0,411,493,521,460,557,575,403,145,0,270,615,659,637,679,589,585,213,530,595,553,499,372,376,0,0,425,0,1141,1147,1118,630,aro0921,cross_leg_right,1
1421,1789975726.506829,0,404,499,537,477,548,569,406,123,0,283,607,660,667,680,583,601,217,541,595,570,517,335,390,0,0,413,39,1129,1199,1174,602,aro0921,cross_leg_right,1
1422,1789975726.526782,0,404,486,509,477,557,565,396,132,0,266,555,632,664,650,607,587,215,539,581,555,529,355,367,0,0,377,35,1151,1176,1143,607,aro0921,cross_leg_right,1
1423,1789975726.546826,0,403,483,529,473,555,567,397,134,0,261,597,652,637,659,587,591,213,534,581,555,527,355,369,0,0,403,0,1161,1171,1141,613,aro0921,cross_leg_right,1
1424,1789975726.566834,0,408,487,537,467,560,572,403,115,0,247,606,660,635,649,603,583,213,524,588,551,519,351,389,0,0,423,0,1171,1157,1126,600,aro0921,cross_leg_right,1
1425,1789975726.586867,0,411,485,535,466,557,541,403,125,0,238,599,637,648,683,606,575,200,534,579,547,544,341,361,0,0,395,29,1149,1173,1150,597,aro0921,cross_leg_right,1
1426,1789975726.606815,0,404,477,548,474,568,583,408,118,0,277,575,675,637,645,622,602,212,525,599,580,506,353,357,0,0,381,0,1160,1181,1124,585,aro0921,cross_leg_right,1
1427,1789975726.626758,0,403,483,527,482,548,583,398,117,0,260,609,631,671,627,581,603,197,551,595,559,501,363,393,0,0,395,0,1159,1181,1122,587,aro0921,cross_leg_right,1
1428,1789975726.646793,0,419,473,529,461,543,573,411,117,0,263,603,677,666,667,585,569,205,539,595,571,537,333,372,0,0,377,0,1165,1140,1167,619,aro0921,cross_leg_right,1
1429,1789975726.666790,0,399,477,532,483,557,565,402,139,0,265,600,664,637,652,597,604,227,520,575,551,509,367,391,0,0,407,0,1151,1161,1125,630,aro0921,cross_leg_right,1
1430,1789975726.686768,0,394,489,541,466,549,559,395,121,0,217,581,670,637,637,573,620,233,529,549,550,524,345,395,0,0,406,0,1179,1191,1113,589,aro0921,cross_leg_right,1
1431,1789975726.706812,0,405,485,507,469,565,569,383,143,0,245,607,664,651,645,605,594,233,533,573,539,501,349,381,0,23,391,0,1151,1194,1115,629,aro0921,cross_leg_right,1
1432,1789975726.726752,0,406,475,537,469,563,573,405,121,0,263,611,655,661,653,611,574,233,521,575,537,494,359,395,0,0,427,0,1171,1173,1117,627,aro0921,cross_leg_right,1
1433,1789975726.746788,0,393,495,541,461,558,572,391,120,0,285,599,667,660,679,586,573,215,521,595,571,537,351,365,0,0,381,23,1128,1143,1113,599,aro0921,cross_leg_right,1
1434,1789975726.766810,0,411,487,534,486,551,569,403,124,0,248,600,667,659,677,573,595,231,533,597,537,547,361,357,0,0,383,0,1176,1186,1139,601,aro0921,cross_leg_right,1
1435,1789975726.786777,0,399,485,531,469,555,565,400,128,0,265,590,653,637,663,594,595,216,536,580,553,523,361,375,0,0,413,0,1159,1171,1142,605,aro0921,cross_leg_right,1
1436,1789975726.806804,0,403,485,531,472,550,553,405,125,0,263,590,659,645,665,589,593,201,557,573,553,539,375,384,0,0,405,0,1133,1163,1163,575,aro0921,cross_leg_right,1
1437,1789975726.826826,0,392,473,531,469,559,555,389,137,0,275,600,667,623,667,573,575,200,549,573,563,536,371,361,0,0,403,23,1175,1163,1112,595,aro0921,cross_leg_right,1
1438,1789975726.846777,0,383,489,529,459,541,559,403,117,0,250,581,633,649,681,581,591,233,520,583,571,542,376,398,0,26,419,0,1141,1143,1110,603,aro0921,cross_leg_right,1
1439,1789975726.866785,0,397,493,520,465,555,574,382,136,0,243,600,645,623,661,597,581,229,537,601,556,542,367,379,0,0,426,0,1133,1144,1163,596,aro0921,cross_leg_right,1
1440,1789975726.886804,0,411,475,547,463,561,547,409,135,0,279,575,670,633,651,553,605,199,533,595,570,503,340,365,0,0,371,0,1149,1163,1111,595,aro0921,cross_leg_right,1
1441,1789975726.906855,0,389,484,540,467,551,554,409,127,0,277,601,665,654,678,600,606,205,529,593,555,535,375,361,0,0,393,26,1161,1193,1165,573,aro0921,cross_leg_right,1
1442,1789975726.926864,0,409,491,519,473,551,551,391,137,0,239,607,629,647,678,605,573,220,548,564,538,531,345,371,0,0,411,23,1182,1161,1164,627,aro0921,cross_leg_right,1
1443,1789975726.946775,0,392,473,537,483,568,573,409,121,0,280,597,651,632,672,587,607,223,517,598,559,549,355,365,0,0,427,27,1167,1179,1159,637,aro0921,cross_leg_right,1
1444,1789975726.965966,0,399,489,523,475,551,569,391,119,0,236,603,677,631,649,600,589,209,533,583,565,532,340,375,0,0,409,0,1139,1164,1163,620,aro0921,cross_leg_right,1
1445,1789975726.985827,0,405,486,527,484,571,553,391,138,0,265,599,647,631,647,611,590,205,555,571,535,543,335,357,0,0,409,0,1187,1195,1170,585,aro0921,cross_leg_right,1
1446,1789975727.005904,0,407,477,521,484,553,569,381,119,0,265,595,635,627,677,571,600,213,518,597,565,535,335,365,0,0,423,0,1167,1192,1166,633,aro0921,cross_leg_right,1
1447,1789975727.026828,0,389,479,522,477,552,570,382,132,0,283,595,675,623,661,572,574,202,521,585,555,529,357,373,0,0,403,22,1159,1169,1148,607,aro0921,cross_leg_right,1
1448,1789975727.046770,0,397,482,530,472,556,567,397,123,0,263,593,653,637,665,589,596,217,536,575,552,527,355,375,0,0,411,0,1157,1173,1143,611,aro0921,cross_leg_right,1
1449,1789975727.066793,0,399,477,539,484,563,571,405,139,0,269,591,663,655,659,601,585,217,529,591,543,503,349,360,0,0,391,0,1176,1157,1144,633,aro0921,cross_leg_right,1
1450,1789975727.086170,0,389,484,531,455,555,571,408,107,0,243,585,637,667,691,607,585,223,539,552,571,523,331,399,0,0,421,25,1155,1157,1147,632,aro0921,cross_leg_right,1
1451,1789975727.106825,0,411,473,538,475,543,555,378,116,0,249,583,632,651,659,581,603,231,541,581,569,539,375,358,0,0,419,0,1188,1157,1123,651,aro0921,cross_leg_right,1
1452,1789975727.126799,0,409,482,539,475,549,558,389,124,0,269,588,668,631,653,571,583,219,519,595,567,546,365,347,0,0,411,26,1141,1143,1162,619,aro0921,cross_leg_right,1
1453,1789975727.146840,0,411,481,537,471,535,575,381,141,0,233,611,669,661,677,571,597,213,527,597,535,533,378,341,0,0,405,29,1144,1181,1151,478,aro0921,cross_leg_right,1
1454,1789975727.166833,0,391,486,523,473,549,564,403,121,0,269,605,638,623,661,598,603,204,533,569,553,507,364,383,0,0,421,0,1139,1176,1158,621,aro0921,cross_leg_right,1
1455,1789975727.186787,0,397,474,539,447,563,565,404,141,0,278,623,675,669,647,596,606,227,527,600,489,531,367,367,0,0,382,0,1183,1195,1114,605,aro0921,cross_leg_right,1
1456,1789975727.206781,0,389,492,522,461,539,574,399,119,0,280,573,649,652,679,574,586,197,535,560,571,501,373,383,0,0,379,0,1189,1161,1158,634,aro0921,cross_leg_right,1
1457,1789975727.226797,0,389,476,529,471,551,565,402,125,0,252,603,631,623,648,595,605,207,549,559,555,527,363,392,0,22,426,0,1149,1171,1134,613,aro0921,cross_leg_right,1
1458,1789975727.246765,0,395,483,529,469,554,563,396,125,0,255,595,647,645,659,601,591,217,535,580,553,529,355,370,0,0,405,0,1160,1173,1143,609,aro0921,cross_leg_right,1
1459,1789975727.266788,0,403,494,519,467,559,565,389,119,0,250,601,663,629,655,605,598,217,523,588,569,543,343,359,0,0,408,26,1177,1159,1143,603,aro0921,cross_leg_right,1
1460,1789975727.286807,0,381,483,523,475,562,551,383,135,0,237,615,663,629,691,591,589,229,519,580,539,525,375,395,0,0,397,0,1181,1197,1115,622,aro0921,cross_leg_right,1
1461,1789975727.306808,0,410,483,523,477,567,551,405,125,0,267,575,650,623,676,573,601,209,539,596,541,541,359,359,0,0,423,0,1143,1208,1135,591,aro0921,cross_leg_right,1
1462,1789975727.326778,0,393,483,533,466,548,553,405,125,0,239,605,645,635,679,583,605,207,537,585,557,538,375,375,0,0,415,27,1158,1167,1165,595,aro0921,cross_leg_right,1
1463,1789975727.346771,0,413,471,539,460,557,551,395,140,0,294,565,677,628,683,584,607,227,555,563,533,507,376,381,0,29,391,24,1143,1197,1115,605,aro0921,cross_leg_right,1
1464,1789975727.366810,0,404,475,521,469,555,568,379,121,0,277,583,658,661,675,579,590,221,524,591,555,535,362,359,0,20,391,0,1159,1169,1157,632,aro0921,cross_leg_right,1
1465,1789975727.386764,0,392,482,520,467,557,571,376,121,0,238,599,666,629,631,607,571,232,535,580,570,551,365,393,0,23,414,0,1146,1143,1113,617,aro0921,cross_leg_right,1
1466,1789975727.406781,0,414,491,525,484,549,560,404,146,0,267,573,651,655,654,600,578,201,534,589,533,506,371,392,0,0,411,0,1159,1190,1161,621,aro0921,cross_leg_right,1
1467,1789975727.426836,0,413,487,523,461,559,572,383,141,0,275,571,661,650,679,603,598,233,542,573,540,509,345,374,0,20,393,0,1162,1189,1122,611,aro0921,cross_leg_right,1
1468,1789975727.446788,0,399,476,521,483,557,571,390,148,0,269,605,635,637,681,593,589,201,523,583,539,509,341,397,0,0,395,0,1128,1149,1137,589,aro0921,cross_leg_right,1
1469,1789975727.466771,0,414,476,539,477,555,564,403,133,0,238,603,649,621,652,601,614,203,551,581,555,524,358,379,0,0,424,24,1157,1165,1141,615,aro0921,cross_leg_right,1
1470,1789975727.486801,0,406,488,531,467,555,563,395,133,0,261,590,653,639,667,588,595,218,535,573,551,523,346,375,0,0,408,0,1157,1173,1139,603,aro0921,cross_leg_right,1
1471,1789975727.506822,0,419,489,529,471,559,571,399,138,0,279,573,653,631,663,585,611,202,553,581,549,504,374,355,0,0,425,0,1130,1188,1163,639,aro0921,cross_leg_right,1
1472,1789975727.526765,0,419,492,537,461,553,563,383,123,0,275,573,667,636,651,584,584,238,534,587,541,520,366,357,0,26,417,28,1151,1187,1143,601,aro0921,cross_leg_right,1
1473,1789975727.546819,0,407,494,539,459,573,573,407,125,0,263,601,648,623,667,595,615,205,536,601,565,543,333,361,0,21,429,0,1134,1139,1169,630,aro0921,cross_leg_right,1
1474,1789975727.566791,0,415,487,531,477,549,570,383,125,0,275,593,669,646,682,582,611,202,539,565,543,543,351,363,0,0,390,0,1132,1177,1135,628,aro0921,cross_leg_right,1
1475,1789975727.586792,0,397,489,517,459,541,564,397,120,0,247,575,681,635,649,585,575,199,529,567,538,539,370,347,0,0,427,25,1133,1195,1164,617,aro0921,cross_leg_right,1
1476,1789975727.606795,0,413,477,540,457,569,553,393,123,0,246,586,651,637,651,580,587,231,549,571,569,531,338,375,0,0,398,0,1178,1167,1121,645,aro0921,cross_leg_right,1
1477,1789975727.626828,0,399,493,520,463,543,555,394,123,0,276,575,670,627,648,573,589,235,543,593,567,507,345,364,0,0,415,0,1142,1167,1148,618,aro0921,cross_leg_right,1
1478,1789975727.646797,0,420,474,493,482,557,563,391,117,0,263,594,659,638,683,595,613,215,555,555,569,547,347,403,0,0,379,0,1151,1156,1135,627,aro0921,cross_leg_right,1
1479,1789975727.666775,0,398,493,529,462,568,561,389,141,0,277,573,645,639,655,604,602,237,521,599,555,525,334,358,0,0,426,22,1151,1169,1124,613,aro0921,cross_leg_right,1
1480,1789975727.686832,0,407,487,531,473,557,563,393,135,0,261,595,653,645,664,589,595,217,539,580,552,529,361,373,0,0,408,0,1159,1173,1144,605,aro0921,cross_leg_right,1
1481,1789975727.706800,0,415,489,538,477,565,563,393,119,0,261,605,653,633,679,574,601,229,551,563,563,556,371,376,0,0,409,30,1160,1193,1119,647,aro0921,cross_leg_right,1
1482,1789975727.726793,0,405,478,535,471,558,569,410,135,0,263,604,667,661,651,591,605,205,533,596,552,537,343,391,0,21,395,27,1163,1160,1123,621,aro0921,cross_leg_right,1
1483,1789975727.746834,0,396,485,539,477,571,551,405,121,0,283,601,631,660,683,602,611,213,553,555,583,541,379,377,0,0,392,0,1134,1163,1113,631,aro0921,cross_leg_right,1
1484,1789975727.766775,0,412,491,523,463,567,571,382,127,0,245,601,672,623,665,611,598,235,529,591,549,521,341,365,0,0,423,25,1173,1191,1131,627,aro0921,cross_leg_right,1
1485,1789975727.786771,0,411,476,529,482,543,573,411,137,0,243,589,670,623,660,607,605,213,549,551,543,460,335,377,0,0,377,0,1189,1157,1150,634,aro0921,cross_leg_right,1
1486,1789975727.806819,0,401,483,521,462,548,549,389,135,0,245,585,667,631,645,581,595,207,521,574,583,521,350,389,0,0,421,23,1125,1184,1127,646,aro0921,cross_leg_right,1
1487,1789975727.826792,0,423,490,539,459,549,553,390,122,0,253,585,637,677,663,585,580,212,521,603,567,525,373,372,0,0,411,0,1177,1157,1162,622,aro0921,cross_leg_right,1
1488,1789975727.846800,0,423,501,539,459,568,564,383,145,0,249,585,654,620,653,605,589,237,543,587,575,495,355,391,0,26,435,27,1181,1135,1129,617,aro0921,cross_leg_right,1
1489,1789975727.865948,0,398,478,523,461,551,555,379,121,0,277,581,645,635,671,575,589,217,552,563,563,536,339,393,0,0,415,23,1159,1171,1127,605,aro0921,cross_leg_right,1
1490,1789975727.886887,0,409,487,531,477,555,559,397,136,0,267,598,655,647,665,590,597,220,541,583,556,523,357,375,0,0,411,0,1161,1167,1149,600,aro0921,cross_leg_right,1
1491,1789975727.905877,0,405,488,531,469,549,559,391,149,0,265,591,651,653,649,589,593,234,535,567,547,516,377,391,0,0,390,24,1171,1175,1133,593,aro0921,cross_leg_right,1
1492,1789975727.926862,0,401,477,537,485,546,557,381,124,0,239,582,635,650,677,601,579,227,539,567,559,539,341,391,0,0,441,24,1141,1189,1139,589,aro0921,cross_leg_right,1
1493,1789975727.946828,0,413,473,519,466,543,565,395,147,0,279,565,633,618,653,597,613,214,551,565,535,539,365,372,0,0,425,0,1134,1181,1162,617,aro0921,cross_leg_right,1
1494,1789975727.966828,0,408,483,519,469,565,553,383,141,0,254,605,645,637,664,575,604,227,536,585,543,538,348,365,0,21,420,0,1176,1205,1131,589,aro0921,cross_leg_right,1
1495,1789975727.986851,0,412,489,508,471,565,556,382,127,0,277,572,647,655,651,603,607,233,539,555,548,541,341,391,0,0,403,0,1189,1192,1127,597,aro0921,cross_leg_right,1
1496,1789975728.006813,0,403,491,523,457,558,551,381,141,0,243,567,635,630,679,573,602,219,544,568,555,543,358,389,0,0,429,22,1131,1186,1161,582,aro0921,cross_leg_right,1
1497,1789975728.026798,0,422,489,520,461,566,555,393,125,0,285,575,664,660,648,603,584,205,549,597,539,541,341,361,0,0,393,0,1171,1181,1143,613,aro0921,cross_leg_right,1
1498,1789975728.046848,0,405,490,541,445,570,566,407,139,0,287,603,671,647,651,566,615,216,518,602,568,518,380,361,0,0,390,0,1133,1145,1135,612,aro0921,cross_leg_right,1
1499,1789975728.066873,0,419,493,539,468,553,571,395,126,0,243,600,651,660,669,591,581,218,527,593,549,541,373,390,0,0,393,0,1175,1172,1148,623,aro0921,cross_leg_right,1
1500,1789975728.086801,0,408,485,531,467,555,563,392,135,0,263,593,659,653,666,595,596,220,538,575,556,523,356,378,0,0,412,0,1159,1167,1141,613,aro0921,cross_leg_right,1
1501,1789975728.106829,0,400,484,533,468,543,555,395,148,0,263,595,659,637,665,591,597,227,523,594,539,529,371,390,0,0,415,25,1175,1181,1117,619,aro0921,cross_leg_right,1
1502,1789975728.126847,0,408,493,533,457,555,555,397,137,0,279,593,677,623,667,567,610,230,519,564,535,537,340,359,0,0,397,0,1160,1172,1165,629,aro0921,cross_leg_right,1
1503,1789975728.146834,0,403,503,518,471,571,553,381,147,0,245,606,627,655,683,603,571,246,539,584,535,529,375,375,0,20,431,0,1147,1179,1107,631,aro0921,cross_leg_right,1
1504,1789975728.166796,0,407,477,541,475,547,551,389,127,0,243,605,664,646,679,589,601,215,521,593,567,521,364,364,0,0,412,20,1159,1151,1163,597,aro0921,cross_leg_right,1
1505,1789975728.186807,0,409,491,535,455,557,552,407,139,0,283,575,653,645,683,601,581,205,539,585,539,531,345,359,0,0,429,0,1179,1173,1145,621,aro0921,cross_leg_right,1
1506,1789975728.206842,0,410,485,541,477,563,551,407,121,0,279,603,636,659,672,601,607,233,555,583,549,507,341,358,0,27,429,0,1157,1195,1139,627,aro0921,cross_leg_right,1
1507,1789975728.226783,0,401,499,539,476,547,569,379,127,0,279,570,664,663,651,607,584,226,555,559,567,503,363,381,0,0,407,35,1143,1149,1146,595,aro0921,cross_leg_right,1
1508,1789975728.246791,0,407,499,543,457,564,551,405,143,0,255,601,677,636,681,579,603,213,523,599,547,549,341,349,0,0,379,0,1149,1149,1158,632,aro0921,cross_leg_right,1
1509,1789975728.266849,0,407,495,518,461,565,569,389,123,0,279,587,645,623,659,588,603,229,551,563,569,501,364,355,0,0,411,0,1181,1159,1159,585,aro0921,cross_leg_right,1
1510,1789975728.286814,0,407,487,532,470,557,563,397,135,0,265,589,653,645,665,587,590,219,529,581,556,527,357,373,0,0,405,0,1163,1177,1139,610,aro0921,cross_leg_right,1
1511,1789975728.306778,0,410,487,531,471,555,573,407,135,0,263,589,637,635,665,595,605,206,543,567,535,551,359,391,0,0,409,0,1143,1189,1149,615,aro0921,cross_leg_right,1
1512,1789975728.326783,0,393,476,538,469,550,567,380,147,0,281,569,665,669,647,603,599,233,529,569,543,524,368,393,0,0,375,22,1161,1175,1131,611,aro0921,cross_leg_right,1
1513,1789975728.346819,0,402,476,533,474,555,574,391,135,0,242,612,637,627,677,569,603,227,509,601,541,537,345,349,0,24,435,22,1183,1171,1133,584,aro0921,cross_leg_right,1
1514,1789975728.366786,0,415,482,535,481,569,571,403,123,0,248,595,664,631,660,585,605,213,549,572,566,536,339,365,0,0,410,0,1149,1169,1169,594,aro0921,cross_leg_right,1
1515,1789975728.386811,0,405,487,523,461,557,558,383,121,0,231,600,635,623,661,571,601,243,541,565,571,541,351,396,0,0,429,0,1139,1147,1115,615,aro0921,cross_leg_right,1
1516,1789975728.406816,0,397,493,527,461,567,583,408,127,0,267,571,663,630,657,590,584,229,557,583,565,527,346,357,0,23,412,25,1187,1181,1118,637,aro0921,cross_leg_right,1
1517,1789975728.426793,0,412,493,532,461,567,571,407,122,0,280,607,645,635,651,588,605,214,523,595,561,529,339,357,0,0,427,0,1135,1165,1143,591,aro0921,cross_leg_right,1
1518,1789975728.446797,0,395,491,517,471,570,556,409,145,0,275,566,634,663,637,603,586,211,537,602,539,551,351,373,0,0,393,35,1139,1165,1123,629,aro0921,cross_leg_right,1
1519,1789975728.466878,0,415,493,541,483,559,572,408,133,0,249,569,639,645,671,600,575,205,529,593,571,524,371,376,0,0,407,25,1135,1183,1117,585,aro0921,cross_leg_right,1
1520,1789975728.486839,0,379,489,535,473,555,567,396,133,0,263,589,661,638,665,587,594,218,536,575,557,537,359,375,0,0,405,0,1161,1169,1143,610,aro0921,cross_leg_right,1
1521,1789975728.506809,0,393,487,525,472,543,553,404,119,0,263,587,653,654,679,595,598,201,529,589,573,505,379,364,0,0,381,0,1131,1143,1174,599,aro0921,cross_leg_right,1
1522,1789975728.526827,0,412,477,535,483,551,553,413,135,0,267,571,657,623,655,595,607,211,551,563,539,540,363,383,0,0,415,0,1177,1191,1149,611,aro0921,cross_leg_right,1
1523,1789975728.546861,0,431,489,538,473,553,571,411,149,0,263,589,675,647,667,587,595,211,549,557,552,499,360,396,0,0,377,0,1145,1177,1127,591,aro0921,cross_leg_right,1
1524,1789975728.566823,0,401,496,531,467,555,554,409,135,0,277,573,639,633,651,602,586,215,531,580,552,507,361,371,0,0,419,0,1170,1172,1151,633,aro0921,cross_leg_right,1
1525,1789975728.586822,0,399,486,533,479,551,575,383,125,0,252,599,659,655,649,559,601,227,539,566,565,523,331,392,0,21,391,0,1179,1189,1141,585,aro0921,cross_leg_right,1
1526,1789975728.606866,0,403,477,531,475,558,559,393,127,0,241,604,653,647,653,606,597,197,553,567,536,551,373,360,0,0,391,29,1113,1176,1173,623,aro0921,cross_leg_right,1
1527,1789975728.626844,0,421,488,533,466,569,567,413,146,0,279,567,675,663,671,575,539,211,537,597,537,505,365,357,0,0,383,0,1179,1147,1161,596,aro0921,cross_leg_right,1
1528,1789975728.646819,0,423,497,525,475,573,562,393,125,0,281,567,653,649,650,607,584,236,532,584,568,548,349,371,0,0,423,0,1133,1145,1119,597,aro0921,cross_leg_right,1
1529,1789975728.666791,0,411,495,529,475,558,563,393,147,0,265,571,667,631,685,581,597,219,527,594,541,509,371,375,0,0,419,0,1189,1187,1135,619,aro0921,cross_leg_right,1
1530,1789975728.686854,0,408,480,520,481,547,555,393,135,0,263,582,665,663,663,596,579,207,524,583,569,508,355,382,0,0,393,0,1151,1183,1163,637,aro0921,cross_leg_right,1
1531,1789975728.706787,0,391,474,533,487,541,554,391,149,0,237,611,627,620,651,606,614,231,553,551,551,519,361,397,0,0,430,0,1177,1180,1149,629,aro0921,cross_leg_right,1
1532,1789975728.726798,0,402,489,529,474,558,565,403,136,0,263,587,649,645,661,593,591,217,539,581,555,529,357,371,0,0,406,0,1160,1172,1141,611,aro0921,cross_leg_right,1
1533,1789975728.746832,0,403,487,530,473,569,568,405,147,0,261,589,655,645,663,589,593,212,553,559,539,505,355,393,0,0,407,0,1170,1187,1123,595,aro0921,cross_leg_right,1
1534,1789975728.766826,0,400,492,537,469,553,571,397,135,0,269,575,647,638,677,580,590,229,535,573,559,509,361,393,0,0,423,25,1139,1151,1127,616,aro0921,cross_leg_right,1
1535,1789975728.786808,0,381,482,537,468,553,569,407,139,0,243,595,648,648,645,597,579,230,521,556,567,507,363,403,0,0,403,29,1177,1157,1117,633,aro0921,cross_leg_right,1
1536,1789975728.806792,0,381,495,531,463,568,557,393,121,0,279,575,645,661,669,597,571,231,533,564,579,549,351,393,0,0,397,44,1145,1161,1133,596,aro0921,cross_leg_right,1
1537,1789975728.826818,0,397,490,523,469,565,557,393,133,0,277,569,633,663,667,588,573,229,541,584,557,547,365,363,0,0,413,29,1177,1164,1127,595,aro0921,cross_leg_right,1
1538,1789975728.846821,0,395,485,517,485,569,559,391,123,0,279,580,635,629,637,591,595,231,529,587,569,547,354,379,0,0,423,0,1134,1161,1113,611,aro0921,cross_leg_right,1
1539,1789975728.866795,0,391,475,550,469,557,559,408,147,0,275,596,662,653,657,602,586,231,520,567,575,539,346,372,0,0,410,0,1143,1176,1151,591,aro0921,cross_leg_right,1
1540,1789975728.886869,0,375,483,529,491,541,575,415,139,0,237,595,631,617,681,569,597,199,533,567,557,503,356,359,0,0,399,29,1152,1167,1177,637,aro0921,cross_leg_right,1
1541,1789975728.906824,0,382,486,520,477,541,570,414,147,0,271,573,623,617,647,575,611,199,521,590,534,519,335,378,0,0,423,0,1139,1147,1178,575,aro0921,cross_leg_right,1
1542,1789975728.926842,0,393,484,532,477,559,567,405,137,0,253,587,650,633,660,591,593,216,535,581,553,523,362,376,0,0,412,0,1163,1176,1147,614,aro0921,cross_leg_right,1
1543,1789975728.946039,0,393,483,527,469,549,558,398,147,0,259,585,645,645,663,587,597,216,535,600,547,537,351,415,0,0,415,0,1180,1151,1114,635,aro0921,cross_leg_right,1
1544,1789975728.966847,0,403,488,529,475,559,560,407,142,0,248,595,647,639,679,601,573,215,522,583,565,536,365,394,0,0,426,0,1175,1157,1119,621,aro0921,cross_leg_right,1
1545,1789975728.986820,0,379,477,535,471,549,551,394,141,0,274,601,629,635,671,603,579,191,555,601,539,527,353,397,0,0,398,33,1139,1147,1131,646,aro0921,cross_leg_right,1
1546,1789975729.006831,0,395,486,519,475,548,575,398,131,0,261,581,627,623,679,603,571,207,537,571,565,508,343,378,0,0,405,0,1187,1202,1171,595,aro0921,cross_leg_right,1
1547,1789975729.026852,0,391,493,529,485,563,571,403,119,0,241,568,633,628,671,602,581,201,543,591,541,517,365,377,0,0,405,0,1171,1169,1127,637,aro0921,cross_leg_right,1
1548,1789975729.046794,0,395,485,523,473,571,574,415,123,0,265,593,648,636,667,591,585,255,520,565,541,503,377,359,0,0,413,0,1171,1177,1161,620,aro0921,cross_leg_right,1
1549,1789975729.066808,0,383,485,523,474,563,567,395,123,0,253,587,635,628,669,594,585,216,537,563,555,543,339,371,0,0,398,29,1175,1200,1157,600,aro0921,cross_leg_right,1
1550,1789975729.086856,0,381,469,529,476,570,569,396,153,0,238,601,645,631,649,615,599,231,521,600,548,495,357,360,0,0,409,0,1173,1147,1101,639,aro0921,cross_leg_right,1
1551,1789975729.106529,0,404,473,532,485,556,549,415,137,0,239,588,669,649,646,595,603,190,543,575,533,539,380,393,0,0,384,0,1151,1202,1175,585,aro0921,cross_leg_right,1
1552,1789975729.125885,0,393,485,527,486,559,567,405,135,0,251,589,648,645,661,596,595,221,536,575,556,531,357,375,0,0,407,0,1160,1175,1143,613,aro0921,cross_leg_right,1
1553,1789975729.145891,0,393,487,531,473,553,558,399,152,0,254,587,648,639,669,587,588,217,538,587,537,532,366,377,0,0,413,0,1135,1189,1141,615,aro0921,cross_leg_right,1
1554,1789975729.166824,0,381,492,531,467,557,579,397,121,0,278,585,653,653,636,575,609,231,523,569,569,521,343,363,0,0,377,23,1131,1159,1161,591,aro0921,cross_leg_right,1
1555,1789975729.186791,0,398,501,520,475,557,555,419,147,0,277,571,621,649,644,573,610,231,519,553,560,543,345,375,0,0,395,30,1125,1145,1146,572,aro0921,cross_leg_right,1
1556,1789975729.206858,0,379,491,523,472,557,560,402,117,0,279,571,623,623,665,583,601,226,521,599,579,548,367,350,0,0,434,0,1175,1141,1127,620,aro0921,cross_leg_right,1
1557,1789975729.226808,0,403,483,521,475,556,555,414,139,0,276,571,631,651,646,605,595,217,531,590,539,535,365,393,0,0,389,27,1144,1162,1117,629,aro0921,cross_leg_right,1
1558,1789975729.246832,0,397,471,539,475,553,579,407,117,0,251,598,653,639,664,603,584,233,521,558,559,507,361,378,0,26,429,0,1175,1235,1165,599,aro0921,cross_leg_right,1
1559,1789975729.266838,0,396,483,531,467,559,559,402,134,0,253,566,653,623,653,583,572,203,525,563,551,507,357,373,0,0,381,0,1150,1176,1149,593,aro0921,cross_leg_right,1
1560,1789975729.286823,0,378,486,531,461,563,551,412,135,0,264,559,633,619,653,580,571,203,529,575,575,501,362,361,0,22,394,0,1113,1161,1123,633,aro0921,cross_leg_right,1
1561,1789975729.306853,0,398,475,536,470,569,575,419,125,0,277,571,662,662,653,590,575,221,519,593,557,523,340,363,0,0,379,21,1177,1194,1096,591,aro0921,cross_leg_right,1
1562,1789975729.326842,0,389,477,529,467,559,567,403,135,0,249,601,647,646,658,605,579,202,533,581,555,527,351,373,0,20,409,0,1152,1172,1141,621,aro0921,cross_leg_right,1
1563,1789975729.346853,0,393,483,531,473,557,565,407,131,0,261,597,649,645,663,591,593,219,535,581,570,531,355,376,0,0,408,0,1180,1177,1147,597,aro0921,cross_leg_right,1
1564,1789975729.366819,0,405,495,533,485,553,574,415,124,0,245,600,647,623,653,593,572,202,540,573,571,523,345,364,0,0,419,0,1147,1165,1167,595,aro0921,cross_leg_right,1
1565,1789975729.386816,0,404,499,519,483,573,563,405,139,0,235,599,633,650,675,601,570,203,563,571,534,535,375,361,0,0,443,31,1183,1222,1177,613,aro0921,cross_leg_right,1
1566,1789975729.406857,0,389,489,523,483,559,581,395,139,0,253,571,635,635,679,573,605,201,527,569,551,522,342,395,0,0,423,23,1149,1149,1163,649,aro0921,cross_leg_right,1
1567,1789975729.426818,0,391,482,539,488,568,558,413,145,0,237,601,661,629,668,579,607,217,532,597,551,521,351,363,0,0,412,20,1135,1158,1139,631,aro0921,cross_leg_right,1
1568,1789975729.446804,0,405,491,532,485,579,573,420,123,0,235,585,665,665,649,610,575,192,537,583,569,534,339,347,0,0,391,29,1178,1191,1173,593,aro0921,cross_leg_right,1
1569,1789975729.466830,0,393,475,533,471,552,569,409,145,0,248,600,649,632,680,583,587,216,520,612,559,506,358,384,0,0,427,0,1179,1147,1117,629,aro0921,cross_leg_right,1
1570,1789975729.486789,0,391,472,508,475,559,579,393,124,0,245,565,646,647,643,601,595,202,557,563,570,523,345,367,0,0,397,35,1173,1212,1161,590,aro0921,cross_leg_right,1
1571,1789975729.506857,0,381,487,541,477,563,567,412,149,0,264,583,662,662,664,603,587,203,523,609,538,517,378,370,0,0,409,29,1171,1171,1170,627,aro0921,cross_leg_right,1
1572,1789975729.526853,0,391,489,531,476,558,565,397,135,0,276,567,651,621,669,571,589,234,537,584,555,529,357,390,0,0,406,0,1160,1167,1147,605,aro0921,cross_leg_right,1
1573,1789975729.546802,0,392,487,531,472,559,565,404,136,0,261,575,660,647,663,595,585,217,541,573,557,533,360,376,0,0,415,0,1178,1195,1142,616,aro0921,cross_leg_right,1
1574,1789975729.566798,0,395,475,547,471,548,579,405,125,0,255,597,659,652,651,584,599,233,525,569,567,523,368,383,0,23,381,23,1183,1197,1161,591,aro0921,cross_leg_right,1
1575,1789975729.586848,0,407,493,520,467,554,569,404,127,0,259,589,635,623,666,580,605,227,555,565,555,547,339,393,0,20,437,0,1127,1167,1131,645,aro0921,cross_leg_right,1
1576,1789975729.606801,0,379,473,531,461,567,557,393,147,0,277,600,653,651,648,598,601,243,531,575,549,530,365,384,0,0,390,26,1164,1145,1099,631,aro0921,cross_leg_right,1
1577,1789975729.626809,0,388,491,531,462,551,567,392,123,0,276,582,653,617,679,582,605,213,551,571,563,536,343,373,0,0,382,23,1141,1173,1163,605,aro0921,cross_leg_right,1
1578,1789975729.646185,0,389,475,521,467,539,581,391,149,0,237,601,629,657,679,580,573,239,531,569,549,503,340,399,0,0,411,39,1141,1165,1124,636,aro0921,cross_leg_right,1
1579,1789975729.666837,0,405,475,522,467,551,563,413,125,0,249,603,621,654,646,591,601,221,509,573,537,529,347,393,0,0,435,0,1134,1143,1103,636,aro0921,cross_leg_right,1
1580,1789975729.686803,0,403,487,543,468,557,565,419,123,0,281,531,667,627,679,600,573,200,541,579,543,537,340,347,0,0,427,0,1182,1199,1146,601,aro0921,cross_leg_right,1
1581,1789975729.706955,0,389,492,539,462,550,574,389,121,0,267,600,664,623,677,565,597,229,523,570,555,517,363,397,0,0,416,0,1161,1169,1115,612,aro0921,cross_leg_right,1
1582,1789975729.726863,0,399,485,531,473,557,565,405,137,0,251,587,651,647,647,589,595,222,536,581,557,531,355,380,0,0,411,0,1159,1167,1141,617,aro0921,cross_leg_right,1
1583,1789975729.746844,0,407,485,519,476,547,559,391,149,0,254,585,629,661,669,602,571,217,553,555,561,509,375,381,0,0,408,31,1149,1167,1171,638,aro0921,cross_leg_right,1
1584,1789975729.766820,0,392,477,538,469,565,556,394,135,0,268,602,668,635,679,603,589,221,548,565,536,549,333,359,0,0,423,0,1133,1159,1175,635,aro0921,cross_leg_right,1
1585,1789975729.786848,0,399,479,523,462,549,554,399,141,0,269,601,663,659,653,606,588,217,551,567,547,535,363,379,0,0,395,23,1162,1193,1167,597,aro0921,cross_leg_right,1
1586,1789975729.806794,0,405,483,537,482,567,553,413,137,0,267,571,667,652,647,605,593,203,548,573,537,543,357,356,0,0,397,0,1182,1187,1166,615,aro0921,cross_leg_right,1
1587,1789975729.826801,0,392,488,522,473,549,555,411,141,0,276,569,651,649,639,606,595,207,529,585,541,523,371,373,0,0,395,0,1149,1196,1173,613,aro0921,cross_leg_right,1
1588,1789975729.846827,0,405,471,535,475,566,581,391,150,0,281,575,683,637,681,565,600,205,535,581,547,505,361,401,0,0,395,0,1181,1191,1145,583,aro0921,cross_leg_right,1
1589,1789975729.866795,0,392,479,519,467,549,559,393,149,0,279,567,631,623,672,571,601,227,539,565,537,517,376,392,0,0,434,0,1179,1149,1141,637,aro0921,cross_leg_right,1
1590,1789975729.886836,0,397,490,531,455,572,574,413,141,0,265,583,659,639,645,604,588,203,533,595,557,527,339,361,0,23,399,0,1142,1148,1135,635,aro0921,cross_leg_right,1
1591,1789975729.906864,0,395,490,535,459,543,556,383,132,0,239,572,665,645,667,568,582,218,539,585,539,543,345,357,0,0,390,0,1163,1147,1149,639,aro0921,cross_leg_right,1
1592,1789975729.926845,0,393,483,527,469,555,563,399,135,0,251,585,655,639,662,589,601,217,539,575,555,530,359,376,0,0,409,0,1157,1173,1143,612,aro0921,cross_leg_right,1
1593,1789975729.946818,0,393,479,541,468,541,557,413,148,0,261,585,667,646,663,591,587,201,533,604,539,507,365,362,0,0,382,0,1141,1175,1151,599,aro0921,cross_leg_right,1
1594,1789975729.966807,0,393,473,535,478,551,559,411,145,0,261,593,665,653,635,605,582,203,538,581,548,509,365,365,0,0,407,0,1160,1147,1171,633,aro0921,cross_leg_right,1
1595,1789975729.986845,0,401,475,534,477,565,565,397,143,0,249,604,655,632,676,605,611,211,541,571,547,509,355,389,0,0,392,0,1171,1145,1129,596,aro0921,cross_leg_right,1
1596,1789975730.006834,0,396,491,519,459,558,569,379,133,0,247,601,651,657,643,588,567,229,540,555,543,551,333,405,21,23,413,0,1143,1203,1134,653,aro0921,cross_leg_right,1
1597,1789975730.026826,0,396,483,533,472,565,571,402,141,0,282,564,667,662,648,605,601,221,551,589,541,521,347,367,0,0,392,0,1169,1183,1125,613,aro0921,cross_leg_right,1
1598,1789975730.046843,0,401,492,539,461,569,575,389,123,0,249,594,631,666,683,573,603,207,521,563,543,540,371,389,0,0,403,0,1188,1221,1139,623,aro0921,cross_leg_right,1
1599,1789975730.066816,0,381,489,537,458,547,557,405,137,0,276,568,660,653,669,581,589,207,527,589,573,519,363,371,0,0,404,29,1159,1152,1167,623,aro0921,cross_leg_right,1
1600,1789975730.086789,0,383,488,533,471,565,572,413,139,0,237,595,645,633,643,596,574,201,535,567,543,543,347,395,0,0,423,0,1147,1173,1151,621,aro0921,cross_leg_right,1
1601,1789975730.106860,0,368,469,519,473,555,565,402,146,0,242,575,627,623,645,599,585,214,519,597,537,540,367,351,0,0,381,26,1131,1174,1149,621,aro0921,cross_leg_right,1
1602,1789975730.126840,0,393,483,529,472,559,565,399,137,0,251,588,653,637,665,589,591,217,535,575,553,533,359,377,0,0,407,0,1151,1151,1143,611,aro0921,cross_leg_right,1
1603,1789975730.146871,0,397,479,533,472,559,575,383,139,0,260,583,646,639,659,589,593,233,529,559,551,531,357,403,0,0,415,0,1181,1175,1139,647,aro0921,cross_leg_right,1
1604,1789975730.166864,0,397,489,518,475,565,571,397,146,0,265,601,653,623,659,603,606,213,525,585,540,523,328,397,0,0,389,0,1149,1169,1165,603,aro0921,cross_leg_right,1
1605,1789975730.186873,0,405,489,539,461,555,575,393,148,0,245,575,664,652,679,571,591,231,533,598,549,529,343,361,0,0,393,26,1147,1165,1133,575,aro0921,cross_leg_right,1
1606,1789975730.206839,0,393,470,539,461,555,556,394,140,0,276,575,632,655,680,585,601,198,523,565,555,505,345,395,0,21,395,0,1129,1164,1139,612,aro0921,cross_leg_right,1
1607,1789975730.226824,0,396,487,521,465,555,572,395,133,0,239,591,645,647,634,613,583,207,519,575,551,543,375,395,0,0,405,0,1181,1194,1161,633,aro0921,cross_leg_right,1
1608,1789975730.246856,0,399,491,531,483,548,575,407,146,0,279,601,665,660,680,574,593,203,520,571,540,541,351,365,0,0,430,22,1139,1170,1144,597,aro0921,cross_leg_right,1
1609,1789975730.266832,0,382,472,539,478,564,555,407,141,0,245,593,649,627,663,587,601,223,531,589,539,538,366,377,0,0,399,0,1171,1176,1116,627,aro0921,cross_leg_right,1
1610,1789975730.286824,0,396,483,535,461,568,575,407,123,0,275,591,663,661,655,601,581,197,535,567,557,507,344,379,0,0,392,25,1161,1165,1135,635,aro0921,cross_leg_right,1
1611,1789975730.306848,0,396,491,540,466,543,568,411,125,0,279,563,659,618,659,579,572,203,531,583,557,519,339,407,0,0,410,0,1136,1192,1170,595,aro0921,cross_leg_right,1
1612,1789975730.326869,0,397,489,535,463,549,567,413,123,0,276,587,662,639,647,597,598,210,536,575,573,539,343,381,0,0,395,0,1167,1151,1159,623,aro0921,cross_leg_right,1
1613,1789975730.346835,0,389,493,541,475,549,575,415,135,0,245,599,634,635,645,583,573,197,537,583,551,507,361,382,0,0,431,22,1164,1145,1173,647,aro0921,cross_leg_right,1
1614,1789975730.366852,0,383,478,523,475,561,565,401,137,0,241,585,631,629,671,571,599,219,523,587,557,531,358,375,0,0,414,0,1139,1169,1177,615,aro0921,cross_leg_right,1
1615,1789975730.386838,0,392,479,529,469,557,564,407,137,0,255,587,649,646,651,591,594,217,537,583,565,535,358,377,0,0,405,0,1160,1176,1146,614,aro0921,cross_leg_right,1
1616,1789975730.406827,0,407,492,525,460,553,567,389,119,0,275,565,659,621,677,567,605,236,553,566,582,552,362,407,0,0,421,0,1125,1147,1117,620,aro0921,cross_leg_right,1
1617,1789975730.426815,0,395,487,534,469,568,568,410,125,0,269,569,661,653,669,599,567,212,529,605,571,523,343,363,0,0,393,0,1139,1149,1143,618,aro0921,cross_leg_right,1
1618,1789975730.446863,0,377,483,525,465,549,573,396,140,0,239,609,637,665,649,599,575,239,517,600,555,503,339,374,0,22,393,31,1139,1171,1173,637,aro0921,cross_leg_right,1
1619,1789975730.466822,0,394,485,519,471,566,555,398,135,0,247,599,629,628,669,572,599,231,535,571,550,543,361,381,0,0,425,0,1179,1194,1117,591,aro0921,cross_leg_right,1
1620,1789975730.486826,0,393,484,537,473,549,573,390,123,0,277,564,659,631,680,599,591,234,525,567,568,519,340,399,0,0,428,0,1163,1191,1135,607,aro0921,cross_leg_right,1
1621,1789975730.506858,0,377,475,505,477,549,571,405,121,0,235,595,631,627,669,571,601,209,519,590,569,547,371,383,0,0,461,0,1127,1129,1175,630,aro0921,cross_leg_right,1
1622,1789975730.526820,0,395,484,521,471,552,565,408,127,0,277,567,633,637,648,604,589,205,529,587,565,542,361,383,0,0,422,0,1164,1161,1161,634,aro0921,cross_leg_right,1
1623,1789975730.546854,0,399,492,535,479,569,564,403,147,0,261,565,664,621,676,580,585,231,535,565,553,529,365,363,0,0,427,0,1159,1161,1164,616,aro0921,cross_leg_right,1
1624,1789975730.566846,0,389,475,532,473,559,565,397,139,0,235,602,655,663,661,591,572,233,529,595,553,527,359,359,0,0,391,35,1157,1171,1135,613,aro0921,cross_leg_right,1
1625,1789975730.586819,0,401,479,527,471,558,564,403,137,0,253,585,645,639,662,590,595,203,536,570,555,523,359,375,0,0,411,0,1157,1172,1144,611,aro0921,cross_leg_right,1
1626,1789975730.606823,0,403,483,533,455,569,566,405,152,0,269,603,667,653,651,583,617,228,541,566,551,523,376,359,0,0,437,0,1135,1157,1173,637,aro0921,cross_leg_right,1
1627,1789975730.626863,0,393,491,531,484,551,571,398,133,0,283,603,652,636,647,569,583,231,547,591,537,531,347,361,0,0,403,0,1176,1183,1146,589,aro0921,cross_leg_right,1
1628,1789975730.646842,0,408,491,532,467,570,556,411,126,0,275,569,663,653,679,582,575,205,535,571,559,541,357,360,0,0,395,31,1157,1195,1161,579,aro0921,cross_leg_right,1
1629,1789975730.666841,0,392,479,520,475,544,569,407,147,0,237,599,632,621,668,572,601,203,529,587,563,505,355,375,0,0,422,0,1146,1146,1165,629,aro0921,cross_leg_right,1
1630,1789975730.686876,0,399,472,541,457,571,569,397,123,0,253,588,653,661,648,601,603,217,541,569,570,541,343,365,0,0,415,0,1179,1189,1165,584,aro0921,cross_leg_right,1
1631,1789975730.706874,0,393,471,529,482,572,581,401,133,0,244,595,620,623,681,568,605,236,519,588,541,504,349,371,0,0,437,0,1127,1157,1119,646,aro0921,cross_leg_right,1
1632,1789975730.726843,0,395,469,523,483,565,555,396,135,0,246,591,655,645,645,601,599,233,537,586,557,539,361,365,0,0,403,20,1163,1183,1125,581,aro0921,cross_leg_right,1
1633,1789975730.746885,0,405,487,537,484,562,553,425,127,0,263,601,668,652,663,582,557,207,549,561,565,543,365,405,0,0,405,31,1139,1171,1173,587,aro0921,cross_leg_right,1
1634,1789975730.766873,0,405,491,533,485,557,567,407,136,0,265,603,668,620,671,591,611,219,535,583,557,529,357,375,0,0,390,27,1159,1175,1144,611,aro0921,cross_leg_right,1
1635,1789975730.786823,0,404,484,530,473,559,565,405,134,0,254,585,649,637,661,589,595,219,535,581,556,531,360,380,0,0,409,0,1173,1171,1144,611,aro0921,cross_leg_right,1
1636,1789975730.806823,0,411,471,529,485,550,557,406,151,0,247,573,652,619,664,587,617,201,555,564,529,505,378,380,0,0,441,0,1166,1181,1161,627,aro0921,cross_leg_right,1
1637,1789975730.826847,0,393,492,520,473,553,573,413,139,0,239,585,665,655,669,595,604,231,531,590,549,532,347,373,0,0,419,0,1162,1177,1163,599,aro0921,cross_leg_right,1
1638,1789975730.846850,0,396,473,539,475,553,555,419,142,0,277,569,661,649,681,569,597,205,542,567,553,521,373,391,0,0,383,31,1141,1173,1147,587,aro0921,cross_leg_right,1
1639,1789975730.866825,0,395,491,538,467,571,579,413,121,0,249,603,665,661,657,599,574,207,521,603,571,521,339,376,0,23,389,0,1174,1149,1125,611,aro0921,cross_leg_right,1
1640,1789975730.886845,0,383,477,516,475,553,559,389,122,0,263,558,667,623,639,569,581,201,521,581,569,508,355,375,0,21,403,22,1187,1205,1119,634,aro0921,cross_leg_right,1
1641,1789975730.906828,0,389,493,519,477,563,555,405,121,0,237,593,631,660,663,581,573,213,523,602,561,537,376,363,0,0,391,0,1178,1189,1161,583,aro0921,cross_leg_right,1
1642,1789975730.926812,0,403,490,535,463,550,569,414,143,0,260,601,663,649,650,595,601,205,543,573,549,519,349,395,0,20,393,0,1176,1181,1151,589,aro0921,cross_leg_right,1
1643,1789975730.946868,0,405,496,529,457,555,563,415,123,0,267,567,647,615,671,575,595,228,517,581,564,539,343,397,0,26,435,0,1183,1172,1139,587,aro0921,cross_leg_right,1
1644,1789975730.966843,0,403,483,519,476,558,568,399,135,0,247,596,629,623,670,571,605,215,533,575,557,527,357,375,0,0,431,0,1149,1173,1135,603,aro0921,cross_leg_right,1
1645,1789975730.986829,0,395,483,529,473,558,567,405,137,0,254,583,653,644,659,590,589,215,537,584,555,525,359,375,0,0,409,0,1151,1173,1144,605,aro0921,cross_leg_right,1
1646,1789975731.006819,0,407,487,525,461,556,563,414,141,0,271,581,637,615,661,571,607,211,534,595,571,533,341,377,0,0,422,0,1133,1149,1123,614,aro0921,cross_leg_right,1
1647,1789975731.026849,0,381,489,525,477,562,567,399,143,0,238,573,662,629,676,585,589,216,551,579,541,523,373,363,0,25,397,0,1159,1195,1163,613,aro0921,cross_leg_right,1
1648,1789975731.046827,0,379,468,529,484,555,566,403,141,0,235,593,639,655,637,590,610,233,520,580,563,519,375,381,0,0,430,0,1135,1147,1134,635,aro0921,cross_leg_right,1
1649,1789975731.066805,0,399,469,517,483,552,571,419,139,0,245,583,639,638,675,595,571,204,521,597,562,504,377,391,0,0,431,0,1131,1141,1118,613,aro0921,cross_leg_right,1
1650,1789975731.086835,0,391,482,541,475,565,564,421,121,0,233,600,633,635,648,603,599,198,533,564,581,529,381,407,0,0,435,25,1151,1133,1127,595,aro0921,cross_leg_right,1
1651,1789975731.106820,0,393,469,517,485,559,573,396,121,0,261,568,629,662,649,597,597,233,532,591,565,523,339,356,0,0,441,0,1171,1142,1115,627,aro0921,cross_leg_right,1
1652,1789975731.126810,0,394,477,530,485,555,573,403,145,0,239,575,661,663,665,603,580,217,549,567,541,523,346,375,0,28,403,21,1165,1191,1147,615,aro0921,cross_leg_right,1
1653,1789975731.146852,0,381,491,519,467,553,553,397,147,0,229,587,631,661,638,607,591,196,551,594,536,531,377,367,0,25,423,29,1133,1175,1167,611,aro0921,cross_leg_right,1
1654,1789975731.166847,0,392,472,541,485,572,581,409,126,0,245,600,657,623,649,604,600,207,517,599,569,517,342,361,0,0,430,0,1131,1144,1123,604,aro0921,cross_leg_right,1
1655,1789975731.186820,0,392,493,541,461,569,573,413,136,0,268,572,645,616,680,591,580,230,509,587,571,507,367,381,0,0,431,0,1159,1194,1117,584,aro0921,cross_leg_right,1
1656,1789975731.206240,0,378,473,537,475,565,563,411,133,0,249,601,661,637,675,602,591,190,521,597,555,543,333,383,0,23,435,24,1159,1171,1111,603,aro0921,cross_leg_right,1
1657,1789975731.226917,0,393,484,531,472,559,567,407,133,0,255,583,653,639,663,588,591,213,531,583,555,530,357,373,0,0,411,0,1162,1173,1143,611,aro0921,cross_leg_right,1
1658,1789975731.246870,0,397,483,509,475,571,556,397,137,0,251,589,665,631,637,595,603,231,531,579,541,531,379,379,0,0,425,0,1177,1204,1111,589,aro0921,cross_leg_right,1
1659,1789975731.266838,0,391,473,505,462,571,563,413,123,0,273,603,631,658,653,589,596,209,538,593,537,546,369,363,0,0,415,26,1173,1199,1127,585,aro0921,cross_leg_right,1
1660,1789975731.286899,0,391,483,529,472,558,579,419,127,0,255,585,648,635,655,587,593,215,537,581,563,521,344,376,0,0,415,0,1175,1195,1147,589,aro0921,cross_leg_right,1
1661,1789975731.307014,0,377,476,535,467,555,575,407,123,0,271,583,669,639,665,603,575,205,539,598,547,507,377,379,0,0,437,0,1142,1163,1125,616,aro0921,cross_leg_right,1
1662,1789975731.326864,0,377,471,531,477,568,569,397,127,0,267,569,632,655,652,595,587,209,543,571,556,524,363,359,0,0,403,28,1165,1192,1152,599,aro0921,cross_leg_right,1
1663,1789975731.346886,0,383,470,539,483,552,557,416,133,0,271,571,664,633,635,569,612,201,526,603,568,541,361,364,0,0,377,0,1181,1151,1163,589,aro0921,cross_leg_right,1
1664,1789975731.366873,0,395,471,503,477,557,567,403,119,0,265,571,627,661,664,597,573,207,553,571,573,533,340,363,0,0,403,27,1177,1198,1171,571,aro0921,cross_leg_right,1
1665,1789975731.386858,0,392,483,506,472,553,568,414,141,0,277,568,647,623,678,595,581,231,531,567,574,518,375,364,0,0,374,27,1173,1161,1141,593,aro0921,cross_leg_right,1
1666,1789975731.406872,0,393,486,539,467,557,581,395,148,0,239,584,633,659,667,602,610,227,540,563,539,501,363,397,0,0,389,25,1131,1147,1140,627,aro0921,cross_leg_right,1
1667,1789975731.426839,0,395,471,541,475,557,560,403,116,0,251,597,651,648,667,601,574,221,531,567,567,529,345,379,0,22,427,0,1173,1194,1158,591,aro0921,cross_leg_right,1
1668,1789975731.446866,0,399,467,519,482,547,581,421,123,0,237,591,631,619,683,612,571,227,507,595,566,504,372,393,0,26,379,39,1183,1192,1117,583,aro0921,cross_leg_right,1
1669,1789975731.466845,0,399,491,520,463,551,565,408,147,0,275,587,629,627,651,591,583,216,569,567,542,505,366,375,0,25,425,0,1125,1145,1163,619,aro0921,cross_leg_right,1
1670,1789975731.486873,0,391,489,521,467,553,558,401,136,0,274,569,648,623,651,607,601,227,529,595,564,539,363,362,0,0,429,0,1181,1167,1147,584,aro0921,cross_leg_right,1
1671,1789975731.506854,0,401,469,534,473,564,571,419,137,0,252,607,655,651,637,603,596,203,529,594,557,503,373,372,0,30,419,0,1157,1170,1113,615,aro0921,cross_leg_right,1
1672,1789975731.526840,0,393,481,531,473,557,565,408,135,0,248,586,649,639,663,587,595,211,535,575,553,529,353,374,0,0,408,0,1159,1166,1141,601,aro0921,cross_leg_right,1
1673,1789975731.546893,0,381,497,523,471,565,565,423,147,0,260,585,629,619,679,591,617,197,522,565,549,503,347,396,0,0,437,23,1177,1181,1139,583,aro0921,cross_leg_right,1
1674,1789975731.566845,0,409,487,521,470,549,571,421,133,0,265,581,636,629,651,571,605,227,520,579,543,519,367,393,0,0,393,20,1140,1143,1127,621,aro0921,cross_leg_right,1
1675,1789975731.586851,0,392,473,525,484,555,573,403,124,0,239,600,639,665,647,589,603,203,547,594,565,507,372,379,0,0,397,27,1176,1193,1119,585,aro0921,cross_leg_right,1
1676,1789975731.606897,0,401,491,539,470,551,570,415,147,0,275,567,637,635,687,571,595,204,547,575,539,507,361,389,0,0,421,25,1139,1191,1161,607,aro0921,cross_leg_right,1
1677,1789975731.626875,0,397,488,541,461,553,575,412,133,0,283,587,667,633,682,599,581,221,521,587,567,506,372,392,0,0,429,0,1167,1173,1119,588,aro0921,cross_leg_right,1
1678,1789975731.646834,0,397,474,505,485,551,570,398,142,0,235,589,631,661,635,602,604,214,558,558,547,504,373,401,0,0,397,28,1128,1141,1129,627,aro0921,cross_leg_right,1
1679,1789975731.666906,0,406,475,540,463,563,573,405,137,0,249,583,645,627,651,590,580,231,541,585,551,517,339,365,0,0,423,25,1176,1175,1123,575,aro0921,cross_leg_right,1
1680,1789975731.686857,0,399,488,532,471,559,568,396,132,0,273,568,629,627,676,573,575,204,549,597,531,529,357,367,0,0,401,36,1147,1144,1129,619,aro0921,cross_leg_right,1
1681,1789975731.706844,0,383,471,539,473,559,567,407,135,0,247,612,661,635,633,605,600,223,536,580,556,527,355,367,0,23,391,21,1163,1175,1143,606,aro0921,cross_leg_right,1
1682,1789975731.726899,0,403,483,529,472,551,567,408,133,0,261,587,650,647,659,585,596,212,537,575,553,529,359,379,0,0,405,0,1160,1181,1139,611,aro0921,cross_leg_right,1
1683,1789975731.746942,0,397,479,521,463,559,563,398,146,0,277,605,621,665,654,611,573,205,553,599,539,495,373,397,0,0,413,27,1143,1178,1116,628,aro0921,cross_leg_right,1
1684,1789975731.766859,0,392,485,527,481,551,579,397,121,0,249,581,649,657,658,611,583,228,549,562,547,504,365,377,0,0,373,0,1167,1190,1151,604,aro0921,cross_leg_right,1
1685,1789975731.786845,0,407,489,525,467,565,569,412,123,0,246,599,667,631,677,571,599,205,537,585,553,543,349,355,0,21,409,0,1174,1193,1131,594,aro0921,cross_leg_right,1
1686,1789975731.806898,0,377,491,537,461,562,574,393,146,0,253,585,660,623,632,613,583,239,529,565,536,509,339,391,0,0,383,0,1141,1198,1125,613,aro0921,cross_leg_right,1
1687,1789975731.826849,0,393,482,534,461,550,573,406,123,0,279,585,665,627,658,571,605,222,525,564,570,508,351,397,0,0,402,0,1150,1165,1165,589,aro0921,cross_leg_right,1
1688,1789975731.846848,0,403,477,527,485,561,552,408,142,0,245,589,639,665,647,579,611,234,521,559,570,542,341,373,0,0,429,0,1179,1183,1147,591,aro0921,cross_leg_right,1
1689,1789975731.866866,0,395,475,537,463,568,555,407,140,0,252,588,663,627,664,573,595,220,530,600,539,529,339,381,0,0,413,0,1129,1167,1117,633,aro0921,cross_leg_right,1
1690,1789975731.886840,0,380,488,535,472,569,569,405,120,0,273,571,665,659,659,573,573,229,509,589,569,536,339,378,0,0,390,27,1165,1167,1093,589,aro0921,cross_leg_right,1
1691,1789975731.906863,0,383,468,524,465,571,553,379,146,0,262,611,675,629,679,583,581,201,553,591,563,550,332,357,0,0,403,0,1191,1161,1171,610,aro0921,cross_leg_right,1
1692,1789975731.926887,0,397,484,523,463,549,570,411,121,0,276,594,657,625,665,601,585,215,543,567,573,537,345,383,0,0,427,0,1173,1147,1162,601,aro0921,cross_leg_right,1
1693,1789975731.946872,0,382,483,537,479,551,565,401,143,0,255,543,663,631,660,573,609,226,520,575,551,520,375,397,26,0,395,28,1155,1165,1129,633,aro0921,cross_leg_right,1
1694,1789975731.966832,0,403,471,521,483,549,559,407,143,0,247,595,647,630,668,582,605,211,552,563,537,520,367,383,0,0,425,0,1187,1191,1166,619,aro0921,cross_leg_right,1
1695,1789975731.986857,0,405,493,540,483,575,565,397,125,0,278,600,633,617,652,583,565,233,535,599,539,506,339,403,0,0,390,0,1165,1144,1164,591,aro0921,cross_leg_right,1
1696,1789975732.006954,0,377,478,531,483,555,567,403,133,0,277,568,651,655,679,599,585,217,533,581,555,525,355,373,0,0,391,39,1151,1166,1131,610,aro0921,cross_leg_right,1
1697,1789975732.026838,0,395,482,531,469,557,565,405,135,0,255,585,653,646,661,589,596,219,533,581,557,529,356,376,0,0,395,0,1159,1173,1139,606,aro0921,cross_leg_right,1
1698,1789975732.046919,0,399,469,521,459,549,555,397,141,0,290,599,645,619,669,575,581,216,549,565,539,531,374,391,0,21,429,0,1181,1180,1147,619,aro0921,cross_leg_right,1
1699,1789975732.066888,0,398,479,527,469,557,565,402,135,0,259,586,651,644,651,589,589,220,536,573,555,509,359,377,0,0,411,0,1145,1160,1144,612,aro0921,cross_leg_right,1
1700,1789975732.086829,0,407,471,525,477,553,557,399,149,0,274,559,664,645,660,587,607,225,549,555,535,530,373,399,0,0,419,0,1187,1196,1135,615,aro0921,cross_leg_right,1
1701,1789975732.106851,0,398,463,509,484,570,588,393,120,0,255,565,639,616,669,607,612,215,529,571,581,529,335,377,0,0,416,0,1133,1147,1107,601,aro0921,cross_leg_right,1
1702,1789975732.126853,0,403,475,541,473,557,556,411,141,0,239,601,659,627,667,571,595,204,529,586,541,541,361,361,0,0,422,0,1178,1176,1157,587,aro0921,cross_leg_right,1
1703,1789975732.146865,0,411,471,519,461,569,563,413,141,0,277,567,665,621,661,589,611,215,527,563,559,542,359,367,0,0,415,0,1147,1176,1123,581,aro0921,cross_leg_right,1
1704,1789975732.166857,0,409,491,523,462,554,572,412,135,0,275,595,631,629,665,573,591,228,510,587,573,527,373,393,0,0,428,0,1131,1183,1118,587,aro0921,cross_leg_right,1
1705,1789975732.186857,0,391,487,522,457,555,572,408,123,0,250,593,619,625,647,589,606,198,521,587,565,543,367,361,0,24,427,0,1170,1175,1160,607,aro0921,cross_leg_right,1
1706,1789975732.206898,0,409,476,517,472,552,581,412,118,0,247,607,609,661,645,587,607,232,507,619,551,509,363,395,0,24,405,26,1169,1199,1143,591,aro0921,cross_leg_right,1
1707,1789975732.226958,0,394,471,536,467,567,571,395,123,0,247,603,667,657,658,600,594,233,524,571,565,529,344,380,0,25,406,0,1171,1179,1117,588,aro0921,cross_leg_right,1
1708,1789975732.246929,0,411,482,530,472,559,564,402,137,0,275,604,664,651,648,603,604,219,530,575,555,527,355,376,0,0,430,26,1157,1173,1143,607,aro0921,cross_leg_right,1
1709,1789975732.266876,0,401,485,530,469,559,565,407,135,0,261,587,649,645,663,587,594,217,535,599,539,527,356,377,0,0,411,0,1159,1195,1147,610,aro0921,cross_leg_right,1
1710,1789975732.286839,0,383,476,542,473,567,555,395,146,0,239,587,663,653,663,605,579,201,556,597,552,531,366,371,0,25,431,0,1139,1159,1125,600,aro0921,cross_leg_right,1
1711,1789975732.306889,0,407,491,508,455,574,547,397,127,0,283,572,627,650,697,575,575,199,553,591,541,531,343,363,0,0,441,0,1160,1173,1149,615,aro0921,cross_leg_right,1
1712,1789975732.326877,0,403,475,519,459,563,563,396,115,0,280,589,657,626,663,573,607,211,550,585,571,541,361,373,0,0,414,0,1167,1147,1163,626,aro0921,cross_leg_right,1
1713,1789975732.346862,0,403,479,535,461,561,573,395,124,0,277,601,652,661,647,589,607,230,503,565,549,506,365,379,0,0,429,0,1141,1160,1158,627,aro0921,cross_leg_right,1
1714,1789975732.366845,0,393,478,540,477,550,555,397,147,0,239,580,669,635,647,581,609,231,537,559,555,535,374,397,0,21,395,0,1131,1146,1134,633,aro0921,cross_leg_right,1
1715,1789975732.386875,0,381,495,535,457,550,573,395,137,0,268,586,671,613,661,571,619,237,527,575,557,506,362,397,0,21,411,0,1172,1165,1101,589,aro0921,cross_leg_right,1
1716,1789975732.406850,0,389,493,533,457,568,555,403,147,0,275,595,664,627,681,594,581,213,540,605,533,535,377,371,0,0,399,21,1147,1160,1125,633,aro0921,cross_leg_right,1
1717,1789975732.426847,0,391,483,537,477,557,568,395,123,0,248,571,667,632,671,600,581,206,543,579,563,533,345,361,0,0,419,0,1177,1183,1159,587,aro0921,cross_leg_right,1
1718,1789975732.446881,0,409,493,529,475,557,565,404,135,0,235,585,667,623,665,605,584,200,541,580,551,521,357,378,0,0,395,22,1147,1171,1145,598,aro0921,cross_leg_right,1
1719,1789975732.466840,0,405,488,529,467,556,565,405,136,0,263,585,655,637,665,591,591,219,535,583,563,529,359,379,0,0,419,0,1157,1173,1133,605,aro0921,cross_leg_right,1
1720,1789975732.486835,0,404,491,541,452,552,571,393,135,0,278,569,659,649,675,600,573,233,520,569,548,499,394,383,0,0,423,0,1161,1187,1127,601,aro0921,cross_leg_right,1
1721,1789975732.506868,0,403,473,537,477,571,557,389,147,0,267,557,665,629,647,597,583,230,533,557,611,529,380,349,0,0,415,0,1184,1175,1122,569,aro0921,cross_leg_right,1
1722,1789975732.526878,0,405,485,537,479,563,571,413,133,0,261,575,659,628,667,574,599,209,530,591,568,539,345,359,0,0,418,0,1175,1173,1145,601,aro0921,cross_leg_right,1
1723,1789975732.546842,0,413,472,518,477,557,571,406,123,0,263,587,629,663,653,623,591,207,548,565,570,535,333,360,0,0,439,21,1159,1183,1165,559,aro0921,cross_leg_right,1
1724,1789975732.566881,0,403,491,533,457,563,557,413,135,0,237,585,657,621,665,573,601,217,521,600,538,550,349,377,0,0,415,0,1149,1204,1117,603,aro0921,cross_leg_right,1
1725,1789975732.586893,0,407,493,517,459,569,563,407,123,0,267,586,627,635,675,585,611,207,541,579,539,537,345,342,0,25,434,0,1136,1181,1167,610,aro0921,cross_leg_right,1
1726,1789975732.606857,0,383,471,530,446,551,559,393,150,0,271,571,655,651,647,593,603,221,547,571,565,516,381,365,0,25,361,0,1163,1161,1173,620,aro0921,cross_leg_right,1
1727,1789975732.626875,0,395,477,523,467,563,563,395,125,0,243,570,637,657,651,601,589,213,547,576,551,547,349,349,0,22,403,25,1176,1193,1157,599,aro0921,cross_leg_right,1
1728,1789975732.646875,0,409,471,525,461,565,567,405,138,0,243,604,661,638,677,571,605,203,551,583,558,527,359,378,0,21,399,23,1157,1144,1197,606,aro0921,cross_leg_right,1
1729,1789975732.666855,0,397,483,531,473,549,565,404,135,0,255,587,659,639,662,589,603,221,533,597,553,531,357,375,0,0,389,0,1159,1161,1141,607,aro0921,cross_leg_right,1
1730,1789975732.686855,0,391,472,521,478,547,549,396,145,0,247,567,631,661,655,617,581,219,563,555,535,507,377,395,0,0,427,26,1135,1195,1143,603,aro0921,cross_leg_right,1
1731,1789975732.706884,0,391,484,533,467,551,555,393,141,0,255,598,663,630,664,575,601,201,549,597,553,541,370,393,0,0,406,0,1139,1143,1117,635,aro0921,cross_leg_right,1
1732,1789975732.726871,0,391,473,529,477,565,569,405,149,0,235,599,645,651,665,597,575,227,523,587,557,509,363,377,0,0,414,0,1167,1149,1126,631,aro0921,cross_leg_right,1
1733,1789975732.746858,0,392,483,537,455,569,571,394,141,0,263,611,650,631,661,599,615,217,543,574,565,538,373,361,0,37,393,22,1147,1147,1150,621,aro0921,cross_leg_right,1
1734,1789975732.766893,0,409,491,525,467,563,573,411,117,0,275,567,631,639,677,589,573,201,547,584,583,531,338,350,0,0,413,0,1149,1165,1165,572,aro0921,cross_leg_right,1
1735,1789975732.786946,0,409,472,521,479,555,552,413,151,0,235,597,653,649,677,601,573,221,523,589,553,547,345,391,0,0,429,0,1141,1157,1117,631,aro0921,cross_leg_right,1
1736,1789975732.806865,0,411,475,519,481,551,569,415,143,0,243,575,627,619,679,584,589,223,521,591,565,503,379,393,0,0,393,31,1151,1171,1105,587,aro0921,cross_leg_right,1
1737,1789975732.826891,0,393,479,537,463,563,555,397,137,0,269,593,651,659,654,602,593,205,550,597,563,532,365,379,0,0,425,0,1173,1167,1125,614,aro0921,cross_leg_right,1
1738,1789975732.846911,0,389,485,520,473,570,557,412,123,0,299,567,631,628,669,593,613,213,540,565,569,537,376,373,0,21,435,0,1131,1167,1119,634,aro0921,cross_leg_right,1
1739,1789975732.866851,0,390,492,536,483,571,581,395,121,0,248,571,659,631,681,583,595,215,548,559,541,509,379,350,0,0,403,0,1189,1197,1175,619,aro0921,cross_leg_right,1
1740,1789975732.886860,0,403,491,533,483,569,557,404,148,0,249,565,661,635,679,573,583,229,509,595,551,552,357,391,0,0,425,0,1151,1147,1125,628,aro0921,cross_leg_right,1
1741,1789975732.906860,0,403,484,533,469,557,565,405,137,0,261,587,655,645,663,589,591,217,533,583,557,525,359,371,0,0,411,0,1141,1192,1145,613,aro0921,cross_leg_right,1
1742,1789975732.926874,0,395,479,518,468,552,567,397,123,0,247,583,635,659,669,587,587,217,547,565,553,539,345,381,0,0,390,0,1147,1173,1157,605,aro0921,cross_leg_right,1
1743,1789975732.946870,0,397,477,531,471,557,566,403,135,0,261,588,653,639,659,592,585,227,534,583,559,529,357,376,0,0,408,0,1161,1175,1141,616,aro0921,cross_leg_right,1
1744,1789975732.966841,0,393,485,525,470,549,553,392,149,0,259,589,629,655,676,571,587,226,550,559,540,533,367,383,0,0,403,25,1149,1135,1165,636,aro0921,cross_leg_right,1
1745,1789975732.986898,0,383,471,517,471,543,559,415,147,0,285,575,655,658,671,575,575,209,541,569,539,505,346,390,0,0,383,0,1177,1181,1135,589,aro0921,cross_leg_right,1
