frame,timestamp,ch0,ch1,ch2,ch3,ch4,ch5,ch6,ch7,ch8,ch9,ch10,ch11,ch12,ch13,ch14,ch15,ch16,ch17,ch18,ch19,ch20,ch21,ch22,ch23,ch24,ch25,ch26,ch27,ch28,ch29,ch30,ch31,person,posture,trial
0,1789976573.873924,0,0,0,0,0,0,0,0,0,0,0,0,0,0,0,0,0,0,0,0,0,0,0,0,0,0,0,0,0,0,0,0,aro0921,lean_left,1
1,1789976573.875717,0,0,0,0,0,0,0,0,0,0,0,0,0,0,0,0,0,0,0,0,0,0,0,0,0,0,0,0,0,0,0,0,aro0921,lean_left,1
2,1789976573.876596,0,0,0,0,0,0,0,0,0,0,0,0,0,0,0,0,0,0,0,0,0,0,0,0,0,0,0,0,0,0,0,0,aro0921,lean_left,1
3,1789976573.877472,0,0,0,0,0,0,0,0,0,0,0,0,0,0,0,0,0,0,0,0,0,0,0,0,0,0,0,0,0,0,0,0,aro0921,lean_left,1
4,1789976573.878278,0,0,0,0,0,0,0,0,0,0,0,0,0,0,0,0,0,0,0,0,0,0,0,0,0,0,0,0,0,0,0,0,aro0921,lean_left,1
5,1789976573.879052,0,0,0,0,0,0,0,0,0,0,0,0,0,0,0,0,0,0,0,0,0,0,0,0,0,0,0,0,0,0,0,0,aro0921,lean_left,1
6,1789976573.879823,0,0,0,0,0,0,0,0,0,0,0,0,0,0,0,0,0,0,0,0,0,0,0,0,0,0,0,0,0,0,0,0,aro0921,lean_left,1
7,1789976573.880566,0,0,0,0,0,0,0,0,0,0,0,0,0,0,0,0,0,0,0,0,0,0,0,0,0,0,0,0,0,0,0,0,aro0921,lean_left,1
8,1789976573.881336,0,0,0,0,0,0,0,0,0,0,0,0,0,0,0,0,0,0,0,0,0,0,0,0,0,0,0,0,0,0,0,0,aro0921,lean_left,1
9,1789976573.882014,0,0,0,0,0,0,0,0,0,0,0,0,0,0,0,0,0,0,0,0,0,0,0,0,0,0,0,0,0,0,0,0,aro0921,lean_left,1
10,1789976573.882668,0,0,0,0,0,0,0,0,0,0,0,0,0,0,0,0,0,0,0,0,0,0,0,0,0,0,0,0,0,0,0,0,aro0921,lean_left,1
11,1789976573.883318,0,0,0,0,0,0,0,0,0,0,0,0,0,0,0,0,0,0,0,0,0,0,0,0,0,0,0,0,0,0,0,0,aro0921,lean_left,1
12,1789976573.883982,0,0,0,0,0,0,0,0,0,0,0,0,0,0,0,0,0,0,0,0,0,0,0,0,0,0,0,0,0,0,0,0,aro0921,lean_left,1
13,1789976573.884632,0,0,0,0,0,0,0,0,0,0,0,0,0,0,0,0,0,0,0,0,0,0,0,0,0,0,0,0,0,0,0,0,aro0921,lean_left,1
14,1789976573.885286,0,0,0,0,0,0,0,0,0,0,0,0,0,0,0,0,0,0,0,0,0,0,0,0,0,0,0,0,0,0,0,0,aro0921,lean_left,1
15,1789976573.885946,0,0,0,0,0,0,0,0,0,0,0,0,0,0,0,0,0,0,0,0,0,0,0,0,0,0,0,0,0,0,0,0,aro0921,lean_left,1
16,1789976573.886616,0,0,0,0,0,0,0,0,0,0,0,0,0,0,0,0,0,0,0,0,0,0,0,0,0,0,0,0,0,0,0,0,aro0921,lean_left,1
17,1789976573.887278,0,0,0,0,0,0,0,0,0,0,0,0,0,0,0,0,0,0,0,0,0,0,0,0,0,0,0,0,0,0,0,0,aro0921,lean_left,1
18,1789976573.887876,0,0,0,0,0,0,0,0,0,0,0,0,0,0,0,0,0,0,0,0,0,0,0,0,0,0,0,0,0,0,0,0,aro0921,lean_left,1
19,1789976573.888458,0,0,0,0,0,0,0,0,0,0,0,0,0,0,0,0,0,0,0,0,0,0,0,0,0,0,0,0,0,0,0,0,aro0921,lean_left,1
20,1789976573.889036,0,0,0,0,0,0,0,0,0,0,0,0,0,0,0,0,0,0,0,0,0,0,0,0,0,0,0,0,0,0,0,0,aro0921,lean_left,1
21,1789976573.889624,0,0,0,0,0,0,0,0,0,0,0,0,0,0,0,0,0,0,0,0,0,0,0,0,0,0,0,0,0,0,0,0,aro0921,lean_left,1
22,1789976573.890200,0,0,0,0,0,0,0,0,0,0,0,0,0,0,0,0,0,0,0,0,0,0,0,0,0,0,0,0,0,0,0,0,aro0921,lean_left,1
23,1789976573.890781,0,0,0,0,0,0,0,0,0,0,0,0,0,0,0,0,0,0,0,0,0,0,0,0,0,0,0,0,0,0,0,0,aro0921,lean_left,1
24,1789976573.891359,0,0,0,0,0,0,0,0,0,0,0,0,0,0,0,0,0,0,0,0,0,0,0,0,0,0,0,0,0,0,0,0,aro0921,lean_left,1
25,1789976573.892113,0,0,0,0,0,0,0,0,0,0,0,0,0,0,0,0,0,0,0,0,0,0,0,0,0,0,0,0,0,0,0,0,aro0921,lean_left,1
26,1789976573.892793,0,0,0,0,0,0,0,0,0,0,0,0,0,0,0,0,0,0,0,0,0,0,0,0,0,0,0,0,0,0,0,0,aro0921,lean_left,1
27,1789976573.893457,0,0,0,0,0,0,0,0,0,0,0,0,0,0,0,0,0,0,0,0,0,0,0,0,0,0,0,0,0,0,0,0,aro0921,lean_left,1
28,1789976573.894012,0,0,0,0,0,0,0,0,0,0,0,0,0,0,0,0,0,0,0,0,0,0,0,0,0,0,0,0,0,0,0,0,aro0921,lean_left,1
29,1789976573.894573,0,0,0,0,0,0,0,0,0,0,0,0,0,0,0,0,0,0,0,0,0,0,0,0,0,0,0,0,0,0,0,0,aro0921,lean_left,1
30,1789976573.895137,0,0,0,0,0,0,0,0,0,0,0,0,0,0,0,0,0,0,0,0,0,0,0,0,0,0,0,0,0,0,0,0,aro0921,lean_left,1
31,1789976573.895704,0,0,0,0,0,0,0,0,0,0,0,0,0,0,0,0,0,0,0,0,0,0,0,0,0,0,0,0,0,0,0,0,aro0921,lean_left,1
32,1789976573.896270,0,0,0,0,0,0,0,0,0,0,0,0,0,0,0,0,0,0,0,0,0,0,0,0,0,0,0,0,0,0,0,0,aro0921,lean_left,1
33,1789976573.896824,0,0,0,0,0,0,0,0,0,0,0,0,0,0,0,0,0,0,0,0,0,0,0,0,0,0,0,0,0,0,0,0,aro0921,lean_left,1
34,1789976573.897385,0,0,0,0,0,0,0,0,0,0,0,0,0,0,0,0,0,0,0,0,0,0,0,0,0,0,0,0,0,0,0,0,aro0921,lean_left,1
35,1789976573.897947,0,0,0,0,0,0,0,0,0,0,0,0,0,0,0,0,0,0,0,0,0,0,0,0,0,0,0,0,0,0,0,0,aro0921,lean_left,1
36,1789976573.898507,0,0,0,0,0,0,0,0,0,0,0,0,0,0,0,0,0,0,0,0,0,0,0,0,0,0,0,0,0,0,0,0,aro0921,lean_left,1
37,1789976573.899057,0,0,0,0,0,0,0,0,0,0,0,0,0,0,0,0,0,0,0,0,0,0,0,0,0,0,0,0,0,0,0,0,aro0921,lean_left,1
38,1789976573.899617,0,0,0,0,0,0,0,0,0,0,0,0,0,0,0,0,0,0,0,0,0,0,0,0,0,0,0,0,0,0,0,0,aro0921,lean_left,1
39,1789976573.900168,0,0,0,0,0,0,0,0,0,0,0,0,0,0,0,0,0,0,0,0,0,0,0,0,0,0,0,0,0,0,0,0,aro0921,lean_left,1
40,1789976573.900723,0,0,0,0,0,0,0,0,0,0,0,0,0,0,0,0,0,0,0,0,0,0,0,0,0,0,0,0,0,0,0,0,aro0921,lean_left,1
41,1789976573.901281,0,0,0,0,0,0,0,0,0,0,0,0,0,0,0,0,0,0,0,0,0,0,0,0,0,0,0,0,0,0,0,0,aro0921,lean_left,1
42,1789976573.901770,0,0,0,0,0,0,0,0,0,0,0,0,0,0,0,0,0,0,0,0,0,0,0,0,0,0,0,0,0,0,0,0,aro0921,lean_left,1
43,1789976573.902254,0,0,0,0,0,0,0,0,0,0,0,0,0,0,0,0,0,0,0,0,0,0,0,0,0,0,0,0,0,0,0,0,aro0921,lean_left,1
44,1789976573.902732,0,0,0,0,0,0,0,0,0,0,0,0,0,0,0,0,0,0,0,0,0,0,0,0,0,0,0,0,0,0,0,0,aro0921,lean_left,1
45,1789976573.903219,0,0,0,0,0,0,0,0,0,0,0,0,0,0,0,0,0,0,0,0,0,0,0,0,0,0,0,0,0,0,0,0,aro0921,lean_left,1
46,1789976573.903712,0,0,0,0,0,0,0,0,0,0,0,0,0,0,0,0,0,0,0,0,0,0,0,0,0,0,0,0,0,0,0,0,aro0921,lean_left,1
47,1789976573.904202,0,0,0,0,0,0,0,0,0,0,0,0,0,0,0,0,0,0,0,0,0,0,0,0,0,0,0,0,0,0,0,0,aro0921,lean_left,1
48,1789976573.904689,0,0,0,0,0,0,0,0,0,0,0,0,0,0,0,0,0,0,0,0,0,0,0,0,0,0,0,0,0,0,0,0,aro0921,lean_left,1
49,1789976573.905170,0,0,0,0,0,0,0,0,0,0,0,0,0,0,0,0,0,0,0,0,0,0,0,0,0,0,0,0,0,0,0,0,aro0921,lean_left,1
50,1789976573.905657,0,0,0,0,0,0,0,0,0,0,0,0,0,0,0,0,0,0,0,0,0,0,0,0,0,0,0,0,0,0,0,0,aro0921,lean_left,1
51,1789976573.906134,0,0,0,0,0,0,0,0,0,0,0,0,0,0,0,0,0,0,0,0,0,0,0,0,0,0,0,0,0,0,0,0,aro0921,lean_left,1
52,1789976573.906619,0,0,0,0,0,0,0,0,0,0,0,0,0,0,0,0,0,0,0,0,0,0,0,0,0,0,0,0,0,0,0,0,aro0921,lean_left,1
53,1789976573.907096,0,0,0,0,0,0,0,0,0,0,0,0,0,0,0,0,0,0,0,0,0,0,0,0,0,0,0,0,0,0,0,0,aro0921,lean_left,1
54,1789976573.907535,0,0,0,0,0,0,0,0,0,0,0,0,0,0,0,0,0,0,0,0,0,0,0,0,0,0,0,0,0,0,0,0,aro0921,lean_left,1
55,1789976573.907958,0,0,0,0,0,0,0,0,0,0,0,0,0,0,0,0,0,0,0,0,0,0,0,0,0,0,0,0,0,0,0,0,aro0921,lean_left,1
56,1789976573.908391,0,0,0,0,0,0,0,0,0,0,0,0,0,0,0,0,0,0,0,0,0,0,0,0,0,0,0,0,0,0,0,0,aro0921,lean_left,1
57,1789976573.908816,0,0,0,0,0,0,0,0,0,0,0,0,0,0,0,0,0,0,0,0,0,0,0,0,0,0,0,0,0,0,0,0,aro0921,lean_left,1
58,1789976573.909239,0,0,0,0,0,0,0,0,0,0,0,0,0,0,0,0,0,0,0,0,0,0,0,0,0,0,0,0,0,0,0,0,aro0921,lean_left,1
59,1789976573.909673,0,0,0,0,0,0,0,0,0,0,0,0,0,0,0,0,0,0,0,0,0,0,0,0,0,0,0,0,0,0,0,0,aro0921,lean_left,1
60,1789976573.910097,0,0,0,0,0,0,0,0,0,0,0,0,0,0,0,0,0,0,0,0,0,0,0,0,0,0,0,0,0,0,0,0,aro0921,lean_left,1
61,1789976573.910528,0,0,0,0,0,0,0,0,0,0,0,0,0,0,0,0,0,0,0,0,0,0,0,0,0,0,0,0,0,0,0,0,aro0921,lean_left,1
62,1789976573.910958,0,0,0,0,0,0,0,0,0,0,0,0,0,0,0,0,0,0,0,0,0,0,0,0,0,0,0,0,0,0,0,0,aro0921,lean_left,1
63,1789976573.911391,0,0,0,0,0,0,0,0,0,0,0,0,0,0,0,0,0,0,0,0,0,0,0,0,0,0,0,0,0,0,0,0,aro0921,lean_left,1
64,1789976573.911823,0,0,0,0,0,0,0,0,0,0,0,0,0,0,0,0,0,0,0,0,0,0,0,0,0,0,0,0,0,0,0,0,aro0921,lean_left,1
65,1789976573.912253,0,0,0,0,0,0,0,0,0,0,0,0,0,0,0,0,0,0,0,0,0,0,0,0,0,0,0,0,0,0,0,0,aro0921,lean_left,1
66,1789976573.912674,0,0,0,0,0,0,0,0,0,0,0,0,0,0,0,0,0,0,0,0,0,0,0,0,0,0,0,0,0,0,0,0,aro0921,lean_left,1
67,1789976573.913090,0,0,0,0,0,0,0,0,0,0,0,0,0,0,0,0,0,0,0,0,0,0,0,37,0,0,0,0,0,0,0,0,aro0921,lean_left,1
68,1789976573.913477,0,0,0,0,0,0,0,0,0,0,0,0,0,0,0,0,0,0,0,0,0,0,0,69,0,0,0,0,0,0,0,0,aro0921,lean_left,1
69,1789976573.913861,0,0,0,0,0,0,0,0,0,0,0,0,0,0,0,0,0,0,0,0,0,0,83,68,0,0,0,0,0,0,0,0,aro0921,lean_left,1
70,1789976573.914240,0,0,0,0,0,0,0,0,0,0,0,0,0,0,0,0,0,0,0,0,0,0,149,115,0,0,0,0,0,0,0,0,aro0921,lean_left,1
71,1789976573.914618,0,0,0,0,0,0,0,0,0,0,0,0,0,0,0,0,0,0,0,0,52,0,186,158,0,0,0,0,0,0,0,0,aro0921,lean_left,1
72,1789976573.915001,0,0,0,0,0,0,0,0,0,0,0,0,0,0,0,0,0,0,0,0,83,37,239,215,0,0,0,0,0,0,0,0,aro0921,lean_left,1
73,1789976573.915377,0,0,0,0,0,0,0,0,0,0,0,0,0,0,0,0,0,0,0,0,125,95,297,235,0,0,0,0,0,0,0,0,aro0921,lean_left,1
74,1789976573.915758,0,0,0,0,0,0,0,0,0,0,0,0,0,0,0,0,0,0,0,0,163,135,365,248,0,0,0,0,0,0,0,0,aro0921,lean_left,1
75,1789976573.916136,0,0,0,0,0,0,0,0,0,0,0,0,0,0,0,0,0,0,0,0,187,175,406,360,0,0,0,0,0,0,0,0,aro0921,lean_left,1
76,1789976573.916527,0,0,0,0,0,0,0,0,0,0,0,0,0,0,0,0,0,0,0,0,235,220,427,409,0,0,0,0,0,0,0,0,aro0921,lean_left,1
77,1789976573.916912,0,0,0,0,0,0,0,0,0,0,0,0,0,0,0,0,0,0,0,0,271,237,476,456,0,0,0,0,0,0,0,0,aro0921,lean_left,1
78,1789976573.917291,0,0,0,0,0,0,0,0,0,0,0,0,0,0,0,0,0,0,0,0,287,271,501,501,0,0,0,0,0,0,0,0,aro0921,lean_left,1
79,1789976573.917672,0,0,0,0,0,0,0,0,0,0,0,0,0,0,0,0,0,0,0,0,327,296,520,536,0,0,0,0,0,0,0,0,aro0921,lean_left,1
80,1789976573.918050,0,0,0,0,0,0,0,0,0,0,0,0,0,0,0,0,0,0,0,0,356,308,535,568,0,0,0,0,0,0,0,0,aro0921,lean_left,1
81,1789976573.918433,0,0,0,0,0,0,0,0,0,0,0,0,0,0,0,0,0,0,0,0,389,343,573,623,0,0,0,0,0,0,0,0,aro0921,lean_left,1
82,1789976573.918810,0,0,0,0,0,0,0,0,0,0,0,0,0,0,0,0,0,0,0,37,416,373,551,661,0,0,0,0,0,0,0,0,aro0921,lean_left,1
83,1789976573.919170,0,0,0,0,0,0,0,0,0,0,0,0,0,0,0,0,0,0,0,75,413,377,573,701,0,0,0,0,0,0,0,0,aro0921,lean_left,1
84,1789976573.919529,0,0,0,0,0,0,0,0,0,0,0,0,0,0,0,0,0,0,0,89,439,376,591,714,0,0,0,0,0,0,0,0,aro0921,lean_left,1
85,1789976573.919884,0,0,0,0,0,0,0,0,0,0,0,0,0,0,0,0,0,0,0,104,443,393,575,738,0,0,0,0,0,0,0,0,aro0921,lean_left,1
86,1789976573.920246,0,0,0,0,0,0,0,0,0,0,0,0,0,0,0,0,0,0,0,165,482,409,603,723,0,0,0,0,0,0,0,0,aro0921,lean_left,1
87,1789976573.920599,0,0,0,0,0,0,0,0,0,0,0,0,0,0,0,0,0,0,0,197,498,425,589,731,0,0,0,0,0,0,0,0,aro0921,lean_left,1
88,1789976573.920958,0,0,0,0,0,0,0,0,0,0,0,0,0,0,0,0,0,0,0,209,527,444,587,765,0,0,0,0,0,0,0,0,aro0921,lean_left,1
89,1789976573.921304,0,0,0,0,0,0,0,0,0,0,0,0,0,0,0,0,0,0,0,261,564,487,616,782,0,0,0,0,0,0,0,0,aro0921,lean_left,1
90,1789976573.921656,0,0,0,0,0,0,0,0,0,0,0,0,0,0,0,0,0,0,0,279,579,501,605,767,0,0,0,0,0,0,0,0,aro0921,lean_left,1
91,1789976573.922009,0,0,0,0,0,0,0,0,0,0,0,0,0,0,0,0,0,0,0,296,597,551,629,803,0,0,0,0,0,0,0,0,aro0921,lean_left,1
92,1789976573.922357,0,0,0,0,0,0,0,0,0,0,0,0,0,0,0,0,0,0,0,297,630,522,595,781,0,0,0,0,0,0,0,0,aro0921,lean_left,1
93,1789976573.922711,0,0,0,0,0,0,0,0,0,0,0,0,0,0,0,0,0,0,0,277,628,555,599,795,0,0,0,0,0,0,0,0,aro0921,lean_left,1
94,1789976573.923061,0,0,0,0,0,0,0,0,0,0,0,0,0,0,0,0,0,0,30,279,659,531,573,779,0,0,0,0,0,0,0,0,aro0921,lean_left,1
95,1789976573.923417,0,0,0,0,0,0,0,0,0,0,0,0,0,0,0,0,0,0,37,252,669,517,541,747,0,0,0,0,0,0,0,0,aro0921,lean_left,1
96,1789976573.923765,0,0,0,0,0,0,0,0,0,0,0,0,0,0,0,0,0,0,48,181,665,489,503,633,0,0,0,0,0,0,0,0,aro0921,lean_left,1
97,1789976573.924113,0,0,0,0,0,0,0,0,0,0,0,0,0,0,0,0,0,0,71,137,657,436,453,555,0,0,0,0,0,0,0,0,aro0921,lean_left,1
98,1789976573.924468,0,0,0,0,0,0,0,0,0,0,0,0,0,0,0,0,0,0,77,141,653,303,347,381,0,0,0,0,0,0,0,0,aro0921,lean_left,1
99,1789976573.924815,0,0,0,0,0,0,0,0,0,0,0,0,0,0,0,0,0,25,43,93,619,231,231,121,0,0,0,0,0,0,0,0,aro0921,lean_left,1
100,1789976573.925153,0,0,0,0,0,0,0,0,0,0,0,0,0,0,0,0,0,43,25,97,565,95,115,26,0,0,0,0,0,0,0,0,aro0921,lean_left,1
101,1789976573.925479,0,0,0,0,0,0,0,0,0,0,0,0,0,0,0,0,0,70,0,83,459,0,43,0,0,0,0,0,0,0,0,0,aro0921,lean_left,1
102,1789976573.925811,0,0,0,0,0,0,0,0,0,0,0,0,0,0,0,0,0,77,75,41,253,0,0,0,0,0,0,0,0,0,0,0,aro0921,lean_left,1
103,1789976573.926135,0,0,0,0,0,0,0,0,0,0,0,0,0,0,0,0,0,90,125,0,0,0,0,0,0,0,0,0,0,0,0,0,aro0921,lean_left,1
104,1789976573.926461,0,0,0,0,0,0,0,0,0,0,0,0,0,0,0,0,0,94,155,0,0,0,0,0,0,0,0,0,0,0,0,0,aro0921,lean_left,1
105,1789976573.926794,0,0,0,0,0,0,0,0,0,0,0,0,0,0,0,0,0,83,139,0,0,0,0,0,0,0,0,0,0,0,0,0,aro0921,lean_left,1
106,1789976573.927121,0,0,0,0,0,0,0,0,0,0,0,0,0,0,0,0,0,78,79,0,0,0,0,0,0,0,0,0,0,0,0,0,aro0921,lean_left,1
107,1789976573.927458,0,0,0,0,0,0,0,0,0,0,0,0,0,0,0,0,0,0,37,0,0,0,0,0,0,0,0,0,0,0,0,0,aro0921,lean_left,1
108,1789976573.927784,0,0,0,0,0,0,0,0,0,0,0,0,0,0,0,0,0,0,0,0,0,0,0,0,0,0,0,0,0,0,0,0,aro0921,lean_left,1
109,1789976573.928119,0,0,0,0,0,0,0,0,0,0,0,0,0,0,0,0,0,0,0,0,0,0,0,0,0,0,0,0,0,0,0,0,aro0921,lean_left,1
110,1789976573.928459,0,0,0,0,0,0,0,0,0,0,0,0,0,0,0,0,0,0,0,0,0,0,0,0,0,0,0,0,0,0,0,0,aro0921,lean_left,1
111,1789976573.928792,0,0,0,0,0,0,0,0,0,0,0,0,0,0,0,0,0,0,0,0,0,0,0,0,0,0,0,0,0,0,0,0,aro0921,lean_left,1
112,1789976573.929129,0,0,0,0,0,0,0,0,0,0,0,0,0,0,0,0,0,0,0,0,0,0,0,0,0,0,0,0,0,0,0,0,aro0921,lean_left,1
113,1789976573.929457,0,0,0,0,0,0,0,0,0,0,0,0,0,0,0,0,0,0,0,0,0,0,0,0,0,0,0,0,0,0,0,0,aro0921,lean_left,1
114,1789976573.929789,0,0,0,0,0,0,0,0,0,0,0,0,0,0,0,0,0,0,0,0,0,0,0,0,0,0,0,0,0,0,0,0,aro0921,lean_left,1
115,1789976573.930115,0,0,0,0,0,0,0,0,0,0,0,0,0,0,0,0,0,0,0,0,0,0,0,0,0,0,0,0,0,0,0,0,aro0921,lean_left,1
116,1789976573.930440,0,0,0,0,0,0,0,0,0,0,0,0,0,0,0,0,0,0,0,0,0,0,0,0,0,0,0,0,0,20,0,0,aro0921,lean_left,1
117,1789976573.930770,0,0,0,0,0,0,0,0,0,0,0,0,0,0,0,0,0,0,0,0,0,0,0,0,0,0,0,0,23,0,0,0,aro0921,lean_left,1
118,1789976573.931077,0,0,0,0,0,0,0,0,0,0,0,0,0,0,0,0,0,0,0,0,0,0,0,0,0,0,0,0,0,0,0,0,aro0921,lean_left,1
119,1789976573.931391,0,0,0,0,0,0,0,0,0,0,0,0,0,0,0,0,0,0,0,0,0,0,0,0,0,0,0,0,21,0,0,0,aro0921,lean_left,1
120,1789976573.931695,0,0,0,0,0,0,0,0,0,0,0,0,0,0,0,0,0,0,0,0,0,0,0,0,0,0,0,0,0,0,0,0,aro0921,lean_left,1
121,1789976573.932006,0,0,0,0,0,0,0,0,0,0,0,0,0,0,0,0,0,0,0,0,0,0,0,0,0,0,0,0,0,0,0,0,aro0921,lean_left,1
122,1789976573.932311,0,0,0,0,0,0,0,0,0,0,0,0,0,0,0,0,0,0,0,0,0,0,0,0,0,0,0,0,0,0,0,0,aro0921,lean_left,1
123,1789976573.932615,0,0,0,0,0,0,0,0,0,0,0,0,0,0,0,0,0,0,0,0,0,0,0,0,0,0,0,0,0,0,0,0,aro0921,lean_left,1
124,1789976573.932926,0,0,0,0,0,0,0,0,0,0,0,0,0,0,0,0,0,0,0,0,0,0,0,0,0,0,0,0,0,0,0,0,aro0921,lean_left,1
125,1789976573.933230,0,0,0,0,0,0,0,0,0,0,0,0,0,0,0,0,0,0,0,0,0,0,0,0,0,0,0,0,0,0,0,0,aro0921,lean_left,1
126,1789976573.933542,0,0,0,0,0,0,0,0,0,0,0,0,0,0,0,0,0,0,0,0,0,0,0,0,0,0,0,0,0,0,0,0,aro0921,lean_left,1
127,1789976573.933847,0,0,0,0,0,0,0,0,0,0,0,0,0,0,0,0,0,0,0,0,0,0,0,0,0,0,0,0,0,0,0,0,aro0921,lean_left,1
128,1789976573.934151,0,0,0,0,0,0,0,0,0,0,0,0,0,0,0,0,0,0,0,0,0,0,0,0,0,0,0,0,0,0,0,0,aro0921,lean_left,1
129,1789976573.934464,0,0,0,0,0,0,0,0,0,0,0,0,0,0,0,0,0,0,0,0,0,0,0,0,0,0,0,0,0,0,0,0,aro0921,lean_left,1
130,1789976573.934772,0,0,0,0,0,0,0,0,0,0,0,0,0,0,0,0,0,0,0,0,0,0,0,0,0,0,0,0,0,0,0,0,aro0921,lean_left,1
131,1789976573.935082,0,0,0,0,0,0,0,0,0,0,0,0,0,0,0,0,0,0,0,0,0,0,0,0,0,0,0,0,0,0,0,0,aro0921,lean_left,1
132,1789976573.935388,0,0,0,0,0,0,0,0,0,0,0,0,0,0,0,0,0,0,0,0,0,0,0,0,0,0,0,0,0,0,0,0,aro0921,lean_left,1
133,1789976573.935705,0,0,0,0,0,0,0,0,0,0,0,0,0,0,0,0,0,0,0,0,0,0,0,0,0,0,0,0,0,0,0,0,aro0921,lean_left,1
134,1789976573.936013,0,0,0,0,0,0,0,0,0,0,0,0,0,0,0,0,0,0,0,0,0,0,0,0,0,0,0,0,0,0,0,0,aro0921,lean_left,1
135,1789976573.936323,0,0,0,0,0,0,0,0,0,0,0,0,0,0,0,0,0,0,0,0,0,0,0,0,0,0,0,0,0,0,0,0,aro0921,lean_left,1
136,1789976573.936646,0,0,0,0,0,0,0,0,0,0,0,0,0,0,0,0,0,0,0,0,0,0,0,0,0,0,0,0,0,0,0,0,aro0921,lean_left,1
137,1789976573.936967,0,0,0,0,0,0,0,0,0,0,0,0,0,0,0,0,0,0,0,0,0,0,0,0,0,0,0,0,0,0,0,0,aro0921,lean_left,1
138,1789976573.937278,0,0,0,0,0,0,0,0,0,0,0,0,0,0,0,0,0,0,0,0,0,0,0,0,0,0,0,0,0,0,0,0,aro0921,lean_left,1
139,1789976573.937583,0,0,0,0,0,0,0,0,0,0,0,0,0,0,0,0,0,0,0,0,0,0,0,0,0,0,0,0,0,0,0,0,aro0921,lean_left,1
140,1789976573.937886,0,0,0,0,0,0,0,0,0,0,0,0,0,0,0,0,0,0,0,0,0,0,0,0,0,0,0,0,0,0,0,0,aro0921,lean_left,1
141,1789976573.938195,0,0,0,0,0,0,0,0,0,0,0,0,0,0,0,0,0,0,0,0,0,0,0,0,0,0,0,0,0,0,0,0,aro0921,lean_left,1
142,1789976573.938497,0,0,0,0,0,0,0,0,0,0,0,0,0,0,0,0,0,0,0,0,0,0,0,0,0,0,0,0,0,0,0,0,aro0921,lean_left,1
143,1789976573.938803,0,0,0,0,0,0,0,0,0,0,0,0,0,0,0,0,0,0,0,0,0,0,0,0,0,0,0,0,0,0,0,0,aro0921,lean_left,1
144,1789976573.939089,0,0,0,0,0,0,0,0,0,0,0,0,0,0,0,0,0,0,0,0,0,0,0,0,0,0,0,0,0,0,0,0,aro0921,lean_left,1
145,1789976573.939382,0,0,0,0,0,0,0,0,0,0,0,0,0,0,0,0,0,0,0,0,0,0,0,0,0,0,0,0,0,0,0,0,aro0921,lean_left,1
146,1789976573.939672,0,0,0,0,0,0,0,0,0,0,0,0,0,0,0,0,0,0,0,0,0,0,0,0,0,0,0,0,0,0,0,0,aro0921,lean_left,1
147,1789976573.939958,0,0,0,0,0,0,0,0,0,0,0,0,0,0,0,0,0,0,0,0,0,0,0,0,0,0,0,0,0,0,0,0,aro0921,lean_left,1
148,1789976573.940251,0,0,0,0,0,0,0,0,0,0,0,0,0,0,0,0,0,0,0,0,0,0,0,0,0,0,0,0,0,0,0,0,aro0921,lean_left,1
149,1789976573.940536,0,0,0,0,0,0,0,0,0,0,0,0,0,0,0,0,0,0,0,0,0,0,0,0,0,0,0,0,0,0,0,0,aro0921,lean_left,1
150,1789976573.940830,0,0,0,0,0,0,0,0,0,0,0,0,0,0,0,0,0,0,0,0,0,0,0,0,0,0,0,0,0,0,0,0,aro0921,lean_left,1
151,1789976573.941121,0,0,0,0,0,0,0,0,0,0,0,0,0,0,0,0,0,0,0,0,0,0,0,0,0,0,0,0,0,0,0,0,aro0921,lean_left,1
152,1789976573.941409,0,0,0,0,0,0,0,0,0,0,0,0,0,0,0,0,0,0,0,0,0,0,0,0,0,0,0,0,0,0,0,0,aro0921,lean_left,1
153,1789976573.941702,0,0,0,0,0,0,0,0,0,0,0,0,0,0,0,0,0,0,0,0,0,0,0,0,0,0,0,0,0,0,0,0,aro0921,lean_left,1
154,1789976573.941989,0,0,0,0,0,0,0,0,0,0,0,0,0,0,0,0,0,0,0,0,0,0,0,0,0,0,0,0,0,0,0,0,aro0921,lean_left,1
155,1789976573.942284,0,0,0,0,0,0,0,0,0,0,0,0,0,0,0,0,0,0,0,0,0,0,0,0,0,0,0,0,0,0,0,0,aro0921,lean_left,1
156,1789976573.942572,0,0,0,0,0,0,0,0,0,0,0,0,0,0,0,0,0,0,0,0,0,0,0,0,0,0,0,0,0,0,0,0,aro0921,lean_left,1
157,1789976573.942867,0,0,0,0,0,0,0,0,0,0,0,0,0,0,0,0,0,0,0,0,0,0,0,0,0,0,0,0,0,0,0,0,aro0921,lean_left,1
158,1789976573.943156,0,0,0,0,0,0,0,0,0,0,0,0,0,0,0,0,0,0,0,0,0,0,0,0,0,0,0,0,0,0,0,153,aro0921,lean_left,1
159,1789976573.943445,0,0,0,0,0,0,0,0,0,0,0,0,0,0,0,0,0,0,0,0,0,0,0,0,0,0,0,0,0,0,0,345,aro0921,lean_left,1
160,1789976573.943742,0,0,0,0,0,0,0,0,0,0,0,0,0,0,0,0,0,0,0,0,0,0,0,0,0,0,0,0,0,0,29,461,aro0921,lean_left,1
161,1789976573.944039,0,0,0,0,0,0,0,0,0,0,0,0,0,0,0,0,0,0,0,0,0,0,0,0,0,0,0,0,0,0,113,541,aro0921,lean_left,1
162,1789976573.944336,0,0,0,0,0,0,0,0,0,0,0,0,0,0,0,0,0,0,0,0,0,0,0,0,0,0,0,0,0,0,153,531,aro0921,lean_left,1
163,1789976573.944627,0,0,0,0,0,0,0,0,0,0,0,0,0,0,0,0,0,0,0,0,0,0,0,0,0,0,0,0,0,0,235,541,aro0921,lean_left,1
164,1789976573.944909,0,0,0,0,0,0,0,0,0,0,0,0,0,0,0,0,0,0,0,0,0,0,0,0,0,0,0,0,0,0,264,527,aro0921,lean_left,1
165,1789976573.945203,0,0,0,0,0,0,0,0,0,0,0,0,0,0,0,0,0,0,0,0,0,0,0,0,0,0,0,0,0,0,300,507,aro0921,lean_left,1
166,1789976573.945486,0,0,0,0,0,0,0,0,0,0,0,0,0,0,0,0,0,0,0,0,0,0,0,0,0,0,0,0,0,0,313,483,aro0921,lean_left,1
167,1789976573.945773,0,0,0,0,0,0,0,0,0,0,0,0,0,0,0,0,0,0,0,0,0,0,0,0,0,0,69,30,0,0,320,455,aro0921,lean_left,1
168,1789976573.946057,0,0,0,0,0,0,0,0,0,0,0,0,0,0,0,0,0,0,0,0,0,0,0,0,0,0,151,121,0,0,371,457,aro0921,lean_left,1
169,1789976573.946340,0,0,0,0,0,0,0,0,0,0,0,0,0,0,0,0,0,0,0,0,0,0,0,0,0,0,327,227,0,28,401,460,aro0921,lean_left,1
170,1789976573.946622,0,0,0,0,0,0,0,0,0,0,0,0,0,0,0,0,0,0,0,0,0,0,0,0,0,0,474,435,0,75,415,453,aro0921,lean_left,1
171,1789976573.946898,0,0,0,0,0,0,0,0,0,0,0,0,0,0,0,0,0,0,0,0,0,0,0,0,0,0,581,563,0,105,400,453,aro0921,lean_left,1
172,1789976573.947183,0,0,0,0,0,0,0,0,0,0,0,0,0,0,0,0,0,0,0,0,0,0,0,0,0,0,635,605,0,181,409,423,aro0921,lean_left,1
173,1789976573.947460,0,0,0,0,0,0,0,0,0,0,0,0,0,0,0,0,0,0,0,0,0,0,0,0,0,24,665,661,0,268,375,439,aro0921,lean_left,1
174,1789976573.947743,0,0,0,0,0,0,0,0,0,0,0,0,0,0,0,0,0,0,0,0,0,0,0,0,0,26,619,639,0,412,428,436,aro0921,lean_left,1
175,1789976573.948023,0,0,0,0,0,0,0,0,0,0,0,0,0,0,0,0,0,0,0,0,0,0,0,0,0,69,633,711,45,521,457,441,aro0921,lean_left,1
176,1789976573.948299,0,0,0,0,0,0,0,0,0,0,0,0,0,0,0,0,0,0,0,0,0,0,0,0,0,0,617,727,264,555,463,415,aro0921,lean_left,1
177,1789976573.948582,0,0,0,0,0,0,0,0,0,0,0,0,0,0,0,0,0,0,0,0,0,0,0,0,0,0,624,725,457,635,479,459,aro0921,lean_left,1
178,1789976573.948858,0,0,0,0,0,0,0,0,0,0,0,0,0,0,0,0,0,0,0,0,0,0,0,0,0,0,593,718,506,678,517,462,aro0921,lean_left,1
179,1789976573.949141,0,0,0,0,0,0,0,0,0,0,0,0,0,0,0,0,0,0,0,0,0,0,0,0,0,0,561,730,586,667,551,447,aro0921,lean_left,1
180,1789976573.949416,0,0,0,0,0,0,0,0,0,0,0,0,0,0,0,0,0,0,0,0,0,0,0,0,0,0,511,728,617,699,492,381,aro0921,lean_left,1
181,1789976573.949693,0,0,0,0,0,0,0,0,0,0,0,0,0,0,0,0,0,0,0,0,0,0,0,0,0,0,533,755,639,724,529,327,aro0921,lean_left,1
182,1789976573.949977,0,0,0,0,0,0,0,0,0,0,0,0,0,0,0,0,0,0,0,55,0,109,0,0,0,47,543,773,668,712,523,332,aro0921,lean_left,1
183,1789976573.950254,0,0,0,0,0,0,0,0,0,0,0,0,0,55,0,59,0,39,110,189,24,174,55,0,0,53,529,874,730,727,572,281,aro0921,lean_left,1
184,1789976573.950540,0,0,0,0,0,0,0,0,0,0,0,0,137,235,83,213,0,104,297,287,149,251,111,0,0,0,507,907,731,722,569,297,aro0921,lean_left,1
185,1789976573.950813,0,0,0,0,89,0,273,143,0,0,0,123,237,283,191,243,165,237,374,381,227,297,199,0,0,0,525,952,739,694,585,373,aro0921,lean_left,1
186,1789976573.951093,0,0,295,347,332,330,459,421,71,0,0,172,328,376,243,304,255,355,443,445,325,339,203,0,0,0,525,949,735,699,555,441,aro0921,lean_left,1
187,1789976573.951366,0,267,443,469,491,542,618,583,359,0,0,280,347,389,287,319,280,447,463,488,372,363,169,0,0,0,531,939,742,712,540,395,aro0921,lean_left,1
188,1789976573.951641,0,414,510,476,568,619,688,701,491,0,133,376,392,415,349,348,319,461,507,521,383,395,209,0,0,0,485,955,727,717,543,373,aro0921,lean_left,1
189,1789976573.951917,0,521,522,477,591,651,735,717,494,0,217,399,420,448,351,361,335,459,519,505,390,404,201,43,0,0,457,891,719,691,543,339,aro0921,lean_left,1
190,1789976573.952191,120,583,559,505,612,693,766,729,509,0,243,414,427,431,365,367,361,495,521,544,413,427,222,45,0,0,397,856,639,691,430,307,aro0921,lean_left,1
191,1789976573.952474,232,613,549,527,621,693,775,735,523,0,276,423,439,415,375,361,365,478,536,534,403,427,203,85,0,0,377,809,599,667,447,261,aro0921,lean_left,1
192,1789976573.952745,342,596,575,554,619,685,746,711,530,0,295,425,427,421,393,351,347,518,527,533,399,377,201,55,0,0,390,749,600,675,373,232,aro0921,lean_left,1
193,1789976573.953015,408,632,573,555,609,697,743,667,541,0,262,471,453,439,407,379,343,446,477,527,359,403,206,47,0,0,333,779,557,669,404,163,aro0921,lean_left,1
194,1789976573.953294,445,669,621,597,616,691,727,660,551,41,281,476,435,435,365,391,340,440,455,520,347,363,184,25,0,0,366,727,523,679,361,141,aro0921,lean_left,1
195,1789976573.953572,499,713,653,601,623,681,693,623,535,79,317,485,447,437,367,393,363,439,425,485,358,367,181,37,0,0,343,695,505,617,341,125,aro0921,lean_left,1
196,1789976573.953851,509,722,699,639,659,671,679,593,533,81,343,495,457,467,411,396,362,414,423,469,339,359,185,0,0,0,355,729,529,614,329,51,aro0921,lean_left,1
197,1789976573.954122,517,755,739,697,661,681,667,588,537,84,371,525,475,459,424,415,328,408,473,453,313,328,157,0,0,0,343,676,501,645,377,59,aro0921,lean_left,1
198,1789976573.954390,547,777,829,723,698,690,661,591,533,95,405,531,481,468,419,415,360,409,425,455,335,360,155,0,0,0,313,715,493,613,347,68,aro0921,lean_left,1
199,1789976573.954666,553,809,871,773,713,697,663,597,533,93,423,533,493,470,409,430,367,407,415,438,334,348,149,0,0,0,355,698,499,613,355,53,aro0921,lean_left,1
200,1789976573.954934,572,821,911,821,729,701,663,595,541,89,439,566,535,469,461,459,357,403,409,439,329,349,147,0,0,0,344,711,509,601,357,61,aro0921,lean_left,1
201,1789976573.955212,597,841,970,905,767,715,666,595,549,69,501,557,533,489,459,453,379,402,395,424,319,349,147,0,0,0,315,728,535,619,356,41,aro0921,lean_left,1
202,1789976573.955486,621,867,1039,943,795,712,646,589,543,61,499,596,537,531,458,495,393,413,377,428,293,342,163,0,0,0,313,764,581,635,377,56,aro0921,lean_left,1
203,1789976573.955759,633,907,1075,1005,797,683,651,579,548,59,524,595,585,495,490,504,419,403,397,413,309,327,135,0,0,0,340,767,553,615,360,70,aro0921,lean_left,1
204,1789976573.956033,636,911,1065,1011,819,680,651,595,542,53,529,586,607,533,499,477,403,383,349,381,281,350,159,0,0,0,347,808,581,603,333,0,aro0921,lean_left,1
205,1789976573.956308,659,923,1109,1041,839,668,653,575,533,22,569,583,587,537,501,491,393,391,357,360,263,331,159,0,0,0,332,763,611,610,331,24,aro0921,lean_left,1
206,1789976573.956587,669,947,1117,1043,839,663,608,543,487,0,537,573,613,518,470,517,399,364,351,383,285,307,125,0,0,0,344,765,605,611,363,0,aro0921,lean_left,1
207,1789976573.956856,672,941,1125,1073,841,647,602,556,493,0,583,631,629,533,519,523,401,371,331,341,265,303,159,28,0,0,341,717,600,571,349,25,aro0921,lean_left,1
208,1789976573.957136,663,959,1101,1081,873,635,595,523,473,0,542,613,637,572,501,523,393,363,335,347,244,311,120,0,0,0,316,751,595,601,361,25,aro0921,lean_left,1
209,1789976573.957408,701,971,1129,1064,893,633,565,517,444,0,583,601,633,559,506,501,427,355,297,323,237,291,106,0,0,0,285,715,612,585,339,0,aro0921,lean_left,1
210,1789976573.957679,691,972,1140,1109,887,607,563,478,427,0,593,610,659,584,524,539,411,339,329,299,228,249,109,0,0,0,303,677,585,535,373,29,aro0921,lean_left,1
211,1789976573.957958,701,990,1141,1098,869,607,547,457,377,0,584,653,651,578,537,517,427,315,329,303,245,267,84,0,0,0,277,647,581,493,401,0,aro0921,lean_left,1
212,1789976573.958230,723,975,1129,1083,879,599,525,443,345,0,599,639,651,603,536,539,426,316,309,291,237,235,72,0,0,0,253,649,582,471,403,0,aro0921,lean_left,1
213,1789976573.958511,725,982,1129,1080,862,593,525,423,299,0,605,652,661,619,553,551,427,301,311,299,243,238,51,0,0,0,264,633,595,443,431,0,aro0921,lean_left,1
214,1789976573.958781,718,989,1137,1075,851,566,486,377,275,0,605,670,651,627,595,559,453,325,314,291,212,215,59,0,0,0,298,648,559,470,467,0,aro0921,lean_left,1
215,1789976573.959049,729,998,1117,1066,843,585,475,359,265,0,651,623,691,646,583,560,455,333,299,283,231,203,59,0,0,0,277,667,575,469,445,0,aro0921,lean_left,1
216,1789976573.959326,726,991,1117,1067,817,558,469,365,243,0,648,684,703,671,601,547,431,326,313,312,231,199,53,0,0,0,296,739,619,523,596,0,aro0921,lean_left,1
217,1789976573.959596,715,984,1115,1045,796,555,467,361,201,0,677,679,691,654,646,589,441,325,301,308,215,230,48,0,0,0,279,795,629,483,629,0,aro0921,lean_left,1
218,1789976573.959873,721,985,1127,1047,777,563,471,349,175,0,661,686,700,684,635,565,444,345,331,315,229,221,74,0,0,0,313,811,665,535,653,0,aro0921,lean_left,1
219,1789976573.960143,719,980,1087,999,781,551,453,364,148,0,711,683,711,663,651,569,489,355,325,332,251,222,53,0,0,0,348,723,683,506,748,0,aro0921,lean_left,1
220,1789976573.960413,703,955,1077,1005,759,565,441,348,116,0,697,700,697,681,655,574,492,363,357,361,251,235,79,0,0,0,309,827,687,569,803,0,aro0921,lean_left,1
221,1789976573.960693,685,965,1059,977,742,567,448,335,121,0,677,690,731,669,649,567,501,377,376,345,279,275,70,0,0,0,343,847,707,581,748,0,aro0921,lean_left,1
222,1789976573.960963,670,939,1051,937,723,567,448,339,125,0,681,681,715,685,634,582,503,395,376,378,285,285,86,0,0,0,347,887,757,613,781,0,aro0921,lean_left,1
223,1789976573.961239,662,925,1019,883,711,557,465,341,135,0,667,675,693,677,623,581,508,407,393,393,285,303,91,0,0,0,363,918,806,681,712,0,aro0921,lean_left,1
224,1789976573.961516,647,915,1007,849,699,559,455,356,119,0,671,671,681,683,628,581,522,441,422,405,317,316,137,0,0,0,375,923,863,779,519,0,aro0921,lean_left,1
225,1789976573.961801,633,884,965,799,675,554,441,347,159,0,651,647,709,679,598,569,495,443,427,420,303,328,164,0,0,0,355,981,823,807,285,109,aro0921,lean_left,1
226,1789976573.962074,606,884,921,787,651,549,447,360,166,0,628,658,671,663,575,543,503,431,441,438,359,361,174,0,0,0,363,987,837,829,313,315,aro0921,lean_left,1
227,1789976573.962345,613,876,911,756,633,546,462,365,182,0,571,658,661,654,553,541,520,455,455,439,367,377,187,0,0,0,381,1053,913,829,422,95,aro0921,lean_left,1
228,1789976573.962605,587,845,875,719,605,535,445,355,185,0,550,651,670,639,569,521,489,495,463,471,349,381,215,0,0,0,440,1083,902,867,469,0,aro0921,lean_left,1
229,1789976573.962851,569,845,843,722,603,539,461,371,212,0,563,617,653,599,541,531,479,505,475,445,380,383,211,0,0,25,437,1092,883,920,537,35,aro0921,lean_left,1
230,1789976573.963100,529,808,775,701,600,547,472,361,217,0,571,626,648,619,557,537,495,522,468,467,359,447,243,0,0,0,431,1107,943,893,632,0,aro0921,lean_left,1
231,1789976573.963345,521,797,688,669,572,553,468,378,245,0,523,588,659,600,494,507,477,556,507,501,389,437,235,0,0,0,453,1125,965,923,681,45,aro0921,lean_left,1
232,1789976573.963590,472,761,653,660,555,541,459,377,240,0,517,600,629,580,521,507,491,551,521,507,397,462,277,0,0,0,474,1135,953,937,709,83,aro0921,lean_left,1
233,1789976573.963842,380,727,629,639,559,549,467,382,260,0,499,571,617,565,507,495,495,563,547,521,406,487,285,0,0,0,491,1145,947,923,735,121,aro0921,lean_left,1
234,1789976573.964087,285,693,606,615,547,531,457,382,247,0,471,584,619,557,506,469,476,587,567,537,411,523,316,0,0,0,529,1171,979,927,749,101,aro0921,lean_left,1
235,1789976573.964341,273,679,566,597,519,533,443,409,262,0,469,531,569,505,494,471,467,582,595,565,432,527,329,39,0,0,508,1171,969,923,799,101,aro0921,lean_left,1
236,1789976573.964586,184,651,559,589,518,553,467,391,288,0,463,533,559,492,479,453,484,573,585,555,453,533,326,61,0,0,473,1151,971,907,819,104,aro0921,lean_left,1
237,1789976573.964836,155,589,533,542,500,535,461,421,297,0,469,523,555,529,505,468,506,615,623,597,469,531,380,61,0,0,485,1124,943,957,845,95,aro0921,lean_left,1
238,1789976573.965090,159,542,503,532,486,543,495,453,301,0,443,491,523,502,465,461,469,615,619,599,508,555,365,95,0,0,469,1145,975,975,813,138,aro0921,lean_left,1
239,1789976573.965336,139,496,473,516,456,554,492,486,319,0,371,521,531,488,445,453,467,628,629,622,501,561,409,121,0,0,403,1145,975,957,823,171,aro0921,lean_left,1
240,1789976573.965588,109,439,427,487,441,555,517,499,351,0,335,505,495,442,427,415,466,635,649,633,535,563,430,138,0,0,391,1119,981,925,871,221,aro0921,lean_left,1
241,1789976573.965835,63,397,375,461,445,565,532,523,360,0,306,469,463,455,409,425,441,618,667,651,550,563,441,185,0,0,418,1095,967,951,847,231,aro0921,lean_left,1
242,1789976573.966080,46,331,377,439,429,549,551,535,359,0,265,489,452,403,424,373,427,635,675,644,543,595,439,184,0,0,405,1087,984,941,879,230,aro0921,lean_left,1
243,1789976573.966334,0,295,342,419,427,565,563,542,364,0,249,443,435,389,375,378,408,649,677,647,574,597,456,227,0,0,397,1076,963,989,883,215,aro0921,lean_left,1
244,1789976573.966580,0,243,333,381,413,583,566,542,377,0,219,419,411,361,375,345,392,670,686,679,543,587,477,261,0,25,382,1045,969,997,869,246,aro0921,lean_left,1
245,1789976573.966826,0,197,297,355,405,571,597,555,380,0,184,397,379,347,353,335,377,677,676,658,567,599,474,315,0,0,422,1053,987,994,867,278,aro0921,lean_left,1
246,1789976573.967064,0,126,255,307,406,563,598,565,397,0,174,331,363,355,318,345,381,664,679,679,583,604,475,313,0,0,413,1062,951,983,889,311,aro0921,lean_left,1
247,1789976573.967302,0,87,255,299,377,603,611,559,408,0,119,335,380,348,344,303,356,692,679,661,563,599,529,341,0,0,363,1042,983,993,883,281,aro0921,lean_left,1
248,1789976573.967540,0,21,198,246,363,617,615,597,403,0,93,291,376,325,309,307,372,685,681,672,559,635,532,381,0,0,383,999,943,995,873,343,aro0921,lean_left,1
249,1789976573.967779,0,0,198,221,363,621,632,607,403,0,57,251,338,328,293,265,341,671,726,667,611,621,549,393,0,0,366,1029,981,979,903,371,aro0921,lean_left,1
250,1789976573.977060,0,0,153,206,357,611,636,593,427,0,31,265,318,283,281,296,359,697,712,667,571,619,554,409,0,0,391,1017,943,995,891,429,aro0921,lean_left,1
251,1789976573.997040,0,0,148,182,350,637,635,615,429,41,39,255,327,265,285,268,340,683,709,699,581,623,569,441,0,0,402,975,959,1004,885,436,aro0921,lean_left,1
252,1789976574.017044,0,0,75,157,359,633,631,595,425,71,39,231,317,280,278,292,345,687,713,683,599,635,551,454,0,0,357,1012,977,978,914,453,aro0921,lean_left,1
253,1789976574.037101,0,0,25,111,317,631,627,587,424,85,0,215,266,269,251,269,327,691,711,683,595,637,555,470,0,0,367,974,957,981,915,465,aro0921,lean_left,1
254,1789976574.057077,0,0,0,105,285,621,627,571,415,89,0,191,277,269,227,275,314,684,731,685,615,627,553,477,0,0,333,984,975,965,935,469,aro0921,lean_left,1
255,1789976574.077100,0,0,0,93,267,639,620,573,415,90,0,173,266,248,247,241,313,686,726,677,589,659,564,520,0,0,349,957,943,966,917,457,aro0921,lean_left,1
256,1789976574.097160,0,0,0,52,253,622,613,581,415,85,0,181,249,274,227,236,327,672,711,681,619,664,574,491,0,0,328,937,982,1001,943,504,aro0921,lean_left,1
257,1789976574.117137,0,0,0,45,259,623,613,575,402,103,0,126,216,269,221,251,287,670,717,677,635,639,599,499,0,0,361,921,949,973,957,481,aro0921,lean_left,1
258,1789976574.137115,0,0,0,0,219,633,587,549,383,104,0,139,219,253,220,235,287,665,698,679,616,663,621,540,0,0,315,935,979,1005,922,519,aro0921,lean_left,1
259,1789976574.158204,0,0,0,0,205,630,588,555,405,122,0,101,217,247,234,227,287,684,729,636,621,644,610,503,0,0,313,925,957,977,957,487,aro0921,lean_left,1
260,1789976574.178144,0,0,0,0,183,631,613,560,405,107,0,108,212,238,203,237,298,685,693,711,615,647,605,505,0,0,310,911,974,971,957,538,aro0921,lean_left,1
261,1789976574.198098,0,0,0,0,166,632,609,564,389,141,0,55,200,253,204,240,293,661,733,678,621,679,621,520,0,0,297,863,968,996,971,467,aro0921,lean_left,1
262,1789976574.218029,0,0,0,0,125,615,619,563,399,135,0,23,175,233,205,238,275,691,714,696,610,663,639,548,0,0,343,843,977,1003,947,533,aro0921,lean_left,1
263,1789976574.238197,0,0,0,0,63,599,623,558,405,139,0,0,155,215,206,219,284,692,715,695,610,675,645,567,0,0,313,845,973,995,952,543,aro0921,lean_left,1
264,1789976574.258037,0,0,0,0,0,575,635,563,391,125,0,0,151,186,216,210,280,677,725,693,613,685,631,557,0,0,333,807,989,1021,991,536,aro0921,lean_left,1
265,1789976574.278060,0,0,0,0,0,568,616,538,403,157,0,0,123,185,215,211,269,701,715,682,629,698,635,613,0,0,318,789,948,1003,957,553,aro0921,lean_left,1
266,1789976574.298066,0,0,0,0,0,559,616,563,399,165,0,0,103,205,181,205,269,687,693,697,614,680,671,633,0,0,315,795,984,1005,941,589,aro0921,lean_left,1
267,1789976574.318021,0,0,0,0,0,569,602,553,375,166,0,0,77,172,213,183,250,667,687,713,631,697,653,632,0,0,326,789,973,1013,943,569,aro0921,lean_left,1
268,1789976574.338100,0,0,0,0,0,537,597,543,399,157,0,0,92,167,204,172,232,681,691,679,635,695,663,627,0,0,315,761,981,1018,996,603,aro0921,lean_left,1
269,1789976574.358041,0,0,0,0,0,503,573,543,389,185,0,0,53,184,168,183,217,661,681,710,605,727,649,606,0,0,301,781,989,1009,972,683,aro0921,lean_left,1
270,1789976574.378069,0,0,0,0,0,487,563,524,403,167,0,0,59,152,165,157,205,650,680,723,600,733,651,649,0,0,299,781,967,996,1013,692,aro0921,lean_left,1
271,1789976574.398026,0,0,0,0,0,493,539,486,350,158,0,0,45,157,179,163,171,669,681,715,619,734,670,667,0,0,307,787,951,1031,975,724,aro0921,lean_left,1
272,1789976574.418038,0,0,0,0,0,455,523,447,383,171,0,0,0,127,181,127,219,639,694,717,632,747,687,683,0,0,299,733,953,1045,1032,761,aro0921,lean_left,1
273,1789976574.438021,0,0,0,0,0,427,503,427,361,149,0,0,0,103,167,125,179,619,700,696,626,728,655,669,0,0,329,749,981,1018,1035,787,aro0921,lean_left,1
274,1789976574.458073,0,0,0,0,0,426,476,411,350,147,0,0,0,63,171,101,203,649,687,715,627,728,674,663,0,0,339,765,973,1017,1003,779,aro0921,lean_left,1
275,1789976574.478050,0,0,0,0,0,397,440,409,345,143,0,0,0,43,145,94,185,621,686,695,619,731,683,679,0,0,313,741,969,1017,1018,793,aro0921,lean_left,1
276,1789976574.497455,0,0,0,0,0,349,444,405,327,142,0,0,0,0,136,69,187,619,677,661,623,717,687,710,0,0,309,729,967,1020,999,779,aro0921,lean_left,1
277,1789976574.518072,0,0,0,0,0,347,409,381,330,139,0,0,0,0,121,67,179,611,701,693,618,757,680,671,0,0,327,743,1007,1050,1050,793,aro0921,lean_left,1
278,1789976574.538047,0,0,0,0,0,343,407,381,316,126,0,0,0,0,77,68,171,611,699,695,637,739,683,681,0,0,333,733,969,1005,1049,837,aro0921,lean_left,1
279,1789976574.558135,0,0,0,0,0,311,393,391,331,106,0,0,0,0,71,88,167,599,695,701,622,763,694,695,0,0,291,723,947,1001,1061,845,aro0921,lean_left,1
280,1789976574.578074,0,0,0,0,0,311,391,379,301,133,0,0,0,0,51,77,181,629,666,693,606,735,703,725,0,0,311,713,971,1002,1016,877,aro0921,lean_left,1
281,1789976574.598034,0,0,0,0,0,324,372,379,297,127,0,0,0,0,71,58,183,623,703,681,628,755,722,729,0,0,329,719,955,1019,1022,843,aro0921,lean_left,1
282,1789976574.618045,0,0,0,0,0,318,377,378,319,115,0,0,0,0,47,49,165,627,690,671,609,745,687,725,0,0,287,724,951,1053,1053,871,aro0921,lean_left,1
283,1789976574.638166,0,0,0,0,0,287,367,381,295,125,0,0,0,0,31,59,167,601,675,683,647,738,693,710,0,0,293,699,967,999,1008,885,aro0921,lean_left,1
284,1789976574.658048,0,0,0,0,0,270,360,365,277,110,0,0,0,0,47,43,175,603,676,690,664,742,693,709,0,0,288,687,985,1031,1041,883,aro0921,lean_left,1
285,1789976574.678041,0,0,0,0,0,235,359,355,267,117,0,0,0,0,22,31,172,629,681,677,617,751,691,714,0,0,287,717,999,1051,1076,910,aro0921,lean_left,1
286,1789976574.698069,0,0,0,0,0,166,341,365,263,106,0,0,0,0,39,30,155,631,695,709,649,761,726,733,0,0,315,713,979,1060,1085,915,aro0921,lean_left,1
287,1789976574.718031,0,0,0,0,0,157,315,347,254,120,0,0,0,0,21,50,169,647,676,683,631,755,735,748,0,0,299,723,1000,1005,1062,885,aro0921,lean_left,1
288,1789976574.738149,0,0,0,0,0,137,339,359,250,104,0,0,0,0,0,43,145,613,696,681,631,744,719,723,0,0,327,703,990,1039,1083,909,aro0921,lean_left,1
289,1789976574.758052,0,0,0,0,0,137,340,349,235,103,0,0,0,0,0,39,156,617,669,685,631,764,713,713,0,0,299,695,989,1019,1061,915,aro0921,lean_left,1
290,1789976574.778066,0,0,0,0,0,151,329,341,184,103,0,0,0,0,0,47,167,603,659,699,650,765,719,734,0,0,291,713,967,1017,1076,895,aro0921,lean_left,1
291,1789976574.798026,0,0,0,0,0,135,331,359,181,103,0,0,0,0,0,35,153,632,675,686,635,747,715,703,0,0,293,679,1003,1053,1061,921,aro0921,lean_left,1
292,1789976574.818013,0,0,0,0,0,123,343,339,189,105,0,0,0,0,0,0,133,601,698,669,647,778,743,699,0,0,319,698,947,1070,1045,923,aro0921,lean_left,1
293,1789976574.838190,0,0,0,0,0,135,343,331,175,95,0,0,0,0,0,41,171,630,695,717,630,749,703,725,0,0,301,701,1002,1062,1065,937,aro0921,lean_left,1
294,1789976574.858015,0,0,0,0,0,126,315,349,169,93,0,0,0,0,0,35,149,647,699,699,655,782,742,701,0,0,311,717,969,1069,1053,955,aro0921,lean_left,1
295,1789976574.878043,0,0,0,0,0,153,339,345,187,104,0,0,0,0,0,33,148,635,684,715,620,795,723,733,0,0,291,671,1006,1053,1093,933,aro0921,lean_left,1
296,1789976574.898061,0,0,0,0,0,154,332,331,189,85,0,0,0,0,0,31,171,650,680,681,615,767,717,711,0,0,271,665,995,1019,1064,917,aro0921,lean_left,1
297,1789976574.918026,0,0,0,0,0,127,348,339,183,104,0,0,0,0,0,35,151,661,675,687,658,794,713,701,0,0,307,665,1007,1063,1049,968,aro0921,lean_left,1
298,1789976574.938079,0,0,0,0,0,156,344,341,205,99,0,0,0,0,0,37,154,639,669,703,660,763,743,727,0,0,300,623,987,1052,1052,949,aro0921,lean_left,1
299,1789976574.958088,0,0,0,0,0,149,345,349,229,101,0,0,0,0,0,38,156,633,684,703,647,795,731,731,0,0,265,600,999,1059,1081,951,aro0921,lean_left,1
300,1789976574.978171,0,0,0,0,0,163,347,360,221,111,0,0,0,0,0,37,155,637,671,717,635,800,724,739,0,0,271,605,984,1077,1061,960,aro0921,lean_left,1
301,1789976574.998075,0,0,0,0,0,165,341,353,249,119,0,0,0,0,0,52,141,653,687,699,647,780,759,749,0,0,266,563,1001,1048,1060,989,aro0921,lean_left,1
302,1789976575.018047,0,0,0,0,0,147,363,345,262,99,0,0,0,0,0,51,152,650,715,680,660,798,759,753,0,0,265,583,990,1030,1096,989,aro0921,lean_left,1
303,1789976575.038107,0,0,0,0,0,163,361,359,263,111,0,0,0,0,0,43,143,616,693,719,663,779,743,747,0,0,264,565,1003,1049,1067,940,aro0921,lean_left,1
304,1789976575.058029,0,0,0,0,0,155,341,364,276,102,0,0,0,0,0,27,149,623,679,725,661,781,751,765,0,0,269,553,973,1048,1041,957,aro0921,lean_left,1
305,1789976575.078063,0,0,0,0,0,151,344,357,277,125,0,0,26,0,0,30,157,599,667,717,654,779,756,711,0,0,275,555,968,1049,1081,997,aro0921,lean_left,1
306,1789976575.098090,0,0,0,0,0,159,361,366,297,107,0,0,28,0,0,28,165,631,669,721,621,767,729,758,0,0,285,556,967,1065,1059,995,aro0921,lean_left,1
307,1789976575.118041,0,0,0,0,0,147,371,373,277,121,0,0,24,0,0,0,158,603,699,709,661,789,715,733,0,0,287,573,990,1075,1108,935,aro0921,lean_left,1
308,1789976575.138104,0,0,0,0,0,152,355,358,288,125,0,0,39,0,0,37,163,648,692,693,635,799,725,733,0,0,270,583,1003,1067,1135,959,aro0921,lean_left,1
309,1789976575.158064,0,0,0,0,0,163,360,367,299,125,0,0,52,0,0,40,151,633,684,700,645,789,741,757,0,0,271,584,983,1047,1081,971,aro0921,lean_left,1
310,1789976575.178075,0,0,0,0,0,165,360,373,299,133,0,0,61,0,0,41,155,619,671,724,667,807,735,741,0,0,271,574,969,1033,1097,955,aro0921,lean_left,1
311,1789976575.198024,0,0,0,0,0,163,363,380,313,109,0,0,44,0,0,51,143,611,691,685,637,782,761,765,0,0,259,567,997,1071,1099,984,aro0921,lean_left,1
312,1789976575.218057,0,0,0,0,0,179,377,365,301,135,0,0,55,0,0,31,165,623,710,719,660,765,761,739,0,0,253,596,979,1076,1051,949,aro0921,lean_left,1
313,1789976575.238077,0,0,0,0,0,182,363,375,309,121,0,0,62,0,0,35,159,639,679,711,635,781,759,746,0,0,278,556,1000,1063,1067,985,aro0921,lean_left,1
314,1789976575.258050,0,0,0,0,0,179,365,370,309,141,0,0,36,0,0,29,155,600,664,733,663,812,757,773,0,0,249,556,998,1077,1109,997,aro0921,lean_left,1
315,1789976575.278112,0,0,0,0,0,155,351,365,308,138,0,0,58,0,0,35,143,631,709,711,663,791,759,733,0,0,255,551,1007,1066,1063,998,aro0921,lean_left,1
316,1789976575.298085,0,0,0,0,0,152,361,376,315,111,0,0,63,0,0,47,166,631,701,691,627,765,735,735,0,0,262,571,989,1019,1111,950,aro0921,lean_left,1
317,1789976575.318024,0,0,0,0,0,164,359,371,294,133,0,0,71,0,0,60,160,589,701,726,645,809,724,719,0,0,247,575,1011,1081,1099,959,aro0921,lean_left,1
318,1789976575.338098,0,0,0,0,0,153,357,377,301,121,0,0,46,0,0,43,157,637,699,713,639,788,727,731,0,0,283,563,985,1053,1093,971,aro0921,lean_left,1
319,1789976575.358095,0,0,0,0,0,164,357,373,303,120,0,0,57,0,0,43,149,622,691,701,647,781,733,743,0,0,267,567,985,1053,1093,971,aro0921,lean_left,1
320,1789976575.378046,0,0,0,0,0,153,367,381,293,127,0,0,75,0,0,29,159,638,671,699,655,773,749,761,0,0,267,564,967,1066,1071,949,aro0921,lean_left,1
321,1789976575.398047,0,0,0,0,0,163,347,361,318,133,0,0,71,0,0,55,159,629,703,691,664,775,755,750,0,0,287,555,1005,1035,1083,953,aro0921,lean_left,1
322,1789976575.418075,0,0,0,0,0,173,359,371,311,115,0,0,43,0,0,31,142,611,701,723,669,765,729,725,0,0,281,589,1003,1019,1098,977,aro0921,lean_left,1
323,1789976575.438109,0,0,0,0,0,203,355,371,310,121,0,0,68,0,0,41,167,637,691,725,631,767,729,715,0,0,269,555,999,1063,1096,972,aro0921,lean_left,1
324,1789976575.458041,0,0,0,0,0,227,379,373,335,123,0,0,99,36,0,61,143,591,721,691,651,785,711,751,0,0,245,569,987,1063,1093,996,aro0921,lean_left,1
325,1789976575.477696,0,0,0,0,0,231,367,405,345,147,0,0,85,31,0,53,165,633,683,717,647,785,751,754,0,0,249,591,948,1063,1053,971,aro0921,lean_left,1
326,1789976575.498143,0,0,0,0,0,247,391,413,339,154,0,0,86,61,0,57,175,632,691,733,660,806,715,723,0,0,251,566,988,1061,1063,951,aro0921,lean_left,1
327,1789976575.518097,0,0,0,0,0,248,393,423,351,157,0,0,104,60,23,55,175,622,717,717,632,803,744,711,0,0,267,573,955,1011,1097,928,aro0921,lean_left,1
328,1789976575.538224,0,0,0,0,0,273,410,411,365,150,0,0,113,85,37,57,184,632,724,728,662,807,718,744,0,0,287,559,954,1029,1039,936,aro0921,lean_left,1
329,1789976575.558047,0,0,0,0,0,281,439,431,370,157,0,0,114,89,55,83,187,651,713,719,646,791,735,728,0,0,275,582,947,1013,1045,935,aro0921,lean_left,1
330,1789976575.578067,0,0,0,0,0,295,471,447,392,164,0,0,121,93,61,91,203,643,733,713,637,795,713,713,0,0,268,606,938,1006,1065,949,aro0921,lean_left,1
331,1789976575.598103,0,0,0,0,0,364,468,473,393,157,0,0,137,113,79,108,189,666,725,702,667,803,722,701,0,0,300,567,954,1000,1061,925,aro0921,lean_left,1
332,1789976575.618043,0,0,0,0,0,355,504,493,392,155,0,0,115,137,95,87,223,649,739,723,687,777,733,695,0,0,303,587,904,979,1049,919,aro0921,lean_left,1
333,1789976575.638156,0,0,0,0,0,346,519,521,394,163,0,0,120,119,95,115,191,685,713,709,683,789,755,729,0,0,296,619,905,967,1023,911,aro0921,lean_left,1
334,1789976575.658106,0,0,0,0,0,363,526,533,415,179,0,0,142,123,75,133,205,655,731,727,675,787,749,691,0,0,307,623,895,955,1047,905,aro0921,lean_left,1
335,1789976575.678074,0,0,0,0,0,371,557,553,413,169,0,0,166,140,107,121,227,677,730,717,668,799,715,717,0,0,312,575,875,973,1021,888,aro0921,lean_left,1
336,1789976575.698036,0,0,0,0,0,398,543,537,422,188,0,0,179,149,94,154,239,693,719,733,671,793,731,727,0,0,293,590,877,995,968,843,aro0921,lean_left,1
337,1789976575.718068,0,0,0,0,0,381,551,555,413,187,0,0,167,159,125,151,219,701,719,712,668,807,739,729,35,0,309,599,883,983,972,857,aro0921,lean_left,1
338,1789976575.738088,0,0,0,0,0,383,571,553,421,182,0,0,174,183,133,157,238,687,729,727,695,795,712,675,0,0,287,639,885,959,1004,824,aro0921,lean_left,1
339,1789976575.758096,0,0,0,0,0,399,566,559,429,181,0,0,188,189,151,171,233,685,741,725,693,797,723,693,0,0,303,632,871,968,971,822,aro0921,lean_left,1
340,1789976575.778097,0,0,0,0,0,389,573,552,436,169,0,0,191,201,151,172,235,711,733,716,677,775,723,703,0,0,287,653,894,951,970,845,aro0921,lean_left,1
341,1789976575.798130,0,0,0,0,0,382,555,575,424,175,0,0,190,210,143,157,253,703,723,715,697,775,731,685,0,0,291,655,885,949,957,791,aro0921,lean_left,1
342,1789976575.818128,0,0,0,0,33,382,565,570,397,187,0,0,209,213,164,199,228,700,722,743,686,810,712,682,0,0,295,655,859,949,939,803,aro0921,lean_left,1
343,1789976575.838094,0,0,0,0,47,375,551,564,415,171,0,0,190,222,159,171,231,677,727,746,671,775,728,661,0,0,298,661,877,953,949,831,aro0921,lean_left,1
344,1789976575.858168,0,0,0,0,55,359,553,543,392,159,0,25,219,199,181,203,239,680,751,745,693,765,699,645,0,0,317,611,867,981,967,787,aro0921,lean_left,1
345,1789976575.878060,0,0,0,0,75,339,567,543,408,179,0,39,203,209,157,203,243,675,765,716,679,757,716,685,0,0,329,625,879,985,999,795,aro0921,lean_left,1
346,1789976575.898049,0,0,0,0,75,338,573,549,411,169,0,41,187,199,169,191,253,711,740,751,675,788,697,663,0,0,296,628,872,967,987,822,aro0921,lean_left,1
347,1789976575.918088,0,0,0,0,57,315,551,562,405,175,0,24,211,187,185,167,251,683,725,713,685,767,719,693,0,0,307,675,875,977,987,789,aro0921,lean_left,1
348,1789976575.938078,0,0,0,0,61,333,571,543,413,157,0,23,219,227,167,187,231,703,758,716,697,773,724,659,0,0,296,660,839,937,949,825,aro0921,lean_left,1
349,1789976575.958135,0,0,0,0,63,319,585,543,395,157,0,21,225,217,173,171,237,723,729,716,696,783,700,696,0,0,296,639,874,984,952,843,aro0921,lean_left,1
350,1789976575.978098,0,0,0,0,59,294,573,555,379,164,0,25,196,227,187,183,252,711,747,739,691,805,742,662,0,0,307,633,875,981,937,818,aro0921,lean_left,1
351,1789976575.998145,0,0,0,0,35,301,569,555,407,171,0,47,219,217,172,203,235,693,743,729,697,789,723,683,0,0,329,631,857,955,967,813,aro0921,lean_left,1
352,1789976576.018095,0,0,0,0,0,301,570,555,406,167,0,31,207,213,171,183,231,694,741,731,693,791,723,687,0,0,315,649,851,951,971,821,aro0921,lean_left,1
353,1789976576.038070,0,0,0,0,0,299,571,553,411,168,0,38,204,197,172,179,248,679,727,724,679,757,726,685,0,0,328,663,839,973,988,843,aro0921,lean_left,1
354,1789976576.058115,0,0,0,0,0,296,581,553,393,173,0,27,217,199,196,179,251,700,733,711,711,799,695,717,0,0,295,599,829,923,970,845,aro0921,lean_left,1
355,1789976576.078070,0,0,0,0,0,307,567,551,405,181,0,0,191,214,183,186,243,691,755,713,691,800,709,677,0,0,297,644,872,937,959,807,aro0921,lean_left,1
356,1789976576.098081,0,0,0,0,0,311,557,547,397,180,0,0,205,187,151,191,235,709,749,709,683,811,726,715,0,0,317,620,862,966,936,825,aro0921,lean_left,1
357,1789976576.118075,0,0,0,0,0,293,557,566,397,157,0,0,213,176,154,167,219,675,741,723,711,795,780,685,0,0,285,652,825,967,994,863,aro0921,lean_left,1
358,1789976576.138116,0,0,0,0,0,301,555,549,397,174,0,0,189,212,165,179,219,677,729,719,712,773,710,717,0,0,293,619,843,973,972,867,aro0921,lean_left,1
359,1789976576.158092,0,0,0,0,0,303,567,538,409,178,0,0,173,185,141,173,213,684,725,743,679,763,715,681,0,0,307,619,832,955,955,828,aro0921,lean_left,1
360,1789976576.178067,0,0,0,0,0,307,558,536,407,173,0,0,200,175,149,169,231,699,717,717,681,787,716,683,0,0,320,615,851,957,959,823,aro0921,lean_left,1
361,1789976576.198128,0,0,0,0,0,297,551,539,397,165,0,0,173,181,157,175,230,685,733,731,692,795,731,709,0,0,295,647,824,952,969,845,aro0921,lean_left,1
362,1789976576.218062,0,0,0,0,0,287,542,531,395,163,0,0,185,171,151,169,215,681,729,728,691,800,733,717,0,0,303,627,859,953,986,867,aro0921,lean_left,1
363,1789976576.238044,0,0,0,0,0,281,531,529,391,175,0,0,189,171,137,174,215,665,739,710,663,806,741,725,0,0,297,645,868,969,975,884,aro0921,lean_left,1
364,1789976576.258148,0,0,0,0,0,279,532,502,381,158,0,0,171,157,139,159,219,689,713,723,695,773,728,721,0,0,311,629,825,941,952,869,aro0921,lean_left,1
365,1789976576.278094,0,0,0,0,0,266,530,509,373,169,0,0,189,148,139,149,211,679,709,732,653,799,712,723,0,0,291,600,837,953,975,905,aro0921,lean_left,1
366,1789976576.298116,0,0,0,0,0,247,530,507,389,157,0,0,171,142,113,125,211,659,701,747,653,789,713,692,0,0,274,614,831,972,1007,867,aro0921,lean_left,1
367,1789976576.318092,0,0,0,0,0,231,485,485,392,157,0,0,137,147,87,123,215,691,715,697,637,781,760,724,0,0,263,615,850,979,1011,859,aro0921,lean_left,1
368,1789976576.338109,0,0,0,0,0,222,505,471,371,168,0,0,134,127,117,120,175,678,727,717,649,803,715,729,0,0,303,588,839,973,969,909,aro0921,lean_left,1
369,1789976576.358105,0,0,0,0,0,217,484,467,371,157,0,0,139,119,89,88,173,672,730,739,687,785,723,718,0,0,279,599,875,943,1005,889,aro0921,lean_left,1
370,1789976576.378103,0,0,0,0,0,211,478,471,375,167,0,0,137,125,104,101,171,661,726,723,691,787,757,725,0,0,267,573,873,935,998,907,aro0921,lean_left,1
371,1789976576.398116,0,0,0,0,0,189,478,457,375,155,0,0,127,123,109,93,149,663,713,725,667,795,738,719,0,0,281,567,851,959,1003,927,aro0921,lean_left,1
372,1789976576.418090,0,0,0,0,0,203,478,459,365,141,0,0,109,173,80,89,173,632,695,701,647,826,748,725,0,0,267,539,866,921,1014,909,aro0921,lean_left,1
373,1789976576.438097,0,0,0,0,0,183,469,454,364,156,0,0,119,117,95,95,170,653,713,723,666,797,742,729,0,0,285,552,843,965,1003,943,aro0921,lean_left,1
374,1789976576.458178,0,0,0,0,0,171,475,441,373,157,0,0,116,111,83,91,171,653,710,719,669,803,741,731,0,0,277,553,837,959,1005,942,aro0921,lean_left,1
375,1789976576.478115,0,0,0,0,0,176,466,445,374,155,0,0,133,111,93,95,166,665,716,740,671,805,743,744,0,0,277,543,845,965,1039,937,aro0921,lean_left,1
376,1789976576.498174,0,0,0,0,0,179,466,437,375,159,0,0,111,95,83,91,169,651,701,725,671,798,745,733,0,0,278,539,842,965,1006,939,aro0921,lean_left,1
377,1789976576.518088,0,0,0,0,0,173,455,445,365,150,0,0,108,86,73,89,167,649,709,719,657,795,759,739,0,0,274,533,868,951,1003,918,aro0921,lean_left,1
378,1789976576.538124,0,0,0,0,0,181,472,439,373,158,0,0,109,85,72,91,169,649,709,723,691,807,744,735,0,0,278,531,841,967,1007,951,aro0921,lean_left,1
379,1789976576.558132,0,0,0,0,0,200,467,445,373,152,0,0,109,88,77,89,165,636,714,711,665,811,755,715,0,0,278,529,761,971,980,940,aro0921,lean_left,1
380,1789976576.578047,0,0,0,0,0,201,484,440,383,169,0,0,105,101,91,103,179,671,699,743,691,789,727,747,0,0,255,521,871,927,987,919,aro0921,lean_left,1
381,1789976576.598113,0,0,0,0,0,205,469,471,390,169,0,0,101,93,88,83,172,669,715,740,671,793,731,733,0,0,301,543,857,959,1041,949,aro0921,lean_left,1
382,1789976576.618118,0,0,0,0,0,218,501,491,394,163,0,0,110,81,91,108,187,679,733,718,672,799,730,727,0,0,261,505,860,986,997,923,aro0921,lean_left,1
383,1789976576.638053,0,0,0,0,0,253,501,487,375,169,0,0,107,87,68,93,157,649,709,725,682,825,750,741,0,0,281,530,867,998,1005,940,aro0921,lean_left,1
384,1789976576.658159,0,0,0,0,0,225,501,487,390,157,0,0,121,95,85,115,186,668,699,739,671,816,779,750,0,0,279,549,839,980,1053,923,aro0921,lean_left,1
385,1789976576.678092,0,0,0,0,0,253,517,502,377,157,0,0,121,119,83,91,167,639,709,703,681,837,779,757,0,0,267,551,840,944,989,939,aro0921,lean_left,1
386,1789976576.698087,0,0,0,0,0,235,520,503,403,157,0,0,126,93,87,85,179,684,717,701,692,815,739,759,0,0,293,510,841,949,1017,967,aro0921,lean_left,1
387,1789976576.718149,0,0,0,0,0,249,495,491,383,165,0,0,122,95,99,101,165,662,695,711,675,817,750,760,0,0,287,539,827,971,998,959,aro0921,lean_left,1
388,1789976576.738071,0,0,0,0,0,263,508,503,393,183,0,0,135,127,93,100,191,667,709,717,713,813,749,751,0,0,297,549,819,997,1018,967,aro0921,lean_left,1
389,1789976576.758143,0,0,0,0,0,237,523,507,378,165,0,0,122,122,103,122,184,658,703,755,677,823,726,739,0,0,275,523,843,983,1035,908,aro0921,lean_left,1
390,1789976576.778120,0,0,0,0,0,261,519,535,396,170,0,0,137,109,85,91,166,671,732,710,695,812,745,735,0,0,297,523,839,959,1006,934,aro0921,lean_left,1
391,1789976576.798122,0,0,0,0,0,265,527,531,401,169,0,0,125,123,93,103,181,665,718,728,686,808,749,733,0,0,295,543,847,956,1000,933,aro0921,lean_left,1
392,1789976576.818114,0,0,0,0,0,267,519,537,403,185,0,0,145,141,90,117,175,663,733,713,685,814,757,751,0,0,299,555,829,983,1007,910,aro0921,lean_left,1
393,1789976576.838055,0,0,0,0,0,277,529,531,413,179,0,0,117,135,103,101,174,677,713,722,699,809,763,748,0,0,303,547,811,933,987,909,aro0921,lean_left,1
394,1789976576.858122,0,0,0,0,0,278,521,539,415,171,0,0,137,123,119,125,200,695,728,699,702,807,764,743,0,0,310,535,859,931,980,943,aro0921,lean_left,1
395,1789976576.878130,0,0,0,0,0,293,538,541,423,186,0,0,125,125,106,109,189,683,715,731,685,819,746,717,0,0,313,555,813,972,978,895,aro0921,lean_left,1
396,1789976576.898113,0,0,0,0,0,267,539,563,405,167,0,0,171,107,91,125,181,663,731,725,691,792,719,711,0,0,303,569,837,969,981,935,aro0921,lean_left,1
397,1789976576.918216,0,0,0,0,0,295,555,549,408,166,0,0,179,151,87,137,203,685,709,723,725,806,716,739,0,0,277,573,828,927,973,941,aro0921,lean_left,1
398,1789976576.938080,0,0,0,0,0,299,557,543,409,180,0,0,179,167,105,153,211,663,709,716,697,811,755,733,0,0,283,549,837,937,989,889,aro0921,lean_left,1
399,1789976576.958145,0,0,0,0,0,282,565,569,405,173,0,0,173,160,124,139,205,665,715,723,717,799,719,713,0,0,279,602,811,923,1020,919,aro0921,lean_left,1
400,1789976576.978231,0,0,0,0,0,283,555,551,419,179,0,0,156,149,103,167,211,694,713,743,681,822,716,699,0,0,325,583,831,949,1002,935,aro0921,lean_left,1
401,1789976576.998136,0,0,0,0,0,294,556,563,413,179,0,0,182,168,133,158,213,680,727,729,683,797,735,715,0,0,301,581,837,965,996,905,aro0921,lean_left,1
402,1789976577.017820,0,0,0,0,0,307,549,563,421,183,0,0,199,189,157,155,190,696,711,731,711,789,755,731,0,0,287,565,875,933,959,916,aro0921,lean_left,1
403,1789976577.037488,0,0,0,0,0,285,569,555,421,182,0,0,176,186,147,168,201,695,717,731,679,779,723,704,0,0,285,569,843,973,983,884,aro0921,lean_left,1
404,1789976577.058141,0,0,0,0,0,282,572,569,412,179,0,0,183,185,155,147,231,665,729,758,724,786,713,731,0,0,298,589,852,957,953,875,aro0921,lean_left,1
405,1789976577.078072,0,0,0,0,0,308,565,563,413,173,0,0,209,191,167,164,231,700,745,722,712,810,734,709,0,0,284,591,809,927,971,915,aro0921,lean_left,1
406,1789976577.098074,0,0,0,0,0,306,571,559,401,177,0,0,179,182,169,157,217,703,733,724,713,807,727,722,0,0,319,589,843,951,973,869,aro0921,lean_left,1
407,1789976577.118110,0,0,0,0,0,295,565,551,413,184,0,0,205,201,170,189,212,667,751,744,691,805,701,735,0,0,305,596,863,925,965,904,aro0921,lean_left,1
408,1789976577.138082,0,0,0,0,0,303,573,555,422,183,0,0,187,189,153,189,216,691,755,725,685,795,701,692,0,0,307,611,830,948,969,851,aro0921,lean_left,1
409,1789976577.158134,0,0,0,0,0,301,551,555,403,168,0,39,185,187,159,197,228,669,725,745,713,780,725,699,0,0,328,612,859,931,975,883,aro0921,lean_left,1
410,1789976577.178151,0,0,0,0,0,309,575,573,409,181,0,22,205,211,169,197,217,703,711,725,685,777,733,671,0,0,317,595,861,927,1005,891,aro0921,lean_left,1
411,1789976577.198087,0,0,0,0,0,285,578,563,407,174,0,45,216,191,181,181,207,702,727,715,695,763,701,697,0,0,300,605,855,967,988,859,aro0921,lean_left,1
412,1789976577.218076,0,0,0,0,0,299,575,549,421,185,0,41,215,231,171,199,217,692,715,752,703,805,734,661,0,0,279,633,867,935,981,903,aro0921,lean_left,1
413,1789976577.238103,0,0,0,0,0,293,565,565,412,173,0,43,199,212,175,185,217,687,739,731,685,787,719,685,0,0,299,616,845,943,986,871,aro0921,lean_left,1
414,1789976577.258123,0,0,0,0,0,297,555,559,409,183,0,39,205,215,174,184,231,687,739,732,697,787,717,682,0,0,293,615,869,924,973,871,aro0921,lean_left,1
415,1789976577.278073,0,0,0,0,0,301,565,555,410,173,0,29,217,223,180,174,219,709,732,721,659,799,740,710,0,0,295,607,860,975,963,851,aro0921,lean_left,1
416,1789976577.298128,0,0,0,0,0,298,557,547,421,165,0,53,217,219,179,189,213,691,725,731,663,811,726,703,0,0,301,615,824,936,1019,875,aro0921,lean_left,1
417,1789976577.318093,0,0,0,0,0,303,564,575,426,179,0,39,227,229,189,169,224,664,757,703,653,800,701,713,0,0,338,646,849,935,979,856,aro0921,lean_left,1
418,1789976577.338075,0,0,0,0,0,299,558,573,423,179,0,29,205,227,172,174,207,671,741,730,653,794,733,693,0,0,329,615,825,949,997,851,aro0921,lean_left,1
419,1789976577.358115,0,0,0,0,0,285,575,564,403,156,0,44,191,219,157,175,245,688,759,715,659,757,697,693,0,0,319,605,813,959,965,901,aro0921,lean_left,1
420,1789976577.378050,0,0,0,0,26,297,565,553,403,175,0,53,191,219,189,191,221,685,748,723,688,799,701,668,0,0,316,648,841,953,1012,845,aro0921,lean_left,1
421,1789976577.398135,0,0,0,0,27,287,570,571,413,171,0,27,187,230,175,191,215,667,727,733,681,808,739,683,0,0,318,601,819,957,1017,845,aro0921,lean_left,1
422,1789976577.418100,0,0,0,0,20,311,584,559,426,165,0,52,207,219,163,204,237,702,719,747,675,795,693,659,0,0,327,605,872,965,955,895,aro0921,lean_left,1
423,1789976577.438112,0,0,0,0,31,302,571,565,403,181,0,35,213,230,197,197,219,677,741,745,672,811,713,667,0,0,307,650,857,953,977,847,aro0921,lean_left,1
424,1789976577.458130,0,0,0,0,29,298,569,569,408,171,0,34,213,230,181,182,219,671,723,748,685,799,735,683,0,0,300,647,871,958,999,863,aro0921,lean_left,1
425,1789976577.478068,0,0,0,0,39,296,572,559,411,169,0,59,205,205,187,179,231,691,745,731,679,791,715,683,0,0,326,611,851,951,980,873,aro0921,lean_left,1
426,1789976577.498131,0,0,0,0,41,299,567,556,413,164,0,53,213,216,179,199,233,691,740,729,678,779,717,683,0,0,310,630,846,949,980,872,aro0921,lean_left,1
427,1789976577.518099,0,0,0,0,54,296,567,572,399,173,0,31,197,221,131,213,229,670,733,745,681,809,683,663,0,0,325,659,861,971,958,869,aro0921,lean_left,1
428,1789976577.538083,0,0,0,0,41,293,576,567,413,163,0,43,220,218,169,191,239,691,733,739,698,767,709,666,0,0,292,635,825,934,1013,873,aro0921,lean_left,1
429,1789976577.558127,0,0,0,0,43,301,573,557,413,157,0,61,203,213,162,199,233,693,754,719,679,791,729,693,0,0,319,615,857,927,975,850,aro0921,lean_left,1
430,1789976577.578109,0,0,0,0,57,287,563,557,424,159,0,41,227,231,190,181,229,677,756,732,700,767,739,667,0,0,287,644,821,936,1001,894,aro0921,lean_left,1
431,1789976577.598064,0,0,0,0,56,309,583,575,399,179,0,51,216,245,175,213,221,691,725,755,685,789,685,683,0,0,338,627,877,973,965,860,aro0921,lean_left,1
432,1789976577.618060,0,0,0,0,25,287,568,549,399,181,0,53,228,204,184,207,247,713,735,723,699,798,717,667,0,0,312,657,840,953,959,846,aro0921,lean_left,1
433,1789976577.638117,0,0,0,0,0,287,581,568,405,171,0,39,219,209,191,196,231,695,751,719,687,773,725,681,0,0,329,635,862,969,1001,852,aro0921,lean_left,1
434,1789976577.658086,0,0,0,0,0,287,557,570,401,175,0,37,199,205,169,216,228,682,738,715,699,779,711,669,0,0,338,659,871,937,959,893,aro0921,lean_left,1
435,1789976577.678072,0,0,0,0,0,295,565,565,412,168,0,31,213,234,165,197,237,685,712,731,685,787,721,691,0,0,299,649,849,943,995,877,aro0921,lean_left,1
436,1789976577.698090,0,0,0,0,0,293,565,558,411,173,0,43,204,217,177,189,227,686,732,731,680,790,717,685,0,0,309,633,855,969,984,874,aro0921,lean_left,1
437,1789976577.718100,0,0,0,0,0,281,581,547,431,175,0,55,201,221,180,186,227,667,723,711,699,809,742,695,0,0,299,666,875,935,957,872,aro0921,lean_left,1
438,1789976577.738098,0,0,0,0,0,295,571,563,409,169,0,57,219,221,182,179,227,679,713,731,671,805,723,711,0,0,297,619,862,943,987,861,aro0921,lean_left,1
439,1789976577.758107,0,0,0,0,0,281,573,559,397,179,0,25,207,216,167,187,213,680,733,741,663,776,711,715,0,0,285,645,867,926,971,909,aro0921,lean_left,1
440,1789976577.778061,0,0,0,0,0,303,555,544,403,169,0,39,205,229,169,204,216,710,726,728,703,808,742,685,0,0,300,651,841,927,959,867,aro0921,lean_left,1
441,1789976577.798058,0,0,0,0,0,300,573,551,410,158,0,43,200,228,169,203,233,703,733,723,669,808,731,686,0,0,313,651,850,957,959,860,aro0921,lean_left,1
442,1789976577.818100,0,0,0,0,0,299,583,565,415,175,0,26,185,225,172,181,214,679,740,703,689,853,731,696,0,0,283,637,843,935,939,841,aro0921,lean_left,1
443,1789976577.838085,0,0,0,0,0,283,580,557,420,168,0,26,206,216,181,175,229,679,715,718,683,795,739,687,0,0,299,612,867,955,978,889,aro0921,lean_left,1
444,1789976577.858052,0,0,0,0,0,307,567,559,397,160,0,0,197,217,185,179,232,677,712,723,709,808,709,728,0,0,327,623,829,959,985,908,aro0921,lean_left,1
445,1789976577.878096,0,0,0,0,0,287,563,560,407,167,0,0,209,199,165,185,221,717,711,725,685,789,719,681,0,0,301,634,854,934,967,887,aro0921,lean_left,1
446,1789976577.898131,0,0,0,0,0,291,565,557,404,163,0,0,205,201,175,183,212,681,728,730,685,792,722,709,0,0,307,615,853,955,999,887,aro0921,lean_left,1
447,1789976577.917540,0,0,0,0,0,297,557,568,395,173,0,0,191,206,179,181,205,691,730,739,693,809,734,682,0,0,299,595,877,955,959,853,aro0921,lean_left,1
448,1789976577.938086,0,0,0,0,0,297,555,551,421,155,0,0,185,203,157,185,201,665,713,737,683,787,735,691,0,0,325,617,846,965,1001,903,aro0921,lean_left,1
449,1789976577.958088,0,0,0,0,0,293,553,565,399,166,0,0,198,196,153,191,191,659,731,742,710,789,742,691,0,0,314,595,883,941,988,876,aro0921,lean_left,1
450,1789976577.978084,0,0,0,0,0,281,549,562,409,173,0,0,183,200,152,189,199,685,735,711,669,805,747,731,0,0,325,629,829,931,1007,928,aro0921,lean_left,1
451,1789976577.998138,0,0,0,0,0,287,552,543,403,179,0,0,205,199,157,185,190,680,713,742,704,773,700,691,0,0,284,606,865,943,975,879,aro0921,lean_left,1
452,1789976578.018141,0,0,0,0,0,286,543,551,397,156,0,0,175,191,170,171,183,696,745,731,701,776,711,699,0,0,291,585,861,967,979,915,aro0921,lean_left,1
453,1789976578.038136,0,0,0,0,0,263,551,538,403,165,0,0,201,172,160,167,183,684,743,737,675,797,734,701,0,0,319,612,875,951,983,895,aro0921,lean_left,1
454,1789976578.058046,0,0,0,0,0,261,569,549,419,179,0,0,179,189,173,171,171,653,743,711,696,763,727,713,0,0,301,627,832,955,1031,877,aro0921,lean_left,1
455,1789976578.078111,0,0,0,0,0,287,539,548,397,181,0,0,201,159,172,167,188,653,734,741,687,804,743,687,0,0,304,597,855,956,987,909,aro0921,lean_left,1
456,1789976578.098076,0,0,0,0,0,265,549,541,404,169,0,0,183,173,166,169,187,671,723,727,683,791,731,709,0,0,293,599,855,955,999,907,aro0921,lean_left,1
457,1789976578.118076,0,0,0,0,0,269,533,534,389,157,0,0,201,181,152,169,175,655,713,713,679,791,725,709,0,0,279,601,840,927,1012,911,aro0921,lean_left,1
458,1789976578.138095,0,0,0,0,0,253,553,538,403,155,0,0,171,155,139,167,191,671,735,715,677,809,715,709,0,0,317,605,867,971,979,923,aro0921,lean_left,1
459,1789976578.158113,0,0,0,0,0,249,529,532,397,155,0,0,199,184,173,175,206,681,711,746,645,773,733,729,0,0,293,585,844,941,1031,883,aro0921,lean_left,1
460,1789976578.178090,0,0,0,0,0,253,537,547,395,179,0,0,184,153,143,152,191,685,711,719,671,812,723,727,0,0,299,591,887,981,1013,894,aro0921,lean_left,1
461,1789976578.198072,0,0,0,0,0,263,535,553,403,173,0,0,187,169,137,155,179,653,712,716,685,795,741,703,0,0,291,611,867,936,989,889,aro0921,lean_left,1
462,1789976578.218116,0,0,0,0,0,254,541,539,397,175,0,0,185,163,139,155,199,657,739,729,729,815,744,729,0,0,280,600,789,939,1035,907,aro0921,lean_left,1
463,1789976578.238043,0,0,0,0,0,269,537,532,412,175,0,0,186,165,117,169,191,681,738,717,683,781,731,738,0,0,311,588,825,960,988,887,aro0921,lean_left,1
464,1789976578.258058,0,0,0,0,0,267,555,553,397,163,0,0,191,151,133,168,189,665,731,730,685,817,749,739,0,0,291,606,841,943,1014,888,aro0921,lean_left,1
465,1789976578.278118,0,0,0,0,0,253,556,539,404,153,0,0,187,173,135,149,171,669,740,713,714,787,733,735,0,0,287,580,861,923,1033,930,aro0921,lean_left,1
466,1789976578.298096,0,0,0,0,0,259,553,539,412,178,0,0,164,169,125,167,200,685,724,734,702,779,743,702,0,0,317,567,858,937,904,933,aro0921,lean_left,1
467,1789976578.318063,0,0,0,0,0,255,539,547,413,179,0,0,227,178,125,155,171,647,718,710,679,775,739,695,0,0,279,581,878,936,989,889,aro0921,lean_left,1
468,1789976578.338133,0,0,0,0,0,267,551,553,407,171,0,0,173,159,123,157,180,690,725,741,691,811,735,713,0,0,303,581,853,955,1007,910,aro0921,lean_left,1
469,1789976578.358051,0,0,0,0,0,275,559,557,411,159,0,0,172,165,125,157,185,680,728,745,666,807,741,743,0,0,303,584,841,951,1037,909,aro0921,lean_left,1
470,1789976578.378104,0,0,0,0,0,269,558,538,403,159,0,0,165,162,109,149,178,665,731,723,669,807,715,702,0,0,312,581,873,933,1001,879,aro0921,lean_left,1
471,1789976578.398102,0,0,0,0,0,253,549,555,395,164,0,0,168,147,138,152,184,651,725,722,667,786,699,699,0,0,288,574,823,939,995,921,aro0921,lean_left,1
472,1789976578.418060,0,0,0,0,0,276,564,559,421,184,0,0,169,180,114,179,175,649,697,760,715,816,726,695,0,0,300,607,879,959,999,949,aro0921,lean_left,1
473,1789976578.438048,0,0,0,0,0,253,543,551,413,172,0,0,165,169,137,153,199,675,729,717,671,783,717,696,0,0,297,569,859,948,1021,909,aro0921,lean_left,1
474,1789976578.458062,0,0,0,0,0,268,555,553,419,179,0,0,187,149,109,151,171,682,738,743,711,807,739,741,0,0,312,601,843,980,1060,923,aro0921,lean_left,1
475,1789976578.478075,0,0,0,0,0,263,555,538,407,157,0,0,183,165,121,159,201,661,743,719,697,779,749,733,0,0,302,569,892,927,1003,937,aro0921,lean_left,1
476,1789976578.498069,0,0,0,0,0,285,541,537,397,169,0,0,191,183,134,181,179,651,717,729,702,791,751,739,0,0,284,597,847,925,1015,925,aro0921,lean_left,1
477,1789976578.518097,0,0,0,0,0,296,559,549,404,168,0,0,179,171,141,155,205,681,699,744,715,814,750,715,0,0,313,611,856,952,973,908,aro0921,lean_left,1
478,1789976578.538108,0,0,0,0,0,273,553,549,397,169,0,0,181,171,138,166,191,675,731,732,695,793,739,709,0,0,301,585,857,957,1003,913,aro0921,lean_left,1
479,1789976578.558137,0,0,0,0,0,279,551,549,403,159,0,0,181,171,143,165,181,669,728,734,685,795,715,718,0,0,307,589,870,936,1011,876,aro0921,lean_left,1
480,1789976578.578089,0,0,0,0,0,281,553,551,407,169,0,0,180,171,143,169,187,675,727,726,694,808,733,717,0,0,303,587,850,965,1003,905,aro0921,lean_left,1
481,1789976578.598125,0,0,0,0,0,301,565,551,397,181,0,0,184,171,149,169,187,669,727,733,679,778,747,713,0,0,300,589,846,941,1004,931,aro0921,lean_left,1
482,1789976578.618057,0,0,0,0,0,269,543,566,393,158,0,0,167,188,125,184,187,651,715,728,679,805,764,703,0,0,307,605,856,973,1048,879,aro0921,lean_left,1
483,1789976578.638070,0,0,0,0,0,283,568,567,417,167,0,0,198,181,138,157,175,682,735,739,677,812,747,697,0,0,317,595,859,969,1017,896,aro0921,lean_left,1
484,1789976578.658090,0,0,0,0,0,285,563,544,413,165,0,0,175,159,159,169,175,669,741,713,711,796,715,732,0,0,281,596,873,971,1021,885,aro0921,lean_left,1
485,1789976578.678048,0,0,0,0,0,303,582,543,403,171,0,0,174,185,152,154,188,683,724,749,726,827,728,719,0,0,293,604,843,972,979,879,aro0921,lean_left,1
486,1789976578.698071,0,0,0,0,0,297,582,549,413,170,0,0,201,175,149,179,196,691,718,749,701,813,727,742,0,0,313,597,869,953,1034,891,aro0921,lean_left,1
487,1789976578.718062,0,0,0,0,0,313,585,569,424,183,0,0,201,159,151,182,205,681,739,757,697,786,729,743,0,0,338,581,867,923,1022,891,aro0921,lean_left,1
488,1789976578.738099,0,0,0,0,0,301,569,569,408,179,0,0,185,169,142,158,185,669,721,727,722,803,725,719,0,0,319,597,843,938,1029,893,aro0921,lean_left,1
489,1789976578.758065,0,0,0,0,0,315,585,585,427,183,0,0,187,159,159,167,187,664,729,717,712,825,757,744,0,0,339,583,825,949,999,879,aro0921,lean_left,1
490,1789976578.778077,0,0,0,0,0,299,575,563,419,167,0,0,183,171,155,155,197,680,728,733,709,805,740,719,0,0,301,573,855,951,1005,901,aro0921,lean_left,1
491,1789976578.798166,0,0,0,0,0,299,575,565,407,177,0,0,183,171,147,168,189,677,731,734,713,809,743,713,0,0,299,569,857,978,1005,885,aro0921,lean_left,1
492,1789976578.818074,0,0,0,0,0,301,567,554,411,185,0,0,189,181,163,173,173,697,735,715,733,825,765,745,0,0,309,551,875,933,1005,913,aro0921,lean_left,1
493,1789976578.837168,0,0,0,0,0,305,586,564,423,169,0,0,169,159,147,174,183,665,713,729,713,826,758,713,0,0,285,567,829,973,989,932,aro0921,lean_left,1
494,1789976578.858241,0,0,0,0,0,303,559,552,425,159,0,0,165,174,135,152,199,676,713,721,714,828,715,701,0,0,274,589,872,931,1031,909,aro0921,lean_left,1
495,1789976578.878110,0,0,0,0,0,302,575,553,403,157,0,0,181,157,135,179,199,687,723,719,725,821,727,730,0,0,307,549,844,943,979,904,aro0921,lean_left,1
496,1789976578.898112,0,0,0,0,0,301,558,571,415,173,0,0,179,159,150,155,174,680,709,723,683,819,739,730,0,0,319,591,841,937,997,936,aro0921,lean_left,1
497,1789976578.918301,0,0,0,0,0,325,547,565,420,167,0,0,187,149,137,147,185,685,697,715,683,783,752,725,0,0,318,551,873,973,990,923,aro0921,lean_left,1
498,1789976578.938362,0,0,0,0,0,293,547,563,405,159,0,0,151,149,125,155,197,671,695,742,710,805,759,709,0,0,316,557,867,948,988,903,aro0921,lean_left,1
499,1789976578.958165,0,0,0,0,0,277,542,539,413,171,0,0,150,156,141,182,167,685,711,724,676,819,751,741,0,0,311,555,855,939,987,948,aro0921,lean_left,1
500,1789976578.978183,0,0,0,0,0,267,555,555,415,147,0,0,139,147,139,152,185,649,725,731,710,782,733,731,0,0,317,569,839,943,1048,935,aro0921,lean_left,1
501,1789976578.998233,0,0,0,0,0,261,559,539,413,169,0,0,172,173,123,154,179,633,716,739,709,812,725,726,0,0,299,598,869,946,1041,907,aro0921,lean_left,1
502,1789976579.018169,0,0,0,0,0,287,547,551,421,165,0,0,169,145,127,142,175,662,739,709,671,803,740,749,0,0,285,568,877,935,1012,878,aro0921,lean_left,1
503,1789976579.037508,0,0,0,0,0,267,539,541,410,169,0,0,164,163,135,147,168,655,713,734,711,782,729,733,0,0,307,584,839,935,1035,947,aro0921,lean_left,1
504,1789976579.058294,0,0,0,0,0,279,549,557,407,159,0,0,153,173,103,172,171,681,703,709,693,810,729,713,0,0,303,573,859,963,1016,925,aro0921,lean_left,1
505,1789976579.078260,0,0,0,0,0,267,549,543,405,159,0,0,165,158,123,159,175,665,724,733,697,800,735,731,0,0,301,575,859,959,1012,921,aro0921,lean_left,1
506,1789976579.098146,0,0,0,0,0,275,543,547,415,167,0,0,159,159,120,157,181,667,725,715,695,803,741,723,0,0,301,581,862,953,1006,920,aro0921,lean_left,1
507,1789976579.118200,0,0,0,0,0,265,547,549,403,159,0,0,154,157,119,157,175,667,723,729,699,800,741,728,0,0,299,569,861,959,1017,925,aro0921,lean_left,1
508,1789976579.138137,0,0,0,0,0,267,546,543,393,159,0,0,151,163,117,156,179,667,715,728,702,813,727,713,0,0,303,573,825,985,1013,949,aro0921,lean_left,1
509,1789976579.157325,0,0,0,0,0,275,535,531,411,164,0,0,140,154,113,147,189,647,697,729,666,807,751,746,0,0,276,585,878,981,1033,942,aro0921,lean_left,1
510,1789976579.178183,0,0,0,0,0,267,542,530,401,149,0,0,151,149,132,165,160,630,731,742,683,781,761,731,0,0,287,573,875,967,1007,953,aro0921,lean_left,1
511,1789976579.198125,0,0,0,0,0,269,537,537,411,143,0,0,151,169,105,154,185,699,709,719,683,792,759,728,0,0,285,559,861,936,1013,949,aro0921,lean_left,1
512,1789976579.218128,0,0,0,0,0,263,541,540,396,143,0,0,139,145,115,163,183,645,699,717,709,815,759,744,0,0,300,601,840,973,1041,953,aro0921,lean_left,1
513,1789976579.238394,0,0,0,0,0,263,543,536,383,149,0,0,147,145,107,137,165,652,696,713,698,809,747,696,0,0,297,594,885,987,996,937,aro0921,lean_left,1
514,1789976579.258232,0,0,0,0,0,275,559,551,383,171,0,0,133,165,71,158,167,637,712,751,691,825,727,723,0,0,313,587,843,989,1001,936,aro0921,lean_left,1
515,1789976579.278221,0,0,0,0,0,265,537,533,407,147,0,0,133,153,99,154,182,680,699,745,711,831,765,702,0,0,317,551,830,937,995,940,aro0921,lean_left,1
516,1789976579.298107,0,0,0,0,0,251,539,531,395,150,0,0,142,167,119,147,155,637,701,697,703,822,739,715,0,0,287,557,869,965,989,935,aro0921,lean_left,1
517,1789976579.318129,0,0,0,0,0,265,539,537,403,159,0,0,138,152,110,110,167,667,723,727,691,809,747,726,0,0,297,562,861,968,1019,933,aro0921,lean_left,1
518,1789976579.338082,0,0,0,0,0,252,542,535,410,157,0,0,133,149,107,133,167,661,715,725,679,809,743,723,0,0,309,573,847,970,1016,909,aro0921,lean_left,1
519,1789976579.358146,0,0,0,0,0,249,541,525,383,167,0,0,135,133,89,119,147,675,726,727,701,804,733,725,0,0,279,573,859,947,999,949,aro0921,lean_left,1
520,1789976579.378147,0,0,0,0,0,267,521,523,414,153,0,0,135,125,107,134,171,635,725,741,689,829,735,729,0,0,287,565,861,971,1003,921,aro0921,lean_left,1
521,1789976579.398179,0,0,0,0,0,247,523,536,393,164,0,0,125,147,73,105,153,653,725,712,695,805,741,746,0,0,300,554,860,969,1007,948,aro0921,lean_left,1
522,1789976579.418102,0,0,0,0,0,243,543,517,403,171,0,0,111,123,95,84,143,661,684,745,669,823,719,711,0,0,325,574,891,981,1041,919,aro0921,lean_left,1
523,1789976579.438164,0,0,0,0,0,255,521,532,391,167,0,0,105,119,109,114,159,637,713,711,667,795,739,743,0,0,308,531,877,933,1001,927,aro0921,lean_left,1
524,1789976579.458100,0,0,0,0,0,235,519,533,391,149,0,0,140,108,117,103,179,670,727,746,691,815,773,718,0,0,311,575,867,985,1003,971,aro0921,lean_left,1
525,1789976579.478089,0,0,0,0,0,237,509,541,383,159,0,0,106,137,105,116,165,667,715,726,710,791,735,733,0,0,297,537,891,951,1007,965,aro0921,lean_left,1
526,1789976579.498067,0,0,0,0,0,253,523,542,408,172,0,0,118,135,105,114,181,661,727,716,685,795,743,747,0,0,311,569,861,957,971,925,aro0921,lean_left,1
527,1789976579.518159,0,0,0,0,0,243,525,533,401,164,0,0,117,125,95,101,154,651,709,727,685,811,799,743,0,0,297,553,863,965,1022,949,aro0921,lean_left,1
528,1789976579.538101,0,0,0,0,0,253,537,529,411,181,0,0,111,123,89,99,154,627,685,718,693,829,763,751,0,0,299,550,843,987,1049,943,aro0921,lean_left,1
529,1789976579.558105,0,0,0,0,0,231,509,523,407,173,0,0,133,119,77,85,133,627,698,712,702,799,773,741,0,0,292,569,879,993,1054,978,aro0921,lean_left,1
530,1789976579.578152,0,0,0,0,0,233,533,532,393,168,0,0,111,123,84,87,147,635,717,716,671,819,739,733,0,0,296,567,849,979,1045,973,aro0921,lean_left,1
531,1789976579.598100,0,0,0,0,0,232,517,521,403,175,0,0,101,103,100,95,167,660,685,749,700,799,759,744,0,0,327,537,862,987,1052,973,aro0921,lean_left,1
532,1789976579.618108,0,0,0,0,0,248,537,522,383,155,0,0,93,93,91,83,157,631,686,730,709,837,732,775,0,0,281,548,879,987,1035,980,aro0921,lean_left,1
533,1789976579.638082,0,0,0,0,0,247,505,521,405,179,0,0,113,95,84,83,159,661,699,713,679,819,775,758,0,0,282,548,845,945,1005,933,aro0921,lean_left,1
534,1789976579.658165,0,0,0,0,0,223,533,529,407,156,0,0,109,108,93,90,138,647,721,703,697,836,755,767,0,0,283,523,873,927,1014,970,aro0921,lean_left,1
535,1789976579.678148,0,0,0,0,0,243,523,531,413,154,0,0,107,91,77,102,157,631,695,735,671,792,755,761,0,0,313,547,845,943,1049,981,aro0921,lean_left,1
536,1789976579.698106,0,0,0,0,0,229,503,525,407,165,0,0,117,85,79,100,155,623,681,703,680,804,739,724,0,0,283,554,867,968,996,950,aro0921,lean_left,1
537,1789976579.718111,0,0,0,0,0,249,495,541,395,152,0,0,91,111,109,99,165,645,718,695,661,781,711,767,0,0,279,537,907,949,1033,988,aro0921,lean_left,1
538,1789976579.738096,0,0,0,0,0,233,507,539,399,166,0,0,118,89,77,94,139,631,715,701,675,812,757,757,0,0,313,554,869,978,1013,955,aro0921,lean_left,1
539,1789976579.758094,0,0,0,0,0,234,517,529,399,168,0,0,97,97,87,93,143,645,700,725,676,813,757,743,0,0,301,541,875,967,1041,955,aro0921,lean_left,1
540,1789976579.778122,0,0,0,0,0,247,507,507,411,164,0,0,91,88,84,92,149,631,709,712,667,793,767,758,0,0,317,532,883,988,1020,971,aro0921,lean_left,1
541,1789976579.798174,0,0,0,0,0,253,502,524,397,159,0,0,115,88,73,81,149,662,703,731,687,799,743,761,0,0,308,551,851,965,1061,985,aro0921,lean_left,1
542,1789976579.818105,0,0,0,0,0,237,504,533,391,170,0,0,83,117,99,105,163,670,703,746,699,809,735,767,0,0,297,537,885,997,1071,989,aro0921,lean_left,1
543,1789976579.838152,0,0,0,0,0,240,524,520,399,172,0,0,99,93,78,87,157,633,684,723,677,805,759,739,0,0,283,535,861,958,1051,939,aro0921,lean_left,1
544,1789976579.858148,0,0,0,0,0,228,505,527,399,183,0,0,109,115,101,87,156,639,715,723,696,797,735,749,0,0,311,551,883,996,1019,985,aro0921,lean_left,1
545,1789976579.878073,0,0,0,0,0,244,517,523,398,168,0,0,91,111,75,83,133,655,713,739,709,821,733,760,0,0,280,527,849,977,1059,959,aro0921,lean_left,1
546,1789976579.898107,0,0,0,0,0,245,505,509,395,153,0,0,99,99,103,89,150,639,695,724,665,793,741,765,0,0,275,519,885,952,1063,965,aro0921,lean_left,1
547,1789976579.918113,0,0,0,0,0,247,510,520,381,151,0,0,97,111,85,103,165,632,714,713,659,791,729,761,0,0,316,537,845,953,1071,939,aro0921,lean_left,1
548,1789976579.938093,0,0,0,0,0,231,520,531,403,167,0,0,101,117,91,91,155,629,690,711,669,823,767,735,0,0,287,554,867,995,1007,947,aro0921,lean_left,1
549,1789976579.958097,0,0,0,0,0,249,503,539,382,164,0,0,88,85,72,88,141,663,727,727,669,807,765,752,0,0,285,556,849,989,1052,959,aro0921,lean_left,1
550,1789976579.978117,0,0,0,0,0,255,501,543,395,163,0,0,95,104,91,89,139,635,731,698,711,823,743,754,0,0,312,557,845,997,1004,981,aro0921,lean_left,1
551,1789976579.998100,0,0,0,0,0,239,517,525,389,156,0,0,110,103,71,85,135,622,687,695,670,809,775,728,0,0,307,559,829,983,1011,943,aro0921,lean_left,1
552,1789976580.018175,0,0,0,0,0,247,521,525,414,168,0,0,92,116,101,107,170,635,682,719,655,799,733,773,0,0,317,543,879,953,1049,953,aro0921,lean_left,1
553,1789976580.038141,0,0,0,0,0,251,529,519,392,163,0,0,114,110,75,105,145,653,717,727,695,821,739,734,0,0,285,544,860,965,1013,939,aro0921,lean_left,1
554,1789976580.058122,0,0,0,0,0,227,533,505,395,153,0,0,91,125,97,111,167,664,709,739,664,827,767,743,0,0,291,529,853,991,1051,953,aro0921,lean_left,1
555,1789976580.077738,0,0,0,0,0,253,504,533,389,149,0,0,95,93,73,89,137,680,713,735,647,802,760,763,0,0,294,555,845,983,1051,984,aro0921,lean_left,1
556,1789976580.098070,0,0,0,0,0,245,520,527,401,166,0,0,109,115,86,99,152,637,702,719,683,811,752,735,0,0,297,543,857,973,1033,958,aro0921,lean_left,1
557,1789976580.118121,0,0,0,0,0,233,503,517,408,171,0,0,110,113,88,101,155,645,685,703,659,799,777,747,0,0,295,541,891,968,1060,954,aro0921,lean_left,1
558,1789976580.138086,0,0,0,0,0,243,509,532,395,159,0,0,111,110,83,95,167,639,695,712,686,823,761,756,0,0,284,561,889,980,1044,975,aro0921,lean_left,1
559,1789976580.158113,0,0,0,0,0,235,533,525,405,157,0,0,117,125,73,107,149,610,703,709,655,843,777,719,0,0,287,547,853,971,1003,931,aro0921,lean_left,1
560,1789976580.178134,0,0,0,0,0,234,525,527,405,170,0,0,133,127,92,102,141,647,704,733,695,824,741,723,0,0,283,548,867,959,1052,957,aro0921,lean_left,1
561,1789976580.198104,0,0,0,0,0,254,532,543,411,169,0,0,103,107,76,88,142,629,715,723,686,826,777,743,0,0,317,553,909,981,1018,978,aro0921,lean_left,1
562,1789976580.218130,0,0,0,0,0,237,529,540,405,169,0,0,105,121,75,103,168,655,683,742,595,803,745,731,0,0,327,563,839,982,1011,936,aro0921,lean_left,1
563,1789976580.238140,0,0,0,0,0,249,523,537,394,180,0,0,125,115,85,103,169,661,695,709,663,830,739,723,0,0,287,537,845,973,1055,969,aro0921,lean_left,1
564,1789976580.258103,0,0,0,0,0,240,517,529,392,153,0,0,105,141,105,117,165,663,716,711,683,809,748,725,0,0,277,521,837,997,1007,954,aro0921,lean_left,1
565,1789976580.278136,0,0,0,0,0,244,535,547,405,152,0,0,102,109,85,116,168,633,724,697,695,815,743,725,0,0,280,533,891,995,1001,977,aro0921,lean_left,1
566,1789976580.298088,0,0,0,0,0,261,531,537,409,167,0,0,115,122,94,104,157,650,722,724,685,809,751,735,0,0,301,543,869,975,1035,949,aro0921,lean_left,1
567,1789976580.318061,0,0,0,0,0,275,523,539,397,159,0,0,117,127,93,105,156,655,703,725,687,813,775,749,0,0,297,543,856,944,1053,947,aro0921,lean_left,1
568,1789976580.338122,0,0,0,0,0,265,542,539,407,155,0,0,117,125,79,91,149,637,711,713,675,827,755,722,0,0,325,547,889,949,1013,935,aro0921,lean_left,1
569,1789976580.358098,0,0,0,0,0,253,539,531,397,152,0,0,123,104,99,89,149,634,713,732,711,813,775,702,0,0,309,568,812,956,998,934,aro0921,lean_left,1
570,1789976580.378132,0,0,0,0,0,249,530,541,397,157,0,0,125,135,81,119,166,635,717,699,664,791,731,717,0,0,283,557,875,965,1033,925,aro0921,lean_left,1
571,1789976580.398103,0,0,0,0,0,275,529,538,403,159,0,0,137,119,103,111,165,657,694,721,695,805,733,728,0,0,287,541,883,959,1006,948,aro0921,lean_left,1
572,1789976580.418122,0,0,0,0,0,253,543,529,423,181,0,0,137,119,85,94,146,671,700,747,717,804,759,725,0,0,310,550,891,981,1059,935,aro0921,lean_left,1
573,1789976580.438141,0,0,0,0,0,275,547,543,401,165,0,0,112,135,79,114,165,665,725,728,711,808,735,715,0,0,317,537,872,947,1039,941,aro0921,lean_left,1
574,1789976580.458134,0,0,0,0,0,283,538,533,421,171,0,0,139,153,104,90,154,637,693,715,695,821,765,757,0,0,281,559,888,973,1021,921,aro0921,lean_left,1
575,1789976580.478132,0,0,0,0,0,270,523,533,405,165,0,0,123,120,85,93,149,665,723,703,711,793,739,713,0,0,311,556,879,958,1012,931,aro0921,lean_left,1
576,1789976580.498121,0,0,0,0,0,267,536,543,407,171,0,0,117,133,87,119,155,653,701,730,691,813,752,733,0,0,292,548,871,973,1033,949,aro0921,lean_left,1
577,1789976580.518094,0,0,0,0,0,268,533,543,420,185,0,0,121,125,92,104,156,649,710,723,699,824,755,737,0,0,301,549,862,968,1021,968,aro0921,lean_left,1
578,1789976580.538105,0,0,0,0,0,269,542,551,403,159,0,0,125,140,79,95,146,651,723,709,666,829,768,737,0,0,295,565,847,971,999,969,aro0921,lean_left,1
579,1789976580.558275,0,0,0,0,0,275,534,555,414,168,0,0,109,152,91,93,147,646,725,721,669,779,757,757,0,0,287,533,879,985,995,908,aro0921,lean_left,1
580,1789976580.578161,0,0,0,0,0,270,529,539,393,165,0,0,125,118,79,104,147,662,717,740,675,807,767,756,0,0,303,559,851,983,1047,955,aro0921,lean_left,1
581,1789976580.598123,0,0,0,0,0,263,525,543,395,170,0,0,123,127,78,111,154,653,723,699,684,798,742,719,0,0,307,547,878,989,1011,959,aro0921,lean_left,1
582,1789976580.618094,0,0,0,0,0,263,520,521,415,179,0,0,137,142,101,101,171,671,717,732,652,811,783,759,0,0,300,569,888,947,1053,973,aro0921,lean_left,1
583,1789976580.638133,0,0,0,0,0,276,533,518,404,167,0,0,110,127,91,95,147,676,699,715,709,793,773,740,0,0,285,529,891,955,1003,941,aro0921,lean_left,1
584,1789976580.658103,0,0,0,0,0,269,523,543,406,165,0,0,108,115,91,120,165,632,733,709,699,807,741,733,0,0,315,488,869,990,1015,966,aro0921,lean_left,1
585,1789976580.678100,0,0,0,0,0,263,530,535,413,181,0,0,103,118,83,105,156,647,710,719,663,799,765,755,0,0,295,535,847,957,1063,926,aro0921,lean_left,1
586,1789976580.698128,0,0,0,0,0,269,533,537,413,165,0,0,115,124,93,103,151,647,703,727,685,813,755,741,0,0,299,542,870,979,1032,956,aro0921,lean_left,1
587,1789976580.718078,0,0,0,0,0,247,524,527,391,163,0,0,109,125,92,105,151,659,723,745,699,799,767,744,0,0,299,542,837,991,1055,991,aro0921,lean_left,1
588,1789976580.738104,0,0,0,0,0,268,522,537,397,151,0,0,109,117,81,90,141,661,722,728,685,795,739,755,0,0,313,537,891,963,1047,936,aro0921,lean_left,1
589,1789976580.758131,0,0,0,0,0,267,523,529,408,179,0,0,95,105,106,95,147,661,718,723,691,795,765,745,0,0,311,557,861,949,995,939,aro0921,lean_left,1
590,1789976580.778088,0,0,0,0,0,247,535,534,411,167,0,0,103,109,77,115,154,648,711,703,695,819,767,710,0,0,279,521,859,981,1011,971,aro0921,lean_left,1
591,1789976580.798081,0,0,0,0,0,247,531,527,408,179,0,0,102,125,99,109,170,645,725,745,679,797,735,744,0,0,281,537,889,977,1063,956,aro0921,lean_left,1
592,1789976580.818143,0,0,0,0,0,273,541,547,398,156,0,0,87,104,103,84,143,617,703,711,663,840,780,754,0,0,326,531,891,980,997,936,aro0921,lean_left,1
593,1789976580.838124,0,0,0,0,0,245,527,541,393,168,0,0,85,115,88,91,139,635,693,730,699,829,756,728,0,0,302,499,856,957,1052,973,aro0921,lean_left,1
594,1789976580.858121,0,0,0,0,0,248,509,543,391,175,0,0,87,119,89,88,154,621,731,733,695,811,765,755,0,0,288,537,860,973,1046,942,aro0921,lean_left,1
595,1789976580.878145,0,0,0,0,0,244,531,539,396,182,0,0,79,119,94,108,155,639,715,739,700,845,782,750,0,0,307,549,871,991,1067,989,aro0921,lean_left,1
596,1789976580.898156,0,0,0,0,0,249,521,533,403,168,0,0,88,101,87,97,143,645,700,717,682,813,755,748,0,0,301,532,869,973,1039,956,aro0921,lean_left,1
597,1789976580.918112,0,0,0,0,0,261,533,531,391,157,0,0,93,103,83,92,147,615,699,699,655,829,779,741,0,0,299,533,892,1001,1050,969,aro0921,lean_left,1
598,1789976580.938107,0,0,0,0,0,239,531,537,407,169,0,0,83,105,91,91,153,629,693,709,681,824,775,749,0,0,293,531,851,969,1054,943,aro0921,lean_left,1
599,1789976580.958161,0,0,0,0,0,231,530,525,411,167,0,0,82,87,74,104,150,630,683,735,667,813,767,749,0,0,308,517,879,1006,1071,997,aro0921,lean_left,1
600,1789976580.978125,0,0,0,0,0,261,533,539,411,179,0,0,73,99,84,85,153,647,699,723,681,837,783,755,0,0,299,503,895,950,1019,949,aro0921,lean_left,1
601,1789976580.998110,0,0,0,0,0,251,503,535,392,157,0,0,89,103,83,107,163,637,716,729,664,781,751,745,0,0,312,538,889,957,1029,949,aro0921,lean_left,1
602,1789976581.018132,0,0,0,0,0,233,527,539,389,175,0,0,77,107,95,89,158,619,687,711,671,831,773,763,0,0,294,497,874,1003,1063,979,aro0921,lean_left,1
603,1789976581.038091,0,0,0,0,0,237,507,523,394,179,0,0,85,103,85,97,127,635,709,719,682,811,774,731,0,0,297,533,889,951,1035,941,aro0921,lean_left,1
604,1789976581.058117,0,0,0,0,0,227,517,523,398,183,0,0,79,85,99,91,119,617,725,712,701,804,749,731,0,0,297,540,895,979,1055,957,aro0921,lean_left,1
605,1789976581.078248,0,0,0,0,0,245,507,521,381,155,0,0,78,76,91,77,155,635,715,741,703,805,755,759,0,0,300,493,901,981,1074,905,aro0921,lean_left,1
606,1789976581.098174,0,0,0,0,0,235,509,527,401,168,0,0,83,81,76,93,139,632,697,722,681,812,759,751,0,0,298,519,858,978,1053,984,aro0921,lean_left,1
607,1789976581.118105,0,0,0,0,0,241,501,529,383,167,0,0,82,81,76,57,141,632,697,723,697,799,748,729,0,0,295,445,855,988,1039,991,aro0921,lean_left,1
608,1789976581.138110,0,0,0,0,0,237,521,520,405,171,0,0,89,90,83,79,139,627,683,701,699,807,747,757,0,0,310,523,891,955,1019,984,aro0921,lean_left,1
609,1789976581.158128,0,0,0,0,0,229,507,525,409,167,0,0,82,72,77,92,139,635,697,719,683,813,759,759,0,0,296,507,875,975,1019,959,aro0921,lean_left,1
610,1789976581.178141,0,0,0,0,0,231,493,523,381,155,0,0,70,59,67,81,125,645,714,709,659,819,785,731,0,0,293,483,893,948,1015,940,aro0921,lean_left,1
611,1789976581.198122,0,0,0,0,0,233,508,529,399,169,0,0,79,78,75,91,139,635,703,743,680,815,760,749,0,0,286,500,872,973,1043,968,aro0921,lean_left,1
612,1789976581.218129,0,0,0,0,0,249,527,537,395,159,0,0,83,79,75,89,133,617,697,739,697,799,742,733,0,0,300,502,870,954,1045,969,aro0921,lean_left,1
613,1789976581.238112,0,0,0,0,0,231,523,529,407,179,0,0,93,83,82,87,149,623,715,717,694,829,763,734,0,0,308,527,856,999,1039,988,aro0921,lean_left,1
614,1789976581.258109,0,0,0,0,0,243,523,536,412,159,0,0,85,91,91,93,149,623,711,695,658,809,747,773,0,0,281,484,903,949,1041,939,aro0921,lean_left,1
615,1789976581.278175,0,0,0,0,0,233,501,520,383,179,0,0,71,85,69,103,140,617,677,709,700,793,735,759,0,0,315,506,891,953,1052,955,aro0921,lean_left,1
616,1789976581.298146,0,0,0,0,0,249,503,533,397,175,0,0,84,64,62,87,143,652,683,713,669,806,743,763,0,0,303,491,891,957,1019,953,aro0921,lean_left,1
617,1789976581.318126,0,0,0,0,0,231,505,523,410,171,0,0,73,89,85,101,147,615,699,635,699,804,741,741,0,0,291,495,856,987,1016,995,aro0921,lean_left,1
618,1789976581.338155,0,0,0,0,0,250,520,533,390,169,0,0,94,90,87,85,135,627,681,717,697,825,774,771,0,0,281,520,874,957,1032,959,aro0921,lean_left,1
619,1789976581.358121,0,0,0,0,0,254,531,531,397,152,0,0,69,99,76,85,152,619,715,711,680,823,767,760,0,0,285,499,855,1003,1070,935,aro0921,lean_left,1
620,1789976581.378106,0,0,0,0,0,249,503,509,393,175,0,0,70,91,84,99,127,659,702,734,709,821,781,765,0,0,278,491,903,913,1060,957,aro0921,lean_left,1
621,1789976581.398150,0,0,0,0,0,248,517,527,397,166,0,0,85,91,78,93,145,633,697,715,683,812,757,749,0,0,297,525,869,980,1045,965,aro0921,lean_left,1
622,1789976581.418180,0,0,0,0,0,237,503,534,389,171,0,0,85,91,82,91,145,645,696,723,698,793,735,728,0,0,295,508,857,987,1043,988,aro0921,lean_left,1
623,1789976581.438122,0,0,0,0,0,255,509,535,411,165,0,0,74,99,70,105,153,647,703,733,669,804,748,761,0,0,287,501,857,947,1055,947,aro0921,lean_left,1
624,1789976581.458120,0,0,0,0,0,253,504,539,395,155,0,0,79,106,83,85,135,651,697,711,667,799,747,762,0,0,277,521,855,953,1039,937,aro0921,lean_left,1
625,1789976581.478142,0,0,0,0,0,243,507,536,415,157,0,0,75,88,63,105,136,653,726,734,669,791,763,723,0,0,312,535,891,997,1067,955,aro0921,lean_left,1
626,1789976581.498134,0,0,0,0,0,243,521,522,393,151,0,0,75,85,68,100,133,665,709,715,671,831,777,729,0,0,314,499,855,997,1017,969,aro0921,lean_left,1
627,1789976581.518110,0,0,0,0,0,235,503,532,389,154,0,0,100,107,96,99,157,617,681,710,661,795,731,723,0,0,319,541,862,951,1017,956,aro0921,lean_left,1
628,1789976581.538149,0,0,0,0,0,249,517,535,393,175,0,0,85,94,91,108,127,621,711,718,689,843,756,729,0,0,308,531,893,971,1063,947,aro0921,lean_left,1
629,1789976581.558117,0,0,0,0,0,263,505,520,381,156,0,0,100,101,72,105,165,659,709,695,677,829,779,761,0,0,317,539,886,979,1061,953,aro0921,lean_left,1
630,1789976581.578119,0,0,0,0,0,262,532,527,395,157,0,0,75,103,85,102,153,649,687,742,667,829,747,762,0,0,297,509,861,1005,1069,957,aro0921,lean_left,1
631,1789976581.598185,0,0,0,0,0,248,521,529,402,167,0,0,87,99,83,99,145,635,701,721,685,815,758,744,0,0,300,504,878,979,1047,971,aro0921,lean_left,1
632,1789976581.618183,0,0,0,0,0,239,535,507,415,183,0,0,79,99,78,96,149,633,725,697,711,799,742,743,0,0,317,495,903,1017,1077,996,aro0921,lean_left,1
633,1789976581.638125,0,0,0,0,0,245,522,522,399,169,0,0,85,106,93,87,151,655,711,711,670,815,755,731,0,0,311,531,870,981,1031,957,aro0921,lean_left,1
634,1789976581.658203,0,0,0,0,0,254,535,538,395,174,0,0,75,83,83,83,153,628,685,747,696,820,739,732,0,0,312,520,892,956,1029,943,aro0921,lean_left,1
635,1789976581.678152,0,0,0,0,0,263,507,522,405,167,0,0,99,90,79,91,155,628,701,727,679,830,764,737,0,0,291,505,903,983,1063,988,aro0921,lean_left,1
636,1789976581.698118,0,0,0,0,0,251,509,539,405,163,0,0,83,103,89,79,157,661,723,733,702,820,774,761,0,0,313,499,858,979,1063,1015,aro0921,lean_left,1
637,1789976581.718146,0,0,0,0,0,233,505,535,411,179,0,0,105,90,71,91,167,633,687,712,677,763,755,729,0,0,318,541,857,983,1041,933,aro0921,lean_left,1
638,1789976581.738137,0,0,0,0,0,247,521,539,396,175,0,0,99,107,71,99,143,611,708,727,687,811,781,755,0,0,286,507,883,999,1084,949,aro0921,lean_left,1
639,1789976581.758115,0,0,0,0,0,253,533,533,395,159,0,0,101,91,75,87,139,658,701,727,677,804,749,755,0,0,296,524,875,999,1053,955,aro0921,lean_left,1
640,1789976581.778109,0,0,0,0,0,262,533,539,406,167,0,0,89,103,69,104,125,639,717,703,671,795,763,739,0,0,307,503,851,1003,1055,967,aro0921,lean_left,1
641,1789976581.798137,0,0,0,0,0,250,524,531,403,168,0,0,89,111,83,99,149,639,701,723,685,811,757,743,0,0,295,522,879,973,1049,969,aro0921,lean_left,1
642,1789976581.818123,0,0,0,0,0,263,505,525,411,179,0,0,87,109,85,107,147,619,695,711,699,815,732,740,0,0,299,521,861,987,1033,989,aro0921,lean_left,1
643,1789976581.838115,0,0,0,0,0,263,519,523,411,175,0,0,84,95,77,106,155,646,685,731,693,803,775,733,0,0,312,531,883,957,1037,949,aro0921,lean_left,1
644,1789976581.858155,0,0,0,0,0,247,516,539,411,177,0,0,77,93,89,89,145,659,693,712,664,821,775,762,0,0,310,503,863,971,1047,995,aro0921,lean_left,1
645,1789976581.878112,0,0,0,0,0,261,503,522,409,169,0,0,91,103,71,88,122,652,711,729,667,815,761,755,0,0,297,497,895,975,1056,1002,aro0921,lean_left,1
646,1789976581.898099,0,0,0,0,0,255,525,524,405,157,0,0,69,121,61,109,149,631,677,709,699,796,749,759,0,0,293,540,891,959,1069,969,aro0921,lean_left,1
647,1789976581.918201,0,0,0,0,0,249,531,503,389,155,0,0,86,99,100,88,141,661,721,699,672,853,745,721,0,0,301,489,887,966,1074,935,aro0921,lean_left,1
648,1789976581.938156,0,0,0,0,0,245,524,531,407,173,0,0,99,95,93,88,149,649,686,732,691,799,744,728,0,0,297,508,877,979,1063,968,aro0921,lean_left,1
649,1789976581.958132,0,0,0,0,0,243,519,508,383,157,0,0,71,111,87,85,135,648,713,739,693,808,743,763,0,0,283,520,917,979,1069,989,aro0921,lean_left,1
650,1789976581.978109,0,0,0,0,0,239,505,500,391,165,0,0,75,111,87,90,139,634,709,757,697,809,747,711,0,0,309,503,894,953,1041,969,aro0921,lean_left,1
651,1789976581.998137,0,0,0,0,0,253,523,529,399,169,0,0,93,105,83,98,143,639,697,719,665,815,757,747,0,0,301,521,870,979,1052,973,aro0921,lean_left,1
652,1789976582.018117,0,0,0,0,0,265,533,529,410,173,0,0,89,104,81,99,142,639,697,731,669,839,743,767,0,0,298,519,886,986,1043,956,aro0921,lean_left,1
653,1789976582.038140,0,0,0,0,0,261,507,518,393,157,0,0,86,110,81,105,147,632,691,701,661,805,765,759,0,0,311,533,885,979,1045,949,aro0921,lean_left,1
654,1789976582.058166,0,0,0,0,0,264,511,536,393,179,0,0,74,91,95,107,163,621,687,709,697,793,748,763,0,0,285,501,857,987,1060,984,aro0921,lean_left,1
655,1789976582.078125,0,0,0,0,0,236,519,521,389,157,0,0,73,103,84,93,163,617,679,699,666,793,735,717,0,0,309,519,895,877,1041,940,aro0921,lean_left,1
656,1789976582.098134,0,0,0,0,0,248,507,533,395,173,0,0,102,93,82,101,138,620,713,710,696,811,767,728,0,0,287,525,885,982,1021,972,aro0921,lean_left,1
657,1789976582.117551,0,0,0,0,0,239,507,521,406,175,0,0,103,117,83,106,137,659,687,727,659,827,775,723,0,0,283,501,871,997,1049,977,aro0921,lean_left,1
658,1789976582.137739,0,0,0,0,0,251,523,527,389,169,0,0,84,98,72,108,137,631,701,729,695,829,751,775,0,0,312,499,866,969,1061,959,aro0921,lean_left,1
659,1789976582.158133,0,0,0,0,0,248,535,507,397,167,0,0,73,87,67,95,135,639,671,739,663,840,781,761,0,0,314,511,877,952,1055,925,aro0921,lean_left,1
660,1789976582.178200,0,0,0,0,0,248,531,533,376,182,0,0,86,92,95,86,150,615,700,694,646,831,733,764,0,0,299,532,845,1007,1063,983,aro0921,lean_left,1
661,1789976582.198136,0,0,0,0,0,249,509,523,394,168,0,0,89,105,82,99,147,637,701,723,685,811,757,747,0,0,296,507,874,978,1051,964,aro0921,lean_left,1
662,1789976582.218129,0,0,0,0,0,251,504,522,401,183,0,0,90,103,85,99,146,637,699,717,667,792,757,745,0,0,295,509,857,953,1051,957,aro0921,lean_left,1
663,1789976582.238166,0,0,0,0,0,247,523,531,395,153,0,0,100,91,84,109,153,639,687,733,665,827,744,737,0,0,285,519,901,975,1036,947,aro0921,lean_left,1
664,1789976582.258154,0,0,0,0,0,262,524,540,379,173,0,0,73,117,82,85,149,627,685,741,693,843,773,759,0,0,325,491,903,957,1052,949,aro0921,lean_left,1
665,1789976582.278146,0,0,0,0,0,243,538,535,403,156,0,0,101,106,93,85,153,631,692,743,699,791,749,738,0,0,279,530,891,949,1075,985,aro0921,lean_left,1
666,1789976582.298192,0,0,0,0,0,246,507,527,399,181,0,0,93,109,91,86,146,661,712,739,681,799,751,729,0,0,311,537,892,964,1063,957,aro0921,lean_left,1
667,1789976582.318159,0,0,0,0,0,249,505,533,383,181,0,0,107,91,71,85,135,619,681,697,711,808,755,747,0,0,309,537,915,979,1018,937,aro0921,lean_left,1
668,1789976582.338165,0,0,0,0,0,263,516,529,408,173,0,0,85,117,98,101,151,621,687,709,683,796,743,751,0,0,297,531,855,991,1052,1000,aro0921,lean_left,1
669,1789976582.358124,0,0,0,0,0,251,508,535,407,183,0,0,69,120,69,103,135,665,723,733,695,779,747,739,0,0,281,491,903,949,1071,997,aro0921,lean_left,1
670,1789976582.378164,0,0,0,0,0,253,523,509,396,179,0,0,81,93,73,109,141,622,684,751,690,828,778,749,0,0,291,491,886,988,1077,943,aro0921,lean_left,1
671,1789976582.398131,0,0,0,0,0,261,521,517,395,164,0,0,84,106,98,91,139,667,687,733,665,803,746,733,0,0,267,493,892,975,1031,989,aro0921,lean_left,1
672,1789976582.418129,0,0,0,0,0,247,505,523,391,159,0,0,87,101,53,87,133,653,718,713,652,803,788,724,0,0,311,525,893,971,1031,937,aro0921,lean_left,1
673,1789976582.438155,0,0,0,0,0,263,529,521,391,168,0,0,76,114,87,103,133,630,681,735,681,813,761,759,0,0,299,491,879,983,1067,973,aro0921,lean_left,1
674,1789976582.458147,0,0,0,0,0,251,523,525,402,171,0,0,93,107,83,101,147,647,700,723,681,813,749,739,0,0,297,507,877,979,1049,952,aro0921,lean_left,1
675,1789976582.478110,0,0,0,0,0,265,503,533,410,159,0,0,81,109,87,89,127,655,709,699,681,805,749,764,0,0,303,494,876,1000,1049,978,aro0921,lean_left,1
676,1789976582.498157,0,0,0,0,0,264,529,488,408,167,0,0,77,103,99,87,143,648,683,735,679,805,755,744,0,0,314,517,873,995,1031,963,aro0921,lean_left,1
677,1789976582.518117,0,0,0,0,0,245,525,531,405,165,0,0,89,105,89,99,144,637,701,653,679,805,767,741,0,0,293,518,895,967,1047,969,aro0921,lean_left,1
678,1789976582.538153,0,0,0,0,0,245,522,511,414,164,0,0,95,93,85,88,157,639,713,697,687,797,779,751,0,0,303,487,857,971,1065,990,aro0921,lean_left,1
679,1789976582.558144,0,0,0,0,0,255,520,537,411,156,0,0,103,101,95,115,135,635,701,729,684,811,779,757,0,0,297,506,887,953,1041,985,aro0921,lean_left,1
680,1789976582.578133,0,0,0,0,0,249,523,520,393,160,0,0,85,103,72,109,150,636,697,733,661,837,757,715,0,0,288,491,855,987,1045,942,aro0921,lean_left,1
681,1789976582.598128,0,0,0,0,0,261,527,537,393,173,0,0,107,92,69,119,127,645,691,702,691,828,777,782,0,0,309,524,867,995,1053,985,aro0921,lean_left,1
682,1789976582.618147,0,0,0,0,0,274,523,539,389,157,0,0,101,109,69,109,157,617,679,725,682,843,757,727,0,0,291,483,884,951,1066,1011,aro0921,lean_left,1
683,1789976582.638119,0,0,0,0,0,253,519,519,406,182,0,0,83,111,72,99,153,662,682,729,695,815,763,765,0,0,308,499,883,969,1069,999,aro0921,lean_left,1
684,1789976582.658220,0,0,0,0,0,261,508,521,407,185,0,0,106,111,72,101,165,635,687,712,679,816,779,725,0,0,281,509,878,999,1022,953,aro0921,lean_left,1
685,1789976582.678195,0,0,0,0,0,267,527,533,401,159,0,0,104,101,73,109,157,621,703,742,697,825,763,756,0,0,303,525,913,953,1043,982,aro0921,lean_left,1
686,1789976582.698169,0,0,0,0,0,253,523,529,403,169,0,0,90,101,88,99,147,635,700,722,683,813,759,745,0,0,297,503,877,975,1050,973,aro0921,lean_left,1
687,1789976582.718125,0,0,0,0,0,261,529,533,391,165,0,0,102,103,84,101,141,661,680,714,716,821,774,782,0,0,294,493,872,970,1021,942,aro0921,lean_left,1
688,1789976582.738141,0,0,0,0,0,265,506,536,407,175,0,0,77,111,89,103,120,633,682,731,676,819,763,755,0,0,303,522,902,987,1029,990,aro0921,lean_left,1
689,1789976582.758165,0,0,0,0,0,244,507,523,399,181,0,0,94,111,73,115,141,649,694,733,683,790,743,749,0,0,313,508,859,971,1065,949,aro0921,lean_left,1
690,1789976582.778117,0,0,0,0,0,259,506,525,411,163,0,0,99,107,92,91,138,629,699,741,661,807,746,743,0,0,281,503,873,989,1055,983,aro0921,lean_left,1
691,1789976582.798146,0,0,0,0,0,265,530,519,391,159,0,0,82,117,93,79,151,647,718,701,683,822,739,765,0,0,290,536,896,964,1032,995,aro0921,lean_left,1
692,1789976582.818160,0,0,0,0,0,267,524,540,397,167,0,0,79,115,71,83,159,617,697,747,701,839,749,739,0,0,260,530,854,1008,1015,959,aro0921,lean_left,1
693,1789976582.838118,0,0,0,0,0,245,509,523,407,175,0,0,73,103,84,93,134,651,682,733,662,799,755,745,0,0,263,501,859,988,1053,955,aro0921,lean_left,1
694,1789976582.858114,0,0,0,0,0,239,520,533,413,169,0,0,79,93,77,85,153,620,687,739,675,795,752,751,0,0,293,499,852,1001,1071,977,aro0921,lean_left,1
695,1789976582.878171,0,0,0,0,0,261,536,520,393,178,0,0,62,101,93,109,125,615,721,723,685,843,759,723,0,0,308,477,877,999,1067,941,aro0921,lean_left,1
696,1789976582.898137,0,0,0,0,0,253,523,532,400,171,0,0,83,107,84,99,141,645,701,713,680,814,760,755,0,0,303,499,873,979,1045,975,aro0921,lean_left,1
697,1789976582.918152,0,0,0,0,0,261,525,539,392,163,0,0,91,105,95,94,140,619,727,693,667,837,787,761,0,0,295,507,885,943,1029,953,aro0921,lean_left,1
698,1789976582.938172,0,0,0,0,0,243,525,509,395,163,0,0,77,101,92,88,141,629,683,727,671,825,751,755,0,0,287,487,859,957,1050,941,aro0921,lean_left,1
699,1789976582.958174,0,0,0,0,0,266,532,521,403,165,0,0,85,100,75,100,139,664,691,725,697,792,773,751,0,0,305,477,903,1001,1021,999,aro0921,lean_left,1
700,1789976582.978151,0,0,0,0,0,268,495,537,412,166,0,0,100,121,87,93,124,616,695,739,659,827,788,719,0,0,281,491,909,1003,1051,1001,aro0921,lean_left,1
701,1789976582.998139,0,0,0,0,0,243,533,519,398,165,0,0,101,105,71,107,126,637,713,703,695,811,743,754,0,0,268,505,871,957,1063,985,aro0921,lean_left,1
702,1789976583.018605,0,0,0,0,0,251,521,521,414,163,0,0,87,89,102,100,139,637,716,697,665,797,781,775,0,0,309,476,863,1011,1035,973,aro0921,lean_left,1
703,1789976583.038213,0,0,0,0,0,245,521,523,411,181,0,0,75,103,71,93,127,648,687,731,677,794,767,739,0,0,311,490,877,995,1067,953,aro0921,lean_left,1
704,1789976583.058138,0,0,0,0,0,271,520,517,413,170,0,0,70,115,95,98,127,655,723,742,665,788,727,756,0,0,280,479,884,973,1078,947,aro0921,lean_left,1
705,1789976583.078154,0,0,0,0,0,249,533,536,413,167,0,0,72,111,98,110,153,659,723,743,663,827,776,765,0,0,339,492,889,956,1069,947,aro0921,lean_left,1
706,1789976583.098147,0,0,0,0,0,251,523,529,399,172,0,0,85,101,85,99,139,645,709,717,681,821,760,747,0,0,300,499,877,979,1048,979,aro0921,lean_left,1
707,1789976583.118189,0,0,0,0,0,266,505,530,403,185,0,0,91,101,83,99,127,647,715,717,666,795,765,748,0,0,302,501,877,999,1033,968,aro0921,lean_left,1
708,1789976583.137530,0,0,0,0,0,265,523,533,395,183,0,0,74,112,75,107,135,647,699,709,696,810,747,749,0,0,295,499,867,969,1032,987,aro0921,lean_left,1
709,1789976583.158202,0,0,0,0,0,255,507,519,414,180,0,0,61,115,100,95,133,647,665,740,695,799,741,727,0,0,280,529,905,959,1061,989,aro0921,lean_left,1
710,1789976583.178132,0,0,0,0,0,267,531,537,413,185,0,0,89,101,84,105,125,651,715,740,709,823,733,777,0,0,287,459,859,1010,1085,1007,aro0921,lean_left,1
711,1789976583.198153,0,0,0,0,0,251,507,520,409,177,0,0,79,86,87,85,155,636,709,709,675,813,777,764,0,0,313,523,877,978,1053,966,aro0921,lean_left,1
712,1789976583.218194,0,0,0,0,0,251,505,527,405,175,0,0,85,117,73,93,135,621,717,728,698,797,761,739,0,0,295,479,875,973,1073,959,aro0921,lean_left,1
713,1789976583.238134,0,0,0,0,0,264,509,539,393,164,0,0,73,85,73,103,147,651,717,731,659,805,767,749,0,0,283,490,891,965,1077,949,aro0921,lean_left,1
714,1789976583.258159,0,0,0,0,0,265,521,507,406,165,0,0,90,89,79,117,155,649,691,749,663,805,761,767,0,0,276,475,895,965,1063,979,aro0921,lean_left,1
715,1789976583.278187,0,0,0,0,0,269,509,524,408,173,0,0,73,111,78,89,141,645,717,697,664,800,787,747,0,0,303,481,877,979,1019,1001,aro0921,lean_left,1
716,1789976583.298124,0,0,0,0,0,253,521,531,403,172,0,0,84,105,84,87,140,634,701,723,683,807,759,750,0,0,298,520,879,979,1047,978,aro0921,lean_left,1
717,1789976583.318128,0,0,0,0,0,251,531,529,411,184,0,0,78,101,71,94,141,633,701,727,665,819,759,747,0,0,295,476,901,984,1049,953,aro0921,lean_left,1
718,1789976583.338154,0,0,0,0,0,244,529,505,405,171,0,0,85,95,72,107,152,652,691,732,693,829,755,755,0,0,283,506,861,967,1061,955,aro0921,lean_left,1
719,1789976583.358200,0,0,0,0,0,249,503,517,403,168,0,0,91,102,85,91,153,603,701,721,691,819,781,741,0,0,273,478,886,982,1081,951,aro0921,lean_left,1
720,1789976583.378170,0,0,0,0,0,243,505,527,395,175,0,0,98,99,77,109,137,639,683,735,701,787,775,732,0,0,283,503,905,957,1021,953,aro0921,lean_left,1
721,1789976583.398139,0,0,0,0,0,260,521,509,402,175,0,0,75,106,93,95,150,628,679,735,695,825,746,735,0,0,281,483,892,995,1039,989,aro0921,lean_left,1
722,1789976583.418222,0,0,0,0,0,265,535,535,403,159,0,0,59,119,82,119,127,648,679,717,701,811,743,733,0,0,281,475,859,947,1037,985,aro0921,lean_left,1
723,1789976583.438165,0,0,0,0,0,263,505,519,393,160,0,0,85,105,75,89,125,653,691,723,691,794,747,740,0,0,286,527,903,969,1034,999,aro0921,lean_left,1
724,1789976583.458165,0,0,0,0,0,252,529,521,395,181,0,0,93,103,89,107,123,620,717,715,678,831,741,731,0,0,271,485,906,1004,1081,959,aro0921,lean_left,1
725,1789976583.478179,0,0,0,0,0,267,521,532,383,156,0,0,101,103,71,109,141,620,713,739,677,845,787,740,0,0,281,494,895,1004,1041,952,aro0921,lean_left,1
726,1789976583.498129,0,0,0,0,0,247,518,533,408,181,0,0,99,94,77,85,155,617,687,717,676,804,764,747,0,0,285,489,888,991,1075,985,aro0921,lean_left,1
727,1789976583.518139,0,0,0,0,0,244,533,509,407,159,0,0,99,90,78,95,155,653,711,696,701,795,757,743,0,0,287,479,887,987,1080,981,aro0921,lean_left,1
728,1789976583.538193,0,0,0,0,0,247,505,522,409,167,0,0,98,101,85,106,139,626,710,731,683,831,741,760,0,0,303,485,885,974,1035,983,aro0921,lean_left,1
729,1789976583.558125,0,0,0,0,0,253,521,531,389,173,0,0,83,123,83,111,131,621,679,740,702,827,744,727,0,0,277,526,895,1005,1061,948,aro0921,lean_left,1
730,1789976583.578144,0,0,0,0,0,247,529,533,403,164,0,0,89,91,95,109,125,613,682,699,702,793,789,741,0,0,313,479,901,956,1079,965,aro0921,lean_left,1
731,1789976583.598211,0,0,0,0,0,247,521,525,399,168,0,0,73,105,83,88,147,633,696,719,683,809,759,746,0,0,298,502,887,979,1055,975,aro0921,lean_left,1
732,1789976583.618181,0,0,0,0,0,255,533,523,403,164,0,0,85,107,83,100,140,635,700,721,702,793,758,751,0,0,295,499,889,995,1049,973,aro0921,lean_left,1
733,1789976583.638144,0,0,0,0,0,268,509,517,393,185,0,0,81,103,71,87,153,635,715,699,681,837,780,756,0,0,279,520,861,964,1043,973,aro0921,lean_left,1
734,1789976583.657485,0,0,0,0,0,249,507,529,399,179,0,0,75,121,87,88,126,623,712,714,676,825,766,751,0,0,313,492,903,991,1075,987,aro0921,lean_left,1
735,1789976583.678203,0,0,0,0,0,265,507,533,419,133,0,0,92,81,93,105,133,653,687,702,701,843,733,727,0,0,312,503,901,991,1076,949,aro0921,lean_left,1
736,1789976583.698142,0,0,0,0,0,265,520,517,392,181,0,0,89,90,89,85,143,650,718,701,671,829,745,751,0,0,312,479,895,997,1031,983,aro0921,lean_left,1
737,1789976583.718135,0,0,0,0,0,269,525,535,419,153,0,0,101,89,105,81,141,645,677,730,714,795,787,762,0,0,285,490,903,1021,1003,941,aro0921,lean_left,1
738,1789976583.738195,0,0,0,0,0,247,525,519,391,180,0,0,89,116,71,87,150,631,713,730,671,807,775,763,0,0,309,475,893,957,1030,1001,aro0921,lean_left,1
739,1789976583.758152,0,0,0,0,0,268,505,532,408,171,0,0,93,93,75,89,153,622,699,739,669,829,758,743,0,0,291,489,895,981,1047,999,aro0921,lean_left,1
740,1789976583.778165,0,0,0,0,0,248,519,525,391,179,0,0,77,107,61,111,140,631,677,740,695,841,733,727,0,0,282,476,861,981,1068,948,aro0921,lean_left,1
741,1789976583.798150,0,0,0,0,0,254,519,522,401,171,0,0,81,106,82,99,140,633,697,723,683,820,759,747,0,0,298,501,879,983,1051,971,aro0921,lean_left,1
742,1789976583.818179,0,0,0,0,0,255,505,503,397,181,0,0,85,105,79,99,151,645,713,697,715,829,778,745,0,42,298,495,903,987,1079,949,aro0921,lean_left,1
743,1789976583.838155,0,0,0,0,0,249,508,508,397,183,0,0,90,103,93,95,135,647,696,701,695,823,773,756,0,0,303,517,861,987,1059,959,aro0921,lean_left,1
744,1789976583.858148,0,0,0,0,0,254,517,533,399,181,0,0,72,91,89,89,151,651,691,715,667,831,737,761,0,0,312,490,873,1003,1032,957,aro0921,lean_left,1
745,1789976583.878166,0,0,0,0,0,264,517,508,413,167,0,0,83,107,91,91,136,631,711,703,695,821,746,728,0,0,285,495,857,1001,1075,949,aro0921,lean_left,1
746,1789976583.898124,0,0,0,0,0,263,531,521,391,175,0,0,93,107,73,83,155,631,711,732,687,798,757,735,0,0,263,473,896,1003,1055,957,aro0921,lean_left,1
747,1789976583.918141,0,0,0,0,0,245,509,531,409,175,0,0,82,116,86,111,127,617,713,723,667,794,741,729,0,0,281,522,894,957,1080,955,aro0921,lean_left,1
748,1789976583.938184,0,0,0,0,0,264,505,506,404,180,0,0,75,93,77,87,139,647,716,711,668,831,764,756,0,0,307,493,893,1007,1065,973,aro0921,lean_left,1
749,1789976583.958202,0,0,0,0,0,263,521,517,408,179,0,0,76,87,69,87,123,619,684,739,677,792,741,751,0,0,291,505,859,957,1071,959,aro0921,lean_left,1
750,1789976583.978137,0,0,0,0,0,251,507,531,383,157,0,0,87,112,85,85,134,632,717,699,663,811,759,726,0,0,313,494,894,1003,1019,943,aro0921,lean_left,1
751,1789976583.998155,0,0,0,0,0,261,521,523,397,171,0,0,79,103,83,97,140,632,699,717,685,815,758,748,0,0,295,491,879,983,1053,985,aro0921,lean_left,1
752,1789976584.018199,0,0,0,0,0,265,529,523,381,173,0,0,77,103,89,100,140,645,697,738,698,826,739,729,0,0,295,495,873,967,1059,971,aro0921,lean_left,1
753,1789976584.038137,0,0,0,0,0,253,529,519,397,165,0,0,86,101,95,103,124,617,716,729,690,809,751,731,0,0,327,472,901,1000,1055,998,aro0921,lean_left,1
754,1789976584.058118,0,0,0,0,0,245,520,519,403,159,0,0,61,91,61,113,155,650,717,735,668,837,767,728,0,0,293,473,892,1004,1051,971,aro0921,lean_left,1
755,1789976584.078184,0,0,0,0,0,271,504,527,405,184,0,0,61,89,85,93,153,623,726,709,663,850,733,775,0,0,308,507,879,1017,1021,979,aro0921,lean_left,1
756,1789976584.098120,0,0,0,0,0,265,506,535,403,180,0,0,75,91,99,107,147,618,713,715,682,819,779,774,0,0,281,489,894,964,1077,953,aro0921,lean_left,1
757,1789976584.118131,0,0,0,0,0,251,530,519,413,183,0,0,63,107,81,114,141,652,687,714,690,820,743,731,0,0,296,507,893,995,1019,1007,aro0921,lean_left,1
758,1789976584.138168,0,0,0,0,0,247,524,531,394,178,0,0,71,103,73,94,148,639,715,723,685,819,757,762,0,0,285,500,867,1001,1034,967,aro0921,lean_left,1
759,1789976584.158147,0,0,0,0,0,244,527,504,394,171,0,0,95,87,85,89,153,616,712,723,711,821,744,731,0,0,294,467,857,977,1074,983,aro0921,lean_left,1
760,1789976584.178279,0,0,0,0,0,249,531,507,397,127,0,0,88,89,85,89,151,647,713,693,668,800,779,779,0,0,295,463,913,987,1064,1007,aro0921,lean_left,1
761,1789976584.198254,0,0,0,0,0,253,517,520,388,175,0,0,75,101,84,83,137,635,695,721,687,824,760,748,0,0,296,485,879,987,1045,967,aro0921,lean_left,1
762,1789976584.218195,0,0,0,0,0,263,527,521,411,167,0,0,73,91,83,99,141,633,696,719,663,821,751,751,0,0,301,489,893,1003,1055,953,aro0921,lean_left,1
763,1789976584.238143,0,0,0,0,0,265,505,533,377,171,0,0,87,93,83,103,141,646,717,731,669,785,743,755,0,0,313,501,887,1000,1071,995,aro0921,lean_left,1
764,1789976584.258142,0,0,0,0,0,265,504,537,395,163,0,0,59,77,69,85,125,637,713,717,659,825,777,772,0,0,267,469,891,1005,1023,1011,aro0921,lean_left,1
765,1789976584.278176,0,0,0,0,0,239,503,521,389,169,0,0,75,103,86,107,147,650,711,717,699,844,787,729,0,0,291,467,905,1006,1055,1003,aro0921,lean_left,1
766,1789976584.298149,0,0,0,0,0,261,527,537,405,167,0,0,78,94,72,94,126,631,703,733,671,829,777,761,0,0,281,475,877,956,1075,959,aro0921,lean_left,1
767,1789976584.318138,0,0,0,0,0,239,524,519,420,183,0,0,73,77,87,92,141,615,677,697,701,852,779,742,0,0,274,483,863,968,1051,986,aro0921,lean_left,1
768,1789976584.338196,0,0,0,0,0,260,527,523,391,167,0,0,79,99,75,114,152,653,692,713,710,823,745,773,0,0,279,491,904,981,1061,955,aro0921,lean_left,1
769,1789976584.358155,0,0,0,0,0,267,503,517,401,154,0,0,59,116,71,118,141,615,691,727,669,800,739,738,0,0,281,470,905,987,1033,1005,aro0921,lean_left,1
770,1789976584.378144,0,0,0,0,0,249,495,509,393,163,0,0,70,111,68,105,133,630,677,728,686,809,749,729,0,0,277,463,878,1003,1049,1007,aro0921,lean_left,1
771,1789976584.398182,0,0,0,0,0,252,520,529,399,171,0,0,73,93,92,109,153,632,713,729,685,815,761,749,0,0,297,483,878,981,1050,972,aro0921,lean_left,1
772,1789976584.418186,0,0,0,0,0,261,518,522,403,171,0,0,75,101,83,93,139,633,696,723,686,815,763,751,0,0,295,483,903,975,1053,969,aro0921,lean_left,1
773,1789976584.438151,0,0,0,0,0,267,508,507,419,182,0,0,67,95,75,87,125,647,713,731,699,799,744,744,0,0,311,489,887,1007,1033,997,aro0921,lean_left,1
774,1789976584.458168,0,0,0,0,0,263,524,509,404,165,0,0,94,116,91,93,147,635,715,703,663,844,761,711,0,0,285,459,855,965,1065,969,aro0921,lean_left,1
775,1789976584.478202,0,0,0,0,0,237,503,529,407,163,0,0,88,98,88,109,122,653,682,715,700,822,765,761,0,0,312,473,883,987,1049,959,aro0921,lean_left,1
776,1789976584.498167,0,0,0,0,0,243,520,522,389,173,0,0,59,88,81,108,151,627,715,721,697,823,776,749,0,0,307,463,875,985,1075,950,aro0921,lean_left,1
777,1789976584.518139,0,0,0,0,0,265,505,532,412,183,0,0,87,92,69,105,151,611,697,695,700,805,763,778,0,0,277,477,857,949,1043,957,aro0921,lean_left,1
778,1789976584.538190,0,0,0,0,0,264,520,503,405,171,0,0,62,89,67,103,140,628,695,740,677,798,761,751,0,0,299,487,859,1003,1007,986,aro0921,lean_left,1
779,1789976584.558201,0,0,0,0,0,247,503,529,397,183,0,0,58,85,99,99,125,635,685,729,687,837,777,775,0,0,329,469,873,1005,1031,971,aro0921,lean_left,1
780,1789976584.577505,0,0,0,0,0,248,525,529,407,173,0,0,75,91,79,105,146,607,679,717,668,793,739,757,0,0,293,468,891,999,1066,978,aro0921,lean_left,1
781,1789976584.598231,0,0,0,0,0,245,517,519,403,169,0,0,79,87,85,107,141,632,698,713,685,819,760,760,0,0,280,457,877,982,1051,979,aro0921,lean_left,1
782,1789976584.618198,0,0,0,0,0,252,520,519,399,170,0,0,76,99,85,95,139,633,693,723,690,819,776,750,0,0,293,483,875,984,1051,980,aro0921,lean_left,1
783,1789976584.638195,0,0,0,0,0,247,507,523,395,183,0,0,71,103,81,101,121,638,712,703,710,820,740,741,0,0,275,475,875,953,1021,973,aro0921,lean_left,1
784,1789976584.658171,0,0,0,0,0,253,503,525,401,169,0,0,75,103,83,99,139,631,697,724,684,831,761,754,0,0,295,479,878,986,1051,984,aro0921,lean_left,1
785,1789976584.678220,0,0,0,0,0,262,531,522,393,180,0,0,77,99,83,99,141,635,695,719,671,809,751,738,0,0,295,477,861,1003,1045,973,aro0921,lean_left,1
786,1789976584.698192,0,0,0,0,0,251,519,523,399,168,0,0,77,99,82,99,141,635,699,719,687,819,759,748,0,0,293,482,873,983,1055,979,aro0921,lean_left,1
787,1789976584.718156,0,0,0,0,0,260,493,537,412,182,0,0,77,103,87,101,140,628,723,697,711,800,763,744,0,0,295,397,866,1015,1017,975,aro0921,lean_left,1
788,1789976584.738196,0,0,0,0,0,244,503,533,405,179,0,0,63,93,83,99,135,634,681,725,679,821,777,763,0,0,286,479,877,967,1045,1002,aro0921,lean_left,1
789,1789976584.758153,0,0,0,0,0,262,503,529,398,181,0,0,85,117,85,109,147,637,679,727,679,829,760,731,0,0,283,457,888,1000,1043,967,aro0921,lean_left,1
790,1789976584.778155,0,0,0,0,0,249,501,527,397,183,0,0,89,99,75,88,150,630,715,701,691,795,786,740,0,0,280,483,895,969,1075,947,aro0921,lean_left,1
791,1789976584.798185,0,0,0,0,0,246,501,509,398,159,0,0,61,85,91,103,148,629,687,739,683,799,743,749,0,0,315,491,891,999,1067,957,aro0921,lean_left,1
792,1789976584.818180,0,0,0,0,0,245,531,541,403,169,0,0,71,89,71,83,124,659,722,742,663,837,761,741,0,0,319,499,861,1011,1066,981,aro0921,lean_left,1
793,1789976584.838158,0,0,0,0,0,267,504,519,397,179,0,0,69,89,89,88,153,651,699,717,681,829,776,763,0,0,311,463,878,1005,1031,953,aro0921,lean_left,1
794,1789976584.858164,0,0,0,0,0,249,523,530,414,181,0,0,89,85,91,85,139,613,703,728,665,805,747,733,0,0,285,469,903,995,1083,984,aro0921,lean_left,1
795,1789976584.877486,0,0,0,0,0,267,533,524,391,173,0,0,73,109,64,104,123,617,717,728,687,807,775,760,0,0,271,495,849,955,1037,984,aro0921,lean_left,1
796,1789976584.897236,0,0,0,0,0,253,517,527,406,170,0,0,76,103,81,103,138,638,697,717,683,816,763,750,0,0,292,471,877,987,1052,968,aro0921,lean_left,1
797,1789976584.917245,0,0,0,0,0,239,520,549,421,180,0,0,93,117,95,99,159,619,679,751,666,799,742,751,0,0,280,494,883,1006,1082,959,aro0921,lean_left,1
798,1789976584.937351,0,0,0,0,0,247,522,520,398,171,0,0,71,87,95,107,125,623,711,737,683,809,775,765,0,0,281,483,866,1001,1033,969,aro0921,lean_left,1
799,1789976584.957282,0,0,0,0,0,267,531,531,407,157,0,0,55,87,75,58,151,619,681,747,709,807,747,749,0,0,301,467,853,967,1032,973,aro0921,lean_left,1
800,1789976584.977239,0,0,0,0,0,239,505,537,405,183,0,0,89,105,75,91,146,613,712,732,664,851,747,747,0,0,285,469,890,995,1075,995,aro0921,lean_left,1
801,1789976584.997249,0,0,0,0,0,246,523,525,409,165,0,0,85,114,73,91,123,620,711,708,671,806,759,747,0,0,293,461,876,988,1076,955,aro0921,lean_left,1
802,1789976585.017260,0,0,0,0,0,253,499,540,395,183,0,0,77,111,91,108,119,596,691,735,675,813,777,726,0,0,307,495,859,1001,1065,995,aro0921,lean_left,1
803,1789976585.037257,0,0,0,0,0,251,509,534,415,167,0,0,62,109,71,93,123,655,701,733,672,802,745,735,0,0,305,475,873,997,1053,998,aro0921,lean_left,1
804,1789976585.057360,0,0,0,0,0,268,521,524,411,180,0,0,71,111,93,87,141,651,693,714,691,826,749,723,0,0,325,453,891,973,1045,967,aro0921,lean_left,1
805,1789976585.077310,0,0,0,0,0,248,519,527,401,166,0,0,83,99,71,84,153,661,687,693,698,799,792,733,0,0,271,491,849,1007,1071,949,aro0921,lean_left,1
806,1789976585.097236,0,0,0,0,0,254,509,529,405,171,0,0,73,93,83,93,140,629,699,719,681,819,762,754,0,0,295,477,895,981,1055,983,aro0921,lean_left,1
807,1789976585.117236,0,0,0,0,0,251,530,534,405,171,0,0,75,102,83,99,137,615,702,729,693,823,731,729,0,0,297,495,889,1005,1081,983,aro0921,lean_left,1
808,1789976585.137276,0,0,0,0,0,247,529,529,397,169,0,0,75,89,84,89,141,627,714,713,701,822,747,749,0,0,285,487,895,973,1077,959,aro0921,lean_left,1
809,1789976585.157640,0,0,0,0,0,247,501,520,391,165,0,0,89,118,89,87,141,636,713,699,709,819,782,783,0,0,279,476,881,957,1070,969,aro0921,lean_left,1
810,1789976585.177262,0,0,0,0,0,251,505,537,366,175,0,0,89,104,89,91,149,638,715,731,710,846,757,745,0,0,277,486,907,1007,1023,1007,aro0921,lean_left,1
811,1789976585.198090,0,0,0,0,0,247,523,532,411,167,0,0,99,103,91,88,95,629,713,703,675,825,775,755,0,0,286,473,869,984,1069,1000,aro0921,lean_left,1
812,1789976585.217762,0,0,0,0,0,251,495,540,411,171,0,0,67,81,79,107,149,613,699,750,663,807,749,729,0,0,301,453,861,987,1045,988,aro0921,lean_left,1
813,1789976585.238237,0,0,0,0,0,253,509,523,401,180,0,0,59,101,86,91,141,617,687,723,709,815,745,765,0,0,283,459,860,1003,1077,1003,aro0921,lean_left,1
814,1789976585.258282,0,0,0,0,0,263,502,529,393,157,0,0,91,79,63,101,117,651,715,711,665,837,782,765,0,0,313,507,915,959,1004,953,aro0921,lean_left,1
815,1789976585.278004,0,0,0,0,0,255,501,523,391,181,0,0,59,87,92,83,126,612,683,739,681,853,752,727,0,0,295,491,889,1011,1061,956,aro0921,lean_left,1
816,1789976585.298261,0,0,0,0,0,250,509,529,401,171,0,0,71,94,87,95,141,633,699,716,681,824,760,763,0,0,294,476,870,990,1047,983,aro0921,lean_left,1
817,1789976585.318365,0,0,0,0,0,262,517,520,406,175,0,0,69,91,85,77,133,614,681,723,691,843,749,746,0,0,293,473,871,967,1055,997,aro0921,lean_left,1
818,1789976585.338229,0,0,0,0,0,244,523,518,411,179,0,0,63,89,71,85,121,637,693,734,709,820,745,760,0,0,285,467,875,957,1078,987,aro0921,lean_left,1
819,1789976585.358224,0,0,0,0,0,253,507,527,397,169,0,0,85,100,63,93,149,639,703,699,700,806,765,740,0,0,310,477,861,1013,1029,1011,aro0921,lean_left,1
820,1789976585.378200,0,0,0,0,0,265,503,537,395,184,0,0,85,72,61,99,139,621,681,743,669,843,741,745,0,0,279,478,889,997,1043,989,aro0921,lean_left,1
821,1789976585.398251,0,0,0,0,0,250,508,523,396,175,0,0,63,74,75,81,146,635,695,703,671,839,749,743,0,0,281,491,891,969,1075,1001,aro0921,lean_left,1
822,1789976585.418360,0,0,0,0,0,263,529,529,389,173,0,0,87,93,57,77,143,614,703,737,690,828,756,744,0,0,286,490,853,990,1045,955,aro0921,lean_left,1
823,1789976585.438194,0,0,0,0,0,249,499,535,407,173,0,0,71,85,61,91,137,619,668,738,668,815,787,735,0,0,277,487,870,991,1053,1008,aro0921,lean_left,1
824,1789976585.458292,0,0,0,0,0,261,498,530,413,153,0,0,82,59,90,100,117,653,684,691,702,853,747,735,0,0,297,456,855,967,1048,981,aro0921,lean_left,1
825,1789976585.478205,0,0,0,0,0,235,522,524,397,165,0,0,77,47,93,79,133,613,695,729,681,805,759,731,0,0,302,451,855,951,1067,979,aro0921,lean_left,1
826,1789976585.498213,0,0,0,0,0,247,504,525,398,171,0,0,71,73,75,91,126,627,687,718,684,829,755,751,0,0,297,455,882,983,1064,983,aro0921,lean_left,1
827,1789976585.518186,0,0,0,0,0,249,521,525,391,171,0,0,69,75,72,91,135,629,691,723,699,823,743,777,0,0,298,471,889,972,1030,965,aro0921,lean_left,1
828,1789976585.538199,0,0,0,0,0,236,493,525,409,159,0,0,58,88,69,104,121,649,686,711,697,837,782,757,0,0,267,485,891,997,1075,971,aro0921,lean_left,1
829,1789976585.558157,0,0,0,0,0,237,494,535,408,163,0,0,91,86,57,99,133,613,695,731,694,822,780,765,0,0,279,477,861,959,1060,985,aro0921,lean_left,1
830,1789976585.578173,0,0,0,0,0,248,493,524,397,183,0,0,82,83,83,85,117,607,709,728,666,855,743,733,0,0,271,475,887,1013,1071,988,aro0921,lean_left,1
831,1789976585.598210,0,0,0,0,0,245,504,530,405,163,0,0,77,59,87,89,112,615,695,732,697,821,778,739,0,0,281,468,893,973,1061,971,aro0921,lean_left,1
832,1789976585.618160,0,0,0,0,0,265,499,519,393,179,0,0,50,86,89,87,111,605,670,733,711,813,739,697,0,0,299,467,903,983,1075,979,aro0921,lean_left,1
833,1789976585.638161,0,0,0,0,0,247,493,533,397,187,0,0,77,54,69,103,133,611,686,730,669,844,787,777,0,0,278,475,861,1001,1071,967,aro0921,lean_left,1
834,1789976585.658188,0,0,0,0,0,249,494,526,410,163,0,0,59,54,77,77,138,611,699,738,697,829,765,734,0,0,297,447,895,969,1055,971,aro0921,lean_left,1
835,1789976585.678241,0,0,0,0,0,251,507,527,391,189,0,0,76,79,76,99,115,645,703,731,701,842,773,739,0,0,279,445,873,971,1043,965,aro0921,lean_left,1
836,1789976585.697537,0,0,0,0,0,245,503,521,397,169,0,0,72,63,75,90,125,629,694,719,687,827,762,755,0,0,294,472,883,983,1063,985,aro0921,lean_left,1
837,1789976585.718228,0,0,0,0,0,245,519,508,408,171,0,0,68,63,75,92,124,623,687,711,663,825,765,755,0,0,291,468,895,958,1060,920,aro0921,lean_left,1
838,1789976585.738180,0,0,0,0,0,231,499,520,392,158,0,0,75,52,60,83,119,615,711,717,676,845,777,745,0,0,277,458,876,985,1079,991,aro0921,lean_left,1
839,1789976585.758225,0,0,0,0,0,249,504,520,396,183,0,0,77,73,85,89,131,652,722,717,703,828,745,757,0,0,271,479,893,1003,1049,1006,aro0921,lean_left,1
840,1789976585.778163,0,0,0,0,0,249,505,521,396,171,0,0,55,57,77,93,141,633,711,734,686,839,743,774,0,0,281,448,886,981,1079,1005,aro0921,lean_left,1
841,1789976585.798221,0,0,0,0,0,234,503,509,397,174,0,0,66,61,90,75,122,613,691,733,669,812,773,713,0,0,307,445,901,986,1049,982,aro0921,lean_left,1
842,1789976585.818156,0,0,0,0,0,245,497,489,375,173,0,0,69,61,83,77,145,649,683,717,711,850,756,775,0,0,307,495,857,1000,1029,1013,aro0921,lean_left,1
843,1789976585.838149,0,0,0,0,0,227,517,507,393,163,0,0,55,57,70,93,147,627,675,731,671,813,757,743,0,0,297,458,868,999,1045,967,aro0921,lean_left,1
844,1789976585.858250,0,0,0,0,0,227,503,508,395,159,0,0,83,59,85,102,111,629,684,733,696,844,745,767,0,0,296,457,873,993,1051,969,aro0921,lean_left,1
845,1789976585.878158,0,0,0,0,0,243,485,491,381,169,0,0,75,57,91,91,116,629,711,713,695,821,777,729,0,0,280,468,903,1006,1069,959,aro0921,lean_left,1
846,1789976585.898210,0,0,0,0,0,238,493,499,391,170,0,0,61,71,73,90,124,627,687,725,685,823,761,756,0,0,293,467,883,979,1052,984,aro0921,lean_left,1
847,1789976585.918202,0,0,0,0,0,243,491,489,399,151,0,0,69,73,72,87,115,606,714,747,701,821,787,760,0,0,265,462,869,1013,1033,965,aro0921,lean_left,1
848,1789976585.938178,0,0,0,0,0,233,503,506,392,162,0,0,72,77,62,89,134,613,697,729,696,826,751,739,0,0,269,477,871,969,1093,983,aro0921,lean_left,1
849,1789976585.958162,0,0,0,0,0,236,491,493,379,167,0,0,61,73,73,103,120,629,709,717,709,813,777,767,0,0,301,454,869,965,1043,1015,aro0921,lean_left,1
850,1789976585.978200,0,0,0,0,0,250,485,491,405,162,0,0,61,55,88,94,119,617,712,729,684,860,735,749,0,0,269,477,905,953,1049,1008,aro0921,lean_left,1
851,1789976585.998197,0,0,0,0,0,245,509,501,381,173,0,0,73,60,85,88,123,623,701,717,723,821,763,743,0,0,307,441,893,1002,1075,965,aro0921,lean_left,1
852,1789976586.018187,0,0,0,0,0,263,507,517,407,173,0,0,59,85,77,77,117,607,693,741,691,851,790,767,0,0,265,389,861,1014,1070,1004,aro0921,lean_left,1
853,1789976586.038178,0,0,0,0,0,243,489,524,401,179,0,0,78,59,77,102,127,615,697,709,712,823,752,760,0,0,307,477,875,973,1061,969,aro0921,lean_left,1
854,1789976586.058202,0,0,0,0,0,254,509,533,388,187,0,0,89,87,79,87,116,617,687,711,678,854,764,773,0,0,285,478,905,1007,1042,981,aro0921,lean_left,1
855,1789976586.078190,0,0,0,0,0,251,498,507,412,167,0,0,75,79,59,99,135,651,703,713,675,829,795,757,0,0,265,479,869,967,1023,1018,aro0921,lean_left,1
856,1789976586.098165,0,0,0,0,0,247,503,520,401,175,0,0,63,75,75,92,133,629,701,725,696,840,765,758,0,0,291,461,883,991,1049,982,aro0921,lean_left,1
857,1789976586.118214,0,0,0,0,0,261,510,523,397,158,0,0,75,73,77,91,133,637,695,695,714,846,743,780,0,0,293,461,888,951,1050,1003,aro0921,lean_left,1
858,1789976586.138207,0,0,0,0,0,251,499,530,395,171,0,0,76,77,81,83,121,618,711,719,713,821,778,776,0,0,280,471,866,982,1055,975,aro0921,lean_left,1
859,1789976586.158162,0,0,0,0,0,255,509,529,395,175,0,0,57,71,76,89,143,609,703,723,703,853,751,744,0,0,288,472,875,1005,1081,956,aro0921,lean_left,1
860,1789976586.178272,0,0,0,0,0,267,519,535,412,171,0,0,79,61,82,85,123,611,698,742,679,827,797,763,0,0,279,456,877,1003,1031,1011,aro0921,lean_left,1
861,1789976586.198235,0,0,0,0,0,246,507,509,395,165,0,0,68,87,83,89,119,629,713,719,701,850,749,776,0,0,311,483,861,981,1019,1003,aro0921,lean_left,1
862,1789976586.218210,0,0,0,0,0,264,507,527,393,165,0,0,77,85,61,103,112,621,712,709,715,859,791,739,0,0,276,476,859,1001,1021,997,aro0921,lean_left,1
863,1789976586.238212,0,0,0,0,0,262,495,535,413,165,0,0,54,71,83,81,136,637,679,699,713,861,749,741,0,0,269,477,880,987,1077,957,aro0921,lean_left,1
864,1789976586.258227,0,0,0,0,0,263,507,517,411,166,0,0,77,58,73,83,120,621,723,723,703,819,791,735,0,0,311,447,854,959,1080,983,aro0921,lean_left,1
865,1789976586.278192,0,0,0,0,0,255,525,536,399,163,0,0,72,57,75,77,121,611,685,729,677,867,747,731,0,0,283,475,903,975,1067,953,aro0921,lean_left,1
866,1789976586.298187,0,0,0,0,0,253,507,530,405,175,0,0,67,60,71,89,112,627,693,723,695,844,773,755,0,0,293,458,879,989,1059,985,aro0921,lean_left,1
867,1789976586.318202,0,0,0,0,0,254,521,529,414,173,0,0,61,67,63,88,120,627,691,724,685,845,776,757,0,0,287,452,901,1003,1055,991,aro0921,lean_left,1
868,1789976586.338183,0,0,0,0,0,249,500,540,408,181,0,0,75,53,71,75,137,629,680,728,681,858,774,749,0,0,284,443,873,985,1036,999,aro0921,lean_left,1
869,1789976586.358174,0,0,0,0,0,246,499,543,409,178,0,0,57,57,47,88,140,597,701,715,715,823,773,734,0,0,296,460,903,1007,1075,1005,aro0921,lean_left,1
870,1789976586.378199,0,0,0,0,0,247,529,519,398,175,0,0,77,69,53,83,137,647,676,716,721,820,744,775,0,0,275,435,887,997,1055,959,aro0921,lean_left,1
871,1789976586.398156,0,0,0,0,0,248,523,519,395,169,0,0,55,71,76,97,135,637,677,723,681,839,765,765,0,0,287,445,873,981,1079,965,aro0921,lean_left,1
872,1789976586.418167,0,0,0,0,0,251,507,539,405,167,0,0,59,71,47,76,104,619,712,727,700,866,777,735,0,0,301,469,889,996,1069,995,aro0921,lean_left,1
873,1789976586.438212,0,0,0,0,0,252,525,539,399,175,0,0,59,39,71,79,118,605,683,743,702,851,761,739,0,0,303,436,871,1000,1059,971,aro0921,lean_left,1
874,1789976586.458183,0,0,0,0,0,239,523,517,393,181,0,0,73,37,43,89,125,636,670,723,715,841,777,776,0,0,267,443,877,989,1051,954,aro0921,lean_left,1
875,1789976586.478182,0,0,0,0,0,239,499,509,407,183,0,0,60,53,47,79,119,631,674,727,701,819,757,763,0,0,283,469,861,957,1087,957,aro0921,lean_left,1
876,1789976586.498236,0,0,0,0,0,253,505,531,406,173,0,0,56,55,43,76,109,621,689,719,700,845,777,763,0,0,271,459,872,981,1062,991,aro0921,lean_left,1
877,1789976586.518217,0,0,0,0,0,249,504,531,405,179,0,0,56,47,51,73,119,622,695,724,711,859,777,759,0,0,281,453,875,1013,1061,1015,aro0921,lean_left,1
878,1789976586.538185,0,0,0,0,0,249,499,518,397,171,0,0,62,29,47,85,125,623,703,701,691,829,794,781,0,0,293,430,895,989,1064,1011,aro0921,lean_left,1
879,1789976586.558212,0,0,0,0,0,262,503,517,393,186,0,0,55,39,61,75,103,600,709,723,691,859,751,743,0,0,307,437,855,1012,1078,985,aro0921,lean_left,1
880,1789976586.578171,0,0,0,0,0,253,504,531,408,175,0,0,62,45,57,71,123,613,669,739,717,839,752,749,0,0,306,462,885,975,1051,1015,aro0921,lean_left,1
881,1789976586.598157,0,0,0,0,0,239,504,520,397,167,0,0,53,24,37,61,125,621,685,737,701,862,793,761,0,0,295,428,887,985,1055,1003,aro0921,lean_left,1
882,1789976586.618241,0,0,0,0,0,255,510,536,419,181,0,0,41,0,26,61,95,645,697,743,716,863,752,749,0,0,263,429,885,968,1069,998,aro0921,lean_left,1
883,1789976586.638207,0,0,0,0,0,254,498,523,393,174,0,0,63,0,43,51,111,644,692,711,703,867,773,781,0,0,297,422,873,957,1044,1011,aro0921,lean_left,1
884,1789976586.658196,0,0,0,0,0,239,503,536,415,187,0,0,71,23,42,61,103,611,697,699,697,827,777,758,0,0,292,473,894,973,1087,1035,aro0921,lean_left,1
885,1789976586.678180,0,0,0,0,0,248,519,518,395,163,0,0,43,26,0,70,107,607,703,713,675,839,757,745,0,0,301,431,921,985,1079,1016,aro0921,lean_left,1
886,1789976586.697389,0,0,0,0,0,244,494,523,407,188,0,0,35,23,41,57,102,616,685,717,694,844,777,761,0,0,307,473,877,984,1063,997,aro0921,lean_left,1
887,1789976586.718198,0,0,0,0,0,243,503,524,407,174,0,0,53,24,22,61,106,626,693,735,695,845,776,775,0,0,282,447,908,987,1065,1001,aro0921,lean_left,1
888,1789976586.738184,0,0,0,0,0,251,509,531,407,165,0,0,39,0,31,56,109,631,701,729,683,862,781,760,0,0,303,431,879,1007,1083,1007,aro0921,lean_left,1
889,1789976586.758265,0,0,0,0,0,243,503,529,407,171,0,0,61,0,0,55,119,615,696,700,726,825,806,781,0,0,287,423,885,955,1063,1031,aro0921,lean_left,1
890,1789976586.778184,0,0,0,0,0,234,485,533,392,171,0,0,45,22,29,51,119,635,698,721,687,825,761,765,0,0,249,427,894,1013,1039,994,aro0921,lean_left,1
891,1789976586.798183,0,0,0,0,0,216,505,504,399,167,0,0,61,29,0,43,91,616,671,739,681,855,792,755,0,0,262,440,883,1001,1080,999,aro0921,lean_left,1
892,1789976586.818213,0,0,0,0,0,209,508,536,412,181,0,0,45,42,0,57,109,647,703,745,691,872,767,759,0,0,265,421,885,1007,1086,971,aro0921,lean_left,1
893,1789976586.838210,0,0,0,0,0,217,503,517,407,160,0,0,39,0,27,60,117,621,698,700,677,855,761,785,0,0,301,459,892,1005,1070,997,aro0921,lean_left,1
894,1789976586.858172,0,0,0,0,0,231,501,533,407,167,0,0,51,23,27,44,106,633,699,729,667,856,790,761,0,0,277,457,859,1005,1043,1031,aro0921,lean_left,1
895,1789976586.878189,0,0,0,0,0,221,479,521,403,181,0,0,59,25,0,51,98,613,667,744,693,837,767,745,0,0,269,431,903,1012,1045,1032,aro0921,lean_left,1
896,1789976586.898247,0,0,0,0,0,221,492,520,403,173,0,0,45,0,20,59,107,623,681,715,691,845,777,764,0,0,281,442,877,987,1061,1000,aro0921,lean_left,1
897,1789976586.918206,0,0,0,0,0,227,487,517,398,164,0,0,51,0,0,57,105,621,691,715,685,857,787,767,0,0,279,443,861,971,1071,1023,aro0921,lean_left,1
898,1789976586.938174,0,0,0,0,0,229,495,503,395,181,0,0,39,0,28,55,103,617,699,715,685,862,760,757,0,0,298,437,895,1015,1081,1001,aro0921,lean_left,1
899,1789976586.958225,0,0,0,0,0,230,499,504,405,163,0,0,29,0,27,74,95,621,699,709,698,823,803,787,0,0,293,445,859,983,1043,1002,aro0921,lean_left,1
900,1789976586.978165,0,0,0,0,0,248,505,527,377,180,0,0,51,28,24,60,93,601,669,728,703,856,751,772,0,0,263,446,905,957,1092,1011,aro0921,lean_left,1
901,1789976586.998173,0,0,0,0,0,243,487,500,402,183,0,0,63,30,25,45,93,605,709,695,677,839,795,767,0,0,264,463,891,1001,1061,1012,aro0921,lean_left,1
902,1789976587.018239,0,0,0,0,0,253,500,505,403,189,0,0,63,0,26,56,124,647,675,727,679,824,775,755,0,0,293,431,904,989,1045,975,aro0921,lean_left,1
903,1789976587.038180,0,0,0,0,0,235,485,509,409,165,0,0,44,35,21,73,105,612,699,711,696,829,781,731,0,0,297,437,895,997,1085,1013,aro0921,lean_left,1
904,1789976587.058173,0,0,0,0,0,228,485,532,406,187,0,0,69,21,0,68,122,605,713,715,693,829,795,749,0,0,261,428,905,1007,1094,969,aro0921,lean_left,1
905,1789976587.078209,0,0,0,0,0,227,505,527,392,179,0,0,62,25,28,63,109,637,668,697,679,825,767,757,0,0,293,427,851,1005,1086,1002,aro0921,lean_left,1
906,1789976587.098173,0,0,0,0,0,237,490,517,395,173,0,0,52,25,29,75,115,621,687,712,689,843,775,759,0,0,283,447,877,988,1066,999,aro0921,lean_left,1
907,1789976587.118210,0,0,0,0,0,236,491,507,395,172,0,0,53,27,30,61,117,627,687,724,691,843,766,765,0,0,281,443,885,985,1066,996,aro0921,lean_left,1
908,1789976587.138220,0,0,0,0,0,235,490,508,395,169,0,0,69,0,45,60,106,637,671,702,687,844,791,741,0,0,299,428,879,985,1083,995,aro0921,lean_left,1
909,1789976587.158200,0,0,0,0,0,231,488,504,395,171,0,0,51,43,37,59,111,619,693,717,690,841,777,755,0,0,285,445,878,986,1065,987,aro0921,lean_left,1
910,1789976587.177966,0,0,0,0,0,242,503,521,389,171,0,0,42,0,41,53,121,615,681,741,680,859,760,748,0,0,283,467,856,969,1048,975,aro0921,lean_left,1
911,1789976587.198262,0,0,0,0,0,237,477,519,383,163,0,0,55,0,47,59,120,635,696,712,690,853,780,746,0,0,269,461,877,1004,1060,1005,aro0921,lean_left,1
912,1789976587.218238,0,0,0,0,0,218,475,519,393,181,0,0,58,43,29,61,133,644,681,701,703,845,761,775,0,0,263,469,901,987,1071,971,aro0921,lean_left,1
913,1789976587.238210,0,0,0,0,0,230,493,493,395,160,0,0,43,41,31,73,109,613,698,725,671,824,765,743,0,0,285,452,877,1013,1081,999,aro0921,lean_left,1
914,1789976587.258258,0,0,0,0,0,215,487,494,377,180,0,0,59,57,39,89,101,606,695,712,713,813,795,773,0,0,311,469,871,975,1097,977,aro0921,lean_left,1
915,1789976587.278210,0,0,0,0,0,223,473,501,409,159,0,0,61,44,39,59,99,615,675,739,691,823,751,729,0,0,273,439,873,1015,1053,1033,aro0921,lean_left,1
916,1789976587.298194,0,0,0,0,0,218,485,491,377,181,0,0,47,37,51,85,87,635,678,699,691,855,751,761,0,0,295,467,905,1002,1086,999,aro0921,lean_left,1
917,1789976587.318199,0,0,0,0,0,207,471,505,376,179,0,0,45,43,37,82,117,634,667,711,703,845,791,795,0,0,277,473,863,1006,1055,978,aro0921,lean_left,1
918,1789976587.338214,0,0,0,0,0,227,485,490,379,175,0,0,47,30,53,56,105,638,682,701,698,855,758,775,0,0,277,467,879,971,1077,1003,aro0921,lean_left,1
919,1789976587.358178,0,0,0,0,0,213,484,495,389,169,0,0,54,29,47,67,115,619,687,719,681,835,772,759,0,0,281,451,883,989,1066,996,aro0921,lean_left,1
920,1789976587.378182,0,0,0,0,0,214,467,491,405,159,0,0,38,51,41,62,105,629,669,739,687,857,749,741,0,0,295,447,890,959,1055,1023,aro0921,lean_left,1
921,1789976587.398228,0,0,0,0,0,203,490,485,378,171,0,0,44,26,57,83,97,636,675,711,677,819,779,773,0,0,308,448,901,974,1060,1017,aro0921,lean_left,1
922,1789976587.418169,0,0,0,0,0,206,474,501,397,157,0,0,59,36,31,75,127,663,678,700,677,851,762,765,0,0,269,437,893,983,1079,1041,aro0921,lean_left,1
923,1789976587.438199,0,0,0,0,0,248,475,507,382,157,0,0,59,25,55,59,119,623,680,738,697,839,787,735,0,0,291,439,875,973,1064,987,aro0921,lean_left,1
924,1789976587.458235,0,0,0,0,0,263,495,477,380,127,0,0,45,31,50,59,119,633,703,703,665,813,757,765,0,0,299,430,871,1011,1080,1032,aro0921,lean_left,1
925,1789976587.478228,0,0,0,0,0,229,475,491,365,95,0,0,71,27,35,54,133,629,687,695,687,789,787,745,0,0,255,447,909,996,1082,999,aro0921,lean_left,1
926,1789976587.498184,0,0,0,0,0,266,475,469,343,105,0,0,71,28,61,56,103,613,703,726,655,823,773,729,0,0,295,423,903,1016,1083,1036,aro0921,lean_left,1
927,1789976587.518228,0,0,0,0,0,253,499,425,315,85,0,0,47,0,41,69,123,634,639,695,684,809,760,750,0,0,268,458,879,979,1095,1013,aro0921,lean_left,1
928,1789976587.538277,0,0,0,0,0,277,488,442,317,85,0,0,45,63,57,51,113,635,697,719,679,815,787,764,0,0,274,440,920,983,1064,1033,aro0921,lean_left,1
929,1789976587.558192,0,0,0,0,0,285,489,463,311,87,0,0,59,61,49,57,108,623,696,717,665,819,766,747,0,0,255,435,907,1007,1083,1032,aro0921,lean_left,1
930,1789976587.578182,0,0,0,0,0,302,477,477,319,85,0,0,71,59,44,57,111,618,695,740,647,813,789,731,0,0,236,436,894,1033,1076,1062,aro0921,lean_left,1
931,1789976587.598228,0,0,0,0,0,291,503,468,326,79,0,0,57,53,57,71,111,635,713,713,672,793,781,757,0,0,263,403,883,1035,1085,1019,aro0921,lean_left,1
932,1789976587.618169,0,0,0,0,0,311,485,501,342,89,0,0,51,75,51,63,99,595,693,745,647,807,792,739,0,0,264,433,887,1043,1079,1069,aro0921,lean_left,1
933,1789976587.638174,0,0,0,0,0,303,532,517,328,95,0,0,57,57,40,46,123,611,715,724,677,813,749,733,0,0,233,424,904,1039,1109,1007,aro0921,lean_left,1
934,1789976587.658247,0,0,0,0,0,295,541,517,341,99,0,0,51,47,31,61,99,635,716,739,647,797,793,721,0,0,271,429,905,1043,1070,1046,aro0921,lean_left,1
935,1789976587.678236,0,0,0,0,0,295,551,538,341,107,0,0,61,71,51,53,107,617,691,741,654,810,746,733,0,0,227,392,869,1043,1085,1044,aro0921,lean_left,1
936,1789976587.698190,0,0,0,0,0,299,556,493,351,103,0,0,69,71,61,77,103,635,715,712,653,820,754,739,0,0,273,397,883,1047,1111,1051,aro0921,lean_left,1
937,1789976587.718293,0,0,0,0,0,301,569,525,345,107,0,0,51,79,40,59,125,649,709,698,699,839,750,748,0,0,241,409,861,1014,1112,1013,aro0921,lean_left,1
938,1789976587.738285,0,0,0,0,0,315,555,549,379,135,0,0,57,71,69,63,128,612,701,745,659,803,781,739,0,0,267,421,891,1051,1080,1014,aro0921,lean_left,1
939,1789976587.758212,0,0,0,0,0,315,565,541,367,121,0,0,72,73,55,72,119,631,703,727,674,827,766,751,0,0,251,407,887,1020,1082,1033,aro0921,lean_left,1
940,1789976587.778200,0,0,0,0,0,309,568,547,391,98,0,0,62,72,56,75,119,617,693,743,685,809,747,741,0,0,253,404,887,1013,1109,1051,aro0921,lean_left,1
941,1789976587.798252,0,0,0,0,0,302,581,549,367,125,0,0,79,75,69,71,124,631,725,717,693,831,756,744,0,0,237,414,905,1022,1113,1012,aro0921,lean_left,1
942,1789976587.818219,0,0,0,0,0,325,553,565,367,147,0,0,85,55,81,79,108,637,686,747,668,843,791,735,0,0,277,395,889,1054,1070,1012,aro0921,lean_left,1
943,1789976587.838190,0,0,0,0,0,320,575,539,363,141,0,0,81,77,45,85,101,635,725,713,686,827,787,786,0,0,235,409,901,1039,1127,991,aro0921,lean_left,1
944,1789976587.858214,0,0,0,0,0,319,565,553,373,141,0,0,67,77,41,60,137,651,683,723,669,827,746,758,0,0,231,415,901,1055,1069,1008,aro0921,lean_left,1
945,1789976587.878176,0,0,0,0,0,315,553,543,359,123,0,0,73,57,61,71,101,648,725,745,669,827,759,731,0,0,275,419,878,1047,1083,1059,aro0921,lean_left,1
946,1789976587.898184,0,0,0,0,0,309,543,539,361,127,0,0,59,81,51,69,115,621,727,739,670,808,744,739,0,0,236,379,894,1051,1083,1003,aro0921,lean_left,1
947,1789976587.917334,0,0,0,0,0,281,520,543,371,135,0,0,63,71,0,72,103,587,701,755,649,793,791,719,0,0,231,421,885,1093,1123,1039,aro0921,lean_left,1
948,1789976587.937507,0,0,0,0,0,279,521,526,367,115,0,0,69,61,20,68,91,601,711,715,652,793,782,765,0,0,253,408,921,1081,1124,1052,aro0921,lean_left,1
949,1789976587.958224,0,0,0,0,0,249,499,491,339,120,0,0,57,39,0,72,89,605,719,714,659,797,749,756,0,0,275,403,905,1083,1135,1031,aro0921,lean_left,1
950,1789976587.978230,0,0,0,0,0,255,493,493,343,107,0,0,72,51,0,68,63,613,679,711,665,798,763,743,0,0,277,370,903,1075,1135,1049,aro0921,lean_left,1
951,1789976587.998190,0,0,0,0,0,243,489,485,341,102,0,0,61,30,0,51,77,591,700,725,659,795,761,750,0,0,253,379,906,1075,1129,1049,aro0921,lean_left,1
952,1789976588.018214,0,0,0,0,0,236,499,469,333,91,0,0,75,0,0,37,89,583,680,743,685,815,741,746,0,0,243,355,889,1036,1143,1051,aro0921,lean_left,1
953,1789976588.038201,0,0,0,0,0,231,491,477,341,101,0,0,72,30,20,41,63,571,711,738,647,777,747,735,0,0,260,361,915,1093,1129,1083,aro0921,lean_left,1
954,1789976588.058234,0,0,0,0,0,229,473,493,329,105,0,0,66,40,0,52,78,599,687,744,651,809,779,749,0,0,235,392,904,1111,1115,1067,aro0921,lean_left,1
955,1789976588.078209,0,0,0,0,0,239,491,483,318,103,0,0,63,36,0,59,72,598,687,744,665,809,743,735,0,0,237,380,883,1079,1135,1015,aro0921,lean_left,1
956,1789976588.098181,0,0,0,0,0,206,471,486,347,91,0,0,51,21,0,41,83,602,683,743,659,805,758,774,0,0,227,372,904,1067,1143,1085,aro0921,lean_left,1
957,1789976588.118235,0,0,0,0,0,179,458,485,347,71,0,0,77,0,0,69,69,615,687,711,653,786,767,759,0,0,253,381,893,1095,1174,1083,aro0921,lean_left,1
958,1789976588.138217,0,0,0,0,0,199,470,454,327,87,0,0,51,23,0,41,77,581,700,743,677,781,748,747,0,0,267,407,903,1074,1139,1053,aro0921,lean_left,1
959,1789976588.158196,0,0,0,0,0,185,444,414,327,85,0,0,73,0,23,37,71,573,723,729,671,777,775,759,0,0,253,376,933,1107,1141,1059,aro0921,lean_left,1
960,1789976588.178276,0,0,0,0,0,175,425,414,316,83,0,0,59,29,0,60,74,595,678,733,685,798,733,763,0,0,295,389,893,1114,1147,1068,aro0921,lean_left,1
961,1789976588.198202,0,0,0,0,0,171,391,397,325,71,0,0,45,0,41,39,55,581,675,749,671,751,731,717,0,0,287,365,909,1081,1165,1087,aro0921,lean_left,1
962,1789976588.218204,0,0,0,0,0,169,383,413,331,79,0,0,63,46,0,53,45,537,727,723,651,751,723,751,0,0,248,392,907,1065,1172,1097,aro0921,lean_left,1
963,1789976588.238269,0,0,0,0,0,172,380,396,311,77,0,0,57,0,0,35,41,549,715,760,645,739,745,743,0,0,249,408,903,1096,1147,1116,aro0921,lean_left,1
964,1789976588.258418,0,0,0,0,0,171,372,397,327,73,0,0,44,39,0,59,36,555,693,747,639,727,719,727,0,0,284,421,887,1064,1145,1133,aro0921,lean_left,1
965,1789976588.278306,0,0,0,0,0,172,389,411,329,78,0,0,82,40,0,43,39,537,727,778,647,743,715,695,0,0,277,381,917,1095,1163,1118,aro0921,lean_left,1
966,1789976588.298282,0,0,0,0,0,187,416,437,338,85,0,0,77,57,22,60,69,557,715,779,647,745,712,695,0,0,283,419,919,1093,1171,1111,aro0921,lean_left,1
967,1789976588.318273,0,0,0,0,47,187,453,473,339,74,0,0,85,83,42,57,79,556,721,789,661,765,716,701,0,0,285,428,881,1077,1172,1116,aro0921,lean_left,1
968,1789976588.338190,0,0,0,0,60,243,467,494,355,98,0,0,87,89,55,59,87,566,729,806,691,745,697,676,0,0,287,427,911,1081,1149,1083,aro0921,lean_left,1
969,1789976588.358227,0,0,0,0,87,265,473,507,367,105,0,0,91,102,69,77,93,589,723,825,679,724,725,691,0,0,300,436,880,1055,1133,1052,aro0921,lean_left,1
970,1789976588.378241,0,0,0,0,127,281,509,558,383,95,0,0,103,122,59,95,107,568,737,837,701,759,709,679,0,0,281,457,917,1045,1117,1077,aro0921,lean_left,1
971,1789976588.398195,0,0,0,0,173,379,535,555,373,123,0,0,123,143,71,93,121,611,760,843,718,767,683,664,0,0,283,459,892,1049,1113,1063,aro0921,lean_left,1
972,1789976588.418226,0,0,0,0,204,421,548,565,375,111,0,0,111,158,101,89,109,617,742,851,691,755,715,653,0,0,315,423,862,1051,1117,1045,aro0921,lean_left,1
973,1789976588.438254,0,0,0,73,263,443,557,581,405,123,0,0,135,164,87,107,117,591,773,850,699,782,687,628,0,0,299,487,875,1065,1147,1039,aro0921,lean_left,1
974,1789976588.458217,0,0,0,75,273,478,587,599,428,141,0,0,121,139,107,110,145,585,787,861,709,749,715,617,0,0,333,467,859,1039,1129,1041,aro0921,lean_left,1
975,1789976588.478197,0,0,0,87,313,533,607,595,411,111,0,0,138,167,147,126,151,596,759,824,740,793,701,649,0,0,329,495,889,1043,1125,1070,aro0921,lean_left,1
976,1789976588.498199,0,0,0,109,312,550,615,587,423,133,0,0,123,159,141,139,148,630,761,845,715,780,711,628,0,0,287,467,859,1000,1113,1013,aro0921,lean_left,1
977,1789976588.518243,0,0,0,141,319,567,631,610,435,140,0,0,136,187,148,135,137,639,788,827,735,795,717,627,0,0,307,457,867,1041,1119,1017,aro0921,lean_left,1
978,1789976588.538200,0,0,0,169,315,571,629,594,411,121,0,0,115,169,135,133,137,649,779,862,700,781,704,599,0,0,300,459,855,1019,1134,1043,aro0921,lean_left,1
979,1789976588.558228,0,0,0,186,346,552,633,563,411,101,0,0,123,164,141,151,163,611,748,843,729,787,685,589,0,0,239,475,887,1063,1115,1045,aro0921,lean_left,1
980,1789976588.578291,0,0,0,187,339,563,627,589,421,125,0,0,139,173,159,149,139,635,773,821,724,767,683,591,0,0,319,459,869,1031,1118,1039,aro0921,lean_left,1
981,1789976588.598208,0,0,0,189,337,550,635,591,419,121,0,0,134,183,145,137,165,605,747,831,733,781,691,583,0,0,301,463,852,1043,1103,1054,aro0921,lean_left,1
982,1789976588.618216,0,0,0,186,349,541,620,601,422,124,0,0,127,159,151,147,168,621,761,840,727,763,681,582,0,0,339,503,863,1022,1139,1035,aro0921,lean_left,1
983,1789976588.638204,0,0,0,203,339,539,619,601,416,133,0,0,137,185,149,152,149,617,743,856,727,765,676,586,0,0,313,477,857,1033,1139,1039,aro0921,lean_left,1
984,1789976588.658248,0,0,0,213,349,541,605,606,429,135,0,0,117,171,141,163,157,599,775,840,734,767,697,603,0,0,329,477,884,1023,1139,1003,aro0921,lean_left,1
985,1789976588.678214,0,0,0,211,326,502,595,599,411,145,0,0,162,183,150,163,141,623,765,861,739,759,669,559,0,0,317,499,855,991,1127,1065,aro0921,lean_left,1
986,1789976588.698200,0,0,0,211,330,504,606,603,425,127,0,0,177,191,159,155,141,624,759,854,739,749,666,598,0,0,315,499,859,1033,1131,1043,aro0921,lean_left,1
987,1789976588.718231,0,0,0,221,348,506,611,588,419,138,0,0,171,177,179,149,135,595,773,838,725,743,653,563,0,0,327,472,867,1039,1127,1005,aro0921,lean_left,1
988,1789976588.738217,0,0,0,229,351,491,583,607,435,135,0,0,181,186,171,150,145,602,746,860,703,760,679,597,0,0,307,473,826,1005,1097,1059,aro0921,lean_left,1
989,1789976588.758229,0,0,0,221,342,491,590,589,423,143,0,22,186,211,155,147,127,595,739,867,731,781,681,573,0,0,338,506,815,1002,1107,1059,aro0921,lean_left,1
990,1789976588.778278,0,0,0,241,342,479,605,585,429,117,0,51,165,215,175,175,138,607,741,843,741,739,651,591,0,0,333,477,843,1021,1081,991,aro0921,lean_left,1
991,1789976588.798208,0,0,28,229,365,483,605,603,421,119,0,53,169,199,181,159,148,621,767,837,713,743,652,573,0,0,341,475,827,1021,1075,1049,aro0921,lean_left,1
992,1789976588.818231,0,0,25,231,381,476,597,601,415,149,0,53,174,221,181,152,163,619,781,831,735,739,637,566,0,0,333,493,863,1001,1087,1003,aro0921,lean_left,1
993,1789976588.838211,0,0,35,253,403,508,623,601,431,119,0,27,181,217,181,179,159,613,739,867,713,767,647,585,0,0,299,502,866,1035,1112,1052,aro0921,lean_left,1
994,1789976588.858260,0,0,35,237,408,485,607,591,438,115,0,53,159,236,181,169,167,611,777,839,713,732,676,585,0,0,309,491,825,1039,1140,1043,aro0921,lean_left,1
995,1789976588.878212,0,0,42,269,423,504,629,599,429,119,0,41,175,219,173,169,153,619,757,861,727,758,661,565,0,0,314,486,859,1045,1119,1047,aro0921,lean_left,1
996,1789976588.898255,0,0,61,277,427,525,632,589,435,116,0,46,150,221,173,172,155,633,747,871,712,780,655,588,0,0,304,489,863,1021,1146,1023,aro0921,lean_left,1
997,1789976588.918239,0,0,75,276,439,533,632,597,435,99,0,26,169,235,165,168,174,645,739,845,717,657,675,574,0,0,283,499,847,1045,1093,1115,aro0921,lean_left,1
998,1789976588.938203,0,0,64,279,423,529,615,589,407,109,0,57,183,221,163,183,149,615,775,827,743,757,676,536,0,0,301,457,861,1029,1106,1048,aro0921,lean_left,1
999,1789976588.958223,0,0,72,270,429,543,633,606,405,95,0,51,185,230,182,159,139,604,759,859,743,765,639,531,0,0,283,463,885,1081,1119,1071,aro0921,lean_left,1
1000,1789976588.978265,0,0,79,276,434,539,610,573,397,90,0,47,189,215,181,179,138,631,760,845,742,757,681,553,0,0,285,444,893,1031,1132,1061,aro0921,lean_left,1
1001,1789976588.998258,0,0,81,279,437,543,614,579,413,93,0,59,187,212,163,181,157,591,757,826,719,776,665,549,0,0,317,471,885,1065,1103,1067,aro0921,lean_left,1
1002,1789976589.018240,0,0,25,287,413,553,623,581,401,88,0,26,183,211,155,181,136,603,765,873,757,787,663,581,0,0,303,473,895,1053,1163,1011,aro0921,lean_left,1
1003,1789976589.038235,0,0,22,271,409,543,604,575,406,90,0,30,174,219,168,175,140,599,780,855,749,775,663,541,0,0,315,441,917,1078,1143,1031,aro0921,lean_left,1
1004,1789976589.058251,0,0,0,260,367,531,610,585,397,89,0,25,185,209,171,149,141,600,751,869,730,745,671,487,0,0,281,469,935,1052,1142,1071,aro0921,lean_left,1
1005,1789976589.078210,0,0,0,247,348,503,587,595,403,99,0,30,155,211,149,150,152,600,751,857,756,791,647,589,0,0,293,467,926,1067,1113,1045,aro0921,lean_left,1
1006,1789976589.098212,0,0,0,235,340,483,601,563,375,103,0,0,149,173,167,132,146,581,782,841,735,755,653,591,0,0,304,441,932,1118,1175,1030,aro0921,lean_left,1
1007,1789976589.118254,0,0,0,220,307,473,579,567,383,98,0,21,148,183,153,136,123,585,757,855,731,760,671,621,0,0,299,447,917,1071,1147,1019,aro0921,lean_left,1
1008,1789976589.138215,0,0,0,209,302,458,559,563,379,102,0,0,135,179,141,109,133,579,751,852,745,773,678,554,0,0,301,447,891,1051,1145,1082,aro0921,lean_left,1
1009,1789976589.158198,0,0,0,186,300,460,566,553,374,81,0,0,125,169,127,107,140,587,749,853,709,773,668,595,0,0,330,435,925,1049,1125,1099,aro0921,lean_left,1
1010,1789976589.178211,0,0,0,187,288,439,559,547,393,85,0,0,133,179,121,115,119,575,756,837,711,743,675,573,0,0,285,453,937,1083,1171,1093,aro0921,lean_left,1
1011,1789976589.198299,0,0,0,168,282,454,537,547,391,103,0,0,116,183,132,107,99,583,743,841,719,776,676,613,0,0,316,467,925,1085,1123,1064,aro0921,lean_left,1
1012,1789976589.218206,0,0,0,168,244,447,538,541,373,102,0,0,143,157,117,108,121,596,733,828,749,743,685,611,0,0,281,361,889,1042,1143,1063,aro0921,lean_left,1
1013,1789976589.238241,0,0,0,164,249,454,533,555,393,99,0,0,133,177,131,89,101,583,760,821,712,765,684,597,0,0,293,467,917,1081,1151,1095,aro0921,lean_left,1
1014,1789976589.258270,0,0,0,147,247,447,539,551,372,113,0,0,135,173,132,119,91,558,774,839,709,779,671,564,0,0,338,441,888,1082,1170,1086,aro0921,lean_left,1
1015,1789976589.278223,0,0,0,119,231,441,543,547,372,104,0,0,139,175,99,109,103,587,764,831,731,783,661,573,0,0,307,479,947,1109,1173,1051,aro0921,lean_left,1
1016,1789976589.298214,0,0,0,110,215,456,542,559,399,79,0,0,141,149,115,85,109,589,727,843,745,741,687,613,0,0,319,445,903,1049,1133,1085,aro0921,lean_left,1
1017,1789976589.318237,0,0,0,91,210,453,533,539,395,89,0,0,119,166,99,109,101,586,763,827,729,781,687,569,0,0,307,467,933,1062,1174,1064,aro0921,lean_left,1
1018,1789976589.338230,0,0,0,95,205,437,541,557,380,107,0,0,116,157,93,107,89,587,739,841,721,756,697,613,0,0,327,459,893,1088,1133,1072,aro0921,lean_left,1
1019,1789976589.358247,0,0,0,97,219,455,542,549,376,101,0,0,120,139,117,84,75,553,759,857,729,767,700,600,0,0,319,441,911,1075,1145,1081,aro0921,lean_left,1
1020,1789976589.378264,0,0,0,90,207,444,549,549,377,99,0,0,120,149,108,95,91,574,751,843,728,765,685,605,0,0,311,461,909,1075,1147,1081,aro0921,lean_left,1
1021,1789976589.398226,0,0,0,88,199,461,533,543,379,101,0,0,121,184,79,99,104,569,754,845,716,789,669,581,0,0,295,487,909,1069,1161,1099,aro0921,lean_left,1
1022,1789976589.418218,0,0,0,75,199,439,539,543,391,87,0,0,112,148,83,91,102,583,749,819,730,745,703,601,0,0,319,481,905,1077,1183,1109,aro0921,lean_left,1
1023,1789976589.438234,0,0,0,89,188,429,535,552,377,95,0,0,123,159,85,89,103,574,743,841,727,777,671,617,0,0,315,463,909,1062,1135,1095,aro0921,lean_left,1
1024,1789976589.458251,0,0,0,72,213,434,541,536,365,89,0,0,101,159,79,108,76,593,746,831,747,779,671,599,0,0,312,472,901,1096,1149,1055,aro0921,lean_left,1
1025,1789976589.478223,0,0,0,69,183,431,553,534,361,103,0,0,102,148,83,92,91,552,759,856,741,747,697,629,0,0,314,472,915,1101,1131,1049,aro0921,lean_left,1
1026,1789976589.498223,0,0,0,71,183,435,542,531,375,101,0,0,132,127,95,79,91,565,765,837,740,791,679,597,0,0,311,440,921,1078,1165,1065,aro0921,lean_left,1
1027,1789976589.518262,0,0,0,73,157,435,549,555,365,105,0,0,117,143,99,107,71,573,727,839,715,749,701,637,0,0,333,437,895,1074,1135,1095,aro0921,lean_left,1
1028,1789976589.538220,0,0,0,72,185,439,548,555,365,95,0,0,125,140,92,104,75,558,757,819,739,762,691,605,0,0,313,455,910,1087,1170,1063,aro0921,lean_left,1
1029,1789976589.558208,0,0,0,81,207,457,535,563,383,85,0,0,127,151,73,87,97,552,731,855,745,767,696,601,0,0,284,470,915,1066,1143,1092,aro0921,lean_left,1
1030,1789976589.578243,0,0,0,63,197,442,549,548,379,95,0,0,116,139,91,91,83,567,748,838,731,775,685,615,0,0,308,459,923,1075,1148,1081,aro0921,lean_left,1
1031,1789976589.598207,0,0,0,61,197,435,543,555,378,91,0,0,107,153,99,93,72,587,741,823,741,749,684,629,0,0,325,457,893,1065,1170,1080,aro0921,lean_left,1
1032,1789976589.618253,0,0,0,78,211,431,531,559,365,99,0,0,133,159,85,109,73,573,727,840,743,781,635,628,0,0,320,438,905,1055,1141,1067,aro0921,lean_left,1
1033,1789976589.638242,0,0,0,81,205,441,537,535,367,95,0,0,133,151,95,99,93,587,743,819,743,783,677,623,0,0,293,447,891,1050,1146,1079,aro0921,lean_left,1
1034,1789976589.658234,0,0,0,75,213,437,543,539,366,109,0,0,139,143,107,119,77,599,735,821,713,793,696,599,0,0,331,437,931,1077,1175,1053,aro0921,lean_left,1
1035,1789976589.678228,0,0,0,79,215,467,534,543,391,103,0,0,110,156,81,92,99,563,763,840,719,792,679,603,0,0,298,483,884,1041,1133,1109,aro0921,lean_left,1
1036,1789976589.698257,0,0,0,87,211,458,550,543,381,91,0,0,108,147,105,83,79,573,763,840,742,775,709,597,0,0,329,460,943,1077,1159,1071,aro0921,lean_left,1
1037,1789976589.718257,0,0,0,83,229,461,555,542,393,90,0,0,107,157,102,109,79,583,761,823,739,751,715,595,0,0,315,475,893,1099,1167,1061,aro0921,lean_left,1
1038,1789976589.738217,0,0,0,105,232,443,541,549,379,105,0,0,122,162,85,86,111,573,759,853,715,792,668,617,0,0,331,455,890,1032,1129,1101,aro0921,lean_left,1
1039,1789976589.758218,0,0,0,111,231,467,555,557,381,93,0,0,142,164,89,109,91,589,750,837,761,755,661,582,0,0,311,447,918,1107,1177,1039,aro0921,lean_left,1
1040,1789976589.777844,0,0,0,97,250,459,563,549,391,87,0,0,109,157,93,95,113,569,764,845,743,749,703,604,0,0,307,483,931,1059,1139,1075,aro0921,lean_left,1
1041,1789976589.798294,0,0,0,99,261,462,559,565,389,95,0,0,109,167,99,115,101,569,749,846,741,751,671,595,0,0,315,475,925,1085,1149,1050,aro0921,lean_left,1
1042,1789976589.818248,0,0,0,120,264,467,570,563,373,103,0,0,107,168,103,119,89,566,759,853,745,755,669,584,0,0,325,477,943,1100,1181,1052,aro0921,lean_left,1
1043,1789976589.838280,0,0,0,104,255,447,571,553,376,100,0,0,114,163,88,88,125,603,747,825,741,752,703,621,0,0,295,487,919,1087,1123,1048,aro0921,lean_left,1
1044,1789976589.858241,0,0,0,112,263,463,557,557,393,99,0,0,125,179,117,95,116,587,749,841,717,767,687,605,0,0,282,487,907,1068,1144,1071,aro0921,lean_left,1
1045,1789976589.878236,0,0,0,109,270,455,559,558,399,101,0,0,135,163,105,101,120,589,749,839,729,773,685,605,0,0,312,471,903,1069,1139,1063,aro0921,lean_left,1
1046,1789976589.898256,0,0,0,104,277,453,567,557,379,103,0,0,111,180,101,107,114,603,741,845,734,755,677,622,0,0,320,469,892,1047,1115,1080,aro0921,lean_left,1
1047,1789976589.918259,0,0,0,108,275,469,575,539,402,87,0,0,126,166,119,118,126,574,735,823,726,755,656,611,0,0,311,507,879,1065,1113,1111,aro0921,lean_left,1
1048,1789976589.938222,0,0,0,114,279,465,552,563,397,105,0,0,115,181,117,93,109,603,763,825,697,758,671,613,0,0,309,453,907,1075,1111,1051,aro0921,lean_left,1
1049,1789976589.958251,0,0,0,117,291,439,563,581,383,91,0,0,135,166,101,107,127,581,744,826,747,773,693,603,0,0,282,463,911,1093,1127,1103,aro0921,lean_left,1
1050,1789976589.978296,0,0,0,139,281,441,572,556,378,91,0,0,117,172,119,98,119,605,735,826,743,755,677,623,0,0,332,473,916,1041,1132,1063,aro0921,lean_left,1
1051,1789976589.998224,0,0,0,143,274,445,552,573,373,105,0,0,140,184,125,117,139,569,757,829,737,761,715,619,0,0,333,489,915,1092,1150,1092,aro0921,lean_left,1
1052,1789976590.018053,0,0,0,167,295,445,581,552,396,95,0,0,119,172,126,111,137,603,731,837,727,793,703,597,0,0,313,507,943,1049,1109,1043,aro0921,lean_left,1
1053,1789976590.038140,0,0,0,168,285,457,565,572,378,101,0,0,127,173,138,103,111,589,735,856,741,780,665,591,0,0,318,489,931,1065,1171,1047,aro0921,lean_left,1
1054,1789976590.058380,0,0,0,171,277,455,569,565,391,101,0,0,135,169,120,107,125,589,749,839,731,765,685,598,0,0,313,473,906,1069,1132,1070,aro0921,lean_left,1
1055,1789976590.078216,0,0,0,179,286,460,581,563,381,97,0,0,133,167,123,108,123,589,749,841,711,786,681,607,0,0,311,475,901,1092,1143,1053,aro0921,lean_left,1
1056,1789976590.098256,0,0,0,179,283,469,571,563,379,106,0,0,149,165,121,103,126,571,781,859,717,758,681,603,0,0,293,472,909,1064,1129,1086,aro0921,lean_left,1
1057,1789976590.118250,0,0,0,190,294,467,581,575,397,98,0,0,117,185,133,121,149,583,757,839,740,813,648,629,0,0,309,445,932,1052,1149,1067,aro0921,lean_left,1
1058,1789976590.138246,0,0,0,179,291,443,571,557,404,100,0,0,114,176,111,115,119,583,735,828,743,775,677,590,0,0,329,461,920,1080,1123,1069,aro0921,lean_left,1
1059,1789976590.158264,0,0,0,169,279,455,579,569,375,111,0,0,125,167,123,91,125,612,739,821,714,805,669,599,0,0,301,484,928,1071,1159,1085,aro0921,lean_left,1
1060,1789976590.178273,0,0,0,173,293,467,565,569,373,92,0,0,147,163,123,93,133,587,743,843,748,748,684,588,0,0,300,475,879,1095,1121,1099,aro0921,lean_left,1
1061,1789976590.198237,0,0,0,175,278,438,569,555,399,110,0,0,149,170,127,92,100,565,743,821,740,777,685,587,0,0,318,472,919,1063,1117,1070,aro0921,lean_left,1
1062,1789976590.218236,0,0,0,170,280,457,584,555,403,113,0,0,111,196,136,105,143,599,733,823,755,777,709,587,0,0,315,455,878,1079,1111,1107,aro0921,lean_left,1
1063,1789976590.238309,0,0,0,181,288,455,558,556,393,107,0,0,135,167,136,119,145,597,731,847,731,755,679,605,0,0,310,489,885,1056,1123,1051,aro0921,lean_left,1
1064,1789976590.258254,0,0,0,173,277,447,575,571,401,99,0,0,125,188,135,119,125,605,759,837,709,789,687,595,0,0,331,482,887,1051,1108,1055,aro0921,lean_left,1
1065,1789976590.278231,0,0,0,171,280,466,571,573,405,113,0,0,137,183,123,121,137,605,757,841,749,791,703,649,0,0,334,487,892,1047,1167,1059,aro0921,lean_left,1
1066,1789976590.297460,0,0,0,157,273,466,568,551,390,103,0,0,141,172,126,107,141,590,755,844,725,773,691,614,0,0,319,447,907,1083,1147,1071,aro0921,lean_left,1
1067,1789976590.318335,0,0,0,165,283,423,579,565,391,100,0,0,133,169,119,107,123,593,749,837,729,763,693,603,0,0,307,477,907,1077,1147,1077,aro0921,lean_left,1
1068,1789976590.338224,0,0,0,170,285,453,557,559,396,105,0,0,123,173,125,115,124,604,741,849,712,764,691,615,0,0,296,469,889,1085,1150,1075,aro0921,lean_left,1
1069,1789976590.358303,0,0,0,167,267,460,559,565,383,89,0,0,138,159,111,84,110,571,743,851,696,749,675,629,0,0,292,453,933,1048,1160,1039,aro0921,lean_left,1
1070,1789976590.378254,0,0,0,152,273,467,568,549,397,93,0,0,115,169,123,119,139,587,747,846,715,791,712,615,0,0,295,445,887,1055,1177,1063,aro0921,lean_left,1
1071,1789976590.398252,0,0,0,160,281,457,568,580,379,109,0,0,147,159,127,92,134,601,755,815,698,773,669,637,0,0,303,479,909,1097,1151,1054,aro0921,lean_left,1
1072,1789976590.418225,0,0,0,147,265,455,581,568,404,115,0,0,143,169,123,119,136,559,731,829,741,785,703,635,0,0,319,486,907,1048,1148,1061,aro0921,lean_left,1
1073,1789976590.438273,0,0,0,121,278,452,557,563,397,101,0,0,124,157,119,103,111,581,741,843,723,761,711,601,0,0,327,455,893,1079,1141,1091,aro0921,lean_left,1
1074,1789976590.458232,0,0,0,137,265,452,573,568,380,89,0,0,115,174,121,109,133,571,731,819,731,790,669,597,0,0,339,463,915,1113,1124,1106,aro0921,lean_left,1
1075,1789976590.478226,0,0,0,106,275,461,570,557,384,107,0,0,147,169,109,93,103,583,749,827,746,755,693,632,0,0,303,475,935,1095,1165,1125,aro0921,lean_left,1
1076,1789976590.498256,0,0,0,124,261,465,572,553,402,107,0,0,115,149,101,111,123,571,731,847,741,780,691,628,0,0,298,432,910,1077,1173,1069,aro0921,lean_left,1
1077,1789976590.518222,0,0,0,115,265,457,565,556,383,99,0,0,125,165,106,105,119,602,731,828,729,765,684,619,0,0,311,473,908,1067,1145,1077,aro0921,lean_left,1
1078,1789976590.538235,0,0,0,108,265,453,554,549,377,88,0,0,147,153,95,107,106,597,751,843,713,757,694,626,0,0,313,492,934,1055,1173,1053,aro0921,lean_left,1
1079,1789976590.558253,0,0,0,119,245,472,571,570,394,90,0,0,111,167,117,117,137,603,773,828,702,791,721,631,0,0,301,441,917,1065,1172,1048,aro0921,lean_left,1
1080,1789976590.578269,0,0,0,124,269,468,571,567,379,103,0,0,133,159,100,117,123,601,760,844,745,776,675,603,0,0,333,487,936,1077,1134,1095,aro0921,lean_left,1
1081,1789976590.598219,0,0,0,121,269,441,569,549,399,101,0,0,123,151,98,118,123,599,745,845,740,747,681,630,0,0,308,478,909,1096,1164,1085,aro0921,lean_left,1
1082,1789976590.618268,0,0,0,121,253,468,572,555,381,95,0,0,125,151,109,88,132,600,733,839,723,787,697,629,0,0,288,446,906,1055,1142,1043,aro0921,lean_left,1
1083,1789976590.638258,0,0,0,120,267,459,563,549,380,99,0,0,147,157,121,91,111,605,758,822,717,755,694,621,0,0,303,477,923,1053,1127,1051,aro0921,lean_left,1
1084,1789976590.658300,0,0,0,121,247,460,549,563,377,89,0,0,115,179,127,95,135,575,739,815,701,755,669,633,0,0,315,455,917,1055,1170,1049,aro0921,lean_left,1
1085,1789976590.678271,0,0,0,118,251,440,559,543,371,100,0,0,141,175,105,117,103,603,760,809,703,747,699,623,0,0,299,485,909,1115,1170,1061,aro0921,lean_left,1
1086,1789976590.698062,0,0,0,119,249,436,554,558,367,99,0,0,147,167,122,119,135,606,744,841,739,757,701,605,0,0,296,481,921,1067,1172,1067,aro0921,lean_left,1
1087,1789976590.717782,0,0,0,114,262,459,558,555,379,95,0,0,127,167,102,106,115,595,747,827,727,772,693,619,0,0,303,467,911,1077,1151,1079,aro0921,lean_left,1
1088,1789976590.738435,0,0,0,106,255,456,567,544,376,97,0,0,136,163,101,104,116,571,730,810,735,779,683,600,0,0,331,492,933,1069,1144,1071,aro0921,lean_left,1
1089,1789976590.758277,0,0,0,109,243,473,549,547,379,105,0,0,141,157,93,91,109,601,760,813,743,747,671,626,0,0,309,478,926,1100,1129,1099,aro0921,lean_left,1
1090,1789976590.778236,0,0,0,95,253,461,550,564,369,95,0,0,117,157,111,91,121,573,755,810,741,781,703,632,0,0,330,455,895,1083,1148,1049,aro0921,lean_left,1
1091,1789976590.798305,0,0,0,101,244,463,565,563,374,89,0,0,117,148,109,103,127,604,758,815,715,760,681,613,0,0,330,473,904,1095,1129,1102,aro0921,lean_left,1
1092,1789976590.818327,0,0,0,119,243,453,559,567,365,84,0,0,119,165,89,115,117,584,747,827,733,794,710,601,0,0,298,491,901,1051,1180,1099,aro0921,lean_left,1
1093,1789976590.838251,0,0,0,115,246,461,557,559,370,85,0,0,125,164,111,94,123,583,743,811,709,791,683,599,0,0,295,487,909,1086,1136,1077,aro0921,lean_left,1
1094,1789976590.858360,0,0,0,105,242,456,569,561,397,111,0,0,111,146,83,104,125,601,760,823,749,781,671,623,0,0,318,470,932,1067,1092,1063,aro0921,lean_left,1
1095,1789976590.878294,0,0,0,99,239,459,549,551,384,87,0,0,117,147,109,111,103,572,757,844,741,779,701,622,0,0,297,482,923,1071,1133,1071,aro0921,lean_left,1
1096,1789976590.898252,0,0,0,115,263,407,567,557,377,83,0,0,111,179,111,101,101,595,757,807,729,759,711,629,0,0,327,483,907,1054,1176,1103,aro0921,lean_left,1
1097,1789976590.918280,0,0,0,109,251,456,557,552,377,93,0,0,126,158,99,103,109,587,749,805,727,773,695,617,0,0,311,461,911,1074,1148,1081,aro0921,lean_left,1
1098,1789976590.938251,0,0,0,107,246,460,548,559,367,87,0,0,127,157,103,104,109,600,776,823,713,761,675,635,0,0,312,467,892,1082,1181,1059,aro0921,lean_left,1
1099,1789976590.958279,0,0,0,103,250,445,547,551,383,95,0,0,135,156,87,115,132,603,748,819,716,789,700,633,0,0,341,447,917,1086,1143,1101,aro0921,lean_left,1
1100,1789976590.978234,0,0,0,109,245,459,549,557,371,103,0,0,115,153,111,95,99,583,735,845,727,758,677,638,0,0,326,467,893,1051,1178,1095,aro0921,lean_left,1
1101,1789976590.998234,0,0,0,101,244,467,556,549,391,89,0,0,127,141,107,86,103,605,733,819,703,755,715,606,0,0,347,443,924,1081,1129,1096,aro0921,lean_left,1
1102,1789976591.018301,0,0,0,107,233,463,543,564,359,99,0,0,123,167,83,99,124,616,725,804,739,797,677,597,0,0,287,490,877,1083,1187,1106,aro0921,lean_left,1
1103,1789976591.038258,0,0,0,95,235,442,560,555,381,86,0,0,111,157,99,91,89,599,755,840,719,751,697,627,0,0,331,455,909,1068,1173,1101,aro0921,lean_left,1
1104,1789976591.058282,0,0,0,104,219,443,551,539,370,99,0,0,141,133,98,117,104,583,762,809,733,791,696,632,0,0,328,468,885,1053,1181,1055,aro0921,lean_left,1
1105,1789976591.078275,0,0,0,93,237,463,541,557,365,87,0,0,123,148,88,91,105,581,759,839,699,775,697,639,0,0,316,461,911,1060,1149,1055,aro0921,lean_left,1
1106,1789976591.098297,0,0,0,106,220,446,539,551,377,92,0,0,117,135,83,111,101,573,729,805,726,761,698,638,0,0,295,453,904,1078,1144,1079,aro0921,lean_left,1
1107,1789976591.118244,0,0,0,104,229,456,553,549,379,93,0,0,122,151,100,105,101,583,762,819,727,773,697,627,0,0,311,467,907,1077,1150,1082,aro0921,lean_left,1
1108,1789976591.138248,0,0,0,107,220,460,549,559,377,103,0,0,125,157,87,97,82,586,731,839,709,761,715,633,0,0,293,476,919,1081,1131,1096,aro0921,lean_left,1
1109,1789976591.158273,0,0,0,116,227,453,558,535,389,86,0,0,111,151,91,100,103,587,751,808,717,757,723,637,0,0,341,455,871,1085,1177,1123,aro0921,lean_left,1
1110,1789976591.178255,0,0,0,106,231,453,551,565,378,95,0,0,124,159,91,109,105,601,728,819,703,756,716,648,0,0,297,476,873,1099,1135,1065,aro0921,lean_left,1
1111,1789976591.198246,0,0,0,89,239,469,541,565,375,83,0,0,115,167,91,114,101,595,725,839,701,775,721,633,0,0,302,461,893,1084,1125,1096,aro0921,lean_left,1
1112,1789976591.218280,0,0,0,107,222,456,549,563,371,85,0,0,135,169,81,115,107,565,735,842,749,759,717,603,0,0,293,485,874,1071,1175,1075,aro0921,lean_left,1
1113,1789976591.238233,0,0,0,105,247,444,552,555,391,89,0,0,111,151,109,93,89,581,735,842,712,760,716,611,0,0,299,443,920,1080,1167,1098,aro0921,lean_left,1
1114,1789976591.258236,0,0,0,95,244,447,566,558,365,100,0,0,115,109,75,109,99,595,757,815,740,790,683,621,0,0,331,461,877,1045,1175,1083,aro0921,lean_left,1
1115,1789976591.278299,0,0,0,111,245,466,565,549,370,92,0,0,123,160,93,109,81,581,762,829,743,782,679,615,0,0,297,487,896,1082,1160,1055,aro0921,lean_left,1
1116,1789976591.298263,0,0,0,109,232,463,555,549,392,83,0,0,120,150,106,93,91,567,759,847,716,767,724,630,0,0,318,441,901,1049,1128,1112,aro0921,lean_left,1
1117,1789976591.318356,0,0,0,106,243,459,555,549,377,92,0,0,123,153,99,103,93,586,751,824,727,774,696,627,0,0,307,467,894,1076,1158,1084,aro0921,lean_left,1
1118,1789976591.338358,0,0,0,105,239,443,559,543,366,101,0,0,117,152,98,103,100,595,775,812,735,787,681,635,0,0,319,453,918,1064,1158,1069,aro0921,lean_left,1
1119,1789976591.358237,0,0,0,99,251,456,549,557,387,93,0,0,117,135,95,109,101,605,731,809,715,805,708,649,0,0,329,453,888,1055,1147,1105,aro0921,lean_left,1
1120,1789976591.378242,0,0,0,103,243,445,551,555,393,91,0,0,120,159,84,106,97,605,747,809,721,765,721,646,0,0,297,483,873,1043,1159,1113,aro0921,lean_left,1
1121,1789976591.398326,0,0,0,116,232,443,557,559,377,105,0,0,138,150,101,105,91,597,729,831,709,791,679,639,0,0,334,439,875,1086,1161,1064,aro0921,lean_left,1
1122,1789976591.418297,0,0,0,99,245,461,583,539,376,83,0,0,138,139,108,85,114,602,757,829,743,781,679,605,0,0,301,445,877,1075,1124,1093,aro0921,lean_left,1
1123,1789976591.438274,0,0,0,101,236,443,552,559,393,89,0,0,127,155,84,89,83,581,739,819,727,760,711,616,0,0,294,446,884,1055,1175,1103,aro0921,lean_left,1
1124,1789976591.458264,0,0,0,119,232,439,547,559,371,88,0,0,109,154,93,95,99,567,723,819,713,755,723,639,0,0,313,446,890,1068,1181,1077,aro0921,lean_left,1
1125,1789976591.478320,0,0,0,103,237,469,548,559,389,101,0,0,115,159,106,88,99,603,725,827,700,796,696,651,0,0,309,493,877,1095,1129,1086,aro0921,lean_left,1
1126,1789976591.498241,0,0,0,115,251,445,558,567,371,90,0,0,137,165,88,116,89,571,742,837,717,803,691,627,0,0,294,473,879,1092,1175,1061,aro0921,lean_left,1
1127,1789976591.518322,0,0,0,133,239,456,565,539,367,104,0,0,139,165,79,93,91,595,755,807,738,793,681,629,0,0,304,477,901,1075,1186,1061,aro0921,lean_left,1
1128,1789976591.538283,0,0,0,99,250,455,552,549,383,94,0,0,119,164,89,111,98,587,743,811,715,789,695,619,0,0,299,478,921,1052,1174,1108,aro0921,lean_left,1
1129,1789976591.558300,0,0,0,103,239,469,548,555,395,103,0,0,117,137,83,74,109,579,761,815,728,765,679,650,0,0,301,443,875,1077,1133,1055,aro0921,lean_left,1
1130,1789976591.578285,0,0,0,101,243,463,549,549,395,103,0,0,138,147,95,89,105,597,727,839,701,765,728,648,0,0,299,445,952,1100,1131,1083,aro0921,lean_left,1
1131,1789976591.598282,0,0,0,101,243,474,551,543,393,107,0,0,115,152,83,108,110,581,767,830,729,761,702,615,0,0,293,483,891,1077,1165,1083,aro0921,lean_left,1
1132,1789976591.618233,0,0,0,111,249,459,557,557,378,99,0,0,125,153,101,103,100,593,746,826,729,781,695,629,0,0,309,468,903,1076,1147,1084,aro0921,lean_left,1
1133,1789976591.638253,0,0,0,105,248,438,555,567,380,105,0,0,114,163,101,104,91,574,741,815,741,791,693,632,0,0,299,445,887,1049,1175,1064,aro0921,lean_left,1
1134,1789976591.658285,0,0,0,124,251,457,551,564,392,88,0,0,123,155,101,106,103,610,729,813,683,788,687,654,0,0,301,459,923,1051,1169,1077,aro0921,lean_left,1
1135,1789976591.678268,0,0,0,119,251,446,559,547,392,85,0,0,146,151,87,105,116,600,741,821,723,776,679,621,0,0,303,457,894,1059,1176,1113,aro0921,lean_left,1
1136,1789976591.698252,0,0,0,117,247,471,553,565,395,90,0,0,135,168,89,115,105,581,741,841,719,787,703,617,0,0,293,471,919,1094,1161,1101,aro0921,lean_left,1
1137,1789976591.718233,0,0,0,121,237,447,556,549,367,107,0,0,109,163,111,85,79,575,731,819,746,795,716,623,0,0,335,459,872,1051,1189,1065,aro0921,lean_left,1
1138,1789976591.738308,0,0,0,101,266,469,568,562,379,91,0,0,109,166,102,109,87,573,731,846,744,757,695,618,0,0,327,467,915,1049,1139,1078,aro0921,lean_left,1
1139,1789976591.758260,0,0,0,127,253,446,573,567,379,91,0,0,107,163,105,110,103,570,741,845,715,794,723,637,0,0,335,443,887,1086,1172,1068,aro0921,lean_left,1
1140,1789976591.778239,0,0,0,114,253,470,569,549,405,89,0,0,111,169,111,101,107,587,735,819,715,793,671,637,0,0,317,447,893,1093,1129,1065,aro0921,lean_left,1
1141,1789976591.798297,0,0,0,103,255,467,571,555,375,89,0,0,111,145,101,97,120,573,743,843,749,793,708,652,0,0,333,453,895,1101,1180,1107,aro0921,lean_left,1
1142,1789976591.818292,0,0,0,114,254,462,564,555,379,95,0,0,126,159,101,103,101,581,749,818,728,776,693,614,0,0,311,467,901,1069,1149,1077,aro0921,lean_left,1
1143,1789976591.838297,0,0,0,120,261,461,553,563,373,85,0,0,111,157,101,103,103,605,757,823,717,778,696,612,0,0,308,463,907,1051,1127,1075,aro0921,lean_left,1
1144,1789976591.858288,0,0,0,122,269,455,553,565,372,89,0,0,137,139,103,89,107,605,739,822,731,763,717,650,0,0,296,463,885,1096,1119,1061,aro0921,lean_left,1
1145,1789976591.878288,0,0,0,118,265,468,553,567,373,95,0,0,134,153,109,93,99,581,745,851,745,777,715,631,0,0,303,475,883,1095,1131,1111,aro0921,lean_left,1
1146,1789976591.897424,0,0,0,119,263,471,573,569,395,105,0,0,137,143,93,119,117,591,773,811,715,788,709,635,0,0,325,479,895,1039,1165,1061,aro0921,lean_left,1
1147,1789976591.917369,0,0,0,119,271,456,571,567,397,93,0,0,124,139,75,119,109,599,759,827,701,797,710,599,0,0,337,487,901,1045,1151,1053,aro0921,lean_left,1
1148,1789976591.937365,0,0,0,109,263,454,555,551,381,108,0,0,127,163,106,109,89,588,760,815,745,776,713,619,0,0,329,455,928,1049,1179,1081,aro0921,lean_left,1
1149,1789976591.957666,0,0,0,105,263,465,559,571,395,97,0,0,151,165,111,101,91,579,739,842,721,768,685,611,0,0,315,457,911,1084,1159,1054,aro0921,lean_left,1
1150,1789976591.977764,0,0,0,115,261,472,575,547,367,101,0,0,121,187,111,116,109,603,743,824,735,791,684,600,0,0,328,473,893,1071,1143,1055,aro0921,lean_left,1
1151,1789976591.997359,0,0,0,115,244,467,555,552,373,86,0,0,143,169,101,105,103,607,735,815,718,765,677,619,0,0,301,458,923,1070,1135,1092,aro0921,lean_left,1
1152,1789976592.018098,0,0,0,111,265,441,543,557,373,84,0,0,119,145,85,119,91,587,723,851,729,765,723,615,0,0,276,457,925,1100,1177,1080,aro0921,lean_left,1
1153,1789976592.037442,0,0,0,119,239,457,558,557,373,94,0,0,134,159,111,101,101,579,734,821,745,791,713,645,0,0,303,469,877,1075,1173,1101,aro0921,lean_left,1
1154,1789976592.057389,0,0,0,109,250,461,561,555,377,95,0,0,124,154,99,108,96,588,745,827,727,779,699,627,0,0,311,463,914,1079,1149,1083,aro0921,lean_left,1
1155,1789976592.077342,0,0,0,101,239,459,554,551,383,104,0,0,133,155,103,103,87,603,754,831,719,767,679,647,0,0,305,467,939,1083,1167,1067,aro0921,lean_left,1
1156,1789976592.097346,0,0,0,106,239,463,555,567,371,87,0,0,123,141,99,107,104,589,765,809,717,761,687,614,0,0,309,453,923,1092,1149,1093,aro0921,lean_left,1
1157,1789976592.117360,0,0,0,115,235,453,573,523,371,95,0,0,115,157,99,115,101,570,741,845,731,789,677,629,0,0,338,427,869,1049,1179,1084,aro0921,lean_left,1
1158,1789976592.138193,0,0,0,115,223,452,559,547,373,115,0,0,113,166,93,115,91,601,755,819,727,795,708,618,0,0,319,461,887,1053,1143,1096,aro0921,lean_left,1
1159,1789976592.157359,0,0,0,99,233,446,552,537,368,103,0,0,135,149,83,115,111,604,728,843,745,759,685,645,0,0,327,457,921,1045,1172,1069,aro0921,lean_left,1
1160,1789976592.177596,0,0,0,98,227,447,566,551,367,92,0,0,114,157,94,110,95,600,745,809,713,773,683,645,0,0,315,467,883,1067,1162,1087,aro0921,lean_left,1
1161,1789976592.198440,0,0,0,107,230,441,565,566,393,104,0,0,117,143,89,87,107,587,743,825,747,763,731,655,0,0,325,483,877,1075,1135,1111,aro0921,lean_left,1
1162,1789976592.218187,0,0,0,103,227,472,569,539,367,85,0,0,111,155,85,87,82,601,751,845,699,797,693,659,0,0,331,437,891,1099,1176,1085,aro0921,lean_left,1
1163,1789976592.238328,0,0,0,95,227,468,565,549,391,102,0,0,136,141,88,95,88,581,735,828,739,767,685,654,0,0,313,467,889,1093,1149,1097,aro0921,lean_left,1
1164,1789976592.258423,0,0,0,99,213,462,569,536,379,93,0,0,132,166,102,85,90,587,725,841,729,775,683,663,0,0,298,426,889,1067,1177,1059,aro0921,lean_left,1
1165,1789976592.278312,0,0,0,104,226,447,567,551,381,99,0,0,117,137,83,111,100,568,735,809,709,797,711,654,0,0,299,441,888,1059,1181,1069,aro0921,lean_left,1
1166,1789976592.298295,0,0,0,103,220,458,556,550,377,90,0,0,121,147,93,103,89,587,745,823,726,777,698,619,0,0,308,463,907,1083,1157,1083,aro0921,lean_left,1
1167,1789976592.318623,0,0,0,93,220,471,567,553,371,87,0,0,123,155,95,101,93,587,741,846,747,761,699,635,0,0,312,459,932,1053,1135,1069,aro0921,lean_left,1
1168,1789976592.338326,0,0,0,105,221,467,552,547,383,95,0,0,111,159,106,117,99,593,754,837,711,761,713,647,0,0,326,457,904,1061,1160,1062,aro0921,lean_left,1
1169,1789976592.358439,0,0,0,100,215,473,568,543,379,95,0,0,120,167,83,118,89,601,745,819,749,797,723,619,0,0,273,444,903,1061,1139,1111,aro0921,lean_left,1
1170,1789976592.378300,0,0,0,111,215,462,550,549,362,86,0,0,117,163,99,104,83,587,762,804,745,787,718,663,0,0,310,477,883,1063,1165,1129,aro0921,lean_left,1
1171,1789976592.398330,0,0,0,93,217,461,557,556,372,105,0,0,137,143,93,111,79,599,729,837,734,796,718,623,0,0,297,459,923,1061,1135,1070,aro0921,lean_left,1
1172,1789976592.418432,0,0,0,106,233,467,553,564,393,107,0,0,127,147,84,111,103,571,741,845,746,755,699,633,0,0,291,460,924,1099,1137,1112,aro0921,lean_left,1
1173,1789976592.438324,0,0,0,95,219,447,566,565,392,93,0,0,118,151,111,101,103,589,755,809,712,793,699,624,0,0,295,437,903,1069,1135,1067,aro0921,lean_left,1
1174,1789976592.458401,0,0,0,119,237,447,565,565,361,83,0,0,121,153,77,105,114,571,729,829,743,792,681,665,0,0,283,477,883,1097,1195,1045,aro0921,lean_left,1
1175,1789976592.478298,0,0,0,108,223,445,563,549,379,77,0,0,119,165,99,95,89,579,748,829,711,779,723,622,0,0,326,457,908,1080,1149,1071,aro0921,lean_left,1
1176,1789976592.498297,0,0,0,104,226,459,558,555,376,93,0,0,125,152,95,104,93,588,744,829,727,777,699,639,0,0,307,460,901,1075,1158,1095,aro0921,lean_left,1
1177,1789976592.518294,0,0,0,105,228,460,571,554,381,83,0,0,123,151,101,103,91,583,745,821,699,779,702,635,0,0,309,458,931,1065,1152,1051,aro0921,lean_left,1
1178,1789976592.538263,0,0,0,111,230,469,551,550,383,101,0,0,139,159,83,89,75,601,760,827,741,765,686,651,0,0,295,466,905,1075,1131,1071,aro0921,lean_left,1
1179,1789976592.558256,0,0,0,99,218,459,571,565,379,83,0,0,141,146,83,114,105,559,733,851,717,797,709,655,0,0,333,473,907,1095,1171,1066,aro0921,lean_left,1
1180,1789976592.578278,0,0,0,98,213,457,563,551,375,83,0,0,121,148,91,93,83,579,735,811,712,789,681,639,0,0,301,443,880,1080,1135,1083,aro0921,lean_left,1
1181,1789976592.598292,0,0,0,109,231,467,549,549,376,103,0,0,137,135,106,91,99,581,735,815,743,767,715,627,0,0,331,443,887,1097,1121,1111,aro0921,lean_left,1
1182,1789976592.618272,0,0,0,103,232,457,547,556,375,105,0,0,103,147,115,107,97,595,755,829,746,783,722,667,0,0,301,493,905,1111,1167,1115,aro0921,lean_left,1
1183,1789976592.638241,0,0,0,104,228,455,551,559,374,87,0,0,119,152,105,99,108,601,760,845,743,773,687,663,0,0,292,443,877,1100,1182,1097,aro0921,lean_left,1
1184,1789976592.658293,0,0,0,94,235,456,558,563,391,87,0,0,115,141,89,95,105,603,759,805,724,759,685,677,0,0,319,431,877,1084,1148,1113,aro0921,lean_left,1
1185,1789976592.678244,0,0,0,103,231,467,563,549,377,99,0,0,116,158,98,91,78,569,728,821,739,789,713,661,0,0,315,461,918,1087,1172,1051,aro0921,lean_left,1
1186,1789976592.698248,0,0,0,105,232,457,557,553,379,92,0,0,119,135,117,99,88,585,741,825,733,776,701,647,0,0,313,462,904,1069,1151,1087,aro0921,lean_left,1
1187,1789976592.718271,0,0,0,101,223,463,555,553,378,91,0,0,119,152,101,101,89,601,729,825,730,777,701,649,0,0,309,457,921,1092,1133,1067,aro0921,lean_left,1
1188,1789976592.738329,0,0,0,107,232,473,567,555,371,88,0,0,109,164,89,91,73,604,760,813,715,785,691,652,0,0,291,442,914,1087,1132,1067,aro0921,lean_left,1
1189,1789976592.758282,0,0,0,100,215,461,557,567,377,85,0,0,110,143,109,99,88,601,755,829,741,797,709,665,0,0,316,475,887,1053,1135,1079,aro0921,lean_left,1
1190,1789976592.778291,0,0,0,111,227,455,553,562,391,85,0,0,135,143,107,110,73,594,733,827,743,781,716,655,0,0,319,447,879,1093,1139,1064,aro0921,lean_left,1
1191,1789976592.798307,0,0,0,107,217,466,565,548,390,89,0,0,137,149,95,109,88,571,728,841,713,799,724,661,0,0,284,481,901,1096,1179,1093,aro0921,lean_left,1
1192,1789976592.818262,0,0,0,103,213,459,541,565,379,109,0,0,137,149,114,99,91,597,757,799,751,773,727,679,0,0,277,429,875,1063,1160,1055,aro0921,lean_left,1
1193,1789976592.838050,0,0,0,111,234,469,567,553,375,87,0,0,108,141,83,111,90,604,743,842,721,781,687,644,0,0,328,455,884,1097,1171,1075,aro0921,lean_left,1
1194,1789976592.858382,0,0,0,103,233,467,550,555,380,101,0,0,107,151,103,103,55,600,739,821,703,795,689,652,0,0,347,455,879,1109,1145,1086,aro0921,lean_left,1
1195,1789976592.878280,0,0,0,103,221,461,565,543,381,105,0,0,109,149,83,110,72,573,731,815,741,793,717,633,0,0,307,441,909,1083,1135,1096,aro0921,lean_left,1
1196,1789976592.898282,0,0,0,103,228,461,553,553,377,94,0,0,105,139,87,115,67,589,745,823,727,779,703,648,0,0,311,459,895,1071,1161,1085,aro0921,lean_left,1
1197,1789976592.918284,0,0,0,103,219,460,555,555,379,95,0,0,119,153,95,100,71,585,747,825,731,777,701,639,0,0,309,459,903,1117,1158,1085,aro0921,lean_left,1
1198,1789976592.938262,0,0,0,103,220,466,553,564,383,99,0,0,103,136,86,87,55,587,733,843,713,759,715,662,0,0,329,459,889,1079,1176,1097,aro0921,lean_left,1
1199,1789976592.958277,0,0,0,89,220,455,555,559,390,93,0,0,133,167,107,110,86,565,763,827,742,759,715,681,0,0,341,485,879,1078,1174,1113,aro0921,lean_left,1
1200,1789976592.978278,0,0,0,104,229,454,569,551,371,94,0,0,121,160,84,105,73,573,755,813,745,793,701,663,0,0,297,473,923,1059,1169,1065,aro0921,lean_left,1
1201,1789976592.998248,0,0,0,109,219,443,569,563,393,105,0,0,107,165,109,88,63,597,755,811,719,781,712,629,0,0,309,439,879,1059,1125,1068,aro0921,lean_left,1
1202,1789976593.018247,0,0,0,105,231,469,569,554,391,84,0,0,125,165,109,87,72,569,723,843,731,799,686,653,0,0,295,490,879,1107,1149,1113,aro0921,lean_left,1
1203,1789976593.038332,0,0,0,93,227,471,557,552,373,103,0,0,108,159,99,101,57,591,735,812,717,794,687,633,0,0,307,477,883,1079,1175,1093,aro0921,lean_left,1
1204,1789976593.058382,0,0,0,111,228,455,553,551,367,79,0,0,133,139,83,101,71,571,730,843,748,791,725,631,0,0,293,483,885,1051,1189,1067,aro0921,lean_left,1
1205,1789976593.078251,0,0,0,92,211,471,566,555,376,91,0,0,125,141,84,111,77,569,724,808,723,797,725,630,0,0,293,473,892,1065,1128,1065,aro0921,lean_left,1
1206,1789976593.098281,0,0,0,91,228,459,560,547,379,94,0,0,111,157,103,107,53,605,735,843,728,779,699,654,0,0,327,455,902,1079,1158,1083,aro0921,lean_left,1
1207,1789976593.118267,0,0,0,100,229,459,563,559,379,111,0,0,121,149,94,100,69,589,743,830,731,781,701,651,0,0,311,461,906,1075,1160,1081,aro0921,lean_left,1
1208,1789976593.138293,0,0,0,105,234,455,571,553,375,93,0,0,137,163,110,103,77,601,731,821,750,785,697,633,0,0,299,443,885,1059,1143,1097,aro0921,lean_left,1
1209,1789976593.158278,0,0,0,89,219,456,563,550,378,107,0,0,118,137,105,93,70,610,747,829,703,764,693,671,0,0,312,437,927,1091,1117,1099,aro0921,lean_left,1
1210,1789976593.178332,0,0,0,103,227,473,565,565,374,87,0,0,116,151,92,89,68,572,748,849,749,772,695,631,0,0,337,443,934,1075,1156,1055,aro0921,lean_left,1
1211,1789976593.198293,0,0,0,105,219,469,571,541,393,105,0,0,117,157,89,91,73,588,763,813,710,765,683,655,0,0,328,465,887,1069,1139,1070,aro0921,lean_left,1
1212,1789976593.218263,0,0,0,101,219,452,555,563,394,93,0,0,107,137,105,107,100,605,759,847,732,789,727,635,0,0,293,443,923,1051,1177,1061,aro0921,lean_left,1
1213,1789976593.238305,0,0,0,103,216,457,565,563,391,88,0,0,111,156,89,119,101,585,755,810,717,760,695,661,0,0,309,477,914,1078,1157,1065,aro0921,lean_left,1
1214,1789976593.258263,0,0,0,93,214,472,573,567,377,85,0,0,103,163,111,101,93,599,733,839,745,757,693,637,0,0,315,437,915,1039,1133,1099,aro0921,lean_left,1
1215,1789976593.278282,0,0,0,103,227,455,549,548,375,85,0,0,123,138,85,87,73,570,730,809,727,763,714,627,0,0,313,476,925,1083,1125,1055,aro0921,lean_left,1
1216,1789976593.298341,0,0,0,101,221,461,559,555,377,95,0,0,123,165,109,111,91,588,745,826,729,779,709,650,0,0,311,461,903,1075,1147,1084,aro0921,lean_left,1
1217,1789976593.318287,0,0,0,105,227,459,562,554,377,94,0,0,119,149,93,101,87,590,745,825,731,780,702,649,0,0,311,459,883,1052,1161,1080,aro0921,lean_left,1
1218,1789976593.338272,0,0,0,109,217,458,559,556,372,87,0,0,111,133,84,107,57,569,733,809,714,787,716,629,0,0,295,452,883,1068,1141,1076,aro0921,lean_left,1
1219,1789976593.357469,0,0,0,92,205,447,570,538,399,101,0,0,133,166,110,83,75,581,719,850,699,767,683,623,0,0,310,446,893,1045,1173,1055,aro0921,lean_left,1
1220,1789976593.378122,0,0,0,93,229,461,581,555,393,105,0,0,132,139,87,104,74,617,743,841,733,797,711,663,0,0,312,473,879,1077,1160,1113,aro0921,lean_left,1
1221,1789976593.398291,0,0,0,99,235,463,548,559,371,107,0,0,139,158,108,107,85,597,762,822,730,765,712,634,0,0,317,475,920,1017,1127,1037,aro0921,lean_left,1
1222,1789976593.418312,0,0,0,105,237,463,559,551,381,83,0,0,105,160,108,105,72,575,732,845,713,779,731,670,0,0,333,459,877,1059,1180,1080,aro0921,lean_left,1
1223,1789976593.438272,0,0,0,99,228,473,559,543,379,87,0,0,127,125,78,107,55,590,739,845,727,777,693,663,0,0,307,466,915,1093,1179,1079,aro0921,lean_left,1
1224,1789976593.458282,0,0,0,91,223,460,547,563,364,100,0,0,117,163,110,107,85,569,751,805,743,761,695,639,0,0,291,443,889,1093,1118,1103,aro0921,lean_left,1
1225,1789976593.478277,0,0,0,109,228,466,566,565,380,88,0,0,118,157,105,91,69,597,755,825,712,777,715,653,0,0,312,457,923,1059,1133,1071,aro0921,lean_left,1
1226,1789976593.498309,0,0,0,91,213,441,565,556,379,93,0,0,133,146,99,115,83,588,739,823,729,777,699,653,0,0,343,467,895,1067,1159,1079,aro0921,lean_left,1
1227,1789976593.518274,0,0,0,99,220,459,569,555,379,93,0,0,119,150,93,99,69,585,741,826,728,781,709,647,0,0,309,459,895,1069,1115,1081,aro0921,lean_left,1
1228,1789976593.538260,0,0,0,93,220,459,569,566,392,103,0,0,135,139,95,117,88,605,748,823,745,796,723,635,0,0,327,479,879,1087,1135,1115,aro0921,lean_left,1
1229,1789976593.558305,0,0,0,103,219,467,568,537,377,99,0,0,139,143,93,86,55,599,759,829,728,796,715,660,0,0,329,467,891,1059,1187,1085,aro0921,lean_left,1
1230,1789976593.578296,0,0,0,93,219,473,569,562,382,100,0,0,121,141,83,103,67,596,755,821,751,794,723,659,0,0,328,461,937,1085,1133,1075,aro0921,lean_left,1
1231,1789976593.598280,0,0,0,105,229,471,551,567,375,85,0,0,123,159,103,109,84,605,761,821,699,759,685,675,0,0,325,437,903,1061,1167,1059,aro0921,lean_left,1
1232,1789976593.618305,0,0,0,109,219,469,549,557,365,83,0,0,126,165,89,91,55,604,740,807,747,758,695,678,0,0,293,469,935,1086,1161,1107,aro0921,lean_left,1
1233,1789976593.638251,0,0,0,95,214,458,555,564,396,89,0,0,103,163,100,103,71,571,751,827,740,776,723,671,0,0,329,441,887,1069,1163,1102,aro0921,lean_left,1
1234,1789976593.658255,0,0,0,87,210,460,560,563,393,105,0,0,137,132,101,85,77,565,719,838,745,749,699,632,0,0,313,437,907,1067,1159,1097,aro0921,lean_left,1
1235,1789976593.678304,0,0,0,87,227,453,571,547,383,88,0,0,101,165,86,105,69,587,748,820,730,796,697,659,0,0,299,475,907,1043,1150,1102,aro0921,lean_left,1
1236,1789976593.698268,0,0,0,88,227,461,564,543,381,93,0,0,87,158,87,133,83,607,729,822,731,781,701,653,0,0,287,447,887,1002,1156,1080,aro0921,lean_left,1
1237,1789976593.718264,0,0,0,93,216,471,561,554,379,94,0,0,115,151,103,99,69,590,739,868,729,777,701,651,0,0,313,457,895,1069,1179,1087,aro0921,lean_left,1
1238,1789976593.738326,0,0,0,103,213,455,567,549,371,101,0,0,120,141,95,104,53,581,747,810,717,767,715,663,0,0,303,445,914,1061,1173,1109,aro0921,lean_left,1
1239,1789976593.758267,0,0,0,87,229,443,583,555,376,83,0,0,95,145,103,100,78,597,680,839,749,779,693,624,0,0,328,471,909,1071,1167,1055,aro0921,lean_left,1
1240,1789976593.778287,0,0,0,94,214,467,569,557,379,91,0,0,115,149,77,111,69,601,759,840,745,764,694,667,0,0,325,455,890,1065,1176,1075,aro0921,lean_left,1
1241,1789976593.798283,0,0,0,106,213,473,567,559,393,108,0,0,125,149,107,103,84,579,765,811,750,783,688,653,0,0,295,476,872,1093,1131,1112,aro0921,lean_left,1
1242,1789976593.818293,0,0,0,91,215,457,559,542,397,89,0,0,100,157,92,88,55,597,751,803,717,761,725,675,0,0,315,467,877,1064,1175,1112,aro0921,lean_left,1
1243,1789976593.838292,0,0,0,95,217,467,552,549,377,101,0,0,133,149,91,111,83,571,733,826,744,766,687,661,0,0,317,476,877,1085,1160,1097,aro0921,lean_left,1
1244,1789976593.858308,0,0,0,100,219,453,571,539,375,87,0,0,103,147,109,81,69,575,717,830,710,794,677,646,0,0,288,431,888,1079,1129,1053,aro0921,lean_left,1
1245,1789976593.878391,0,0,0,93,231,467,557,551,397,93,0,0,114,158,101,105,55,580,740,813,728,759,687,649,0,0,301,471,878,1057,1176,1108,aro0921,lean_left,1
1246,1789976593.898305,0,0,0,91,226,457,559,547,383,95,0,0,111,151,89,89,61,569,725,800,728,781,728,632,0,0,332,469,895,1068,1135,1087,aro0921,lean_left,1
1247,1789976593.918317,0,0,0,103,229,461,563,557,381,93,0,0,115,148,93,99,72,588,743,827,669,779,709,653,0,0,309,459,873,1063,1149,1087,aro0921,lean_left,1
1248,1789976593.938303,0,0,0,107,233,453,553,563,393,93,0,0,127,151,105,93,57,601,728,815,724,787,710,681,0,0,295,461,888,1053,1149,1108,aro0921,lean_left,1
1249,1789976593.958290,0,0,0,93,245,439,572,564,391,87,0,0,111,156,90,99,59,569,747,816,717,747,727,647,0,0,331,471,877,1053,1158,1101,aro0921,lean_left,1
1250,1789976593.978295,0,0,0,103,227,455,575,543,389,107,0,0,134,137,109,95,83,572,728,805,742,791,725,649,0,0,329,475,886,1055,1151,1099,aro0921,lean_left,1
1251,1789976593.998272,0,0,0,91,220,471,573,567,391,89,0,0,117,152,95,95,61,587,753,807,711,797,727,655,0,0,293,455,916,1095,1133,1098,aro0921,lean_left,1
1252,1789976594.018312,0,0,0,100,219,456,566,539,397,85,0,0,137,151,91,87,55,605,757,804,713,779,683,681,0,0,297,448,883,1099,1149,1093,aro0921,lean_left,1
1253,1789976594.038285,0,0,0,93,233,470,566,553,392,105,0,0,120,169,103,105,75,573,727,811,739,793,721,665,0,0,287,473,891,1087,1158,1105,aro0921,lean_left,1
1254,1789976594.058284,0,0,0,91,235,469,579,565,379,85,0,0,113,155,77,117,77,567,723,823,723,745,677,654,0,0,315,431,879,1076,1139,1095,aro0921,lean_left,1
1255,1789976594.078334,0,0,0,95,215,453,569,559,369,99,0,0,107,134,95,110,75,597,776,805,737,788,686,634,0,0,317,473,889,1082,1133,1095,aro0921,lean_left,1
1256,1789976594.098276,0,0,0,95,228,447,571,547,395,104,0,0,103,141,85,88,56,571,728,803,725,793,709,635,0,0,293,435,887,1068,1131,1087,aro0921,lean_left,1
1257,1789976594.118270,0,0,0,99,221,459,559,553,378,95,0,0,117,150,93,101,69,585,741,815,727,779,703,653,0,0,303,458,894,1079,1148,1083,aro0921,lean_left,1
1258,1789976594.138343,0,0,0,105,219,447,559,563,392,104,0,0,119,139,92,99,84,571,733,831,733,761,712,653,0,0,333,471,901,1087,1176,1065,aro0921,lean_left,1
1259,1789976594.158296,0,0,0,81,230,439,551,526,389,83,0,0,109,167,106,88,55,566,717,820,710,763,721,638,0,0,287,461,917,1077,1181,1085,aro0921,lean_left,1
1260,1789976594.178323,0,0,0,103,216,447,555,553,376,88,0,0,107,151,102,94,71,563,728,813,729,786,723,637,0,0,296,441,903,1078,1148,1110,aro0921,lean_left,1
1261,1789976594.198339,0,0,0,101,207,472,549,539,373,83,0,0,127,151,79,105,53,587,725,810,711,775,693,683,0,0,318,475,879,1092,1177,1086,aro0921,lean_left,1
1262,1789976594.218347,0,0,0,93,219,453,550,536,375,91,0,0,95,147,81,114,61,565,735,812,743,761,725,647,0,0,301,435,891,1099,1181,1115,aro0921,lean_left,1
1263,1789976594.238292,0,0,0,85,230,447,551,553,383,105,0,0,107,125,95,75,89,571,750,808,719,772,725,651,0,0,299,457,901,1051,1181,1069,aro0921,lean_left,1
1264,1789976594.258287,0,0,0,103,221,443,569,547,367,100,0,0,101,165,104,84,58,567,726,793,741,775,693,645,0,0,313,435,875,1071,1145,1107,aro0921,lean_left,1
1265,1789976594.278316,0,0,0,88,227,453,549,559,371,102,0,0,115,143,85,101,57,574,723,819,733,776,710,669,0,0,301,444,920,1076,1176,1064,aro0921,lean_left,1
1266,1789976594.298288,0,0,0,87,210,461,563,555,383,95,0,0,103,143,83,113,75,589,757,813,727,779,701,652,0,0,337,445,890,1071,1149,1085,aro0921,lean_left,1
1267,1789976594.318282,0,0,0,95,219,460,559,551,379,97,0,0,109,147,91,103,69,585,735,816,729,780,709,655,0,0,308,441,895,1069,1161,1085,aro0921,lean_left,1
1268,1789976594.338327,0,0,0,90,216,469,557,557,377,87,0,0,99,143,111,103,53,564,742,829,713,795,701,633,0,0,337,468,857,1069,1140,1110,aro0921,lean_left,1
1269,1789976594.358306,0,0,0,90,229,463,573,557,391,109,0,0,117,153,85,89,71,573,759,804,711,787,719,675,0,0,325,475,875,1051,1139,1076,aro0921,lean_left,1
1270,1789976594.378313,0,0,0,101,229,457,569,564,381,87,0,0,120,151,73,111,75,595,754,827,745,781,686,651,0,0,327,472,882,1093,1147,1112,aro0921,lean_left,1
1271,1789976594.398340,0,0,0,94,211,460,587,541,376,99,0,0,101,167,93,94,85,568,724,814,703,791,701,653,0,0,296,445,886,1092,1156,1102,aro0921,lean_left,1
1272,1789976594.418341,0,0,0,105,223,453,563,540,383,101,0,0,103,137,111,115,88,601,711,836,697,779,733,625,0,0,325,443,953,1125,1129,1080,aro0921,lean_left,1
1273,1789976594.438282,0,0,0,95,218,459,566,558,379,94,0,0,115,158,85,99,52,601,751,821,728,788,698,659,0,0,307,447,903,1087,1143,1112,aro0921,lean_left,1
1274,1789976594.458358,0,0,0,95,223,453,551,553,382,107,0,0,91,165,99,106,85,574,726,840,701,759,703,679,0,0,285,431,906,1049,1183,1076,aro0921,lean_left,1
1275,1789976594.478331,0,0,0,91,213,455,571,559,392,91,0,0,103,163,94,104,57,569,725,821,703,795,723,645,0,0,311,455,920,1092,1177,1083,aro0921,lean_left,1
1276,1789976594.498303,0,0,0,90,221,460,557,555,380,95,0,0,127,169,99,102,53,586,761,809,725,777,699,633,0,0,284,459,895,1071,1155,1093,aro0921,lean_left,1
1277,1789976594.518291,0,0,0,95,217,463,559,551,381,99,0,0,111,152,103,103,71,588,739,815,725,776,711,659,0,0,313,457,893,1053,1157,1097,aro0921,lean_left,1
1278,1789976594.538395,0,0,0,94,219,459,555,555,375,87,0,0,109,140,93,102,72,586,737,820,718,765,687,655,0,0,311,466,895,1081,1149,1067,aro0921,lean_left,1
1279,1789976594.558275,0,0,0,95,219,460,557,554,380,98,0,0,105,136,94,99,60,587,693,819,728,779,709,654,0,0,311,435,902,1073,1159,1081,aro0921,lean_left,1
1280,1789976594.578282,0,0,0,93,218,457,557,553,375,85,0,0,104,151,95,101,70,569,742,809,709,767,728,682,0,0,309,459,872,1055,1183,1061,aro0921,lean_left,1
1281,1789976594.598330,0,0,0,81,216,463,571,557,397,91,0,0,91,167,85,105,77,570,725,839,717,778,681,675,0,0,301,475,921,1078,1123,1110,aro0921,lean_left,1
1282,1789976594.618275,0,0,0,101,221,445,549,557,369,89,0,0,99,134,81,91,61,589,757,799,723,759,697,659,0,0,312,440,888,1045,1131,1055,aro0921,lean_left,1
1283,1789976594.638340,0,0,0,81,205,455,559,554,383,89,0,0,121,147,88,117,69,581,727,829,711,779,687,637,0,0,277,399,873,1096,1159,1083,aro0921,lean_left,1
1284,1789976594.657675,0,0,0,93,227,441,569,559,381,85,0,0,105,153,99,115,75,603,750,796,711,760,693,637,0,0,332,479,933,1099,1127,1086,aro0921,lean_left,1
1285,1789976594.678516,0,0,0,95,227,470,563,547,393,103,0,0,119,163,106,86,75,603,729,823,699,757,699,668,0,0,292,456,925,1051,1141,1079,aro0921,lean_left,1
1286,1789976594.698324,0,0,0,91,220,455,551,541,393,105,0,0,92,152,79,111,76,597,723,852,734,767,723,637,0,0,294,441,921,1046,1133,1061,aro0921,lean_left,1
1287,1789976594.718403,0,0,0,87,227,483,558,553,383,98,0,0,115,137,85,95,45,597,748,829,717,773,685,664,0,0,291,439,924,1052,1131,1072,aro0921,lean_left,1
1288,1789976594.738313,0,0,0,101,206,473,551,563,373,85,0,0,98,141,101,95,82,575,725,807,728,787,725,667,0,0,286,445,901,1067,1131,1086,aro0921,lean_left,1
1289,1789976594.758317,0,0,0,99,220,475,563,544,383,91,0,0,117,157,111,101,53,595,721,819,751,783,727,651,0,0,309,458,886,1069,1189,1085,aro0921,lean_left,1
1290,1789976594.778291,0,0,0,87,222,461,572,558,379,95,0,0,93,163,103,103,78,573,728,800,725,794,727,675,0,0,294,452,901,1078,1178,1081,aro0921,lean_left,1
1291,1789976594.798440,0,0,0,89,216,461,555,551,379,98,0,0,94,151,94,99,69,585,741,813,727,767,713,659,0,0,309,456,901,1067,1159,1095,aro0921,lean_left,1
1292,1789976594.818365,0,0,0,87,216,465,547,564,371,88,0,0,85,151,107,111,84,589,762,797,749,781,739,681,0,0,317,461,881,1052,1186,1047,aro0921,lean_left,1
1293,1789976594.838332,0,0,0,79,223,472,544,539,372,91,0,0,101,141,77,109,71,569,725,809,717,764,687,671,0,0,331,478,909,1055,1180,1068,aro0921,lean_left,1
1294,1789976594.858346,0,0,0,101,221,468,571,541,367,85,0,0,100,127,37,117,84,607,723,819,747,790,685,670,0,0,331,475,935,1047,1127,1097,aro0921,lean_left,1
1295,1789976594.878366,0,0,0,78,221,473,563,557,374,103,0,0,107,143,91,105,79,571,751,813,727,797,719,678,0,0,314,473,913,1081,1171,1061,aro0921,lean_left,1
1296,1789976594.897474,0,0,0,76,213,453,558,565,394,87,0,0,89,135,111,86,77,567,728,829,728,759,719,635,0,0,331,439,877,1045,1159,1099,aro0921,lean_left,1
1297,1789976594.918347,0,0,0,77,211,445,563,563,383,97,0,0,99,135,107,83,73,558,725,813,674,788,685,639,0,0,339,437,888,1045,1194,1031,aro0921,lean_left,1
1298,1789976594.938335,0,0,0,85,215,459,551,547,393,99,0,0,93,164,90,123,45,571,728,799,703,765,675,663,0,0,287,429,885,1095,1187,1099,aro0921,lean_left,1
1299,1789976594.958350,0,0,0,89,200,441,563,563,373,80,0,0,115,125,89,119,82,568,727,795,697,809,741,634,0,0,343,484,893,1096,1127,1081,aro0921,lean_left,1
1300,1789976594.978324,0,0,0,84,219,471,559,549,383,93,0,0,110,137,93,89,79,571,765,822,749,759,717,648,0,0,297,453,902,1071,1165,1103,aro0921,lean_left,1
1301,1789976594.998369,0,0,0,87,214,461,557,551,380,95,0,0,101,149,93,99,68,585,751,821,729,779,712,667,0,0,307,457,893,1069,1151,1085,aro0921,lean_left,1
1302,1789976595.018331,0,0,0,99,214,457,549,566,399,99,0,0,87,135,94,115,87,571,733,803,740,763,726,669,0,0,303,471,919,1097,1195,1093,aro0921,lean_left,1
1303,1789976595.038310,0,0,0,93,221,471,571,547,391,107,0,0,93,165,107,91,55,600,751,803,725,800,730,680,0,0,329,453,877,1064,1148,1061,aro0921,lean_left,1
1304,1789976595.058352,0,0,0,77,213,445,563,537,371,90,0,0,103,147,92,101,67,559,761,829,727,800,685,649,0,0,309,473,871,1099,1151,1045,aro0921,lean_left,1
1305,1789976595.078323,0,0,0,83,205,467,557,550,393,103,0,0,89,133,102,111,69,593,728,829,741,782,718,661,0,0,317,441,878,1069,1164,1112,aro0921,lean_left,1
1306,1789976595.098307,0,0,0,89,221,455,552,542,378,106,0,0,89,157,95,109,55,603,716,796,715,794,715,676,0,0,287,475,891,1087,1170,1080,aro0921,lean_left,1
1307,1789976595.118315,0,0,0,100,199,465,549,555,392,105,0,0,87,163,94,115,48,585,746,791,712,763,731,649,0,0,310,473,917,1099,1179,1105,aro0921,lean_left,1
1308,1789976595.138355,0,0,0,101,210,453,568,540,392,91,0,0,103,123,73,115,69,600,751,818,711,797,703,648,0,0,332,478,917,1083,1131,1069,aro0921,lean_left,1
1309,1789976595.158299,0,0,0,77,199,477,567,541,375,77,0,0,107,160,74,115,69,611,728,809,713,805,681,665,0,0,293,425,904,1051,1128,1095,aro0921,lean_left,1
1310,1789976595.178364,0,0,0,76,203,471,557,559,393,91,0,0,92,135,94,103,71,572,731,815,715,792,695,677,0,0,317,439,880,1109,1167,1083,aro0921,lean_left,1
1311,1789976595.198337,0,0,0,92,213,446,553,539,395,92,0,0,103,141,77,92,77,600,743,795,724,763,729,695,0,0,333,459,917,1052,1173,1111,aro0921,lean_left,1
1312,1789976595.218336,0,0,0,84,218,441,542,535,366,107,0,0,111,133,83,108,76,559,725,839,731,760,695,637,0,0,307,473,919,1077,1181,1087,aro0921,lean_left,1
1313,1789976595.238305,0,0,0,87,211,461,555,551,379,95,0,0,99,143,91,99,72,584,739,810,725,781,711,661,0,0,311,461,894,1071,1160,1087,aro0921,lean_left,1
1314,1789976595.258333,0,0,0,87,189,470,555,555,397,93,0,0,77,163,75,116,69,604,716,815,728,757,729,681,0,0,301,471,903,1045,1131,1107,aro0921,lean_left,1
1315,1789976595.278304,0,0,0,91,199,457,555,549,393,87,0,0,105,151,93,109,50,585,742,828,738,767,725,671,0,0,325,461,883,1092,1178,1112,aro0921,lean_left,1
1316,1789976595.298318,0,0,0,83,199,461,551,539,367,87,0,0,109,125,98,111,71,581,719,805,711,763,711,661,0,0,318,473,917,1051,1143,1065,aro0921,lean_left,1
1317,1789976595.318443,0,0,0,94,201,467,541,539,376,110,0,0,107,133,106,91,45,569,717,789,725,765,695,699,0,0,283,467,909,1050,1174,1053,aro0921,lean_left,1
1318,1789976595.338391,0,0,0,91,197,471,551,552,393,105,0,0,87,141,105,87,57,595,757,829,727,763,697,683,0,0,283,459,875,1055,1181,1069,aro0921,lean_left,1
1319,1789976595.358339,0,0,0,90,203,457,557,559,383,95,0,0,82,155,103,88,75,599,735,824,740,783,725,672,0,0,299,443,877,1082,1179,1105,aro0921,lean_left,1
1320,1789976595.378384,0,0,0,89,189,463,555,543,391,103,0,0,84,147,99,104,75,571,711,798,725,776,691,658,0,0,285,458,875,1085,1171,1103,aro0921,lean_left,1
1321,1789976595.397512,0,0,0,73,197,455,550,551,373,81,0,0,86,136,73,103,85,591,745,823,699,765,692,671,0,0,326,463,901,1078,1151,1059,aro0921,lean_left,1
1322,1789976595.418330,0,0,0,85,189,447,539,558,362,81,0,0,87,141,90,99,45,567,744,789,701,788,732,648,0,0,283,437,927,1078,1161,1056,aro0921,lean_left,1
1323,1789976595.438319,0,0,0,74,191,463,569,551,377,85,0,0,99,133,87,105,53,589,743,805,713,781,691,675,0,0,319,469,909,1092,1134,1108,aro0921,lean_left,1
1324,1789976595.458374,0,0,0,89,197,459,553,553,383,93,0,0,88,142,94,103,73,601,751,829,708,767,696,682,0,0,287,436,904,1069,1165,1075,aro0921,lean_left,1
1325,1789976595.478317,0,0,0,74,187,469,544,539,377,101,0,0,99,159,103,109,73,607,732,830,741,760,693,659,0,0,315,466,879,1099,1151,1097,aro0921,lean_left,1
1326,1789976595.498322,0,0,0,93,171,473,541,555,374,87,0,0,95,123,75,86,46,581,747,831,719,759,699,665,0,0,279,427,876,1078,1173,1085,aro0921,lean_left,1
1327,1789976595.518350,0,0,0,82,199,436,555,548,376,91,0,0,99,151,77,107,61,583,740,814,727,781,715,659,0,0,309,453,895,1091,1163,1087,aro0921,lean_left,1
1328,1789976595.538326,0,0,0,83,201,459,555,549,376,95,0,0,87,135,89,99,57,585,739,812,715,781,711,663,0,0,303,467,895,1071,1159,1070,aro0921,lean_left,1
1329,1789976595.558307,0,0,0,88,205,471,552,547,393,101,0,0,87,155,103,102,75,586,717,831,741,749,691,687,0,0,308,439,906,1109,1183,1130,aro0921,lean_left,1
1330,1789976595.578344,0,0,0,87,187,457,547,555,391,100,0,0,101,154,89,95,53,594,749,825,743,776,697,673,0,0,304,466,887,1051,1179,1083,aro0921,lean_left,1
1331,1789976595.598369,0,0,0,77,185,451,549,555,373,105,0,0,86,123,99,105,73,585,741,827,717,799,725,671,0,0,331,431,924,1061,1165,1068,aro0921,lean_left,1
1332,1789976595.618329,0,0,0,84,186,469,563,549,367,88,0,0,91,146,75,101,51,565,725,797,723,795,716,691,0,0,319,437,879,1070,1149,1079,aro0921,lean_left,1
1333,1789976595.638328,0,0,0,88,197,446,543,549,375,93,0,0,104,154,89,89,73,573,723,806,727,765,698,661,0,0,317,459,891,1097,1143,1110,aro0921,lean_left,1
1334,1789976595.658363,0,0,0,57,205,443,555,555,365,75,0,0,78,133,114,105,79,606,713,803,745,803,671,678,0,0,329,461,895,1092,1165,1061,aro0921,lean_left,1
1335,1789976595.678311,0,0,0,85,203,447,559,550,381,101,0,0,88,132,77,99,47,584,719,827,711,763,718,661,0,0,333,445,877,1053,1175,1065,aro0921,lean_left,1
1336,1789976595.698297,0,0,0,77,202,469,543,549,371,86,0,0,109,149,99,100,56,573,735,799,727,773,696,669,0,0,319,467,845,1076,1146,1097,aro0921,lean_left,1
1337,1789976595.718357,0,0,0,79,211,455,553,547,377,95,0,0,103,142,88,99,59,575,741,815,723,791,712,675,0,0,307,455,904,1079,1163,1055,aro0921,lean_left,1
1338,1789976595.738294,0,0,0,77,199,457,559,550,365,87,0,0,95,149,95,99,61,583,741,811,743,792,701,665,0,0,309,455,889,1053,1164,1079,aro0921,lean_left,1
1339,1789976595.758335,0,0,0,72,207,457,543,536,366,84,0,0,93,123,91,109,77,565,733,807,741,763,711,649,0,0,281,429,867,1095,1181,1118,aro0921,lean_left,1
1340,1789976595.778341,0,0,0,87,191,467,551,555,383,97,0,0,90,155,78,100,71,581,751,810,717,764,723,653,0,0,309,460,893,1077,1171,1102,aro0921,lean_left,1
1341,1789976595.798298,0,0,0,75,189,453,563,542,373,88,0,0,99,151,93,91,53,573,729,824,741,776,695,665,0,0,338,463,919,1085,1181,1071,aro0921,lean_left,1
1342,1789976595.818309,0,0,0,85,201,453,567,557,383,93,0,0,93,127,83,85,54,600,755,794,711,794,691,661,0,0,287,429,907,1053,1131,1069,aro0921,lean_left,1
1343,1789976595.838299,0,0,0,67,188,459,550,533,375,104,0,0,101,133,115,78,63,603,727,815,725,791,702,685,0,0,335,443,917,1093,1148,1081,aro0921,lean_left,1
1344,1789976595.858373,0,0,0,75,183,460,567,535,397,89,0,0,95,152,89,79,43,563,717,808,701,795,734,691,0,0,312,456,873,1045,1182,1069,aro0921,lean_left,1
1345,1789976595.878327,0,0,0,87,197,469,559,555,379,89,0,0,109,145,87,103,49,580,725,823,729,779,687,671,0,0,311,445,893,1087,1186,1097,aro0921,lean_left,1
1346,1789976595.898473,0,0,0,83,205,457,567,539,373,103,0,0,105,153,75,95,75,579,755,807,739,793,697,653,0,0,301,439,915,1087,1179,1080,aro0921,lean_left,1
1347,1789976595.917706,0,0,0,85,185,465,555,549,379,93,0,0,102,126,87,83,72,584,739,809,724,780,711,667,0,0,305,445,903,1076,1161,1079,aro0921,lean_left,1
1348,1789976595.938330,0,0,0,83,199,457,553,550,378,89,0,0,101,145,91,98,59,587,735,811,741,781,713,665,0,0,306,453,922,1066,1173,1071,aro0921,lean_left,1
1349,1789976595.958329,0,0,0,95,212,467,556,537,367,83,0,0,83,141,99,93,44,583,765,803,749,805,733,693,0,0,333,471,892,1085,1146,1093,aro0921,lean_left,1
1350,1789976595.977505,0,0,0,85,205,463,549,559,391,87,0,0,91,153,87,101,61,586,729,813,731,777,719,675,0,0,309,463,913,1069,1143,1087,aro0921,lean_left,1
1351,1789976595.998318,0,0,0,89,211,462,565,553,373,95,0,0,109,127,100,86,59,573,749,824,731,795,704,667,0,0,309,466,931,1096,1171,1041,aro0921,lean_left,1
1352,1789976596.018315,0,0,0,90,187,468,541,536,376,109,0,0,111,137,75,105,72,605,735,829,731,789,730,677,0,0,307,472,909,1096,1127,1055,aro0921,lean_left,1
1353,1789976596.038343,0,0,0,91,191,454,543,539,379,101,0,0,115,140,105,120,71,593,763,807,713,795,698,668,0,0,287,453,923,1068,1141,1079,aro0921,lean_left,1
1354,1789976596.058421,0,0,0,76,197,459,566,543,371,93,0,0,89,103,92,107,56,571,744,829,687,779,711,679,0,0,327,445,921,1061,1147,1111,aro0921,lean_left,1
1355,1789976596.078415,0,0,0,73,187,447,551,549,363,116,0,0,88,146,95,89,63,581,745,829,719,795,697,677,0,0,301,457,895,1075,1157,1119,aro0921,lean_left,1
1356,1789976596.099438,0,0,0,87,205,445,567,557,365,89,0,0,115,133,103,85,56,603,749,795,722,785,685,669,0,0,317,431,924,1107,1178,1081,aro0921,lean_left,1
1357,1789976596.117415,0,0,0,93,203,457,555,551,379,104,0,0,110,125,94,87,71,587,738,813,726,780,713,663,0,0,295,437,903,1077,1161,1101,aro0921,lean_left,1
1358,1789976596.137403,0,0,0,83,185,461,543,551,379,88,0,0,99,143,89,98,57,587,739,819,729,781,712,671,0,0,307,445,905,1079,1163,1085,aro0921,lean_left,1
1359,1789976596.157382,0,0,0,73,199,446,559,554,380,99,0,0,91,141,77,105,63,580,719,815,731,779,711,665,0,0,301,435,885,1059,1157,1069,aro0921,lean_left,1
1360,1789976596.177411,0,0,0,77,203,465,544,549,392,99,0,0,78,136,94,91,55,597,728,819,713,776,728,679,0,0,317,453,913,1094,1145,1103,aro0921,lean_left,1
1361,1789976596.198333,0,0,0,73,183,471,551,554,374,107,0,0,76,147,103,79,43,565,741,838,711,805,699,648,0,0,331,463,893,1109,1143,1077,aro0921,lean_left,1
1362,1789976596.218308,0,0,0,71,213,473,564,537,397,91,0,0,86,125,103,87,53,593,754,815,723,764,719,693,0,0,329,437,927,1101,1121,1123,aro0921,lean_left,1
1363,1789976596.238351,0,0,0,85,189,467,547,543,383,89,0,0,91,147,74,104,55,604,739,799,724,794,699,662,0,0,293,463,923,1065,1179,1099,aro0921,lean_left,1
1364,1789976596.257444,0,0,0,79,188,453,547,555,389,95,0,0,101,150,93,95,45,569,742,831,709,775,714,655,0,0,284,461,917,1100,1177,1087,aro0921,lean_left,1
1365,1789976596.278108,0,0,0,83,197,445,556,558,380,87,0,0,111,139,99,105,43,597,723,807,743,761,729,680,0,0,317,441,904,1076,1158,1069,aro0921,lean_left,1
1366,1789976596.298385,0,0,0,61,179,467,542,551,397,85,0,0,83,133,93,102,35,597,758,808,744,761,728,629,0,0,285,469,885,1097,1151,1079,aro0921,lean_left,1
1367,1789976596.318339,0,0,0,72,183,455,553,547,373,99,0,0,103,141,89,93,55,584,733,813,733,787,715,664,0,0,299,447,903,1071,1166,1084,aro0921,lean_left,1
1368,1789976596.338316,0,0,0,71,187,461,551,549,375,84,0,0,91,139,87,93,55,587,739,812,715,773,719,684,0,0,304,453,916,1095,1160,1085,aro0921,lean_left,1
1369,1789976596.358312,0,0,0,60,181,468,543,538,372,85,0,0,84,123,87,101,47,596,751,829,717,757,693,681,0,0,288,422,905,1101,1164,1061,aro0921,lean_left,1
1370,1789976596.378346,0,0,0,61,190,468,540,537,376,103,0,0,74,139,91,102,43,587,741,815,738,789,725,682,0,0,325,457,919,1080,1139,1070,aro0921,lean_left,1
1371,1789976596.398316,0,0,0,51,199,459,559,543,390,101,0,0,76,125,101,85,44,567,729,797,740,804,687,693,0,0,329,453,909,1095,1167,1129,aro0921,lean_left,1
1372,1789976596.418324,0,0,0,57,181,452,541,553,373,103,0,0,83,139,79,103,59,564,743,822,730,789,702,653,0,0,281,434,905,1086,1171,1071,aro0921,lean_left,1
1373,1789976596.437687,0,0,0,63,189,455,559,540,367,101,0,0,95,147,78,88,51,591,745,807,726,793,694,681,0,0,295,459,879,1087,1147,1101,aro0921,lean_left,1
1374,1789976596.458417,0,0,0,61,175,443,559,544,365,97,0,0,69,119,73,77,75,572,723,818,739,792,699,651,0,0,331,457,875,1075,1191,1077,aro0921,lean_left,1
1375,1789976596.478355,0,0,0,52,175,457,555,535,379,83,0,0,77,140,89,105,41,587,744,789,742,761,713,669,0,0,315,459,883,1069,1171,1083,aro0921,lean_left,1
1376,1789976596.498381,0,0,0,63,181,457,543,543,389,86,0,0,93,140,76,98,58,597,741,811,739,791,697,676,0,0,315,446,894,1085,1157,1085,aro0921,lean_left,1
1377,1789976596.518316,0,0,0,55,191,469,548,536,375,92,0,0,95,133,91,103,41,599,731,809,735,760,726,679,0,0,317,429,901,1079,1143,1075,aro0921,lean_left,1
1378,1789976596.538319,0,0,0,71,187,445,554,543,367,103,0,0,101,155,103,106,64,563,755,811,717,787,695,659,0,0,251,467,887,1079,1191,1083,aro0921,lean_left,1
1379,1789976596.558352,0,0,0,43,199,437,550,557,377,91,0,0,77,156,71,109,59,604,757,838,729,758,702,655,0,0,285,427,906,1083,1187,1100,aro0921,lean_left,1
1380,1789976596.578330,0,0,0,55,182,455,548,543,379,94,0,0,87,140,87,93,55,585,735,815,727,781,711,693,0,0,303,431,903,1083,1165,1093,aro0921,lean_left,1
1381,1789976596.598304,0,0,0,53,181,453,551,537,371,87,0,0,85,126,83,99,57,570,729,821,718,787,715,663,0,0,313,438,889,1086,1174,1086,aro0921,lean_left,1
1382,1789976596.618312,0,0,0,51,185,455,555,543,383,97,0,0,106,126,83,81,39,599,756,831,719,786,709,669,0,0,305,459,920,1061,1159,1071,aro0921,lean_left,1
1383,1789976596.638336,0,0,0,63,192,467,541,553,371,85,0,0,107,153,94,102,57,599,751,828,711,761,711,680,0,0,319,460,925,1101,1181,1092,aro0921,lean_left,1
1384,1789976596.658322,0,0,0,47,187,457,535,549,375,89,0,0,83,154,79,76,55,601,733,827,724,760,693,667,0,0,343,435,890,1109,1195,1125,aro0921,lean_left,1
1385,1789976596.678332,0,0,0,46,173,460,555,547,381,101,0,0,88,141,79,103,58,588,731,807,735,794,723,682,0,0,302,435,917,1069,1146,1109,aro0921,lean_left,1
1386,1789976596.698333,0,0,0,58,187,461,551,543,377,89,0,0,69,124,99,90,53,585,741,797,740,775,724,659,0,0,297,445,895,1095,1178,1063,aro0921,lean_left,1
1387,1789976596.718318,0,0,0,46,187,467,539,556,379,84,0,0,91,155,100,83,47,563,727,795,742,775,691,684,0,0,284,445,889,1107,1143,1094,aro0921,lean_left,1
1388,1789976596.738334,0,0,0,45,174,443,549,533,405,87,0,0,81,151,99,109,31,595,718,839,723,759,701,667,0,0,307,429,891,1101,1182,1117,aro0921,lean_left,1
1389,1789976596.758364,0,0,0,57,190,446,557,543,377,103,0,0,90,137,97,88,53,565,751,815,719,803,701,655,0,0,319,437,917,1119,1160,1096,aro0921,lean_left,1
1390,1789976596.778310,0,0,0,51,188,455,555,540,390,95,0,0,103,141,75,94,51,583,739,831,721,763,723,681,0,0,326,458,921,1098,1175,1075,aro0921,lean_left,1
1391,1789976596.798320,0,0,0,52,183,443,563,543,393,103,0,0,83,153,101,101,56,591,727,804,747,809,733,649,0,0,296,425,903,1061,1143,1075,aro0921,lean_left,1
1392,1789976596.818358,0,0,0,61,183,457,551,553,379,94,0,0,92,139,91,83,55,587,726,825,721,783,717,671,0,0,306,445,907,1083,1187,1079,aro0921,lean_left,1
1393,1789976596.838306,0,0,0,62,201,454,555,551,367,93,0,0,92,143,91,93,53,585,739,813,743,794,729,670,0,0,309,446,891,1077,1159,1069,aro0921,lean_left,1
1394,1789976596.858303,0,0,0,61,186,445,559,543,393,101,0,0,101,151,88,95,63,595,727,837,741,792,695,661,0,0,309,457,893,1098,1181,1055,aro0921,lean_left,1
1395,1789976596.878349,0,0,0,71,197,453,557,549,389,101,0,0,99,147,89,99,59,573,727,821,743,778,713,662,0,0,316,445,901,1098,1175,1099,aro0921,lean_left,1
1396,1789976596.898360,0,0,0,83,183,452,539,541,367,81,0,0,94,153,77,92,53,602,731,822,717,751,691,645,0,0,301,455,910,1097,1131,1076,aro0921,lean_left,1
1397,1789976596.918323,0,0,0,79,187,467,567,543,394,73,0,0,91,133,82,90,72,595,718,824,703,766,679,681,0,0,328,443,912,1096,1183,1066,aro0921,lean_left,1
1398,1789976596.938324,0,0,0,71,186,455,543,559,373,85,0,0,115,139,87,101,68,585,733,803,731,763,693,647,0,0,303,463,895,1067,1142,1085,aro0921,lean_left,1
1399,1789976596.958395,0,0,0,73,198,445,565,559,392,87,0,0,89,136,77,91,45,575,748,804,714,783,701,659,0,0,313,457,891,1079,1164,1094,aro0921,lean_left,1
1400,1789976596.978374,0,0,0,71,202,457,543,539,375,90,0,0,99,139,81,85,55,571,728,811,731,776,692,649,0,0,318,461,891,1067,1141,1107,aro0921,lean_left,1
1401,1789976596.998349,0,0,0,69,205,457,539,569,375,77,0,0,119,143,95,87,45,621,750,809,711,751,687,648,0,0,328,455,933,1049,1127,1071,aro0921,lean_left,1
1402,1789976597.018359,0,0,0,81,196,455,556,551,382,93,0,0,100,159,103,109,71,588,734,815,727,781,703,660,0,0,307,447,887,1084,1171,1083,aro0921,lean_left,1
1403,1789976597.038325,0,0,0,77,200,453,555,552,383,93,0,0,95,142,87,95,58,589,739,808,717,779,703,655,0,0,307,443,889,1098,1151,1069,aro0921,lean_left,1
1404,1789976597.058331,0,0,0,85,199,441,563,556,391,101,0,0,111,141,98,93,57,593,750,807,748,786,716,638,0,0,298,435,895,1087,1141,1055,aro0921,lean_left,1
1405,1789976597.078340,0,0,0,83,201,445,563,555,384,90,0,0,93,147,91,99,72,596,748,827,734,781,715,662,0,0,327,438,893,1087,1169,1100,aro0921,lean_left,1
1406,1789976597.098390,0,0,0,74,203,457,563,539,393,106,0,0,91,137,69,98,45,565,721,797,735,773,676,647,0,0,287,425,916,1108,1143,1107,aro0921,lean_left,1
1407,1789976597.118315,0,0,0,87,206,453,553,549,381,93,0,0,116,149,89,99,61,588,738,818,729,773,702,649,0,0,303,447,907,1082,1159,1091,aro0921,lean_left,1
1408,1789976597.138375,0,0,0,95,199,445,554,551,372,89,0,0,101,143,92,108,85,575,729,815,741,783,719,667,0,0,319,427,927,1092,1183,1110,aro0921,lean_left,1
1409,1789976597.158375,0,0,0,85,212,465,568,550,397,103,0,0,95,151,78,112,76,607,760,827,744,804,719,639,0,0,327,431,932,1110,1115,1112,aro0921,lean_left,1
1410,1789976597.178322,0,0,0,91,216,443,557,555,399,100,0,0,109,153,99,108,92,586,755,828,744,791,722,635,0,0,315,454,895,1061,1165,1065,aro0921,lean_left,1
1411,1789976597.198349,0,0,0,93,215,456,556,541,379,85,0,0,115,159,99,87,79,585,731,831,724,793,695,663,0,0,297,431,925,1087,1175,1105,aro0921,lean_left,1
1412,1789976597.218360,0,0,0,103,201,461,563,563,395,95,0,0,105,143,99,109,91,574,747,800,743,798,722,649,0,0,291,429,911,1067,1133,1095,aro0921,lean_left,1
1413,1789976597.238332,0,0,0,101,199,453,559,554,382,86,0,0,133,155,79,94,69,600,757,810,717,793,712,632,0,0,309,443,927,1066,1129,1067,aro0921,lean_left,1
1414,1789976597.258329,0,0,0,83,219,453,568,535,397,91,0,0,112,133,103,115,99,591,732,823,747,799,709,663,0,0,281,454,903,1071,1192,1083,aro0921,lean_left,1
1415,1789976597.278373,0,0,0,91,211,459,543,553,381,102,0,0,106,163,89,99,75,599,743,807,713,787,699,632,0,0,313,463,890,1079,1147,1060,aro0921,lean_left,1
1416,1789976597.298362,0,0,0,91,204,457,549,543,372,79,0,0,125,159,87,99,79,557,709,811,725,766,687,654,0,0,315,469,921,1059,1176,1063,aro0921,lean_left,1
1417,1789976597.318332,0,0,0,87,216,445,563,539,395,101,0,0,111,141,89,90,78,573,725,806,745,795,697,621,0,0,292,423,907,1097,1133,1097,aro0921,lean_left,1
1418,1789976597.338356,0,0,0,104,202,443,548,537,376,89,0,0,101,147,87,91,77,581,733,843,742,761,713,615,0,0,299,428,888,1097,1181,1107,aro0921,lean_left,1
1419,1789976597.358323,0,0,0,93,201,452,563,543,377,83,0,0,110,169,89,89,74,569,728,815,727,783,683,647,0,0,307,457,905,1067,1177,1095,aro0921,lean_left,1
1420,1789976597.378332,0,0,0,105,199,461,555,539,383,103,0,0,107,148,106,115,95,581,729,829,726,791,694,633,0,0,292,435,925,1062,1173,1091,aro0921,lean_left,1
1421,1789976597.398361,0,0,0,103,205,453,553,549,379,91,0,0,119,157,95,101,87,581,733,819,729,778,698,631,0,0,301,457,915,1087,1151,1087,aro0921,lean_left,1
1422,1789976597.418303,0,0,0,99,209,445,556,536,395,95,0,0,121,153,95,102,88,581,731,828,713,788,712,611,0,0,303,451,873,1076,1166,1085,aro0921,lean_left,1
1423,1789976597.438335,0,0,0,86,215,462,533,557,381,85,0,0,139,149,103,117,84,605,755,841,719,761,681,651,0,0,314,473,927,1065,1163,1069,aro0921,lean_left,1
1424,1789976597.458431,0,0,0,99,207,453,553,548,379,92,0,0,119,157,93,135,89,587,739,819,735,777,696,629,0,0,312,447,921,1095,1163,1085,aro0921,lean_left,1
1425,1789976597.478431,0,0,0,93,200,459,544,537,379,101,0,0,127,157,91,93,85,583,741,806,741,757,709,635,0,0,301,445,893,1075,1169,1079,aro0921,lean_left,1
1426,1789976597.498335,0,0,0,109,213,447,540,549,371,93,0,0,121,147,83,117,93,573,729,807,711,757,685,653,0,0,279,458,923,1099,1165,1068,aro0921,lean_left,1
1427,1789976597.518360,0,0,0,99,213,437,540,535,364,77,0,0,115,152,106,89,93,587,719,818,714,761,670,623,0,0,315,463,920,1063,1179,1052,aro0921,lean_left,1
1428,1789976597.538417,0,0,0,104,203,427,563,554,383,85,0,0,133,169,99,99,87,575,743,805,739,792,692,635,0,0,297,453,901,1101,1171,1100,aro0921,lean_left,1
1429,1789976597.558337,0,0,0,107,203,441,559,555,398,99,0,0,119,152,102,109,107,582,741,821,755,793,715,615,0,0,292,439,921,1105,1140,1103,aro0921,lean_left,1
1430,1789976597.578349,0,0,0,101,217,441,555,555,374,84,0,0,119,149,108,95,92,581,727,829,730,791,702,627,0,0,296,445,904,1069,1181,1067,aro0921,lean_left,1
1431,1789976597.598399,0,0,0,107,227,458,543,561,395,101,0,0,111,173,122,119,110,603,711,814,715,751,712,623,0,0,313,443,941,1099,1113,1055,aro0921,lean_left,1
1432,1789976597.618333,0,0,0,99,217,439,556,539,378,85,0,0,125,163,101,111,109,605,740,823,729,761,714,621,0,0,297,439,911,1100,1177,1097,aro0921,lean_left,1
1433,1789976597.638334,0,0,0,109,226,461,541,554,383,102,0,0,147,146,107,89,103,599,748,811,748,775,714,607,0,0,327,454,933,1087,1145,1095,aro0921,lean_left,1
1434,1789976597.658374,0,0,0,93,223,459,565,536,371,104,0,0,116,167,100,110,95,583,755,809,712,754,713,605,0,0,317,445,917,1067,1187,1113,aro0921,lean_left,1
1435,1789976597.678340,0,0,0,101,219,453,557,555,383,85,0,0,136,153,89,93,90,598,751,815,723,787,681,617,0,0,309,471,907,1067,1136,1066,aro0921,lean_left,1
1436,1789976597.698326,0,0,0,105,215,453,552,546,380,91,0,0,125,159,101,105,99,587,743,822,733,777,695,644,0,0,306,456,919,1085,1159,1083,aro0921,lean_left,1
1437,1789976597.718426,0,0,0,92,215,455,565,537,392,101,0,0,119,158,100,104,99,604,731,807,718,749,709,651,0,0,305,455,926,1069,1165,1084,aro0921,lean_left,1
1438,1789976597.738387,0,0,0,105,221,445,555,551,373,86,0,0,138,165,99,93,88,611,724,839,723,789,701,630,0,0,312,474,923,1103,1147,1107,aro0921,lean_left,1
1439,1789976597.758344,0,0,0,94,207,455,557,539,381,101,0,0,107,147,85,105,105,607,759,827,703,796,683,622,0,0,280,431,917,1113,1135,1079,aro0921,lean_left,1
1440,1789976597.778387,0,0,0,93,203,461,556,543,381,85,0,0,133,169,105,115,105,574,723,793,747,783,683,635,0,0,291,451,939,1095,1169,1103,aro0921,lean_left,1
1441,1789976597.798373,0,0,0,93,211,445,549,549,374,85,0,0,127,153,89,95,87,574,727,819,731,765,693,645,0,0,327,447,925,1096,1179,1106,aro0921,lean_left,1
1442,1789976597.818358,0,0,0,103,216,439,548,536,388,101,0,0,139,163,83,99,107,588,718,841,734,755,701,605,0,0,293,469,915,1065,1145,1085,aro0921,lean_left,1
1443,1789976597.838360,0,0,0,101,206,435,548,536,377,91,0,0,119,149,111,92,69,601,749,827,714,790,685,613,0,0,325,469,907,1105,1127,1087,aro0921,lean_left,1
1444,1789976597.858367,0,0,0,85,191,446,565,549,390,76,0,0,105,159,109,89,79,558,739,795,744,766,675,663,0,0,311,470,906,1059,1179,1081,aro0921,lean_left,1
1445,1789976597.878333,0,0,0,101,210,459,543,537,376,100,0,0,127,159,87,111,91,607,717,823,731,761,698,623,0,0,293,463,907,1071,1165,1093,aro0921,lean_left,1
1446,1789976597.898342,0,0,0,93,202,447,553,547,379,92,0,0,124,157,93,100,91,583,747,815,727,778,699,636,0,0,307,441,927,1085,1160,1083,aro0921,lean_left,1
1447,1789976597.918397,0,0,0,91,200,460,554,543,391,93,0,0,120,157,87,103,90,591,725,822,701,758,695,647,0,0,302,453,909,1087,1133,1110,aro0921,lean_left,1
1448,1789976597.938335,0,0,0,101,187,453,539,533,377,104,0,0,139,137,106,93,103,559,759,813,723,783,699,663,0,0,303,441,925,1107,1159,1067,aro0921,lean_left,1
1449,1789976597.958338,0,0,0,85,199,437,555,557,395,79,0,0,107,168,109,87,85,564,723,806,701,749,676,622,0,0,325,459,903,1112,1158,1087,aro0921,lean_left,1
1450,1789976597.978428,0,0,0,87,199,452,541,549,391,89,0,0,121,157,101,107,79,590,727,807,741,789,695,637,0,0,317,440,921,1095,1175,1080,aro0921,lean_left,1
1451,1789976597.998387,0,0,0,95,207,459,551,550,375,101,0,0,119,155,115,115,93,591,741,831,723,795,695,659,0,0,296,430,933,1077,1179,1095,aro0921,lean_left,1
1452,1789976598.018349,0,0,0,88,207,455,553,549,391,100,0,0,125,167,103,112,103,603,696,825,725,757,680,621,0,0,297,437,903,1069,1150,1069,aro0921,lean_left,1
1453,1789976598.038361,0,0,0,77,200,434,542,535,395,85,0,0,139,153,100,116,83,598,733,827,732,761,723,659,0,0,335,423,937,1071,1151,1099,aro0921,lean_left,1
1454,1789976598.058337,0,0,0,85,187,445,542,539,376,86,0,0,119,158,91,105,79,569,732,815,722,775,696,652,0,0,309,435,895,1099,1165,1093,aro0921,lean_left,1
1455,1789976598.078326,0,0,0,98,197,457,553,551,393,92,0,0,109,149,95,92,87,565,745,809,716,788,717,660,0,0,293,431,908,1097,1176,1077,aro0921,lean_left,1
1456,1789976598.098334,0,0,0,91,197,442,550,543,379,94,0,0,123,153,93,107,91,571,734,819,731,776,702,635,0,0,308,447,923,1085,1160,1093,aro0921,lean_left,1
1457,1789976598.118359,0,0,0,87,199,452,555,541,382,89,0,0,123,155,93,101,89,568,735,821,723,787,677,661,0,0,303,455,895,1085,1139,1112,aro0921,lean_left,1
1458,1789976598.138423,0,0,0,73,206,443,551,556,393,79,0,0,137,172,100,101,75,551,747,807,729,761,692,633,0,0,285,469,917,1109,1133,1093,aro0921,lean_left,1
1459,1789976598.158341,0,0,0,93,187,435,552,535,391,85,0,0,131,166,95,91,79,580,728,824,725,761,695,631,0,0,301,443,949,1081,1163,1099,aro0921,lean_left,1
1460,1789976598.178396,0,0,0,81,199,441,550,541,380,93,0,0,138,143,77,107,81,572,728,831,715,757,681,630,0,0,302,444,934,1099,1171,1093,aro0921,lean_left,1
1461,1789976598.198341,0,0,0,90,187,431,559,537,371,77,0,0,121,141,75,109,103,555,727,851,751,783,703,611,0,0,296,476,935,1069,1174,1075,aro0921,lean_left,1
1462,1789976598.218345,0,0,0,83,184,437,541,548,365,93,0,0,111,146,99,91,102,559,749,809,749,755,709,622,0,0,310,431,951,1066,1167,1069,aro0921,lean_left,1
1463,1789976598.238371,0,0,0,93,199,443,551,549,372,98,0,0,135,157,91,103,95,553,735,846,725,763,675,623,0,0,287,461,909,1083,1135,1080,aro0921,lean_left,1
1464,1789976598.258331,0,0,0,105,190,428,536,553,371,90,0,0,124,157,84,115,91,563,747,823,747,767,695,607,0,0,313,465,939,1075,1182,1084,aro0921,lean_left,1
1465,1789976598.278366,0,0,0,109,197,445,539,537,380,101,0,0,139,162,88,103,105,583,755,811,717,773,713,634,0,0,294,459,932,1103,1175,1083,aro0921,lean_left,1
1466,1789976598.298406,0,0,0,75,201,443,548,543,357,88,0,0,124,157,102,107,99,575,747,829,741,776,699,612,0,0,307,453,931,1084,1157,1081,aro0921,lean_left,1
1467,1789976598.318349,0,0,0,105,203,445,556,549,371,95,0,0,124,163,101,105,99,575,740,827,729,795,693,617,0,0,301,455,924,1107,1149,1049,aro0921,lean_left,1
1468,1789976598.338379,0,0,0,112,205,445,557,551,393,94,0,0,112,151,103,117,109,559,750,819,744,776,698,616,0,0,309,455,911,1107,1133,1099,aro0921,lean_left,1
1469,1789976598.358346,0,0,0,103,221,455,553,555,393,91,0,0,139,168,111,99,95,586,749,821,717,774,698,631,0,0,314,469,907,1079,1163,1055,aro0921,lean_left,1
1470,1789976598.378489,0,0,0,116,219,444,541,541,392,101,0,0,116,166,119,101,120,581,751,821,719,772,691,629,0,0,307,483,947,1107,1172,1067,aro0921,lean_left,1
1471,1789976598.398382,0,0,0,117,239,453,567,543,381,84,0,0,137,175,115,105,94,599,680,857,748,787,711,597,0,0,283,441,903,1064,1149,1069,aro0921,lean_left,1
1472,1789976598.418350,0,0,0,109,236,457,547,559,375,87,0,0,141,156,105,121,109,594,747,828,756,755,684,599,0,0,319,471,927,1067,1147,1079,aro0921,lean_left,1
1473,1789976598.438388,0,0,0,109,239,467,554,569,383,103,0,0,137,170,101,134,113,573,729,851,725,794,699,611,0,0,285,467,905,1085,1141,1083,aro0921,lean_left,1
1474,1789976598.458347,0,0,0,104,231,443,555,558,398,89,0,0,138,183,126,139,120,572,727,844,709,776,669,605,0,0,327,477,942,1095,1163,1096,aro0921,lean_left,1
1475,1789976598.478383,0,0,0,119,239,469,555,543,378,103,0,0,118,157,111,133,131,597,746,827,747,759,683,605,0,0,315,441,909,1081,1131,1085,aro0921,lean_left,1
1476,1789976598.497688,0,0,0,115,243,460,558,557,391,95,0,0,137,167,117,121,119,583,745,840,733,775,693,615,0,0,308,457,917,1081,1147,1072,aro0921,lean_left,1
1477,1789976598.518424,0,0,0,117,247,453,567,543,403,103,0,0,124,167,117,120,117,593,743,843,711,792,697,603,0,0,306,465,907,1103,1127,1096,aro0921,lean_left,1
1478,1789976598.538338,0,0,0,125,261,466,553,565,389,102,0,0,137,181,119,119,105,569,749,853,717,793,681,588,0,0,291,471,933,1079,1139,1087,aro0921,lean_left,1
1479,1789976598.558483,0,0,0,123,253,467,558,557,392,102,0,0,123,165,121,120,120,584,732,839,733,779,687,616,0,0,305,457,917,1081,1150,1061,aro0921,lean_left,1
1480,1789976598.578430,0,0,0,137,261,473,551,555,403,89,0,0,134,170,120,121,119,573,749,855,749,787,682,627,0,0,301,455,911,1087,1129,1051,aro0921,lean_left,1
1481,1789976598.598368,0,0,0,143,269,489,560,564,395,102,0,0,127,171,123,123,111,586,745,845,734,777,701,620,0,0,303,460,915,1077,1157,1077,aro0921,lean_left,1
1482,1789976598.618345,0,0,0,153,267,493,570,572,409,92,0,0,135,169,124,121,115,567,741,856,725,773,696,629,0,0,285,440,913,1049,1157,1047,aro0921,lean_left,1
1483,1789976598.638391,0,0,0,151,285,478,570,555,403,115,0,0,127,173,121,117,135,581,755,841,721,751,711,635,0,0,327,453,923,1052,1129,1095,aro0921,lean_left,1
1484,1789976598.657680,0,0,0,165,274,495,555,555,421,120,0,0,136,155,143,107,120,575,765,849,711,798,675,595,0,0,317,435,895,1075,1147,1094,aro0921,lean_left,1
1485,1789976598.678345,0,0,0,181,284,485,559,575,427,107,0,0,123,183,139,115,121,579,731,829,721,777,703,627,0,0,293,467,914,1077,1150,1065,aro0921,lean_left,1
1486,1789976598.698386,0,0,0,189,296,485,565,583,415,104,0,0,135,173,123,139,135,600,733,831,746,759,702,627,0,0,295,461,909,1071,1141,1045,aro0921,lean_left,1
1487,1789976598.718380,0,0,0,181,293,491,565,588,411,94,0,0,134,179,117,134,108,595,765,857,757,789,717,603,0,0,299,443,911,1045,1115,1063,aro0921,lean_left,1
1488,1789976598.738358,0,0,0,191,285,503,581,587,422,104,0,0,139,163,148,158,108,587,751,872,750,781,671,638,0,0,314,435,879,1047,1100,1061,aro0921,lean_left,1
1489,1789976598.758435,0,0,0,197,309,495,581,567,429,107,0,0,139,175,143,126,135,587,757,844,721,775,687,597,0,0,315,473,890,1076,1141,1087,aro0921,lean_left,1
1490,1789976598.778427,0,0,0,215,310,501,589,579,423,107,0,0,137,187,126,154,125,597,778,827,749,791,683,631,0,0,297,489,906,1048,1129,1047,aro0921,lean_left,1
1491,1789976598.798351,0,0,0,217,309,501,581,583,429,114,0,0,139,181,136,149,125,597,751,853,738,775,694,618,0,0,308,456,889,1051,1125,1061,aro0921,lean_left,1
1492,1789976598.818373,0,0,0,227,330,501,574,573,429,125,0,0,143,183,137,149,124,573,735,837,735,751,677,603,0,0,305,457,908,991,1106,1022,aro0921,lean_left,1
1493,1789976598.838407,0,0,0,237,353,495,581,588,445,123,0,30,156,188,136,149,115,585,740,869,725,751,664,621,0,0,287,455,889,1059,1129,1059,aro0921,lean_left,1
1494,1789976598.858376,0,0,0,240,364,504,597,585,475,121,0,0,145,198,149,147,121,606,743,855,746,791,699,613,0,0,301,453,894,1061,1129,1079,aro0921,lean_left,1
1495,1789976598.878347,0,0,0,246,372,519,583,589,469,121,0,0,157,200,150,141,135,585,742,870,735,764,683,613,0,0,293,455,869,1020,1138,1035,aro0921,lean_left,1
1496,1789976598.898437,0,0,0,235,403,527,603,587,471,110,0,27,159,199,135,151,123,601,767,831,757,798,684,639,0,0,331,483,903,1063,1085,1087,aro0921,lean_left,1
1497,1789976598.918384,0,0,21,246,402,507,603,615,471,109,0,43,153,176,152,143,147,575,741,863,747,792,668,601,0,0,319,437,873,1053,1129,1076,aro0921,lean_left,1
1498,1789976598.938353,0,0,21,265,399,525,589,601,488,127,0,37,150,183,171,159,143,607,735,853,744,749,687,616,0,0,307,461,888,1011,1114,1033,aro0921,lean_left,1
1499,1789976598.958394,0,0,0,269,403,521,600,597,491,133,0,41,157,189,154,151,137,585,759,863,723,787,679,633,0,0,315,447,889,1011,1099,1059,aro0921,lean_left,1
1500,1789976598.978366,0,0,20,261,409,529,597,601,507,119,0,43,151,184,171,152,127,613,745,850,719,773,713,637,0,0,328,445,875,1001,1096,1071,aro0921,lean_left,1
1501,1789976598.998389,0,0,23,271,419,534,605,613,499,119,0,51,151,190,155,159,135,599,751,846,735,777,699,617,0,0,311,460,867,1020,1109,1049,aro0921,lean_left,1
1502,1789976599.018444,0,0,26,273,421,525,597,597,520,123,0,35,149,201,160,159,134,595,766,829,714,751,709,639,0,0,309,460,879,1045,1113,1058,aro0921,lean_left,1
1503,1789976599.038443,0,0,0,273,425,537,600,607,505,116,0,27,159,209,165,153,125,603,749,869,730,779,700,613,0,0,303,476,867,1021,1101,1036,aro0921,lean_left,1
1504,1789976599.058354,0,0,26,275,421,539,605,605,503,125,0,36,151,199,167,164,135,599,750,857,735,775,693,619,0,0,307,461,859,1013,1109,1049,aro0921,lean_left,1
1505,1789976599.078393,0,0,31,283,413,551,605,611,509,137,0,37,165,190,157,155,120,585,741,823,747,765,691,622,0,0,317,476,875,1012,1115,1031,aro0921,lean_left,1
1506,1789976599.098405,0,0,24,286,436,527,604,599,495,137,0,59,149,217,175,180,147,573,724,869,731,791,702,607,0,0,314,473,871,1019,1133,1016,aro0921,lean_left,1
1507,1789976599.118344,0,0,20,284,421,548,615,619,517,119,0,35,171,220,179,159,139,613,765,855,723,785,711,615,0,0,316,475,851,999,1111,1039,aro0921,lean_left,1
1508,1789976599.138375,0,0,35,283,427,537,615,600,519,135,0,35,159,205,169,184,139,611,765,867,746,791,701,615,0,0,297,453,870,1034,1119,1061,aro0921,lean_left,1
1509,1789976599.158405,0,0,27,279,424,531,618,605,492,141,0,61,151,231,155,170,147,575,773,877,703,761,702,629,0,0,319,471,877,987,1077,1077,aro0921,lean_left,1
1510,1789976599.178436,0,0,25,281,428,536,604,603,495,126,0,39,173,223,164,179,147,589,739,823,749,790,701,607,0,0,287,445,855,999,1081,1053,aro0921,lean_left,1
1511,1789976599.198356,0,0,61,297,441,540,611,601,493,118,0,47,181,210,186,162,143,603,743,861,726,793,677,611,0,0,311,460,874,1035,1098,1039,aro0921,lean_left,1
1512,1789976599.218389,0,0,76,296,429,535,599,603,504,124,0,45,170,211,170,170,151,592,773,865,729,756,685,615,0,0,319,477,824,1017,1101,1061,aro0921,lean_left,1
1513,1789976599.238349,0,0,61,292,431,551,611,627,506,135,0,67,155,234,173,159,123,605,759,852,735,775,687,615,0,0,285,441,847,1013,1109,1071,aro0921,lean_left,1
1514,1789976599.258348,0,0,79,292,437,551,599,611,508,124,0,47,179,217,175,173,139,596,759,857,731,778,691,617,0,0,307,469,853,1059,1106,1039,aro0921,lean_left,1
1515,1789976599.278358,0,0,85,301,444,557,603,615,499,117,0,43,181,213,164,167,125,612,762,841,723,757,671,629,0,0,311,479,861,985,1107,1017,aro0921,lean_left,1
1516,1789976599.298422,0,0,83,285,444,556,617,615,509,119,0,61,173,232,183,165,137,616,756,850,744,773,679,613,0,0,303,485,843,984,1093,1041,aro0921,lean_left,1
1517,1789976599.318423,0,0,93,285,441,553,601,606,521,137,0,45,157,211,181,163,149,614,773,841,719,773,703,629,0,0,301,457,871,1033,1097,1031,aro0921,lean_left,1
1518,1789976599.338350,0,0,110,283,442,536,623,605,531,117,0,40,182,211,189,163,133,634,751,839,735,763,675,619,0,0,329,471,822,991,1116,1071,aro0921,lean_left,1
1519,1789976599.358388,0,0,93,295,436,563,616,631,493,136,0,70,166,239,169,187,137,588,775,873,751,789,659,585,0,0,315,489,866,1018,1111,995,aro0921,lean_left,1
1520,1789976599.378383,0,0,89,293,453,549,607,615,517,133,0,50,175,219,181,176,151,618,765,867,731,782,697,597,0,0,299,459,829,1018,1099,1062,aro0921,lean_left,1
1521,1789976599.398384,0,0,75,291,436,550,604,613,517,135,0,69,182,219,167,181,149,595,745,861,729,777,701,623,0,0,296,460,831,987,1111,1021,aro0921,lean_left,1
1522,1789976599.418389,0,0,55,296,427,559,619,621,508,111,0,61,183,205,187,167,139,593,745,871,733,748,703,633,0,0,301,470,819,971,1090,1041,aro0921,lean_left,1
1523,1789976599.438381,0,0,26,295,437,551,609,611,507,123,0,44,181,215,191,167,157,591,757,861,733,775,694,614,0,0,304,463,843,986,1105,1043,aro0921,lean_left,1
1524,1789976599.458377,0,0,28,287,431,554,611,613,509,111,0,51,179,221,171,173,142,611,761,853,755,776,687,611,0,0,285,475,815,985,1109,1019,aro0921,lean_left,1
1525,1789976599.478414,0,0,22,288,426,551,610,613,511,119,0,39,167,230,175,179,138,605,767,841,723,775,683,622,0,0,308,491,859,1016,1092,1047,aro0921,lean_left,1
1526,1789976599.498429,0,0,29,283,435,542,617,603,509,118,0,41,175,211,175,169,152,600,758,839,727,766,680,619,0,0,329,437,855,1019,1118,1051,aro0921,lean_left,1
1527,1789976599.518367,0,0,27,293,428,558,600,603,521,141,0,60,192,216,183,180,152,616,745,861,751,761,711,601,0,0,293,463,861,1035,1083,1069,aro0921,lean_left,1
1528,1789976599.538384,0,0,0,285,429,563,627,617,493,115,0,39,172,219,185,173,157,611,775,847,723,806,679,573,0,0,293,489,858,1015,1095,1069,aro0921,lean_left,1
1529,1789976599.558464,0,0,25,274,431,555,616,610,523,120,0,40,184,229,165,181,145,613,748,859,723,781,671,619,0,0,287,454,827,1017,1085,1053,aro0921,lean_left,1
1530,1789976599.578373,0,0,31,277,437,559,607,615,505,135,0,59,169,219,172,172,141,617,766,845,731,759,668,613,0,0,313,469,856,1029,1095,1063,aro0921,lean_left,1
1531,1789976599.598375,0,0,40,287,426,537,607,601,503,137,0,70,187,210,189,190,121,587,775,823,717,795,670,633,0,0,313,443,824,983,1129,1007,aro0921,lean_left,1
1532,1789976599.618428,0,0,0,275,421,556,615,611,493,111,0,58,163,221,181,181,122,605,733,869,744,787,682,623,0,0,307,487,814,1009,1079,1065,aro0921,lean_left,1
1533,1789976599.638390,0,0,29,278,422,551,610,611,505,125,0,41,168,215,181,180,151,600,751,859,727,777,686,635,0,0,311,447,844,1011,1107,1059,aro0921,lean_left,1
1534,1789976599.658377,0,0,23,267,425,541,607,606,521,119,0,47,165,217,173,173,141,621,749,843,724,759,681,615,0,0,309,457,829,1032,1102,1051,aro0921,lean_left,1
1535,1789976599.678383,0,0,29,283,430,543,599,612,507,119,0,59,172,221,179,163,146,605,751,839,748,751,691,613,0,0,315,453,829,1021,1124,1053,aro0921,lean_left,1
1536,1789976599.698394,0,0,20,273,440,537,597,615,495,127,0,69,157,230,159,181,135,598,745,829,755,765,685,596,0,0,307,455,869,1033,1087,1067,aro0921,lean_left,1
1537,1789976599.718370,0,0,20,285,440,539,609,626,524,137,0,39,167,201,159,185,141,589,749,873,727,757,669,596,0,0,291,445,837,1032,1119,1013,aro0921,lean_left,1
1538,1789976599.738411,0,0,0,275,429,537,618,603,505,105,0,63,168,231,167,169,142,600,751,865,719,761,678,629,0,0,299,481,820,984,1132,1030,aro0921,lean_left,1
1539,1789976599.758352,0,0,22,292,442,557,619,607,520,124,0,59,181,231,184,165,147,607,765,843,725,780,695,609,0,0,299,481,828,1033,1087,1042,aro0921,lean_left,1
1540,1789976599.778378,0,0,26,274,429,544,607,607,507,111,0,39,181,232,175,167,127,603,751,851,735,774,701,607,0,0,328,477,859,1030,1087,1053,aro0921,lean_left,1
1541,1789976599.798375,0,0,24,284,435,541,626,623,525,133,0,55,170,235,199,191,158,627,776,885,715,779,667,603,0,0,335,467,846,1045,1125,1039,aro0921,lean_left,1
1542,1789976599.818404,0,0,25,275,439,541,607,607,521,121,0,75,184,213,173,165,127,611,748,861,731,757,677,611,0,0,329,482,847,1015,1132,1015,aro0921,lean_left,1
1543,1789976599.838365,0,0,22,277,430,551,613,611,504,121,0,52,175,217,173,175,143,589,757,852,733,777,687,617,0,0,309,469,857,1015,1115,1049,aro0921,lean_left,1
1544,1789976599.858357,0,0,24,279,431,553,605,613,518,117,0,51,173,217,173,173,139,601,747,853,721,775,725,614,0,0,308,485,841,1041,1127,1043,aro0921,lean_left,1
1545,1789976599.878403,0,0,23,277,427,555,609,611,519,119,0,39,170,227,181,180,149,589,757,847,745,758,677,607,0,0,295,483,841,997,1093,1021,aro0921,lean_left,1
1546,1789976599.898381,0,0,35,269,411,565,605,599,493,136,0,45,149,203,175,169,145,615,734,861,735,797,695,618,0,0,283,455,869,1042,1078,1007,aro0921,lean_left,1
1547,1789976599.918365,0,0,29,281,415,542,618,603,523,124,0,31,167,197,160,176,147,605,777,857,745,757,675,629,0,0,295,471,826,991,1127,1017,aro0921,lean_left,1
1548,1789976599.938398,0,0,21,265,423,541,601,611,503,121,0,51,169,213,177,167,145,605,765,867,757,758,667,613,0,0,311,469,853,1013,1117,1067,aro0921,lean_left,1
1549,1789976599.958362,0,0,22,263,421,551,604,617,519,122,0,58,179,191,160,179,125,618,757,869,754,787,693,633,0,0,311,494,855,1047,1138,1071,aro0921,lean_left,1
1550,1789976599.978362,0,0,24,267,423,557,604,605,519,131,0,33,149,217,174,165,123,604,739,857,741,782,679,628,0,0,303,461,841,1012,1115,1035,aro0921,lean_left,1
1551,1789976599.998386,0,0,26,281,411,557,615,601,518,118,0,45,151,203,167,181,133,594,745,841,721,767,675,637,0,0,287,456,860,1002,1124,1016,aro0921,lean_left,1
1552,1789976600.018377,0,0,26,278,413,542,617,612,499,122,0,37,173,216,163,169,125,583,757,856,753,779,675,603,0,0,325,477,857,995,1125,1041,aro0921,lean_left,1
1553,1789976600.038402,0,0,0,267,412,549,612,605,508,121,0,57,154,215,173,183,139,599,755,855,734,779,691,615,0,0,309,467,858,1015,1111,1047,aro0921,lean_left,1
1554,1789976600.057562,0,0,23,269,423,551,605,607,523,107,0,45,165,207,172,169,157,601,750,849,733,777,695,620,0,0,309,459,845,997,1115,1068,aro0921,lean_left,1
1555,1789976600.078390,0,0,25,267,411,543,603,615,505,115,0,33,154,207,160,176,149,593,761,841,748,785,699,618,0,0,326,457,861,1015,1107,1067,aro0921,lean_left,1
1556,1789976600.098382,0,0,24,265,416,555,635,603,507,123,0,58,165,219,169,181,137,589,763,841,741,791,701,637,0,0,301,485,851,1039,1128,1051,aro0921,lean_left,1
1557,1789976600.118405,0,0,24,279,427,552,600,603,529,115,0,39,159,220,164,163,155,599,755,861,733,791,687,620,0,0,328,461,863,1001,1099,1053,aro0921,lean_left,1
1558,1789976600.138382,0,0,0,281,415,547,611,597,520,127,0,56,159,187,189,181,141,601,767,830,760,755,669,629,0,21,337,491,829,1020,1084,1048,aro0921,lean_left,1
1559,1789976600.158359,0,0,33,261,425,555,617,619,519,111,0,27,143,205,153,155,119,587,733,863,749,747,691,595,0,0,297,459,761,995,1087,1069,aro0921,lean_left,1
1560,1789976600.178368,0,0,29,271,429,557,602,609,495,125,0,41,154,205,184,163,140,607,740,863,743,777,709,617,0,0,327,457,857,997,1101,1063,aro0921,lean_left,1
1561,1789976600.198439,0,0,30,269,415,543,617,613,519,127,0,71,155,203,167,175,155,601,763,840,744,779,665,623,0,0,294,455,853,1017,1099,1063,aro0921,lean_left,1
1562,1789976600.218370,0,0,0,275,411,559,606,615,496,111,0,47,151,201,181,169,154,585,751,845,728,782,675,633,0,0,329,468,829,1001,1131,1016,aro0921,lean_left,1
1563,1789976600.238385,0,0,30,279,409,548,607,603,503,119,0,43,171,217,153,188,149,597,757,855,739,773,685,619,0,0,310,447,856,1020,1063,1044,aro0921,lean_left,1
1564,1789976600.258410,0,0,25,275,425,552,605,602,503,119,0,51,169,219,169,171,142,603,749,847,708,777,703,615,0,0,309,473,827,1039,1109,1070,aro0921,lean_left,1
1565,1789976600.278376,0,0,27,281,411,552,615,600,501,115,0,26,168,232,167,179,135,607,739,853,737,783,671,623,0,0,319,482,839,1003,1093,1061,aro0921,lean_left,1
1566,1789976600.298378,0,0,28,279,423,547,614,603,520,121,0,57,169,211,171,167,151,605,755,847,727,761,675,606,0,0,313,491,879,1049,1128,1045,aro0921,lean_left,1
1567,1789976600.318406,0,0,21,277,409,555,618,589,516,123,0,37,163,203,169,177,127,590,739,843,741,791,683,601,0,0,309,469,865,1045,1117,1065,aro0921,lean_left,1
1568,1789976600.338433,0,0,41,291,425,539,603,588,490,99,0,63,169,203,169,154,163,622,758,857,727,776,661,623,0,0,334,455,873,1035,1113,1033,aro0921,lean_left,1
1569,1789976600.358390,0,0,27,285,413,551,601,602,507,116,0,39,187,212,167,159,133,597,765,843,741,764,679,595,0,0,317,479,879,1001,1095,943,aro0921,lean_left,1
1570,1789976600.378382,0,0,29,285,416,551,601,607,501,123,0,37,166,213,169,173,152,594,755,845,743,773,701,654,0,0,319,461,863,1041,1126,1017,aro0921,lean_left,1
1571,1789976600.398428,0,0,0,291,431,555,613,603,503,116,0,33,186,233,186,165,135,581,739,831,752,776,684,633,0,0,309,478,857,1049,1125,1067,aro0921,lean_left,1
1572,1789976600.418399,0,0,31,285,423,553,620,605,520,117,0,61,167,223,185,171,155,596,741,857,741,760,665,637,0,0,303,474,881,997,1115,1015,aro0921,lean_left,1
1573,1789976600.438396,0,0,37,287,412,559,604,601,517,125,0,35,173,211,163,184,149,613,781,841,731,766,692,623,0,0,301,479,845,1045,1087,1070,aro0921,lean_left,1
1574,1789976600.458426,0,0,39,287,415,549,613,605,503,132,0,55,202,208,172,155,155,591,761,857,718,791,671,601,0,0,313,461,851,1011,1124,1067,aro0921,lean_left,1
1575,1789976600.478370,0,0,30,279,435,553,610,606,505,119,0,47,171,233,179,176,151,603,751,854,737,777,679,617,0,0,331,461,859,1017,1112,1043,aro0921,lean_left,1
1576,1789976600.498373,0,0,29,284,428,552,615,606,506,121,0,53,176,225,174,173,143,603,755,855,745,777,680,617,0,0,311,472,859,1020,1123,1039,aro0921,lean_left,1
1577,1789976600.518447,0,0,37,291,439,538,619,616,516,122,0,53,199,212,159,165,133,627,767,858,757,763,688,597,0,0,295,468,879,1039,1093,1069,aro0921,lean_left,1
1578,1789976600.538432,0,0,44,283,429,551,605,611,501,111,0,43,182,215,171,170,147,618,755,839,746,763,700,630,0,0,319,487,851,1033,1103,1017,aro0921,lean_left,1
1579,1789976600.558405,0,0,59,301,443,559,617,617,518,133,0,57,180,237,176,202,137,614,763,842,749,789,680,623,0,0,317,470,815,1039,1096,1061,aro0921,lean_left,1
1580,1789976600.577871,0,0,78,285,429,553,614,607,519,133,0,45,179,216,169,185,155,605,767,841,729,759,679,621,0,0,301,465,847,1045,1123,1031,aro0921,lean_left,1
1581,1789976600.598453,0,0,67,295,447,552,627,599,489,123,0,57,167,233,185,171,125,624,777,841,715,796,669,636,0,0,327,493,861,1033,1101,1059,aro0921,lean_left,1
1582,1789976600.618393,0,0,88,298,443,543,597,599,504,117,0,73,169,235,187,181,159,600,773,844,733,758,682,620,0,0,318,455,845,1043,1131,1021,aro0921,lean_left,1
1583,1789976600.638419,0,0,78,293,435,556,605,601,491,116,0,83,187,218,179,182,156,607,765,839,750,788,691,629,0,0,298,453,877,1039,1128,1048,aro0921,lean_left,1
1584,1789976600.658417,0,0,92,285,427,565,611,603,470,109,0,52,173,228,181,157,153,605,775,827,713,797,685,639,0,0,327,461,831,999,1112,1017,aro0921,lean_left,1
1585,1789976600.678400,0,0,75,296,431,543,623,600,519,126,0,74,175,217,185,178,155,589,743,857,741,767,670,603,0,0,317,482,846,1039,1129,1055,aro0921,lean_left,1
1586,1789976600.698372,0,0,89,297,429,557,613,615,519,121,0,61,170,215,169,167,141,595,745,843,739,778,677,613,0,0,326,469,851,1043,1114,1068,aro0921,lean_left,1
1587,1789976600.718410,0,0,95,285,431,541,613,601,505,121,0,83,174,231,188,165,135,603,755,843,735,775,685,615,0,0,291,457,858,1017,1112,1043,aro0921,lean_left,1
1588,1789976600.738421,0,0,82,295,429,551,615,607,507,123,0,70,184,229,179,173,149,607,755,853,737,775,682,615,0,0,310,469,857,1021,1108,1042,aro0921,lean_left,1
1589,1789976600.758377,0,0,81,297,435,542,607,603,503,133,0,73,185,229,179,171,149,613,757,831,741,750,667,599,0,0,311,471,849,1015,1083,1011,aro0921,lean_left,1
1590,1789976600.778403,0,0,77,297,435,549,615,607,505,120,0,71,179,223,179,173,149,601,755,855,733,775,684,637,0,0,309,483,857,1019,1111,1035,aro0921,lean_left,1
1591,1789976600.798384,0,0,59,299,436,551,617,600,517,116,0,72,175,227,174,173,148,618,748,868,739,755,680,631,0,0,309,466,873,1041,1131,1045,aro0921,lean_left,1
1592,1789976600.818383,0,0,38,281,437,543,626,619,503,108,0,48,201,236,165,184,145,598,740,855,751,767,667,603,0,0,295,484,840,1001,1128,1045,aro0921,lean_left,1
1593,1789976600.838459,0,0,52,301,441,536,605,601,520,119,0,54,187,220,186,168,153,611,757,831,733,803,659,623,0,0,295,479,855,1005,1136,1060,aro0921,lean_left,1
1594,1789976600.858386,0,0,41,285,443,539,600,597,517,127,0,50,171,217,174,183,147,621,755,827,713,781,702,638,0,0,261,491,883,1051,1114,1036,aro0921,lean_left,1
1595,1789976600.878377,0,0,30,297,437,555,601,613,504,127,0,76,189,217,176,169,153,611,765,868,731,777,680,629,0,0,315,484,871,1019,1134,1064,aro0921,lean_left,1
1596,1789976600.898424,0,0,31,300,438,549,605,617,505,123,0,47,191,229,165,184,151,599,739,871,724,792,683,605,0,0,295,485,853,1013,1103,1065,aro0921,lean_left,1
1597,1789976600.918410,0,0,0,281,425,563,621,599,493,134,0,45,173,215,165,183,143,614,768,837,749,779,709,605,0,0,313,457,872,997,1103,1015,aro0921,lean_left,1
1598,1789976600.938403,0,0,21,281,441,565,614,611,521,111,0,57,202,215,155,189,167,586,757,889,723,750,667,585,0,0,297,457,847,1053,1095,1050,aro0921,lean_left,1
1599,1789976600.958447,0,0,25,283,443,557,619,599,495,115,0,63,149,215,183,183,147,601,757,845,724,789,681,611,0,0,293,469,845,1015,1103,1048,aro0921,lean_left,1
1600,1789976600.978410,0,0,29,287,431,553,613,604,503,120,0,61,203,227,174,173,151,605,755,853,735,773,681,616,0,0,309,461,861,1019,1113,1049,aro0921,lean_left,1
1601,1789976600.998367,0,0,28,277,431,536,614,601,495,111,0,53,183,221,179,175,149,597,756,859,744,781,703,601,0,0,309,475,895,1023,1112,1065,aro0921,lean_left,1
1602,1789976601.018368,0,0,26,295,442,563,621,615,507,107,0,72,197,233,163,185,141,599,745,867,755,775,667,611,0,0,311,455,843,997,1087,1049,aro0921,lean_left,1
1603,1789976601.038409,0,0,29,287,429,553,613,605,505,119,0,55,182,219,175,171,151,587,753,852,737,774,682,615,0,0,310,472,861,1029,1115,1045,aro0921,lean_left,1
1604,1789976601.058381,0,0,29,293,431,558,605,616,495,117,0,53,170,211,167,159,149,555,767,861,717,763,675,629,0,0,313,457,853,1039,1100,1039,aro0921,lean_left,1
1605,1789976601.078403,0,0,21,277,426,564,605,613,499,110,0,51,201,227,159,174,153,595,765,863,751,793,669,623,0,0,299,467,853,1001,1128,1029,aro0921,lean_left,1
1606,1789976601.097605,0,0,0,271,435,556,611,591,493,135,0,63,165,235,175,191,135,612,775,851,716,797,667,598,0,0,313,484,857,1003,1139,1076,aro0921,lean_left,1
1607,1789976601.118417,0,0,26,269,437,557,613,595,509,111,0,45,173,232,165,167,156,587,775,867,749,760,698,598,0,0,313,482,841,1005,1117,1011,aro0921,lean_left,1
1608,1789976601.138368,0,0,20,283,439,549,605,610,509,117,0,41,187,231,167,172,153,606,745,862,712,761,695,613,0,0,297,478,842,1044,1113,1039,aro0921,lean_left,1
1609,1789976601.158471,0,0,29,276,439,563,605,611,518,127,0,39,180,206,181,159,123,601,715,861,719,763,703,619,0,0,297,402,883,1047,1085,1061,aro0921,lean_left,1
1610,1789976601.178383,0,0,27,280,428,559,605,609,495,117,0,50,169,221,167,163,157,599,742,868,751,763,711,629,0,0,277,487,851,1007,1097,1031,aro0921,lean_left,1
1611,1789976601.198384,0,0,37,275,438,563,609,589,490,115,0,31,183,221,157,170,123,612,750,859,751,783,711,628,0,0,329,445,843,997,1083,1060,aro0921,lean_left,1
1612,1789976601.218378,0,0,24,283,436,552,617,601,509,121,0,68,179,229,181,165,151,589,773,855,716,757,681,602,0,0,298,487,881,1043,1127,1055,aro0921,lean_left,1
1613,1789976601.238431,0,0,0,275,424,551,601,607,499,127,0,36,179,217,165,163,156,607,737,871,726,790,678,647,0,0,293,487,847,1056,1094,1061,aro0921,lean_left,1
1614,1789976601.258445,0,0,0,291,411,541,618,603,503,101,0,61,203,190,191,191,119,631,731,813,763,746,713,636,0,0,309,469,871,1033,1115,1019,aro0921,lean_left,1
1615,1789976601.278368,0,0,22,279,421,553,611,599,502,117,0,53,179,206,171,169,146,601,748,855,740,775,683,617,0,0,303,473,857,1029,1112,1050,aro0921,lean_left,1
1616,1789976601.298427,0,0,24,291,423,565,604,617,519,105,0,53,190,214,177,171,139,575,735,872,746,773,709,613,0,0,287,461,888,1013,1101,1049,aro0921,lean_left,1
1617,1789976601.318388,0,0,20,283,431,541,619,606,493,112,0,39,167,202,170,165,156,587,775,839,754,765,687,626,0,0,316,473,844,1013,1111,1033,aro0921,lean_left,1
1618,1789976601.338367,0,0,0,279,435,558,601,603,523,107,0,64,185,203,171,172,155,551,774,829,741,775,667,623,0,0,339,446,893,1032,1096,1048,aro0921,lean_left,1
1619,1789976601.358419,0,0,0,275,425,538,611,616,520,99,0,73,167,216,189,183,121,626,733,825,758,761,713,603,0,0,309,483,885,1021,1139,1015,aro0921,lean_left,1
1620,1789976601.378368,0,0,21,287,426,563,627,605,507,107,0,38,185,217,165,165,155,588,758,862,751,759,695,606,0,0,295,473,877,1053,1117,1017,aro0921,lean_left,1
1621,1789976601.398378,0,0,21,287,434,557,601,615,509,119,0,37,187,210,164,166,157,595,748,869,723,777,704,605,0,0,339,446,879,1017,1111,1063,aro0921,lean_left,1
1622,1789976601.418373,0,0,0,284,429,551,611,611,519,103,0,41,183,211,165,171,157,593,744,876,718,780,669,600,0,0,333,489,869,1039,1109,1066,aro0921,lean_left,1
1623,1789976601.438406,0,0,21,285,410,536,612,613,519,125,0,73,181,221,163,167,159,623,729,835,739,745,721,628,0,0,285,492,891,1045,1132,1011,aro0921,lean_left,1
1624,1789976601.458409,0,0,23,296,411,559,627,611,487,135,0,70,197,248,151,163,163,620,731,845,733,759,682,649,0,0,339,447,887,967,1091,1033,aro0921,lean_left,1
1625,1789976601.478381,0,0,23,281,423,554,611,600,503,117,0,52,180,219,180,171,143,603,755,852,738,773,695,616,0,0,310,469,863,1033,1115,1043,aro0921,lean_left,1
1626,1789976601.498424,0,0,28,287,435,563,605,603,517,107,0,56,189,235,164,187,156,611,749,845,757,779,692,589,0,0,334,443,846,1045,1127,1021,aro0921,lean_left,1
1627,1789976601.518392,0,0,31,285,424,563,618,613,495,119,0,63,187,233,160,169,145,612,741,844,741,755,711,601,0,0,332,461,875,1053,1143,1019,aro0921,lean_left,1
1628,1789976601.538405,0,0,20,282,413,567,615,616,487,101,0,73,169,203,163,175,157,575,775,869,765,800,679,613,0,0,309,493,841,1065,1117,1007,aro0921,lean_left,1
1629,1789976601.558416,0,0,0,276,420,559,620,621,509,109,0,61,159,203,183,172,147,631,729,815,751,760,715,599,0,0,281,501,876,1030,1129,1043,aro0921,lean_left,1
1630,1789976601.578365,0,0,27,285,431,553,619,610,495,117,0,39,189,218,179,165,156,607,743,861,751,786,663,601,0,0,295,476,854,1031,1115,1031,aro0921,lean_left,1
1631,1789976601.598386,0,0,35,274,415,556,603,591,507,115,0,59,186,211,184,159,143,597,767,859,747,793,683,599,0,0,327,471,863,1029,1130,1041,aro0921,lean_left,1
1632,1789976601.618418,0,0,27,291,437,549,619,596,489,135,0,39,197,216,181,175,137,591,759,867,716,765,695,632,0,0,324,457,889,997,1093,1077,aro0921,lean_left,1
1633,1789976601.638430,0,0,39,283,425,541,627,599,491,139,0,39,183,201,185,151,153,593,777,847,713,795,663,601,0,0,333,453,893,1035,1143,1064,aro0921,lean_left,1
1634,1789976601.658380,0,0,23,271,415,555,611,595,501,117,0,71,164,231,167,160,159,606,757,867,740,778,685,621,0,0,351,447,859,1018,1097,1046,aro0921,lean_left,1
1635,1789976601.678442,0,0,25,282,424,551,613,601,503,119,0,57,181,216,174,172,147,599,755,851,741,773,687,619,0,0,299,494,860,1032,1125,1043,aro0921,lean_left,1
1636,1789976601.698398,0,0,0,287,422,563,611,616,493,123,0,39,185,212,166,169,159,585,737,867,750,791,709,623,0,0,293,469,853,1007,1095,1039,aro0921,lean_left,1
1637,1789976601.718403,0,0,31,283,425,559,623,604,495,108,0,37,187,221,188,169,121,616,739,855,759,765,665,628,0,0,294,483,857,1021,1085,1015,aro0921,lean_left,1
1638,1789976601.738378,0,0,26,285,429,547,623,596,509,118,0,63,185,211,165,149,163,595,776,843,729,774,664,597,0,0,311,447,840,1017,1147,1042,aro0921,lean_left,1
1639,1789976601.758430,0,0,33,263,435,547,613,589,492,125,0,39,167,211,168,163,153,607,764,837,732,790,669,635,0,0,312,479,851,1033,1097,1035,aro0921,lean_left,1
1640,1789976601.778406,0,0,35,283,419,555,611,595,505,106,0,56,179,219,169,157,156,601,759,851,749,763,699,602,0,0,295,485,873,1035,1131,1021,aro0921,lean_left,1
1641,1789976601.798380,0,0,0,277,439,553,601,601,501,133,0,57,169,229,176,185,143,590,777,847,719,799,693,589,0,0,344,458,885,1053,1135,1059,aro0921,lean_left,1
1642,1789976601.818456,0,0,39,275,429,556,619,597,495,127,0,39,186,227,164,165,157,607,762,856,724,759,684,615,0,0,316,469,873,1013,1091,1061,aro0921,lean_left,1
1643,1789976601.838384,0,0,0,291,421,559,620,613,494,109,0,67,165,227,166,181,150,606,739,863,743,767,671,631,0,0,302,491,860,1002,1095,1065,aro0921,lean_left,1
1644,1789976601.858399,0,0,35,283,419,543,611,613,501,114,0,55,187,205,189,165,135,616,733,855,747,767,683,633,0,0,309,463,867,1047,1110,1032,aro0921,lean_left,1
1645,1789976601.878439,0,0,30,281,413,547,623,602,503,109,0,54,181,227,173,183,125,587,763,859,731,757,695,607,0,0,331,475,859,1011,1109,1067,aro0921,lean_left,1
1646,1789976601.898412,0,0,37,277,419,551,613,613,522,107,0,45,179,197,175,155,165,613,731,867,729,755,680,583,0,0,319,443,859,1003,1127,1071,aro0921,lean_left,1
1647,1789976601.918405,0,0,24,280,425,557,611,601,503,114,0,51,175,213,173,180,142,603,755,853,735,776,687,617,0,0,309,471,861,1021,1117,1048,aro0921,lean_left,1
1648,1789976601.938393,0,0,22,277,425,563,621,595,495,109,0,57,181,211,173,169,143,595,731,860,749,763,675,601,0,0,311,473,843,1032,1113,1018,aro0921,lean_left,1
1649,1789976601.958421,0,0,24,274,433,565,600,595,493,120,0,61,169,228,186,168,125,619,747,841,735,789,710,612,0,0,295,459,858,1031,1105,1019,aro0921,lean_left,1
1650,1789976601.978383,0,0,23,275,423,553,607,596,499,115,0,58,181,226,164,159,126,611,764,821,718,773,703,620,0,0,295,483,876,1046,1119,1062,aro0921,lean_left,1
1651,1789976601.998395,0,0,0,280,421,569,601,585,491,125,0,58,187,201,165,185,147,629,763,844,723,808,697,627,0,0,311,451,888,1052,1082,1051,aro0921,lean_left,1
1652,1789976602.018431,0,0,25,275,425,540,619,607,493,116,0,39,187,200,183,153,151,591,764,847,745,755,699,627,0,0,308,454,839,1043,1128,1049,aro0921,lean_left,1
1653,1789976602.038392,0,0,0,280,415,565,615,598,516,125,0,61,173,205,186,171,155,615,766,853,750,775,690,615,0,0,319,487,851,1039,1099,1061,aro0921,lean_left,1
1654,1789976602.058377,0,0,0,283,431,551,622,617,517,101,0,57,175,242,164,184,139,584,743,867,711,794,664,581,0,0,329,491,889,1031,1129,1063,aro0921,lean_left,1
1655,1789976602.078458,0,0,35,291,430,549,601,611,520,105,0,39,197,227,171,181,133,621,731,839,747,787,683,612,0,0,329,457,885,1023,1139,1031,aro0921,lean_left,1
1656,1789976602.098406,0,0,24,291,437,549,616,605,477,125,0,41,202,189,191,183,125,621,749,829,727,783,671,618,0,0,299,457,873,1049,1127,1045,aro0921,lean_left,1
1657,1789976602.118417,0,0,23,279,425,554,607,611,503,117,0,53,179,217,172,171,143,605,750,855,740,767,691,621,0,0,309,468,869,1032,1118,1043,aro0921,lean_left,1
1658,1789976602.137729,0,0,24,281,425,547,619,597,503,105,0,52,179,217,173,173,142,591,743,865,739,794,711,645,0,0,308,473,876,1042,1139,1071,aro0921,lean_left,1
1659,1789976602.158509,0,0,25,263,429,542,607,595,489,135,0,62,167,231,184,175,121,591,740,843,725,805,693,621,0,0,333,459,828,1044,1150,1039,aro0921,lean_left,1
1660,1789976602.178411,0,0,35,281,437,563,599,613,500,126,0,42,163,223,189,159,137,604,735,871,725,785,697,629,0,0,317,473,866,1060,1093,1039,aro0921,lean_left,1
1661,1789976602.198420,0,0,27,279,419,559,619,613,507,135,0,71,173,213,184,179,123,611,733,861,719,757,690,631,0,0,319,457,857,1041,1093,1054,aro0921,lean_left,1
1662,1789976602.218455,0,0,25,281,423,563,600,609,507,103,0,69,167,205,168,167,157,612,733,867,759,761,685,622,0,0,291,493,867,1007,1091,1019,aro0921,lean_left,1
1663,1789976602.238390,0,0,37,280,421,539,599,594,509,133,0,29,187,211,163,150,157,603,778,831,716,791,685,623,0,0,285,477,847,1001,1145,1060,aro0921,lean_left,1
1664,1789976602.258392,0,0,24,269,416,565,626,607,507,99,0,67,163,209,197,152,133,622,733,860,765,757,698,633,0,0,335,443,888,1068,1079,1087,aro0921,lean_left,1
1665,1789976602.278428,0,0,25,279,412,543,605,603,506,104,0,68,163,199,189,171,137,613,774,837,740,759,709,607,0,0,301,473,855,1042,1140,1017,aro0921,lean_left,1
1666,1789976602.298448,0,0,0,269,421,555,601,599,511,111,0,61,149,228,165,185,134,589,763,869,739,788,692,611,0,0,330,476,895,1005,1112,1053,aro0921,lean_left,1
1667,1789976602.318397,0,0,25,279,424,555,613,603,500,117,0,53,171,213,175,170,140,607,757,852,742,778,687,619,0,0,309,473,859,1035,1125,1045,aro0921,lean_left,1
1668,1789976602.338399,0,0,24,279,423,536,619,617,507,102,0,53,181,213,173,171,141,587,757,867,757,761,699,615,0,0,309,473,853,1007,1139,1049,aro0921,lean_left,1
1669,1789976602.358434,0,0,0,269,437,558,617,586,481,138,0,39,167,181,189,180,121,585,781,856,728,796,663,589,0,0,280,493,889,1045,1129,1053,aro0921,lean_left,1
1670,1789976602.378410,0,0,0,267,414,557,597,613,505,117,0,69,156,216,165,179,150,597,743,867,723,788,701,629,0,0,294,492,843,1021,1099,1068,aro0921,lean_left,1
1671,1789976602.398418,0,0,30,293,425,564,621,599,482,122,0,47,179,204,169,153,153,617,751,837,743,764,693,599,0,0,285,470,829,1051,1161,1015,aro0921,lean_left,1
1672,1789976602.418460,0,0,29,280,431,563,616,588,489,125,0,37,181,207,177,183,123,585,754,891,715,780,671,617,0,0,319,461,845,1031,1099,1067,aro0921,lean_left,1
1673,1789976602.438398,0,0,24,277,408,559,615,619,479,137,0,67,183,186,181,157,155,587,739,871,711,798,667,633,0,0,297,435,851,1065,1085,1030,aro0921,lean_left,1
1674,1789976602.458404,0,0,37,275,414,551,598,607,519,119,0,59,168,199,189,159,126,627,733,849,715,787,712,637,0,0,297,479,877,1041,1107,1052,aro0921,lean_left,1
1675,1789976602.478424,0,0,35,265,431,549,599,597,509,107,0,30,150,220,159,155,152,589,763,871,747,792,681,638,0,0,292,491,879,1015,1093,1041,aro0921,lean_left,1
1676,1789976602.498424,0,0,30,263,415,553,599,588,505,119,0,71,149,205,155,149,156,597,763,845,717,799,671,601,0,0,285,499,857,1013,1143,1077,aro0921,lean_left,1
1677,1789976602.518381,0,0,0,275,425,554,609,601,502,115,0,47,157,213,171,171,137,607,755,853,735,779,687,619,0,0,312,473,859,1032,1123,1049,aro0921,lean_left,1
1678,1789976602.538422,0,0,23,274,424,573,627,595,493,115,0,47,165,211,173,171,137,581,777,873,747,744,695,633,0,0,313,469,823,1045,1085,1035,aro0921,lean_left,1
1679,1789976602.558397,0,0,27,263,431,569,621,587,493,115,0,41,141,217,155,153,155,606,765,829,757,755,715,600,0,0,315,459,861,1039,1149,1011,aro0921,lean_left,1
1680,1789976602.578387,0,0,29,283,425,551,599,595,499,125,0,43,169,220,163,153,149,613,745,836,719,789,698,631,0,0,291,476,885,1061,1121,1049,aro0921,lean_left,1
1681,1789976602.598442,0,0,37,267,437,548,599,611,509,107,0,26,155,221,168,173,140,611,750,877,759,797,679,645,0,0,333,457,857,1051,1091,1031,aro0921,lean_left,1
1682,1789976602.618403,0,0,30,267,431,538,613,601,517,105,0,51,173,190,183,153,143,629,741,829,743,755,710,629,0,0,303,456,857,1014,1125,1029,aro0921,lean_left,1
1683,1789976602.638412,0,0,22,271,429,556,621,616,519,111,0,27,151,198,189,152,135,596,741,859,700,783,671,601,0,0,331,487,917,1021,1127,1055,aro0921,lean_left,1
1684,1789976602.658426,0,0,0,261,423,552,597,601,493,121,0,30,149,223,155,187,147,628,734,845,714,785,711,647,0,0,297,482,885,1051,1111,1064,aro0921,lean_left,1
1685,1789976602.678465,0,0,28,270,409,564,614,599,503,107,0,50,153,217,149,173,147,618,755,841,730,790,681,637,0,0,291,476,851,1052,1111,1055,aro0921,lean_left,1
1686,1789976602.698397,0,0,0,281,413,555,597,611,503,131,0,71,167,231,155,187,137,615,761,857,725,787,701,628,0,0,307,501,869,1063,1087,1020,aro0921,lean_left,1
1687,1789976602.718382,0,0,0,275,413,555,623,613,487,125,0,57,165,199,164,185,127,594,747,871,718,757,699,627,0,0,299,469,872,1044,1091,1054,aro0921,lean_left,1
1688,1789976602.738458,0,0,31,261,413,557,619,594,517,95,0,63,149,223,186,179,117,585,775,881,767,751,729,637,0,0,335,473,841,1071,1080,997,aro0921,lean_left,1
1689,1789976602.758381,0,0,21,281,423,555,605,599,499,117,0,48,163,205,173,169,136,603,766,853,731,779,687,620,0,0,313,467,869,1035,1123,1053,aro0921,lean_left,1
1690,1789976602.778402,0,0,21,273,425,559,601,601,505,107,0,47,163,205,173,171,135,591,755,861,737,775,698,607,0,0,313,471,851,1016,1115,1060,aro0921,lean_left,1
1691,1789976602.798463,0,0,31,280,416,553,597,615,504,111,0,36,152,216,175,186,136,597,757,859,761,805,671,645,0,0,307,475,888,1000,1094,1033,aro0921,lean_left,1
1692,1789976602.818404,0,0,28,281,421,565,585,615,493,126,0,54,181,189,187,167,125,589,743,872,717,790,696,605,0,0,318,467,869,1039,1107,1055,aro0921,lean_left,1
1693,1789976602.838430,0,0,0,283,413,553,615,613,509,119,0,60,182,185,183,158,135,583,761,858,701,762,719,622,0,0,293,456,891,1069,1141,1035,aro0921,lean_left,1
1694,1789976602.858457,0,0,0,278,427,557,599,590,504,133,0,47,175,227,169,151,147,627,745,827,743,763,691,600,0,0,338,453,891,1017,1148,994,aro0921,lean_left,1
1695,1789976602.878445,0,0,22,264,421,557,615,608,491,119,0,59,155,216,160,183,142,596,741,861,747,787,671,603,0,0,326,459,883,1033,1128,1033,aro0921,lean_left,1
1696,1789976602.898411,0,0,31,267,414,565,607,589,507,105,0,63,181,189,181,156,149,583,775,868,759,761,713,636,0,0,325,457,879,987,1109,1035,aro0921,lean_left,1
1697,1789976602.918435,0,0,26,285,419,539,616,623,519,105,0,55,181,203,159,167,155,638,731,827,719,751,711,623,0,0,295,477,869,1071,1147,1019,aro0921,lean_left,1
1698,1789976602.938426,0,0,0,265,421,535,597,590,508,132,0,63,158,225,170,174,137,623,747,831,724,788,693,629,0,0,300,495,857,1023,1132,1066,aro0921,lean_left,1
1699,1789976602.958394,0,0,26,287,439,541,617,595,493,114,0,37,175,199,179,157,152,587,779,846,756,787,667,601,0,0,347,443,839,1002,1148,1043,aro0921,lean_left,1
1700,1789976602.978426,0,0,35,281,429,551,605,612,509,113,0,35,157,199,184,165,125,609,741,865,724,759,715,636,0,0,334,459,855,1015,1099,1067,aro0921,lean_left,1
1701,1789976602.998435,0,0,0,269,419,556,611,600,499,122,0,61,179,187,182,191,117,605,750,853,735,775,693,615,0,0,301,469,861,1043,1119,1043,aro0921,lean_left,1
1702,1789976603.018386,0,0,22,275,427,547,611,601,499,111,0,53,165,212,173,172,139,605,773,851,734,777,692,619,0,0,310,471,867,1033,1113,1052,aro0921,lean_left,1
1703,1789976603.038431,0,0,0,291,423,557,599,611,503,119,0,61,169,217,153,181,141,616,735,850,718,777,717,639,0,0,287,498,850,1061,1101,1054,aro0921,lean_left,1
1704,1789976603.058427,0,0,0,279,423,559,624,575,487,118,0,72,153,214,173,169,126,591,777,830,749,749,691,596,0,0,332,471,863,1061,1147,1006,aro0921,lean_left,1
1705,1789976603.078422,0,0,0,275,415,547,599,595,508,107,0,61,167,206,182,183,151,591,763,840,725,779,703,612,0,0,339,457,855,1021,1143,1051,aro0921,lean_left,1
1706,1789976603.098404,0,0,28,265,439,553,611,597,509,106,0,30,159,219,186,159,119,635,742,827,731,749,700,638,0,0,341,463,891,1035,1115,1080,aro0921,lean_left,1
1707,1789976603.118426,0,0,25,267,432,541,597,597,509,107,0,41,153,197,189,185,123,599,761,857,731,794,679,637,0,0,287,491,862,1022,1098,1079,aro0921,lean_left,1
1708,1789976603.138430,0,0,0,276,437,541,612,595,501,103,0,73,181,219,159,185,142,605,775,829,723,797,702,619,0,0,287,476,883,1054,1150,1076,aro0921,lean_left,1
1709,1789976603.158436,0,0,35,269,429,547,615,591,506,115,0,37,152,218,190,159,126,615,743,851,729,751,691,632,0,0,325,501,851,1032,1132,1029,aro0921,lean_left,1
1710,1789976603.178489,0,0,0,269,412,553,619,588,509,113,0,35,179,221,181,151,152,611,772,825,712,766,677,595,0,0,287,476,888,1064,1130,1053,aro0921,lean_left,1
1711,1789976603.198536,0,0,21,281,442,553,611,595,496,115,0,59,153,197,156,149,120,602,731,850,675,777,687,617,0,0,281,475,867,1035,1117,1039,aro0921,lean_left,1
1712,1789976603.218141,0,0,23,277,428,552,615,599,499,111,0,47,165,215,175,171,139,605,749,847,723,777,693,619,0,0,311,456,866,1042,1119,1047,aro0921,lean_left,1
1713,1789976603.237499,0,0,23,275,429,540,619,601,495,100,0,53,165,214,174,169,141,607,751,824,743,753,699,615,0,0,299,475,844,1007,1140,1045,aro0921,lean_left,1
1714,1789976603.258466,0,0,0,276,426,554,611,605,495,117,0,45,167,189,173,173,139,601,751,849,734,795,689,619,0,0,309,471,861,1039,1117,1047,aro0921,lean_left,1
1715,1789976603.278427,0,0,23,275,427,551,600,605,486,103,0,53,164,215,173,169,141,613,759,851,742,755,677,620,0,0,313,461,879,1067,1116,1075,aro0921,lean_left,1
1716,1789976603.298410,0,0,0,271,441,541,612,587,491,125,0,52,173,192,153,197,136,615,756,827,741,782,671,633,0,0,313,409,850,1061,1126,1015,aro0921,lean_left,1
1717,1789976603.318434,0,0,27,269,435,550,599,599,490,125,0,41,151,213,159,171,148,616,740,847,717,791,700,613,0,0,299,489,861,1063,1095,1043,aro0921,lean_left,1
1718,1789976603.338412,0,0,33,266,428,563,613,591,487,112,0,62,140,211,187,173,119,616,761,861,743,787,669,619,0,0,317,483,879,1041,1097,1077,aro0921,lean_left,1
1719,1789976603.358407,0,0,0,264,421,549,602,600,509,121,0,61,142,201,155,187,140,603,751,853,739,751,669,622,0,0,333,455,877,1003,1007,1021,aro0921,lean_left,1
1720,1789976603.378444,0,0,0,282,431,543,604,607,505,108,0,73,167,217,159,173,147,605,755,850,729,756,698,611,0,0,295,489,860,1043,1145,1069,aro0921,lean_left,1
1721,1789976603.398405,0,0,0,282,435,543,610,613,507,123,0,26,159,197,188,165,163,587,755,860,715,755,681,601,0,0,319,501,887,1067,1141,1047,aro0921,lean_left,1
1722,1789976603.418404,0,0,24,275,411,565,599,601,507,121,0,53,169,218,159,180,134,590,747,865,735,776,710,617,0,0,316,455,844,1013,1109,1015,aro0921,lean_left,1
1723,1789976603.438454,0,0,39,253,423,563,607,611,505,121,0,57,159,211,175,159,123,608,731,843,747,761,708,635,0,0,326,441,878,1005,1097,1021,aro0921,lean_left,1
1724,1789976603.458407,0,0,31,295,409,549,595,615,509,121,0,31,187,226,171,151,115,590,743,872,714,761,722,603,0,0,286,443,889,1045,1115,1082,aro0921,lean_left,1
1725,1789976603.478406,0,0,22,275,405,557,615,590,501,105,0,24,155,215,155,175,119,619,761,857,748,759,677,602,0,0,298,489,861,1017,1103,1049,aro0921,lean_left,1
1726,1789976603.498450,0,0,0,275,419,553,606,618,494,115,0,21,165,183,181,185,139,604,749,853,714,777,692,621,0,0,307,495,872,1043,1123,1048,aro0921,lean_left,1
1727,1789976603.518454,0,0,22,269,416,555,605,600,496,111,0,43,158,203,173,165,136,607,749,853,739,775,691,618,0,0,312,466,869,1035,1117,1051,aro0921,lean_left,1
1728,1789976603.538157,0,0,30,253,421,563,589,586,507,107,0,57,152,217,175,183,111,627,723,843,732,777,712,635,0,0,317,505,867,1011,1095,1075,aro0921,lean_left,1
1729,1789976603.558422,0,0,0,279,413,553,600,587,484,99,0,75,180,213,149,181,136,607,731,877,714,761,675,607,0,0,295,441,879,1068,1080,1080,aro0921,lean_left,1
1730,1789976603.578457,0,0,26,268,423,543,616,603,499,109,0,53,167,212,157,181,147,614,763,825,729,795,681,632,0,0,295,455,853,1035,1113,1071,aro0921,lean_left,1
1731,1789976603.598411,0,0,0,263,424,563,595,607,507,107,0,27,153,203,155,155,151,595,741,871,735,763,711,606,0,0,286,494,863,1061,1100,1079,aro0921,lean_left,1
1732,1789976603.618416,0,0,35,263,427,553,609,587,505,121,0,35,148,215,181,171,116,595,743,853,703,755,713,647,0,0,315,489,852,1059,1143,1071,aro0921,lean_left,1
1733,1789976603.638474,0,0,37,248,405,563,601,599,505,119,0,56,141,224,159,153,139,591,780,865,725,805,717,601,0,0,311,479,857,1063,1123,1041,aro0921,lean_left,1
1734,1789976603.658440,0,0,30,250,413,559,591,613,494,136,0,30,137,217,191,181,150,595,775,831,765,781,729,652,0,0,285,443,903,1015,1145,1041,aro0921,lean_left,1
1735,1789976603.678452,0,0,29,267,427,547,599,604,487,103,0,42,135,217,173,160,112,603,758,883,723,759,669,605,0,0,327,453,883,1013,1108,1021,aro0921,lean_left,1
1736,1789976603.697624,0,0,0,264,418,551,601,581,503,103,0,27,167,219,163,158,147,595,759,863,746,781,699,628,0,0,331,461,883,1043,1097,1035,aro0921,lean_left,1
1737,1789976603.718453,0,0,0,263,412,533,615,595,493,103,0,31,171,187,178,156,139,616,748,827,748,788,683,633,0,0,307,466,858,1021,1134,1051,aro0921,lean_left,1
1738,1789976603.738402,0,0,0,253,409,549,613,597,507,102,0,27,146,181,157,165,153,624,719,845,729,757,691,647,0,0,311,444,892,1032,1108,1080,aro0921,lean_left,1
1739,1789976603.758518,0,0,0,276,419,553,612,601,487,101,0,37,147,215,184,175,111,599,749,868,757,679,724,647,0,0,287,499,851,1017,1101,1031,aro0921,lean_left,1
1740,1789976603.778447,0,0,0,263,409,557,615,610,493,105,0,26,156,209,179,169,111,597,744,862,713,777,677,631,0,0,299,488,918,1059,1099,1061,aro0921,lean_left,1
1741,1789976603.798431,0,0,0,260,407,557,604,597,485,121,0,41,159,202,169,167,135,605,745,851,740,779,685,621,0,0,311,476,871,1041,1115,1055,aro0921,lean_left,1
1742,1789976603.818403,0,0,0,251,407,555,605,597,486,108,0,43,157,203,173,159,127,604,749,871,723,798,680,604,0,0,309,472,909,1045,1141,1079,aro0921,lean_left,1
1743,1789976603.838448,0,0,0,247,403,553,617,598,486,118,0,37,174,187,171,149,133,595,765,841,731,753,713,615,0,0,308,472,844,1053,1136,1039,aro0921,lean_left,1
1744,1789976603.858430,0,0,0,233,405,547,617,613,495,101,0,59,141,201,159,182,111,603,758,811,751,762,677,601,0,0,333,459,860,1011,1095,1065,aro0921,lean_left,1
1745,1789976603.878417,0,0,0,261,395,562,616,587,495,109,0,26,167,185,167,182,127,611,739,849,745,774,683,605,0,0,291,477,853,1067,1100,1065,aro0921,lean_left,1
