frame,timestamp,ch0,ch1,ch2,ch3,ch4,ch5,ch6,ch7,ch8,ch9,ch10,ch11,ch12,ch13,ch14,ch15,ch16,ch17,ch18,ch19,ch20,ch21,ch22,ch23,ch24,ch25,ch26,ch27,ch28,ch29,ch30,ch31,person,posture,trial
0,1789976043.203537,0,0,0,0,0,0,0,0,0,0,0,0,0,0,0,0,0,0,0,0,0,0,0,0,0,0,0,0,0,0,0,0,aro0921,cross_leg_left,1
1,1789976043.204768,0,0,0,0,0,0,0,0,0,0,0,0,0,0,0,0,0,0,0,0,0,0,0,0,0,0,0,0,0,0,0,0,aro0921,cross_leg_left,1
2,1789976043.205631,0,0,0,0,0,0,0,0,0,0,0,0,0,0,0,0,0,0,0,0,0,0,0,0,0,0,0,0,0,0,0,0,aro0921,cross_leg_left,1
3,1789976043.206438,0,0,0,0,0,0,0,0,0,0,0,0,0,0,0,0,0,0,0,0,0,0,0,0,0,0,0,0,0,0,0,0,aro0921,cross_leg_left,1
4,1789976043.207151,0,0,0,0,0,0,0,0,0,0,0,0,0,0,0,0,0,0,0,0,0,0,0,0,0,0,0,0,0,0,0,0,aro0921,cross_leg_left,1
5,1789976043.207860,0,0,0,0,0,0,0,0,0,0,0,0,0,0,0,0,0,0,0,0,0,0,0,0,0,0,0,0,0,0,0,0,aro0921,cross_leg_left,1
6,1789976043.208524,0,0,0,0,0,0,0,0,0,0,0,0,0,0,0,0,0,0,0,0,0,0,0,0,0,0,0,0,0,0,0,0,aro0921,cross_leg_left,1
7,1789976043.209153,0,0,0,0,0,0,0,0,0,0,0,0,0,0,0,0,0,0,0,0,0,0,0,0,0,0,0,0,0,0,0,0,aro0921,cross_leg_left,1
8,1789976043.209779,0,0,0,0,0,0,0,0,0,0,0,0,0,0,0,0,0,0,0,0,0,0,0,0,0,0,0,0,0,0,0,0,aro0921,cross_leg_left,1
9,1789976043.210397,0,0,0,0,0,0,0,0,0,0,0,0,0,0,0,0,0,0,0,0,0,0,0,0,0,0,0,0,0,0,0,0,aro0921,cross_leg_left,1
10,1789976043.211032,0,0,0,0,0,0,0,0,0,0,0,0,0,0,0,0,0,0,0,0,0,0,0,0,0,0,0,0,0,0,0,0,aro0921,cross_leg_left,1
11,1789976043.211669,0,0,0,0,0,0,0,0,0,0,0,0,0,0,0,0,0,0,0,0,0,0,0,0,0,0,0,0,0,0,0,0,aro0921,cross_leg_left,1
12,1789976043.212287,0,0,0,0,0,0,0,0,0,0,0,0,0,0,0,0,0,0,0,0,0,0,0,0,0,0,0,0,0,0,0,0,aro0921,cross_leg_left,1
13,1789976043.212918,0,0,0,0,0,0,0,0,0,0,0,0,0,0,0,0,0,0,0,0,0,0,0,0,0,0,0,0,0,0,0,0,aro0921,cross_leg_left,1
14,1789976043.213535,0,0,0,0,0,0,0,0,0,0,0,0,0,0,0,0,0,0,0,0,0,0,0,0,0,0,0,0,0,0,0,0,aro0921,cross_leg_left,1
15,1789976043.214150,0,0,0,0,0,0,0,0,0,0,0,0,0,0,0,0,0,0,0,0,0,0,0,0,0,0,0,0,0,0,0,0,aro0921,cross_leg_left,1
16,1789976043.214794,0,0,0,0,0,0,0,0,0,0,0,0,0,0,0,0,0,0,0,0,0,0,0,0,0,0,0,0,0,0,0,0,aro0921,cross_leg_left,1
17,1789976043.215450,0,0,0,0,0,0,0,0,0,0,0,0,0,0,0,0,0,0,0,0,0,0,0,0,0,0,0,0,0,0,0,0,aro0921,cross_leg_left,1
18,1789976043.216064,0,0,0,0,0,0,0,0,0,0,0,0,0,0,0,0,0,0,0,0,0,0,0,0,0,0,0,0,0,0,0,0,aro0921,cross_leg_left,1
19,1789976043.216616,0,0,0,0,0,0,0,0,0,0,0,0,0,0,0,0,0,0,0,0,0,0,0,0,0,0,0,0,0,0,0,0,aro0921,cross_leg_left,1
20,1789976043.217164,0,0,0,0,0,0,0,0,0,0,0,0,0,0,0,0,0,0,0,0,0,0,0,0,0,0,0,0,0,0,0,0,aro0921,cross_leg_left,1
21,1789976043.217721,0,0,0,0,0,0,0,0,0,0,0,0,0,0,0,0,0,0,0,0,0,0,0,0,0,0,0,0,0,0,0,0,aro0921,cross_leg_left,1
22,1789976043.218266,0,0,0,0,0,0,0,0,0,0,0,0,0,0,0,0,0,0,0,0,0,0,0,0,0,0,0,0,0,0,0,0,aro0921,cross_leg_left,1
23,1789976043.218817,0,0,0,0,0,0,0,0,0,0,0,0,0,0,0,0,0,0,0,0,0,0,0,0,0,0,0,0,0,0,0,0,aro0921,cross_leg_left,1
24,1789976043.219362,0,0,0,0,0,0,0,0,0,0,0,0,0,0,0,0,0,0,0,0,0,0,0,0,0,0,0,0,0,0,0,0,aro0921,cross_leg_left,1
25,1789976043.219938,0,0,0,0,0,0,0,0,0,0,0,0,0,0,0,0,0,0,0,0,0,0,0,0,0,0,0,0,0,0,0,0,aro0921,cross_leg_left,1
26,1789976043.220696,0,0,0,0,0,0,0,0,0,0,0,0,0,0,0,0,0,0,0,0,0,0,0,0,0,0,0,0,0,0,0,0,aro0921,cross_leg_left,1
27,1789976043.221392,0,0,0,0,0,0,0,0,0,0,0,0,0,0,0,0,0,0,0,0,0,0,0,0,0,0,0,0,0,0,0,0,aro0921,cross_leg_left,1
28,1789976043.222076,0,0,0,0,0,0,0,0,0,0,0,0,0,0,0,0,0,0,0,0,0,0,0,0,0,0,0,0,0,0,0,0,aro0921,cross_leg_left,1
29,1789976043.222631,0,0,0,0,0,0,0,0,0,0,0,0,0,0,0,0,0,0,0,0,0,0,0,0,0,0,0,0,0,0,0,0,aro0921,cross_leg_left,1
30,1789976043.223195,0,0,0,0,0,0,0,0,0,0,0,0,0,0,0,0,0,0,0,0,0,0,0,0,0,0,0,0,0,0,0,0,aro0921,cross_leg_left,1
31,1789976043.223748,0,0,0,0,0,0,0,0,0,0,0,0,0,0,0,0,0,0,0,0,0,0,0,0,0,0,0,0,0,0,0,0,aro0921,cross_leg_left,1
32,1789976043.224313,0,0,0,0,0,0,0,0,0,0,0,0,0,0,0,0,0,0,0,0,0,0,0,0,0,0,0,0,0,0,0,0,aro0921,cross_leg_left,1
33,1789976043.224863,0,0,0,0,0,0,0,0,0,0,0,0,0,0,0,0,0,0,0,0,0,0,0,0,0,0,0,0,0,0,0,0,aro0921,cross_leg_left,1
34,1789976043.225424,0,0,0,0,0,0,0,0,0,0,0,0,0,0,0,0,0,0,0,0,0,0,0,0,0,0,0,0,0,0,0,0,aro0921,cross_leg_left,1
35,1789976043.225976,0,0,0,0,0,0,0,0,0,0,0,0,0,0,0,0,0,0,0,0,0,0,0,0,0,0,0,0,0,0,0,0,aro0921,cross_leg_left,1
36,1789976043.226542,0,0,0,0,0,0,0,0,0,0,0,0,0,0,0,0,0,0,0,0,0,0,0,0,0,0,0,0,0,0,0,0,aro0921,cross_leg_left,1
37,1789976043.227091,0,0,0,0,0,0,0,0,0,0,0,0,0,0,0,0,0,0,0,0,0,0,0,0,0,0,0,0,0,0,0,0,aro0921,cross_leg_left,1
38,1789976043.227638,0,0,0,0,0,0,0,0,0,0,0,0,0,0,0,0,0,0,0,0,0,0,0,0,0,0,0,0,0,0,0,0,aro0921,cross_leg_left,1
39,1789976043.228210,0,0,0,0,0,0,0,0,0,0,0,0,0,0,0,0,0,0,0,0,0,0,0,0,0,0,0,0,0,0,0,0,aro0921,cross_leg_left,1
40,1789976043.228760,0,0,0,0,0,0,0,0,0,0,0,0,0,0,0,0,0,0,0,0,0,0,0,0,0,0,0,0,0,0,0,0,aro0921,cross_leg_left,1
41,1789976043.229336,0,0,0,0,0,0,0,0,0,0,0,0,0,0,0,0,0,0,0,0,0,0,0,0,0,0,0,0,0,0,0,0,aro0921,cross_leg_left,1
42,1789976043.229912,0,0,0,0,0,0,0,0,0,0,0,0,0,0,0,0,0,0,0,0,0,0,0,0,0,0,0,0,0,0,0,0,aro0921,cross_leg_left,1
43,1789976043.230412,0,0,0,0,0,0,0,0,0,0,0,0,0,0,0,0,0,0,0,0,0,0,0,0,0,0,0,0,0,0,0,0,aro0921,cross_leg_left,1
44,1789976043.230889,0,0,0,0,0,0,0,0,0,0,0,0,0,0,0,0,0,0,0,0,0,0,0,0,0,0,0,0,0,0,0,0,aro0921,cross_leg_left,1
45,1789976043.231369,0,0,0,0,0,0,0,0,0,0,0,0,0,0,0,0,0,0,0,0,0,0,0,0,0,0,0,0,0,0,0,0,aro0921,cross_leg_left,1
46,1789976043.231856,0,0,0,0,0,0,0,0,0,0,0,0,0,0,0,0,0,0,0,0,0,0,0,0,0,0,0,0,0,0,0,0,aro0921,cross_leg_left,1
47,1789976043.232334,0,0,0,0,0,0,0,0,0,0,0,0,0,0,0,0,0,0,0,0,0,0,0,0,0,0,0,0,0,0,0,0,aro0921,cross_leg_left,1
48,1789976043.232821,0,0,0,0,0,0,0,0,0,0,0,0,0,0,0,0,0,0,0,0,0,0,0,0,0,0,0,0,0,0,0,0,aro0921,cross_leg_left,1
49,1789976043.233297,0,0,0,0,0,0,0,0,0,0,0,0,0,0,0,0,0,0,0,0,0,0,0,0,0,0,0,0,0,0,0,0,aro0921,cross_leg_left,1
50,1789976043.233781,0,0,0,0,0,0,0,0,0,0,0,0,0,0,0,0,0,0,0,0,0,0,0,0,0,0,0,0,0,0,0,0,aro0921,cross_leg_left,1
51,1789976043.234254,0,0,0,0,0,0,0,0,0,0,0,0,0,0,0,0,0,0,0,0,0,0,0,0,0,0,0,0,0,0,0,0,aro0921,cross_leg_left,1
52,1789976043.234744,0,0,0,0,0,0,0,0,0,0,0,0,0,0,0,0,0,0,0,0,0,0,0,0,0,0,0,0,0,0,0,0,aro0921,cross_leg_left,1
53,1789976043.235218,0,0,0,0,0,0,0,0,0,0,0,0,0,0,0,0,0,0,0,0,0,0,0,0,0,0,0,0,0,0,0,0,aro0921,cross_leg_left,1
54,1789976043.235706,0,0,0,0,0,0,0,0,0,0,0,0,0,0,0,0,0,0,0,0,0,0,0,0,0,0,0,0,0,0,0,0,aro0921,cross_leg_left,1
55,1789976043.236158,0,0,0,0,0,0,0,0,0,0,0,0,0,0,0,0,0,0,0,0,0,0,0,0,0,0,0,0,0,0,0,0,aro0921,cross_leg_left,1
56,1789976043.236582,0,0,0,0,0,0,0,0,0,0,0,0,0,0,0,0,0,0,0,0,0,0,0,0,0,0,0,0,0,0,0,0,aro0921,cross_leg_left,1
57,1789976043.237006,0,0,0,0,0,0,0,0,0,0,0,0,0,0,0,0,0,0,0,0,0,0,0,0,0,0,0,0,0,0,0,0,aro0921,cross_leg_left,1
58,1789976043.237433,0,0,0,0,0,0,0,0,0,0,0,0,0,0,0,0,0,0,0,0,0,0,0,0,0,0,0,0,0,0,0,0,aro0921,cross_leg_left,1
59,1789976043.237861,0,0,0,0,0,0,0,0,0,0,0,0,0,0,0,0,0,0,0,0,0,0,0,0,0,0,0,0,0,0,0,0,aro0921,cross_leg_left,1
60,1789976043.238290,0,0,0,0,0,0,0,0,0,0,0,0,0,0,0,0,0,0,0,0,0,0,0,0,0,0,0,0,0,0,0,0,aro0921,cross_leg_left,1
61,1789976043.238716,0,0,0,0,0,0,0,0,0,0,0,0,0,0,0,0,0,0,0,0,0,0,0,0,0,0,0,0,0,0,0,0,aro0921,cross_leg_left,1
62,1789976043.239144,0,0,0,0,0,0,0,0,0,0,0,0,0,0,0,0,0,0,0,0,0,0,0,0,0,0,0,0,0,0,0,0,aro0921,cross_leg_left,1
63,1789976043.239570,0,0,0,0,0,0,0,0,0,0,0,0,0,0,0,0,0,0,0,0,0,0,0,0,0,0,0,0,0,0,0,0,aro0921,cross_leg_left,1
64,1789976043.240008,0,0,0,0,0,0,0,0,0,0,0,0,0,0,0,0,0,0,0,0,0,0,0,0,0,0,0,0,0,0,0,0,aro0921,cross_leg_left,1
65,1789976043.240447,0,0,0,0,0,0,0,0,0,0,0,0,0,0,0,0,0,0,0,0,0,0,0,0,0,0,0,0,0,0,0,0,aro0921,cross_leg_left,1
66,1789976043.240878,0,0,0,0,0,0,0,0,0,0,0,0,0,0,0,0,0,0,0,0,0,0,0,0,0,0,0,0,0,0,0,0,aro0921,cross_leg_left,1
67,1789976043.241312,0,0,0,0,0,0,0,0,0,0,0,0,0,0,0,0,0,0,0,0,0,0,0,0,0,0,0,0,0,0,0,0,aro0921,cross_leg_left,1
68,1789976043.241736,0,0,0,0,0,0,0,0,0,0,0,0,0,0,0,0,0,0,0,0,0,0,0,0,0,0,0,0,0,0,0,0,aro0921,cross_leg_left,1
69,1789976043.242127,0,0,0,0,0,0,0,0,0,0,0,0,0,0,0,0,0,0,0,0,0,0,0,0,0,0,0,0,0,0,0,0,aro0921,cross_leg_left,1
70,1789976043.242503,0,0,0,0,0,0,0,0,0,0,0,0,0,0,0,0,0,0,0,0,0,0,0,0,0,0,0,0,0,0,0,0,aro0921,cross_leg_left,1
71,1789976043.242891,0,0,0,0,0,0,0,0,0,0,0,0,0,0,0,0,0,0,0,0,0,0,0,0,0,0,0,0,0,0,0,0,aro0921,cross_leg_left,1
72,1789976043.243274,0,0,0,0,0,0,0,0,0,0,0,0,0,0,0,0,0,0,0,0,0,0,0,0,0,0,0,0,0,0,0,0,aro0921,cross_leg_left,1
73,1789976043.243674,0,0,0,0,0,0,0,0,0,0,0,0,0,0,0,0,0,0,0,0,0,0,0,0,0,0,0,0,0,0,0,0,aro0921,cross_leg_left,1
74,1789976043.244050,0,0,0,0,0,0,0,0,0,0,0,0,0,0,0,0,0,0,0,0,0,0,0,0,0,0,0,0,0,0,0,0,aro0921,cross_leg_left,1
75,1789976043.244426,0,0,0,0,0,0,0,0,0,0,0,0,0,0,0,0,0,0,0,0,0,0,0,0,0,0,0,0,0,0,0,0,aro0921,cross_leg_left,1
76,1789976043.244809,0,0,0,0,0,0,0,0,0,0,0,0,0,0,0,0,0,0,0,0,0,0,0,0,0,0,0,0,0,0,0,0,aro0921,cross_leg_left,1
77,1789976043.245179,0,0,0,0,0,0,0,0,0,0,0,0,0,0,0,0,0,0,0,0,0,0,0,0,0,0,0,0,0,0,0,0,aro0921,cross_leg_left,1
78,1789976043.245559,0,0,0,0,0,0,0,0,0,0,0,0,0,0,0,0,0,0,0,0,0,0,0,0,0,0,0,0,0,0,0,0,aro0921,cross_leg_left,1
79,1789976043.245934,0,0,0,0,0,0,0,0,0,0,0,0,0,0,0,0,0,0,0,0,0,0,0,0,0,0,0,0,0,0,0,0,aro0921,cross_leg_left,1
80,1789976043.246320,0,0,0,0,0,0,0,0,0,0,0,0,0,0,0,0,0,0,0,0,0,0,0,0,0,0,0,0,0,0,0,0,aro0921,cross_leg_left,1
81,1789976043.246693,0,0,0,0,0,0,0,0,0,0,0,0,0,0,0,0,0,0,0,0,0,0,0,0,0,0,0,0,0,0,0,0,aro0921,cross_leg_left,1
82,1789976043.247066,0,0,0,0,0,0,0,0,0,0,0,0,0,0,0,0,0,0,0,0,0,0,0,0,0,0,0,0,0,0,0,0,aro0921,cross_leg_left,1
83,1789976043.247450,0,0,0,0,0,0,0,0,0,0,0,0,0,0,0,0,0,0,0,0,0,0,0,0,0,0,0,0,0,0,0,0,aro0921,cross_leg_left,1
84,1789976043.247819,0,0,0,0,0,0,0,0,0,0,0,0,0,0,0,0,0,0,0,0,0,0,0,0,0,0,0,0,0,0,0,0,aro0921,cross_leg_left,1
85,1789976043.248166,0,0,0,0,0,0,0,0,0,0,0,0,0,0,0,0,0,0,0,0,0,0,0,0,0,0,0,0,0,0,0,0,aro0921,cross_leg_left,1
86,1789976043.248524,0,0,0,0,0,0,0,0,0,0,0,0,0,0,0,0,0,0,0,0,0,0,0,0,0,0,0,0,0,0,0,0,aro0921,cross_leg_left,1
87,1789976043.248880,0,0,0,0,0,0,0,0,0,0,0,0,0,0,0,0,0,0,0,0,0,0,0,0,0,0,0,0,0,0,0,0,aro0921,cross_leg_left,1
88,1789976043.249254,0,0,0,0,0,0,0,0,0,0,0,0,0,0,0,0,0,0,0,0,0,0,0,0,0,0,0,0,0,0,0,0,aro0921,cross_leg_left,1
89,1789976043.249639,0,0,0,0,0,0,0,0,0,0,0,0,0,0,0,0,0,0,0,0,0,0,0,0,0,0,0,0,0,0,0,0,aro0921,cross_leg_left,1
90,1789976043.250007,0,0,0,0,0,0,0,0,0,0,0,0,0,0,0,0,0,0,0,0,0,0,0,0,0,0,0,0,0,0,0,0,aro0921,cross_leg_left,1
91,1789976043.250369,0,0,0,0,0,0,0,0,0,0,0,0,0,0,0,0,0,0,0,0,0,0,0,0,0,0,0,0,0,0,0,0,aro0921,cross_leg_left,1
92,1789976043.250728,0,0,0,0,0,0,0,0,0,0,0,0,0,0,0,0,0,0,0,0,0,0,0,0,0,0,0,0,0,0,0,0,aro0921,cross_leg_left,1
93,1789976043.251076,0,0,0,0,0,0,0,0,0,0,0,0,0,0,0,0,0,0,0,0,0,0,0,0,0,0,0,0,0,0,0,0,aro0921,cross_leg_left,1
94,1789976043.251434,0,0,0,0,0,0,0,0,0,0,0,0,0,0,0,0,0,0,0,0,0,0,0,0,0,0,0,0,0,0,0,0,aro0921,cross_leg_left,1
95,1789976043.251785,0,0,0,0,0,0,0,0,0,0,0,0,0,0,0,0,0,0,0,0,0,0,0,0,0,0,0,0,0,0,0,0,aro0921,cross_leg_left,1
96,1789976043.252132,0,0,0,0,0,0,0,0,0,0,0,0,0,0,0,0,0,0,0,0,0,0,0,0,0,0,0,0,0,0,0,0,aro0921,cross_leg_left,1
97,1789976043.252487,0,0,0,0,0,0,0,0,0,0,0,0,0,0,0,0,0,0,0,0,0,0,0,0,0,0,0,0,0,0,0,0,aro0921,cross_leg_left,1
98,1789976043.252852,0,0,0,0,0,0,0,0,0,0,0,0,0,0,0,0,0,0,0,0,0,0,0,0,0,0,0,0,0,0,0,0,aro0921,cross_leg_left,1
99,1789976043.253207,0,0,0,0,0,0,0,0,0,0,0,0,0,0,0,0,0,0,0,0,0,0,0,0,0,0,0,0,0,0,0,0,aro0921,cross_leg_left,1
100,1789976043.253549,0,0,0,0,0,0,0,0,0,0,0,0,0,0,0,0,0,0,0,0,0,0,0,0,0,0,0,0,0,0,0,0,aro0921,cross_leg_left,1
101,1789976043.253883,0,0,0,0,0,0,0,0,0,0,0,0,0,0,0,0,0,0,0,0,0,0,0,0,0,0,0,0,0,0,0,0,aro0921,cross_leg_left,1
102,1789976043.254207,0,0,0,0,0,0,0,0,0,0,0,0,0,0,0,0,0,0,0,0,0,0,0,0,0,0,0,0,0,0,0,0,aro0921,cross_leg_left,1
103,1789976043.254534,0,0,0,0,0,0,0,0,0,0,0,0,0,0,0,0,0,0,0,0,0,0,0,0,0,0,0,0,0,0,0,0,aro0921,cross_leg_left,1
104,1789976043.254864,0,0,0,0,0,0,0,0,0,0,0,0,0,0,0,0,0,0,0,0,0,0,0,0,0,0,0,0,0,0,0,0,aro0921,cross_leg_left,1
105,1789976043.255186,0,0,0,0,0,0,0,0,0,0,0,0,0,0,0,0,0,0,0,0,0,0,0,0,0,0,0,0,0,0,0,0,aro0921,cross_leg_left,1
106,1789976043.255526,0,0,0,0,0,0,0,0,0,0,0,0,0,0,0,0,0,0,0,0,0,0,0,0,0,0,0,0,0,0,0,0,aro0921,cross_leg_left,1
107,1789976043.255848,0,0,0,0,0,0,0,0,0,0,0,0,0,0,0,0,0,0,0,0,0,0,0,0,0,0,0,0,0,0,0,0,aro0921,cross_leg_left,1
108,1789976043.256169,0,0,0,0,0,0,0,0,0,0,0,0,0,0,0,0,0,0,0,0,0,0,0,0,0,0,0,0,0,0,0,0,aro0921,cross_leg_left,1
109,1789976043.256502,0,0,0,0,0,0,0,0,0,0,0,0,0,0,0,0,0,0,0,0,0,0,0,0,0,0,0,0,0,0,0,0,aro0921,cross_leg_left,1
110,1789976043.256826,0,0,0,0,0,0,0,0,0,0,0,0,0,0,0,0,0,0,0,0,0,0,0,0,0,0,0,0,0,0,0,0,aro0921,cross_leg_left,1
111,1789976043.257161,0,0,0,0,0,0,0,0,0,0,0,0,0,0,0,0,0,0,0,0,0,0,0,0,0,0,0,0,0,0,0,0,aro0921,cross_leg_left,1
112,1789976043.257486,0,0,0,0,0,0,0,0,0,0,0,0,0,0,0,0,0,0,0,0,0,0,0,0,0,0,0,0,0,0,0,0,aro0921,cross_leg_left,1
113,1789976043.257811,0,0,0,0,0,0,0,0,0,0,0,0,0,0,0,0,0,0,0,0,0,0,0,0,0,0,0,0,0,0,0,0,aro0921,cross_leg_left,1
114,1789976043.258147,0,0,0,0,0,0,0,0,0,0,0,0,0,0,0,0,0,0,0,0,0,0,0,0,0,0,0,0,0,0,0,0,aro0921,cross_leg_left,1
115,1789976043.258470,0,0,0,0,0,0,0,0,0,0,0,0,0,0,0,0,0,0,0,0,0,0,0,0,0,0,0,0,0,0,0,0,aro0921,cross_leg_left,1
116,1789976043.258804,0,0,0,0,0,0,0,0,0,0,0,0,0,0,0,0,0,0,0,0,0,0,0,0,0,0,0,0,0,0,0,0,aro0921,cross_leg_left,1
117,1789976043.259128,0,0,0,0,0,0,0,0,0,0,0,0,0,0,0,0,0,0,0,0,0,0,0,0,0,0,0,0,0,0,0,0,aro0921,cross_leg_left,1
118,1789976043.259455,0,0,0,0,0,0,0,0,0,0,0,0,0,0,0,0,0,0,0,0,0,0,0,0,0,0,0,0,0,0,0,0,aro0921,cross_leg_left,1
119,1789976043.259759,0,0,0,0,0,0,0,0,0,0,0,0,0,0,0,0,0,0,0,0,0,0,0,0,0,0,0,0,0,0,0,0,aro0921,cross_leg_left,1
120,1789976043.260068,0,0,0,0,0,0,0,0,0,0,0,0,0,0,0,0,0,0,0,0,0,0,0,0,0,0,0,0,0,0,0,0,aro0921,cross_leg_left,1
121,1789976043.260381,0,0,0,0,0,0,0,0,0,0,0,0,0,0,0,0,0,0,0,0,0,0,0,0,0,0,0,0,0,0,0,0,aro0921,cross_leg_left,1
122,1789976043.260684,0,0,0,0,0,0,0,0,0,0,0,0,0,0,0,0,0,0,0,0,0,0,0,0,0,0,0,0,0,0,0,0,aro0921,cross_leg_left,1
123,1789976043.260999,0,0,0,0,0,0,0,0,0,0,0,0,0,0,0,0,0,0,0,0,0,0,0,0,0,0,0,0,0,0,0,0,aro0921,cross_leg_left,1
124,1789976043.261322,0,0,0,0,0,0,0,0,0,0,0,0,0,0,0,0,0,0,0,0,0,0,0,0,0,0,0,0,0,0,0,0,aro0921,cross_leg_left,1
125,1789976043.261636,0,0,0,0,0,0,0,0,0,0,0,0,0,0,0,0,0,0,0,0,0,0,0,0,0,0,0,0,0,0,0,0,aro0921,cross_leg_left,1
126,1789976043.261950,0,0,0,0,0,0,0,0,0,0,0,0,0,0,0,0,0,0,0,0,0,0,0,0,0,0,0,0,0,0,0,0,aro0921,cross_leg_left,1
127,1789976043.262253,0,0,0,0,0,0,0,0,0,0,0,0,0,0,0,0,0,0,0,0,0,0,0,0,0,0,0,0,0,0,0,0,aro0921,cross_leg_left,1
128,1789976043.262565,0,0,0,0,0,0,0,0,0,0,0,0,0,0,0,0,0,0,0,0,0,0,0,0,0,0,0,0,0,0,0,0,aro0921,cross_leg_left,1
129,1789976043.262868,0,0,0,0,0,0,0,0,0,0,0,0,0,0,0,0,0,0,0,0,0,0,0,0,0,0,0,0,0,0,0,0,aro0921,cross_leg_left,1
130,1789976043.263172,0,0,0,0,0,0,0,0,0,0,0,0,0,0,0,0,0,0,0,0,0,0,0,0,0,0,0,0,0,0,0,0,aro0921,cross_leg_left,1
131,1789976043.263484,0,0,0,0,0,0,0,0,0,0,0,0,0,0,0,0,0,0,0,0,0,0,0,0,0,0,0,0,0,0,0,0,aro0921,cross_leg_left,1
132,1789976043.263787,0,0,0,0,0,0,0,0,0,0,0,0,0,0,0,0,0,0,0,0,0,0,0,0,0,0,0,0,0,0,0,0,aro0921,cross_leg_left,1
133,1789976043.264102,0,0,0,0,0,0,0,0,0,0,0,0,0,0,0,0,0,0,0,0,0,0,0,0,0,0,0,0,0,0,0,0,aro0921,cross_leg_left,1
134,1789976043.264405,0,0,0,0,0,0,0,0,0,0,0,0,0,0,0,0,0,0,0,0,0,0,0,0,0,0,0,0,0,0,0,0,aro0921,cross_leg_left,1
135,1789976043.264709,0,0,0,0,0,0,0,0,0,0,0,0,0,0,0,0,0,0,0,0,0,0,0,0,0,0,0,0,0,0,0,0,aro0921,cross_leg_left,1
136,1789976043.265022,0,0,0,0,0,0,0,0,0,0,0,0,0,0,0,0,0,0,0,0,0,0,0,0,0,0,0,0,0,0,0,0,aro0921,cross_leg_left,1
137,1789976043.265326,0,0,0,0,0,0,0,0,0,0,0,0,0,0,0,0,0,0,0,0,0,0,0,0,0,0,0,0,0,0,0,0,aro0921,cross_leg_left,1
138,1789976043.265641,0,0,0,0,0,0,0,0,0,0,0,0,0,0,0,0,0,0,0,0,0,0,0,0,0,0,0,0,0,0,0,0,aro0921,cross_leg_left,1
139,1789976043.265941,0,0,0,0,0,0,0,0,0,0,0,0,0,0,0,0,0,0,0,0,0,0,0,0,0,0,0,0,0,0,0,0,aro0921,cross_leg_left,1
140,1789976043.266245,0,0,0,0,0,0,0,0,0,0,0,0,0,0,0,0,0,0,0,0,0,0,0,0,0,0,0,0,0,0,0,0,aro0921,cross_leg_left,1
141,1789976043.266555,0,0,0,0,0,0,0,0,0,0,0,0,0,0,0,0,0,0,0,0,0,0,0,0,0,0,0,0,0,0,0,0,aro0921,cross_leg_left,1
142,1789976043.266859,0,0,0,0,0,0,0,0,0,0,0,0,0,0,0,0,0,0,0,0,0,0,0,0,0,0,0,0,0,0,0,0,aro0921,cross_leg_left,1
143,1789976043.267173,0,0,0,0,0,0,0,0,0,0,0,0,0,0,0,0,0,0,0,0,0,0,0,0,0,0,0,0,0,0,0,0,aro0921,cross_leg_left,1
144,1789976043.267470,0,0,0,0,0,0,0,0,0,0,0,0,0,0,0,0,0,0,0,0,0,0,0,0,0,0,0,0,0,0,0,0,aro0921,cross_leg_left,1
145,1789976043.267760,0,0,0,0,0,0,0,0,0,0,0,0,0,0,0,0,0,0,0,0,0,0,0,0,0,0,0,0,0,0,0,0,aro0921,cross_leg_left,1
146,1789976043.268059,0,0,0,0,0,0,0,0,0,0,0,0,0,0,0,0,0,0,0,0,0,0,0,0,0,0,0,0,0,0,0,0,aro0921,cross_leg_left,1
147,1789976043.268351,0,0,0,0,0,0,0,0,0,0,0,0,0,0,0,0,0,0,0,0,0,0,0,0,0,0,0,0,0,0,0,0,aro0921,cross_leg_left,1
148,1789976043.268650,0,0,0,0,0,0,0,0,0,0,0,0,0,0,0,0,0,0,0,0,0,0,0,0,0,0,0,0,0,0,0,0,aro0921,cross_leg_left,1
149,1789976043.268936,0,0,0,0,0,0,0,0,0,0,0,0,0,0,0,0,0,0,0,0,0,0,0,0,0,0,0,0,0,0,0,0,aro0921,cross_leg_left,1
150,1789976043.269235,0,0,0,0,0,0,0,0,0,0,0,0,0,0,0,0,0,0,0,0,0,0,0,0,0,0,0,0,0,0,0,0,aro0921,cross_leg_left,1
151,1789976043.269547,0,0,0,0,0,0,0,0,0,0,0,0,0,0,0,0,0,0,0,0,0,0,0,0,0,0,0,0,0,0,0,0,aro0921,cross_leg_left,1
152,1789976043.269852,0,0,0,0,0,0,0,0,0,0,0,0,0,0,0,0,0,0,0,0,0,0,0,0,0,0,0,0,0,0,0,0,aro0921,cross_leg_left,1
153,1789976043.270156,0,0,0,0,0,0,0,0,0,0,0,0,0,0,0,0,0,0,0,0,0,0,0,0,0,0,0,0,0,0,0,0,aro0921,cross_leg_left,1
154,1789976043.270446,0,0,0,0,0,0,0,0,0,0,0,0,0,0,0,0,0,0,0,0,0,0,0,0,0,0,0,0,0,0,0,0,aro0921,cross_leg_left,1
155,1789976043.270741,0,0,0,0,0,0,0,0,0,0,0,0,0,0,0,0,0,0,0,0,0,0,0,0,0,0,0,0,0,0,0,0,aro0921,cross_leg_left,1
156,1789976043.271032,0,0,0,0,0,0,0,0,0,0,0,0,0,0,0,0,0,0,0,0,0,0,0,0,0,0,0,0,0,0,0,0,aro0921,cross_leg_left,1
157,1789976043.271321,0,0,0,0,0,0,0,0,0,0,0,0,0,0,0,0,0,0,0,0,0,0,0,0,0,0,0,0,0,0,0,0,aro0921,cross_leg_left,1
158,1789976043.271619,0,0,0,0,0,0,0,0,0,0,0,0,0,0,0,0,0,0,0,0,0,0,0,0,0,0,0,0,0,0,0,0,aro0921,cross_leg_left,1
159,1789976043.271914,0,0,0,0,0,0,0,0,0,0,0,0,0,0,0,0,0,0,0,0,0,0,0,0,0,0,0,0,0,0,0,0,aro0921,cross_leg_left,1
160,1789976043.272207,0,0,0,0,0,0,0,0,0,0,0,0,0,0,0,0,0,0,0,0,0,0,0,0,0,0,0,0,0,0,0,0,aro0921,cross_leg_left,1
161,1789976043.272502,0,0,0,0,0,0,0,0,0,0,0,0,0,0,0,0,0,0,0,0,0,0,0,0,0,0,0,0,0,0,0,0,aro0921,cross_leg_left,1
162,1789976043.272792,0,0,0,0,0,0,0,0,0,0,0,0,0,0,0,0,0,0,0,0,0,0,0,0,0,0,0,0,0,0,0,0,aro0921,cross_leg_left,1
163,1789976043.273093,0,0,0,0,0,0,0,0,0,0,0,0,0,0,0,0,0,0,0,0,0,0,0,0,0,0,0,0,0,0,0,0,aro0921,cross_leg_left,1
164,1789976043.273376,0,0,0,0,0,0,0,0,0,0,0,0,0,0,0,0,0,0,0,0,0,0,0,0,0,0,0,0,0,0,0,0,aro0921,cross_leg_left,1
165,1789976043.273664,0,0,0,0,0,0,0,0,0,0,0,0,0,0,0,0,0,0,0,0,0,0,0,0,0,0,0,0,0,0,0,0,aro0921,cross_leg_left,1
166,1789976043.273948,0,0,0,0,0,0,0,0,0,0,0,0,0,0,0,0,0,0,0,0,0,0,0,0,0,0,0,0,0,0,0,0,aro0921,cross_leg_left,1
167,1789976043.274233,0,0,0,0,0,0,0,0,0,0,0,0,0,0,0,0,0,0,0,0,0,0,0,0,0,0,0,0,0,0,0,0,aro0921,cross_leg_left,1
168,1789976043.274521,0,0,0,0,0,0,0,0,0,0,0,0,0,0,0,0,0,0,0,0,0,0,0,0,0,0,0,0,0,0,0,0,aro0921,cross_leg_left,1
169,1789976043.274800,0,0,0,0,0,0,0,0,0,0,0,0,0,0,0,0,0,0,0,0,0,0,0,0,0,0,0,0,0,0,0,0,aro0921,cross_leg_left,1
170,1789976043.275086,0,0,0,0,0,0,0,0,0,0,0,0,0,0,0,0,0,0,0,0,0,0,0,0,0,0,0,0,0,0,0,0,aro0921,cross_leg_left,1
171,1789976043.275367,0,0,0,0,0,0,0,0,0,0,0,0,0,0,0,0,0,0,0,0,0,0,0,0,0,0,0,0,0,0,0,0,aro0921,cross_leg_left,1
172,1789976043.275646,0,0,0,0,0,0,0,0,0,0,0,0,0,0,0,0,0,0,0,0,0,0,0,0,0,0,0,0,0,0,0,0,aro0921,cross_leg_left,1
173,1789976043.275935,0,0,0,0,0,0,0,0,0,0,0,0,0,0,0,0,0,0,0,0,0,0,0,0,0,0,0,0,0,0,0,0,aro0921,cross_leg_left,1
174,1789976043.276223,0,0,0,0,0,0,0,0,0,0,0,0,0,0,0,0,0,0,0,0,0,0,0,0,0,0,0,0,0,0,0,0,aro0921,cross_leg_left,1
175,1789976043.276511,0,0,0,0,0,0,0,0,0,0,0,0,0,0,0,0,0,0,0,0,0,0,0,0,0,0,0,0,0,0,0,0,aro0921,cross_leg_left,1
176,1789976043.276789,0,0,0,0,0,0,0,0,0,0,0,0,0,0,0,0,0,0,0,0,0,0,0,0,0,0,0,0,0,0,0,0,aro0921,cross_leg_left,1
177,1789976043.277067,0,0,0,0,0,0,0,0,0,0,0,0,0,0,0,0,0,0,0,0,0,0,0,0,0,0,0,0,0,0,0,0,aro0921,cross_leg_left,1
178,1789976043.277355,0,0,0,0,0,0,0,0,0,0,0,0,0,0,0,0,0,0,0,0,0,0,0,0,0,0,0,0,0,0,0,0,aro0921,cross_leg_left,1
179,1789976043.277633,0,0,0,0,0,0,0,0,0,0,0,0,0,0,0,0,0,0,0,0,0,0,0,0,0,0,0,0,0,0,0,0,aro0921,cross_leg_left,1
180,1789976043.277920,0,0,0,0,0,0,0,0,0,0,0,0,0,0,0,0,0,0,0,0,0,0,0,0,0,0,0,0,0,0,0,0,aro0921,cross_leg_left,1
181,1789976043.278198,0,0,0,0,0,0,0,0,0,0,0,0,0,0,0,0,0,0,0,0,0,0,0,0,0,0,0,0,0,0,0,0,aro0921,cross_leg_left,1
182,1789976043.278487,0,0,0,0,0,0,0,0,0,0,0,0,0,0,0,0,0,0,0,0,0,0,0,0,0,0,0,0,0,0,0,0,aro0921,cross_leg_left,1
183,1789976043.278785,0,0,0,0,0,0,0,0,0,0,0,0,0,0,0,0,0,0,0,0,0,0,0,0,0,0,0,0,0,0,0,0,aro0921,cross_leg_left,1
184,1789976043.279068,0,0,0,0,0,0,0,0,0,0,0,0,0,0,0,0,0,0,0,0,0,0,0,0,0,0,0,0,0,0,0,0,aro0921,cross_leg_left,1
185,1789976043.279348,0,0,0,0,0,0,0,0,0,0,0,0,0,0,0,0,0,0,0,0,0,0,0,0,0,0,0,0,0,0,0,0,aro0921,cross_leg_left,1
186,1789976043.279614,0,0,0,0,0,0,0,0,0,0,0,0,0,0,0,0,0,0,0,0,0,0,0,0,0,0,0,0,0,0,0,0,aro0921,cross_leg_left,1
187,1789976043.279886,0,0,0,0,0,0,0,0,0,0,0,0,0,0,0,0,0,0,0,0,0,0,0,0,0,0,0,0,0,0,0,0,aro0921,cross_leg_left,1
188,1789976043.280163,0,0,0,0,0,0,0,0,0,0,0,0,0,0,0,0,0,0,0,0,0,0,0,0,0,0,0,0,0,0,0,0,aro0921,cross_leg_left,1
189,1789976043.280436,0,0,0,0,0,0,0,0,0,0,0,0,0,0,0,0,0,0,0,0,0,0,0,0,0,0,0,0,0,0,0,0,aro0921,cross_leg_left,1
190,1789976043.280711,0,0,0,0,0,0,0,0,0,0,0,0,0,0,0,0,0,0,0,0,0,0,0,0,0,0,0,0,0,0,0,0,aro0921,cross_leg_left,1
191,1789976043.280980,0,0,0,0,0,0,0,0,0,0,0,0,0,0,0,0,0,0,0,0,0,0,0,0,0,0,0,0,0,0,0,0,aro0921,cross_leg_left,1
192,1789976043.281250,0,0,0,0,0,0,0,0,0,0,0,0,0,0,0,0,0,0,0,0,0,0,0,0,0,0,0,0,0,0,0,0,aro0921,cross_leg_left,1
193,1789976043.281525,0,0,0,0,0,0,0,0,0,0,0,0,0,0,0,0,0,0,0,0,0,0,0,0,0,0,0,0,0,0,0,0,aro0921,cross_leg_left,1
194,1789976043.281796,0,0,0,0,0,0,0,0,0,0,0,0,0,0,0,0,0,0,0,0,0,0,0,0,0,0,0,0,0,0,0,0,aro0921,cross_leg_left,1
195,1789976043.282072,0,0,0,0,0,0,0,0,0,0,0,0,0,0,0,0,0,0,0,0,0,0,0,0,0,0,0,0,0,0,0,0,aro0921,cross_leg_left,1
196,1789976043.282339,0,0,0,0,0,0,0,0,0,0,0,0,0,0,0,0,0,0,0,0,0,0,0,0,0,0,0,0,0,0,0,0,aro0921,cross_leg_left,1
197,1789976043.282606,0,0,0,0,0,0,0,0,0,0,0,0,0,0,0,0,0,0,0,0,0,0,0,0,0,0,0,0,0,0,0,0,aro0921,cross_leg_left,1
198,1789976043.282883,0,0,0,0,0,0,0,0,0,0,0,0,0,0,0,0,0,0,0,0,0,0,0,0,0,0,0,0,0,0,0,0,aro0921,cross_leg_left,1
199,1789976043.283151,0,0,0,0,0,0,0,0,0,0,0,0,0,0,0,0,0,0,0,0,0,0,0,0,0,0,0,0,0,0,0,0,aro0921,cross_leg_left,1
200,1789976043.283423,0,0,0,0,0,0,0,0,0,0,0,0,0,0,0,0,0,0,0,0,0,0,0,0,0,0,0,0,0,0,0,0,aro0921,cross_leg_left,1
201,1789976043.283689,0,0,0,0,0,0,0,0,0,0,0,0,0,0,0,0,0,0,0,0,0,0,0,0,0,0,0,0,0,0,0,0,aro0921,cross_leg_left,1
202,1789976043.283959,0,0,0,0,0,0,0,0,0,0,0,0,0,0,0,0,0,0,0,0,0,0,0,0,0,0,0,0,0,0,0,0,aro0921,cross_leg_left,1
203,1789976043.284231,0,0,0,0,0,0,0,0,0,0,0,0,0,0,0,0,0,0,0,0,0,0,0,0,0,0,0,0,0,0,0,0,aro0921,cross_leg_left,1
204,1789976043.284499,0,0,0,0,0,0,0,0,0,0,0,0,0,0,0,0,0,0,0,0,0,0,0,0,0,0,0,0,0,0,0,0,aro0921,cross_leg_left,1
205,1789976043.284779,0,0,0,0,0,0,0,0,0,0,0,0,0,0,0,0,0,0,0,0,0,0,0,0,0,0,0,0,0,0,0,0,aro0921,cross_leg_left,1
206,1789976043.285045,0,0,0,0,0,0,0,0,0,0,0,0,0,0,0,0,0,0,0,0,0,0,0,0,0,0,0,0,0,0,0,0,aro0921,cross_leg_left,1
207,1789976043.285314,0,0,0,0,0,0,0,0,0,0,0,0,0,0,0,0,0,0,0,0,0,0,0,0,0,0,0,0,0,0,0,0,aro0921,cross_leg_left,1
208,1789976043.285586,0,0,0,0,0,0,0,0,0,0,0,0,0,0,0,0,0,0,0,0,0,0,0,0,0,0,0,0,0,0,0,0,aro0921,cross_leg_left,1
209,1789976043.285854,0,0,0,0,0,0,0,0,0,0,0,0,0,0,0,0,0,0,0,0,0,0,0,0,0,0,0,0,0,0,0,0,aro0921,cross_leg_left,1
210,1789976043.286129,0,0,0,0,0,0,0,0,0,0,0,0,0,0,0,0,0,0,0,0,0,0,0,0,0,0,0,0,0,0,0,0,aro0921,cross_leg_left,1
211,1789976043.286398,0,0,0,0,0,0,0,0,0,0,0,0,0,0,0,0,0,0,0,0,0,0,0,0,0,0,0,0,0,0,0,0,aro0921,cross_leg_left,1
212,1789976043.286673,0,0,0,0,0,0,0,0,0,0,0,0,0,0,0,0,0,0,0,0,0,0,0,0,0,0,0,0,0,0,0,0,aro0921,cross_leg_left,1
213,1789976043.286949,0,0,0,0,0,0,0,0,0,0,0,0,0,0,0,0,0,0,0,0,0,0,0,0,0,0,0,0,0,0,0,0,aro0921,cross_leg_left,1
214,1789976043.287216,0,0,0,0,0,0,0,0,0,0,0,0,0,0,0,0,0,0,0,0,0,0,0,0,0,0,0,0,0,0,0,0,aro0921,cross_leg_left,1
215,1789976043.287495,0,0,0,0,0,0,0,0,0,0,0,0,0,0,0,0,0,0,0,0,0,0,0,0,0,0,0,0,0,0,0,0,aro0921,cross_leg_left,1
216,1789976043.287764,0,0,0,0,0,0,0,0,0,0,0,0,0,0,0,0,0,0,0,0,0,0,0,0,0,0,0,0,0,0,0,0,aro0921,cross_leg_left,1
217,1789976043.288038,0,0,0,0,0,0,0,0,0,0,0,0,0,0,0,0,0,0,0,0,0,0,0,0,0,0,0,0,0,0,0,0,aro0921,cross_leg_left,1
218,1789976043.288313,0,0,0,0,0,0,0,0,0,0,0,0,0,0,0,0,0,0,0,0,0,0,0,0,243,0,0,0,0,0,0,0,aro0921,cross_leg_left,1
219,1789976043.288584,0,0,0,0,0,0,0,0,0,0,0,0,0,0,0,0,0,0,0,0,0,0,0,0,402,0,0,0,0,0,0,0,aro0921,cross_leg_left,1
220,1789976043.288862,0,0,0,0,0,0,0,0,0,0,0,0,0,0,0,0,0,0,0,0,0,0,0,0,564,0,0,0,0,0,0,0,aro0921,cross_leg_left,1
221,1789976043.289142,0,0,0,0,0,0,0,0,0,0,0,0,0,0,0,0,0,0,0,0,0,0,0,0,663,0,0,0,0,0,0,0,aro0921,cross_leg_left,1
222,1789976043.289418,0,0,0,0,0,0,0,0,0,0,0,0,0,0,0,0,0,0,0,0,0,0,0,0,687,0,0,0,0,0,0,0,aro0921,cross_leg_left,1
223,1789976043.289687,0,0,0,0,0,0,0,0,0,0,0,0,0,0,0,0,0,0,0,0,0,0,0,0,701,0,0,0,0,0,0,0,aro0921,cross_leg_left,1
224,1789976043.289975,0,0,0,0,0,0,0,0,0,0,0,0,0,0,0,0,0,0,0,0,0,0,0,0,685,0,0,0,0,0,0,0,aro0921,cross_leg_left,1
225,1789976043.290261,0,0,0,0,0,0,0,0,0,0,0,0,0,0,0,0,0,0,0,0,0,0,0,0,639,0,0,0,0,0,0,0,aro0921,cross_leg_left,1
226,1789976043.290530,0,0,0,0,0,0,0,0,0,0,0,0,0,0,0,0,0,0,0,0,0,0,0,0,605,0,0,0,0,0,0,0,aro0921,cross_leg_left,1
227,1789976043.290807,0,0,0,0,0,0,0,0,0,0,0,0,0,0,0,0,0,0,0,0,0,0,0,0,605,0,0,0,0,0,0,0,aro0921,cross_leg_left,1
228,1789976043.291074,0,0,0,0,0,0,0,0,0,0,0,0,0,0,0,0,0,0,0,0,0,0,0,0,583,0,0,0,0,0,0,0,aro0921,cross_leg_left,1
229,1789976043.291316,0,0,0,0,0,0,0,0,0,0,0,0,0,0,0,0,0,0,0,0,0,0,0,0,585,0,0,0,0,0,0,0,aro0921,cross_leg_left,1
230,1789976043.291569,0,0,0,0,0,0,0,0,0,0,0,0,0,0,0,0,0,0,0,0,0,0,0,0,618,0,0,0,0,0,0,0,aro0921,cross_leg_left,1
231,1789976043.291813,0,0,0,0,0,0,0,0,0,0,0,0,0,0,0,0,0,0,0,0,0,0,0,0,687,0,0,0,0,0,0,0,aro0921,cross_leg_left,1
232,1789976043.292070,0,0,0,0,0,0,0,0,0,0,0,0,0,0,0,0,0,0,0,0,0,0,0,0,712,0,0,0,0,0,0,0,aro0921,cross_leg_left,1
233,1789976043.292315,0,0,0,0,0,0,0,0,0,0,0,0,0,0,0,0,0,0,0,0,0,0,0,0,729,0,0,0,0,0,0,0,aro0921,cross_leg_left,1
234,1789976043.292559,0,0,0,0,0,0,0,0,0,0,0,0,0,0,0,0,0,0,0,0,0,0,0,0,734,0,0,0,0,0,0,0,aro0921,cross_leg_left,1
235,1789976043.292816,0,0,0,0,0,0,0,0,0,0,0,0,0,0,0,0,0,0,0,0,0,0,0,0,763,0,0,0,0,0,0,0,aro0921,cross_leg_left,1
236,1789976043.293059,0,0,0,0,0,0,0,0,0,0,0,0,0,0,0,0,0,0,0,0,0,0,0,0,755,22,0,0,0,0,0,0,aro0921,cross_leg_left,1
237,1789976043.293310,0,0,0,0,0,0,0,0,0,0,0,0,0,0,0,0,0,0,0,0,0,0,0,0,750,21,0,0,0,0,0,0,aro0921,cross_leg_left,1
238,1789976043.293562,0,0,0,0,0,0,0,0,0,0,0,0,0,0,0,0,0,0,0,0,0,0,0,0,755,0,0,0,0,0,0,0,aro0921,cross_leg_left,1
239,1789976043.293807,0,0,0,0,0,0,0,0,0,0,0,0,0,0,0,0,0,0,0,0,0,0,0,0,759,0,0,0,0,0,0,0,aro0921,cross_leg_left,1
240,1789976043.294065,0,0,0,0,0,0,0,0,0,0,0,0,0,0,0,0,0,0,0,0,0,0,0,0,708,0,0,0,0,0,0,0,aro0921,cross_leg_left,1
241,1789976043.294307,0,0,0,0,0,0,0,0,0,0,0,0,0,0,0,0,0,0,0,0,0,0,0,0,714,0,0,0,0,0,0,0,aro0921,cross_leg_left,1
242,1789976043.294552,0,0,0,0,0,0,0,0,0,0,0,0,0,0,0,0,0,0,0,0,0,0,0,0,751,0,0,0,0,0,0,0,aro0921,cross_leg_left,1
243,1789976043.294806,0,0,0,0,0,0,0,0,0,0,0,0,0,0,0,0,0,0,0,0,0,0,0,0,749,0,0,0,0,0,0,0,aro0921,cross_leg_left,1
244,1789976043.295050,0,0,0,0,0,0,0,0,0,0,0,0,0,0,0,0,0,0,0,0,0,0,0,0,745,24,0,0,0,0,0,0,aro0921,cross_leg_left,1
245,1789976043.295297,0,0,0,0,0,0,0,0,0,0,0,0,0,0,0,0,0,0,0,0,0,0,0,0,745,0,0,0,0,0,0,0,aro0921,cross_leg_left,1
246,1789976043.295531,0,0,0,0,0,0,0,0,0,0,0,0,0,0,0,0,0,0,0,0,0,0,0,0,724,0,0,0,0,0,0,0,aro0921,cross_leg_left,1
247,1789976043.295764,0,0,0,0,0,0,0,0,0,0,0,0,0,0,0,0,0,0,0,0,0,0,0,0,743,0,0,0,0,0,0,0,aro0921,cross_leg_left,1
248,1789976043.295998,0,0,0,0,0,0,0,0,0,0,0,0,0,0,0,0,0,0,0,0,0,0,0,0,709,0,0,0,0,0,0,0,aro0921,cross_leg_left,1
249,1789976043.296233,0,0,0,0,0,0,0,0,0,0,0,0,0,0,0,0,0,0,0,0,0,0,0,0,716,0,0,0,0,0,0,0,aro0921,cross_leg_left,1
250,1789976043.309919,0,0,0,0,0,0,0,0,0,0,0,0,0,0,0,0,0,0,0,0,0,0,0,0,638,0,0,0,0,0,0,0,aro0921,cross_leg_left,1
251,1789976043.329943,0,0,0,0,0,0,0,0,0,0,0,0,0,0,0,0,0,0,0,0,0,0,0,0,627,0,23,0,0,0,0,0,aro0921,cross_leg_left,1
252,1789976043.349946,0,0,0,0,0,0,0,0,0,0,0,0,0,0,0,0,0,0,0,0,0,0,0,0,583,37,109,61,0,0,285,0,aro0921,cross_leg_left,1
253,1789976043.369963,0,0,0,0,0,0,0,0,0,0,0,0,0,0,0,0,0,0,0,0,0,0,0,0,553,43,116,70,0,0,421,0,aro0921,cross_leg_left,1
254,1789976043.389977,0,0,0,0,0,0,0,0,0,0,0,0,0,0,0,0,0,0,0,0,0,0,0,0,505,26,141,103,0,0,372,0,aro0921,cross_leg_left,1
255,1789976043.409995,0,0,0,0,0,0,0,0,0,0,0,0,0,0,0,0,0,0,0,0,0,0,0,0,471,21,211,281,0,0,378,0,aro0921,cross_leg_left,1
256,1789976043.430014,0,0,0,0,0,0,0,0,0,0,0,0,0,0,0,0,0,0,0,0,0,0,0,0,375,21,381,382,0,0,355,0,aro0921,cross_leg_left,1
257,1789976043.450004,0,0,0,0,0,0,0,0,0,0,0,0,0,0,0,0,0,0,0,0,0,0,0,0,325,29,453,541,0,0,381,0,aro0921,cross_leg_left,1
258,1789976043.470040,0,0,0,0,0,0,0,0,0,0,0,0,0,0,0,0,0,0,0,0,0,0,0,0,232,0,483,601,0,0,383,107,aro0921,cross_leg_left,1
259,1789976043.490925,0,0,0,0,0,0,0,0,0,0,0,0,0,0,0,0,0,0,0,0,0,0,0,0,187,31,520,633,0,0,424,181,aro0921,cross_leg_left,1
260,1789976043.510938,0,0,0,0,0,0,0,0,0,0,0,0,0,0,0,0,0,0,0,0,0,0,0,0,174,0,611,702,0,45,421,296,aro0921,cross_leg_left,1
261,1789976043.530878,0,0,0,0,0,0,0,0,0,0,0,0,0,0,0,0,0,0,0,0,0,0,0,0,94,0,685,741,0,163,459,335,aro0921,cross_leg_left,1
262,1789976043.550887,0,0,0,0,0,0,0,0,0,0,0,0,0,0,0,0,0,0,0,0,0,0,0,191,0,27,717,749,51,223,468,349,aro0921,cross_leg_left,1
263,1789976043.570914,0,0,0,0,0,0,0,0,0,0,0,0,0,0,0,0,0,0,0,0,0,0,78,293,0,0,799,719,105,338,489,355,aro0921,cross_leg_left,1
264,1789976043.590268,0,0,0,0,0,0,0,0,0,0,0,0,0,0,0,0,0,0,0,0,0,0,197,359,0,0,863,635,277,517,499,379,aro0921,cross_leg_left,1
265,1789976043.610027,0,0,0,0,0,0,0,0,0,0,0,0,0,0,0,0,0,0,0,0,0,0,245,399,0,171,1003,679,355,599,553,390,aro0921,cross_leg_left,1
266,1789976043.631034,0,0,0,0,0,0,0,0,0,0,0,0,0,0,157,0,0,0,0,0,0,0,262,431,0,291,1060,713,479,677,651,363,aro0921,cross_leg_left,1
267,1789976043.650929,0,0,0,0,0,0,0,0,0,0,0,0,71,0,209,117,0,0,51,0,0,0,229,431,0,459,1129,845,599,775,700,423,aro0921,cross_leg_left,1
268,1789976043.670944,0,0,0,0,0,0,0,0,0,0,0,0,185,221,279,215,0,0,100,143,117,100,245,399,89,495,1177,952,686,837,715,501,aro0921,cross_leg_left,1
269,1789976043.690987,0,0,0,0,0,0,0,0,0,0,0,47,253,326,391,249,0,0,237,311,187,181,219,419,139,612,1245,1045,745,906,789,501,aro0921,cross_leg_left,1
270,1789976043.710895,0,0,0,0,0,0,0,0,0,0,35,164,392,389,437,291,0,126,349,405,311,282,291,405,51,713,1275,1123,776,935,797,455,aro0921,cross_leg_left,1
271,1789976043.730928,0,0,0,0,0,0,95,57,0,0,173,253,421,443,495,353,123,365,398,493,391,347,307,384,0,675,1237,1110,831,901,859,427,aro0921,cross_leg_left,1
272,1789976043.750952,0,0,0,0,119,73,317,173,0,0,253,277,483,471,523,371,197,408,409,540,424,382,310,363,0,613,1235,1135,804,927,839,455,aro0921,cross_leg_left,1
273,1789976043.770168,0,0,0,0,185,305,473,297,0,0,307,311,491,488,537,413,287,437,428,569,447,395,295,335,0,523,1235,1127,819,869,813,411,aro0921,cross_leg_left,1
274,1789976043.791037,0,0,0,0,351,441,553,384,83,0,333,303,471,499,557,409,309,424,471,557,487,409,269,281,0,381,1253,1149,763,821,795,373,aro0921,cross_leg_left,1
275,1789976043.811002,0,0,0,0,412,517,611,465,125,0,331,287,502,504,556,411,341,439,482,560,501,409,269,283,0,283,1215,1135,735,762,725,355,aro0921,cross_leg_left,1
276,1789976043.830982,0,0,0,27,458,543,648,496,288,0,296,301,499,507,543,423,341,455,469,589,503,411,235,236,0,173,1199,1078,682,734,687,270,aro0921,cross_leg_left,1
277,1789976043.850997,0,0,0,137,463,571,669,535,415,0,279,298,493,507,547,429,359,456,477,591,529,441,209,211,0,199,1176,1031,603,665,627,209,aro0921,cross_leg_left,1
278,1789976043.870979,0,0,248,201,477,599,728,569,495,0,267,293,491,531,565,419,359,483,500,603,503,419,215,167,0,169,1141,987,519,627,582,158,aro0921,cross_leg_left,1
279,1789976043.890985,0,0,309,265,487,603,747,609,541,0,290,307,521,499,551,429,362,473,499,597,539,439,181,169,0,197,1150,1016,489,530,503,101,aro0921,cross_leg_left,1
280,1789976043.910959,0,0,357,313,471,625,755,621,555,0,245,293,493,541,595,461,393,471,503,581,517,473,171,125,0,189,1159,971,403,477,422,77,aro0921,cross_leg_left,1
281,1789976043.930952,0,0,375,379,479,633,762,615,605,0,245,283,505,531,569,443,373,466,475,585,539,471,171,142,0,180,1112,974,301,379,461,77,aro0921,cross_leg_left,1
282,1789976043.950943,0,0,371,423,473,618,757,650,607,0,251,317,518,509,591,457,376,519,505,593,532,455,122,109,0,215,1115,959,247,299,456,0,aro0921,cross_leg_left,1
283,1789976043.970979,0,0,392,453,488,633,799,677,635,109,271,314,494,531,595,489,411,501,506,589,541,463,149,103,0,213,1125,957,229,171,457,0,aro0921,cross_leg_left,1
284,1789976043.990965,0,0,427,463,553,664,797,696,629,119,279,347,543,559,611,509,436,503,498,581,559,437,127,103,35,225,1165,973,99,119,489,0,aro0921,cross_leg_left,1
285,1789976044.010963,0,0,435,507,581,668,829,711,670,137,235,351,536,539,617,519,441,499,486,581,547,453,127,0,0,186,1113,937,87,75,469,0,aro0921,cross_leg_left,1
286,1789976044.030976,0,0,445,551,635,683,845,713,677,137,265,376,525,552,615,499,425,499,487,595,544,469,139,0,0,219,1132,937,69,79,459,0,aro0921,cross_leg_left,1
287,1789976044.050964,0,75,447,589,644,691,855,727,701,165,235,361,533,569,634,524,443,499,477,595,555,459,137,0,0,191,1131,955,39,57,429,23,aro0921,cross_leg_left,1
288,1789976044.070969,0,95,439,584,647,710,850,713,709,169,213,351,541,563,621,518,441,499,457,587,539,457,116,0,0,175,1161,985,56,28,357,0,aro0921,cross_leg_left,1
289,1789976044.090966,0,143,475,607,681,711,880,725,727,173,238,389,530,569,647,524,467,495,461,595,547,498,141,0,0,191,1142,995,33,0,219,0,aro0921,cross_leg_left,1
290,1789976044.110940,0,134,465,615,687,717,870,715,732,197,221,383,534,571,659,557,485,479,463,605,579,472,123,0,0,215,1126,951,0,35,45,0,aro0921,cross_leg_left,1
291,1789976044.130945,0,139,475,615,701,725,879,727,743,181,213,371,535,571,632,548,445,461,443,599,559,485,125,0,0,213,1129,952,0,0,0,0,aro0921,cross_leg_left,1
292,1789976044.151099,0,176,467,603,697,729,872,743,741,227,167,357,523,563,637,552,460,482,441,622,567,485,102,0,0,155,1101,927,0,0,0,0,aro0921,cross_leg_left,1
293,1789976044.170960,0,201,484,637,727,741,883,749,742,242,179,397,537,581,637,575,472,457,435,597,585,471,108,0,0,151,1147,953,0,0,0,0,aro0921,cross_leg_left,1
294,1789976044.190977,0,227,485,651,741,757,910,763,776,269,170,403,539,583,654,583,491,446,438,539,587,472,91,0,0,139,1115,915,0,0,0,0,aro0921,cross_leg_left,1
295,1789976044.211040,0,233,479,647,743,775,922,760,786,266,166,389,557,591,654,543,473,471,454,595,574,485,116,0,0,137,1109,925,0,0,0,0,aro0921,cross_leg_left,1
296,1789976044.230970,0,237,475,680,751,763,937,759,767,281,171,392,559,585,633,575,501,441,435,581,573,473,120,0,20,171,1125,915,0,0,0,0,aro0921,cross_leg_left,1
297,1789976044.250961,0,245,473,687,761,776,947,763,781,299,163,373,543,574,649,561,489,440,431,572,565,468,119,0,0,139,1097,884,0,0,0,0,aro0921,cross_leg_left,1
298,1789976044.270382,0,262,459,709,765,776,965,775,786,327,175,349,520,588,653,547,481,439,439,552,591,477,135,0,25,146,1101,866,0,0,0,0,aro0921,cross_leg_left,1
299,1789976044.291026,0,249,461,694,779,788,969,775,795,319,135,348,557,542,631,563,475,419,409,573,573,475,109,0,0,133,1110,893,0,0,0,0,aro0921,cross_leg_left,1
300,1789976044.310983,0,277,459,727,789,816,969,776,777,331,137,373,552,567,632,563,479,402,405,543,551,473,157,0,24,133,1112,869,0,0,0,0,aro0921,cross_leg_left,1
301,1789976044.330951,0,251,487,735,781,838,965,763,775,325,137,335,537,569,663,596,521,413,408,539,583,447,137,0,0,155,1107,861,0,0,0,0,aro0921,cross_leg_left,1
302,1789976044.350999,0,283,475,744,815,867,983,795,794,303,160,354,567,537,635,567,491,399,409,521,563,455,147,0,0,181,1135,909,0,0,0,0,aro0921,cross_leg_left,1
303,1789976044.370958,0,267,457,743,805,887,963,781,783,301,149,291,540,555,664,567,529,347,404,529,567,441,170,0,0,143,1091,876,0,0,0,0,aro0921,cross_leg_left,1
304,1789976044.390950,0,265,470,745,817,887,955,793,782,271,135,341,541,553,653,585,529,301,402,508,565,435,201,0,0,169,1087,913,0,0,0,0,aro0921,cross_leg_left,1
305,1789976044.410984,0,251,468,729,827,873,937,765,792,263,147,367,568,543,663,602,557,301,393,517,556,403,211,0,0,180,1070,947,0,0,0,0,aro0921,cross_leg_left,1
306,1789976044.430966,0,261,467,755,823,855,952,779,793,215,153,398,547,548,635,581,539,261,375,488,549,414,237,0,0,173,1063,964,0,0,0,0,aro0921,cross_leg_left,1
307,1789976044.450961,0,284,467,755,821,869,939,786,795,173,117,365,559,603,667,605,555,281,401,507,551,393,247,0,0,157,1107,1013,0,0,0,0,aro0921,cross_leg_left,1
308,1789976044.470991,0,273,459,745,811,847,921,755,791,122,101,373,588,615,683,604,555,249,359,475,521,383,191,0,22,157,1101,1004,0,0,0,0,aro0921,cross_leg_left,1
309,1789976044.491001,35,277,469,763,819,843,904,757,781,117,85,391,583,637,699,627,556,211,357,470,482,349,147,0,0,153,1093,1007,0,0,0,0,aro0921,cross_leg_left,1
310,1789976044.510987,63,301,475,779,858,828,907,756,763,95,104,411,631,659,704,654,582,215,339,456,436,363,141,0,0,166,1067,1012,0,0,0,0,aro0921,cross_leg_left,1
311,1789976044.530959,58,295,507,805,847,850,885,741,751,55,47,440,649,665,709,621,567,207,335,457,375,311,75,0,0,154,1081,1013,0,0,0,0,aro0921,cross_leg_left,1
312,1789976044.550985,85,318,535,813,856,829,888,739,746,0,53,453,639,675,742,622,550,127,317,403,363,295,37,0,24,156,1101,1033,0,0,0,0,aro0921,cross_leg_left,1
313,1789976044.570960,77,316,569,815,860,791,874,749,719,0,59,441,663,661,701,619,517,146,334,420,360,284,24,0,0,188,1054,1001,0,0,0,0,aro0921,cross_leg_left,1
314,1789976044.590956,83,319,595,829,863,775,861,739,679,0,61,463,659,697,734,651,543,102,295,389,345,230,0,0,23,156,1087,985,0,0,0,0,aro0921,cross_leg_left,1
315,1789976044.610988,97,357,610,870,860,746,869,727,655,0,77,467,675,699,731,651,548,123,297,383,344,233,0,0,0,203,1045,981,0,0,0,0,aro0921,cross_leg_left,1
316,1789976044.630990,101,365,622,877,879,759,822,683,616,0,60,453,662,725,741,632,507,90,263,371,311,211,0,0,25,203,1063,955,0,0,0,0,aro0921,cross_leg_left,1
317,1789976044.650974,94,351,662,891,873,735,826,685,610,0,73,501,679,695,730,623,475,117,293,403,332,219,0,0,0,199,1097,1019,0,0,0,0,aro0921,cross_leg_left,1
318,1789976044.671010,99,357,677,884,873,734,808,668,584,0,39,508,692,731,730,668,489,95,277,393,317,201,0,0,0,231,1087,1003,0,0,0,0,aro0921,cross_leg_left,1
319,1789976044.690967,102,361,667,887,874,727,795,654,559,0,55,503,701,749,747,661,489,99,283,396,303,207,0,0,0,252,1105,1021,0,0,0,0,aro0921,cross_leg_left,1
320,1789976044.710954,91,365,671,905,861,703,794,649,553,0,53,475,723,740,749,665,494,111,312,407,299,217,0,0,0,283,1113,1059,0,0,0,0,aro0921,cross_leg_left,1
321,1789976044.730943,103,371,660,862,847,703,759,620,533,0,33,493,717,745,741,679,490,105,291,421,309,217,0,0,0,265,1093,1049,0,0,0,0,aro0921,cross_leg_left,1
322,1789976044.750993,85,348,648,850,843,679,749,636,533,0,73,492,717,748,749,679,488,86,316,405,333,235,0,0,0,286,1135,1053,35,0,0,0,aro0921,cross_leg_left,1
323,1789976044.770960,85,357,671,842,823,683,726,629,533,0,22,471,713,765,760,677,475,109,338,427,341,233,0,0,25,235,1159,1081,0,25,0,0,aro0921,cross_leg_left,1
324,1789976044.790996,76,355,667,842,841,695,751,613,539,0,0,478,681,787,775,669,504,125,349,439,301,283,0,0,0,222,1174,1087,47,0,20,0,aro0921,cross_leg_left,1
325,1789976044.811057,88,367,638,827,809,675,747,629,553,0,0,415,714,793,763,649,475,105,341,421,365,283,31,0,29,137,1161,1115,63,25,0,0,aro0921,cross_leg_left,1
326,1789976044.830953,73,379,653,851,809,655,745,614,539,0,0,381,687,761,763,677,505,146,347,462,344,301,91,0,0,118,1128,1113,80,26,0,0,aro0921,cross_leg_left,1
327,1789976044.851014,28,355,639,839,807,683,750,612,539,0,0,359,667,777,751,672,507,167,353,436,349,297,73,0,0,127,1125,1117,153,53,0,0,aro0921,cross_leg_left,1
328,1789976044.870985,0,363,621,837,811,669,756,623,559,0,0,349,669,792,781,693,539,238,375,455,372,325,102,0,0,107,1129,1151,331,107,0,0,aro0921,cross_leg_left,1
329,1789976044.890944,0,357,607,839,811,679,727,619,555,0,0,306,667,796,799,722,563,283,396,455,375,311,91,0,0,85,1109,1163,438,211,0,0,aro0921,cross_leg_left,1
330,1789976044.910956,0,345,605,849,813,651,729,617,583,0,0,287,650,789,807,757,557,287,391,455,378,346,135,0,0,95,1103,1178,501,279,0,0,aro0921,cross_leg_left,1
331,1789976044.930996,0,343,623,853,821,664,739,609,572,0,0,297,621,815,873,761,609,307,395,429,377,348,147,0,0,83,1033,1149,571,397,0,0,aro0921,cross_leg_left,1
332,1789976044.950954,0,313,571,845,811,664,723,622,579,0,0,262,681,815,891,791,668,339,373,443,414,359,148,0,0,27,1004,1177,622,423,41,0,aro0921,cross_leg_left,1
333,1789976044.970947,0,314,591,845,819,635,717,613,571,0,0,266,670,791,867,783,654,357,391,439,397,361,158,0,0,20,927,1139,639,437,27,0,aro0921,cross_leg_left,1
334,1789976044.991005,0,291,609,841,812,651,685,580,537,0,0,291,681,841,903,804,667,343,363,434,399,327,171,0,0,43,957,1143,585,467,30,0,aro0921,cross_leg_left,1
335,1789976045.010994,0,299,645,841,823,627,693,569,530,0,0,313,710,808,895,789,607,335,357,438,419,356,167,0,0,54,911,1096,611,437,39,0,aro0921,cross_leg_left,1
336,1789976045.030963,0,339,629,847,830,607,647,573,489,0,0,393,723,831,883,807,617,329,373,426,393,331,141,0,0,57,941,1085,569,403,0,0,aro0921,cross_leg_left,1
337,1789976045.051045,0,365,692,854,821,581,654,557,489,0,0,409,715,813,893,799,633,349,363,427,409,331,137,0,0,69,979,1135,520,391,0,0,aro0921,cross_leg_left,1
338,1789976045.070999,0,359,692,838,810,583,639,534,467,0,0,477,739,823,883,779,627,339,367,439,383,345,143,0,0,136,1054,1127,507,356,0,0,aro0921,cross_leg_left,1
339,1789976045.090977,79,372,696,803,796,563,631,524,473,0,0,523,743,819,839,729,633,335,367,435,405,338,123,0,0,133,1081,1131,489,345,0,0,aro0921,cross_leg_left,1
340,1789976045.110988,99,373,682,789,767,557,626,543,468,0,0,505,757,812,811,697,619,359,382,457,382,339,159,0,0,150,1081,1115,455,365,0,0,aro0921,cross_leg_left,1
341,1789976045.130985,119,407,725,795,787,575,646,535,493,0,0,547,751,787,804,695,646,392,391,484,413,330,143,0,0,223,1083,1146,463,345,22,0,aro0921,cross_leg_left,1
342,1789976045.150970,107,404,723,799,776,589,653,543,503,0,0,509,731,713,716,662,607,397,381,453,413,360,163,0,0,207,1077,1140,419,348,0,0,aro0921,cross_leg_left,1
343,1789976045.171010,143,425,745,793,759,569,649,553,490,0,0,537,716,734,733,659,605,356,363,441,397,347,153,0,0,223,1099,1118,327,355,0,0,aro0921,cross_leg_left,1
344,1789976045.191010,153,429,744,799,731,563,662,581,509,0,0,520,681,670,699,593,570,339,381,459,405,339,121,0,0,103,1077,1071,311,335,0,0,aro0921,cross_leg_left,1
345,1789976045.210968,149,440,739,777,743,581,645,572,505,0,0,501,663,653,675,591,553,318,371,453,399,313,103,0,0,150,1004,1077,295,345,20,0,aro0921,cross_leg_left,1
346,1789976045.230977,127,460,729,767,746,565,643,555,499,0,0,479,661,653,659,591,566,299,328,445,395,296,117,0,0,121,1047,1096,295,303,0,0,aro0921,cross_leg_left,1
347,1789976045.251038,143,467,743,809,755,587,649,595,511,0,0,509,667,667,652,611,569,297,333,444,355,296,127,0,0,171,1030,1097,409,332,0,0,aro0921,cross_leg_left,1
348,1789976045.270973,147,491,751,800,797,589,666,575,504,0,0,488,645,645,675,605,573,294,349,427,371,308,111,0,0,155,1053,1122,435,316,0,0,aro0921,cross_leg_left,1
349,1789976045.291005,146,491,763,819,809,596,679,583,509,0,0,486,649,657,683,611,586,299,349,425,355,316,115,0,0,171,1071,1127,437,317,0,0,aro0921,cross_leg_left,1
350,1789976045.310988,139,470,771,811,823,593,679,573,523,0,0,504,633,653,703,648,617,309,363,427,363,326,135,0,0,173,1059,1103,468,314,0,0,aro0921,cross_leg_left,1
351,1789976045.330997,137,475,760,852,827,601,691,587,529,0,0,475,637,645,683,650,607,295,343,419,371,331,127,0,0,173,1075,1123,441,331,0,0,aro0921,cross_leg_left,1
352,1789976045.350992,147,477,755,856,856,629,691,574,527,0,0,485,687,654,703,651,669,292,325,406,364,301,121,0,0,179,1069,1159,442,275,0,0,aro0921,cross_leg_left,1
353,1789976045.370982,117,423,759,862,861,631,695,585,501,0,0,521,691,699,727,661,677,306,335,411,351,299,83,0,0,152,1116,1149,431,288,0,0,aro0921,cross_leg_left,1
354,1789976045.391022,141,415,756,863,877,605,681,588,447,0,0,536,670,686,709,683,659,298,341,415,345,299,55,0,0,157,1083,1133,419,269,0,0,aro0921,cross_leg_left,1
355,1789976045.410968,115,388,725,839,844,599,709,599,403,0,0,491,717,699,729,684,681,267,303,382,341,266,27,0,0,229,1099,1157,407,319,0,0,aro0921,cross_leg_left,1
356,1789976045.430961,119,366,719,845,853,585,687,601,343,0,0,539,679,717,730,661,659,268,277,341,341,203,0,0,0,234,1097,1165,344,317,0,0,aro0921,cross_leg_left,1
357,1789976045.450986,145,391,699,845,805,565,677,587,213,0,0,508,681,669,715,683,661,227,235,343,301,189,0,0,0,251,1119,1146,371,281,26,0,aro0921,cross_leg_left,1
358,1789976045.470973,104,375,717,813,809,571,682,552,165,0,0,547,701,680,695,665,623,245,247,311,280,137,0,0,0,247,1115,1171,371,309,0,0,aro0921,cross_leg_left,1
359,1789976045.490989,126,391,717,847,789,551,677,525,134,0,0,525,691,704,703,643,597,232,229,299,273,79,0,0,0,249,1148,1151,293,327,24,0,aro0921,cross_leg_left,1
360,1789976045.510991,141,392,725,825,775,559,661,502,39,0,0,531,729,694,685,661,595,187,176,247,211,0,0,0,0,249,1127,1181,244,308,0,0,aro0921,cross_leg_left,1
361,1789976045.531029,141,407,733,859,781,533,633,447,0,0,0,583,715,679,703,665,611,209,159,233,163,0,0,0,0,217,1115,1129,211,299,0,0,aro0921,cross_leg_left,1
362,1789976045.550958,149,380,733,837,775,535,621,427,0,0,0,570,723,727,731,638,599,217,150,215,145,0,0,0,0,229,1127,1119,231,312,20,0,aro0921,cross_leg_left,1
363,1789976045.570976,169,425,776,863,777,499,600,355,0,0,0,604,727,733,749,667,606,203,93,169,63,0,0,0,0,225,1121,1113,203,311,0,0,aro0921,cross_leg_left,1
364,1789976045.591027,223,429,797,890,749,491,582,238,0,0,0,581,727,739,727,664,617,187,81,112,45,0,0,0,0,209,1095,1109,184,326,0,0,aro0921,cross_leg_left,1
365,1789976045.610970,264,460,797,883,715,461,507,185,0,0,0,604,756,731,703,637,603,197,36,61,0,0,0,0,0,234,1085,1101,143,301,0,0,aro0921,cross_leg_left,1
366,1789976045.630953,295,487,813,887,701,439,431,0,0,0,42,613,748,729,723,614,601,183,0,23,0,0,0,0,0,205,1069,1085,99,264,0,0,aro0921,cross_leg_left,1
367,1789976045.651010,319,537,827,893,677,419,311,0,0,0,69,624,746,731,719,671,620,165,0,0,0,0,0,0,0,189,1049,1061,135,282,0,0,aro0921,cross_leg_left,1
368,1789976045.670977,308,552,827,901,627,391,137,0,0,0,115,613,761,725,731,671,623,149,0,0,39,0,0,0,0,219,1055,1107,108,249,0,0,aro0921,cross_leg_left,1
369,1789976045.690963,330,569,852,891,615,373,95,0,0,0,147,632,791,715,717,687,627,127,0,0,53,0,0,0,0,232,1067,1103,150,207,24,0,aro0921,cross_leg_left,1
370,1789976045.710992,327,585,845,889,615,308,33,0,0,0,175,659,781,751,735,684,632,101,0,0,75,0,0,0,21,251,1065,1093,111,173,0,0,aro0921,cross_leg_left,1
371,1789976045.730971,318,571,829,861,605,245,0,0,0,0,186,645,795,727,731,678,633,89,0,0,43,0,0,0,0,235,1079,1111,121,139,0,0,aro0921,cross_leg_left,1
372,1789976045.750950,326,569,825,830,573,158,0,0,0,0,154,649,792,754,739,665,599,62,0,0,35,0,0,0,0,275,1072,1099,119,134,0,0,aro0921,cross_leg_left,1
373,1789976045.771018,339,571,827,847,589,42,0,0,0,0,187,685,759,761,739,652,591,25,0,0,61,0,0,0,0,345,1084,1069,127,117,0,0,aro0921,cross_leg_left,1
374,1789976045.790973,325,559,781,855,558,0,0,0,0,0,187,653,750,760,749,664,613,0,0,0,37,0,0,0,0,377,1061,1075,101,141,0,0,aro0921,cross_leg_left,1
375,1789976045.810963,315,539,807,830,558,0,0,0,0,0,197,686,791,767,740,663,603,0,0,25,31,0,0,0,0,355,1107,1095,107,104,0,0,aro0921,cross_leg_left,1
376,1789976045.831026,311,539,809,839,573,0,0,0,0,0,205,699,767,757,733,677,605,0,0,0,0,0,0,0,0,411,1085,1079,91,89,0,0,aro0921,cross_leg_left,1
377,1789976045.850991,313,541,791,827,590,0,0,0,0,0,227,713,760,758,741,663,601,0,0,0,0,0,0,0,0,431,1069,1070,93,60,0,0,aro0921,cross_leg_left,1
378,1789976045.871051,316,543,806,857,603,0,0,0,0,0,199,711,761,759,719,655,603,0,0,0,0,0,0,0,0,416,1081,1097,62,73,0,0,aro0921,cross_leg_left,1
379,1789976045.890985,311,548,809,853,593,0,0,0,0,0,197,711,787,787,734,683,627,0,0,0,0,0,0,0,0,397,1095,1068,89,99,0,26,aro0921,cross_leg_left,1
380,1789976045.910967,295,543,805,840,596,0,0,0,0,0,243,786,799,775,723,669,603,0,0,0,0,0,0,0,0,420,1049,1052,61,44,0,0,aro0921,cross_leg_left,1
381,1789976045.930951,299,536,821,845,620,0,0,0,0,0,393,765,799,805,759,651,636,0,0,0,0,0,0,0,21,359,1093,1074,79,79,0,0,aro0921,cross_leg_left,1
382,1789976045.950980,299,541,808,855,631,0,0,0,0,0,478,789,810,815,741,683,619,31,0,0,0,0,0,0,0,230,1045,1070,104,47,20,0,aro0921,cross_leg_left,1
383,1789976045.970972,285,527,811,869,627,61,0,0,0,0,499,789,827,789,758,699,649,61,0,52,0,0,0,0,0,149,1031,1075,84,88,0,0,aro0921,cross_leg_left,1
384,1789976045.990955,271,533,806,892,629,115,79,0,0,0,584,749,791,811,781,683,633,100,0,77,0,0,0,0,0,120,1055,1075,83,92,0,0,aro0921,cross_leg_left,1
385,1789976046.010961,287,541,815,885,629,205,116,0,0,0,664,779,810,821,760,688,657,112,25,123,0,0,0,0,0,143,1071,1101,103,78,0,0,aro0921,cross_leg_left,1
386,1789976046.030983,288,555,839,885,627,279,242,0,0,0,757,789,804,823,785,699,661,139,85,139,0,0,0,0,0,175,1080,1111,107,73,0,0,aro0921,cross_leg_left,1
387,1789976046.051047,281,542,829,887,614,343,286,0,0,0,781,779,790,829,773,691,639,151,120,154,25,0,0,0,0,222,1108,1109,188,111,0,0,aro0921,cross_leg_left,1
388,1789976046.070981,285,557,831,885,623,375,378,0,0,0,791,808,825,813,796,697,678,203,154,186,43,0,0,0,0,203,1109,1129,179,78,0,0,aro0921,cross_leg_left,1
389,1789976046.091030,315,586,823,874,630,394,424,0,0,0,828,785,841,818,763,730,661,185,173,187,55,0,0,0,23,232,1135,1164,181,101,0,0,aro0921,cross_leg_left,1
390,1789976046.110970,309,570,821,823,598,413,462,0,0,0,809,765,815,845,803,713,662,210,201,164,47,0,0,0,0,251,1113,1139,198,104,0,0,aro0921,cross_leg_left,1
391,1789976046.130970,309,587,839,839,581,421,439,56,0,0,791,751,789,815,765,725,627,205,211,184,47,0,0,0,0,239,1103,1140,189,93,0,0,aro0921,cross_leg_left,1
392,1789976046.151006,334,605,821,821,575,427,485,63,0,0,799,765,819,810,766,685,634,223,216,189,73,0,0,0,0,265,1117,1133,231,67,0,0,aro0921,cross_leg_left,1
393,1789976046.170969,317,573,811,790,597,431,474,59,0,0,789,780,819,825,775,671,623,199,188,165,60,0,0,0,0,240,1128,1163,191,63,0,0,aro0921,cross_leg_left,1
394,1789976046.191030,333,598,837,813,599,430,491,71,0,0,804,755,783,814,781,711,633,226,215,186,57,0,0,0,0,261,1081,1131,229,30,0,0,aro0921,cross_leg_left,1
395,1789976046.210981,333,588,812,809,581,445,489,81,0,0,751,745,804,791,761,698,633,211,206,175,73,0,0,0,0,248,1099,1143,209,33,0,0,aro0921,cross_leg_left,1
396,1789976046.231004,335,590,819,818,588,447,498,83,0,0,779,744,799,793,745,693,617,201,211,179,59,0,0,0,0,171,1100,1141,219,0,0,0,aro0921,cross_leg_left,1
397,1789976046.250986,335,584,837,809,603,461,501,79,0,0,765,765,795,777,743,709,634,218,219,192,73,0,0,0,0,247,1100,1151,201,0,0,0,aro0921,cross_leg_left,1
398,1789976046.270979,352,620,825,823,612,470,529,91,0,0,775,734,821,799,757,676,623,213,215,186,85,0,0,0,0,275,1077,1139,207,0,0,0,aro0921,cross_leg_left,1
399,1789976046.291034,347,617,821,829,659,473,521,117,0,0,810,727,811,807,747,681,611,182,211,180,118,0,0,0,0,261,1087,1157,220,23,0,0,aro0921,cross_leg_left,1
400,1789976046.310987,339,595,823,821,664,478,533,140,0,0,751,751,792,805,744,691,597,184,243,173,136,0,0,0,0,267,1080,1140,202,0,0,0,aro0921,cross_leg_left,1
401,1789976046.330989,315,599,826,861,659,494,542,268,0,0,763,765,781,789,725,709,651,187,244,183,181,0,0,0,0,317,1112,1165,181,0,0,0,aro0921,cross_leg_left,1
402,1789976046.351037,319,581,823,845,687,484,556,328,0,0,787,733,803,763,739,718,639,153,233,203,201,0,0,0,0,277,1123,1119,173,0,0,0,aro0921,cross_leg_left,1
403,1789976046.371028,316,587,819,872,694,501,583,340,0,0,773,731,757,807,749,693,638,169,255,223,185,0,0,0,0,315,1102,1137,171,0,0,0,aro0921,cross_leg_left,1
404,1789976046.390980,316,582,815,883,711,523,575,375,0,0,768,723,781,795,739,713,623,143,249,203,220,0,0,0,0,287,1145,1187,187,21,0,0,aro0921,cross_leg_left,1
405,1789976046.411000,299,581,851,877,743,521,586,393,0,0,731,765,793,810,764,729,657,151,251,217,219,0,0,0,0,296,1109,1175,205,0,0,0,aro0921,cross_leg_left,1
406,1789976046.431052,284,553,841,892,751,523,593,408,0,0,744,744,795,781,745,687,645,150,251,219,222,0,0,0,0,329,1133,1175,209,0,0,0,aro0921,cross_leg_left,1
407,1789976046.450984,277,542,851,915,752,533,585,408,0,0,743,725,807,766,729,677,632,169,250,216,236,0,0,0,26,338,1113,1193,229,0,0,0,aro0921,cross_leg_left,1
408,1789976046.470984,290,555,855,908,761,525,593,415,0,0,709,727,774,755,741,700,637,145,247,220,211,0,0,0,0,355,1117,1163,219,23,0,0,aro0921,cross_leg_left,1
409,1789976046.491013,297,563,859,887,788,531,589,441,0,0,727,757,797,725,717,684,613,139,263,199,237,0,0,0,0,423,1161,1196,217,30,0,0,aro0921,cross_leg_left,1
410,1789976046.510979,301,559,839,873,751,529,607,424,0,0,681,760,807,731,743,655,605,151,245,229,228,0,0,0,0,391,1163,1197,211,0,0,0,aro0921,cross_leg_left,1
411,1789976046.530969,301,553,828,879,751,519,595,425,0,0,713,729,805,715,719,644,567,115,223,205,229,0,0,0,0,435,1131,1181,203,25,0,0,aro0921,cross_leg_left,1
412,1789976046.551011,311,557,813,873,719,524,605,440,0,0,683,739,803,748,717,670,559,126,227,223,221,0,0,0,0,456,1173,1149,217,30,0,0,aro0921,cross_leg_left,1
413,1789976046.570984,331,567,825,857,695,539,601,437,0,0,678,741,747,716,710,667,556,139,247,232,226,0,0,0,0,409,1147,1157,206,20,0,0,aro0921,cross_leg_left,1
414,1789976046.590972,309,550,789,812,671,546,613,435,0,0,665,715,777,740,722,634,557,138,254,226,221,0,0,0,0,379,1165,1171,219,29,0,0,aro0921,cross_leg_left,1
415,1789976046.610982,337,557,783,794,684,550,617,427,0,0,703,733,759,718,696,605,509,103,227,227,201,0,0,0,26,399,1139,1180,227,0,0,0,aro0921,cross_leg_left,1
416,1789976046.631026,313,543,779,775,667,535,607,436,0,0,681,692,781,713,691,597,509,121,229,229,219,0,0,0,0,377,1115,1135,229,0,0,0,aro0921,cross_leg_left,1
417,1789976046.650992,343,559,785,757,635,537,631,443,0,0,655,717,761,726,671,607,505,149,231,243,223,0,0,0,0,309,1117,1129,211,25,0,0,aro0921,cross_leg_left,1
418,1789976046.670989,327,535,755,747,629,551,631,455,0,0,668,693,755,715,687,579,541,137,245,237,221,0,0,0,0,313,1093,1126,231,0,0,0,aro0921,cross_leg_left,1
419,1789976046.691028,325,555,751,757,629,557,631,461,0,0,647,683,741,709,671,595,525,137,231,263,235,0,0,0,0,279,1033,1177,238,0,0,0,aro0921,cross_leg_left,1
420,1789976046.710995,306,535,751,732,629,553,643,460,0,0,627,678,733,709,695,587,542,123,232,235,248,0,0,0,0,265,1056,1119,263,37,0,0,aro0921,cross_leg_left,1
421,1789976046.730979,297,508,759,757,617,567,625,500,0,0,590,695,755,697,665,543,535,151,264,247,245,0,0,0,0,262,1111,1149,287,37,0,0,aro0921,cross_leg_left,1
422,1789976046.751005,301,541,760,747,633,569,657,503,0,0,567,676,767,693,693,598,551,140,235,271,227,0,0,0,0,233,1064,1126,315,20,0,0,aro0921,cross_leg_left,1
423,1789976046.770988,247,499,776,772,633,567,665,509,0,0,572,647,726,710,680,605,557,137,270,243,255,0,0,0,0,282,1065,1129,370,41,0,0,aro0921,cross_leg_left,1
424,1789976046.790985,252,509,745,797,653,584,675,547,0,0,537,669,723,701,653,572,535,151,284,245,266,28,0,0,0,277,1086,1119,357,38,0,0,aro0921,cross_leg_left,1
425,1789976046.811043,215,471,759,789,662,569,677,553,0,0,472,631,725,685,655,585,556,155,285,279,269,99,0,0,0,223,1047,1127,429,37,0,0,aro0921,cross_leg_left,1
426,1789976046.830989,149,469,745,785,648,575,687,544,0,0,473,597,703,700,667,595,565,131,270,264,235,143,0,0,0,267,1053,1119,411,34,0,0,aro0921,cross_leg_left,1
427,1789976046.850985,91,458,755,795,652,559,697,564,0,0,415,598,697,691,647,558,543,151,283,286,240,127,0,0,0,199,1076,1127,443,51,0,0,aro0921,cross_leg_left,1
428,1789976046.870942,57,425,723,781,650,565,691,581,47,0,378,584,729,638,619,541,519,151,297,326,249,167,0,0,0,219,1039,1135,447,61,0,0,aro0921,cross_leg_left,1
429,1789976046.890376,31,439,735,793,647,567,695,589,82,0,355,565,708,632,595,542,517,149,283,297,249,187,0,0,0,203,1063,1176,466,34,0,0,aro0921,cross_leg_left,1
430,1789976046.910939,22,415,724,777,631,569,687,587,91,0,333,523,677,636,603,520,519,136,253,308,269,173,0,0,0,229,1060,1131,471,55,0,0,aro0921,cross_leg_left,1
431,1789976046.930093,0,405,721,780,629,583,687,585,73,0,293,521,663,637,599,517,508,153,261,329,277,163,0,0,0,217,1067,1147,469,55,0,0,aro0921,cross_leg_left,1
432,1789976046.950266,0,408,711,789,647,575,701,580,0,0,270,531,670,651,610,529,505,145,238,323,287,199,0,0,0,238,1082,1175,517,73,0,0,aro0921,cross_leg_left,1
433,1789976046.971027,0,377,698,779,613,569,698,553,0,0,198,473,665,623,589,507,471,147,221,315,295,183,0,0,0,223,1101,1187,523,59,0,0,aro0921,cross_leg_left,1
434,1789976046.990984,0,357,687,797,637,547,675,535,0,0,221,457,620,645,616,485,475,138,249,293,299,163,0,0,0,279,1095,1198,493,78,0,0,aro0921,cross_leg_left,1
435,1789976047.011028,0,333,693,793,659,525,677,503,0,0,180,471,623,647,597,495,455,139,247,308,283,181,0,0,0,280,1132,1205,502,92,0,0,aro0921,cross_leg_left,1
436,1789976047.031018,0,333,681,767,631,535,629,430,0,0,169,437,632,604,600,531,473,111,217,293,293,158,0,0,0,341,1099,1191,534,85,0,0,aro0921,cross_leg_left,1
437,1789976047.050985,0,303,638,789,655,499,589,315,0,0,157,471,616,627,619,519,479,123,219,287,287,139,0,0,0,325,1128,1230,554,101,0,0,aro0921,cross_leg_left,1
438,1789976047.071037,0,283,631,755,632,499,571,263,0,0,157,429,601,651,645,535,469,119,223,292,280,146,0,0,0,383,1119,1191,521,93,0,0,aro0921,cross_leg_left,1
439,1789976047.090960,0,271,632,761,645,491,517,209,0,0,133,477,606,635,635,495,456,141,201,270,271,123,0,0,0,410,1151,1235,520,72,0,0,aro0921,cross_leg_left,1
440,1789976047.111005,0,273,633,755,647,477,499,143,0,0,180,461,622,651,619,519,447,132,210,254,267,107,0,0,0,397,1145,1221,532,117,0,0,aro0921,cross_leg_left,1
441,1789976047.131026,0,253,632,741,635,459,483,123,0,0,153,470,597,649,622,520,455,126,211,255,239,63,0,0,0,414,1144,1215,553,101,0,0,aro0921,cross_leg_left,1
442,1789976047.150978,0,263,621,735,639,482,471,91,0,0,173,469,613,637,637,519,467,147,219,266,269,87,0,0,0,443,1157,1236,505,111,0,0,aro0921,cross_leg_left,1
443,1789976047.171016,0,245,635,699,621,457,455,95,0,0,156,461,647,671,633,536,463,143,223,303,268,73,0,0,0,397,1144,1204,483,101,0,0,aro0921,cross_leg_left,1
444,1789976047.191000,0,260,617,696,645,437,432,71,0,0,178,501,621,678,651,506,443,142,221,287,261,55,0,0,0,431,1129,1223,457,111,0,0,aro0921,cross_leg_left,1
445,1789976047.210995,0,280,629,679,647,427,397,71,0,0,216,479,638,652,628,504,439,137,206,295,263,0,0,0,0,457,1149,1225,427,79,0,0,aro0921,cross_leg_left,1
446,1789976047.231002,0,283,615,676,631,397,357,69,0,0,173,468,639,665,633,538,441,138,211,297,273,0,0,0,0,419,1133,1199,382,105,0,0,aro0921,cross_leg_left,1
447,1789976047.250955,0,287,648,677,663,363,301,82,0,0,199,492,629,659,617,532,429,140,201,285,243,0,0,0,0,427,1099,1189,365,61,0,0,aro0921,cross_leg_left,1
448,1789976047.271022,0,311,711,676,663,328,243,117,0,0,199,447,574,630,596,506,421,135,226,245,221,0,0,0,0,476,1129,1196,291,70,0,0,aro0921,cross_leg_left,1
449,1789976047.290982,0,382,765,709,679,271,155,127,0,0,173,463,550,604,583,491,412,115,212,217,217,0,0,0,0,484,1093,1169,315,57,0,0,aro0921,cross_leg_left,1
450,1789976047.310989,0,451,831,703,671,252,249,247,0,0,143,391,518,601,557,448,389,119,183,199,170,0,0,0,0,485,1091,1179,273,59,0,0,aro0921,cross_leg_left,1
451,1789976047.330367,71,435,793,749,711,315,377,335,0,0,135,347,491,573,537,429,399,165,157,167,149,0,0,0,0,467,1067,1148,249,40,0,0,aro0921,cross_leg_left,1
452,1789976047.350826,117,475,799,793,678,503,525,467,0,0,120,309,461,563,525,437,397,219,133,152,87,0,0,0,0,453,1059,1145,207,35,0,0,aro0921,cross_leg_left,1
453,1789976047.371059,235,605,888,847,663,569,629,500,0,0,111,299,423,571,559,429,396,227,100,98,69,0,0,0,0,445,1003,1101,165,28,0,0,aro0921,cross_leg_left,1
454,1789976047.391030,383,695,875,847,709,595,665,501,0,0,101,307,329,551,551,423,388,245,53,77,30,0,0,0,0,393,1006,1093,166,46,0,0,aro0921,cross_leg_left,1
455,1789976047.411030,421,723,925,879,757,555,672,532,0,0,47,309,335,533,520,408,381,237,106,45,33,0,0,0,0,359,965,1048,125,25,0,0,aro0921,cross_leg_left,1
456,1789976047.431004,327,731,895,852,809,533,667,536,0,0,0,261,333,491,504,375,384,247,103,20,0,0,0,0,0,309,916,989,115,31,0,0,aro0921,cross_leg_left,1
457,1789976047.450996,199,698,787,852,811,519,619,573,0,0,0,203,328,527,539,399,432,225,91,0,30,0,0,0,0,255,845,885,147,43,0,0,aro0921,cross_leg_left,1
458,1789976047.471022,138,563,823,856,765,507,644,612,0,0,0,209,339,485,491,389,420,213,93,0,41,0,0,0,0,231,857,1030,169,34,0,0,aro0921,cross_leg_left,1
459,1789976047.490981,115,507,764,888,735,518,615,629,101,0,0,219,371,461,504,437,459,187,99,0,63,0,0,0,0,200,851,980,183,41,0,0,aro0921,cross_leg_left,1
460,1789976047.511006,85,436,761,885,765,503,679,687,163,0,0,234,393,520,532,415,469,179,119,0,53,0,0,0,0,171,863,1041,169,20,0,0,aro0921,cross_leg_left,1
461,1789976047.531027,87,443,723,877,782,533,712,744,267,0,20,235,389,494,500,427,453,185,140,0,39,0,0,0,0,125,831,1016,202,0,0,0,aro0921,cross_leg_left,1
462,1789976047.551007,74,485,757,919,807,551,758,779,413,0,25,233,423,489,503,419,409,189,142,24,77,0,0,0,0,111,751,1005,189,0,0,0,aro0921,cross_leg_left,1
463,1789976047.570990,141,571,777,941,837,619,825,823,531,0,51,243,458,505,505,415,423,223,191,81,73,0,0,0,0,121,760,995,183,0,0,0,aro0921,cross_leg_left,1
464,1789976047.591055,261,616,862,955,863,660,837,861,595,0,61,301,436,487,541,441,455,233,185,155,100,0,0,0,0,119,821,1049,253,0,0,0,aro0921,cross_leg_left,1
465,1789976047.611152,285,639,926,969,893,681,873,884,631,0,99,325,478,523,547,457,461,281,232,197,172,0,0,0,0,135,873,1069,349,0,0,0,aro0921,cross_leg_left,1
466,1789976047.630994,329,678,957,981,873,681,903,885,682,0,121,313,501,525,529,455,465,286,239,212,213,88,0,0,0,125,927,1077,411,0,0,0,aro0921,cross_leg_left,1
467,1789976047.651011,365,710,1020,995,871,670,888,887,693,0,125,428,477,505,544,463,484,297,251,248,233,147,0,0,0,101,937,1070,426,0,0,0,aro0921,cross_leg_left,1
468,1789976047.670733,371,725,1016,977,839,682,891,903,713,0,173,445,520,531,575,471,487,291,261,277,297,183,0,0,0,135,1013,1115,461,20,0,0,aro0921,cross_leg_left,1
469,1789976047.690068,374,742,975,967,805,691,895,888,724,0,215,463,505,536,581,485,475,291,261,313,341,217,0,0,0,147,1083,1115,469,39,0,0,aro0921,cross_leg_left,1
470,1789976047.710042,403,733,943,909,763,684,887,901,711,0,235,471,551,559,602,507,538,297,291,348,343,220,0,0,0,154,1109,1171,523,45,0,0,aro0921,cross_leg_left,1
471,1789976047.731079,393,730,883,853,761,667,875,894,695,0,287,493,569,563,616,491,551,274,287,356,351,269,0,0,0,151,1135,1175,535,51,0,0,aro0921,cross_leg_left,1
472,1789976047.751031,374,713,839,823,695,675,870,891,695,0,287,509,543,543,599,508,533,287,285,388,349,285,0,0,0,157,1109,1148,527,42,0,0,aro0921,cross_leg_left,1
473,1789976047.771001,395,703,807,787,679,671,880,885,713,0,281,475,538,569,605,506,552,243,276,377,377,283,0,0,0,149,1111,1162,593,53,0,0,aro0921,cross_leg_left,1
474,1789976047.791027,373,689,799,779,670,665,879,878,699,0,283,521,565,535,569,500,509,265,295,377,339,265,0,0,0,95,1113,1182,606,71,0,0,aro0921,cross_leg_left,1
475,1789976047.811053,379,663,793,750,663,669,895,886,700,0,280,495,553,554,575,479,519,246,279,381,349,253,0,0,0,103,1115,1181,611,75,0,0,aro0921,cross_leg_left,1
476,1789976047.831013,355,648,787,753,665,686,915,921,723,0,267,518,523,520,569,492,501,230,295,345,359,255,0,0,0,99,1108,1179,659,60,0,0,aro0921,cross_leg_left,1
477,1789976047.851032,347,633,767,729,675,690,904,927,701,0,298,508,547,535,549,473,520,252,302,372,343,237,0,0,0,125,1055,1143,663,89,0,0,aro0921,cross_leg_left,1
478,1789976047.870140,350,629,761,729,664,683,913,922,719,25,268,491,535,554,568,491,521,236,291,359,333,225,0,0,0,106,1049,1162,675,99,0,0,aro0921,cross_leg_left,1
479,1789976047.891054,329,619,748,728,659,672,925,943,739,58,275,489,509,520,565,493,537,261,331,376,357,252,0,0,0,104,1014,1143,687,79,0,0,aro0921,cross_leg_left,1
480,1789976047.911030,327,598,727,692,667,675,915,942,749,82,265,494,558,537,579,487,538,236,327,383,337,235,0,0,0,77,1041,1181,741,119,0,0,aro0921,cross_leg_left,1
481,1789976047.931062,319,603,724,700,638,663,913,923,745,116,251,523,540,557,590,487,547,250,355,407,349,277,0,0,0,72,1067,1191,733,93,0,0,aro0921,cross_leg_left,1
482,1789976047.951063,309,583,699,665,646,669,874,939,748,201,251,485,559,537,596,521,552,275,377,407,367,280,0,0,0,77,1033,1180,741,123,0,0,aro0921,cross_leg_left,1
483,1789976047.971045,308,597,691,676,629,665,871,921,761,245,264,523,555,539,606,501,569,277,393,397,397,313,68,0,0,117,1055,1207,782,109,0,0,aro0921,cross_leg_left,1
484,1789976047.991065,295,581,690,657,631,647,842,891,787,275,279,500,575,556,603,539,569,265,371,399,403,313,55,0,0,125,1093,1207,787,111,0,0,aro0921,cross_leg_left,1
485,1789976048.011048,309,589,669,675,645,645,851,895,787,333,287,502,563,567,609,521,585,269,395,413,421,347,111,0,0,79,1081,1167,805,70,0,0,aro0921,cross_leg_left,1
486,1789976048.031027,291,567,685,669,659,637,821,903,787,334,267,548,610,599,614,551,611,295,413,445,408,359,109,0,0,71,1079,1179,793,59,0,0,aro0921,cross_leg_left,1
487,1789976048.051064,279,569,680,683,683,620,803,889,779,347,269,541,568,606,623,551,603,279,407,430,430,347,115,0,0,87,1083,1227,796,104,0,0,aro0921,cross_leg_left,1
488,1789976048.071094,284,575,683,685,671,619,781,870,760,344,279,533,591,595,619,547,589,290,402,428,421,351,117,0,0,71,1101,1205,794,99,0,0,aro0921,cross_leg_left,1
489,1789976048.091011,283,571,697,691,703,619,783,859,749,331,295,559,569,605,649,552,617,261,390,415,405,347,110,0,0,95,1083,1179,779,99,0,0,aro0921,cross_leg_left,1
490,1789976048.111012,293,587,711,713,712,604,761,839,740,302,265,507,573,602,626,565,620,283,377,435,392,353,108,0,0,73,1069,1187,786,75,0,0,aro0921,cross_leg_left,1
491,1789976048.131046,285,595,714,751,743,605,751,807,725,235,263,519,613,599,633,571,621,293,361,399,363,331,112,0,0,95,1113,1227,796,85,0,0,aro0921,cross_leg_left,1
492,1789976048.151072,293,620,755,804,779,615,724,804,691,124,245,549,623,613,661,558,623,287,373,382,348,250,51,0,0,109,1085,1222,780,81,0,0,aro0921,cross_leg_left,1
493,1789976048.171028,326,638,751,837,813,583,697,767,655,81,283,557,621,619,665,551,619,279,313,403,331,240,0,0,0,69,1085,1213,757,71,0,0,aro0921,cross_leg_left,1
494,1789976048.191051,339,648,767,851,808,594,681,759,605,0,255,534,623,635,663,551,616,293,309,364,303,217,0,0,0,76,1067,1193,787,102,0,0,aro0921,cross_leg_left,1
495,1789976048.211016,331,647,803,887,845,571,684,711,599,0,304,563,640,647,661,569,627,277,265,343,299,185,0,0,0,110,1085,1203,777,89,0,0,aro0921,cross_leg_left,1
496,1789976048.231048,370,695,811,936,875,563,649,701,542,0,303,567,604,633,675,575,627,275,274,299,233,148,0,0,0,85,1103,1205,719,105,0,0,aro0921,cross_leg_left,1
497,1789976048.251047,356,697,851,955,877,551,657,651,499,0,313,565,653,650,653,559,606,313,248,263,203,134,0,0,0,94,1099,1206,719,94,0,0,aro0921,cross_leg_left,1
498,1789976048.271005,371,724,881,953,870,535,621,600,360,0,316,567,672,649,665,587,615,307,214,229,169,95,0,0,0,85,1059,1187,678,104,0,0,aro0921,cross_leg_left,1
499,1789976048.291003,392,755,909,984,869,507,587,539,264,0,347,565,643,667,685,557,615,287,179,207,121,51,0,0,0,54,999,1148,636,97,0,0,aro0921,cross_leg_left,1
500,1789976048.311063,415,747,943,988,875,503,601,505,147,0,371,581,670,659,647,585,591,295,199,159,91,0,0,0,0,87,981,1160,572,100,0,0,aro0921,cross_leg_left,1
501,1789976048.331000,473,760,1011,973,861,519,589,490,110,0,375,590,635,669,661,573,603,312,181,127,51,0,0,0,0,52,963,1130,510,100,0,0,aro0921,cross_leg_left,1
502,1789976048.350997,508,808,1043,991,840,527,570,463,0,0,393,581,661,669,669,549,570,299,157,119,29,0,0,0,0,100,972,1124,472,107,0,0,aro0921,cross_leg_left,1
503,1789976048.370182,535,827,1056,991,827,519,585,467,0,0,415,559,681,674,679,556,587,309,159,77,0,0,0,0,0,101,941,1151,421,122,0,0,aro0921,cross_leg_left,1
504,1789976048.391073,557,841,1092,981,837,536,598,486,0,0,421,601,667,663,682,565,588,282,147,53,0,0,0,0,0,52,935,1095,398,147,0,0,aro0921,cross_leg_left,1
505,1789976048.411004,575,855,1097,983,807,547,631,493,0,0,431,611,683,676,662,569,567,313,157,43,0,0,0,0,0,63,937,1109,403,135,0,0,aro0921,cross_leg_left,1
506,1789976048.431005,587,874,1095,979,808,555,653,518,0,0,455,595,665,692,651,581,587,312,173,36,0,0,0,0,0,71,953,1097,371,139,0,0,aro0921,cross_leg_left,1
507,1789976048.451038,579,860,1085,979,795,561,654,552,0,0,478,597,677,663,670,571,595,317,183,61,0,0,0,0,0,117,981,1134,375,123,0,0,aro0921,cross_leg_left,1
508,1789976048.471013,589,861,1085,987,797,571,672,565,29,0,471,603,667,664,667,564,581,311,173,89,20,0,0,0,0,103,979,1125,382,117,0,0,aro0921,cross_leg_left,1
509,1789976048.491032,579,853,1081,985,799,557,681,589,147,0,468,604,671,665,669,567,585,327,182,115,31,0,0,0,0,105,991,1133,377,111,0,0,aro0921,cross_leg_left,1
510,1789976048.511029,558,841,1069,983,797,575,697,615,169,0,443,603,661,667,665,569,579,328,187,142,69,0,0,0,0,98,998,1133,403,117,0,0,aro0921,cross_leg_left,1
511,1789976048.531007,549,831,1055,981,815,571,698,639,331,0,472,597,663,659,663,568,595,341,199,165,109,21,0,0,0,111,1003,1139,436,117,0,0,aro0921,cross_leg_left,1
512,1789976048.551005,541,815,1019,970,811,581,717,651,460,0,445,575,671,651,661,553,589,379,201,197,125,99,0,0,0,120,1016,1159,422,101,0,0,aro0921,cross_leg_left,1
513,1789976048.571052,531,795,985,969,831,587,715,687,507,0,458,581,655,637,669,580,623,412,215,221,183,111,0,0,0,135,1014,1165,437,107,0,0,aro0921,cross_leg_left,1
514,1789976048.591027,487,778,969,979,825,591,739,732,573,0,412,567,633,631,647,551,604,419,245,203,211,155,0,0,0,93,1032,1165,495,85,0,0,aro0921,cross_leg_left,1
515,1789976048.611017,488,789,971,968,840,602,757,757,605,0,389,565,659,639,661,587,628,429,223,244,201,185,0,0,0,115,973,1149,487,75,0,0,aro0921,cross_leg_left,1
516,1789976048.631002,453,757,947,937,818,631,765,828,666,0,415,595,621,617,652,571,627,430,273,235,244,177,0,0,0,77,997,1141,479,109,0,0,aro0921,cross_leg_left,1
517,1789976048.651057,431,765,949,937,839,628,819,841,699,0,402,547,631,647,675,553,617,422,266,267,291,219,0,0,0,87,939,1141,491,81,0,0,aro0921,cross_leg_left,1
518,1789976048.671015,395,775,943,939,831,663,855,872,748,0,383,572,611,615,657,588,621,459,287,311,309,233,0,0,0,93,952,1139,507,103,0,0,aro0921,cross_leg_left,1
519,1789976048.691026,369,753,908,924,799,669,849,933,741,0,365,536,611,606,632,543,595,442,297,351,307,237,0,0,0,68,893,1117,519,77,0,0,aro0921,cross_leg_left,1
520,1789976048.711037,376,756,921,915,790,675,883,959,764,0,355,542,619,627,653,562,631,441,309,355,349,279,0,0,0,104,889,1113,544,93,0,0,aro0921,cross_leg_left,1
521,1789976048.731014,373,751,901,885,765,675,879,987,775,0,335,543,615,621,645,562,627,437,332,363,370,299,39,0,0,77,879,1111,559,108,0,0,aro0921,cross_leg_left,1
522,1789976048.751015,371,747,890,873,761,685,891,999,823,0,303,555,607,620,652,569,627,413,329,377,403,294,61,0,0,51,861,1127,573,117,0,0,aro0921,cross_leg_left,1
523,1789976048.771054,355,741,873,851,733,685,913,1003,813,94,307,553,605,630,652,551,611,409,342,405,389,350,89,0,0,59,879,1109,601,119,0,0,aro0921,cross_leg_left,1
524,1789976048.791016,364,729,863,839,733,697,902,989,837,229,265,504,581,621,648,573,603,415,357,397,403,345,135,0,0,39,821,1101,617,103,0,0,aro0921,cross_leg_left,1
525,1789976048.811061,349,723,853,814,730,702,910,1021,857,314,266,502,591,612,638,567,622,399,368,415,421,345,157,45,0,60,837,1123,635,101,0,0,aro0921,cross_leg_left,1
526,1789976048.831068,315,681,821,803,725,712,921,1015,887,363,251,501,553,597,597,571,610,420,389,415,423,373,183,63,0,87,820,1098,649,118,0,0,aro0921,cross_leg_left,1
527,1789976048.851005,328,663,813,787,715,697,927,1041,931,463,237,487,584,604,623,566,611,423,393,453,411,376,182,71,0,36,815,1119,651,89,0,0,aro0921,cross_leg_left,1
528,1789976048.871058,326,661,789,767,722,712,904,1041,943,506,264,499,571,563,617,541,587,395,397,439,444,355,203,84,0,68,755,1068,647,89,0,0,aro0921,cross_leg_left,1
529,1789976048.891138,291,653,773,767,716,715,903,1029,950,538,248,521,537,571,629,549,603,383,403,457,456,365,228,72,0,74,783,1094,658,107,0,0,aro0921,cross_leg_left,1
530,1789976048.911086,295,631,767,747,693,701,909,1016,944,551,234,473,548,581,593,555,601,371,381,466,437,375,253,71,0,86,767,1084,631,111,0,0,aro0921,cross_leg_left,1
531,1789976048.931042,297,653,767,764,713,711,907,1051,964,564,235,479,559,585,615,523,603,363,397,447,459,381,251,61,0,47,781,1108,613,98,0,0,aro0921,cross_leg_left,1
532,1789976048.951027,288,633,781,747,709,704,917,1032,951,563,247,523,559,559,600,554,591,381,395,454,440,373,267,73,0,78,747,1076,627,115,0,0,aro0921,cross_leg_left,1
533,1789976048.971050,287,637,773,745,695,702,919,1023,925,559,229,501,559,579,613,537,595,373,394,453,441,376,267,74,0,47,773,1093,653,111,0,0,aro0921,cross_leg_left,1
534,1789976048.991030,283,635,792,742,701,693,921,1035,907,559,231,529,567,585,635,557,598,397,399,469,436,397,271,75,0,27,752,1079,663,95,0,0,aro0921,cross_leg_left,1
535,1789976049.011026,293,635,791,733,679,697,895,1014,875,519,210,529,599,590,639,532,604,363,391,444,441,363,243,86,0,51,773,1109,663,127,0,0,aro0921,cross_leg_left,1
536,1789976049.031044,309,671,765,757,690,715,916,1011,888,492,277,519,585,629,638,559,629,391,405,445,457,391,261,93,0,36,857,1141,681,139,0,0,aro0921,cross_leg_left,1
537,1789976049.051043,297,639,773,718,676,709,901,981,829,473,253,535,595,572,615,539,599,357,377,439,437,391,253,74,0,51,879,1136,649,137,0,0,aro0921,cross_leg_left,1
538,1789976049.071026,298,651,787,727,663,687,889,968,827,457,238,525,601,583,601,559,604,351,371,437,447,359,185,54,0,51,917,1156,653,119,0,0,aro0921,cross_leg_left,1
539,1789976049.091103,309,649,774,715,653,681,874,981,805,395,263,536,614,595,612,582,601,357,377,462,483,355,227,52,0,63,920,1172,651,118,0,0,aro0921,cross_leg_left,1
540,1789976049.111031,333,669,777,730,667,685,877,957,783,344,267,500,587,584,623,563,621,347,383,441,411,379,253,44,0,42,893,1162,660,125,0,0,aro0921,cross_leg_left,1
541,1789976049.131119,319,649,790,719,669,692,891,926,787,329,261,553,606,597,633,573,639,363,373,467,411,384,237,83,0,77,927,1135,687,100,0,0,aro0921,cross_leg_left,1
542,1789976049.151074,327,665,791,723,668,687,877,931,787,309,285,546,599,597,634,567,623,353,381,447,427,371,215,51,0,71,919,1170,677,107,0,0,aro0921,cross_leg_left,1
543,1789976049.171102,332,669,789,730,665,687,887,933,790,303,283,538,603,613,634,557,623,351,379,453,413,381,227,37,0,72,947,1151,661,95,0,0,aro0921,cross_leg_left,1
544,1789976049.191049,317,664,773,738,664,679,883,933,799,287,303,517,596,619,629,551,603,333,367,373,405,360,214,37,0,99,975,1177,695,93,0,0,aro0921,cross_leg_left,1
545,1789976049.211045,313,659,788,717,657,693,883,915,797,313,271,533,601,599,623,580,629,346,365,441,435,372,211,37,0,87,937,1141,670,117,0,0,aro0921,cross_leg_left,1
546,1789976049.231077,341,671,781,728,661,701,875,927,783,309,278,529,595,599,623,559,611,344,379,435,415,379,215,52,0,103,979,1133,697,85,0,0,aro0921,cross_leg_left,1
547,1789976049.251019,343,678,792,731,671,691,884,932,787,309,299,534,587,617,649,580,634,363,392,443,430,382,227,46,0,78,969,1148,715,121,0,0,aro0921,cross_leg_left,1
548,1789976049.271032,331,661,795,713,683,677,875,911,793,315,310,553,621,621,650,585,637,342,365,439,448,367,201,38,0,61,1003,1189,676,123,0,0,aro0921,cross_leg_left,1
549,1789976049.291072,317,679,779,729,685,687,857,909,799,311,303,522,629,583,659,547,623,337,402,453,407,357,239,73,0,77,1005,1161,694,138,0,0,aro0921,cross_leg_left,1
550,1789976049.311057,341,680,779,727,671,683,873,907,783,317,267,541,597,621,633,586,629,333,374,439,409,383,243,53,0,71,981,1147,717,89,0,0,aro0921,cross_leg_left,1
551,1789976049.331027,317,660,786,701,663,687,875,907,797,361,303,539,615,614,640,571,631,329,373,444,443,381,230,71,0,84,1003,1195,623,119,0,0,aro0921,cross_leg_left,1
552,1789976049.351046,317,649,781,716,681,695,866,905,786,351,291,555,613,623,658,573,639,347,377,469,415,389,264,74,0,89,1032,1182,684,111,0,0,aro0921,cross_leg_left,1
553,1789976049.371097,339,659,755,717,663,701,854,893,781,379,267,525,604,633,663,573,646,363,397,483,419,367,253,70,0,101,1045,1202,721,83,0,0,aro0921,cross_leg_left,1
554,1789976049.391021,311,639,763,701,653,672,849,885,794,407,279,519,611,631,665,565,615,359,403,445,431,355,261,47,0,79,1007,1161,723,109,0,0,aro0921,cross_leg_left,1
555,1789976049.410901,319,651,760,715,671,685,860,887,793,425,285,535,601,613,637,562,621,345,397,459,431,389,251,63,0,95,1043,1187,726,109,0,0,aro0921,cross_leg_left,1
556,1789976049.431136,318,660,741,729,671,679,853,895,779,423,286,540,603,597,633,571,631,327,403,465,424,359,244,63,0,101,1075,1211,713,92,0,0,aro0921,cross_leg_left,1
557,1789976049.451020,301,636,761,711,660,678,855,873,797,439,287,521,616,599,630,563,629,358,409,474,427,359,253,53,0,121,1043,1181,719,111,0,0,aro0921,cross_leg_left,1
558,1789976049.471101,301,632,741,711,676,679,838,891,781,443,277,563,539,628,659,563,633,359,425,478,433,355,249,77,0,83,1054,1171,715,123,0,0,aro0921,cross_leg_left,1
559,1789976049.491079,325,633,745,711,659,675,856,889,799,443,292,535,618,591,627,557,610,331,409,441,413,394,255,57,0,89,1085,1209,748,135,0,0,aro0921,cross_leg_left,1
560,1789976049.511016,324,649,752,693,667,691,837,867,791,457,269,555,623,598,623,574,632,351,399,462,446,360,250,57,0,75,1055,1193,746,121,0,0,aro0921,cross_leg_left,1
561,1789976049.531036,301,622,749,693,677,667,854,893,791,426,296,563,594,617,655,568,637,348,423,477,424,391,268,44,0,99,1081,1181,725,136,0,0,aro0921,cross_leg_left,1
562,1789976049.551060,307,629,752,711,652,691,853,860,798,438,281,548,595,616,621,557,613,345,402,473,421,377,261,85,0,87,1093,1239,717,93,0,0,aro0921,cross_leg_left,1
563,1789976049.571039,307,631,751,699,659,677,851,884,792,429,281,563,580,623,632,585,634,341,414,463,422,381,261,70,0,89,1059,1189,759,111,0,0,aro0921,cross_leg_left,1
564,1789976049.591047,307,652,757,712,653,691,845,857,775,423,301,547,593,635,645,587,635,345,401,463,421,393,267,63,0,140,1077,1197,735,120,0,0,aro0921,cross_leg_left,1
565,1789976049.610385,309,645,744,701,664,685,836,871,780,429,307,552,611,621,637,566,622,333,402,459,437,377,271,77,0,111,1087,1195,741,122,0,0,aro0921,cross_leg_left,1
566,1789976049.631085,315,631,742,689,659,681,827,877,765,416,325,552,611,635,661,549,629,329,379,455,431,365,283,88,0,140,1078,1175,747,123,0,0,aro0921,cross_leg_left,1
567,1789976049.651040,327,652,735,695,669,683,843,847,787,412,344,542,617,611,653,559,612,345,397,479,413,395,262,60,0,121,1113,1225,713,103,0,0,aro0921,cross_leg_left,1
568,1789976049.671070,299,633,751,695,677,697,821,861,759,407,344,555,617,632,663,557,611,319,395,471,447,371,274,79,0,101,1105,1179,729,118,0,0,aro0921,cross_leg_left,1
569,1789976049.691091,311,624,745,685,679,681,813,843,757,402,351,565,637,626,665,557,627,337,376,472,437,366,261,47,0,140,1112,1224,743,141,0,0,aro0921,cross_leg_left,1
570,1789976049.711034,317,637,725,708,663,668,825,861,759,407,360,555,597,633,659,556,627,339,414,475,431,395,279,69,0,103,1095,1190,723,123,0,0,aro0921,cross_leg_left,1
571,1789976049.731045,299,655,727,713,668,682,814,847,761,404,349,529,589,640,661,584,644,300,371,471,446,358,238,89,0,143,1117,1171,728,149,0,0,aro0921,cross_leg_left,1
572,1789976049.751076,304,637,747,691,669,663,827,841,777,397,372,569,613,613,636,553,611,316,397,443,425,399,275,57,0,135,1081,1189,744,107,0,0,aro0921,cross_leg_left,1
573,1789976049.771048,315,635,727,696,658,663,823,857,761,395,325,535,619,605,631,552,607,335,415,453,437,395,295,63,0,101,1116,1223,719,99,0,0,aro0921,cross_leg_left,1
574,1789976049.791050,303,623,727,695,660,683,806,857,748,407,357,557,619,637,655,551,611,345,415,477,457,363,264,99,0,147,1077,1184,727,119,0,0,aro0921,cross_leg_left,1
575,1789976049.811082,303,627,748,681,649,683,808,851,761,399,317,568,616,599,647,579,605,349,415,475,431,395,297,73,0,98,1097,1214,711,102,0,0,aro0921,cross_leg_left,1
576,1789976049.831098,312,644,739,709,677,693,815,841,755,393,317,539,589,593,621,589,615,345,420,484,429,393,269,103,0,143,1081,1177,748,133,0,0,aro0921,cross_leg_left,1
577,1789976049.851037,313,637,735,697,664,679,821,856,767,409,344,550,607,620,647,565,618,329,405,468,455,378,277,87,0,108,1095,1196,718,117,0,0,aro0921,cross_leg_left,1
578,1789976049.871084,314,637,739,697,669,686,837,857,783,423,351,548,615,573,647,563,617,344,413,471,427,364,284,57,0,119,1095,1199,711,124,0,0,aro0921,cross_leg_left,1
579,1789976049.891088,327,650,719,713,683,681,813,855,765,427,327,561,600,633,637,583,603,345,395,469,435,391,292,55,0,73,1080,1165,709,101,0,0,aro0921,cross_leg_left,1
580,1789976049.911059,297,634,735,696,669,669,811,875,762,443,317,581,603,629,625,586,601,309,409,462,443,389,283,75,0,114,1082,1179,744,103,0,0,aro0921,cross_leg_left,1
581,1789976049.931096,328,647,727,717,663,665,823,844,791,429,343,539,605,557,637,583,632,327,403,479,463,364,269,88,0,142,1125,1191,709,115,0,0,aro0921,cross_leg_left,1
582,1789976049.951125,319,637,734,695,670,670,837,851,782,440,339,563,623,635,649,557,619,333,401,478,423,375,261,101,0,135,1113,1195,743,139,0,0,aro0921,cross_leg_left,1
583,1789976049.971052,301,631,728,709,687,681,812,871,767,457,372,570,602,611,629,573,613,331,423,453,457,378,288,95,0,119,1125,1208,748,139,0,0,aro0921,cross_leg_left,1
584,1789976049.991032,313,633,745,685,663,679,824,847,791,446,339,549,648,616,631,579,621,346,397,477,423,359,283,75,0,142,1127,1230,733,143,0,0,aro0921,cross_leg_left,1
585,1789976050.011118,299,645,735,697,678,665,831,863,782,425,367,564,617,603,635,591,637,314,423,455,414,373,267,110,0,109,1107,1175,695,139,0,0,aro0921,cross_leg_left,1
586,1789976050.031050,293,619,740,695,681,661,825,841,779,405,366,565,600,607,633,581,625,313,395,442,428,365,266,79,0,117,1085,1187,733,117,0,0,aro0921,cross_leg_left,1
587,1789976050.051052,301,627,726,687,663,669,807,845,760,407,358,555,617,619,646,565,619,328,410,469,440,383,281,93,0,123,1113,1204,726,117,0,0,aro0921,cross_leg_left,1
588,1789976050.071090,301,635,711,683,663,677,813,821,772,395,345,553,623,621,665,583,639,317,397,466,427,423,293,107,0,121,1115,1224,711,98,0,0,aro0921,cross_leg_left,1
589,1789976050.091046,301,631,703,701,667,681,799,831,765,405,391,551,629,616,663,572,633,327,421,446,427,383,251,92,0,123,1124,1231,717,115,0,0,aro0921,cross_leg_left,1
590,1789976050.111055,312,615,731,675,680,661,791,825,745,399,364,576,607,623,629,559,617,345,405,459,459,364,275,77,0,102,1110,1195,727,93,0,0,aro0921,cross_leg_left,1
591,1789976050.131093,303,635,731,693,668,671,795,853,749,381,379,570,595,619,621,555,603,344,412,484,428,367,279,108,0,123,1093,1187,727,135,0,0,aro0921,cross_leg_left,1
592,1789976050.151042,294,636,723,685,650,659,803,838,745,375,371,559,620,621,660,571,635,339,419,466,441,378,287,91,0,122,1140,1224,743,123,0,0,aro0921,cross_leg_left,1
593,1789976050.171049,309,621,729,687,651,661,789,839,744,393,349,551,605,629,676,585,646,311,391,453,455,371,265,79,0,91,1143,1207,722,100,0,0,aro0921,cross_leg_left,1
594,1789976050.191079,291,605,722,695,651,650,789,845,760,359,361,549,628,631,626,575,639,348,425,497,456,359,256,70,0,151,1133,1223,740,87,0,0,aro0921,cross_leg_left,1
595,1789976050.211040,309,623,725,672,665,671,793,822,761,384,346,567,638,633,624,553,601,327,407,478,423,365,279,86,0,100,1144,1227,717,105,0,0,aro0921,cross_leg_left,1
596,1789976050.231039,303,616,739,677,675,663,803,840,747,379,371,574,628,631,645,569,613,341,421,475,444,367,253,77,0,116,1109,1229,739,106,0,0,aro0921,cross_leg_left,1
597,1789976050.251085,302,631,727,687,663,665,795,829,761,377,367,565,629,627,651,571,629,326,409,461,436,380,267,88,0,123,1128,1209,729,114,0,0,aro0921,cross_leg_left,1
598,1789976050.271043,301,618,726,675,665,654,787,851,761,395,371,564,636,631,668,581,631,340,405,488,457,359,249,67,0,140,1144,1206,739,115,0,0,aro0921,cross_leg_left,1
599,1789976050.291058,301,623,733,685,675,662,807,823,751,373,361,581,597,653,679,585,649,333,389,483,425,395,281,94,0,151,1135,1199,761,91,0,0,aro0921,cross_leg_left,1
600,1789976050.311047,301,617,731,686,656,667,797,841,759,383,349,536,613,614,651,593,653,314,399,455,423,367,261,104,0,133,1141,1195,731,103,0,0,aro0921,cross_leg_left,1
601,1789976050.331064,296,621,719,679,677,659,783,831,745,374,367,584,629,617,653,555,617,339,413,463,428,371,255,61,0,116,1139,1228,725,86,0,0,aro0921,cross_leg_left,1
602,1789976050.351046,307,636,739,701,659,666,782,819,735,391,360,565,607,615,639,591,637,317,377,467,424,360,264,89,0,147,1144,1214,711,105,0,0,aro0921,cross_leg_left,1
603,1789976050.370405,307,636,739,709,679,665,797,825,741,363,359,585,615,622,664,557,621,349,395,483,440,398,267,51,0,103,1125,1243,713,112,0,0,aro0921,cross_leg_left,1
604,1789976050.391120,301,633,731,703,677,667,792,813,755,376,392,586,605,623,663,589,637,345,407,473,437,361,253,55,0,149,1113,1193,709,95,0,0,aro0921,cross_leg_left,1
605,1789976050.411088,309,623,727,683,678,682,791,815,741,349,359,583,629,647,679,575,649,345,391,459,425,373,251,77,0,107,1111,1229,717,85,0,0,aro0921,cross_leg_left,1
606,1789976050.431087,312,639,744,713,664,661,783,813,732,331,377,550,603,613,640,571,617,347,397,475,441,376,279,47,0,153,1149,1213,699,95,0,0,aro0921,cross_leg_left,1
607,1789976050.451124,319,645,739,697,681,667,783,820,731,341,370,566,627,635,661,583,639,330,376,460,435,377,266,71,0,119,1127,1210,713,88,0,0,aro0921,cross_leg_left,1
608,1789976050.471123,311,639,743,715,685,672,793,819,741,325,377,565,624,621,661,583,649,344,397,455,421,381,248,81,0,119,1129,1230,701,109,0,0,aro0921,cross_leg_left,1
609,1789976050.491073,307,633,755,713,684,659,781,807,743,334,343,551,611,651,667,573,621,315,373,462,429,351,267,79,0,95,1143,1226,719,111,0,0,aro0921,cross_leg_left,1
610,1789976050.511118,317,661,733,699,681,677,787,809,732,339,371,547,648,635,647,567,629,345,365,463,425,357,255,77,0,121,1144,1241,732,94,0,0,aro0921,cross_leg_left,1
611,1789976050.531056,341,655,745,723,677,671,789,825,738,349,351,549,603,659,679,583,629,313,364,453,416,360,268,94,47,149,1125,1193,697,101,0,0,aro0921,cross_leg_left,1
612,1789976050.551068,334,650,745,719,677,671,781,823,727,345,331,543,612,619,668,569,649,349,397,473,424,359,239,78,0,107,1099,1213,740,117,0,0,aro0921,cross_leg_left,1
613,1789976050.571044,340,659,762,709,693,685,805,839,748,375,379,563,647,627,684,599,663,345,396,475,440,381,248,81,0,135,1131,1223,741,72,0,0,aro0921,cross_leg_left,1
614,1789976050.591076,325,637,763,699,696,667,787,819,725,371,363,567,635,649,675,595,664,335,367,477,436,357,246,55,0,124,1131,1209,711,74,0,0,aro0921,cross_leg_left,1
615,1789976050.611057,333,667,754,725,697,699,794,821,757,390,335,583,651,661,681,567,639,327,363,461,428,359,244,44,0,70,1094,1182,700,87,0,0,aro0921,cross_leg_left,1
616,1789976050.631048,317,661,738,733,701,675,797,815,759,395,355,558,613,640,653,573,645,347,373,483,405,352,229,53,0,142,1123,1227,699,105,0,0,aro0921,cross_leg_left,1
617,1789976050.651070,326,651,757,717,697,681,796,825,735,396,344,553,627,634,663,587,647,333,382,461,437,377,265,72,0,99,1099,1207,704,93,0,0,aro0921,cross_leg_left,1
618,1789976050.671071,335,663,759,719,698,685,789,821,739,392,343,563,607,637,663,583,637,325,367,469,423,383,255,75,0,111,1101,1189,687,75,0,0,aro0921,cross_leg_left,1
619,1789976050.691047,319,645,747,711,691,687,796,815,745,407,345,547,647,629,655,573,629,327,365,459,413,360,259,90,0,137,1110,1229,680,89,0,0,aro0921,cross_leg_left,1
620,1789976050.711101,317,664,749,728,687,689,797,824,741,395,328,589,614,647,665,591,623,343,381,476,423,375,286,59,0,103,1103,1176,703,102,0,0,aro0921,cross_leg_left,1
621,1789976050.731061,340,661,767,719,716,670,799,829,757,428,359,539,611,661,679,591,653,313,363,440,459,359,249,67,0,142,1139,1214,717,72,0,0,aro0921,cross_leg_left,1
622,1789976050.751045,331,648,767,725,694,684,803,838,745,423,325,543,610,621,655,587,653,344,397,475,453,395,275,71,0,107,1071,1183,665,101,0,0,aro0921,cross_leg_left,1
623,1789976050.771111,341,663,767,733,701,693,812,829,761,423,350,540,603,629,649,600,653,331,363,477,459,363,283,68,0,110,1105,1187,690,72,0,0,aro0921,cross_leg_left,1
624,1789976050.791041,342,647,772,719,700,695,823,855,765,448,332,563,601,620,639,600,647,315,408,447,415,366,293,83,0,121,1083,1205,697,116,0,0,aro0921,cross_leg_left,1
625,1789976050.811053,341,649,743,739,717,703,824,853,747,439,311,539,637,645,631,567,660,313,392,482,438,393,261,70,0,105,1063,1229,653,63,0,0,aro0921,cross_leg_left,1
626,1789976050.831073,319,677,774,713,693,685,807,837,767,467,349,560,605,653,643,564,661,317,408,466,422,411,273,73,0,89,1065,1214,651,121,0,0,aro0921,cross_leg_left,1
627,1789976050.851065,338,661,763,725,700,691,821,851,763,468,315,555,621,639,645,583,637,331,391,473,435,379,279,89,0,110,1071,1199,676,92,0,0,aro0921,cross_leg_left,1
628,1789976050.871081,329,659,760,727,701,695,813,855,765,479,312,555,621,636,663,583,639,327,390,471,439,373,306,108,0,116,1069,1197,663,93,0,0,aro0921,cross_leg_left,1
629,1789976050.891055,357,675,773,745,690,680,814,863,761,463,307,537,605,631,659,601,651,356,415,454,444,363,287,75,0,85,1091,1177,649,101,0,0,aro0921,cross_leg_left,1
630,1789976050.911084,349,665,751,743,695,685,813,860,766,493,331,533,649,635,635,601,665,310,391,477,453,379,302,107,0,123,1103,1224,684,109,0,0,aro0921,cross_leg_left,1
631,1789976050.931047,348,651,759,725,717,683,837,875,789,479,333,565,601,607,655,541,615,349,411,467,447,367,281,77,0,118,1095,1213,663,95,0,0,aro0921,cross_leg_left,1
632,1789976050.951178,342,667,772,740,713,703,825,869,781,505,329,543,607,627,638,597,635,313,395,455,439,391,271,85,0,101,1095,1193,669,92,0,0,aro0921,cross_leg_left,1
633,1789976050.971128,344,669,759,719,700,711,837,872,787,503,297,581,621,611,659,595,651,339,403,455,459,361,275,99,0,120,1099,1205,669,86,0,0,aro0921,cross_leg_left,1
634,1789976050.991087,345,671,757,734,696,687,837,875,783,491,309,537,637,646,677,579,653,337,389,465,425,392,297,81,0,121,1103,1221,713,71,0,0,aro0921,cross_leg_left,1
635,1789976051.011058,325,649,763,709,714,684,815,867,781,499,335,552,615,655,665,599,653,311,381,457,453,363,300,83,0,122,1123,1213,701,107,0,0,aro0921,cross_leg_left,1
636,1789976051.031096,342,666,745,719,717,703,815,845,759,483,337,570,621,615,637,564,627,348,397,489,427,375,311,103,0,137,1062,1165,693,118,0,0,aro0921,cross_leg_left,1
637,1789976051.051052,333,654,755,719,697,697,823,852,765,488,308,557,619,629,654,584,647,327,395,473,441,383,293,100,0,109,1087,1199,695,88,0,0,aro0921,cross_leg_left,1
638,1789976051.071074,329,657,751,716,697,671,825,853,774,477,315,556,623,629,653,581,644,317,406,457,427,405,304,75,0,115,1094,1207,711,73,0,0,aro0921,cross_leg_left,1
639,1789976051.091056,337,663,743,729,711,701,815,855,775,486,303,569,601,633,635,569,624,309,383,457,441,361,279,111,0,93,1078,1176,716,75,0,0,aro0921,cross_leg_left,1
640,1789976051.111093,312,653,759,717,699,683,813,845,747,469,309,569,627,653,675,595,653,345,405,460,427,399,307,85,0,133,1101,1210,703,89,0,0,aro0921,cross_leg_left,1
641,1789976051.131048,311,637,739,708,687,677,809,855,751,467,329,539,615,648,661,568,633,341,413,467,453,363,299,86,0,139,1096,1215,687,111,0,0,aro0921,cross_leg_left,1
642,1789976051.151047,315,649,749,718,711,699,816,839,775,483,333,565,623,636,659,595,653,311,381,466,459,402,315,120,0,122,1124,1199,717,105,0,0,aro0921,cross_leg_left,1
643,1789976051.171079,313,661,756,711,685,696,825,837,775,473,343,572,605,611,677,566,651,319,379,461,435,371,292,111,0,147,1123,1213,696,111,0,0,aro0921,cross_leg_left,1
644,1789976051.191066,303,635,739,703,687,696,797,841,747,466,309,559,607,614,633,571,637,303,379,491,443,365,278,117,0,103,1107,1197,741,76,0,0,aro0921,cross_leg_left,1
645,1789976051.211060,329,653,744,719,709,697,813,842,751,475,312,567,631,612,635,567,621,317,381,459,461,375,280,111,0,121,1115,1228,699,113,0,0,aro0921,cross_leg_left,1
646,1789976051.231054,299,645,749,719,701,683,809,847,767,483,303,565,599,610,649,599,651,339,423,478,467,361,287,86,0,99,1085,1193,723,108,0,0,aro0921,cross_leg_left,1
647,1789976051.251087,313,636,740,703,696,681,809,841,760,472,327,555,619,629,655,583,638,326,405,476,445,389,303,103,0,120,1111,1211,723,93,0,0,aro0921,cross_leg_left,1
648,1789976051.271064,316,647,739,714,697,691,800,851,743,460,317,555,627,645,675,582,647,342,415,503,462,403,315,123,0,99,1101,1189,701,116,0,0,aro0921,cross_leg_left,1
649,1789976051.291060,317,623,723,695,711,693,799,829,754,447,320,572,603,622,638,563,626,316,395,459,432,367,287,123,0,140,1111,1192,723,79,0,0,aro0921,cross_leg_left,1
650,1789976051.311104,327,650,738,687,697,695,793,842,745,455,293,575,633,633,653,568,648,331,413,461,459,377,292,117,0,121,1092,1227,727,107,0,0,aro0921,cross_leg_left,1
651,1789976051.331049,309,645,726,703,695,697,791,821,741,431,311,551,635,614,638,591,659,303,381,489,432,373,281,121,0,107,1083,1197,709,109,0,0,aro0921,cross_leg_left,1
652,1789976051.351042,309,647,724,709,683,699,819,831,761,461,317,543,639,632,645,567,629,307,395,459,457,405,317,115,0,105,1125,1226,702,119,0,0,aro0921,cross_leg_left,1
653,1789976051.371086,314,648,743,715,692,699,791,819,731,461,307,559,605,637,647,585,631,329,377,473,448,373,288,121,0,108,1147,1228,712,75,0,0,aro0921,cross_leg_left,1
654,1789976051.391062,303,623,743,687,700,681,788,844,738,439,325,563,622,621,639,573,627,309,410,457,467,313,313,87,0,101,1099,1199,743,99,0,0,aro0921,cross_leg_left,1
655,1789976051.411065,308,629,743,691,693,687,787,823,748,420,349,541,635,637,655,595,663,305,391,459,457,391,307,110,0,143,1141,1211,744,77,0,0,aro0921,cross_leg_left,1
656,1789976051.431095,293,633,733,713,701,697,787,818,749,425,346,539,648,658,660,586,637,345,423,463,431,373,319,111,0,148,1123,1243,693,127,0,0,aro0921,cross_leg_left,1
657,1789976051.451150,302,632,731,701,693,687,791,825,751,429,341,557,619,629,655,580,647,325,407,475,444,397,296,103,0,117,1129,1215,728,93,0,0,aro0921,cross_leg_left,1
658,1789976051.471068,297,627,729,691,689,679,779,815,734,403,334,559,633,621,655,571,639,311,391,475,437,368,295,100,0,121,1139,1215,711,75,0,0,aro0921,cross_leg_left,1
659,1789976051.491155,311,648,731,712,678,685,781,811,735,411,313,539,604,615,639,593,648,304,393,467,466,377,309,85,0,111,1095,1200,729,91,0,0,aro0921,cross_leg_left,1
660,1789976051.511153,285,629,743,713,692,675,783,809,741,399,357,560,623,636,654,589,629,342,411,457,427,373,288,83,0,137,1116,1243,713,77,0,0,aro0921,cross_leg_left,1
661,1789976051.531055,313,639,728,683,695,680,781,829,741,397,359,547,615,611,644,597,670,312,383,493,440,383,279,89,0,151,1117,1191,747,119,0,0,aro0921,cross_leg_left,1
662,1789976051.551056,295,621,739,687,698,693,777,824,733,408,350,580,628,627,651,589,646,341,413,489,466,364,288,107,0,145,1111,1207,725,85,0,0,aro0921,cross_leg_left,1
663,1789976051.571131,295,619,733,698,695,685,773,819,733,396,359,567,612,630,676,585,665,309,379,477,445,375,283,121,0,128,1143,1209,739,105,0,0,aro0921,cross_leg_left,1
664,1789976051.591050,316,637,741,696,697,663,790,831,743,402,331,583,632,607,647,601,654,348,413,493,427,373,301,95,0,105,1157,1243,735,72,0,0,aro0921,cross_leg_left,1
665,1789976051.611050,325,634,719,696,698,691,795,809,734,393,347,574,603,652,680,565,650,341,403,489,457,403,315,122,0,141,1169,1207,741,103,0,0,aro0921,cross_leg_left,1
666,1789976051.631088,301,631,740,697,685,665,789,837,751,408,308,557,614,615,645,604,666,347,429,485,455,391,280,102,0,109,1105,1189,719,57,0,0,aro0921,cross_leg_left,1
667,1789976051.651083,303,632,728,701,687,679,787,819,739,401,346,563,599,635,661,583,645,326,404,474,445,393,299,105,0,124,1115,1213,725,99,0,0,aro0921,cross_leg_left,1
668,1789976051.671063,303,621,729,699,686,681,792,821,741,403,343,558,622,632,663,593,648,333,415,477,430,375,307,119,0,119,1133,1215,746,79,0,0,aro0921,cross_leg_left,1
669,1789976051.691091,315,630,725,680,695,687,767,803,742,408,317,584,619,615,663,585,631,339,412,495,456,371,331,119,0,121,1157,1231,751,109,0,0,aro0921,cross_leg_left,1
670,1789976051.711109,297,631,721,713,694,671,781,821,747,389,327,575,637,627,671,583,661,311,413,487,447,383,307,87,30,143,1129,1191,758,73,0,0,aro0921,cross_leg_left,1
671,1789976051.731049,299,621,734,690,691,695,785,815,725,409,347,547,601,615,671,564,659,343,423,457,456,408,301,125,0,157,1145,1233,702,94,0,0,aro0921,cross_leg_left,1
672,1789976051.751095,295,622,722,687,676,681,796,813,739,399,332,560,639,651,667,597,654,337,389,486,439,391,281,118,0,104,1116,1213,747,77,0,0,aro0921,cross_leg_left,1
673,1789976051.771094,303,623,717,696,695,681,788,829,749,396,359,590,619,647,651,601,646,311,407,488,438,390,286,77,0,139,1115,1239,697,89,0,0,aro0921,cross_leg_left,1
674,1789976051.791055,313,632,716,685,681,691,779,837,731,413,327,573,602,627,668,584,649,303,409,491,453,406,303,79,0,151,1150,1190,709,103,0,0,aro0921,cross_leg_left,1
675,1789976051.811181,293,637,743,711,669,680,787,811,729,397,346,551,603,617,639,599,651,315,392,459,458,404,299,99,0,154,1161,1225,711,76,0,0,aro0921,cross_leg_left,1
676,1789976051.831103,295,643,742,695,666,667,781,831,729,401,347,553,615,619,675,585,663,307,413,472,428,367,277,153,0,141,1145,1240,713,83,0,0,aro0921,cross_leg_left,1
677,1789976051.851053,301,633,728,698,679,677,789,827,743,413,345,558,613,631,669,583,651,327,403,474,445,388,298,103,0,123,1147,1221,731,93,0,0,aro0921,cross_leg_left,1
678,1789976051.871055,297,632,729,695,679,683,793,826,756,425,337,559,620,635,663,585,649,341,407,475,429,367,325,85,0,118,1123,1222,749,109,0,0,aro0921,cross_leg_left,1
679,1789976051.891092,298,648,717,695,675,666,791,815,739,436,311,573,608,653,660,600,645,340,415,454,455,404,277,90,0,141,1144,1213,714,115,0,0,aro0921,cross_leg_left,1
680,1789976051.911123,303,623,715,685,690,667,789,843,735,427,317,567,639,648,633,568,632,331,415,485,459,381,287,87,0,134,1131,1234,765,105,0,0,aro0921,cross_leg_left,1
681,1789976051.931050,299,621,739,703,669,668,781,813,741,437,327,581,627,619,679,573,632,317,392,485,427,405,307,85,0,150,1150,1237,728,109,0,0,aro0921,cross_leg_left,1
682,1789976051.951104,300,645,717,709,670,671,807,818,751,444,327,543,606,647,671,591,665,324,403,472,439,395,293,101,0,148,1097,1195,725,115,0,0,aro0921,cross_leg_left,1
683,1789976051.971110,303,632,735,715,669,670,796,846,740,437,317,543,629,653,670,573,631,345,421,493,445,377,283,115,0,108,1147,1237,751,99,0,0,aro0921,cross_leg_left,1
684,1789976051.991066,311,650,739,692,694,694,809,823,755,443,351,553,651,653,651,598,649,347,393,481,453,409,287,123,0,153,1160,1240,740,101,0,0,aro0921,cross_leg_left,1
685,1789976052.011070,291,647,739,703,684,665,795,824,742,475,343,536,633,633,637,586,629,325,377,475,455,389,311,103,0,127,1145,1237,715,73,0,0,aro0921,cross_leg_left,1
686,1789976052.031147,296,629,726,713,695,693,793,837,762,483,351,575,635,629,660,601,605,339,423,478,458,373,309,109,0,149,1124,1228,703,99,0,0,aro0921,cross_leg_left,1
687,1789976052.051083,313,646,741,699,685,688,799,847,746,466,313,573,619,621,649,601,663,340,420,467,460,393,299,107,0,103,1139,1240,712,115,0,0,aro0921,cross_leg_left,1
688,1789976052.071185,287,650,727,693,680,695,815,829,773,461,316,539,615,613,635,599,645,345,421,461,427,392,271,98,0,100,1163,1197,725,98,0,0,aro0921,cross_leg_left,1
689,1789976052.091103,299,648,743,703,686,679,797,825,752,487,307,581,637,631,645,597,667,345,411,459,441,407,261,101,0,115,1105,1205,739,115,0,0,aro0921,cross_leg_left,1
690,1789976052.111056,315,623,733,691,679,685,811,853,747,475,311,531,605,628,646,601,629,315,423,459,461,392,273,117,0,137,1127,1222,696,74,0,0,aro0921,cross_leg_left,1
691,1789976052.131048,307,632,741,703,687,685,804,829,757,476,303,565,600,632,645,563,628,327,406,476,443,377,291,101,0,95,1157,1227,717,91,0,0,aro0921,cross_leg_left,1
692,1789976052.151091,311,633,731,700,684,685,799,841,759,478,341,563,619,635,665,587,646,328,403,473,445,379,295,99,0,124,1129,1213,717,94,0,0,aro0921,cross_leg_left,1
693,1789976052.171060,310,649,725,715,690,678,809,826,755,472,325,584,611,649,669,565,651,309,395,463,430,407,307,79,0,121,1136,1215,741,75,0,0,aro0921,cross_leg_left,1
694,1789976052.191060,319,650,723,715,671,677,813,846,775,491,340,589,636,616,651,581,635,325,410,459,445,415,317,78,0,106,1111,1216,691,83,0,0,aro0921,cross_leg_left,1
695,1789976052.211097,308,623,739,691,695,677,789,823,743,469,357,565,633,607,679,575,662,329,389,489,423,360,295,107,0,149,1145,1221,709,73,0,0,aro0921,cross_leg_left,1
696,1789976052.231121,303,635,745,717,701,675,803,829,765,487,359,585,623,627,651,603,648,279,383,501,441,372,269,83,0,119,1140,1223,692,69,0,0,aro0921,cross_leg_left,1
697,1789976052.251046,309,630,745,686,692,691,812,850,767,486,333,583,645,621,655,599,651,345,415,487,441,381,269,92,0,120,1126,1224,726,71,0,0,aro0921,cross_leg_left,1
698,1789976052.271109,327,647,721,709,680,685,803,847,745,460,351,541,623,650,680,599,663,307,411,489,419,397,279,102,0,110,1123,1235,713,85,0,0,aro0921,cross_leg_left,1
699,1789976052.291097,326,651,731,716,695,701,795,823,745,461,366,553,606,646,655,590,649,335,395,487,424,373,281,95,0,141,1135,1193,715,105,0,0,aro0921,cross_leg_left,1
700,1789976052.311059,326,649,745,712,680,677,800,839,757,482,344,547,613,646,683,597,669,330,409,457,458,393,301,87,0,104,1133,1205,717,99,0,0,aro0921,cross_leg_left,1
701,1789976052.331067,314,637,749,671,703,687,796,809,751,472,373,582,649,615,661,597,669,327,394,469,444,379,278,93,0,164,1145,1229,713,88,0,0,aro0921,cross_leg_left,1
702,1789976052.351092,314,635,739,701,691,684,794,837,755,470,348,571,629,636,665,591,648,328,399,465,441,377,281,93,0,125,1125,1208,715,88,0,0,aro0921,cross_leg_left,1
703,1789976052.371066,316,623,727,699,707,697,788,840,765,477,355,551,623,658,661,571,639,325,419,467,423,361,279,100,0,99,1122,1252,696,109,0,0,aro0921,cross_leg_left,1
704,1789976052.391073,311,624,733,698,688,675,782,821,741,467,357,549,634,628,653,590,652,315,382,457,456,356,265,73,0,151,1119,1207,699,73,0,41,aro0921,cross_leg_left,1
705,1789976052.411118,309,647,751,717,701,681,787,827,763,471,350,573,629,633,597,605,667,349,399,491,462,345,279,89,0,107,1141,1245,710,93,0,0,aro0921,cross_leg_left,1
706,1789976052.431080,335,655,719,717,711,709,781,829,749,476,363,559,651,661,687,587,665,339,421,431,425,361,246,115,0,155,1162,1247,691,98,0,0,aro0921,cross_leg_left,1
707,1789976052.451056,317,652,732,727,693,693,805,822,741,466,360,553,647,645,651,589,661,335,380,476,454,393,262,91,0,107,1111,1205,693,77,0,0,aro0921,cross_leg_left,1
708,1789976052.471108,309,652,749,701,685,683,793,815,755,458,357,575,631,623,669,583,655,335,407,475,431,363,296,105,0,119,1135,1192,717,108,0,0,aro0921,cross_leg_left,1
709,1789976052.491068,307,631,747,695,709,675,785,823,757,473,357,573,633,619,659,596,645,307,377,453,445,351,271,71,0,107,1149,1207,723,107,0,0,aro0921,cross_leg_left,1
710,1789976052.511078,339,629,733,695,681,682,787,846,747,453,351,541,651,617,650,611,654,307,404,453,435,395,279,93,0,147,1157,1237,725,86,0,0,aro0921,cross_leg_left,1
711,1789976052.531117,333,649,776,711,711,685,793,839,749,461,361,581,649,661,667,573,645,303,377,468,439,389,277,93,0,138,1124,1209,701,87,0,0,aro0921,cross_leg_left,1
712,1789976052.551144,325,648,749,711,695,683,795,828,747,459,355,554,633,621,665,588,661,329,399,469,436,379,275,91,0,135,1131,1223,711,87,0,0,aro0921,cross_leg_left,1
713,1789976052.571112,325,648,745,724,691,698,805,823,759,461,345,563,645,629,653,588,629,329,381,469,419,377,281,109,0,135,1119,1229,728,67,0,0,aro0921,cross_leg_left,1
714,1789976052.591110,312,632,745,697,683,699,807,820,739,461,328,582,628,627,683,573,659,345,383,455,452,393,255,115,0,105,1159,1208,715,87,0,0,aro0921,cross_leg_left,1
715,1789976052.611070,332,647,729,711,693,685,791,819,751,466,375,553,637,636,650,603,661,313,383,467,446,396,295,85,0,107,1111,1213,701,91,0,0,aro0921,cross_leg_left,1
716,1789976052.631072,334,660,735,709,693,677,803,843,761,470,349,542,637,635,653,594,631,313,408,469,465,405,287,94,0,151,1113,1243,728,86,0,0,aro0921,cross_leg_left,1
717,1789976052.651132,327,652,749,703,700,695,793,836,733,445,353,585,621,650,665,590,647,339,395,455,437,397,275,111,0,106,1149,1236,725,67,0,0,aro0921,cross_leg_left,1
718,1789976052.671063,334,659,733,723,683,676,787,825,745,466,357,539,617,662,682,595,665,328,395,504,441,381,295,85,0,141,1147,1227,718,81,0,0,aro0921,cross_leg_left,1
719,1789976052.691088,329,659,733,698,697,677,811,827,739,456,379,549,627,659,684,575,623,307,378,483,457,407,309,105,0,103,1113,1189,687,59,0,0,aro0921,cross_leg_left,1
720,1789976052.711126,319,651,752,724,712,691,806,843,758,461,377,587,617,651,672,605,653,329,425,439,460,384,285,115,0,119,1145,1237,723,59,0,0,aro0921,cross_leg_left,1
721,1789976052.731147,307,647,743,723,703,696,807,821,746,457,379,547,629,645,687,568,649,310,379,469,439,383,283,94,0,156,1139,1224,703,87,0,0,aro0921,cross_leg_left,1
722,1789976052.751096,319,649,742,711,691,681,792,829,742,457,356,567,631,637,667,587,651,329,399,469,439,379,278,91,0,127,1131,1215,716,89,0,0,aro0921,cross_leg_left,1
723,1789976052.771083,318,632,747,691,696,671,803,843,751,459,357,570,617,661,669,605,668,335,415,487,485,381,288,100,0,125,1123,1195,693,81,0,0,aro0921,cross_leg_left,1
724,1789976052.790866,335,648,725,695,687,667,781,824,726,458,374,553,613,629,691,607,651,328,379,460,435,365,294,100,0,111,1145,1195,699,77,0,0,aro0921,cross_leg_left,1
725,1789976052.811094,333,635,733,697,697,677,786,843,740,467,345,584,653,627,665,607,664,345,419,473,455,373,295,77,0,75,1151,1227,708,87,0,0,aro0921,cross_leg_left,1
726,1789976052.831096,334,639,733,695,687,678,791,849,747,463,367,555,639,639,668,569,644,348,420,467,419,371,265,87,0,151,1147,1244,677,107,0,0,aro0921,cross_leg_left,1
727,1789976052.851116,315,629,741,697,680,693,789,829,743,461,352,553,648,661,684,563,647,311,391,463,455,377,295,112,0,108,1124,1225,709,94,0,0,aro0921,cross_leg_left,1
728,1789976052.871126,309,633,703,729,694,680,795,819,739,458,339,583,645,659,651,596,669,327,381,483,426,373,275,90,0,117,1109,1229,725,107,0,0,aro0921,cross_leg_left,1
729,1789976052.891080,308,645,727,715,684,679,809,830,746,463,331,548,614,659,677,587,645,331,399,445,425,397,302,83,0,115,1145,1204,709,57,0,0,aro0921,cross_leg_left,1
730,1789976052.911103,319,654,747,723,682,667,799,845,759,469,342,567,649,635,653,573,633,349,413,479,456,375,291,85,0,125,1157,1245,719,99,0,0,aro0921,cross_leg_left,1
731,1789976052.931125,326,633,751,709,703,682,783,830,739,462,307,588,633,661,681,590,675,342,413,453,419,365,280,69,0,155,1093,1239,702,89,0,0,aro0921,cross_leg_left,1
732,1789976052.951122,317,647,741,711,695,677,792,829,749,461,355,568,630,647,668,591,657,329,403,469,434,380,279,89,0,133,1133,1213,709,87,0,0,aro0921,cross_leg_left,1
733,1789976052.971094,331,647,741,714,695,679,803,845,760,441,351,567,610,639,671,589,659,327,415,447,456,403,294,85,0,125,1108,1251,685,93,0,0,aro0921,cross_leg_left,1
734,1789976052.991132,315,645,755,715,697,665,792,819,734,443,346,567,639,639,653,586,647,315,390,469,421,357,253,85,0,137,1147,1235,741,105,0,0,aro0921,cross_leg_left,1
735,1789976053.011094,308,630,728,695,684,695,791,853,735,455,341,551,649,665,669,569,649,312,411,455,442,365,247,102,0,115,1146,1240,711,99,0,0,aro0921,cross_leg_left,1
736,1789976053.031202,307,651,731,723,696,676,787,814,740,453,377,559,623,646,654,584,653,333,393,489,456,379,295,93,0,149,1113,1196,723,103,0,0,aro0921,cross_leg_left,1
737,1789976053.051146,331,649,749,701,686,687,803,825,759,469,341,584,611,651,677,594,671,333,411,485,453,382,285,115,0,111,1129,1196,725,100,0,0,aro0921,cross_leg_left,1
738,1789976053.071136,331,649,730,723,709,677,785,845,749,470,373,581,619,653,686,585,663,331,414,482,435,363,277,115,0,155,1111,1203,695,85,0,0,aro0921,cross_leg_left,1
739,1789976053.091112,331,659,731,726,691,664,780,821,731,443,353,565,628,662,679,584,661,323,380,453,425,365,293,83,0,151,1140,1243,693,89,0,0,aro0921,cross_leg_left,1
740,1789976053.111187,303,649,739,719,685,664,792,824,745,475,377,552,647,653,661,585,639,315,393,486,415,395,283,71,0,94,1113,1214,685,99,0,0,aro0921,cross_leg_left,1
741,1789976053.130819,329,632,751,699,709,681,797,847,759,447,374,549,634,663,677,587,614,309,407,454,424,377,267,77,0,107,1160,1229,715,59,0,0,aro0921,cross_leg_left,1
742,1789976053.151118,319,646,741,713,696,679,794,829,750,460,357,567,630,644,670,595,655,329,403,471,439,379,277,94,0,123,1126,1224,701,85,0,0,aro0921,cross_leg_left,1
743,1789976053.171140,315,654,740,721,692,689,787,827,755,469,333,566,617,649,671,593,653,319,395,455,421,383,292,115,0,127,1129,1214,711,103,0,0,aro0921,cross_leg_left,1
744,1789976053.191095,311,647,739,727,685,685,786,819,755,469,339,551,644,659,689,579,659,307,381,455,453,371,261,79,0,141,1143,1225,687,90,0,0,aro0921,cross_leg_left,1
745,1789976053.211101,317,632,735,711,697,669,809,843,761,471,371,579,617,653,663,583,637,343,409,489,452,403,293,107,0,147,1144,1209,723,87,0,0,aro0921,cross_leg_left,1
746,1789976053.231161,309,645,725,711,701,669,807,840,759,455,330,565,603,651,693,591,632,345,414,489,435,391,255,0,0,127,1127,1238,681,85,0,0,aro0921,cross_leg_left,1
747,1789976053.251133,325,649,745,713,703,679,803,823,758,475,381,569,645,650,679,602,679,317,404,467,457,379,291,115,0,125,1131,1227,699,106,0,0,aro0921,cross_leg_left,1
748,1789976053.271083,311,631,746,699,693,679,787,823,747,455,347,589,645,662,665,597,652,313,393,444,421,373,255,77,0,108,1149,1237,717,69,0,0,aro0921,cross_leg_left,1
749,1789976053.291086,335,639,743,699,701,679,811,849,767,476,349,575,619,649,661,579,634,347,421,491,455,401,297,117,0,123,1130,1208,709,67,0,0,aro0921,cross_leg_left,1
750,1789976053.311129,333,655,728,721,687,689,793,827,741,469,343,567,627,615,615,607,659,341,421,467,454,407,293,103,0,151,1094,1193,713,87,0,0,aro0921,cross_leg_left,1
751,1789976053.331206,333,659,751,725,687,667,819,850,751,469,363,555,627,655,681,597,670,327,421,476,440,381,277,79,0,51,1099,1203,701,85,0,0,aro0921,cross_leg_left,1
752,1789976053.351078,318,645,741,713,695,680,805,837,755,469,356,567,633,639,669,591,657,329,407,471,447,393,277,99,0,126,1121,1209,701,75,0,0,aro0921,cross_leg_left,1
753,1789976053.371171,311,635,749,723,709,691,810,819,764,463,373,589,649,637,685,606,662,313,395,472,426,399,275,90,0,131,1103,1224,697,69,0,0,aro0921,cross_leg_left,1
754,1789976053.391077,332,651,752,697,685,683,797,851,739,462,356,562,619,639,679,572,664,342,415,457,427,395,287,107,0,151,1139,1199,681,71,0,0,aro0921,cross_leg_left,1
755,1789976053.411089,331,611,739,723,682,683,809,839,746,463,343,568,615,616,669,601,671,349,423,493,431,383,287,115,0,123,1125,1195,686,103,0,0,aro0921,cross_leg_left,1
756,1789976053.431124,307,657,742,709,703,681,807,820,763,467,357,549,639,632,659,574,662,339,415,485,429,361,275,98,0,101,1107,1196,716,90,0,0,aro0921,cross_leg_left,1
757,1789976053.451096,328,647,747,723,695,672,809,844,765,485,363,583,611,630,667,607,669,340,425,479,447,389,271,101,0,152,1129,1212,723,69,0,0,aro0921,cross_leg_left,1
758,1789976053.471109,330,650,749,722,687,677,799,828,747,473,325,568,636,635,670,573,645,319,393,461,431,402,293,83,0,133,1125,1236,699,105,0,0,aro0921,cross_leg_left,1
759,1789976053.491125,319,653,729,713,691,671,782,839,755,487,331,556,649,628,667,586,660,319,409,485,427,397,260,104,0,108,1106,1210,721,71,0,0,aro0921,cross_leg_left,1
760,1789976053.511121,311,623,733,693,694,669,788,843,741,479,338,554,638,631,665,575,649,311,392,463,431,363,277,85,0,103,1101,1206,723,98,0,0,aro0921,cross_leg_left,1
761,1789976053.531100,334,657,723,723,687,691,815,853,761,477,329,541,629,629,677,582,648,347,422,492,439,382,263,119,0,137,1097,1198,699,86,0,0,aro0921,cross_leg_left,1
762,1789976053.551211,315,639,739,711,693,683,805,843,756,487,342,564,623,637,667,588,651,330,409,476,437,378,281,95,0,126,1127,1209,697,83,0,0,aro0921,cross_leg_left,1
763,1789976053.570471,328,645,739,698,693,694,805,830,767,483,344,563,638,637,671,601,659,313,398,467,429,381,295,113,0,122,1144,1235,687,75,0,0,aro0921,cross_leg_left,1
764,1789976053.591145,328,633,747,696,691,679,787,853,749,481,318,563,617,620,649,604,637,309,411,481,419,407,295,117,0,107,1119,1199,664,110,0,0,aro0921,cross_leg_left,1
765,1789976053.611095,329,655,755,724,686,681,797,836,744,482,355,570,620,665,683,596,670,348,421,487,419,363,270,124,0,138,1102,1197,681,79,0,0,aro0921,cross_leg_left,1
766,1789976053.631125,309,647,726,712,681,691,811,823,773,483,327,542,607,631,699,569,663,344,403,493,421,367,264,107,0,93,1127,1188,731,83,0,0,aro0921,cross_leg_left,1
767,1789976053.651092,327,637,747,699,699,687,812,852,763,489,326,575,631,653,659,597,637,337,423,465,435,395,265,109,0,125,1133,1191,694,99,0,0,aro0921,cross_leg_left,1
768,1789976053.671080,325,653,747,722,683,681,823,842,767,507,315,564,645,633,663,614,659,345,421,476,429,398,295,71,0,101,1107,1211,681,93,0,0,aro0921,cross_leg_left,1
769,1789976053.691132,331,631,751,717,697,691,813,851,755,477,357,547,631,655,663,593,633,324,395,488,456,359,287,77,0,122,1107,1239,709,48,0,0,aro0921,cross_leg_left,1
770,1789976053.711089,311,634,731,691,687,681,813,857,773,487,333,557,623,623,671,600,661,339,425,477,423,400,287,118,0,109,1135,1235,682,97,0,0,aro0921,cross_leg_left,1
771,1789976053.731084,318,652,746,713,686,671,823,837,763,489,327,549,612,646,682,597,671,334,419,459,457,405,265,93,0,89,1113,1209,695,101,0,0,aro0921,cross_leg_left,1
772,1789976053.751083,316,639,741,711,695,683,805,831,757,501,340,559,629,639,675,589,657,327,408,472,429,379,279,104,0,124,1119,1213,693,85,0,0,aro0921,cross_leg_left,1
773,1789976053.771124,310,637,743,723,694,701,795,842,747,489,344,567,630,637,667,589,651,309,395,459,427,377,296,84,0,137,1148,1227,671,71,0,0,aro0921,cross_leg_left,1
774,1789976053.791104,315,644,741,719,696,684,805,840,756,490,345,565,629,645,665,590,653,328,408,469,428,381,277,99,0,125,1125,1213,692,81,0,0,aro0921,cross_leg_left,1
775,1789976053.811190,306,637,739,697,695,675,795,837,745,499,339,567,631,635,655,599,647,313,391,455,462,405,309,99,0,127,1123,1237,667,103,0,0,aro0921,cross_leg_left,1
776,1789976053.831223,313,635,743,723,687,687,795,825,760,503,329,552,629,653,664,568,637,313,396,477,453,363,271,95,0,157,1113,1195,697,106,0,0,aro0921,cross_leg_left,1
777,1789976053.851164,319,651,729,703,691,685,789,845,745,479,339,575,639,633,651,574,637,343,421,491,429,389,283,111,0,107,1133,1234,671,99,0,0,aro0921,cross_leg_left,1
778,1789976053.871100,309,633,748,697,699,681,803,838,763,486,355,549,627,654,686,607,667,343,415,487,425,397,295,106,0,125,1099,1198,699,60,0,0,aro0921,cross_leg_left,1
779,1789976053.891156,309,651,728,723,681,675,815,829,775,486,359,581,651,615,653,552,631,349,402,483,437,407,275,75,0,149,1113,1203,671,52,0,0,aro0921,cross_leg_left,1
780,1789976053.911107,330,650,735,716,711,691,792,843,747,476,358,571,615,663,685,573,664,339,422,489,439,368,279,123,0,117,1147,1225,679,98,0,0,aro0921,cross_leg_left,1
781,1789976053.931134,308,630,731,699,697,691,803,825,749,494,359,533,631,621,665,585,664,309,405,455,413,397,295,89,0,91,1111,1189,685,101,0,0,aro0921,cross_leg_left,1
782,1789976053.951139,313,633,748,723,685,685,813,846,751,476,365,551,639,635,655,581,639,319,408,485,444,395,285,112,0,120,1128,1210,693,93,0,0,aro0921,cross_leg_left,1
783,1789976053.971119,313,659,733,699,685,667,809,858,766,489,349,582,639,633,680,569,661,343,426,491,431,376,263,109,0,149,1148,1211,687,81,0,0,aro0921,cross_leg_left,1
784,1789976053.991107,320,647,743,715,695,682,803,837,756,489,354,570,631,637,667,589,652,331,409,469,439,373,277,106,0,125,1133,1212,679,89,0,0,aro0921,cross_leg_left,1
785,1789976054.011179,329,634,740,699,695,701,811,827,744,491,347,565,627,645,669,589,660,317,402,459,425,410,303,119,0,120,1124,1223,694,61,0,0,aro0921,cross_leg_left,1
786,1789976054.031134,327,627,750,728,695,691,797,821,745,475,327,555,622,666,685,575,658,326,393,459,439,367,277,108,0,125,1143,1227,665,69,0,0,aro0921,cross_leg_left,1
787,1789976054.051098,317,636,740,711,704,693,795,828,747,485,356,581,639,653,669,581,649,313,408,463,456,360,269,95,0,133,1145,1214,678,94,0,0,aro0921,cross_leg_left,1
788,1789976054.071108,327,659,735,723,692,691,791,850,741,471,331,575,637,621,659,569,633,363,423,471,421,392,275,119,0,105,1109,1209,671,89,0,0,aro0921,cross_leg_left,1
789,1789976054.091148,309,630,754,698,685,693,783,823,733,475,353,570,650,621,653,571,639,310,395,483,425,357,253,117,0,104,1123,1213,669,108,0,0,aro0921,cross_leg_left,1
790,1789976054.111109,329,648,748,703,684,687,789,851,744,467,331,555,647,649,671,598,663,317,421,457,422,362,263,87,0,117,1108,1211,695,75,0,0,aro0921,cross_leg_left,1
791,1789976054.131091,331,645,727,699,685,678,789,847,743,474,344,563,632,631,664,571,644,345,421,476,429,381,298,79,0,99,1139,1239,683,86,0,0,aro0921,cross_leg_left,1
792,1789976054.151138,333,647,751,700,713,685,791,840,759,487,359,585,619,621,659,574,637,329,423,475,443,377,281,97,0,143,1106,1202,677,99,0,0,aro0921,cross_leg_left,1
793,1789976054.171121,331,660,727,727,713,681,813,844,751,495,377,567,621,668,681,573,645,313,413,458,455,396,269,104,0,157,1111,1203,691,101,0,0,aro0921,cross_leg_left,1
794,1789976054.191084,334,661,748,725,695,677,791,853,741,478,332,567,612,635,655,601,664,341,425,461,454,393,269,103,0,105,1123,1190,712,102,0,0,aro0921,cross_leg_left,1
795,1789976054.211137,314,635,744,717,696,675,814,823,762,487,365,541,639,653,665,602,659,312,397,472,431,399,268,94,0,142,1141,1229,710,69,0,0,aro0921,cross_leg_left,1
796,1789976054.231121,313,636,755,709,691,678,795,830,765,490,375,563,651,647,691,567,651,333,427,475,423,373,251,77,0,137,1141,1240,696,86,0,0,aro0921,cross_leg_left,1
797,1789976054.251070,311,631,735,713,699,696,808,825,773,492,363,568,649,622,659,591,639,325,413,486,443,374,267,101,0,106,1131,1227,699,99,0,0,aro0921,cross_leg_left,1
798,1789976054.271103,315,633,727,713,652,685,803,837,756,489,351,543,611,659,647,579,633,328,407,471,440,373,277,100,0,142,1117,1195,681,79,0,0,aro0921,cross_leg_left,1
799,1789976054.291129,319,636,747,713,699,684,796,838,759,485,341,565,631,630,671,593,657,329,405,473,438,379,277,95,0,137,1127,1211,683,85,0,0,aro0921,cross_leg_left,1
800,1789976054.311091,331,649,733,696,700,693,813,845,765,495,331,587,633,623,658,569,651,333,423,487,442,395,295,117,0,115,1112,1205,661,59,0,0,aro0921,cross_leg_left,1
801,1789976054.331092,311,649,756,723,701,685,793,813,757,495,377,595,639,664,669,574,653,315,392,487,431,377,295,111,0,159,1103,1207,701,110,0,0,aro0921,cross_leg_left,1
802,1789976054.351151,311,635,754,695,695,692,792,826,743,493,329,587,649,623,661,581,645,331,413,487,453,366,293,84,0,109,1117,1236,683,68,0,0,aro0921,cross_leg_left,1
803,1789976054.371104,337,659,731,723,685,677,811,841,764,501,335,565,633,633,657,573,654,343,424,477,459,399,297,83,0,136,1150,1238,683,98,0,0,aro0921,cross_leg_left,1
804,1789976054.391089,332,653,741,723,696,676,792,850,747,499,351,567,621,639,680,599,645,341,423,479,459,363,277,91,0,107,1145,1213,658,84,0,0,aro0921,cross_leg_left,1
805,1789976054.411146,317,658,743,709,712,695,795,823,761,477,349,585,640,623,676,588,669,344,407,460,435,403,303,107,0,137,1109,1207,677,61,0,0,aro0921,cross_leg_left,1
806,1789976054.431105,329,628,756,698,695,693,791,823,751,483,365,555,633,637,666,604,671,349,393,473,459,355,253,89,0,154,1105,1231,655,103,0,0,aro0921,cross_leg_left,1
807,1789976054.451085,317,633,739,709,711,685,814,843,775,501,351,559,631,652,681,584,653,312,404,475,457,397,294,119,0,115,1133,1235,661,98,0,0,aro0921,cross_leg_left,1
808,1789976054.471145,317,633,733,725,711,683,808,839,758,489,325,557,635,633,664,585,677,345,424,471,437,379,279,95,0,139,1115,1193,677,79,0,0,aro0921,cross_leg_left,1
809,1789976054.491082,329,645,741,711,697,685,805,841,759,491,341,570,619,639,687,589,647,331,411,473,437,378,281,91,0,126,1139,1212,680,77,0,0,aro0921,cross_leg_left,1
810,1789976054.511078,337,649,731,701,699,676,820,841,755,491,325,583,653,669,685,581,669,327,413,463,432,421,303,83,0,99,1106,1161,668,82,0,0,aro0921,cross_leg_left,1
811,1789976054.531119,311,623,743,703,685,679,791,839,739,477,359,552,627,662,684,605,662,347,427,488,424,377,255,85,0,147,1129,1195,701,61,0,0,aro0921,cross_leg_left,1
812,1789976054.551143,332,638,744,703,693,695,819,851,755,478,333,558,639,629,668,605,670,311,419,457,427,376,265,104,0,147,1143,1235,697,88,0,0,aro0921,cross_leg_left,1
813,1789976054.571090,311,649,745,723,689,694,783,846,747,479,348,553,620,668,683,599,669,335,403,493,430,381,261,107,0,123,1143,1205,665,77,0,0,aro0921,cross_leg_left,1
814,1789976054.590688,330,659,747,724,691,697,797,838,743,491,325,555,647,661,680,597,649,343,399,487,443,381,261,111,0,106,1129,1237,665,114,0,0,aro0921,cross_leg_left,1
815,1789976054.611153,330,658,733,701,711,685,797,827,744,474,351,557,636,661,681,599,636,331,407,471,421,373,271,119,0,152,1117,1222,658,49,0,0,aro0921,cross_leg_left,1
816,1789976054.631104,331,627,733,699,699,694,805,853,768,503,361,557,615,664,678,579,671,347,420,487,463,403,294,115,0,154,1081,1199,659,93,0,0,aro0921,cross_leg_left,1
817,1789976054.651108,308,631,732,701,701,681,793,849,745,493,327,551,629,623,654,565,649,343,418,479,455,379,295,103,0,120,1143,1223,693,58,0,0,aro0921,cross_leg_left,1
818,1789976054.671125,317,648,733,715,701,685,805,839,757,488,366,569,633,665,661,601,637,328,411,473,439,381,279,95,0,155,1105,1207,672,83,0,0,aro0921,cross_leg_left,1
819,1789976054.691091,319,647,744,713,691,687,805,842,760,491,345,570,627,631,670,589,655,327,407,472,439,383,280,95,0,139,1124,1211,693,55,0,0,aro0921,cross_leg_left,1
820,1789976054.711093,342,652,755,703,701,675,809,854,754,479,333,585,637,661,683,605,668,338,405,461,423,351,269,83,0,104,1165,1203,697,63,0,0,aro0921,cross_leg_left,1
821,1789976054.731092,309,647,739,727,709,687,819,831,762,502,360,551,613,632,653,571,634,327,419,475,460,402,299,85,0,107,1115,1191,681,77,0,0,aro0921,cross_leg_left,1
822,1789976054.751127,325,644,742,709,687,685,796,825,745,483,333,568,639,623,661,603,662,311,403,457,421,380,265,91,0,114,1138,1221,692,97,0,0,aro0921,cross_leg_left,1
823,1789976054.771085,309,635,751,729,713,671,805,825,755,487,367,585,611,623,651,584,633,311,396,467,425,374,262,87,0,119,1111,1197,675,75,0,0,aro0921,cross_leg_left,1
824,1789976054.791054,331,661,733,711,712,671,812,853,761,489,348,588,623,663,684,585,659,345,429,481,439,367,291,85,0,136,1135,1202,678,102,0,0,aro0921,cross_leg_left,1
825,1789976054.811172,317,631,729,700,711,686,789,844,763,483,363,551,647,639,685,597,628,311,423,460,473,393,286,105,0,114,1107,1231,695,58,0,0,aro0921,cross_leg_left,1
826,1789976054.831100,317,655,750,712,697,678,795,851,745,487,370,559,611,651,681,600,663,311,411,455,463,361,273,93,0,151,1149,1212,696,70,0,0,aro0921,cross_leg_left,1
827,1789976054.851112,318,635,749,701,683,695,811,840,773,501,333,560,645,623,665,587,644,319,406,471,447,366,281,112,0,141,1129,1240,678,60,0,0,aro0921,cross_leg_left,1
828,1789976054.871130,319,646,759,711,693,686,803,837,757,491,326,573,616,661,653,601,635,325,407,470,432,391,280,100,0,143,1103,1197,672,83,0,0,aro0921,cross_leg_left,1
829,1789976054.891136,319,647,743,714,697,684,803,837,757,489,343,566,627,639,669,589,653,325,406,472,439,393,278,99,0,127,1117,1213,677,77,0,0,aro0921,cross_leg_left,1
830,1789976054.911105,331,647,749,714,697,669,805,841,739,483,345,568,629,644,671,589,659,318,414,472,458,393,292,95,0,132,1115,1213,658,59,0,0,aro0921,cross_leg_left,1
831,1789976054.931111,320,648,744,715,698,683,803,839,756,497,345,567,621,647,672,583,658,327,408,473,439,382,275,99,0,121,1123,1211,677,85,0,0,aro0921,cross_leg_left,1
832,1789976054.951119,327,655,742,719,699,669,809,849,767,491,347,566,639,635,668,587,654,338,419,487,439,395,271,91,0,136,1105,1215,661,67,0,0,aro0921,cross_leg_left,1
833,1789976054.971091,333,646,743,713,695,691,807,827,765,494,355,590,657,653,675,567,650,325,421,483,459,379,290,116,0,111,1127,1226,691,55,0,0,aro0921,cross_leg_left,1
834,1789976054.991087,307,632,749,715,716,669,814,847,763,490,362,585,628,637,687,614,661,343,423,495,457,379,253,99,0,135,1125,1235,645,101,0,0,aro0921,cross_leg_left,1
835,1789976055.011138,329,633,745,713,687,671,809,847,775,471,365,571,647,665,653,595,665,313,396,484,445,405,281,87,0,143,1103,1239,655,73,0,0,aro0921,cross_leg_left,1
836,1789976055.031089,325,659,733,703,715,696,809,855,767,495,363,573,629,659,682,603,671,307,405,457,421,405,298,105,0,148,1147,1211,657,105,0,0,aro0921,cross_leg_left,1
837,1789976055.051078,313,653,743,725,691,676,798,827,761,495,351,555,615,649,687,590,668,335,391,483,443,367,277,84,0,151,1117,1211,690,69,0,0,aro0921,cross_leg_left,1
838,1789976055.071134,329,632,729,722,713,684,807,852,743,491,355,565,627,663,684,611,670,325,405,457,453,401,276,107,0,145,1087,1211,691,73,0,0,aro0921,cross_leg_left,1
839,1789976055.091089,327,653,743,723,713,669,799,828,739,481,360,585,651,627,653,573,637,311,395,461,455,405,297,99,0,142,1138,1237,687,74,0,0,aro0921,cross_leg_left,1
840,1789976055.111158,315,633,754,701,709,685,812,849,759,493,351,563,631,629,662,595,635,319,419,457,443,403,247,117,0,147,1111,1192,687,61,0,0,aro0921,cross_leg_left,1
841,1789976055.131161,319,646,742,721,695,683,806,837,758,491,343,569,629,645,670,589,652,325,403,469,437,379,279,93,0,127,1123,1213,650,79,0,0,aro0921,cross_leg_left,1
842,1789976055.151130,311,645,741,715,697,687,812,831,757,489,343,565,629,647,669,595,655,326,395,488,425,397,288,105,0,135,1124,1211,675,97,0,0,aro0921,cross_leg_left,1
843,1789976055.171137,333,654,756,723,694,683,805,837,747,488,361,539,607,653,681,602,627,309,389,456,436,375,268,107,0,148,1103,1189,678,101,0,0,aro0921,cross_leg_left,1
844,1789976055.191108,311,653,733,719,702,669,810,843,773,487,361,588,607,668,667,581,645,317,383,487,421,363,252,89,0,151,1131,1196,681,61,0,0,aro0921,cross_leg_left,1
845,1789976055.211165,304,633,741,699,700,693,793,825,749,481,349,559,632,631,653,610,653,335,415,488,447,405,285,114,0,136,1113,1183,665,95,0,0,aro0921,cross_leg_left,1
846,1789976055.231114,309,633,751,701,711,691,813,845,775,501,343,575,640,628,658,605,653,327,415,477,455,398,279,105,0,109,1135,1223,653,92,0,0,aro0921,cross_leg_left,1
847,1789976055.251129,333,645,732,699,711,681,798,838,773,495,349,575,632,653,685,573,659,334,419,461,437,371,269,103,0,108,1105,1195,684,61,0,0,aro0921,cross_leg_left,1
848,1789976055.271140,313,664,755,711,709,677,797,824,765,499,311,581,623,637,664,584,653,312,397,463,455,367,265,85,0,116,1132,1213,693,95,0,0,aro0921,cross_leg_left,1
849,1789976055.291101,338,658,739,703,716,693,800,827,741,483,359,570,629,663,691,607,675,311,389,476,457,367,255,115,0,153,1112,1191,654,107,0,0,aro0921,cross_leg_left,1
850,1789976055.311114,325,649,731,711,713,681,807,831,759,489,349,549,649,631,668,584,634,331,411,471,440,390,291,111,0,159,1117,1227,639,81,0,0,aro0921,cross_leg_left,1
851,1789976055.331135,318,643,741,711,697,682,799,839,758,491,341,567,629,637,671,591,657,315,406,475,437,379,279,103,0,134,1128,1221,669,86,0,0,aro0921,cross_leg_left,1
852,1789976055.351168,317,651,730,727,698,676,811,837,755,477,343,559,639,661,696,597,653,308,405,459,439,395,277,88,0,127,1145,1223,676,63,0,0,aro0921,cross_leg_left,1
853,1789976055.371113,331,649,739,702,717,679,803,828,746,473,361,563,637,630,653,581,633,317,383,484,427,397,295,107,0,125,1133,1239,684,106,0,0,aro0921,cross_leg_left,1
854,1789976055.391116,319,651,746,703,723,669,787,824,755,479,331,567,639,621,659,615,653,312,383,453,457,396,297,81,0,107,1143,1242,671,108,0,0,aro0921,cross_leg_left,1
855,1789976055.411141,315,629,743,711,717,675,793,819,751,475,363,583,644,645,664,605,667,308,405,466,423,367,255,95,0,136,1148,1237,668,62,0,0,aro0921,cross_leg_left,1
856,1789976055.431115,338,651,733,697,714,675,789,821,743,488,341,586,623,670,693,571,649,333,391,484,457,393,299,69,0,99,1119,1191,653,55,0,0,aro0921,cross_leg_left,1
857,1789976055.451131,313,654,743,715,701,695,809,840,754,488,325,585,648,652,687,575,649,309,415,459,460,399,275,114,0,123,1113,1253,681,57,0,0,aro0921,cross_leg_left,1
858,1789976055.471150,315,663,751,728,695,687,808,851,760,490,316,566,603,634,651,575,647,303,403,468,429,389,283,108,0,111,1159,1213,681,61,0,0,aro0921,cross_leg_left,1
859,1789976055.491112,309,631,734,723,695,697,809,831,765,488,329,553,617,639,654,575,637,327,393,477,466,379,261,107,0,109,1109,1227,653,79,0,0,aro0921,cross_leg_left,1
860,1789976055.511107,333,655,745,727,721,680,793,842,744,477,355,555,615,623,655,595,647,334,420,477,439,371,279,91,0,117,1113,1203,661,76,0,0,aro0921,cross_leg_left,1
861,1789976055.531144,319,645,742,714,701,685,800,840,756,482,340,559,627,648,672,594,661,329,405,471,435,389,273,100,0,125,1123,1213,675,87,0,0,aro0921,cross_leg_left,1
862,1789976055.551143,317,631,743,700,709,692,807,839,765,495,347,563,648,629,669,587,655,337,407,455,445,396,285,115,0,135,1123,1241,714,83,0,0,aro0921,cross_leg_left,1
863,1789976055.571107,334,655,731,709,715,683,791,847,743,475,334,571,639,631,659,561,635,329,420,473,421,365,263,91,0,123,1139,1221,667,69,0,0,aro0921,cross_leg_left,1
864,1789976055.591117,328,650,739,725,693,668,809,825,760,488,339,555,613,645,664,588,639,327,411,491,422,377,251,104,0,132,1149,1225,657,94,0,0,aro0921,cross_leg_left,1
865,1789976055.611175,329,633,735,727,715,693,791,851,739,498,366,555,637,619,653,603,637,327,391,483,423,405,275,83,0,156,1103,1229,649,92,0,0,aro0921,cross_leg_left,1
866,1789976055.631138,311,631,757,699,713,679,804,831,749,493,325,589,651,661,679,613,679,339,420,489,448,395,297,103,0,115,1123,1237,660,91,0,0,aro0921,cross_leg_left,1
867,1789976055.650193,325,634,743,701,697,695,785,841,745,486,330,563,615,649,669,599,671,303,398,459,457,383,294,115,0,94,1111,1207,681,69,0,0,aro0921,cross_leg_left,1
868,1789976055.671214,312,661,757,713,715,676,813,830,759,441,371,585,629,627,653,559,638,309,405,457,451,383,253,79,0,140,1103,1194,665,95,0,0,aro0921,cross_leg_left,1
869,1789976055.691114,333,659,757,717,711,682,793,845,741,471,337,581,613,633,681,601,671,318,413,444,419,383,275,83,0,107,1128,1208,678,57,0,0,aro0921,cross_leg_left,1
870,1789976055.711120,341,645,744,701,696,687,811,850,760,483,331,571,635,653,691,585,667,309,411,447,420,389,263,83,0,104,1107,1203,670,83,0,0,aro0921,cross_leg_left,1
871,1789976055.731145,319,647,745,715,713,682,797,836,751,483,337,567,627,645,675,597,659,319,404,503,437,379,277,99,0,123,1116,1195,685,87,0,0,aro0921,cross_leg_left,1
872,1789976055.751150,319,659,746,727,701,689,793,845,744,477,347,566,615,627,671,591,658,339,419,486,453,371,265,117,0,137,1117,1196,681,97,0,0,aro0921,cross_leg_left,1
873,1789976055.771099,313,637,755,709,703,675,807,853,751,490,328,575,605,638,681,603,671,319,415,469,435,397,291,88,0,89,1103,1206,689,71,0,0,aro0921,cross_leg_left,1
874,1789976055.791109,333,655,749,709,713,684,795,827,743,472,358,574,631,660,681,601,670,307,404,485,437,396,281,81,0,157,1108,1195,667,85,0,0,aro0921,cross_leg_left,1
875,1789976055.811123,318,631,741,693,711,675,783,819,730,477,367,553,653,663,637,575,637,309,399,441,459,389,263,85,0,103,1145,1239,683,91,0,0,aro0921,cross_leg_left,1
876,1789976055.831106,313,645,739,727,693,683,790,821,741,469,339,559,631,659,688,613,679,299,383,459,444,395,297,121,0,101,1143,1243,677,85,0,0,aro0921,cross_leg_left,1
877,1789976055.851242,312,639,751,723,715,693,794,841,760,486,338,585,628,649,659,599,643,332,412,466,453,377,288,93,0,101,1144,1235,665,60,0,0,aro0921,cross_leg_left,1
878,1789976055.871184,326,633,731,731,695,683,811,845,763,491,307,564,636,660,662,602,661,303,413,473,439,398,265,99,0,109,1115,1199,669,69,0,0,aro0921,cross_leg_left,1
879,1789976055.891167,315,647,739,719,694,679,811,827,763,501,330,553,616,629,654,569,649,341,413,473,445,398,280,83,0,119,1115,1191,683,97,0,0,aro0921,cross_leg_left,1
880,1789976055.911143,329,661,729,713,695,687,783,847,731,462,335,539,650,626,661,597,630,309,413,485,407,362,263,109,0,151,1115,1207,676,101,0,0,aro0921,cross_leg_left,1
881,1789976055.931156,311,632,751,725,703,695,795,839,747,477,327,585,629,637,695,583,637,319,410,485,425,349,269,103,0,148,1159,1229,639,101,0,0,aro0921,cross_leg_left,1
882,1789976055.951140,313,635,747,727,711,691,805,824,756,477,365,574,633,660,682,601,668,334,409,469,431,391,286,99,0,156,1127,1227,681,61,0,0,aro0921,cross_leg_left,1
883,1789976055.971171,319,651,755,716,701,684,800,837,749,483,328,558,633,665,686,607,671,319,403,471,439,371,276,101,0,115,1149,1234,670,71,0,0,aro0921,cross_leg_left,1
884,1789976055.991161,319,645,744,715,702,685,799,823,749,478,345,567,630,647,668,591,660,317,405,469,431,379,275,92,0,132,1127,1211,677,102,0,0,aro0921,cross_leg_left,1
885,1789976056.010618,313,633,755,703,694,676,789,824,743,473,373,575,647,666,692,572,664,337,415,459,427,375,293,89,0,153,1109,1231,688,76,0,0,aro0921,cross_leg_left,1
886,1789976056.030285,312,633,747,712,719,701,806,819,757,495,363,575,647,631,655,583,639,307,391,457,429,354,259,100,0,145,1129,1229,677,69,0,0,aro0921,cross_leg_left,1
887,1789976056.050380,314,649,756,723,700,681,794,829,759,482,356,585,649,660,663,589,637,312,415,461,423,373,287,108,0,151,1112,1224,682,91,0,0,aro0921,cross_leg_left,1
888,1789976056.070976,317,647,730,725,709,677,812,839,759,473,339,549,621,629,681,573,668,313,391,467,441,376,260,103,0,123,1105,1197,662,85,0,0,aro0921,cross_leg_left,1
889,1789976056.091151,312,653,756,725,718,699,805,841,751,493,349,571,636,631,654,573,647,309,393,477,457,403,295,116,0,143,1098,1195,650,99,0,0,aro0921,cross_leg_left,1
890,1789976056.111130,327,658,740,731,711,675,796,825,743,474,339,544,616,633,663,600,655,309,383,454,421,397,294,91,0,147,1113,1187,681,59,0,0,aro0921,cross_leg_left,1
891,1789976056.131222,318,637,739,703,717,671,793,819,729,465,362,553,653,627,667,613,667,317,398,434,461,367,295,79,0,157,1103,1241,687,95,0,0,aro0921,cross_leg_left,1
892,1789976056.151251,315,636,741,715,693,683,804,829,741,472,331,565,647,661,677,599,651,329,409,473,442,389,293,77,0,115,1143,1235,683,78,0,0,aro0921,cross_leg_left,1
893,1789976056.171148,318,632,755,727,724,679,791,819,745,473,348,589,607,631,651,589,638,309,381,470,447,369,302,105,0,137,1102,1209,675,83,0,0,aro0921,cross_leg_left,1
894,1789976056.191165,317,658,759,711,703,684,803,821,741,485,366,553,646,633,661,581,675,333,407,447,455,391,261,87,0,126,1103,1199,685,67,22,0,aro0921,cross_leg_left,1
895,1789976056.211127,327,661,757,728,701,685,807,843,748,491,330,551,626,639,653,607,651,303,419,445,456,358,261,109,0,105,1129,1187,668,79,0,27,aro0921,cross_leg_left,1
896,1789976056.231149,326,650,745,717,711,686,797,831,751,482,355,568,633,649,671,597,657,319,405,503,444,378,273,93,0,125,1127,1224,669,75,25,0,aro0921,cross_leg_left,1
897,1789976056.251170,313,651,745,731,712,676,794,823,761,488,347,569,637,653,675,587,659,339,396,467,421,381,291,95,0,124,1127,1213,675,61,0,0,aro0921,cross_leg_left,1
898,1789976056.271116,301,635,755,723,715,677,794,850,751,469,372,588,617,663,665,584,629,319,419,487,426,415,293,88,0,151,1107,1191,681,63,0,0,aro0921,cross_leg_left,1
899,1789976056.291153,320,655,757,727,727,691,798,845,739,469,347,563,615,635,655,611,655,341,423,487,421,403,293,119,0,145,1083,1193,679,63,0,0,aro0921,cross_leg_left,1
900,1789976056.311147,324,623,733,727,709,677,813,841,761,493,331,549,635,675,686,604,671,306,403,461,455,406,294,90,0,109,1149,1196,647,92,0,0,aro0921,cross_leg_left,1
901,1789976056.331164,337,659,751,747,725,697,809,828,767,485,364,587,637,667,691,603,665,303,391,454,427,361,269,109,0,149,1113,1239,671,61,0,0,aro0921,cross_leg_left,1
902,1789976056.351123,315,648,752,723,726,669,809,823,760,483,357,569,635,657,657,601,653,333,397,485,431,396,282,105,0,121,1129,1205,654,61,0,0,aro0921,cross_leg_left,1
903,1789976056.371163,339,654,760,703,697,679,807,821,763,475,333,583,653,659,659,579,633,315,389,475,421,371,263,111,0,148,1103,1197,647,87,0,0,aro0921,cross_leg_left,1
904,1789976056.391165,327,653,745,729,714,695,783,829,735,475,363,559,631,661,679,595,671,335,423,487,446,383,283,120,0,139,1143,1241,661,51,0,0,aro0921,cross_leg_left,1
905,1789976056.411125,329,635,733,713,709,677,799,838,751,479,362,563,652,637,691,591,669,313,392,473,437,379,277,99,0,135,1099,1225,665,79,0,0,aro0921,cross_leg_left,1
906,1789976056.431227,327,648,745,717,702,687,799,831,761,483,349,565,631,647,671,595,661,327,408,472,439,379,277,99,0,123,1123,1213,663,75,0,0,aro0921,cross_leg_left,1
907,1789976056.451236,311,633,740,715,699,696,795,831,741,474,326,583,611,665,683,572,649,309,407,471,455,389,295,105,0,111,1117,1213,654,89,0,0,aro0921,cross_leg_left,1
908,1789976056.471192,341,655,755,715,719,698,811,809,761,485,381,585,653,668,685,613,677,319,393,487,445,391,261,121,0,137,1125,1221,681,58,0,0,aro0921,cross_leg_left,1
909,1789976056.491183,311,637,746,725,716,681,805,825,747,491,360,587,621,637,671,605,675,303,394,456,458,367,255,79,0,135,1110,1230,665,53,0,0,aro0921,cross_leg_left,1
910,1789976056.511195,327,635,729,716,687,677,809,831,759,491,337,543,615,633,682,593,675,338,403,485,454,391,264,97,0,107,1127,1223,665,45,0,0,aro0921,cross_leg_left,1
911,1789976056.531141,315,663,741,727,711,681,807,851,761,475,328,559,627,646,677,569,645,335,422,488,421,375,295,117,0,103,1149,1179,691,28,0,0,aro0921,cross_leg_left,1
912,1789976056.551147,315,633,740,713,722,678,808,843,763,487,359,597,635,666,685,569,659,331,421,487,429,397,269,102,0,133,1143,1241,661,57,0,0,aro0921,cross_leg_left,1
913,1789976056.571192,344,659,755,726,715,697,793,824,739,481,371,547,615,621,677,579,662,328,381,454,455,396,288,69,0,108,1050,1210,647,58,0,0,aro0921,cross_leg_left,1
914,1789976056.591155,314,637,735,711,709,687,790,813,749,491,329,571,645,650,664,575,637,334,399,475,443,367,265,113,0,115,1131,1237,683,97,0,0,aro0921,cross_leg_left,1
915,1789976056.611128,329,655,735,717,717,695,797,846,748,484,371,567,649,645,663,573,650,339,421,487,435,397,267,105,0,116,1113,1222,669,77,0,0,aro0921,cross_leg_left,1
916,1789976056.631133,328,648,743,719,703,688,800,837,758,487,339,574,636,651,669,595,659,319,407,453,439,379,277,99,0,125,1126,1216,665,75,0,0,aro0921,cross_leg_left,1
917,1789976056.651191,319,635,747,711,702,679,797,827,761,493,345,567,635,631,659,598,653,339,407,469,454,365,283,87,0,125,1107,1196,675,98,0,0,aro0921,cross_leg_left,1
918,1789976056.671115,335,659,739,723,693,678,816,819,764,489,333,571,613,668,683,571,652,309,391,467,431,383,268,87,0,105,1133,1198,651,81,0,0,aro0921,cross_leg_left,1
919,1789976056.691166,315,635,749,711,713,696,795,823,755,493,359,568,647,659,687,605,665,315,393,467,447,365,263,115,0,151,1143,1237,657,77,0,0,aro0921,cross_leg_left,1
920,1789976056.711177,313,638,731,703,691,685,787,851,743,481,344,547,645,637,683,601,667,319,399,466,419,377,279,119,0,105,1129,1239,679,87,0,0,aro0921,cross_leg_left,1
921,1789976056.731133,333,661,751,731,717,677,795,842,757,493,365,546,655,667,679,605,664,335,407,493,459,381,269,99,0,109,1099,1206,677,105,0,0,aro0921,cross_leg_left,1
922,1789976056.751135,317,633,739,711,693,695,805,843,747,491,329,555,614,649,687,599,677,328,423,459,455,367,267,93,0,108,1133,1195,653,88,0,0,aro0921,cross_leg_left,1
923,1789976056.771158,313,637,751,709,700,677,795,823,761,491,362,559,649,653,692,589,648,308,383,479,437,376,295,107,0,145,1135,1237,681,67,0,0,aro0921,cross_leg_left,1
924,1789976056.791131,325,647,757,718,693,679,797,839,739,489,345,553,627,623,676,611,677,317,391,490,457,397,291,85,0,151,1117,1241,683,72,0,0,aro0921,cross_leg_left,1
925,1789976056.811115,329,653,735,725,711,699,792,827,739,485,357,585,621,651,664,597,665,343,410,495,460,391,293,120,0,155,1145,1239,664,83,0,0,aro0921,cross_leg_left,1
926,1789976056.831178,328,647,747,713,707,685,795,829,749,484,345,565,631,640,675,591,661,320,405,471,375,391,287,99,0,123,1115,1221,665,78,0,0,aro0921,cross_leg_left,1
927,1789976056.851155,325,644,745,727,713,679,798,829,762,483,345,567,623,651,671,587,655,333,405,487,420,376,269,98,0,131,1109,1197,683,87,0,0,aro0921,cross_leg_left,1
928,1789976056.871148,312,635,755,711,663,683,794,825,744,483,344,582,650,645,681,610,671,309,395,457,445,377,269,82,0,105,1142,1240,669,75,0,0,aro0921,cross_leg_left,1
929,1789976056.891110,327,647,745,717,711,685,801,830,765,493,355,567,631,650,669,595,658,335,407,471,455,389,279,95,0,125,1145,1220,651,83,0,0,aro0921,cross_leg_left,1
930,1789976056.911190,313,631,744,709,703,655,788,853,755,492,362,589,646,647,687,597,659,316,415,491,456,372,263,121,0,107,1147,1241,645,77,0,0,aro0921,cross_leg_left,1
931,1789976056.931132,312,653,733,715,692,672,805,841,747,475,327,553,639,667,684,589,655,343,426,461,420,409,297,79,0,103,1161,1242,685,53,0,0,aro0921,cross_leg_left,1
932,1789976056.951223,317,649,735,717,713,687,805,840,759,494,354,575,649,631,669,571,649,328,399,457,447,381,287,89,0,123,1119,1231,645,88,0,0,aro0921,cross_leg_left,1
933,1789976056.971258,313,649,744,731,717,697,793,823,747,495,331,571,637,627,686,573,669,313,391,495,441,379,263,95,0,139,1151,1211,683,61,0,0,aro0921,cross_leg_left,1
934,1789976056.991140,310,629,749,725,714,695,789,846,744,471,371,584,615,627,661,589,647,317,414,461,421,364,261,101,0,140,1139,1199,677,91,0,0,aro0921,cross_leg_left,1
935,1789976057.011165,340,647,749,729,715,683,797,829,761,491,367,588,613,623,663,601,658,297,418,475,456,405,276,107,0,139,1102,1192,651,105,0,0,aro0921,cross_leg_left,1
936,1789976057.031171,313,648,759,729,701,691,791,841,737,484,364,549,623,664,693,584,669,343,424,461,461,394,293,109,0,128,1141,1236,681,72,0,0,aro0921,cross_leg_left,1
937,1789976057.051144,314,633,735,709,717,681,809,821,767,477,341,565,629,631,670,615,665,309,393,459,431,391,275,86,0,113,1107,1205,679,69,0,0,aro0921,cross_leg_left,1
938,1789976057.071142,327,647,735,719,697,687,799,830,751,485,333,575,629,631,652,573,649,326,407,473,436,383,280,99,0,100,1103,1225,667,83,0,0,aro0921,cross_leg_left,1
939,1789976057.091128,327,648,744,719,711,685,799,829,751,486,351,562,631,649,671,595,655,325,405,471,441,383,269,101,0,126,1135,1213,646,71,0,0,aro0921,cross_leg_left,1
940,1789976057.111233,333,653,745,723,696,701,804,845,741,479,328,551,649,643,652,585,665,307,403,453,455,397,295,115,0,125,1129,1213,645,55,0,0,aro0921,cross_leg_left,1
941,1789976057.131140,329,648,745,718,711,685,803,837,741,474,350,567,635,647,671,594,659,309,407,474,425,362,267,99,0,137,1131,1215,638,99,0,0,aro0921,cross_leg_left,1
942,1789976057.151175,327,645,747,703,717,693,811,841,759,477,367,585,633,665,681,597,645,329,405,473,423,383,267,88,0,132,1119,1197,681,57,0,0,aro0921,cross_leg_left,1
943,1789976057.171255,314,637,755,727,709,699,805,828,761,494,374,551,610,627,691,593,645,341,395,459,443,381,255,115,0,125,1139,1247,631,58,0,0,aro0921,cross_leg_left,1
944,1789976057.191159,311,635,733,701,723,696,794,823,755,497,363,597,636,664,671,584,653,310,395,460,456,359,279,89,0,103,1101,1199,637,99,0,0,aro0921,cross_leg_left,1
945,1789976057.211136,307,651,747,715,710,685,791,813,755,474,359,565,634,667,678,611,661,343,395,485,439,383,293,109,0,115,1157,1208,679,109,0,0,aro0921,cross_leg_left,1
946,1789976057.231178,319,623,747,713,719,680,791,829,747,473,332,588,628,667,691,587,678,336,403,461,435,383,291,79,0,133,1114,1224,659,99,0,0,aro0921,cross_leg_left,1
947,1789976057.251155,317,651,735,711,699,685,792,843,751,491,344,553,645,663,691,606,677,325,421,473,424,372,263,87,0,103,1124,1229,677,81,0,0,aro0921,cross_leg_left,1
948,1789976057.271138,313,645,734,722,716,697,789,827,737,491,371,553,631,645,659,571,638,344,419,489,437,360,255,124,0,159,1100,1196,658,95,0,0,aro0921,cross_leg_left,1
949,1789976057.291161,339,655,755,726,695,695,787,842,760,488,335,573,634,636,663,601,679,345,421,457,439,361,271,87,0,117,1111,1242,685,72,0,0,aro0921,cross_leg_left,1
950,1789976057.311174,327,650,733,717,711,685,797,831,751,485,365,551,633,632,669,581,646,327,403,471,440,378,275,99,0,138,1145,1222,659,75,0,0,aro0921,cross_leg_left,1
951,1789976057.331141,329,647,745,719,709,691,797,841,749,477,348,559,631,646,670,589,661,325,406,470,420,373,275,102,0,125,1125,1213,648,88,0,0,aro0921,cross_leg_left,1
952,1789976057.351170,319,639,729,725,715,695,807,827,757,493,371,573,617,629,663,583,639,338,397,481,456,383,266,105,0,125,1142,1225,649,88,0,0,aro0921,cross_leg_left,1
953,1789976057.371167,332,635,739,717,713,677,797,821,749,481,347,544,633,644,669,571,680,339,420,491,424,398,269,83,0,156,1101,1167,648,87,0,0,aro0921,cross_leg_left,1
954,1789976057.391159,313,659,745,719,715,695,808,820,758,489,377,552,647,629,683,583,669,331,419,457,414,381,292,115,0,153,1125,1198,651,98,0,0,aro0921,cross_leg_left,1
955,1789976057.411135,334,653,745,717,715,691,799,839,747,472,363,559,651,648,677,569,665,302,409,489,423,397,269,73,0,116,1161,1245,651,92,0,0,aro0921,cross_leg_left,1
956,1789976057.431178,337,645,735,700,709,697,808,857,746,473,331,589,609,667,678,604,639,309,397,475,455,403,262,79,0,155,1131,1237,681,81,0,0,aro0921,cross_leg_left,1
957,1789976057.451147,343,635,735,715,697,694,807,837,754,495,359,541,645,648,658,569,637,331,422,479,431,363,277,115,0,153,1122,1213,687,57,0,0,aro0921,cross_leg_left,1
958,1789976057.471120,313,633,739,711,717,666,807,826,745,471,364,579,621,654,685,586,654,316,390,463,421,379,293,79,0,154,1143,1236,685,69,0,0,aro0921,cross_leg_left,1
959,1789976057.491175,325,658,752,726,716,699,789,845,751,467,357,584,616,638,671,605,667,327,407,471,415,380,284,119,0,141,1160,1197,684,46,0,0,aro0921,cross_leg_left,1
960,1789976057.511176,334,631,757,714,701,694,805,845,734,493,329,575,617,655,687,601,648,299,405,487,441,394,262,88,0,135,1131,1245,686,71,0,0,aro0921,cross_leg_left,1
961,1789976057.531162,338,632,739,717,719,679,788,839,740,471,358,553,611,664,693,573,662,339,431,483,437,361,264,77,0,99,1119,1192,654,92,0,0,aro0921,cross_leg_left,1
962,1789976057.551196,327,635,749,711,697,679,809,841,755,491,359,585,616,651,696,572,675,307,415,479,448,397,275,94,0,149,1143,1224,659,73,0,0,aro0921,cross_leg_left,1
963,1789976057.571201,326,659,741,709,725,697,811,827,749,475,393,547,621,664,655,615,655,303,399,461,456,377,247,83,0,104,1097,1211,663,74,0,0,aro0921,cross_leg_left,1
964,1789976057.591187,326,647,749,717,697,684,799,831,751,487,331,549,647,637,683,607,661,317,404,467,439,379,280,99,0,111,1103,1199,665,75,0,0,aro0921,cross_leg_left,1
965,1789976057.611177,327,645,747,718,711,686,798,839,749,485,347,569,635,647,672,604,665,328,407,475,439,381,275,101,0,127,1123,1221,664,75,0,0,aro0921,cross_leg_left,1
966,1789976057.631182,328,663,758,704,711,685,795,849,745,473,327,559,650,665,660,570,637,334,415,483,453,393,293,79,0,104,1156,1241,659,57,0,0,aro0921,cross_leg_left,1
967,1789976057.651175,334,660,731,724,721,688,791,845,751,479,357,549,615,661,678,579,647,340,419,491,454,363,263,110,0,141,1111,1207,665,68,0,0,aro0921,cross_leg_left,1
968,1789976057.671173,311,635,747,701,725,697,798,839,761,475,361,595,644,665,692,612,683,333,424,485,421,395,293,89,0,141,1111,1213,663,55,0,0,aro0921,cross_leg_left,1
969,1789976057.691180,317,651,758,728,712,687,789,821,752,491,319,582,629,663,665,569,652,339,408,457,425,377,293,116,0,113,1143,1207,667,91,0,0,aro0921,cross_leg_left,1
970,1789976057.711147,335,659,743,723,697,699,811,846,761,483,327,553,615,623,667,597,670,310,419,471,419,403,298,105,0,109,1139,1195,644,83,0,0,aro0921,cross_leg_left,1
971,1789976057.731170,313,663,739,711,703,693,787,803,732,473,328,581,632,631,661,581,653,342,395,492,421,363,252,99,0,149,1130,1167,676,69,0,0,aro0921,cross_leg_left,1
972,1789976057.751184,332,633,743,731,709,699,789,842,747,492,331,595,650,662,647,613,643,307,412,472,437,399,295,87,0,154,1108,1213,675,85,0,0,aro0921,cross_leg_left,1
973,1789976057.771153,325,649,733,731,729,681,813,847,762,487,338,583,648,639,671,597,711,301,399,483,427,389,267,115,0,107,1105,1230,679,88,0,0,aro0921,cross_leg_left,1
974,1789976057.791135,327,657,755,726,709,690,797,845,751,484,348,589,619,629,661,604,651,327,407,473,437,377,277,99,0,157,1108,1207,661,71,0,0,aro0921,cross_leg_left,1
975,1789976057.811150,325,647,746,719,712,687,799,835,749,484,343,565,629,597,671,590,664,327,408,475,453,378,279,100,0,133,1125,1225,665,71,0,0,aro0921,cross_leg_left,1
976,1789976057.831169,307,661,756,715,716,684,811,845,751,470,354,551,633,631,701,603,645,303,415,477,474,363,269,83,0,103,1134,1191,649,55,0,0,aro0921,cross_leg_left,1
977,1789976057.851153,312,653,750,711,701,679,808,821,743,481,341,547,615,627,675,607,651,339,415,465,447,384,287,87,0,146,1145,1228,650,93,0,0,aro0921,cross_leg_left,1
978,1789976057.871161,334,659,746,713,698,693,792,843,747,477,325,529,639,660,659,597,636,311,421,459,421,383,284,103,0,116,1135,1196,647,83,0,0,aro0921,cross_leg_left,1
979,1789976057.891327,333,659,743,717,717,681,791,846,764,483,359,573,637,637,685,583,676,311,395,489,421,371,293,87,0,150,1111,1199,637,69,0,0,aro0921,cross_leg_left,1
980,1789976057.911157,313,645,757,709,715,699,781,831,739,483,333,563,629,652,675,573,647,296,395,473,455,371,285,115,0,105,1159,1230,681,57,0,0,aro0921,cross_leg_left,1
981,1789976057.931165,344,666,761,728,697,685,803,839,755,489,339,586,605,636,683,601,664,310,397,456,435,339,251,85,0,107,1112,1195,695,59,0,0,aro0921,cross_leg_left,1
982,1789976057.951188,327,658,741,725,701,680,792,815,751,475,347,551,649,631,671,589,651,312,395,467,459,365,263,109,0,196,1117,1235,679,70,0,0,aro0921,cross_leg_left,1
983,1789976057.971155,332,659,735,703,701,687,797,840,763,475,333,575,614,653,693,583,649,345,391,473,430,365,287,111,0,99,1142,1233,669,93,0,0,aro0921,cross_leg_left,1
984,1789976057.991144,335,655,757,713,701,695,799,845,744,485,319,555,654,647,669,595,639,303,393,453,437,389,279,101,0,147,1117,1244,661,75,0,0,aro0921,cross_leg_left,1
985,1789976058.011215,329,647,749,717,713,684,803,835,755,483,329,586,632,649,676,595,659,317,405,474,437,377,275,101,0,105,1127,1221,663,69,0,0,aro0921,cross_leg_left,1
986,1789976058.031154,340,644,749,719,723,696,789,822,749,473,363,582,629,664,696,603,680,337,408,468,425,361,279,119,0,158,1124,1192,671,61,0,0,aro0921,cross_leg_left,1
987,1789976058.051161,332,652,738,715,703,691,803,843,774,476,343,551,621,633,667,569,651,333,423,479,453,383,297,107,0,167,1111,1197,669,73,0,0,aro0921,cross_leg_left,1
988,1789976058.071182,339,647,729,713,719,695,779,845,764,473,361,543,627,669,660,597,639,328,391,489,427,383,285,93,0,157,1101,1191,659,59,0,0,aro0921,cross_leg_left,1
989,1789976058.091142,333,659,731,723,715,683,813,845,765,478,307,585,651,666,687,588,677,316,423,456,425,394,287,83,0,119,1109,1209,637,51,0,0,aro0921,cross_leg_left,1
990,1789976058.111139,311,631,759,737,701,675,811,824,765,467,333,559,627,666,680,596,646,299,378,489,430,403,275,93,0,138,1163,1245,659,99,0,0,aro0921,cross_leg_left,1
991,1789976058.131148,313,644,749,733,727,695,804,828,757,468,332,557,639,647,693,581,657,317,423,473,443,398,248,83,0,123,1136,1240,653,71,0,0,aro0921,cross_leg_left,1
992,1789976058.150739,312,635,755,721,701,679,809,823,755,474,324,581,617,629,661,613,661,307,397,459,442,367,267,87,0,109,1109,1205,670,82,0,0,aro0921,cross_leg_left,1
993,1789976058.170975,326,625,739,717,729,691,813,847,763,482,348,573,611,649,680,589,645,300,403,453,421,396,303,83,0,104,1144,1231,665,77,0,0,aro0921,cross_leg_left,1
994,1789976058.191460,313,655,741,727,726,694,794,819,749,483,325,569,632,651,685,612,659,340,403,489,441,361,268,75,0,105,1125,1242,665,75,0,0,aro0921,cross_leg_left,1
995,1789976058.211145,324,645,743,719,723,687,799,831,751,488,344,565,661,647,681,595,661,319,407,471,439,379,275,91,0,127,1129,1222,665,73,0,0,aro0921,cross_leg_left,1
996,1789976058.231202,339,661,743,713,717,698,800,829,761,487,341,543,653,629,659,611,669,335,414,487,447,363,267,121,0,125,1142,1228,648,93,0,0,aro0921,cross_leg_left,1
997,1789976058.251214,329,647,749,727,727,679,792,839,743,490,367,583,615,647,691,597,681,330,405,489,435,379,288,108,0,121,1115,1199,643,67,0,0,aro0921,cross_leg_left,1
998,1789976058.271335,325,650,748,733,741,683,799,849,755,471,347,601,629,645,667,585,657,301,413,455,419,403,279,101,0,119,1111,1199,671,54,0,0,aro0921,cross_leg_left,1
999,1789976058.291169,334,635,732,713,711,691,807,841,739,471,319,552,615,645,702,589,661,300,423,478,459,398,296,118,0,125,1138,1250,680,52,0,0,aro0921,cross_leg_left,1
1000,1789976058.311202,339,647,731,729,715,697,789,843,739,470,323,559,607,664,691,573,662,311,409,471,439,365,263,86,0,105,1137,1237,639,83,0,0,aro0921,cross_leg_left,1
1001,1789976058.331167,311,633,732,717,725,685,796,815,740,472,347,571,619,660,684,605,674,335,396,457,431,367,264,93,0,139,1135,1215,636,93,0,0,aro0921,cross_leg_left,1
1002,1789976058.351229,315,635,745,703,713,695,811,827,756,471,359,563,653,665,687,609,679,328,399,483,429,395,285,107,0,153,1133,1243,675,99,0,0,aro0921,cross_leg_left,1
1003,1789976058.371147,309,651,757,725,725,695,832,819,764,472,313,579,607,661,681,607,639,341,403,459,429,361,277,121,0,125,1150,1173,637,55,0,0,aro0921,cross_leg_left,1
1004,1789976058.391153,339,652,743,713,717,699,799,843,765,492,331,557,639,630,659,587,667,339,423,489,453,392,293,115,0,143,1131,1233,662,75,0,0,aro0921,cross_leg_left,1
1005,1789976058.411181,319,649,747,717,723,692,799,831,751,483,283,565,631,648,679,597,664,317,421,471,435,374,277,105,0,133,1128,1224,661,77,0,0,aro0921,cross_leg_left,1
1006,1789976058.431158,335,655,743,728,721,696,796,847,757,493,339,565,653,612,665,595,663,327,414,461,426,365,261,81,0,134,1144,1229,647,77,0,0,aro0921,cross_leg_left,1
1007,1789976058.451140,315,635,733,709,715,680,795,827,743,473,339,553,612,632,652,581,639,309,393,458,427,391,287,99,0,125,1123,1207,665,79,0,0,aro0921,cross_leg_left,1
1008,1789976058.471205,325,637,745,739,729,687,791,840,745,487,345,539,622,653,713,573,653,303,427,460,423,392,291,122,0,103,1127,1251,646,68,0,0,aro0921,cross_leg_left,1
1009,1789976058.491158,312,631,733,713,725,713,817,846,763,493,355,565,632,659,677,600,676,337,421,475,467,379,287,103,0,146,1131,1231,647,81,0,0,aro0921,cross_leg_left,1
1010,1789976058.511149,317,645,748,729,713,698,811,829,764,487,315,549,615,627,658,589,647,303,391,471,456,395,275,122,0,117,1124,1204,681,43,0,0,aro0921,cross_leg_left,1
1011,1789976058.531198,303,633,741,723,731,690,795,829,743,471,372,576,651,657,671,575,648,303,393,453,443,370,263,119,0,153,1101,1227,681,99,0,0,aro0921,cross_leg_left,1
1012,1789976058.551152,328,659,729,723,721,703,797,821,751,471,313,541,613,667,679,585,669,319,409,487,425,364,266,116,0,116,1147,1213,657,77,0,0,aro0921,cross_leg_left,1
1013,1789976058.571183,315,633,755,703,734,699,795,844,749,493,341,489,646,645,684,611,679,340,424,489,459,367,285,79,0,154,1125,1238,664,63,0,0,aro0921,cross_leg_left,1
1014,1789976058.591177,315,635,732,723,735,695,813,825,748,471,346,557,621,637,661,605,677,331,420,475,423,397,284,107,0,119,1135,1225,680,73,0,0,aro0921,cross_leg_left,1
1015,1789976058.611191,335,658,755,731,715,685,793,829,748,445,332,570,622,639,695,604,659,332,405,477,453,363,261,107,0,133,1103,1198,671,71,0,0,aro0921,cross_leg_left,1
1016,1789976058.631147,315,628,747,703,721,702,826,821,761,483,317,582,659,637,676,610,646,338,374,492,428,403,283,107,0,117,1151,1251,681,55,0,0,aro0921,cross_leg_left,1
1017,1789976058.651194,319,647,741,718,727,693,807,830,750,479,343,563,632,651,675,595,663,317,408,471,435,377,275,101,0,125,1125,1222,663,74,0,0,aro0921,cross_leg_left,1
1018,1789976058.670336,315,647,743,725,728,694,806,830,749,482,343,563,629,649,676,596,661,315,407,473,439,379,276,101,0,135,1132,1225,663,73,0,0,aro0921,cross_leg_left,1
1019,1789976058.691249,315,632,739,710,731,699,808,827,760,488,355,556,636,633,661,579,649,325,391,478,447,369,269,115,0,151,1109,1203,665,89,0,0,aro0921,cross_leg_left,1
1020,1789976058.711190,312,653,751,728,733,675,815,842,748,471,331,582,649,631,663,591,649,313,395,464,427,373,269,105,0,136,1095,1199,667,61,0,0,aro0921,cross_leg_left,1
1021,1789976058.731200,303,628,728,701,741,694,799,829,743,488,362,551,653,629,654,604,639,319,429,461,457,369,297,94,0,158,1148,1242,651,57,0,0,aro0921,cross_leg_left,1
1022,1789976058.751165,325,647,745,719,729,687,808,837,751,487,338,565,632,647,675,589,661,316,408,473,437,381,275,101,0,125,1124,1229,661,83,0,0,aro0921,cross_leg_left,1
1023,1789976058.771153,311,633,743,717,731,683,805,827,755,488,342,563,617,651,676,597,663,327,419,477,463,373,293,108,0,133,1143,1227,659,56,0,0,aro0921,cross_leg_left,1
1024,1789976058.791194,313,634,739,715,712,697,795,822,749,489,327,557,623,619,659,581,644,313,397,466,453,363,279,115,0,107,1141,1223,679,91,0,0,aro0921,cross_leg_left,1
1025,1789976058.811143,312,651,755,729,717,715,796,825,762,493,343,550,655,647,695,583,630,333,423,483,425,375,294,111,0,149,1145,1242,683,93,0,0,aro0921,cross_leg_left,1
1026,1789976058.831154,339,658,743,731,719,698,815,839,765,499,333,574,623,665,691,583,648,348,429,459,456,399,284,101,0,123,1162,1244,653,46,0,0,aro0921,cross_leg_left,1
1027,1789976058.851195,332,639,739,717,727,682,813,837,751,475,319,576,627,665,661,601,665,331,393,467,455,367,283,111,0,149,1131,1243,679,86,0,0,aro0921,cross_leg_left,1
1028,1789976058.871153,309,632,711,725,727,691,813,837,747,479,349,581,613,663,687,605,678,301,391,479,452,376,262,79,0,121,1148,1215,663,53,0,0,aro0921,cross_leg_left,1
1029,1789976058.891161,313,631,748,701,734,687,793,825,745,475,348,575,623,645,683,601,670,311,413,489,432,364,271,83,0,147,1151,1197,659,92,0,0,aro0921,cross_leg_left,1
1030,1789976058.911179,329,662,756,729,702,681,797,850,756,490,325,551,613,628,659,587,657,312,423,457,441,377,259,72,0,153,1127,1199,681,93,0,0,aro0921,cross_leg_left,1
1031,1789976058.931196,303,657,756,728,734,679,818,811,744,475,319,579,623,663,691,575,674,341,407,461,454,412,264,87,0,110,1133,1244,632,88,0,0,aro0921,cross_leg_left,1
1032,1789976058.951178,325,645,745,717,725,693,807,837,751,483,343,561,631,648,677,599,661,313,407,471,435,376,274,101,0,127,1127,1235,663,75,0,0,aro0921,cross_leg_left,1
1033,1789976058.971156,312,605,739,697,727,693,803,827,744,485,338,565,635,636,669,595,663,313,423,471,413,361,251,93,0,127,1127,1223,645,89,0,0,aro0921,cross_leg_left,1
1034,1789976058.991219,317,629,733,731,716,687,813,839,747,483,331,583,651,650,658,573,648,341,403,467,425,396,261,83,0,156,1111,1209,637,93,0,0,aro0921,cross_leg_left,1
1035,1789976059.011152,338,659,747,726,733,683,803,839,745,483,327,581,639,652,668,606,666,327,427,485,447,383,271,95,0,123,1123,1256,671,53,0,0,aro0921,cross_leg_left,1
1036,1789976059.031160,325,659,749,731,716,709,821,852,764,499,351,560,651,628,661,611,653,343,425,465,424,335,279,104,0,141,1105,1244,649,83,0,0,aro0921,cross_leg_left,1
1037,1789976059.051212,332,653,754,714,717,682,813,847,755,483,351,555,633,665,683,586,648,307,409,484,447,367,267,95,0,143,1109,1194,659,55,0,0,aro0921,cross_leg_left,1
1038,1789976059.071145,307,639,729,731,719,678,799,825,741,489,330,583,618,665,685,582,649,301,391,461,457,363,283,87,0,120,1149,1246,667,43,0,0,aro0921,cross_leg_left,1
1039,1789976059.091153,325,636,749,701,725,703,822,839,749,483,364,541,615,663,691,615,670,307,395,456,437,395,285,105,0,151,1123,1208,655,61,0,0,aro0921,cross_leg_left,1
1040,1789976059.111180,335,635,747,716,734,711,819,851,764,485,339,575,619,630,663,586,635,301,393,467,425,394,291,99,0,116,1109,1199,663,52,0,0,aro0921,cross_leg_left,1
1041,1789976059.131182,319,632,755,703,717,697,821,840,751,491,317,573,629,649,691,582,671,310,415,495,431,403,291,87,0,112,1139,1211,667,45,0,0,aro0921,cross_leg_left,1
1042,1789976059.151231,327,645,744,727,728,691,807,839,755,489,341,563,635,647,675,591,663,315,407,471,432,381,277,102,0,133,1128,1223,664,76,0,0,aro0921,cross_leg_left,1
1043,1789976059.171204,317,647,743,727,726,699,813,821,743,473,335,559,633,655,669,551,661,339,408,455,441,389,294,120,0,123,1121,1221,683,94,0,0,aro0921,cross_leg_left,1
1044,1789976059.191233,313,651,739,727,741,693,793,823,745,486,355,547,637,647,653,608,664,339,405,492,457,404,268,89,0,136,1147,1221,671,45,0,0,aro0921,cross_leg_left,1
1045,1789976059.211208,328,651,751,727,729,709,813,841,761,494,355,563,613,671,699,611,663,319,425,453,421,363,263,117,0,117,1129,1203,645,51,0,0,aro0921,cross_leg_left,1
1046,1789976059.231160,311,629,729,709,733,683,799,823,749,501,349,549,609,635,688,595,665,338,405,490,455,367,265,91,0,139,1111,1212,659,89,0,0,aro0921,cross_leg_left,1
1047,1789976059.251211,313,658,751,709,728,695,793,824,750,502,341,547,607,629,692,587,665,338,401,469,427,389,288,115,0,107,1144,1195,678,76,0,0,aro0921,cross_leg_left,1
1048,1789976059.271166,311,629,719,716,711,691,819,831,746,482,319,543,611,654,681,584,669,327,408,489,457,395,251,93,0,114,1150,1221,627,53,0,0,aro0921,cross_leg_left,1
1049,1789976059.291185,315,635,732,715,732,702,821,841,751,485,359,558,615,661,679,585,669,329,391,483,427,398,294,119,0,126,1113,1203,649,91,0,0,aro0921,cross_leg_left,1
1050,1789976059.311194,333,635,751,717,726,683,797,832,761,500,345,548,615,637,687,581,660,318,423,459,427,395,294,109,0,143,1151,1221,658,59,0,0,aro0921,cross_leg_left,1
1051,1789976059.331156,317,633,743,711,723,701,804,842,760,503,349,557,644,661,661,575,659,337,425,473,435,361,267,91,0,147,1145,1240,680,51,0,0,aro0921,cross_leg_left,1
1052,1789976059.350472,317,646,745,717,727,693,807,839,755,493,340,567,634,648,677,597,663,327,408,475,441,379,278,79,0,104,1129,1222,663,61,0,0,aro0921,cross_leg_left,1
1053,1789976059.370236,325,647,743,719,727,679,799,839,765,503,334,559,636,647,695,605,661,325,409,475,441,375,295,116,0,123,1125,1221,649,94,0,0,aro0921,cross_leg_left,1
1054,1789976059.391181,329,648,749,713,734,695,814,845,765,505,351,575,628,639,681,613,667,331,405,483,435,392,281,105,0,134,1113,1197,675,57,0,0,aro0921,cross_leg_left,1
1055,1789976059.411156,325,650,735,718,721,697,799,842,767,502,302,555,611,654,691,607,680,325,409,475,443,376,279,107,0,116,1109,1208,635,74,0,0,aro0921,cross_leg_left,1
1056,1789976059.431204,315,653,731,731,730,699,797,843,750,503,313,565,663,631,691,597,646,293,415,487,427,396,278,77,0,103,1128,1241,663,99,0,0,aro0921,cross_leg_left,1
1057,1789976059.451163,339,653,731,719,723,693,797,831,745,473,341,552,635,631,665,571,649,306,393,473,437,357,267,85,0,149,1139,1205,661,71,0,0,aro0921,cross_leg_left,1
1058,1789976059.471160,307,629,730,703,717,704,815,857,761,505,339,573,623,621,657,583,657,301,421,452,441,375,251,115,0,154,1135,1200,647,103,0,0,aro0921,cross_leg_left,1
1059,1789976059.491188,327,639,737,711,731,700,805,840,761,491,344,569,648,629,661,591,645,315,393,457,453,362,288,119,0,153,1131,1215,675,75,0,0,aro0921,cross_leg_left,1
1060,1789976059.511231,319,634,751,725,721,701,815,838,757,479,330,539,632,651,687,585,650,317,424,459,421,379,251,115,0,133,1141,1241,679,78,0,0,aro0921,cross_leg_left,1
1061,1789976059.531159,308,630,742,703,733,697,805,827,751,496,349,557,635,637,661,605,676,341,411,488,445,380,261,83,0,138,1143,1241,677,70,0,0,aro0921,cross_leg_left,1
1062,1789976059.551194,317,638,741,721,725,693,805,843,752,493,339,557,633,647,677,599,665,317,411,473,438,392,275,91,0,125,1122,1225,663,70,0,0,aro0921,cross_leg_left,1
1063,1789976059.571233,305,635,741,731,723,699,797,840,755,481,335,559,647,652,675,597,661,300,391,453,443,365,267,115,0,133,1111,1251,633,97,0,0,aro0921,cross_leg_left,1
1064,1789976059.591157,311,637,731,731,733,691,814,827,767,503,331,579,653,639,653,606,669,334,405,489,439,375,269,91,0,111,1103,1225,684,41,0,0,aro0921,cross_leg_left,1
1065,1789976059.611184,331,653,742,715,715,697,807,827,757,503,311,523,647,650,692,613,680,333,419,484,457,373,266,73,0,105,1117,1224,647,100,0,0,aro0921,cross_leg_left,1
1066,1789976059.631217,319,647,730,727,717,681,798,827,743,479,333,549,633,635,677,615,683,315,405,473,429,391,294,71,0,151,1123,1195,633,63,0,0,aro0921,cross_leg_left,1
1067,1789976059.651170,312,629,745,711,717,693,813,829,763,501,311,559,633,651,663,583,645,307,395,467,447,382,283,111,0,110,1135,1245,651,86,0,0,aro0921,cross_leg_left,1
1068,1789976059.671170,329,646,743,713,739,701,797,853,750,479,357,559,637,637,681,611,681,343,428,479,423,375,302,107,0,151,1107,1235,653,69,0,0,aro0921,cross_leg_left,1
1069,1789976059.691211,312,658,739,709,712,680,813,825,762,483,327,581,615,663,663,603,650,307,419,462,453,363,279,76,0,149,1123,1226,632,77,0,0,aro0921,cross_leg_left,1
1070,1789976059.711159,311,648,761,716,713,709,808,825,745,488,330,543,623,665,691,585,655,339,408,471,453,393,251,105,0,153,1131,1199,653,47,0,0,aro0921,cross_leg_left,1
1071,1789976059.731179,312,631,747,712,733,692,805,829,752,488,359,572,617,656,669,581,651,335,424,488,437,379,271,103,0,141,1129,1197,681,70,0,0,aro0921,cross_leg_left,1
1072,1789976059.751194,325,647,740,715,728,683,795,839,750,489,339,557,629,634,671,595,662,317,411,473,435,378,282,95,0,126,1131,1211,659,71,0,0,aro0921,cross_leg_left,1
1073,1789976059.771225,343,649,749,709,713,703,808,845,763,509,315,568,621,669,683,583,655,342,409,489,452,363,259,106,0,111,1135,1198,619,70,0,0,aro0921,cross_leg_left,1
1074,1789976059.791183,317,647,754,703,723,681,809,820,751,478,335,551,648,635,663,599,658,319,391,461,423,389,265,93,0,119,1148,1235,635,86,0,0,aro0921,cross_leg_left,1
1075,1789976059.811189,329,647,755,726,717,679,795,844,751,491,317,564,645,631,659,607,671,337,426,477,423,393,265,91,0,113,1102,1187,654,88,0,0,aro0921,cross_leg_left,1
1076,1789976059.831213,309,655,729,732,727,701,799,823,751,483,335,566,645,663,665,613,653,344,403,483,459,405,263,81,0,156,1099,1247,631,53,0,0,aro0921,cross_leg_left,1
1077,1789976059.851157,313,633,750,711,715,681,797,821,763,491,333,557,645,627,661,611,685,317,401,489,436,373,263,89,0,152,1131,1225,654,83,0,0,aro0921,cross_leg_left,1
1078,1789976059.871152,309,649,747,735,739,703,815,821,763,501,354,552,628,667,669,613,653,331,423,456,453,381,267,91,0,111,1124,1251,667,89,0,0,aro0921,cross_leg_left,1
1079,1789976059.891250,325,635,749,729,727,695,793,824,762,495,332,583,621,637,661,597,661,339,411,465,437,367,285,83,0,133,1115,1209,659,92,0,0,aro0921,cross_leg_left,1
1080,1789976059.911190,339,635,759,697,712,703,799,853,764,493,325,550,630,637,692,590,684,303,403,473,419,363,293,122,0,121,1096,1191,637,51,0,0,aro0921,cross_leg_left,1
1081,1789976059.931173,335,649,746,701,729,685,807,857,751,491,358,543,653,649,696,612,679,331,423,475,437,365,261,86,0,107,1115,1209,661,71,0,0,aro0921,cross_leg_left,1
1082,1789976059.951213,318,647,751,721,731,691,805,830,751,492,341,507,629,650,679,601,664,320,405,471,439,379,276,97,0,127,1119,1227,667,71,0,0,aro0921,cross_leg_left,1
1083,1789976059.971197,333,675,743,741,725,698,809,826,749,493,341,567,636,660,663,575,648,310,396,485,423,397,278,115,0,124,1129,1199,645,45,0,0,aro0921,cross_leg_left,1
1084,1789976059.991179,331,655,751,741,712,680,811,842,763,495,329,560,633,634,663,604,654,341,411,478,455,401,309,99,0,117,1107,1197,647,61,0,0,aro0921,cross_leg_left,1
1085,1789976060.011239,313,663,761,701,734,679,789,831,771,486,357,597,647,671,695,581,660,341,395,477,431,344,287,105,0,111,1125,1211,639,48,0,0,aro0921,cross_leg_left,1
1086,1789976060.031203,340,658,747,711,731,701,809,828,741,478,356,575,655,659,685,603,675,309,389,457,445,380,287,124,0,153,1123,1243,639,87,0,0,aro0921,cross_leg_left,1
1087,1789976060.051179,314,627,757,711,714,695,815,829,766,499,337,543,632,631,655,603,649,331,382,492,437,390,283,94,0,150,1133,1227,667,79,0,0,aro0921,cross_leg_left,1
1088,1789976060.071213,330,665,755,687,715,677,807,843,755,485,339,583,647,662,655,617,681,341,391,489,437,402,266,95,0,155,1113,1228,639,59,0,21,aro0921,cross_leg_left,1
1089,1789976060.091152,329,639,744,727,731,693,811,831,762,504,333,572,651,636,691,591,687,312,392,489,425,371,251,78,0,106,1105,1227,648,53,0,0,aro0921,cross_leg_left,1
1090,1789976060.111156,332,639,751,703,717,687,807,849,744,499,311,581,601,638,661,588,675,334,423,475,458,381,286,107,0,111,1145,1240,664,79,0,0,aro0921,cross_leg_left,1
1091,1789976060.131231,329,657,758,711,727,669,787,825,763,485,327,573,613,631,677,581,683,343,402,459,429,383,275,120,0,155,1149,1229,661,71,0,0,aro0921,cross_leg_left,1
1092,1789976060.151170,326,648,747,719,728,692,798,837,753,490,342,567,629,649,677,600,667,325,409,471,439,376,269,99,0,123,1127,1221,661,71,0,0,aro0921,cross_leg_left,1
1093,1789976060.171181,329,649,743,732,728,687,807,841,773,501,341,559,623,653,696,601,666,313,391,485,440,359,249,117,0,131,1117,1228,661,85,0,0,aro0921,cross_leg_left,1
1094,1789976060.190365,335,631,755,722,731,683,805,837,747,502,348,557,629,657,664,594,700,341,393,453,425,367,264,99,0,108,1112,1243,635,89,0,0,aro0921,cross_leg_left,1
1095,1789976060.211196,339,623,729,699,717,677,808,841,763,485,327,596,649,631,671,605,685,339,425,483,427,363,261,89,0,123,1135,1243,633,87,0,0,aro0921,cross_leg_left,1
1096,1789976060.231169,332,646,731,725,740,671,809,820,748,491,360,574,651,644,684,582,654,301,392,467,455,399,293,73,0,149,1151,1239,658,88,0,0,aro0921,cross_leg_left,1
1097,1789976060.251156,311,633,755,719,730,691,793,845,759,499,341,573,615,667,691,618,675,317,416,459,447,365,297,111,0,106,1113,1215,652,83,0,0,aro0921,cross_leg_left,1
1098,1789976060.271243,312,650,759,729,713,699,799,815,765,503,351,563,619,667,684,607,676,342,406,483,439,371,253,103,0,162,1147,1199,678,51,0,0,aro0921,cross_leg_left,1
1099,1789976060.291216,314,633,739,717,723,698,813,844,763,485,361,552,621,632,683,598,680,302,405,457,435,378,251,104,0,149,1148,1213,629,53,0,0,aro0921,cross_leg_left,1
1100,1789976060.311178,329,662,761,712,731,670,808,845,755,477,331,589,615,636,683,613,683,340,423,476,421,397,261,84,0,105,1161,1211,659,47,0,0,aro0921,cross_leg_left,1
1101,1789976060.331193,333,649,755,713,731,697,795,843,747,500,327,570,639,629,694,585,661,319,389,489,441,397,243,78,0,133,1139,1204,682,61,0,0,aro0921,cross_leg_left,1
1102,1789976060.351180,325,645,757,709,740,681,811,811,745,485,363,584,631,668,693,615,684,331,403,487,427,377,282,89,0,157,1130,1205,670,69,0,0,aro0921,cross_leg_left,1
1103,1789976060.371169,312,633,749,713,722,687,805,815,739,479,317,573,654,651,698,613,685,317,409,462,409,399,280,74,0,105,1130,1245,647,43,0,0,aro0921,cross_leg_left,1
1104,1789976060.391238,328,648,743,723,728,687,809,831,751,491,343,539,633,631,671,611,662,317,405,457,427,366,269,94,0,155,1127,1222,647,69,0,0,aro0921,cross_leg_left,1
1105,1789976060.411176,324,646,747,723,725,691,799,831,751,489,343,565,631,651,679,599,659,319,415,471,453,377,273,97,0,124,1127,1227,647,87,0,0,aro0921,cross_leg_left,1
1106,1789976060.431173,331,653,749,715,717,703,789,829,761,488,355,559,635,632,685,587,681,308,392,490,422,377,261,97,0,137,1145,1205,683,77,0,0,aro0921,cross_leg_left,1
1107,1789976060.450438,325,655,743,709,728,697,800,831,759,479,364,553,622,647,695,597,661,305,393,486,437,365,285,89,0,135,1147,1207,670,51,0,0,aro0921,cross_leg_left,1
1108,1789976060.471295,311,645,757,731,735,701,795,827,739,478,349,575,611,633,661,541,651,304,395,455,415,363,253,116,0,107,1109,1229,651,44,0,0,aro0921,cross_leg_left,1
1109,1789976060.491171,333,646,733,729,717,692,807,843,764,501,348,543,614,647,683,602,657,317,421,457,431,363,253,77,0,106,1109,1215,663,43,0,0,aro0921,cross_leg_left,1
1110,1789976060.511303,325,631,755,723,732,691,799,823,749,501,343,543,623,633,692,617,667,316,419,487,459,381,253,117,0,149,1147,1198,653,57,0,0,aro0921,cross_leg_left,1
1111,1789976060.531177,315,635,734,731,725,681,783,829,758,501,355,548,619,647,695,611,684,317,421,455,425,393,283,95,0,148,1144,1237,677,59,0,0,aro0921,cross_leg_left,1
1112,1789976060.551179,313,645,738,701,715,680,803,824,739,494,329,544,654,649,677,599,683,317,421,459,447,363,278,99,0,101,1139,1246,671,87,0,0,aro0921,cross_leg_left,1
1113,1789976060.571204,312,651,731,732,715,679,794,845,765,503,329,584,626,671,655,583,667,329,423,455,436,357,249,75,0,175,1101,1208,681,41,0,0,aro0921,cross_leg_left,1
1114,1789976060.591224,327,649,743,723,727,691,799,831,751,493,345,565,633,652,671,600,667,319,407,471,434,379,275,101,0,127,1131,1223,663,57,0,0,aro0921,cross_leg_left,1
1115,1789976060.611178,327,649,744,723,729,694,789,827,747,501,341,569,632,651,681,601,669,327,405,447,453,368,264,102,0,126,1129,1223,637,67,0,0,aro0921,cross_leg_left,1
1116,1789976060.631171,328,633,758,729,741,677,813,845,744,484,340,571,649,665,660,615,658,301,413,458,443,367,255,79,0,121,1107,1237,677,45,0,0,aro0921,cross_leg_left,1
1117,1789976060.651285,327,636,739,717,739,688,807,828,742,500,364,551,619,630,681,589,672,337,427,456,422,395,253,105,0,109,1141,1241,661,69,0,0,aro0921,cross_leg_left,1
1118,1789976060.671180,331,659,758,723,737,692,783,849,739,491,329,571,655,633,687,617,685,302,405,487,454,397,276,75,0,125,1127,1195,639,45,0,0,aro0921,cross_leg_left,1
1119,1789976060.691180,331,633,747,731,735,697,787,842,754,492,354,573,645,645,682,585,675,330,421,485,429,361,273,85,0,151,1147,1224,667,61,0,0,aro0921,cross_leg_left,1
1120,1789976060.711228,312,662,727,711,734,680,815,814,763,485,343,548,621,669,664,594,685,319,426,469,442,365,275,91,0,111,1111,1239,680,54,0,0,aro0921,cross_leg_left,1
1121,1789976060.731255,339,639,757,709,739,685,795,843,757,491,362,585,615,651,687,589,667,313,393,487,415,372,294,119,0,119,1103,1205,651,47,0,0,aro0921,cross_leg_left,1
1122,1789976060.751190,339,661,731,724,741,679,799,851,742,478,334,583,658,649,698,600,671,299,399,473,421,366,249,79,0,126,1129,1251,636,60,0,0,aro0921,cross_leg_left,1
1123,1789976060.771217,339,647,741,709,739,696,787,845,745,478,327,569,651,633,691,607,681,307,403,489,443,362,275,91,0,123,1135,1242,680,89,0,0,aro0921,cross_leg_left,1
1124,1789976060.791206,331,635,752,724,717,698,804,841,745,491,331,580,620,632,664,611,667,338,403,481,436,375,271,109,0,138,1123,1205,657,61,0,0,aro0921,cross_leg_left,1
1125,1789976060.811176,311,633,747,713,723,681,804,843,741,483,347,565,639,664,687,627,653,300,413,478,440,365,281,91,0,91,1113,1208,647,75,0,0,aro0921,cross_leg_left,1
1126,1789976060.831221,309,660,731,716,731,686,795,839,751,487,343,585,636,655,663,600,692,309,382,489,435,379,268,83,0,103,1097,1191,659,69,0,0,aro0921,cross_leg_left,1
1127,1789976060.851187,325,647,744,723,727,687,795,828,750,489,345,568,633,650,677,597,667,319,407,475,435,378,273,101,0,134,1119,1227,668,69,0,0,aro0921,cross_leg_left,1
1128,1789976060.871182,311,647,733,731,733,685,790,827,739,485,361,544,635,667,692,587,675,319,405,458,413,373,251,75,0,143,1133,1211,653,55,0,0,aro0921,cross_leg_left,1
1129,1789976060.891169,315,655,744,730,744,699,809,825,745,488,357,557,647,659,691,583,679,331,414,467,443,392,279,105,0,146,1135,1241,648,60,0,0,aro0921,cross_leg_left,1
1130,1789976060.911207,326,662,758,701,717,685,804,819,743,499,353,569,621,651,685,573,682,315,422,471,436,382,251,83,0,139,1125,1228,683,39,0,0,aro0921,cross_leg_left,1
1131,1789976060.931206,335,637,743,712,725,697,815,830,750,487,363,547,619,631,677,581,652,299,391,454,409,405,296,93,0,127,1103,1210,663,75,0,0,aro0921,cross_leg_left,1
1132,1789976060.951204,311,655,751,710,717,683,813,837,759,487,343,579,653,664,677,587,653,309,389,456,423,371,261,93,0,136,1107,1229,651,74,0,0,aro0921,cross_leg_left,1
1133,1789976060.971253,333,649,733,711,734,689,813,843,744,488,356,582,649,666,663,615,659,329,391,487,455,366,255,79,0,149,1109,1255,679,43,0,0,aro0921,cross_leg_left,1
1134,1789976060.991047,323,653,744,728,722,681,811,839,751,496,347,548,623,663,691,613,683,303,394,459,423,383,285,85,0,121,1147,1237,649,51,0,0,aro0921,cross_leg_left,1
1135,1789976061.011231,337,652,748,699,741,703,808,830,759,490,359,582,654,629,679,629,669,311,424,458,454,363,249,83,0,123,1159,1240,635,101,0,20,aro0921,cross_leg_left,1
1136,1789976061.031217,325,653,744,710,729,693,804,820,751,493,357,553,617,675,665,600,682,329,423,456,437,381,271,73,0,103,1139,1233,677,71,0,0,aro0921,cross_leg_left,1
1137,1789976061.051181,328,649,745,723,729,693,805,839,755,492,343,563,635,651,681,599,669,323,411,475,439,377,275,101,0,147,1126,1223,667,69,0,0,aro0921,cross_leg_left,1
1138,1789976061.071215,311,647,735,733,730,700,811,827,751,483,363,556,658,669,665,619,663,340,398,471,446,362,281,115,0,127,1107,1211,647,51,0,0,aro0921,cross_leg_left,1
1139,1789976061.091188,319,633,744,719,725,699,800,826,761,495,357,551,619,637,669,589,661,339,395,475,454,373,251,79,0,149,1109,1213,671,78,0,0,aro0921,cross_leg_left,1
1140,1789976061.111240,335,663,752,731,717,703,813,850,748,488,307,587,663,631,663,596,697,302,407,466,424,383,279,109,0,106,1096,1243,651,91,0,0,aro0921,cross_leg_left,1
1141,1789976061.131218,333,655,751,713,743,681,797,829,746,492,329,556,613,635,693,586,676,339,404,439,423,396,251,101,0,120,1124,1235,669,69,0,0,aro0921,cross_leg_left,1
1142,1789976061.151193,315,635,744,739,725,702,799,824,746,489,338,564,619,645,684,603,677,315,420,487,447,393,267,91,0,119,1113,1209,661,48,0,0,aro0921,cross_leg_left,1
1143,1789976061.171237,333,653,745,711,726,684,811,837,741,490,325,583,603,669,675,587,655,313,391,485,456,395,253,85,0,108,1149,1200,658,57,0,0,aro0921,cross_leg_left,1
1144,1789976061.191233,329,633,749,735,731,709,789,849,765,489,329,583,649,633,681,589,671,303,397,498,429,379,286,83,0,156,1111,1237,664,73,0,0,aro0921,cross_leg_left,1
1145,1789976061.211204,331,650,751,722,729,697,811,837,775,495,370,552,649,634,649,585,659,299,393,457,441,398,269,77,0,147,1107,1239,676,51,0,0,aro0921,cross_leg_left,1
1146,1789976061.231227,325,639,757,729,725,683,793,837,760,483,317,584,653,661,673,611,671,309,404,490,437,411,298,95,0,111,1109,1223,659,63,0,0,aro0921,cross_leg_left,1
1147,1789976061.251239,327,648,745,723,731,695,803,839,751,493,346,560,635,653,671,601,669,319,407,472,439,375,269,103,0,135,1129,1215,661,69,0,0,aro0921,cross_leg_left,1
1148,1789976061.271206,319,635,745,733,731,691,815,842,743,487,343,563,648,632,667,621,663,301,419,459,446,371,261,93,0,133,1123,1251,679,74,0,0,aro0921,cross_leg_left,1
1149,1789976061.291279,311,664,731,712,725,685,797,824,757,491,337,574,617,665,661,610,675,299,421,489,427,381,267,108,0,121,1109,1243,683,42,0,0,aro0921,cross_leg_left,1
1150,1789976061.311201,310,651,753,713,729,692,791,823,756,491,361,551,639,637,693,617,670,312,372,485,431,383,291,119,0,143,1105,1228,655,89,0,0,aro0921,cross_leg_left,1
1151,1789976061.331202,313,633,751,713,721,701,805,824,767,489,318,550,651,633,665,605,655,327,425,455,425,377,250,81,0,110,1133,1224,683,56,0,0,aro0921,cross_leg_left,1
1152,1789976061.351219,331,633,740,713,728,683,811,846,760,502,325,554,619,637,663,615,675,301,412,459,447,371,261,111,0,110,1129,1213,647,62,0,0,aro0921,cross_leg_left,1
1153,1789976061.371210,333,629,729,721,723,680,790,855,749,507,349,539,612,663,658,600,643,297,406,485,447,399,279,76,0,136,1142,1235,686,45,0,0,aro0921,cross_leg_left,1
1154,1789976061.391198,315,659,733,733,745,701,790,823,751,516,340,543,637,659,661,603,681,333,411,488,421,381,285,98,0,107,1111,1245,680,84,0,0,aro0921,cross_leg_left,1
1155,1789976061.411214,332,661,755,729,739,691,793,851,756,505,347,544,615,659,679,619,691,310,407,457,455,395,285,115,0,147,1107,1208,693,47,0,0,aro0921,cross_leg_left,1
1156,1789976061.431224,311,635,734,731,729,687,799,819,745,518,355,555,639,669,675,615,659,345,412,453,421,403,287,91,0,151,1111,1241,667,85,0,0,aro0921,cross_leg_left,1
1157,1789976061.451187,317,647,743,722,743,700,804,831,754,492,344,565,632,652,679,597,671,317,409,475,445,379,275,91,0,127,1135,1223,659,63,0,0,aro0921,cross_leg_left,1
1158,1789976061.471193,312,647,751,733,739,701,811,824,763,487,344,565,643,653,680,600,667,315,425,466,419,391,247,118,0,127,1125,1239,650,54,0,0,aro0921,cross_leg_left,1
1159,1789976061.491247,336,635,751,723,743,687,792,827,750,495,355,563,633,635,675,589,684,319,399,454,423,383,285,104,0,111,1113,1228,683,45,0,0,aro0921,cross_leg_left,1
1160,1789976061.511181,329,659,743,734,746,693,793,839,741,486,362,592,623,636,669,617,677,329,403,487,421,359,200,103,0,117,1112,1223,631,56,0,0,aro0921,cross_leg_left,1
1161,1789976061.531200,325,633,731,715,727,711,821,819,757,485,325,570,615,637,693,603,683,327,393,475,439,393,291,103,0,155,1130,1243,643,45,0,0,aro0921,cross_leg_left,1
1162,1789976061.551275,339,659,741,733,725,711,791,852,743,501,340,568,627,665,697,585,664,327,403,443,455,363,263,103,0,147,1133,1199,670,63,0,0,aro0921,cross_leg_left,1
1163,1789976061.571228,332,659,757,713,733,703,806,851,767,485,329,585,627,631,659,603,653,315,422,453,445,390,251,90,0,111,1107,1197,678,92,0,0,aro0921,cross_leg_left,1
1164,1789976061.591231,330,634,746,729,749,703,793,852,751,503,358,573,633,668,681,611,659,312,397,475,421,393,275,105,0,150,1126,1237,677,88,0,0,aro0921,cross_leg_left,1
1165,1789976061.611194,331,651,743,713,752,699,799,831,747,491,333,554,617,661,664,616,659,295,393,479,453,405,282,87,0,109,1132,1235,669,91,0,0,aro0921,cross_leg_left,1
1166,1789976061.631236,311,663,730,712,747,692,798,840,749,493,327,551,617,623,695,617,639,319,407,471,435,376,275,99,0,153,1109,1247,662,61,0,0,aro0921,cross_leg_left,1
1167,1789976061.651209,328,649,743,723,740,697,799,837,752,497,343,567,633,651,677,602,669,316,403,471,427,377,271,109,0,125,1133,1225,662,67,0,0,aro0921,cross_leg_left,1
1168,1789976061.671192,317,601,740,719,731,693,818,837,751,493,327,548,650,697,691,589,684,339,405,463,420,399,274,73,0,111,1128,1237,683,84,0,0,aro0921,cross_leg_left,1
1169,1789976061.691265,313,637,739,723,734,686,805,837,733,498,343,581,615,654,691,615,655,313,420,461,447,391,237,87,0,153,1143,1224,683,61,0,0,aro0921,cross_leg_left,1
1170,1789976061.711185,333,647,747,717,730,681,803,845,747,504,320,551,650,667,670,623,661,327,412,458,451,367,283,117,0,139,1097,1206,659,54,0,0,aro0921,cross_leg_left,1
1171,1789976061.731210,329,631,731,725,739,693,797,828,750,517,373,543,627,665,683,598,665,317,425,469,461,374,247,75,0,147,1123,1267,634,45,0,0,aro0921,cross_leg_left,1
1172,1789976061.751247,333,633,739,731,743,709,805,844,741,487,361,551,637,659,661,602,683,319,376,477,453,395,251,85,0,95,1107,1245,649,47,0,0,aro0921,cross_leg_left,1
1173,1789976061.771251,329,661,763,724,745,691,792,849,757,505,349,536,653,648,665,603,649,303,421,459,419,389,285,116,0,141,1125,1213,687,57,0,0,aro0921,cross_leg_left,1
1174,1789976061.791240,329,655,751,714,728,681,799,829,745,489,345,549,632,664,687,598,655,332,391,467,454,391,277,85,0,148,1124,1223,677,60,0,0,aro0921,cross_leg_left,1
1175,1789976061.811240,328,632,733,738,737,679,810,851,741,493,331,569,649,633,683,589,681,329,395,461,441,307,292,120,0,147,1141,1193,645,89,0,0,aro0921,cross_leg_left,1
1176,1789976061.831197,313,662,755,713,725,671,798,821,755,491,345,585,621,651,689,589,659,301,426,476,431,355,298,99,0,159,1159,1199,661,85,0,0,aro0921,cross_leg_left,1
1177,1789976061.851194,319,648,750,725,740,693,803,839,751,492,345,557,632,655,685,600,651,316,407,475,439,374,266,93,0,128,1123,1229,663,69,0,0,aro0921,cross_leg_left,1
1178,1789976061.871243,316,659,757,714,740,678,793,819,743,485,357,583,621,669,661,595,682,288,423,445,422,365,253,111,0,139,1148,1213,647,93,0,0,aro0921,cross_leg_left,1
1179,1789976061.891215,332,637,739,703,727,701,805,829,747,499,363,571,647,645,675,601,683,318,423,454,447,404,285,116,0,135,1123,1209,645,51,0,0,aro0921,cross_leg_left,1
1180,1789976061.911216,331,657,759,742,727,697,813,841,747,489,331,529,616,651,662,614,685,301,395,473,413,403,261,89,0,107,1149,1197,679,83,0,0,aro0921,cross_leg_left,1
1181,1789976061.931215,329,633,748,730,749,709,812,847,751,479,367,581,623,645,651,611,676,300,395,453,444,357,253,93,0,143,1131,1243,647,47,0,27,aro0921,cross_leg_left,1
1182,1789976061.951247,331,635,747,733,741,677,809,847,749,482,379,495,659,667,695,590,671,307,405,485,411,390,252,89,0,121,1110,1227,645,84,0,25,aro0921,cross_leg_left,1
1183,1789976061.971198,331,651,733,737,748,698,797,847,752,473,345,585,619,645,671,603,683,303,407,476,438,395,286,115,0,124,1126,1204,681,77,0,0,aro0921,cross_leg_left,1
1184,1789976061.991231,317,639,733,724,746,701,805,821,757,495,337,563,645,648,675,589,678,311,395,485,441,360,251,86,0,123,1129,1249,681,83,0,0,aro0921,cross_leg_left,1
1185,1789976062.011235,307,637,746,733,739,683,809,823,735,490,325,583,661,668,659,619,687,329,425,455,455,352,243,104,0,137,1141,1211,682,47,0,0,aro0921,cross_leg_left,1
1186,1789976062.031191,341,639,745,715,739,685,815,845,739,491,327,583,635,634,666,615,680,309,395,490,436,379,247,89,0,139,1101,1213,671,59,0,0,aro0921,cross_leg_left,1
1187,1789976062.051191,325,651,744,723,735,695,803,836,750,489,345,559,635,646,679,605,671,324,397,468,435,379,275,99,0,137,1129,1231,663,79,0,0,aro0921,cross_leg_left,1
1188,1789976062.071220,327,663,743,713,741,697,799,827,745,503,344,567,623,655,692,607,679,311,407,469,423,379,286,79,0,137,1149,1212,651,87,0,0,aro0921,cross_leg_left,1
1189,1789976062.091208,313,657,737,726,749,681,803,815,759,479,349,552,653,645,671,587,686,335,403,455,445,367,291,104,0,105,1115,1206,675,49,0,0,aro0921,cross_leg_left,1
1190,1789976062.111176,335,633,731,731,749,683,813,845,742,477,319,553,667,661,677,605,679,317,393,473,419,373,251,105,0,135,1108,1241,683,93,0,0,aro0921,cross_leg_left,1
1191,1789976062.131230,313,659,755,711,757,691,811,837,739,507,331,564,617,638,695,613,647,328,403,461,413,361,279,108,0,155,1113,1247,661,39,0,0,aro0921,cross_leg_left,1
1192,1789976062.151223,317,637,730,729,741,697,799,838,748,503,335,566,621,656,667,599,685,319,411,477,425,377,275,109,0,125,1131,1246,680,55,0,0,aro0921,cross_leg_left,1
1193,1789976062.171224,335,650,755,721,729,685,815,824,741,491,378,572,615,675,661,585,687,341,393,455,459,359,277,93,0,107,1139,1234,663,39,0,0,aro0921,cross_leg_left,1
1194,1789976062.191233,335,623,741,717,726,694,810,829,761,501,366,585,649,655,663,627,687,330,389,475,419,401,263,99,0,114,1105,1215,683,75,0,0,aro0921,cross_leg_left,1
1195,1789976062.211247,315,645,743,733,724,713,787,843,765,489,359,585,611,643,681,597,645,315,406,487,429,391,269,101,0,143,1157,1245,680,43,0,0,aro0921,cross_leg_left,1
1196,1789976062.231194,317,661,739,717,727,691,808,811,757,477,357,568,653,663,685,589,675,339,420,456,439,389,250,89,0,143,1143,1243,621,39,0,0,aro0921,cross_leg_left,1
1197,1789976062.251222,325,647,745,723,738,693,799,837,751,489,350,558,635,655,692,601,668,317,393,471,437,375,274,93,0,134,1139,1227,661,61,0,0,aro0921,cross_leg_left,1
1198,1789976062.271243,310,645,743,745,745,664,811,821,759,476,348,565,660,655,677,601,675,329,391,486,435,395,253,77,0,127,1103,1224,695,86,0,0,aro0921,cross_leg_left,1
1199,1789976062.291320,311,633,734,714,741,681,807,840,755,483,373,567,645,665,699,590,678,326,407,453,421,402,283,77,0,157,1117,1247,649,91,0,0,aro0921,cross_leg_left,1
1200,1789976062.311232,339,651,749,711,750,703,797,841,747,487,367,565,651,631,679,617,685,309,391,490,454,366,271,89,0,157,1109,1227,659,53,0,0,aro0921,cross_leg_left,1
1201,1789976062.331237,315,659,752,715,735,698,790,824,757,477,344,559,623,671,665,613,681,307,419,475,453,383,267,87,0,146,1133,1233,675,83,0,0,aro0921,cross_leg_left,1
1202,1789976062.351191,335,645,741,732,724,695,807,843,761,500,381,567,651,669,669,621,669,340,421,489,423,376,287,117,0,137,1113,1245,678,52,0,0,aro0921,cross_leg_left,1
1203,1789976062.371207,333,632,751,725,735,685,811,822,741,492,371,541,652,637,659,610,651,338,419,489,457,371,251,92,0,99,1133,1215,663,40,0,0,aro0921,cross_leg_left,1
1204,1789976062.391250,327,635,752,733,739,702,795,823,751,483,371,548,637,651,691,619,655,301,420,487,415,375,283,83,0,117,1132,1223,671,51,0,0,aro0921,cross_leg_left,1
1205,1789976062.411203,333,653,742,713,732,703,810,830,743,488,328,587,623,637,681,597,687,339,379,461,447,365,262,116,0,149,1132,1205,649,44,0,0,aro0921,cross_leg_left,1
1206,1789976062.431192,347,661,732,733,733,693,791,846,743,479,367,549,623,665,663,584,661,309,407,453,455,359,271,118,0,141,1145,1210,685,51,0,0,aro0921,cross_leg_left,1
1207,1789976062.451200,326,648,743,723,733,693,797,829,750,490,351,571,635,655,679,601,667,326,406,472,431,371,270,99,0,136,1129,1224,661,60,0,0,aro0921,cross_leg_left,1
1208,1789976062.471231,313,639,739,725,738,709,787,846,761,495,353,564,636,665,680,596,669,309,425,469,414,391,284,117,0,133,1130,1234,635,63,0,0,aro0921,cross_leg_left,1
1209,1789976062.491186,343,633,741,723,727,693,791,845,763,483,345,588,621,667,669,611,663,317,396,489,425,383,283,90,0,153,1132,1239,637,55,0,0,aro0921,cross_leg_left,1
1210,1789976062.511230,311,659,749,713,735,693,804,822,757,501,361,587,653,649,665,623,655,326,392,487,423,381,253,85,0,109,1143,1211,677,81,0,0,aro0921,cross_leg_left,1
1211,1789976062.531264,311,659,755,735,731,693,800,819,749,500,367,563,648,634,669,587,684,334,415,455,445,372,259,114,0,111,1115,1251,670,70,0,0,aro0921,cross_leg_left,1
1212,1789976062.551033,341,661,730,734,740,703,815,829,761,485,334,585,615,635,693,585,681,314,422,472,415,377,269,107,0,111,1145,1223,671,44,0,0,aro0921,cross_leg_left,1
1213,1789976062.571337,313,653,741,739,724,679,807,827,761,486,329,587,623,631,654,583,650,299,383,451,411,391,278,83,0,101,1134,1209,671,43,0,0,aro0921,cross_leg_left,1
1214,1789976062.591462,328,660,745,724,717,683,789,827,751,487,335,554,639,663,691,607,654,333,393,471,425,375,275,103,0,147,1138,1238,669,78,0,0,aro0921,cross_leg_left,1
1215,1789976062.611249,329,659,739,725,732,701,805,841,751,477,329,551,619,623,655,588,661,303,393,459,415,397,268,90,0,135,1129,1203,654,69,0,0,aro0921,cross_leg_left,1
1216,1789976062.631245,312,633,733,724,739,697,812,825,757,478,363,553,627,635,678,597,683,333,423,488,419,389,251,75,0,107,1107,1205,671,70,0,0,aro0921,cross_leg_left,1
1217,1789976062.651260,325,647,744,719,731,695,803,824,749,491,355,568,630,653,679,603,671,347,409,471,431,377,274,103,0,127,1131,1222,660,63,0,0,aro0921,cross_leg_left,1
1218,1789976062.671256,325,648,745,725,735,703,792,829,740,502,351,565,632,659,681,603,677,300,409,457,459,401,283,116,0,135,1125,1227,639,42,0,0,aro0921,cross_leg_left,1
1219,1789976062.691262,316,633,739,728,731,689,789,825,757,503,341,557,615,665,693,589,654,332,419,479,455,363,269,79,0,125,1110,1199,657,57,0,0,aro0921,cross_leg_left,1
1220,1789976062.711207,331,667,749,714,728,683,805,827,740,483,355,587,648,634,677,616,680,330,401,487,447,377,255,91,0,108,1109,1223,677,45,0,0,aro0921,cross_leg_left,1
1221,1789976062.731311,315,659,731,728,743,701,789,844,751,501,333,573,659,647,671,604,687,311,398,485,431,373,260,82,0,127,1110,1228,678,45,0,0,aro0921,cross_leg_left,1
1222,1789976062.751229,315,637,739,713,725,697,807,823,761,503,341,555,618,649,696,621,686,309,409,454,436,357,249,101,0,131,1119,1211,665,75,0,0,aro0921,cross_leg_left,1
1223,1789976062.771223,309,638,741,712,723,699,812,821,759,491,315,558,647,647,695,589,680,301,391,455,419,363,247,69,0,152,1131,1241,639,63,0,0,aro0921,cross_leg_left,1
1224,1789976062.791254,337,661,743,715,731,711,799,841,761,482,343,557,635,645,696,609,658,316,403,485,430,361,275,95,0,153,1151,1203,651,85,0,0,aro0921,cross_leg_left,1
1225,1789976062.811250,326,661,719,727,729,696,789,818,746,502,335,586,644,679,678,599,681,301,415,483,456,357,269,83,0,139,1115,1203,635,85,0,0,aro0921,cross_leg_left,1
1226,1789976062.831203,329,661,735,730,748,680,790,829,741,477,357,583,651,648,662,591,658,319,425,473,427,359,255,83,0,153,1151,1243,671,61,0,0,aro0921,cross_leg_left,1
1227,1789976062.851240,325,648,745,725,741,694,807,830,751,489,355,565,633,657,683,601,668,317,407,471,436,379,271,95,0,125,1127,1229,662,78,0,0,aro0921,cross_leg_left,1
1228,1789976062.871223,313,657,747,726,749,681,811,820,761,491,349,563,653,671,679,617,669,251,394,455,457,389,293,79,0,135,1143,1245,679,89,0,0,aro0921,cross_leg_left,1
1229,1789976062.891207,333,651,742,731,733,693,795,825,733,477,367,537,621,651,676,621,655,340,412,473,458,379,265,83,0,141,1118,1214,654,82,0,0,aro0921,cross_leg_left,1
1230,1789976062.911239,337,645,739,733,724,682,783,825,763,479,349,591,627,677,649,628,683,343,405,461,429,403,287,105,0,152,1123,1251,659,79,0,0,aro0921,cross_leg_left,1
1231,1789976062.931227,334,637,732,713,742,682,793,845,746,503,334,585,645,633,677,589,685,315,371,489,421,395,297,83,0,119,1145,1193,655,91,0,0,aro0921,cross_leg_left,1
1232,1789976062.951197,313,647,747,731,727,679,791,831,733,487,365,576,681,627,685,589,669,315,423,459,455,393,270,91,0,135,1129,1205,645,46,0,0,aro0921,cross_leg_left,1
1233,1789976062.971256,317,655,735,731,754,703,807,821,752,487,359,567,615,665,693,615,680,339,414,469,455,391,280,94,0,101,1140,1237,637,63,0,0,aro0921,cross_leg_left,1
1234,1789976062.991238,327,633,745,729,732,681,800,839,759,493,339,583,633,661,665,600,683,303,409,483,429,373,278,88,0,115,1105,1229,669,71,0,0,aro0921,cross_leg_left,1
1235,1789976063.011213,319,647,747,745,759,694,783,827,759,493,361,543,645,623,661,622,662,340,411,475,427,361,273,77,0,139,1133,1239,649,51,0,0,aro0921,cross_leg_left,1
1236,1789976063.031254,339,659,739,739,744,681,793,842,747,491,356,567,631,651,663,583,662,333,426,457,438,393,285,88,0,119,1143,1195,669,45,0,0,aro0921,cross_leg_left,1
1237,1789976063.051241,316,639,757,749,751,699,787,798,741,475,347,585,647,620,675,591,659,325,424,455,421,379,295,111,0,73,1103,1239,675,73,0,0,aro0921,cross_leg_left,1
1238,1789976063.071233,315,661,735,739,750,695,787,823,751,492,376,539,647,632,683,587,670,312,405,483,453,375,291,89,0,153,1125,1207,646,87,0,0,aro0921,cross_leg_left,1
1239,1789976063.091262,327,649,755,735,732,695,797,831,751,492,344,553,633,635,685,619,671,318,409,455,437,377,266,99,0,156,1107,1222,665,57,0,0,aro0921,cross_leg_left,1
1240,1789976063.111255,327,649,745,722,741,693,799,828,751,489,359,567,636,659,681,603,670,318,407,472,431,379,267,93,0,135,1129,1223,649,85,0,0,aro0921,cross_leg_left,1
1241,1789976063.131216,312,635,735,711,754,687,809,821,761,501,360,580,647,669,696,585,665,312,397,485,423,393,253,89,0,113,1149,1231,682,45,0,0,aro0921,cross_leg_left,1
1242,1789976063.151264,334,637,757,717,740,693,805,841,755,493,338,583,619,633,666,605,683,334,407,487,445,367,261,105,0,122,1135,1209,675,53,0,0,aro0921,cross_leg_left,1
1243,1789976063.171240,331,661,739,734,759,701,806,843,756,509,377,539,647,662,659,620,657,318,383,472,421,363,285,107,0,123,1134,1238,653,61,0,0,aro0921,cross_leg_left,1
1244,1789976063.191209,329,637,741,729,729,688,808,841,761,501,355,569,623,631,681,598,685,331,423,475,429,373,250,77,0,147,1129,1205,678,39,0,0,aro0921,cross_leg_left,1
1245,1789976063.211259,327,635,743,728,756,687,795,843,741,501,375,559,617,635,679,622,686,303,406,484,419,395,239,75,0,123,1143,1241,665,71,0,0,aro0921,cross_leg_left,1
1246,1789976063.231229,334,649,748,711,738,701,789,840,755,488,343,567,617,639,680,606,683,302,413,475,441,393,253,76,0,151,1140,1237,677,42,0,0,aro0921,cross_leg_left,1
1247,1789976063.251232,329,653,745,728,733,694,791,826,747,495,363,555,623,667,687,601,685,324,395,483,453,364,281,82,0,141,1134,1251,681,81,0,0,aro0921,cross_leg_left,1
1248,1789976063.271205,319,647,747,725,767,686,791,821,761,487,375,583,617,653,663,616,685,330,395,487,427,309,286,86,0,99,1139,1251,629,39,0,0,aro0921,cross_leg_left,1
1249,1789976063.291272,328,652,733,711,739,701,791,815,761,489,371,568,615,666,668,598,677,315,409,486,415,403,285,104,0,105,1139,1236,677,84,0,0,aro0921,cross_leg_left,1
1250,1789976063.311252,311,639,733,712,756,686,821,823,747,484,368,563,651,683,686,623,691,295,393,490,422,374,251,79,0,135,1133,1225,653,84,0,0,aro0921,cross_leg_left,1
1251,1789976063.331267,317,629,735,709,730,694,791,821,745,483,343,559,639,661,685,601,678,327,393,472,456,357,248,111,0,115,1147,1239,663,87,0,0,aro0921,cross_leg_left,1
1252,1789976063.351234,326,661,745,726,743,693,795,829,749,488,359,567,637,649,681,605,671,319,409,470,429,373,269,93,0,135,1129,1210,655,61,0,0,aro0921,cross_leg_left,1
1253,1789976063.371284,332,633,743,723,742,699,789,847,739,483,357,569,616,654,677,603,670,325,439,446,424,395,279,121,0,127,1101,1205,677,89,0,0,aro0921,cross_leg_left,1
1254,1789976063.391250,339,655,737,718,725,680,803,843,759,495,333,549,647,661,664,585,661,333,423,471,446,393,269,105,0,106,1107,1211,678,45,0,0,aro0921,cross_leg_left,1
1255,1789976063.411224,339,647,760,723,729,687,809,837,765,495,343,547,653,633,671,617,685,315,422,472,441,377,275,88,0,122,1102,1237,659,45,0,0,aro0921,cross_leg_left,1
1256,1789976063.431253,314,637,751,713,751,685,789,829,751,501,371,573,659,651,697,611,685,307,396,461,447,379,285,103,0,151,1133,1243,633,37,0,0,aro0921,cross_leg_left,1
1257,1789976063.451227,334,660,757,735,730,693,806,840,741,479,341,599,614,636,663,596,667,339,423,474,431,394,285,109,0,105,1141,1240,649,81,0,0,aro0921,cross_leg_left,1
1258,1789976063.471228,313,635,746,717,728,697,805,824,758,487,333,537,653,629,663,613,682,315,397,461,454,367,248,83,0,103,1129,1241,655,63,0,0,aro0921,cross_leg_left,1
1259,1789976063.491246,337,648,741,713,749,681,793,837,744,500,327,555,649,667,687,620,664,303,405,485,428,401,279,103,0,147,1093,1197,663,78,0,0,aro0921,cross_leg_left,1
1260,1789976063.511232,339,632,733,713,743,702,793,847,741,489,373,567,621,653,665,618,681,309,391,485,435,394,245,47,0,109,1112,1199,680,77,0,0,aro0921,cross_leg_left,1
1261,1789976063.531217,315,647,754,732,729,685,805,827,765,475,350,555,630,645,667,619,683,315,423,457,428,359,265,87,0,107,1111,1206,671,61,0,0,aro0921,cross_leg_left,1
1262,1789976063.551403,319,651,745,727,743,693,797,829,748,488,357,567,635,655,683,603,669,319,408,470,432,377,273,100,0,135,1124,1227,658,57,0,0,aro0921,cross_leg_left,1
1263,1789976063.571305,338,637,743,729,745,678,812,824,761,479,359,569,644,659,677,606,677,311,413,461,439,373,252,85,0,125,1129,1225,621,41,0,0,aro0921,cross_leg_left,1
1264,1789976063.591241,324,659,757,715,757,687,787,820,748,495,362,553,621,649,696,597,659,313,425,470,423,378,269,91,0,103,1157,1207,686,73,0,0,aro0921,cross_leg_left,1
1265,1789976063.611287,333,639,756,729,755,681,807,839,734,495,364,559,665,647,683,589,681,339,359,460,422,355,294,115,0,106,1107,1228,664,51,0,0,aro0921,cross_leg_left,1
1266,1789976063.631231,317,660,748,716,743,687,789,819,741,495,339,581,627,663,663,601,681,307,415,487,431,377,279,79,0,143,1119,1251,681,87,0,0,aro0921,cross_leg_left,1
1267,1789976063.651230,317,635,749,719,754,683,795,822,761,483,363,549,662,660,681,590,635,319,425,455,419,379,281,99,0,152,1149,1249,678,45,0,0,aro0921,cross_leg_left,1
1268,1789976063.671232,311,653,747,745,755,685,797,825,763,472,371,569,655,637,679,584,690,339,395,455,455,371,279,118,0,99,1110,1208,665,62,0,0,aro0921,cross_leg_left,1
1269,1789976063.691265,334,637,759,723,755,695,810,841,741,478,349,551,621,671,675,615,664,315,393,483,453,361,277,101,0,100,1099,1240,683,40,0,0,aro0921,cross_leg_left,1
1270,1789976063.711243,317,661,759,739,743,691,799,816,757,477,375,551,635,663,661,619,677,315,423,465,408,360,233,121,0,137,1101,1225,683,45,0,0,aro0921,cross_leg_left,1
1271,1789976063.731222,334,652,735,725,750,694,793,829,760,483,367,573,619,675,686,598,683,309,411,469,423,361,287,78,0,145,1141,1231,681,72,0,0,aro0921,cross_leg_left,1
1272,1789976063.751256,329,653,749,726,744,687,797,827,747,485,359,569,635,655,687,603,669,317,407,471,431,374,268,99,0,135,1129,1229,661,56,0,0,aro0921,cross_leg_left,1
1273,1789976063.771250,315,663,729,718,733,699,807,821,735,494,357,595,621,671,669,619,687,299,419,470,425,374,249,73,0,133,1150,1221,683,77,0,0,aro0921,cross_leg_left,1
1274,1789976063.791240,313,661,758,715,756,687,803,819,755,473,372,569,620,671,683,620,653,332,397,460,445,359,269,111,0,139,1141,1227,651,50,0,0,aro0921,cross_leg_left,1
1275,1789976063.811285,310,636,739,715,725,697,783,821,749,491,351,555,615,671,667,621,653,306,383,483,445,393,281,103,0,149,1146,1235,647,41,0,0,aro0921,cross_leg_left,1
1276,1789976063.831339,314,663,747,730,756,692,799,822,733,493,364,585,651,645,676,599,691,301,389,455,435,390,249,111,0,139,1139,1243,662,43,0,0,aro0921,cross_leg_left,1
1277,1789976063.851236,333,663,745,717,743,710,809,845,738,477,367,549,634,633,681,589,684,307,389,487,425,381,269,51,0,127,1113,1191,670,71,0,0,aro0921,cross_leg_left,1
1278,1789976063.871241,315,658,771,741,759,682,791,819,758,492,349,585,659,648,709,597,660,313,419,456,443,367,283,93,0,93,1085,1197,661,71,0,0,aro0921,cross_leg_left,1
1279,1789976063.891262,332,645,758,723,749,701,805,828,743,501,328,549,637,669,675,595,655,302,389,477,435,382,275,103,0,147,1067,1229,647,72,0,0,aro0921,cross_leg_left,1
1280,1789976063.911281,338,648,743,745,741,702,806,825,763,509,358,566,619,669,685,613,651,333,407,473,391,356,271,73,0,143,1075,1187,645,29,0,0,aro0921,cross_leg_left,1
1281,1789976063.931237,317,663,749,752,759,710,815,825,764,499,343,549,649,630,681,590,685,306,395,483,425,349,247,103,0,141,1061,1233,615,21,0,0,aro0921,cross_leg_left,1
1282,1789976063.951255,332,659,759,737,755,696,811,840,757,495,313,565,629,652,681,603,665,312,395,471,426,367,246,78,0,112,1079,1202,616,28,0,0,aro0921,cross_leg_left,1
1283,1789976063.971254,342,667,761,725,749,691,811,829,746,506,311,565,623,651,696,585,639,295,401,441,441,396,253,88,0,115,1093,1184,599,0,0,0,aro0921,cross_leg_left,1
1284,1789976063.991216,333,657,763,743,751,717,815,845,751,507,331,555,639,649,687,575,663,329,407,461,439,377,233,75,0,137,1047,1214,623,25,0,0,aro0921,cross_leg_left,1
1285,1789976064.011312,339,651,775,747,760,691,814,845,756,503,283,573,619,652,697,609,677,315,409,441,441,393,247,75,0,147,1059,1181,595,0,0,0,aro0921,cross_leg_left,1
1286,1789976064.031273,349,670,763,743,767,709,813,829,759,524,329,544,651,669,676,611,645,318,375,475,403,380,219,83,0,85,1047,1187,588,0,0,0,aro0921,cross_leg_left,1
1287,1789976064.051230,345,664,775,739,763,721,808,843,779,501,316,543,633,671,668,596,652,325,377,477,427,365,232,41,0,99,1041,1205,603,0,0,0,aro0921,cross_leg_left,1
1288,1789976064.071224,350,672,751,733,755,713,823,857,755,508,302,569,632,669,671,589,663,309,377,478,428,381,217,45,0,88,1031,1204,612,0,0,0,aro0921,cross_leg_left,1
1289,1789976064.091257,337,671,776,733,749,701,819,836,774,523,268,563,615,659,683,619,651,309,402,455,410,378,205,47,0,119,1049,1199,601,0,0,0,aro0921,cross_leg_left,1
1290,1789976064.111220,361,679,749,737,745,689,823,845,755,525,311,585,621,663,685,633,651,331,403,455,440,374,231,71,0,136,1071,1181,595,0,0,0,aro0921,cross_leg_left,1
1291,1789976064.131309,339,669,759,759,749,692,831,853,752,520,306,581,652,648,671,618,657,332,394,445,441,363,201,68,0,122,1019,1189,581,0,0,0,aro0921,cross_leg_left,1
1292,1789976064.151253,343,669,765,748,760,709,825,851,763,520,314,563,633,658,681,601,670,311,391,463,419,363,213,57,0,107,1043,1187,581,0,0,0,aro0921,cross_leg_left,1
1293,1789976064.171289,331,681,775,743,760,701,813,840,767,533,307,581,627,652,679,603,666,295,409,471,407,380,199,37,0,103,1052,1182,599,0,0,0,aro0921,cross_leg_left,1
1294,1789976064.191247,342,663,761,757,779,712,824,853,777,505,284,563,645,667,677,583,663,299,403,441,411,340,220,71,0,91,1032,1209,575,50,0,0,aro0921,cross_leg_left,1
1295,1789976064.211261,342,663,783,751,759,719,829,861,775,521,299,583,621,665,659,614,644,315,391,435,413,382,214,62,0,95,1063,1175,583,0,0,0,aro0921,cross_leg_left,1
1296,1789976064.231297,334,664,757,741,765,701,831,843,780,509,327,541,623,648,669,615,654,318,379,476,407,371,191,73,0,121,1053,1172,595,26,0,0,aro0921,cross_leg_left,1
1297,1789976064.251239,333,675,779,761,761,699,813,841,774,531,291,565,651,675,678,602,651,330,380,457,411,363,225,41,0,105,1017,1181,591,23,0,0,aro0921,cross_leg_left,1
1298,1789976064.271249,345,683,777,762,773,696,825,847,782,535,328,557,655,629,691,581,680,299,379,453,411,347,204,61,0,81,1034,1181,602,0,0,0,aro0921,cross_leg_left,1
1299,1789976064.291301,333,681,755,748,777,722,815,871,763,535,309,559,635,637,696,623,647,297,407,476,414,369,207,50,0,93,1053,1169,567,26,0,0,aro0921,cross_leg_left,1
1300,1789976064.311266,351,679,787,757,757,719,838,858,763,517,301,585,637,633,671,591,659,301,376,475,429,373,197,41,27,133,1047,1172,569,0,0,0,aro0921,cross_leg_left,1
1301,1789976064.331267,344,679,763,747,755,701,819,843,781,521,301,579,651,668,667,617,653,331,381,455,416,351,227,43,0,109,1030,1193,601,27,0,0,aro0921,cross_leg_left,1
1302,1789976064.351361,346,670,773,750,751,711,826,854,773,529,316,575,632,661,681,605,667,313,394,463,422,359,213,56,0,126,1045,1191,584,0,0,0,aro0921,cross_leg_left,1
1303,1789976064.371251,342,661,757,767,761,717,829,853,781,531,339,539,655,687,661,588,645,333,412,447,409,347,205,52,0,93,1019,1203,584,0,0,0,aro0921,cross_leg_left,1
1304,1789976064.391327,359,671,773,751,761,711,826,853,767,527,316,558,631,653,681,599,666,312,403,462,423,359,212,57,0,107,1033,1191,585,0,0,0,aro0921,cross_leg_left,1
1305,1789976064.411235,345,669,783,727,762,704,843,855,761,531,311,557,633,656,679,605,665,311,397,435,435,345,213,45,0,111,1041,1204,597,0,0,0,aro0921,cross_leg_left,1
1306,1789976064.431259,343,661,763,758,749,716,823,862,775,509,316,563,635,655,667,619,667,302,379,475,439,353,231,51,0,120,1019,1223,607,0,0,0,aro0921,cross_leg_left,1
1307,1789976064.451229,335,679,766,759,777,711,827,847,781,529,318,548,637,635,723,603,664,304,405,458,407,354,218,72,0,103,1051,1164,601,0,0,0,aro0921,cross_leg_left,1
1308,1789976064.471217,339,695,755,741,757,694,842,839,776,508,333,550,616,677,653,617,686,285,409,441,470,341,229,63,0,84,1055,1189,559,0,0,0,aro0921,cross_leg_left,1
1309,1789976064.491260,357,661,781,764,743,703,841,859,773,518,339,573,653,661,691,619,653,331,377,447,427,347,229,45,0,119,1055,1173,571,27,0,0,aro0921,cross_leg_left,1
1310,1789976064.511213,333,678,778,752,760,711,831,847,763,531,334,543,649,655,649,588,648,317,399,459,453,367,199,37,0,91,1023,1177,575,0,0,0,aro0921,cross_leg_left,1
1311,1789976064.531231,343,679,761,759,773,697,839,845,781,536,302,555,628,665,666,613,671,331,392,447,413,347,215,70,0,99,1021,1179,569,0,0,0,aro0921,cross_leg_left,1
1312,1789976064.551123,356,662,763,735,749,721,843,851,781,519,309,551,623,634,676,587,653,294,365,478,421,363,201,71,0,105,1017,1167,602,0,0,0,aro0921,cross_leg_left,1
1313,1789976064.571261,339,679,752,732,775,717,812,841,775,540,317,581,611,677,661,639,663,327,399,441,405,377,210,41,0,126,1060,1195,557,0,0,0,aro0921,cross_leg_left,1
1314,1789976064.591232,343,669,764,745,765,704,827,855,777,533,287,559,631,653,680,601,661,313,393,461,424,363,217,51,0,98,1048,1191,589,0,0,0,aro0921,cross_leg_left,1
1315,1789976064.611226,339,683,764,733,761,709,841,847,775,505,311,563,618,639,697,603,665,333,372,447,445,350,222,77,0,117,1079,1197,570,0,0,0,aro0921,cross_leg_left,1
1316,1789976064.631254,331,661,767,744,749,699,813,849,778,538,300,547,651,647,679,601,667,329,381,469,402,363,217,47,0,105,1052,1175,607,0,0,0,aro0921,cross_leg_left,1
1317,1789976064.651217,351,659,763,743,773,717,840,851,761,523,328,539,617,645,698,595,661,299,411,474,429,345,217,53,0,109,1074,1213,617,27,0,0,aro0921,cross_leg_left,1
1318,1789976064.671220,349,661,781,747,779,695,820,868,783,542,293,557,615,653,702,584,652,298,395,471,435,343,227,30,0,91,1087,1207,621,0,0,0,aro0921,cross_leg_left,1
1319,1789976064.691247,340,663,756,758,763,717,825,853,767,537,295,567,651,637,696,615,651,303,403,475,443,371,201,55,0,143,1068,1177,603,0,0,0,aro0921,cross_leg_left,1
1320,1789976064.711225,357,677,763,742,777,698,826,843,763,532,293,541,619,670,669,613,677,313,377,456,427,379,207,55,0,115,1051,1222,614,0,0,0,aro0921,cross_leg_left,1
1321,1789976064.731229,354,680,778,757,761,713,841,852,787,543,293,575,649,663,702,619,671,332,383,478,431,377,234,74,0,109,1065,1209,613,0,0,0,aro0921,cross_leg_left,1
1322,1789976064.751252,355,639,779,751,759,717,841,868,759,537,291,587,628,660,695,616,647,325,376,467,439,379,199,75,0,141,1049,1235,603,0,0,0,aro0921,cross_leg_left,1
1323,1789976064.771218,357,661,755,740,760,711,837,869,780,521,293,580,628,649,710,587,651,299,379,481,435,340,243,40,0,125,1013,1175,573,0,0,0,aro0921,cross_leg_left,1
1324,1789976064.791213,343,671,767,751,763,713,825,857,766,529,315,557,632,655,679,607,663,315,395,465,422,359,217,57,0,107,1043,1192,594,0,0,0,aro0921,cross_leg_left,1
1325,1789976064.811255,347,680,777,747,751,711,821,861,783,533,296,571,623,659,699,615,675,292,396,483,408,356,206,63,0,135,1035,1173,567,0,0,0,aro0921,cross_leg_left,1
1326,1789976064.831267,335,681,766,755,759,711,813,845,782,536,296,581,632,667,667,619,665,313,405,446,409,363,229,41,0,133,1076,1175,583,0,0,0,aro0921,cross_leg_left,1
1327,1789976064.851262,355,663,763,747,765,697,839,862,785,521,287,573,653,649,666,616,683,299,392,469,411,343,151,41,0,107,1035,1183,571,25,0,0,aro0921,cross_leg_left,1
1328,1789976064.871229,353,678,778,766,775,715,821,849,757,525,329,555,616,623,683,617,687,339,405,477,414,367,234,77,0,106,1001,1166,617,0,0,0,aro0921,cross_leg_left,1
1329,1789976064.891254,358,669,791,757,759,712,813,861,775,542,299,566,647,669,675,615,650,303,381,471,427,359,223,43,0,119,1061,1209,582,24,0,0,aro0921,cross_leg_left,1
1330,1789976064.911243,346,685,789,755,765,711,813,845,776,539,317,558,639,660,680,575,672,331,382,444,413,380,185,73,0,107,1061,1175,588,0,0,0,aro0921,cross_leg_left,1
1331,1789976064.931235,347,685,790,763,765,699,840,846,767,521,327,541,630,651,665,599,658,330,377,472,414,355,219,45,0,135,1066,1213,621,0,0,0,aro0921,cross_leg_left,1
1332,1789976064.951254,349,685,781,773,764,709,815,854,776,541,293,567,647,661,703,605,675,299,379,476,405,363,227,35,0,111,1055,1199,553,25,0,0,aro0921,cross_leg_left,1
1333,1789976064.971236,341,670,773,747,755,719,839,843,799,531,295,542,663,639,693,612,680,311,395,472,413,356,196,71,0,84,1032,1207,585,0,0,0,aro0921,cross_leg_left,1
1334,1789976064.991228,361,679,763,755,757,719,823,859,767,525,345,547,637,647,667,589,681,319,397,473,406,343,191,83,0,147,1047,1207,582,29,0,0,aro0921,cross_leg_left,1
1335,1789976065.011280,359,671,793,743,761,703,839,859,759,537,342,551,649,631,700,585,662,330,371,477,421,351,191,71,0,84,1075,1170,588,29,0,0,aro0921,cross_leg_left,1
1336,1789976065.031241,347,677,777,757,765,699,821,846,765,531,316,563,634,652,681,603,664,316,393,459,418,355,199,53,0,109,1051,1191,589,0,0,0,aro0921,cross_leg_left,1
1337,1789976065.051217,357,676,775,761,762,723,837,849,761,549,319,557,637,659,696,607,674,301,378,461,421,353,195,61,0,108,1047,1195,611,0,0,0,aro0921,cross_leg_left,1
1338,1789976065.071217,363,692,775,765,777,723,815,857,765,525,317,565,651,652,661,591,653,331,407,459,404,343,205,57,0,133,1069,1214,588,0,0,0,aro0921,cross_leg_left,1
1339,1789976065.091265,355,686,793,760,755,725,819,855,758,519,295,555,623,671,711,605,684,301,383,457,407,343,200,55,0,70,1033,1177,611,0,0,0,aro0921,cross_leg_left,1
1340,1789976065.111215,335,681,779,776,757,699,809,837,767,541,331,549,633,633,687,596,687,299,377,472,441,349,183,87,0,139,1048,1225,585,31,0,0,aro0921,cross_leg_left,1
1341,1789976065.131231,349,683,781,778,763,701,831,856,767,523,303,554,617,637,667,604,659,333,397,457,413,359,201,57,0,89,1021,1177,611,21,0,0,aro0921,cross_leg_left,1
1342,1789976065.151274,339,667,781,763,772,723,829,839,793,533,338,575,635,665,695,611,681,309,373,446,438,379,221,63,0,117,1071,1223,581,29,0,0,aro0921,cross_leg_left,1
1343,1789976065.171260,359,685,790,779,777,697,821,828,757,521,328,573,619,654,677,605,685,301,371,455,428,347,197,30,0,98,1044,1179,602,33,0,0,aro0921,cross_leg_left,1
1344,1789976065.191237,357,691,773,763,783,717,813,853,775,529,341,571,645,659,686,595,646,329,399,471,419,349,184,69,0,125,1068,1221,571,26,0,0,aro0921,cross_leg_left,1
1345,1789976065.211263,357,667,767,763,767,713,825,851,780,527,328,565,639,621,663,587,675,291,379,428,404,381,211,30,0,99,1021,1176,616,37,0,0,aro0921,cross_leg_left,1
1346,1789976065.231267,346,667,779,766,763,709,819,843,763,525,315,559,647,653,681,605,667,315,391,465,415,355,205,46,0,87,1052,1198,590,0,0,0,aro0921,cross_leg_left,1
1347,1789976065.251214,347,679,781,763,767,711,819,845,767,524,327,563,638,659,683,604,668,316,395,461,415,357,205,50,0,115,1051,1195,591,0,0,0,aro0921,cross_leg_left,1
1348,1789976065.271257,341,665,791,757,775,711,823,827,765,525,329,579,612,679,696,590,649,297,375,461,421,354,203,55,0,140,1039,1147,597,0,0,0,aro0921,cross_leg_left,1
1349,1789976065.291224,349,681,781,765,765,702,819,847,765,521,329,566,639,659,680,603,667,315,391,461,413,356,211,50,0,110,1059,1196,579,0,0,0,aro0921,cross_leg_left,1
1350,1789976065.311242,357,691,776,783,752,693,827,827,777,531,303,565,638,679,713,619,661,329,373,469,437,371,198,47,0,107,1063,1221,612,0,0,0,aro0921,cross_leg_left,1
1351,1789976065.331288,351,669,791,759,776,693,812,825,755,517,339,565,628,646,681,598,685,307,371,439,419,357,221,43,0,120,1065,1189,584,0,0,0,aro0921,cross_leg_left,1
1352,1789976065.351246,373,690,766,773,781,702,819,844,773,519,345,568,623,672,693,594,661,333,407,468,431,355,222,57,0,115,1055,1176,572,0,0,0,aro0921,cross_leg_left,1
1353,1789976065.371329,361,692,793,773,767,698,821,855,776,533,350,580,653,665,685,609,653,299,396,441,431,374,219,56,0,137,1021,1211,611,0,0,0,aro0921,cross_leg_left,1
1354,1789976065.391320,341,679,767,765,757,713,809,839,757,495,327,549,617,671,677,589,657,329,405,459,407,343,183,70,0,116,1032,1177,603,0,0,0,aro0921,cross_leg_left,1
1355,1789976065.411293,344,683,788,776,779,717,821,859,775,521,349,579,623,669,693,603,659,319,413,441,423,350,197,55,0,109,1043,1183,616,0,0,0,aro0921,cross_leg_left,1
1356,1789976065.431254,339,679,787,767,773,711,821,835,765,520,332,554,621,649,679,619,659,308,379,445,431,345,185,31,0,109,1052,1191,615,0,0,0,aro0921,cross_leg_left,1
1357,1789976065.451220,357,668,765,764,779,695,819,845,760,491,345,579,623,655,685,597,652,334,404,461,397,371,223,53,0,109,1043,1179,615,0,0,0,aro0921,cross_leg_left,1
1358,1789976065.471261,341,691,795,767,749,704,815,843,759,503,315,558,664,634,671,589,651,314,412,467,422,359,203,27,0,91,1059,1199,588,0,0,0,aro0921,cross_leg_left,1
1359,1789976065.491267,348,681,781,765,764,701,797,839,761,505,332,562,645,657,682,611,667,317,394,460,419,356,201,51,0,111,1051,1197,595,0,0,0,aro0921,cross_leg_left,1
1360,1789976065.511278,337,671,789,777,781,714,823,827,751,495,348,589,655,637,670,617,661,303,373,437,405,347,197,69,0,121,1046,1179,595,0,0,0,aro0921,cross_leg_left,1
1361,1789976065.531256,350,677,789,761,761,702,808,837,775,507,295,555,649,649,695,607,684,307,393,457,397,340,196,37,0,105,1062,1194,572,0,0,0,aro0921,cross_leg_left,1
1362,1789976065.551280,343,671,791,760,767,693,823,850,765,501,332,586,622,666,669,611,663,301,392,445,401,368,207,71,0,136,1035,1189,575,0,0,0,aro0921,cross_leg_left,1
1363,1789976065.571259,339,665,764,755,775,709,811,857,749,502,308,573,639,645,666,595,661,316,393,439,424,373,221,31,0,84,1052,1179,617,0,0,0,aro0921,cross_leg_left,1
1364,1789976065.591257,359,683,785,757,749,702,807,851,760,507,311,585,645,645,669,611,668,327,374,469,408,351,223,69,0,121,1072,1181,595,24,0,0,aro0921,cross_leg_left,1
1365,1789976065.611254,359,692,795,772,765,693,827,827,773,534,309,569,651,653,701,620,687,311,373,445,429,365,217,40,0,89,1069,1223,581,28,0,0,aro0921,cross_leg_left,1
1366,1789976065.631232,345,669,792,759,757,699,811,853,755,504,333,563,660,663,669,607,653,317,383,469,421,370,215,50,0,127,1077,1206,571,22,0,0,aro0921,cross_leg_left,1
1367,1789976065.651268,343,686,793,767,785,709,825,838,778,524,345,588,633,661,700,611,669,334,406,443,423,374,223,37,0,127,1049,1183,611,27,0,0,aro0921,cross_leg_left,1
1368,1789976065.671273,357,691,793,786,783,721,803,828,751,519,353,571,655,643,655,607,659,319,377,447,407,360,227,73,0,122,1053,1209,612,31,0,0,aro0921,cross_leg_left,1
1369,1789976065.690907,340,677,783,780,759,711,820,841,757,503,335,581,630,633,665,595,655,339,401,475,402,372,205,69,0,121,1054,1181,603,0,0,0,aro0921,cross_leg_left,1
1370,1789976065.710813,343,664,794,771,756,699,826,849,777,531,303,551,649,647,685,618,689,333,392,477,431,367,216,27,0,101,1031,1193,612,0,0,0,aro0921,cross_leg_left,1
1371,1789976065.731167,349,679,781,768,776,711,823,851,763,509,317,567,645,657,687,605,666,319,395,463,403,333,207,53,0,101,1054,1199,595,20,0,0,aro0921,cross_leg_left,1
1372,1789976065.751261,349,680,781,775,773,717,821,845,759,508,328,565,649,659,687,605,675,319,389,461,399,375,201,55,0,114,1055,1199,584,0,0,0,aro0921,cross_leg_left,1
1373,1789976065.771238,339,671,787,763,775,711,819,828,767,525,305,587,617,681,699,623,687,301,371,456,428,373,206,77,0,85,1039,1166,615,0,0,0,aro0921,cross_leg_left,1
1374,1789976065.791316,331,667,766,783,785,699,825,829,775,533,339,549,649,627,677,588,653,325,374,468,430,345,211,57,0,141,1083,1191,601,0,0,0,aro0921,cross_leg_left,1
1375,1789976065.811288,343,675,783,760,781,722,819,831,761,507,351,583,631,671,687,617,691,309,392,455,426,363,219,71,0,137,1055,1179,559,0,0,0,aro0921,cross_leg_left,1
1376,1789976065.831259,355,679,791,761,766,698,819,831,777,523,315,575,653,651,669,600,661,308,379,461,403,341,203,51,0,101,1075,1212,567,0,0,0,aro0921,cross_leg_left,1
1377,1789976065.850417,363,681,777,766,762,729,807,849,757,507,303,549,621,653,687,621,679,327,399,474,414,334,200,72,0,91,1039,1191,581,0,0,0,aro0921,cross_leg_left,1
1378,1789976065.871347,359,668,775,779,783,695,800,853,763,534,326,557,647,646,677,603,687,342,411,477,433,363,221,43,0,89,1087,1235,617,59,0,0,aro0921,cross_leg_left,1
1379,1789976065.891252,357,687,791,778,755,711,825,855,765,505,299,557,637,638,679,601,652,313,396,461,407,364,216,68,0,77,1061,1214,615,0,0,0,aro0921,cross_leg_left,1
1380,1789976065.911256,337,671,773,755,783,701,829,837,775,527,348,575,661,655,685,599,676,332,375,444,407,367,197,62,0,139,1055,1192,612,38,0,0,aro0921,cross_leg_left,1
1381,1789976065.931275,347,677,783,773,767,713,813,847,763,521,325,569,638,659,685,606,671,325,375,461,419,357,203,53,0,107,1055,1197,589,0,0,0,aro0921,cross_leg_left,1
1382,1789976065.951252,341,669,781,765,767,710,807,831,765,523,331,567,629,659,683,600,670,335,395,475,420,357,226,53,0,108,1056,1207,593,0,0,0,aro0921,cross_leg_left,1
1383,1789976065.971241,371,690,767,791,759,715,829,857,781,525,299,546,613,667,691,595,649,331,405,453,439,367,200,39,0,98,1077,1213,609,0,0,0,aro0921,cross_leg_left,1
1384,1789976065.991274,341,671,777,761,777,697,826,825,775,529,347,555,657,630,681,623,669,318,373,475,419,369,221,53,0,115,1048,1222,602,0,0,0,aro0921,cross_leg_left,1
1385,1789976066.011279,335,683,795,791,779,711,808,828,780,527,347,563,631,679,663,619,661,313,375,444,429,333,191,39,0,136,1067,1178,583,29,0,0,aro0921,cross_leg_left,1
1386,1789976066.031275,357,694,787,767,765,700,825,855,779,531,309,565,621,649,679,611,680,317,409,453,424,360,213,39,0,89,1033,1189,573,0,0,0,aro0921,cross_leg_left,1
1387,1789976066.051337,361,688,796,757,775,703,828,831,773,519,324,572,639,647,663,595,653,307,379,473,399,373,172,59,0,77,1048,1197,594,0,0,0,aro0921,cross_leg_left,1
1388,1789976066.071239,365,681,794,751,763,696,811,853,760,507,307,555,621,679,703,615,681,355,398,477,403,363,223,45,0,119,1043,1181,591,0,0,0,aro0921,cross_leg_left,1
1389,1789976066.091314,341,671,791,775,777,729,827,855,777,520,342,569,651,667,675,601,659,329,405,454,405,356,201,71,0,136,1048,1191,581,0,0,0,aro0921,cross_leg_left,1
1390,1789976066.111287,358,665,794,787,765,701,799,855,778,503,347,549,659,647,672,587,679,332,373,461,431,347,231,83,0,87,1047,1193,573,25,0,0,aro0921,cross_leg_left,1
1391,1789976066.131257,348,679,785,773,766,711,821,845,763,521,327,567,638,648,681,602,671,319,396,466,421,357,213,55,0,111,1053,1193,589,0,0,0,aro0921,cross_leg_left,1
1392,1789976066.151267,359,678,783,775,755,701,807,827,755,507,325,567,639,663,684,605,669,334,391,475,407,345,215,71,0,109,1049,1199,621,0,0,0,aro0921,cross_leg_left,1
1393,1789976066.171310,360,664,779,779,763,703,825,856,763,518,306,587,627,653,685,605,662,303,410,465,397,355,200,75,0,99,1059,1223,575,0,0,0,aro0921,cross_leg_left,1
1394,1789976066.191241,360,682,790,793,779,723,813,853,756,507,347,555,629,676,679,599,655,335,405,472,421,363,220,47,0,104,1060,1203,597,0,0,0,aro0921,cross_leg_left,1
1395,1789976066.211274,361,691,788,785,777,698,837,859,773,507,333,574,620,643,698,611,683,341,411,469,413,381,212,47,0,117,1031,1177,569,0,0,0,aro0921,cross_leg_left,1
1396,1789976066.231291,360,687,773,787,780,712,826,845,779,533,341,565,620,653,677,620,685,342,360,471,437,375,203,61,0,93,1033,1179,607,0,0,0,aro0921,cross_leg_left,1
1397,1789976066.251281,349,686,778,776,765,713,823,855,756,507,341,565,651,638,681,597,685,337,402,472,409,357,230,73,0,120,1076,1205,608,0,0,0,aro0921,cross_leg_left,1
1398,1789976066.271271,345,695,776,757,777,723,827,838,778,535,333,569,622,649,678,597,653,326,379,460,413,357,227,77,0,135,1035,1179,555,0,0,0,aro0921,cross_leg_left,1
1399,1789976066.291271,338,680,798,787,756,701,819,841,759,517,303,549,652,648,671,605,669,335,397,477,425,343,213,51,0,83,1007,1187,613,0,0,0,aro0921,cross_leg_left,1
1400,1789976066.311273,363,695,779,789,763,696,809,859,751,509,349,484,659,680,671,620,659,301,383,455,401,345,187,63,0,137,1035,1206,605,26,0,0,aro0921,cross_leg_left,1
1401,1789976066.331251,347,680,785,778,775,713,825,850,765,525,317,568,637,660,683,606,667,327,407,459,423,361,215,60,0,109,1047,1197,588,0,0,0,aro0921,cross_leg_left,1
1402,1789976066.351264,349,679,782,776,773,717,823,845,776,518,327,569,635,658,691,605,669,327,409,468,420,359,197,47,0,102,1048,1202,597,0,0,0,aro0921,cross_leg_left,1
1403,1789976066.371316,363,683,773,763,777,723,809,842,779,520,328,567,621,668,669,610,676,333,393,443,431,376,198,31,0,85,1039,1215,555,45,0,0,aro0921,cross_leg_left,1
1404,1789976066.391341,355,694,773,777,778,723,839,850,757,529,349,582,660,647,677,601,663,307,395,473,440,355,197,55,0,119,1018,1199,584,0,0,0,aro0921,cross_leg_left,1
1405,1789976066.411252,349,679,790,781,761,725,841,841,780,532,315,551,619,683,731,603,653,319,365,462,425,375,203,47,0,141,1023,1177,565,0,0,0,aro0921,cross_leg_left,1
1406,1789976066.431293,354,671,783,775,763,717,814,855,762,539,308,575,632,648,695,602,665,302,397,461,409,373,211,41,0,123,1035,1213,603,0,0,0,aro0921,cross_leg_left,1
1407,1789976066.451258,346,697,791,779,782,716,825,849,755,535,309,565,654,658,675,591,655,327,391,472,427,372,224,71,0,95,1065,1214,595,0,0,0,aro0921,cross_leg_left,1
1408,1789976066.471260,363,683,785,759,777,710,841,867,765,525,335,571,661,679,665,627,653,303,403,438,405,377,231,83,0,135,1031,1189,584,26,0,0,aro0921,cross_leg_left,1
1409,1789976066.491250,343,667,788,779,765,700,837,837,775,520,296,575,616,679,695,617,671,307,381,439,401,375,231,57,0,99,1079,1205,611,28,0,0,aro0921,cross_leg_left,1
1410,1789976066.511292,349,685,777,757,757,701,828,859,765,521,313,584,659,636,700,607,691,313,379,483,431,373,197,63,0,139,1055,1175,612,0,0,0,aro0921,cross_leg_left,1
1411,1789976066.531246,349,679,786,779,775,713,823,847,765,531,333,565,645,669,685,612,669,326,394,459,415,357,213,61,0,99,1055,1189,585,0,0,0,aro0921,cross_leg_left,1
1412,1789976066.551251,349,681,788,779,767,709,813,847,755,531,317,567,645,658,685,609,671,319,393,468,439,367,231,62,0,109,1045,1194,584,0,0,0,aro0921,cross_leg_left,1
1413,1789976066.571295,355,667,773,789,779,716,813,830,775,529,295,573,663,659,692,621,649,306,410,477,409,390,187,61,0,137,1055,1166,603,0,0,0,aro0921,cross_leg_left,1
1414,1789976066.591271,359,695,791,785,764,722,829,846,780,540,301,565,623,669,693,621,695,339,410,471,423,355,228,61,0,87,1021,1157,591,0,0,0,aro0921,cross_leg_left,1
1415,1789976066.611255,359,693,795,782,776,713,823,845,761,520,340,543,659,665,699,597,661,339,376,467,406,355,227,53,0,93,1007,1222,603,0,0,0,aro0921,cross_leg_left,1
1416,1789976066.631255,341,680,791,784,762,729,815,839,759,535,310,584,652,651,693,617,681,334,396,447,415,373,211,61,0,103,1048,1205,581,0,0,0,aro0921,cross_leg_left,1
1417,1789976066.651292,341,669,774,763,766,711,816,837,761,541,301,551,645,661,676,622,681,311,375,437,419,359,207,44,0,98,1041,1179,605,25,0,0,aro0921,cross_leg_left,1
1418,1789976066.671245,331,675,786,761,763,729,829,835,785,523,300,551,663,678,701,630,685,308,378,467,403,361,199,53,0,77,1064,1195,557,29,0,0,aro0921,cross_leg_left,1
1419,1789976066.690421,343,669,779,765,790,724,820,829,781,541,307,551,621,649,699,603,686,340,405,473,411,357,199,40,0,82,1005,1165,581,0,0,0,aro0921,cross_leg_left,1
1420,1789976066.711304,361,699,779,790,781,699,815,855,757,520,338,549,636,676,675,591,663,307,391,473,403,361,221,53,0,87,1055,1190,582,0,0,0,aro0921,cross_leg_left,1
1421,1789976066.731253,349,681,796,777,776,716,814,845,767,534,341,547,639,661,685,619,679,325,397,459,421,345,215,61,0,120,1049,1193,585,0,0,0,aro0921,cross_leg_left,1
1422,1789976066.751282,349,682,787,777,779,715,828,847,775,537,325,565,645,665,687,607,669,333,395,461,445,357,212,53,0,109,1043,1195,596,26,0,0,aro0921,cross_leg_left,1
1423,1789976066.771369,334,679,791,785,763,717,841,849,759,525,345,563,661,648,671,590,694,307,407,475,431,377,187,35,0,116,1067,1165,605,31,0,0,aro0921,cross_leg_left,1
1424,1789976066.791230,359,672,785,779,763,697,820,843,777,539,299,579,639,651,669,621,668,334,403,475,419,347,225,59,0,91,1034,1192,589,0,0,0,aro0921,cross_leg_left,1
1425,1789976066.810399,346,681,779,783,751,701,809,871,767,535,307,589,657,635,671,589,663,284,375,479,437,343,215,59,0,87,1067,1227,599,0,0,0,aro0921,cross_leg_left,1
1426,1789976066.831294,355,675,789,783,767,717,814,855,778,520,343,568,647,668,671,603,651,313,404,473,428,361,219,39,0,97,1018,1209,601,0,0,0,aro0921,cross_leg_left,1
1427,1789976066.851245,363,686,774,776,767,711,839,859,777,520,309,587,650,678,703,611,688,307,391,457,405,349,191,53,0,133,1033,1177,602,0,0,0,aro0921,cross_leg_left,1
1428,1789976066.871275,359,665,793,779,761,716,813,860,753,549,308,586,629,665,700,613,652,317,423,445,431,347,233,75,0,125,1039,1211,600,0,0,0,aro0921,cross_leg_left,1
1429,1789976066.890628,362,667,775,775,787,711,815,856,783,523,331,563,631,670,696,629,651,337,376,457,414,371,199,59,0,85,1063,1221,602,0,0,0,aro0921,cross_leg_left,1
1430,1789976066.911300,359,670,787,791,786,700,813,857,751,525,306,584,639,658,684,614,669,325,395,455,441,341,197,25,0,103,1063,1211,605,24,0,0,aro0921,cross_leg_left,1
1431,1789976066.931275,349,682,788,779,775,715,823,843,767,532,325,567,639,659,687,606,670,327,412,466,419,359,213,53,0,103,1043,1193,583,0,0,0,aro0921,cross_leg_left,1
1432,1789976066.951297,341,675,789,777,775,726,821,839,755,522,329,565,637,661,683,605,669,317,391,443,413,369,228,72,0,105,1022,1194,565,0,0,0,aro0921,cross_leg_left,1
1433,1789976066.971282,348,693,781,765,777,702,837,837,757,517,340,544,636,659,669,626,649,317,375,465,425,346,197,44,0,85,1039,1163,573,0,0,0,aro0921,cross_leg_left,1
1434,1789976066.991297,347,693,787,760,787,725,831,839,760,530,343,567,649,645,711,591,671,339,395,455,435,354,196,73,0,89,1051,1175,597,26,0,0,aro0921,cross_leg_left,1
1435,1789976067.011316,342,679,796,793,777,723,815,841,773,521,301,588,621,655,659,618,681,311,391,445,423,347,223,38,0,87,1055,1177,587,26,0,0,aro0921,cross_leg_left,1
1436,1789976067.031293,343,671,781,765,773,716,824,831,780,531,300,589,621,637,667,621,678,309,379,469,404,341,215,79,0,109,1017,1177,603,29,0,0,aro0921,cross_leg_left,1
1437,1789976067.051254,360,671,795,779,787,700,809,840,777,537,349,575,629,631,697,621,685,313,413,457,399,358,209,45,0,136,1050,1234,603,0,0,0,aro0921,cross_leg_left,1
1438,1789976067.071261,357,695,792,765,786,717,811,840,767,541,310,568,619,677,686,625,661,333,383,468,413,339,223,69,0,95,1075,1222,595,0,0,0,aro0921,cross_leg_left,1
1439,1789976067.091322,343,669,777,765,774,713,831,851,760,529,305,551,631,663,698,618,685,318,377,477,408,373,216,53,0,89,1065,1189,575,0,0,0,aro0921,cross_leg_left,1
1440,1789976067.111220,358,672,767,778,777,723,838,837,777,529,303,553,639,660,671,595,651,339,393,470,397,350,183,61,0,85,1021,1179,611,0,0,0,aro0921,cross_leg_left,1
1441,1789976067.131272,349,681,787,777,776,712,823,851,765,529,318,564,637,661,683,609,669,317,397,460,419,359,211,63,0,107,1047,1196,585,0,0,0,aro0921,cross_leg_left,1
1442,1789976067.151313,349,683,787,781,777,727,837,847,759,525,325,573,636,661,685,591,670,325,371,462,408,374,202,69,0,109,1045,1129,607,27,0,0,aro0921,cross_leg_left,1
1443,1789976067.171292,341,671,767,772,776,701,813,831,761,545,345,569,634,665,697,589,684,311,373,457,438,344,209,47,0,117,1067,1211,568,0,0,0,aro0921,cross_leg_left,1
1444,1789976067.191254,357,690,776,774,777,713,815,851,759,507,319,552,627,647,670,616,671,308,409,444,407,341,219,47,0,115,1061,1196,568,0,0,0,aro0921,cross_leg_left,1
1445,1789976067.211283,342,675,763,765,781,725,825,829,778,529,348,471,675,659,681,593,647,339,390,475,403,367,188,71,0,103,1015,1207,563,0,0,0,aro0921,cross_leg_left,1
1446,1789976067.231254,349,687,791,791,783,715,807,841,763,540,329,571,620,669,679,622,653,315,369,477,431,343,189,70,0,125,1059,1191,591,0,0,0,aro0921,cross_leg_left,1
1447,1789976067.251280,349,671,777,765,762,727,828,829,779,523,312,569,620,621,692,596,685,337,379,463,409,376,215,43,0,124,1071,1193,569,0,0,0,aro0921,cross_leg_left,1
1448,1789976067.271404,349,683,800,789,775,701,811,854,776,531,311,583,647,654,701,589,677,331,375,477,423,360,227,75,0,127,1063,1181,601,0,0,0,aro0921,cross_leg_left,1
1449,1789976067.291269,361,685,797,777,765,703,811,855,767,539,325,537,622,675,680,633,667,303,383,451,419,348,211,41,0,115,1021,1182,553,0,0,0,aro0921,cross_leg_left,1
1450,1789976067.311337,337,667,800,763,785,724,807,839,757,507,345,589,659,634,677,627,688,299,373,441,409,355,179,51,0,105,1077,1200,559,23,0,0,aro0921,cross_leg_left,1
1451,1789976067.331293,350,684,790,779,787,713,820,841,763,530,311,551,632,669,682,603,665,318,395,459,415,360,209,55,0,105,1048,1183,585,0,0,0,aro0921,cross_leg_left,1
1452,1789976067.351372,354,685,793,765,777,713,821,845,775,539,295,567,639,661,691,611,669,319,395,447,431,360,189,55,0,109,1049,1197,579,25,0,0,aro0921,cross_leg_left,1
1453,1789976067.371269,356,669,775,787,783,701,827,857,755,521,329,580,617,654,672,612,691,325,401,457,407,363,222,69,0,135,1065,1208,587,0,0,0,aro0921,cross_leg_left,1
1454,1789976067.391277,354,691,793,773,794,709,829,861,756,517,261,559,623,628,667,604,671,307,411,456,404,367,220,55,0,71,1055,1175,589,21,0,0,aro0921,cross_leg_left,1
1455,1789976067.411430,335,681,793,793,787,703,831,835,762,539,299,571,661,648,709,611,670,309,419,465,401,389,215,47,0,105,1065,1223,553,39,0,0,aro0921,cross_leg_left,1
1456,1789976067.431336,361,685,797,766,787,700,819,857,777,509,332,556,633,648,701,607,661,335,411,475,413,335,191,48,0,75,1063,1182,590,25,0,0,aro0921,cross_leg_left,1
1457,1789976067.451277,343,677,789,773,787,711,819,846,776,519,323,573,622,670,690,614,659,315,399,453,425,343,221,76,0,105,1043,1215,604,25,0,0,aro0921,cross_leg_left,1
1458,1789976067.471279,338,681,777,793,781,712,837,840,773,527,301,583,658,681,698,622,691,292,420,472,397,343,205,44,0,93,1077,1224,587,0,0,0,aro0921,cross_leg_left,1
1459,1789976067.491253,345,687,788,767,765,703,809,838,764,540,345,543,579,654,663,601,671,310,381,475,431,355,231,77,0,109,1079,1173,587,0,0,0,aro0921,cross_leg_left,1
1460,1789976067.511275,352,671,783,773,793,699,823,827,755,537,339,585,610,665,665,602,655,333,379,473,429,375,223,43,0,88,1083,1223,568,21,0,0,aro0921,cross_leg_left,1
1461,1789976067.531267,349,683,787,782,767,715,820,844,764,532,312,585,639,663,667,619,680,325,395,463,423,359,213,61,0,125,1048,1202,588,0,0,0,aro0921,cross_leg_left,1
1462,1789976067.551368,351,680,787,774,775,713,820,843,761,535,325,567,637,651,679,609,667,319,397,459,430,360,215,61,0,111,1055,1199,603,0,0,0,aro0921,cross_leg_left,1
1463,1789976067.571370,361,694,790,790,776,711,811,854,757,523,326,555,659,660,703,613,681,333,408,479,397,375,233,45,0,105,1077,1207,581,51,0,0,aro0921,cross_leg_left,1
1464,1789976067.591293,349,683,793,779,775,713,819,847,765,531,327,565,645,659,682,603,669,325,399,463,423,358,213,59,0,115,1051,1199,587,0,0,0,aro0921,cross_leg_left,1
1465,1789976067.611283,349,669,779,789,777,725,826,851,751,506,325,569,636,644,693,572,684,310,427,443,395,377,239,63,0,107,1055,1229,591,29,0,0,aro0921,cross_leg_left,1
1466,1789976067.631285,348,678,789,789,778,703,813,841,767,539,339,551,631,646,693,598,677,335,405,453,412,343,209,50,0,103,1043,1207,595,0,0,0,aro0921,cross_leg_left,1
1467,1789976067.651321,343,681,799,789,763,703,830,847,767,521,327,559,647,677,669,609,685,323,407,441,432,343,205,76,0,88,1054,1225,597,0,0,0,aro0921,cross_leg_left,1
1468,1789976067.671276,362,691,799,783,791,729,839,861,782,543,343,583,632,668,700,618,667,349,421,445,429,371,230,77,0,101,1043,1212,600,0,0,0,aro0921,cross_leg_left,1
1469,1789976067.691276,341,663,777,763,787,725,819,837,765,523,333,565,657,637,664,596,650,300,377,453,419,349,196,76,0,89,1019,1212,575,21,0,0,aro0921,cross_leg_left,1
1470,1789976067.711306,341,647,777,782,775,713,831,853,748,521,307,584,645,659,697,626,651,306,408,477,437,357,199,70,0,140,1061,1179,599,0,0,0,aro0921,cross_leg_left,1
1471,1789976067.731258,345,667,791,765,777,716,811,839,758,519,330,589,637,663,700,622,685,302,379,457,401,343,203,53,0,121,1032,1191,601,27,0,0,aro0921,cross_leg_left,1
1472,1789976067.751286,355,687,795,795,773,700,821,859,757,521,303,583,627,637,671,618,686,339,411,476,424,347,213,45,0,77,1068,1213,587,27,0,0,aro0921,cross_leg_left,1
1473,1789976067.771302,335,665,779,775,773,729,846,824,775,525,300,556,619,647,677,629,655,331,389,487,405,364,188,63,0,119,1071,1197,568,0,0,0,aro0921,cross_leg_left,1
1474,1789976067.791290,365,691,792,787,779,711,821,859,758,539,318,551,660,653,700,582,675,315,413,445,431,373,230,53,0,109,1019,1199,567,0,0,0,aro0921,cross_leg_left,1
1475,1789976067.811255,361,683,799,765,785,703,813,857,755,517,341,583,635,637,679,601,674,327,397,468,397,345,213,43,0,127,1053,1179,600,27,0,0,aro0921,cross_leg_left,1
1476,1789976067.831402,349,683,781,779,775,713,824,845,767,532,313,557,639,659,683,591,666,319,396,463,415,356,216,61,0,127,1049,1197,589,0,0,0,aro0921,cross_leg_left,1
1477,1789976067.851304,349,682,792,779,767,714,822,847,755,539,325,569,635,666,683,606,669,317,404,461,425,361,213,61,0,109,1049,1192,604,0,0,0,aro0921,cross_leg_left,1
1478,1789976067.871295,347,667,777,793,763,713,807,867,765,544,307,557,651,649,684,594,651,335,423,465,429,345,201,39,0,83,1053,1226,598,0,0,0,aro0921,cross_leg_left,1
1479,1789976067.891340,341,691,787,783,791,723,814,828,767,537,341,585,639,671,699,598,695,313,380,470,431,349,202,75,0,116,1039,1195,593,0,0,0,aro0921,cross_leg_left,1
1480,1789976067.910650,341,684,786,795,780,701,840,847,761,535,302,591,663,681,667,621,677,303,409,457,434,342,221,53,0,89,1023,1212,593,0,0,0,aro0921,cross_leg_left,1
1481,1789976067.931323,346,687,795,773,767,721,819,838,763,529,330,547,659,647,675,603,663,316,398,445,405,366,214,78,0,115,1033,1199,559,0,0,0,aro0921,cross_leg_left,1
1482,1789976067.951283,354,687,803,789,764,729,829,831,782,538,313,549,617,647,685,605,678,313,399,447,408,354,203,75,0,105,1041,1175,595,0,0,0,aro0921,cross_leg_left,1
1483,1789976067.971269,363,694,777,792,790,727,811,866,755,531,339,584,627,637,670,605,671,333,399,475,398,360,232,77,0,121,1017,1189,563,25,0,0,aro0921,cross_leg_left,1
1484,1789976067.991369,350,679,796,761,777,725,837,837,780,533,315,549,649,637,693,621,685,319,381,455,422,378,228,85,0,143,1004,1169,564,0,0,0,aro0921,cross_leg_left,1
1485,1789976068.011292,341,676,781,777,767,729,821,858,783,549,297,563,622,675,699,613,687,341,412,467,419,341,189,75,0,88,1016,1225,558,0,0,0,aro0921,cross_leg_left,1
1486,1789976068.031282,350,681,791,780,776,715,825,851,765,533,317,565,639,661,685,607,671,323,395,460,415,360,216,61,0,105,1043,1196,584,0,0,0,aro0921,cross_leg_left,1
1487,1789976068.051301,347,683,789,781,777,701,812,839,757,520,325,565,610,659,683,604,665,313,390,455,406,347,199,59,0,105,1045,1195,601,29,0,0,aro0921,cross_leg_left,1
1488,1789976068.071267,365,690,799,791,765,709,821,860,757,521,303,570,621,669,677,605,658,315,403,453,407,349,219,47,0,88,1039,1181,571,0,0,0,aro0921,cross_leg_left,1
1489,1789976068.091281,350,685,791,781,777,714,825,855,767,533,319,568,645,663,685,606,669,320,399,461,420,361,213,62,0,109,1045,1197,585,0,0,0,aro0921,cross_leg_left,1
1490,1789976068.111306,355,684,785,767,791,723,807,847,758,526,345,584,659,665,695,622,680,343,417,482,435,317,197,61,0,112,1075,1208,587,36,0,0,aro0921,cross_leg_left,1
1491,1789976068.131300,343,671,787,779,773,727,813,859,761,533,327,574,649,647,677,615,683,341,411,470,403,341,205,77,0,121,1056,1191,605,0,0,0,aro0921,cross_leg_left,1
1492,1789976068.151263,359,696,787,786,773,715,823,855,755,543,301,554,623,637,665,589,653,311,401,445,431,341,200,51,0,87,1031,1145,581,23,0,0,aro0921,cross_leg_left,1
1493,1789976068.171317,365,675,790,762,782,719,813,846,767,541,333,573,649,644,669,610,667,336,395,462,428,345,191,79,0,127,1017,1183,594,23,0,0,aro0921,cross_leg_left,1
1494,1789976068.191271,335,685,793,767,791,727,819,841,775,542,339,586,649,675,703,606,679,327,397,439,430,349,211,85,0,133,1071,1193,591,22,0,0,aro0921,cross_leg_left,1
1495,1789976068.211271,363,697,793,765,781,723,823,853,759,521,349,477,663,633,709,603,683,301,391,439,425,333,197,85,0,116,1044,1226,599,0,0,0,aro0921,cross_leg_left,1
1496,1789976068.231298,360,693,778,792,781,715,819,845,761,543,333,573,627,639,678,589,681,331,410,455,431,373,223,50,0,85,1047,1221,567,0,0,0,aro0921,cross_leg_left,1
1497,1789976068.251318,363,686,779,776,775,727,839,859,773,523,343,559,655,671,696,601,653,308,379,453,421,347,203,78,0,115,1048,1183,574,0,0,0,aro0921,cross_leg_left,1
1498,1789976068.271286,344,677,787,773,775,715,823,829,765,531,312,587,627,679,671,623,659,326,378,463,419,359,215,68,0,102,1041,1175,585,0,0,0,aro0921,cross_leg_left,1
1499,1789976068.291279,350,681,789,781,779,718,821,849,767,535,319,569,630,660,685,607,669,325,403,459,421,360,217,63,0,107,1043,1199,588,0,0,0,aro0921,cross_leg_left,1
1500,1789976068.311320,359,670,799,765,767,701,823,839,782,552,351,547,619,649,669,618,677,307,390,477,437,338,197,60,0,139,1013,1183,585,0,0,0,aro0921,cross_leg_left,1
1501,1789976068.331296,362,679,781,775,785,727,837,858,780,540,339,555,665,663,691,597,655,311,397,445,415,377,213,79,0,99,1045,1204,573,0,0,0,aro0921,cross_leg_left,1
1502,1789976068.351305,361,691,793,777,779,725,839,857,779,541,337,587,660,645,676,612,653,332,414,457,432,367,215,87,0,105,1029,1197,583,0,0,0,aro0921,cross_leg_left,1
1503,1789976068.371324,344,671,779,763,785,715,839,859,781,541,341,573,649,661,665,622,649,317,393,439,432,359,189,86,0,91,1070,1208,615,0,0,0,aro0921,cross_leg_left,1
1504,1789976068.391338,341,674,795,767,781,703,830,853,757,522,337,552,660,644,672,601,661,331,411,457,412,373,227,55,0,79,1064,1205,571,0,0,0,aro0921,cross_leg_left,1
1505,1789976068.411308,364,697,797,787,792,724,837,829,767,525,340,569,619,639,680,596,651,305,383,453,390,361,181,87,0,86,1014,1161,589,22,0,0,aro0921,cross_leg_left,1
1506,1789976068.431348,361,695,777,788,779,703,811,859,758,520,303,555,620,645,676,600,677,337,420,479,401,344,203,75,0,88,1065,1197,563,0,0,0,aro0921,cross_leg_left,1
1507,1789976068.451305,361,699,776,790,761,703,821,857,764,541,309,573,651,647,676,611,683,333,411,473,435,345,199,61,0,109,1035,1221,583,26,0,0,aro0921,cross_leg_left,1
1508,1789976068.471286,359,695,789,781,755,710,823,857,765,533,310,566,653,653,667,603,651,309,403,439,415,357,223,73,0,92,1069,1228,587,0,0,0,aro0921,cross_leg_left,1
1509,1789976068.491330,348,682,786,779,777,715,825,845,763,533,326,565,636,661,683,605,667,317,403,461,415,363,215,63,0,107,1050,1199,587,0,0,0,aro0921,cross_leg_left,1
1510,1789976068.511337,350,669,796,765,781,701,819,841,765,521,345,593,651,659,668,622,667,311,431,477,413,391,233,83,0,107,1069,1212,563,0,0,0,aro0921,cross_leg_left,1
1511,1789976068.531279,343,685,781,775,763,702,819,844,767,529,311,549,637,634,671,581,661,307,379,467,405,371,219,71,0,94,1033,1203,571,22,0,0,aro0921,cross_leg_left,1
1512,1789976068.551332,346,671,798,764,791,717,821,857,761,555,343,581,660,683,697,615,685,326,411,476,439,345,212,47,0,121,1067,1215,573,0,0,0,aro0921,cross_leg_left,1
1513,1789976068.571312,365,682,780,763,761,711,841,853,765,509,311,551,664,679,708,598,676,343,410,473,420,378,205,93,0,89,1017,1205,612,20,0,0,aro0921,cross_leg_left,1
1514,1789976068.591290,349,685,785,789,779,727,821,829,775,544,311,596,653,651,666,587,660,329,407,461,432,345,205,78,0,83,1077,1203,566,0,0,0,aro0921,cross_leg_left,1
1515,1789976068.611269,344,684,773,791,781,728,809,841,759,509,347,543,616,681,699,591,681,328,377,459,403,359,226,81,0,134,1032,1177,551,0,0,0,aro0921,cross_leg_left,1
1516,1789976068.631306,351,687,783,789,764,719,831,856,773,543,297,553,627,645,685,611,675,338,413,472,430,371,231,85,0,107,1055,1202,603,0,0,0,aro0921,cross_leg_left,1
1517,1789976068.651297,343,699,797,780,788,713,825,835,779,531,345,549,654,669,698,621,661,325,379,475,403,354,199,43,0,134,1048,1177,593,0,0,0,aro0921,cross_leg_left,1
1518,1789976068.671331,339,682,787,794,765,729,812,849,767,533,344,551,625,681,693,587,647,314,377,459,420,355,198,79,0,136,1041,1171,585,0,0,0,aro0921,cross_leg_left,1
1519,1789976068.691273,349,685,788,791,777,713,825,847,760,531,340,565,637,664,685,610,671,323,397,457,419,359,217,69,0,107,1049,1195,587,0,0,0,aro0921,cross_leg_left,1
1520,1789976068.711314,339,687,789,787,775,713,815,837,779,541,326,574,658,671,687,589,653,339,411,478,403,368,228,53,0,105,1031,1209,601,0,0,0,aro0921,cross_leg_left,1
1521,1789976068.731286,361,693,793,780,787,701,822,857,775,541,338,559,637,677,695,619,677,329,413,451,431,354,228,57,0,109,1053,1215,597,0,0,0,aro0921,cross_leg_left,1
1522,1789976068.751304,358,679,772,763,792,679,825,831,767,543,345,575,629,636,660,587,655,301,381,457,437,347,215,55,0,136,1035,1187,599,30,0,0,aro0921,cross_leg_left,1
1523,1789976068.771345,366,677,783,767,779,719,808,855,774,549,344,543,619,650,669,585,660,302,413,441,441,359,243,71,0,91,1051,1211,565,0,0,0,aro0921,cross_leg_left,1
1524,1789976068.791266,359,681,799,790,788,701,820,829,767,531,333,587,620,649,680,629,673,327,411,445,397,363,237,25,0,123,1043,1187,603,0,0,0,aro0921,cross_leg_left,1
1525,1789976068.811284,339,683,775,788,777,711,838,851,774,537,343,587,647,644,683,595,663,339,419,479,431,375,213,61,0,131,1031,1229,594,0,0,0,aro0921,cross_leg_left,1
1526,1789976068.831309,349,671,781,787,778,725,821,850,761,531,341,563,633,669,685,621,668,339,399,474,405,355,207,75,0,114,1039,1191,599,0,0,0,aro0921,cross_leg_left,1
1527,1789976068.851294,358,696,797,788,781,722,840,853,772,524,343,585,627,638,681,619,669,316,415,471,399,377,231,88,0,132,1051,1180,611,0,0,0,aro0921,cross_leg_left,1
1528,1789976068.871296,351,668,795,773,787,727,837,844,779,529,335,549,631,671,685,624,690,313,377,471,439,363,235,88,0,139,1059,1183,594,0,0,0,aro0921,cross_leg_left,1
1529,1789976068.891321,346,681,788,779,773,716,825,851,781,525,317,567,633,658,678,605,671,325,393,469,420,361,228,68,0,114,1056,1197,587,0,0,0,aro0921,cross_leg_left,1
1530,1789976068.911291,356,691,788,793,775,725,807,856,755,541,317,571,655,670,682,611,665,309,391,443,415,355,243,60,0,107,1097,1209,505,0,0,0,aro0921,cross_leg_left,1
1531,1789976068.931284,359,691,797,789,781,701,845,856,776,541,339,585,629,649,661,594,658,335,421,447,416,370,237,54,0,133,1064,1203,602,0,0,0,aro0921,cross_leg_left,1
1532,1789976068.951362,362,689,797,783,783,709,831,855,757,517,341,583,631,665,667,615,668,333,401,473,405,379,219,73,0,121,1033,1177,587,0,0,0,aro0921,cross_leg_left,1
1533,1789976068.971408,361,687,777,763,759,733,811,861,755,525,302,563,630,669,693,601,686,343,413,477,397,345,231,85,0,105,1063,1179,563,0,0,0,aro0921,cross_leg_left,1
1534,1789976068.991303,351,687,788,777,775,703,819,856,763,533,338,564,632,677,703,623,687,309,377,447,429,361,247,70,0,133,1071,1225,600,0,0,0,aro0921,cross_leg_left,1
1535,1789976069.011326,359,691,799,776,759,725,858,840,792,539,295,552,653,659,681,623,675,345,411,447,415,373,243,83,0,85,1043,1229,580,20,0,0,aro0921,cross_leg_left,1
1536,1789976069.031326,349,675,787,765,786,717,822,839,757,523,341,581,629,651,679,607,669,311,391,453,416,367,229,56,0,121,1054,1216,575,0,0,0,aro0921,cross_leg_left,1
1537,1789976069.051299,339,681,775,789,759,711,841,842,781,543,303,585,637,655,677,595,669,325,383,458,440,379,247,59,0,95,1013,1191,615,24,0,0,aro0921,cross_leg_left,1
1538,1789976069.071291,356,669,788,774,773,716,825,857,765,536,341,549,649,645,668,615,653,303,419,467,420,363,226,71,0,135,1069,1221,593,0,0,0,aro0921,cross_leg_left,1
1539,1789976069.091311,348,677,785,781,777,714,824,852,767,533,325,565,635,658,683,605,669,324,402,467,423,363,231,68,0,107,1050,1199,588,0,0,0,aro0921,cross_leg_left,1
1540,1789976069.111287,340,680,799,782,759,728,841,841,781,543,311,565,620,685,691,600,633,339,381,477,429,370,205,47,0,82,1063,1205,605,0,0,0,aro0921,cross_leg_left,1
1541,1789976069.131284,348,681,785,779,774,717,829,847,775,537,315,565,637,663,685,605,669,325,407,467,419,361,227,73,0,109,1046,1195,588,0,0,0,aro0921,cross_leg_left,1
1542,1789976069.151322,362,693,795,803,761,719,819,861,757,523,317,560,619,651,668,588,651,337,414,473,411,375,245,85,0,111,1051,1177,611,37,0,0,aro0921,cross_leg_left,1
1543,1789976069.171302,363,678,775,778,788,719,827,861,767,535,331,575,661,667,692,602,685,307,397,484,421,364,244,51,0,85,1036,1191,571,0,0,0,aro0921,cross_leg_left,1
1544,1789976069.191304,360,679,790,779,765,725,825,859,780,533,341,555,618,621,665,615,654,329,381,472,402,355,245,75,0,109,1065,1177,603,0,0,0,aro0921,cross_leg_left,1
1545,1789976069.211324,349,675,787,792,787,700,827,863,755,542,326,582,659,675,696,600,652,308,401,445,413,403,215,91,0,83,1030,1237,599,27,0,0,aro0921,cross_leg_left,1
1546,1789976069.231300,349,685,797,791,761,725,829,837,767,522,302,551,623,647,683,619,685,303,379,457,407,381,233,79,0,119,1041,1177,585,0,0,0,aro0921,cross_leg_left,1
1547,1789976069.251272,347,677,795,782,764,713,837,841,780,540,303,549,619,667,699,619,685,331,408,473,426,366,247,60,0,99,1043,1191,572,0,0,0,aro0921,cross_leg_left,1
1548,1789976069.271354,347,665,780,792,779,721,837,856,783,543,311,571,648,635,699,599,659,309,380,447,373,364,229,47,0,109,1062,1210,610,0,0,0,aro0921,cross_leg_left,1
1549,1789976069.291307,361,679,791,777,779,703,827,861,764,533,339,543,623,651,683,616,684,346,403,490,434,347,220,51,0,99,1060,1215,588,25,0,0,aro0921,cross_leg_left,1
1550,1789976069.311305,353,683,797,763,778,723,837,837,765,534,293,587,647,667,687,589,670,334,381,467,425,361,231,72,0,124,1032,1225,587,0,0,0,aro0921,cross_leg_left,1
1551,1789976069.331297,348,682,787,780,775,716,826,851,765,533,318,569,638,675,685,613,669,325,401,461,421,366,229,62,0,109,1060,1196,583,0,0,0,aro0921,cross_leg_left,1
1552,1789976069.351314,350,683,788,795,777,703,839,851,759,531,317,568,649,662,683,607,670,325,405,463,435,377,227,61,0,107,1048,1177,572,0,0,0,aro0921,cross_leg_left,1
1553,1789976069.371330,349,679,779,783,774,717,825,850,767,533,325,559,635,659,679,607,669,323,395,463,421,363,244,71,0,108,1048,1199,589,0,0,0,aro0921,cross_leg_left,1
1554,1789976069.391307,351,683,785,779,777,722,841,843,765,523,317,571,653,661,685,605,671,311,375,479,436,375,215,51,0,109,1049,1199,575,0,0,0,aro0921,cross_leg_left,1
1555,1789976069.411319,359,669,789,763,777,699,831,839,775,541,238,587,620,633,671,600,692,332,413,473,407,381,235,45,0,138,1063,1199,601,24,0,0,aro0921,cross_leg_left,1
1556,1789976069.431292,351,674,786,765,788,703,819,854,779,541,337,557,617,653,697,611,671,313,414,460,404,344,243,61,0,121,1065,1199,567,0,0,0,aro0921,cross_leg_left,1
1557,1789976069.451300,361,688,763,785,763,721,827,850,776,541,315,581,650,667,669,623,669,315,391,471,435,373,239,83,0,126,1032,1195,565,21,0,0,aro0921,cross_leg_left,1
1558,1789976069.471347,341,703,776,789,789,714,821,839,762,541,329,553,627,663,701,593,664,306,397,447,438,377,245,85,0,91,1069,1215,581,0,0,0,aro0921,cross_leg_left,1
1559,1789976069.491331,340,669,767,781,765,709,841,839,777,521,333,543,647,634,669,643,685,311,405,456,403,379,244,75,0,137,1065,1241,567,28,0,0,aro0921,cross_leg_left,1
1560,1789976069.511293,347,679,789,786,766,715,827,845,757,536,313,559,658,669,702,632,684,339,409,477,441,343,216,52,0,112,1067,1229,611,0,0,0,aro0921,cross_leg_left,1
1561,1789976069.531298,358,685,781,766,787,708,825,856,755,523,313,573,648,671,700,615,683,333,413,466,443,360,231,59,0,103,1036,1189,591,0,0,0,aro0921,cross_leg_left,1
1562,1789976069.551328,361,679,796,765,785,713,813,857,763,531,340,585,617,649,670,622,632,313,412,466,412,349,217,60,0,83,1058,1183,600,20,0,0,aro0921,cross_leg_left,1
1563,1789976069.571394,347,681,788,781,775,716,825,853,765,533,319,559,637,659,685,607,671,316,398,461,423,367,229,69,0,139,1051,1203,594,0,0,0,aro0921,cross_leg_left,1
1564,1789976069.591316,349,681,787,778,776,718,811,849,763,541,317,568,639,663,683,605,665,315,409,445,438,347,232,55,0,107,1049,1199,605,0,0,0,aro0921,cross_leg_left,1
1565,1789976069.611359,347,695,773,764,775,721,826,857,749,533,309,541,637,635,690,589,683,329,379,469,439,371,217,69,0,99,1069,1181,573,0,0,0,aro0921,cross_leg_left,1
1566,1789976069.631382,359,687,793,779,777,727,824,849,779,533,313,551,649,649,679,619,679,328,397,476,407,365,234,85,0,99,1071,1222,604,0,0,0,aro0921,cross_leg_left,1
1567,1789976069.651324,339,669,775,775,777,725,820,844,779,544,337,555,646,639,678,597,685,325,399,465,439,344,227,73,0,137,1059,1225,572,21,0,0,aro0921,cross_leg_left,1
1568,1789976069.671318,333,687,794,788,762,724,827,837,775,521,317,581,662,651,663,612,683,307,423,467,399,346,231,41,25,141,1059,1179,563,35,0,0,aro0921,cross_leg_left,1
1569,1789976069.691295,343,672,795,791,777,727,841,849,777,541,283,542,631,651,702,597,665,313,399,469,437,377,213,71,0,89,1066,1224,603,25,0,0,aro0921,cross_leg_left,1
1570,1789976069.711299,339,683,797,772,788,729,831,855,781,547,339,571,633,675,712,602,671,337,411,475,443,352,209,80,0,135,1067,1225,583,0,0,0,aro0921,cross_leg_left,1
1571,1789976069.731282,359,691,789,785,765,725,827,857,773,537,309,552,657,658,681,617,678,303,413,438,436,375,213,61,0,115,1072,1223,611,24,0,0,aro0921,cross_leg_left,1
1572,1789976069.751311,355,695,773,790,788,735,831,858,751,519,308,570,620,670,665,619,681,331,419,477,405,381,249,81,0,87,1069,1173,596,0,0,0,aro0921,cross_leg_left,1
1573,1789976069.771310,349,680,786,779,778,717,823,855,766,534,320,567,637,659,685,603,667,313,382,466,420,360,219,70,0,107,1059,1203,589,0,0,0,aro0921,cross_leg_left,1
1574,1789976069.791361,353,683,789,781,777,713,823,849,766,535,325,565,647,657,683,605,667,316,407,467,421,361,222,69,0,111,1051,1203,595,26,0,0,aro0921,cross_leg_left,1
1575,1789976069.811325,349,683,781,779,777,717,821,846,774,523,331,563,647,661,685,597,691,313,397,456,419,363,219,60,0,137,1051,1207,595,0,0,0,aro0921,cross_leg_left,1
1576,1789976069.831283,349,681,789,779,775,717,827,843,755,523,313,563,645,658,681,603,667,315,399,465,404,355,231,70,0,111,1052,1199,575,0,0,0,aro0921,cross_leg_left,1
1577,1789976069.851274,339,668,795,779,787,703,837,843,772,517,299,587,659,670,691,617,676,332,402,475,403,376,211,67,0,95,1021,1201,603,0,0,0,aro0921,cross_leg_left,1
1578,1789976069.871438,341,671,794,767,774,733,831,831,777,527,311,585,639,663,677,586,655,315,379,453,403,361,191,83,0,86,1041,1176,617,0,0,0,aro0921,cross_leg_left,1
1579,1789976069.891336,359,686,795,762,789,709,828,857,762,521,333,583,631,629,669,615,669,325,402,439,421,373,235,51,0,107,1043,1203,583,0,0,0,aro0921,cross_leg_left,1
1580,1789976069.911331,350,683,776,764,760,727,822,837,778,540,309,583,660,665,691,611,675,301,380,452,436,345,205,85,0,121,1041,1209,591,0,0,0,aro0921,cross_leg_left,1
1581,1789976069.931358,339,679,785,779,787,729,821,825,761,522,341,573,657,671,695,589,659,315,405,463,435,347,221,69,0,133,1035,1187,611,29,0,0,aro0921,cross_leg_left,1
1582,1789976069.951346,359,691,776,776,763,700,811,841,764,539,317,539,659,679,666,591,653,334,381,467,431,356,215,53,0,136,1067,1220,579,0,0,0,aro0921,cross_leg_left,1
1583,1789976069.970618,343,675,786,780,793,711,831,837,777,523,349,563,621,677,703,621,677,298,391,443,403,349,201,47,0,119,1031,1183,558,0,0,0,aro0921,cross_leg_left,1
1584,1789976069.991316,359,688,779,789,781,722,831,857,773,539,315,591,650,672,691,597,685,319,411,483,405,356,221,81,0,121,1071,1203,611,0,0,0,aro0921,cross_leg_left,1
1585,1789976070.011375,350,681,794,780,765,719,823,843,753,533,299,543,646,677,685,591,664,315,399,461,423,373,221,68,0,125,1032,1203,589,0,0,0,aro0921,cross_leg_left,1
1586,1789976070.031289,347,685,787,781,777,714,822,843,763,531,333,565,637,661,687,605,667,317,399,465,420,363,220,69,0,111,1059,1204,579,0,0,0,aro0921,cross_leg_left,1
1587,1789976070.051297,357,679,797,775,777,702,823,841,757,529,339,557,648,645,665,617,681,325,408,476,436,360,219,57,0,91,1085,1187,597,28,0,0,aro0921,cross_leg_left,1
1588,1789976070.071328,340,684,787,787,765,729,807,830,791,519,303,549,621,672,695,594,661,329,407,469,425,372,225,84,0,88,1064,1211,557,0,0,0,aro0921,cross_leg_left,1
1589,1789976070.091279,347,681,783,782,788,727,813,829,773,536,319,563,638,651,676,597,653,319,361,440,405,357,231,62,0,105,1051,1181,591,0,0,0,aro0921,cross_leg_left,1
1590,1789976070.111298,364,685,775,763,789,699,831,853,780,509,347,535,619,647,677,617,699,297,397,473,383,375,231,63,0,136,1051,1195,615,0,20,0,aro0921,cross_leg_left,1
1591,1789976070.131334,361,686,775,779,781,713,831,845,755,521,344,569,633,677,696,621,683,335,394,478,411,373,219,55,0,102,1083,1228,567,0,0,0,aro0921,cross_leg_left,1
1592,1789976070.151290,359,695,779,785,787,709,841,856,759,521,323,585,627,647,677,601,655,327,406,444,420,361,235,55,0,107,1063,1225,604,0,0,0,aro0921,cross_leg_left,1
1593,1789976070.171323,349,671,799,773,765,700,815,839,755,519,325,555,652,675,698,601,657,337,399,461,407,356,215,45,0,133,1035,1191,605,28,0,0,aro0921,cross_leg_left,1
1594,1789976070.191337,355,681,803,765,765,728,811,837,779,521,329,589,613,685,681,624,657,335,393,436,419,379,199,53,0,120,1039,1227,605,0,0,0,aro0921,cross_leg_left,1
1595,1789976070.211330,349,691,789,782,777,717,821,843,760,527,327,570,639,660,685,603,675,306,399,461,419,361,217,77,0,111,1033,1199,588,0,0,0,aro0921,cross_leg_left,1
1596,1789976070.231292,357,683,790,781,780,711,831,851,767,505,329,569,621,658,683,609,669,309,398,475,418,363,205,83,0,109,1045,1200,599,0,0,0,aro0921,cross_leg_left,1
1597,1789976070.251351,349,685,779,783,783,701,811,877,755,534,313,567,633,661,701,601,663,333,413,453,426,359,220,75,0,134,1067,1199,581,0,0,0,aro0921,cross_leg_left,1
1598,1789976070.271287,361,695,782,767,788,701,815,840,766,541,311,581,617,665,686,622,660,303,388,446,411,347,211,75,0,87,1074,1215,594,0,25,0,aro0921,cross_leg_left,1
1599,1789976070.291306,359,669,791,789,799,703,837,858,749,535,348,557,647,679,655,623,665,317,403,443,415,347,229,86,0,100,1033,1215,601,28,0,0,aro0921,cross_leg_left,1
1600,1789976070.311290,343,695,773,794,776,733,813,855,757,507,299,586,668,676,659,623,663,307,389,441,412,377,219,99,0,127,1033,1198,610,0,0,0,aro0921,cross_leg_left,1
1601,1789976070.331326,362,677,794,780,773,703,827,847,751,535,342,554,649,663,679,601,685,331,383,447,421,349,219,70,0,90,1041,1195,573,23,0,0,aro0921,cross_leg_left,1
1602,1789976070.351280,367,683,780,773,790,712,829,845,756,522,311,579,660,657,701,591,669,303,403,473,405,359,203,52,0,102,1035,1204,565,0,0,0,aro0921,cross_leg_left,1
1603,1789976070.371295,359,675,786,767,775,698,830,857,765,529,313,573,652,649,702,611,713,297,410,444,425,345,201,77,0,126,1046,1215,611,0,0,0,aro0921,cross_leg_left,1
1604,1789976070.391316,356,677,792,796,787,712,825,855,757,530,334,556,664,663,701,619,652,339,391,442,415,345,234,87,0,90,1071,1171,565,24,0,0,aro0921,cross_leg_left,1
1605,1789976070.411309,351,683,787,781,793,718,821,844,763,531,351,589,651,663,667,605,669,315,397,445,421,361,215,69,0,90,1055,1203,585,0,0,0,aro0921,cross_leg_left,1
1606,1789976070.431351,355,683,787,781,779,703,829,843,751,533,329,563,634,659,682,603,671,315,397,466,429,348,217,67,0,109,1053,1203,600,0,0,0,aro0921,cross_leg_left,1
1607,1789976070.451331,355,685,793,775,791,725,823,829,777,518,327,587,627,667,681,617,681,313,409,461,415,358,227,51,0,107,1022,1223,603,0,0,0,aro0921,cross_leg_left,1
1608,1789976070.471304,357,675,803,797,762,710,840,857,757,548,351,573,670,645,710,601,662,316,377,482,403,361,219,84,0,79,1061,1177,603,26,0,0,aro0921,cross_leg_left,1
1609,1789976070.491357,344,697,779,761,776,699,809,827,779,523,307,591,623,657,703,599,693,327,409,441,409,375,231,88,0,124,1066,1189,585,0,0,0,aro0921,cross_leg_left,1
1610,1789976070.511371,348,684,805,791,773,728,832,857,764,521,351,569,665,670,667,621,680,333,379,481,427,343,217,61,0,93,1021,1207,559,0,0,0,aro0921,cross_leg_left,1
1611,1789976070.530666,347,681,791,797,785,711,811,844,765,539,313,567,647,671,687,617,659,303,405,463,434,347,235,75,0,104,1041,1225,571,0,0,0,aro0921,cross_leg_left,1
1612,1789976070.551354,341,695,787,779,791,723,815,829,777,523,339,557,645,649,687,593,687,339,413,457,408,343,227,77,0,87,1053,1184,603,22,0,0,aro0921,cross_leg_left,1
1613,1789976070.571343,343,695,776,782,789,727,826,838,750,521,303,565,652,646,703,621,655,323,389,483,447,377,211,52,0,136,1067,1171,569,0,0,0,aro0921,cross_leg_left,1
1614,1789976070.591344,348,681,791,795,767,716,828,847,765,523,341,568,664,647,711,594,679,309,413,459,411,363,197,85,0,106,1059,1223,604,23,0,0,aro0921,cross_leg_left,1
1615,1789976070.611326,349,698,795,795,766,697,809,855,755,527,312,584,624,679,703,617,677,308,379,444,434,361,221,76,0,137,1039,1187,617,0,0,0,aro0921,cross_leg_left,1
1616,1789976070.631358,345,691,792,787,779,727,823,828,779,523,308,583,623,678,671,627,671,315,383,462,409,347,219,81,0,109,1069,1187,569,25,0,0,aro0921,cross_leg_left,1
1617,1789976070.651378,363,687,779,775,775,701,825,843,765,518,316,590,629,674,669,623,669,339,389,444,436,343,233,82,0,136,1043,1223,595,0,0,0,aro0921,cross_leg_left,1
1618,1789976070.671329,343,697,786,797,781,699,825,827,781,527,309,595,664,681,683,619,661,315,373,486,411,347,205,43,0,85,1034,1213,591,0,0,0,aro0921,cross_leg_left,1
1619,1789976070.691351,341,675,795,788,763,728,843,839,777,533,331,579,665,649,714,597,671,313,373,425,402,332,201,47,0,121,1033,1210,611,0,0,0,aro0921,cross_leg_left,1
1620,1789976070.711340,355,685,791,783,773,715,823,845,765,529,333,566,639,652,685,605,671,317,397,463,409,363,217,67,0,89,1060,1203,587,0,0,0,aro0921,cross_leg_left,1
1621,1789976070.731316,355,683,792,783,780,725,809,845,755,529,328,565,645,661,685,611,671,317,395,461,419,349,245,81,0,109,1049,1198,610,0,0,0,aro0921,cross_leg_left,1
1622,1789976070.751308,349,695,789,789,766,713,815,829,778,537,299,569,655,681,701,611,687,331,390,447,413,334,229,59,0,89,1045,1182,574,0,0,0,aro0921,cross_leg_left,1
1623,1789976070.771350,347,671,799,765,792,715,840,829,765,519,331,583,621,665,703,595,680,315,395,459,408,364,199,83,0,111,1069,1223,584,0,0,0,aro0921,cross_leg_left,1
1624,1789976070.791295,339,671,789,777,766,719,825,841,757,523,317,570,629,679,699,615,675,317,413,473,409,373,227,51,0,89,1052,1187,607,0,0,0,aro0921,cross_leg_left,1
1625,1789976070.811300,363,676,803,776,793,703,838,859,757,529,328,583,639,665,697,618,647,323,395,447,438,361,211,85,0,123,1031,1115,553,0,0,0,aro0921,cross_leg_left,1
1626,1789976070.831341,362,676,781,783,787,717,809,857,761,542,309,573,637,637,700,618,679,307,391,445,435,373,234,53,0,109,1063,1215,597,0,0,0,aro0921,cross_leg_left,1
1627,1789976070.851335,365,695,788,775,775,726,844,849,779,540,311,541,655,661,670,627,677,315,377,469,415,372,238,69,0,99,1069,1215,589,27,0,0,aro0921,cross_leg_left,1
1628,1789976070.871338,347,682,799,779,782,711,842,858,785,523,331,585,613,644,681,615,686,303,409,453,405,391,247,87,0,119,1031,1177,593,23,0,0,aro0921,cross_leg_left,1
1629,1789976070.891359,343,697,779,779,779,723,830,842,760,510,343,555,630,675,694,597,657,315,423,422,429,357,235,47,0,135,1077,1198,571,21,0,0,aro0921,cross_leg_left,1
1630,1789976070.911318,353,683,803,785,792,724,824,844,763,529,334,535,649,663,681,629,669,327,395,459,427,364,227,0,0,83,1071,1204,590,0,0,0,aro0921,cross_leg_left,1
1631,1789976070.931311,349,684,789,781,780,723,829,845,772,541,331,569,639,659,687,607,675,325,395,460,423,363,217,61,0,111,1054,1197,582,0,0,0,aro0921,cross_leg_left,1
1632,1789976070.951335,347,693,785,796,785,729,813,831,765,537,346,552,631,680,699,591,667,331,377,473,416,372,215,68,0,89,1067,1223,583,31,0,0,aro0921,cross_leg_left,1
1633,1789976070.971326,361,681,791,782,781,723,845,847,745,540,329,557,655,639,685,607,665,325,395,461,403,345,191,47,0,109,1052,1205,571,29,0,0,aro0921,cross_leg_left,1
1634,1789976070.991404,345,699,799,767,789,701,825,831,765,538,316,569,660,677,679,617,663,327,402,452,407,365,203,73,0,91,1016,1203,581,0,0,0,aro0921,cross_leg_left,1
1635,1789976071.011422,351,675,789,797,777,699,813,827,768,520,309,589,659,667,668,619,679,313,391,441,435,361,229,59,0,115,1019,1213,565,0,0,0,aro0921,cross_leg_left,1
1636,1789976071.031424,347,691,797,792,789,703,837,839,764,520,309,586,663,679,684,622,658,311,415,453,403,379,207,68,0,106,1043,1222,601,0,0,0,aro0921,cross_leg_left,1
1637,1789976071.051334,343,688,786,795,789,709,818,840,781,541,318,551,659,677,672,600,669,312,411,445,431,349,207,55,0,95,1033,1203,567,0,0,0,aro0921,cross_leg_left,1
1638,1789976071.071374,357,671,799,796,791,729,839,861,773,523,331,550,663,645,683,596,682,326,383,469,439,366,191,78,0,103,1049,1179,574,0,0,0,aro0921,cross_leg_left,1
1639,1789976071.091362,343,685,794,792,773,715,815,840,777,517,349,568,659,659,698,618,659,313,413,453,430,361,231,59,0,89,1061,1183,605,0,0,0,aro0921,cross_leg_left,1
1640,1789976071.111328,365,692,775,765,795,701,840,845,781,520,323,547,623,645,703,607,695,333,379,487,425,350,206,57,0,105,1079,1181,603,0,0,0,aro0921,cross_leg_left,1
1641,1789976071.131332,363,677,796,781,779,717,838,847,755,531,309,583,637,661,701,602,665,339,381,455,427,350,217,87,0,127,1043,1221,591,27,0,0,aro0921,cross_leg_left,1
1642,1789976071.151349,349,686,789,779,777,715,828,841,765,533,327,559,635,661,683,611,675,311,395,459,423,363,217,69,0,109,1060,1189,589,0,0,0,aro0921,cross_leg_left,1
1643,1789976071.171349,339,671,791,783,778,728,831,839,756,531,327,570,645,661,683,611,672,337,405,443,439,361,201,83,0,105,1059,1222,605,0,0,0,aro0921,cross_leg_left,1
1644,1789976071.191311,347,684,787,793,776,695,836,851,751,523,327,574,651,651,680,595,691,307,397,479,436,377,202,61,0,121,1031,1212,597,0,0,0,aro0921,cross_leg_left,1
1645,1789976071.211350,363,667,793,799,765,713,827,860,749,523,313,593,669,649,709,613,683,338,411,455,405,373,233,63,0,143,1075,1231,611,0,0,0,aro0921,cross_leg_left,1
1646,1789976071.231336,363,696,797,775,773,713,836,854,765,540,333,555,637,669,696,605,661,328,381,474,431,357,217,49,0,111,1039,1192,571,0,0,0,aro0921,cross_leg_left,1
1647,1789976071.251344,349,689,780,793,767,721,831,837,764,520,311,575,647,677,682,605,665,329,403,473,430,359,217,55,0,136,1036,1213,607,0,0,0,aro0921,cross_leg_left,1
1648,1789976071.271330,343,677,795,773,785,731,831,831,755,536,345,573,665,675,695,627,687,329,380,481,439,378,235,86,0,106,1039,1209,602,0,0,20,aro0921,cross_leg_left,1
1649,1789976071.291332,366,671,779,789,785,715,813,861,773,536,303,581,631,684,667,621,655,313,378,483,427,359,232,50,0,77,1031,1225,599,25,0,0,aro0921,cross_leg_left,1
1650,1789976071.311314,357,671,799,792,763,719,828,860,779,535,309,549,619,661,667,593,653,301,383,477,402,343,218,43,0,89,1069,1179,613,0,0,0,aro0921,cross_leg_left,1
1651,1789976071.331314,344,685,777,787,789,725,827,839,755,537,341,556,633,645,677,614,687,329,411,461,440,365,205,84,0,135,1063,1209,611,0,0,0,aro0921,cross_leg_left,1
1652,1789976071.351352,357,685,796,782,779,717,823,845,765,533,331,569,646,663,692,607,669,327,361,461,423,359,223,69,0,107,1058,1199,589,0,0,0,aro0921,cross_leg_left,1
1653,1789976071.371307,340,687,793,787,779,703,830,838,778,531,327,567,637,659,677,600,670,341,411,471,421,339,213,43,0,109,1045,1204,576,0,0,0,aro0921,cross_leg_left,1
1654,1789976071.391328,341,693,803,793,776,701,837,846,767,537,313,597,650,648,702,612,663,327,427,437,438,344,233,77,0,135,1045,1172,609,0,0,0,aro0921,cross_leg_left,1
1655,1789976071.411369,365,676,783,791,765,723,828,845,763,531,344,588,632,660,697,607,661,311,411,473,421,347,237,68,0,99,1053,1205,585,30,0,0,aro0921,cross_leg_left,1
1656,1789976071.431317,344,684,795,783,781,715,837,841,778,529,311,586,628,649,679,619,661,315,393,467,399,357,203,69,0,109,1063,1203,595,23,0,0,aro0921,cross_leg_left,1
1657,1789976071.451332,365,693,781,777,773,721,823,856,777,533,313,581,635,662,685,626,691,334,409,470,405,373,203,55,0,133,1052,1224,598,25,0,0,aro0921,cross_leg_left,1
1658,1789976071.471329,340,681,803,797,786,731,842,831,755,525,327,553,627,677,696,607,653,324,413,437,441,368,217,93,0,132,1094,1227,582,0,0,0,aro0921,cross_leg_left,1
1659,1789976071.490424,358,682,799,781,789,727,831,861,759,529,351,587,630,664,667,625,667,287,409,441,421,356,201,82,0,107,1084,1229,613,0,0,0,aro0921,cross_leg_left,1
1660,1789976071.511365,350,679,787,800,793,702,809,847,767,542,324,549,668,658,670,627,663,345,411,441,431,361,235,77,0,101,1043,1197,567,0,0,0,aro0921,cross_leg_left,1
1661,1789976071.531418,345,679,795,779,792,715,808,840,755,521,341,569,657,649,696,621,687,307,389,472,427,349,227,74,0,89,1049,1213,603,0,0,0,aro0921,cross_leg_left,1
1662,1789976071.551378,345,683,796,789,793,721,811,828,780,523,340,547,621,647,701,589,679,303,411,469,415,347,207,45,0,77,1081,1207,595,0,0,0,aro0921,cross_leg_left,1
1663,1789976071.571367,364,699,800,773,793,701,822,859,775,508,351,556,631,677,709,599,659,302,406,474,424,339,211,44,0,97,1036,1181,583,37,0,0,aro0921,cross_leg_left,1
1664,1789976071.591322,367,700,789,789,773,719,815,863,765,533,314,584,668,675,701,590,679,325,395,455,419,360,215,64,0,91,1047,1225,589,0,0,0,aro0921,cross_leg_left,1
1665,1789976071.611372,358,667,789,787,789,716,821,846,763,525,332,569,649,663,687,607,671,319,402,463,419,361,223,71,0,107,1055,1199,595,0,0,0,aro0921,cross_leg_left,1
1666,1789976071.631326,347,696,792,775,792,722,821,837,765,541,316,557,627,669,671,595,687,315,429,457,409,376,213,47,0,107,1054,1199,607,25,0,0,aro0921,cross_leg_left,1
1667,1789976071.651316,345,671,781,781,765,715,837,847,755,526,308,589,627,681,670,605,677,309,421,443,432,375,202,90,0,105,1067,1208,583,0,0,0,aro0921,cross_leg_left,1
1668,1789976071.671386,363,676,779,773,765,733,805,843,782,539,341,581,603,652,688,623,679,315,419,443,403,357,225,71,0,117,1032,1222,600,0,0,0,aro0921,cross_leg_left,1
1669,1789976071.691370,365,685,787,775,775,733,827,853,777,519,339,544,666,646,671,591,661,319,421,447,421,347,215,72,0,123,1052,1228,571,0,0,0,aro0921,cross_leg_left,1
1670,1789976071.711341,345,697,827,781,790,727,831,843,766,519,308,587,649,679,701,621,684,327,379,473,434,341,215,71,0,125,1047,1165,556,0,0,0,aro0921,cross_leg_left,1
1671,1789976071.731367,359,696,803,783,767,725,815,851,773,539,309,567,659,677,685,597,661,313,392,478,424,367,232,85,0,121,1039,1213,571,0,0,0,aro0921,cross_leg_left,1
1672,1789976071.751363,361,695,776,779,781,729,819,849,779,542,318,564,647,655,697,629,691,327,412,471,431,351,211,60,0,103,1033,1182,590,0,0,0,aro0921,cross_leg_left,1
1673,1789976071.771332,347,675,779,803,777,703,826,844,747,519,351,557,667,649,684,623,691,313,419,455,439,379,237,79,0,93,1036,1197,567,0,0,0,aro0921,cross_leg_left,1
1674,1789976071.791326,347,699,781,767,773,719,813,837,764,538,350,585,632,681,670,633,661,317,411,457,424,365,217,77,0,126,1070,1203,588,0,0,0,aro0921,cross_leg_left,1
1675,1789976071.811345,349,687,789,787,781,716,823,844,763,521,332,567,638,663,686,617,669,325,397,463,421,361,217,69,0,107,1052,1203,587,0,0,0,aro0921,cross_leg_left,1
1676,1789976071.831334,346,677,800,793,779,727,813,843,757,523,343,563,639,663,675,622,669,329,411,441,405,367,231,71,0,101,1031,1195,596,0,0,0,aro0921,cross_leg_left,1
1677,1789976071.851330,365,691,783,777,787,703,827,857,777,535,315,583,665,651,701,623,687,341,413,473,404,367,203,47,0,149,1065,1230,581,0,0,0,aro0921,cross_leg_left,1
1678,1789976071.871365,361,679,782,798,791,733,805,857,773,523,303,559,664,663,700,628,660,341,377,443,427,375,201,40,0,137,1067,1176,559,22,0,0,aro0921,cross_leg_left,1
1679,1789976071.891350,361,683,793,797,781,726,812,845,749,521,327,557,633,652,693,615,677,345,383,434,401,357,211,73,0,134,1045,1181,603,0,0,0,aro0921,cross_leg_left,1
1680,1789976071.911335,365,675,783,781,760,711,841,860,781,525,309,551,627,681,689,646,677,303,421,457,408,318,203,47,0,117,1039,1227,566,35,0,0,aro0921,cross_leg_left,1
1681,1789976071.931355,359,677,789,777,776,712,825,859,754,527,313,597,635,662,703,599,670,309,380,472,431,377,205,50,0,94,1055,1197,599,0,0,0,aro0921,cross_leg_left,1
1682,1789976071.951367,347,675,793,787,773,718,819,827,755,521,307,555,628,672,697,585,659,307,383,475,405,343,203,85,0,117,1079,1195,588,0,0,0,aro0921,cross_leg_left,1
1683,1789976071.971318,357,680,779,773,779,730,837,855,783,520,309,588,631,652,665,599,691,303,407,454,404,339,207,87,0,135,1051,1197,575,0,0,0,aro0921,cross_leg_left,1
1684,1789976071.991360,360,682,780,765,786,717,819,821,764,532,339,570,655,682,709,591,681,327,374,463,426,343,213,90,0,133,1072,1216,583,0,0,0,aro0921,cross_leg_left,1
1685,1789976072.011414,349,686,793,788,774,725,818,845,759,529,326,563,633,669,685,611,674,319,399,463,415,343,217,73,0,107,1053,1203,591,0,0,0,aro0921,cross_leg_left,1
1686,1789976072.031365,365,680,793,786,779,710,815,855,779,525,329,567,661,669,671,617,671,333,414,445,403,342,219,86,0,111,1021,1205,569,20,0,0,aro0921,cross_leg_left,1
1687,1789976072.051327,364,699,777,796,778,709,823,855,757,541,313,563,667,665,671,617,678,309,389,447,435,379,217,91,0,104,1039,1193,599,0,0,0,aro0921,cross_leg_left,1
1688,1789976072.071510,342,676,784,781,778,711,805,842,760,533,331,569,631,646,670,601,661,307,413,468,409,339,185,87,0,87,1079,1215,603,24,0,0,aro0921,cross_leg_left,1
1689,1789976072.091331,349,691,793,781,779,728,808,847,757,525,350,555,621,662,701,595,663,337,373,459,439,367,227,69,0,72,1079,1199,567,21,0,0,aro0921,cross_leg_left,1
1690,1789976072.111342,355,677,797,766,787,725,807,837,760,539,329,551,661,669,711,622,695,301,381,442,421,344,217,85,0,124,1052,1227,597,0,0,0,aro0921,cross_leg_left,1
1691,1789976072.131371,347,692,777,780,788,712,831,837,753,539,307,571,645,675,687,623,659,340,395,443,412,355,217,71,0,136,1075,1187,575,23,0,0,aro0921,cross_leg_left,1
1692,1789976072.151433,347,685,795,786,777,727,827,831,777,539,315,583,638,638,671,621,690,314,383,475,431,357,191,72,0,94,1036,1199,606,25,0,0,aro0921,cross_leg_left,1
1693,1789976072.171384,371,696,793,796,780,711,807,856,757,541,309,587,621,655,670,619,681,317,411,441,431,383,227,84,0,133,1051,1206,599,0,0,0,aro0921,cross_leg_left,1
1694,1789976072.191393,357,685,787,775,793,719,815,843,764,531,309,589,629,636,683,637,693,317,397,459,423,361,218,69,0,115,1049,1229,587,0,0,0,aro0921,cross_leg_left,1
1695,1789976072.211349,354,682,791,785,787,718,821,841,758,532,327,569,638,661,687,611,677,320,397,462,419,361,213,71,0,109,1059,1199,588,0,0,0,aro0921,cross_leg_left,1
1696,1789976072.231316,345,697,795,781,789,727,831,829,757,531,341,551,637,646,703,607,661,324,415,455,437,357,203,51,0,88,1076,1183,601,25,0,0,aro0921,cross_leg_left,1
1697,1789976072.251342,364,696,789,790,775,725,813,841,760,519,327,569,635,678,703,603,668,334,393,453,405,351,204,44,0,135,1035,1183,597,0,0,0,aro0921,cross_leg_left,1
1698,1789976072.271377,362,677,803,797,773,723,799,858,780,520,347,571,667,647,703,607,661,302,379,483,424,381,203,83,0,108,1061,1183,602,0,0,0,aro0921,cross_leg_left,1
1699,1789976072.291330,353,676,781,793,775,713,831,849,773,529,317,587,655,663,703,628,694,333,413,435,455,367,201,63,0,122,1036,1213,571,0,0,0,aro0921,cross_leg_left,1
1700,1789976072.311349,365,700,777,791,767,709,828,843,761,533,315,549,651,639,671,588,653,342,419,483,423,382,234,43,0,91,1049,1235,595,0,0,0,aro0921,cross_leg_left,1
1701,1789976072.331350,362,679,787,777,779,704,828,854,765,522,343,557,631,649,670,620,670,307,397,454,433,345,223,73,0,111,1036,1194,585,0,0,0,aro0921,cross_leg_left,1
1702,1789976072.351360,353,685,803,795,793,727,819,856,777,540,345,585,646,658,699,629,687,331,419,472,436,360,229,67,0,122,1014,1208,580,0,0,0,aro0921,cross_leg_left,1
1703,1789976072.371354,359,700,793,798,777,732,805,863,757,523,343,573,628,639,669,597,651,319,420,445,435,345,213,93,0,119,1031,1179,587,29,0,0,aro0921,cross_leg_left,1
1704,1789976072.391369,365,687,807,775,777,728,820,857,764,533,347,568,651,649,683,599,687,318,411,463,413,360,217,63,0,111,1065,1174,597,0,0,0,aro0921,cross_leg_left,1
1705,1789976072.411344,356,687,791,787,781,721,821,845,765,535,327,571,639,663,685,606,669,319,397,461,421,359,217,57,0,109,1055,1204,595,0,0,0,aro0921,cross_leg_left,1
1706,1789976072.431343,360,691,799,791,783,730,813,857,759,537,339,555,629,651,691,621,687,317,391,477,435,365,209,87,0,133,1047,1191,573,0,0,0,aro0921,cross_leg_left,1
1707,1789976072.451375,335,675,791,783,786,702,829,841,761,523,301,589,618,646,671,633,663,307,391,476,437,367,218,73,0,87,1071,1181,601,0,0,0,aro0921,cross_leg_left,1
1708,1789976072.471334,341,695,779,779,773,725,805,838,760,538,313,587,631,649,703,611,679,313,421,443,403,382,210,87,0,99,1068,1191,581,0,0,0,aro0921,cross_leg_left,1
1709,1789976072.491345,367,698,779,788,794,711,836,857,777,535,339,581,660,679,702,617,683,331,399,451,401,359,203,43,0,125,1045,1229,595,0,0,0,aro0921,cross_leg_left,1
1710,1789976072.511366,345,675,792,779,779,713,831,829,779,535,310,589,637,646,666,603,667,311,383,456,403,381,227,78,0,57,1047,1212,583,0,0,0,aro0921,cross_leg_left,1
1711,1789976072.531402,358,693,786,777,779,728,811,851,763,540,317,587,649,666,672,611,681,333,407,459,414,347,223,67,0,133,1055,1215,589,25,0,0,aro0921,cross_leg_left,1
1712,1789976072.551344,344,681,800,797,796,729,824,827,751,536,335,549,657,651,703,601,668,340,409,467,419,377,204,61,0,89,1066,1227,613,25,0,0,aro0921,cross_leg_left,1
1713,1789976072.571394,339,671,782,793,774,732,821,829,757,531,309,593,635,681,665,626,679,314,375,474,405,396,181,43,0,140,1043,1234,569,0,0,0,aro0921,cross_leg_left,1
1714,1789976072.591363,350,679,782,779,787,719,815,853,765,531,308,571,637,682,681,626,665,307,398,473,421,361,221,67,0,124,1059,1221,587,0,0,0,aro0921,cross_leg_left,1
1715,1789976072.611340,355,687,789,788,785,725,820,843,765,531,329,570,645,662,678,607,671,319,399,463,421,371,223,58,0,123,1051,1199,593,0,0,0,aro0921,cross_leg_left,1
1716,1789976072.631342,350,677,797,795,781,713,829,856,760,521,325,587,654,657,681,595,681,311,395,469,434,357,220,87,0,135,1033,1211,571,0,0,0,aro0921,cross_leg_left,1
1717,1789976072.651367,355,695,795,777,789,703,813,829,761,543,340,547,633,645,681,588,685,335,397,445,411,379,219,70,40,82,1096,1191,584,27,0,0,aro0921,cross_leg_left,1
1718,1789976072.671330,349,687,785,790,789,703,805,856,781,527,307,555,632,683,677,603,677,343,375,439,423,395,197,77,0,123,1079,1194,574,0,0,0,aro0921,cross_leg_left,1
1719,1789976072.691338,365,685,786,791,797,727,811,855,761,536,332,583,633,659,679,610,685,295,383,457,428,345,231,98,0,133,1078,1213,590,0,0,0,aro0921,cross_leg_left,1
1720,1789976072.711388,341,697,794,787,791,723,829,843,760,523,311,560,665,681,669,595,661,301,413,478,421,347,237,73,0,137,1087,1179,568,21,0,0,aro0921,cross_leg_left,1
1721,1789976072.731340,356,699,791,778,775,712,827,837,763,517,334,587,631,677,681,620,659,335,405,457,425,343,217,87,0,124,1070,1199,567,0,0,0,aro0921,cross_leg_left,1
1722,1789976072.751332,361,684,789,781,772,729,807,837,749,520,297,587,623,629,679,605,671,329,403,461,431,333,204,61,0,89,1065,1213,543,0,0,0,aro0921,cross_leg_left,1
1723,1789976072.771330,366,684,791,781,778,725,825,843,767,521,317,584,661,679,679,601,664,311,398,463,407,379,201,88,0,136,1052,1181,589,25,0,0,aro0921,cross_leg_left,1
1724,1789976072.791371,367,687,785,779,781,714,819,832,763,531,348,551,667,676,693,603,655,328,378,472,423,350,231,48,0,115,1049,1195,585,0,0,0,aro0921,cross_leg_left,1
1725,1789976072.811339,348,684,791,787,788,717,819,841,763,521,330,571,645,679,686,612,655,313,397,460,416,361,218,73,0,98,1056,1204,591,0,0,0,aro0921,cross_leg_left,1
1726,1789976072.831365,371,697,803,793,787,715,814,831,749,531,329,579,652,648,680,615,655,319,379,475,435,367,237,53,0,106,1071,1224,611,0,0,0,aro0921,cross_leg_left,1
1727,1789976072.851369,355,680,797,795,775,724,813,851,760,535,350,581,663,651,698,627,663,303,393,466,410,377,205,60,0,92,1062,1191,603,0,0,0,aro0921,cross_leg_left,1
1728,1789976072.871330,359,677,791,797,795,731,821,851,745,539,356,559,627,679,682,623,667,311,383,483,411,383,199,59,0,89,1037,1228,605,26,0,0,aro0921,cross_leg_left,1
1729,1789976072.891365,347,701,779,780,790,709,827,824,745,537,315,556,638,679,677,626,675,319,410,446,415,362,204,53,0,149,1079,1181,594,25,0,0,aro0921,cross_leg_left,1
1730,1789976072.911364,349,677,798,795,775,729,808,839,752,539,325,587,649,670,663,590,649,317,415,441,435,372,235,93,0,143,1087,1209,623,43,0,0,aro0921,cross_leg_left,1
1731,1789976072.931387,345,686,787,799,779,729,807,829,777,539,319,559,632,638,665,620,659,315,379,479,425,351,235,57,0,135,1055,1225,595,0,0,0,aro0921,cross_leg_left,1
1732,1789976072.951324,345,697,787,781,793,710,808,839,755,531,310,553,634,653,703,574,686,315,390,477,412,351,231,51,0,135,1077,1189,581,0,0,0,aro0921,cross_leg_left,1
1733,1789976072.971339,348,685,783,776,777,717,813,840,764,536,317,581,631,653,703,600,670,309,413,455,402,379,232,89,0,133,1078,1183,598,22,0,0,aro0921,cross_leg_left,1
1734,1789976072.991364,363,671,787,789,789,727,805,855,778,522,341,544,637,679,668,614,687,281,405,470,419,363,233,87,0,91,1032,1223,590,0,0,0,aro0921,cross_leg_left,1
1735,1789976073.011380,363,687,792,788,782,725,816,842,761,525,333,567,639,664,693,603,631,317,397,461,423,364,229,47,0,108,1055,1205,585,0,0,0,aro0921,cross_leg_left,1
1736,1789976073.030702,356,699,791,791,781,723,828,853,780,537,331,572,662,679,697,607,669,303,379,472,437,359,213,83,0,111,1077,1227,602,21,0,0,aro0921,cross_leg_left,1
1737,1789976073.051420,363,677,783,797,788,723,825,841,757,533,331,565,662,679,669,595,685,333,396,447,411,355,226,47,0,122,1079,1184,619,0,0,0,aro0921,cross_leg_left,1
1738,1789976073.071330,347,677,791,780,775,701,809,829,758,539,328,587,628,667,709,617,661,313,411,443,415,375,217,47,0,127,1069,1221,594,27,0,0,aro0921,cross_leg_left,1
1739,1789976073.091336,361,687,799,777,776,732,800,844,783,537,351,557,621,686,667,621,672,329,383,477,430,365,237,49,0,125,1063,1237,569,20,0,0,aro0921,cross_leg_left,1
1740,1789976073.111385,347,700,792,783,795,731,815,835,749,540,308,561,663,675,680,597,653,341,389,443,436,383,197,59,0,117,1055,1237,565,0,0,0,aro0921,cross_leg_left,1
1741,1789976073.131380,346,687,791,804,773,719,823,837,773,519,313,585,661,659,693,591,681,307,413,451,419,349,207,54,0,104,1061,1208,601,28,0,0,aro0921,cross_leg_left,1
1742,1789976073.151352,363,685,793,777,779,733,807,845,775,537,333,569,629,664,711,595,667,319,379,468,407,341,231,73,0,133,1035,1199,599,0,0,0,aro0921,cross_leg_left,1
1743,1789976073.171357,349,680,805,778,775,715,839,851,751,517,329,590,657,645,687,628,672,297,406,475,436,335,217,39,0,136,1033,1222,611,0,0,0,aro0921,cross_leg_left,1
1744,1789976073.191392,365,697,819,779,777,717,819,829,763,529,346,575,623,678,684,619,663,339,367,463,423,363,217,75,0,105,1031,1239,593,0,0,0,aro0921,cross_leg_left,1
1745,1789976073.211338,356,686,791,789,786,717,819,846,760,529,329,569,639,653,687,609,676,315,398,461,419,345,212,71,0,109,1053,1203,593,0,0,0,aro0921,cross_leg_left,1
