frame,timestamp,ch0,ch1,ch2,ch3,ch4,ch5,ch6,ch7,ch8,ch9,ch10,ch11,ch12,ch13,ch14,ch15,ch16,ch17,ch18,ch19,ch20,ch21,ch22,ch23,ch24,ch25,ch26,ch27,ch28,ch29,ch30,ch31,person,posture,trial
0,1786866263.263907,0,489,668,717,630,377,201,339,0,0,631,639,671,613,499,703,313,570,633,583,635,603,523,135,21,1045,269,0,413,1033,397,0,aro,lean_forward,1
1,1786866263.265040,0,489,669,717,636,371,187,329,0,0,632,628,671,613,501,712,313,558,636,584,638,601,527,127,21,1048,269,0,419,1022,397,0,aro,lean_forward,1
2,1786866263.266033,0,486,669,716,626,363,175,315,0,0,631,635,669,614,500,709,313,557,632,583,637,599,521,133,20,1044,266,0,423,1023,404,0,aro,lean_forward,1
3,1786866263.266954,0,489,671,719,627,361,173,307,0,0,632,638,671,613,501,711,311,559,633,583,638,600,523,127,21,1063,263,0,425,1047,409,0,aro,lean_forward,1
4,1786866263.267679,0,487,669,717,627,355,174,300,0,0,633,639,674,613,499,703,319,558,623,584,633,601,523,125,20,1043,264,0,425,1031,413,0,aro,lean_forward,1
5,1786866263.268405,0,488,668,718,627,351,170,295,0,0,633,639,675,613,503,709,313,563,631,585,635,600,521,124,22,1041,255,0,427,1033,414,0,aro,lean_forward,1
6,1786866263.269130,0,488,669,717,623,339,168,291,0,0,633,639,675,615,499,712,310,557,632,583,637,601,504,123,20,1039,253,0,431,1033,421,0,aro,lean_forward,1
7,1786866263.269860,0,487,669,717,627,333,169,285,0,0,632,647,671,615,501,711,313,557,632,583,646,597,521,119,20,1039,250,0,431,1032,423,0,aro,lean_forward,1
8,1786866263.270582,0,488,670,719,623,333,166,280,0,0,655,635,675,614,501,713,316,555,631,581,635,599,521,121,21,1039,246,0,436,1034,425,0,aro,lean_forward,1
9,1786866263.271252,0,489,669,713,627,331,167,279,0,0,633,638,676,615,503,710,313,563,628,581,635,611,520,116,0,1041,243,0,441,1033,425,0,aro,lean_forward,1
10,1786866263.271897,0,491,670,717,627,331,167,279,0,0,634,638,671,615,501,711,312,553,629,579,635,593,520,115,0,1039,235,0,441,1032,427,0,aro,lean_forward,1
11,1786866263.272558,0,494,671,719,627,331,165,279,0,0,635,637,672,615,504,711,313,553,629,581,645,596,519,111,0,1034,237,0,439,1031,427,0,aro,lean_forward,1
12,1786866263.273192,0,499,675,723,630,331,166,282,0,0,637,637,678,616,504,711,309,553,629,579,635,591,519,111,21,1039,228,0,439,1031,427,0,aro,lean_forward,1
13,1786866263.273830,0,503,679,724,631,328,169,283,0,0,638,639,671,614,504,711,313,551,629,575,633,597,517,118,23,1039,229,0,442,1031,433,0,aro,lean_forward,1
14,1786866263.274479,0,507,677,722,630,331,171,284,0,0,637,654,676,613,506,712,309,551,619,575,634,594,520,112,0,1039,223,0,441,1020,425,0,aro,lean_forward,1
15,1786866263.275109,0,517,680,729,631,333,171,291,0,0,639,645,672,615,505,711,313,567,628,575,633,589,519,114,0,1035,211,0,459,1031,427,0,aro,lean_forward,1
16,1786866263.275742,0,519,679,722,635,331,171,292,0,0,639,645,670,615,503,710,311,551,626,575,633,587,508,107,21,1035,213,0,469,1021,431,0,aro,lean_forward,1
17,1786866263.276374,0,523,679,725,632,338,173,299,0,0,645,649,675,615,507,712,317,551,623,572,635,587,519,111,0,1035,207,0,473,1021,427,0,aro,lean_forward,1
18,1786866263.277005,0,525,681,727,635,339,178,301,0,0,645,648,681,615,505,711,311,555,625,573,634,588,519,113,0,1039,205,0,493,1017,427,0,aro,lean_forward,1
19,1786866263.277637,0,529,684,728,637,341,181,303,0,0,645,647,675,617,505,711,311,550,623,573,633,587,507,109,20,1035,201,0,493,1017,427,0,aro,lean_forward,1
20,1786866263.278271,0,531,683,729,645,343,181,313,0,0,637,644,676,616,507,703,311,549,623,573,633,587,510,119,0,1034,200,0,491,1013,425,0,aro,lean_forward,1
21,1786866263.278893,0,532,683,732,639,358,181,316,0,0,645,639,678,616,505,711,307,552,623,571,631,587,517,115,0,1032,201,0,493,1017,428,0,aro,lean_forward,1
22,1786866263.279452,0,533,683,729,645,355,185,315,0,0,645,645,677,617,505,713,309,549,623,573,633,583,509,111,21,1033,198,0,495,1015,432,0,aro,lean_forward,1
23,1786866263.280048,0,535,686,729,645,361,183,325,0,0,647,644,677,616,505,714,309,547,622,571,631,585,509,117,0,1032,201,0,495,1015,431,0,aro,lean_forward,1
24,1786866263.280615,0,533,683,731,647,360,187,327,0,0,632,648,677,615,501,710,309,547,621,571,632,584,517,117,21,1035,200,0,497,1019,431,0,aro,lean_forward,1
25,1786866263.281393,0,535,684,733,648,363,187,327,0,0,647,645,680,616,505,712,307,548,619,571,632,586,509,116,23,1034,203,0,521,1015,429,0,aro,lean_forward,1
26,1786866263.282093,0,535,685,731,646,364,187,327,0,0,647,648,678,616,507,712,309,549,621,570,631,583,507,111,0,1035,203,0,490,1018,427,0,aro,lean_forward,1
27,1786866263.282780,0,537,685,733,645,367,189,328,0,0,646,647,681,616,509,701,309,548,621,571,632,585,507,114,20,1039,205,0,477,1016,425,0,aro,lean_forward,1
28,1786866263.283348,0,539,685,733,647,365,187,326,0,0,647,648,686,617,509,713,311,549,620,571,631,585,509,115,24,1035,213,0,459,1015,426,0,aro,lean_forward,1
29,1786866263.283911,0,539,686,732,649,376,190,325,0,0,647,645,681,618,505,713,309,548,621,571,631,584,509,117,20,1034,212,0,455,1019,426,0,aro,lean_forward,1
30,1786866263.284489,0,541,687,733,652,365,189,331,0,0,645,651,679,617,517,713,307,547,621,571,631,585,508,108,0,1039,215,0,443,1019,419,0,aro,lean_forward,1
31,1786866263.285062,0,541,687,733,650,365,187,319,0,0,648,647,683,617,511,713,311,547,619,569,631,585,507,107,22,1039,221,0,441,1017,408,0,aro,lean_forward,1
32,1786866263.285648,0,542,687,733,649,367,187,325,0,0,648,649,676,617,517,714,309,549,621,571,630,583,508,107,23,1039,219,0,441,1018,397,0,aro,lean_forward,1
33,1786866263.286216,0,541,685,733,649,368,189,327,0,0,649,647,679,618,519,715,312,547,622,570,631,583,507,104,20,1039,222,0,441,1017,377,0,aro,lean_forward,1
34,1786866263.286799,0,543,687,734,648,364,187,329,0,0,648,648,665,619,517,716,310,547,613,570,631,583,509,104,25,1043,213,0,439,1018,367,0,aro,lean_forward,1
35,1786866263.287360,0,543,685,734,649,365,187,331,0,0,649,647,678,617,519,713,311,543,618,570,631,589,493,101,21,1042,231,0,435,1017,376,0,aro,lean_forward,1
36,1786866263.287930,0,543,691,735,647,365,189,334,0,0,647,651,679,617,505,714,315,547,622,569,631,583,509,105,21,1044,230,0,437,1017,365,0,aro,lean_forward,1
37,1786866263.288494,0,543,685,734,652,364,191,333,0,0,651,651,679,619,519,712,311,548,621,569,631,583,505,103,20,1039,233,0,439,1019,371,0,aro,lean_forward,1
38,1786866263.289059,0,540,685,734,649,367,191,339,0,0,649,647,679,618,509,712,311,543,623,570,630,585,509,109,20,1043,235,0,422,1022,371,0,aro,lean_forward,1
39,1786866263.289632,0,538,682,731,647,365,191,342,0,0,648,647,681,617,509,714,313,547,623,570,631,587,504,106,0,1043,237,0,435,1019,367,0,aro,lean_forward,1
40,1786866263.290201,0,533,685,733,639,371,184,346,0,0,645,649,678,618,509,713,317,550,627,572,631,585,509,111,21,1041,237,0,435,1018,367,0,aro,lean_forward,1
41,1786866263.290768,0,527,683,733,645,367,191,347,0,0,647,650,684,617,507,713,312,548,626,571,631,595,517,116,0,1041,244,0,435,1018,367,0,aro,lean_forward,1
42,1786866263.291257,0,519,685,729,637,365,191,350,0,0,645,649,680,617,506,713,314,549,623,571,631,584,503,117,0,1041,234,0,430,1019,372,0,aro,lean_forward,1
43,1786866263.291759,0,504,679,728,636,366,191,349,0,0,637,647,678,617,503,713,313,549,627,572,631,589,508,119,22,1039,237,0,431,1019,367,0,aro,lean_forward,1
44,1786866263.292249,0,495,676,726,633,365,196,355,0,0,637,647,676,617,506,716,314,549,629,572,631,590,519,122,0,1043,238,0,430,1015,367,0,aro,lean_forward,1
45,1786866263.292738,0,491,670,728,633,365,191,359,0,0,637,647,677,616,500,714,312,551,629,571,631,588,519,122,23,1019,243,0,435,1019,376,0,aro,lean_forward,1
46,1786866263.293250,0,487,671,726,632,363,197,362,0,0,632,638,676,615,499,713,318,551,627,572,633,595,519,124,21,1036,242,0,427,1019,367,0,aro,lean_forward,1
47,1786866263.293752,0,477,671,723,627,365,191,364,0,0,633,645,670,615,496,712,313,551,627,580,631,586,519,127,0,1033,239,0,427,1019,367,0,aro,lean_forward,1
48,1786866263.294271,0,473,666,725,630,365,191,372,0,0,633,644,680,615,499,712,311,552,627,572,635,589,509,145,21,1039,253,0,429,1019,364,0,aro,lean_forward,1
49,1786866263.294772,0,471,668,723,629,367,189,377,0,0,633,650,675,615,499,711,313,552,629,573,633,594,518,133,23,1041,243,0,427,1020,371,0,aro,lean_forward,1
50,1786866263.295274,0,469,667,723,629,366,199,377,0,0,633,639,675,615,491,715,317,553,629,573,633,599,521,134,22,1032,245,0,428,1021,367,0,aro,lean_forward,1
51,1786866263.295785,0,467,667,719,627,365,199,379,0,0,633,639,671,613,495,712,311,553,627,574,635,596,521,135,26,1035,246,0,427,1021,367,0,aro,lean_forward,1
52,1786866263.296288,0,460,669,721,628,366,198,381,0,0,633,638,679,613,493,711,311,555,629,573,635,597,523,149,25,1033,246,0,425,1021,355,0,aro,lean_forward,1
53,1786866263.296748,0,457,667,719,623,371,201,399,0,0,629,645,674,613,494,713,301,555,629,573,634,597,521,153,22,1035,251,0,423,1021,369,0,aro,lean_forward,1
54,1786866263.297180,0,453,667,719,627,368,204,392,0,0,631,635,671,613,491,713,310,559,631,573,635,597,522,153,22,1039,251,0,425,1019,367,0,aro,lean_forward,1
55,1786866263.297622,0,447,666,717,627,371,206,395,0,0,632,637,672,612,495,712,311,555,631,575,635,599,522,154,0,1035,253,0,423,1023,367,0,aro,lean_forward,1
56,1786866263.298056,0,443,665,717,626,372,211,399,0,0,631,638,671,612,483,711,311,555,631,575,635,600,521,157,23,1034,251,0,421,1021,365,0,aro,lean_forward,1
57,1786866263.298495,0,441,667,717,628,375,211,399,0,0,630,637,669,613,487,712,310,555,631,579,637,600,529,155,21,1033,253,0,421,1030,366,0,aro,lean_forward,1
58,1786866263.298925,0,437,665,718,627,376,211,405,0,0,628,638,675,613,488,715,310,556,631,579,636,600,531,157,23,1054,254,0,419,1021,365,0,aro,lean_forward,1
59,1786866263.299373,0,434,669,718,631,376,207,409,0,0,634,636,669,613,487,712,311,557,632,581,637,600,523,164,23,1031,253,0,415,1023,342,0,aro,lean_forward,1
60,1786866263.299875,0,427,663,715,621,380,212,409,0,0,631,635,671,611,487,711,311,557,631,580,637,601,525,166,22,1048,253,0,414,1021,367,0,aro,lean_forward,1
61,1786866263.300343,0,421,659,715,621,382,207,415,0,0,623,646,669,612,485,711,311,555,633,581,659,603,530,164,23,1033,262,0,415,1031,371,0,aro,lean_forward,1
62,1786866263.300792,0,411,661,715,616,384,212,411,0,0,631,633,666,611,485,695,309,557,633,581,639,603,531,152,23,1047,254,0,412,1029,367,0,aro,lean_forward,1
63,1786866263.301225,0,402,659,712,621,389,212,411,0,0,627,636,669,609,483,703,309,556,633,581,637,603,524,143,21,1031,266,0,413,1022,367,0,aro,lean_forward,1
64,1786866263.301669,0,393,653,712,629,391,213,411,0,0,627,636,670,605,478,712,309,558,633,581,638,604,524,160,23,1023,263,0,411,1030,367,0,aro,lean_forward,1
65,1786866263.302099,0,383,653,711,621,393,211,413,0,0,629,635,668,611,479,709,300,557,633,582,639,604,525,171,23,1033,264,0,410,1023,364,0,aro,lean_forward,1
66,1786866263.302531,0,379,651,711,612,390,213,413,0,0,623,635,667,610,480,713,310,557,634,581,639,605,532,175,22,1045,266,0,409,1031,366,0,aro,lean_forward,1
67,1786866263.302912,0,377,649,711,615,391,212,412,0,0,627,633,667,607,479,710,307,558,635,581,639,606,525,164,23,1033,263,0,408,1029,365,0,aro,lean_forward,1
68,1786866263.303302,0,371,650,702,615,389,212,415,0,0,623,635,665,611,484,709,308,559,634,583,639,607,529,164,21,1035,263,0,406,1031,366,0,aro,lean_forward,1
69,1786866263.303689,0,366,657,701,615,389,213,411,0,0,625,634,667,607,481,709,307,559,634,583,639,611,521,156,21,1035,267,0,405,1032,364,0,aro,lean_forward,1
70,1786866263.304075,0,364,649,695,615,391,213,413,0,0,623,632,668,605,483,709,307,562,635,583,645,603,531,167,21,1035,265,0,405,1031,367,0,aro,lean_forward,1
71,1786866263.304472,0,363,649,699,619,391,213,412,0,0,622,633,667,606,484,709,297,559,635,583,645,606,529,159,21,1039,267,0,407,1031,365,0,aro,lean_forward,1
72,1786866263.304860,0,360,653,699,613,391,213,414,20,0,606,635,667,607,478,702,307,559,635,583,645,609,535,167,0,1035,265,0,407,1031,343,0,aro,lean_forward,1
73,1786866263.305257,0,359,647,697,612,383,213,413,0,0,622,635,667,611,478,709,308,563,637,595,639,605,534,165,0,1035,267,0,405,1032,367,0,aro,lean_forward,1
74,1786866263.305640,0,357,650,699,611,389,213,413,0,0,621,633,667,610,481,721,309,559,637,585,646,605,527,169,21,1015,265,0,407,1033,372,0,aro,lean_forward,1
75,1786866263.306026,0,354,638,697,604,392,213,409,0,0,616,633,665,606,477,703,307,559,636,583,644,605,531,171,23,1039,263,0,408,1033,378,0,aro,lean_forward,1
76,1786866263.306414,0,349,647,696,611,390,211,408,0,0,621,633,667,607,478,703,308,559,636,584,645,611,525,173,0,1034,266,0,407,1033,377,0,aro,lean_forward,1
77,1786866263.306799,0,349,646,697,611,393,213,409,0,0,620,635,665,607,467,703,307,559,635,585,645,603,531,165,22,1035,264,0,408,1033,375,0,aro,lean_forward,1
78,1786866263.307195,0,350,649,697,612,391,213,410,21,0,615,632,665,607,467,703,308,560,637,583,645,605,535,172,0,1034,265,0,407,1033,382,0,aro,lean_forward,1
79,1786866263.307578,0,355,649,697,613,389,213,407,0,0,621,633,665,611,487,711,309,562,636,585,645,607,533,169,22,1033,265,0,411,1033,375,0,aro,lean_forward,1
80,1786866263.307986,0,357,650,698,612,393,213,409,0,0,621,632,665,607,483,704,307,562,636,585,645,604,531,165,25,1035,265,0,409,1032,373,0,aro,lean_forward,1
81,1786866263.308369,0,359,649,697,613,391,213,409,23,0,623,633,664,607,477,703,307,560,636,584,645,604,531,168,22,1035,267,0,411,1032,361,0,aro,lean_forward,1
82,1786866263.308756,0,361,647,696,613,393,213,407,0,0,621,633,669,607,479,703,308,563,639,584,645,605,537,170,0,1039,267,0,408,1033,371,0,aro,lean_forward,1
83,1786866263.309150,0,367,645,698,612,391,213,411,0,0,620,634,665,607,469,703,308,563,635,585,645,605,523,173,23,1035,263,0,407,1032,372,0,aro,lean_forward,1
84,1786866263.309534,0,367,651,701,613,393,213,409,0,0,619,633,667,607,493,709,308,561,636,585,645,607,533,167,0,1035,267,0,405,1033,375,0,aro,lean_forward,1
85,1786866263.309930,0,373,648,700,614,403,215,413,0,0,621,633,667,607,477,703,308,563,636,584,645,603,533,169,21,1035,265,0,403,1032,365,0,aro,lean_forward,1
86,1786866263.310311,0,379,649,699,615,393,213,409,0,0,623,633,664,611,479,703,308,564,639,585,645,603,532,165,22,1035,263,0,399,1035,367,0,aro,lean_forward,1
87,1786866263.310675,0,393,651,701,615,396,214,415,0,0,621,633,665,611,477,703,309,559,635,582,645,607,529,169,23,1035,269,0,399,1031,370,0,aro,lean_forward,1
88,1786866263.311040,0,399,653,703,615,397,213,419,0,0,621,633,663,607,479,701,307,559,635,583,645,601,531,167,0,1035,264,0,396,1031,377,0,aro,lean_forward,1
89,1786866263.311400,0,411,653,703,617,395,215,415,20,0,622,633,665,611,479,703,309,559,637,581,645,605,529,169,24,1035,264,0,395,1030,365,0,aro,lean_forward,1
90,1786866263.311762,0,420,659,711,617,398,213,416,0,0,621,633,664,607,479,703,309,561,637,585,645,603,525,169,23,1035,261,0,393,1031,370,0,aro,lean_forward,1
91,1786866263.312127,0,427,655,711,619,397,215,414,22,0,621,633,663,610,478,701,309,563,637,584,645,606,535,167,20,1034,267,0,391,1030,365,0,aro,lean_forward,1
92,1786866263.312490,0,430,655,711,620,395,214,419,23,0,621,633,663,607,477,703,309,559,637,583,645,607,533,167,23,1035,261,0,391,1029,367,0,aro,lean_forward,1
93,1786866263.312848,0,431,659,709,619,397,215,415,22,0,621,633,665,609,477,703,311,563,637,585,645,606,531,165,29,1035,252,0,391,1032,371,0,aro,lean_forward,1
94,1786866263.313216,0,436,658,711,621,389,216,419,0,0,621,633,665,607,478,709,309,563,637,583,646,605,531,167,23,1033,263,0,389,1021,366,0,aro,lean_forward,1
95,1786866263.313573,0,436,661,713,620,392,216,408,21,0,621,632,667,607,478,709,311,559,638,583,645,610,521,164,24,1033,253,0,391,1030,367,0,aro,lean_forward,1
96,1786866263.313923,0,438,657,713,619,390,216,413,22,0,621,632,667,607,478,709,311,558,637,585,646,606,533,165,20,1033,265,0,389,1030,373,0,aro,lean_forward,1
97,1786866263.314282,0,439,659,712,619,395,215,413,21,0,619,632,667,613,479,703,311,562,637,590,645,605,532,169,22,1033,261,0,383,1031,372,0,aro,lean_forward,1
98,1786866263.314634,0,440,661,715,621,392,215,409,20,0,621,633,664,606,479,709,311,562,637,585,645,603,529,167,24,1033,255,0,382,1023,372,0,aro,lean_forward,1
99,1786866263.314991,0,441,659,713,622,392,214,409,0,0,623,633,664,607,482,710,312,559,637,583,644,602,539,169,25,1033,263,0,391,1030,374,0,aro,lean_forward,1
100,1786866263.315341,0,443,661,713,621,389,215,407,0,0,621,633,667,613,483,703,311,563,637,581,638,605,533,166,21,1035,262,0,391,1029,371,0,aro,lean_forward,1
101,1786866263.315692,0,443,659,711,621,383,213,415,0,0,622,631,663,607,477,703,312,558,637,584,639,605,522,165,20,1033,262,0,389,1022,367,0,aro,lean_forward,1
102,1786866263.316046,0,443,657,713,621,395,213,411,0,0,621,631,663,608,482,703,311,562,637,584,639,607,529,166,25,1034,263,0,391,1031,371,0,aro,lean_forward,1
103,1786866263.316388,0,443,664,713,621,383,213,408,0,0,623,632,667,606,483,710,311,563,637,572,639,605,535,165,21,1035,263,0,389,1030,371,0,aro,lean_forward,1
104,1786866263.316723,0,443,661,713,621,383,213,406,0,0,622,633,663,611,476,701,313,560,638,583,645,605,533,163,0,1029,260,0,383,1023,372,0,aro,lean_forward,1
105,1786866263.317050,0,442,660,713,621,383,211,407,0,0,622,633,666,607,477,710,312,559,639,585,645,605,531,165,23,1031,261,0,383,1021,373,0,aro,lean_forward,1
106,1786866263.317406,0,441,659,713,621,384,213,408,0,0,622,633,666,603,477,712,311,557,635,584,639,607,531,166,0,1035,261,0,383,1020,373,0,aro,lean_forward,1
107,1786866263.317788,0,441,660,703,620,391,213,409,0,0,623,633,666,612,478,710,311,559,637,585,644,613,531,166,21,1033,254,0,393,1029,375,0,aro,lean_forward,1
108,1786866263.318141,0,441,662,713,622,393,215,405,0,0,623,634,666,610,479,701,311,563,637,584,645,604,531,167,21,1039,255,0,392,1022,374,0,aro,lean_forward,1
109,1786866263.318525,0,439,659,713,621,393,213,407,0,0,623,632,665,607,479,709,311,563,645,585,645,603,518,167,22,1035,262,0,393,1031,377,0,aro,lean_forward,1
110,1786866263.318857,0,437,655,714,621,392,214,409,0,0,623,633,665,605,477,713,309,563,637,584,646,606,531,167,23,1041,253,0,395,1031,374,0,aro,lean_forward,1
111,1786866263.319195,0,429,659,711,621,391,214,411,0,0,622,632,664,610,479,709,312,563,637,584,644,605,520,157,21,1039,254,0,397,1031,377,0,aro,lean_forward,1
112,1786866263.319524,0,427,655,711,621,393,209,409,0,0,622,632,665,607,478,703,307,559,638,584,645,606,531,167,25,1039,251,0,396,1030,374,0,aro,lean_forward,1
113,1786866263.319851,0,428,655,701,621,393,215,413,0,0,621,631,665,604,479,703,311,560,637,587,644,606,531,167,20,1035,262,0,397,1031,373,0,aro,lean_forward,1
114,1786866263.320189,0,428,653,709,621,393,215,415,0,0,622,632,667,607,477,703,311,563,637,585,645,623,533,170,25,1035,262,0,398,1031,371,0,aro,lean_forward,1
115,1786866263.320520,0,429,653,713,621,393,215,415,0,0,621,632,685,607,478,703,312,559,637,583,645,611,533,165,26,1035,261,0,398,1029,373,0,aro,lean_forward,1
116,1786866263.320864,0,427,655,713,623,395,214,419,0,0,619,632,665,607,478,703,311,564,637,583,645,607,533,167,24,1035,254,0,398,1031,373,0,aro,lean_forward,1
117,1786866263.321203,0,429,659,709,621,396,215,419,0,0,621,631,668,605,479,707,311,564,636,584,645,605,533,167,21,1035,255,0,396,1031,375,0,aro,lean_forward,1
118,1786866263.321537,0,429,660,711,622,398,216,420,20,0,623,631,667,607,479,703,311,563,638,585,644,605,533,167,25,1039,263,0,403,1032,375,0,aro,lean_forward,1
119,1786866263.321871,0,431,664,716,622,399,215,419,22,0,621,633,671,611,477,709,311,563,644,583,645,605,533,169,0,1037,255,0,393,1031,377,0,aro,lean_forward,1
120,1786866263.322202,0,431,653,715,622,402,215,419,23,0,621,631,665,610,481,709,309,563,639,585,645,609,529,167,24,1035,255,0,397,1031,375,0,aro,lean_forward,1
121,1786866263.322539,0,431,667,713,622,403,215,420,22,0,623,632,665,607,479,703,311,563,644,585,645,611,533,167,25,1035,247,0,399,1031,379,0,aro,lean_forward,1
122,1786866263.322865,0,433,661,711,622,403,215,420,23,0,622,632,665,607,479,709,312,561,646,585,645,605,532,171,22,1035,281,0,399,1033,378,0,aro,lean_forward,1
123,1786866263.323203,0,431,663,713,623,403,217,421,23,0,623,631,675,611,479,703,311,565,647,585,645,605,537,151,23,1039,275,0,403,1032,377,0,aro,lean_forward,1
124,1786866263.323530,0,429,665,713,623,403,216,421,25,0,622,632,667,607,479,708,312,559,639,585,647,603,533,169,22,1039,269,0,403,1031,357,0,aro,lean_forward,1
125,1786866263.323859,0,427,661,715,623,403,215,421,24,0,622,631,661,607,477,709,311,563,637,585,645,605,535,151,25,1036,268,0,403,1032,376,0,aro,lean_forward,1
126,1786866263.324187,0,423,659,713,621,405,217,419,22,0,622,633,667,611,478,709,311,560,639,585,645,605,533,169,21,1039,253,0,402,1033,379,0,aro,lean_forward,1
127,1786866263.324499,0,419,655,713,623,404,215,419,23,0,621,633,667,607,475,703,312,565,639,585,647,606,532,171,20,1039,259,0,403,1031,379,0,aro,lean_forward,1
128,1786866263.324824,0,414,658,711,621,403,216,419,23,0,623,631,657,609,478,709,311,564,639,586,644,605,534,170,25,1039,285,0,405,1033,396,0,aro,lean_forward,1
129,1786866263.325137,0,413,655,714,621,403,216,421,24,0,621,633,670,609,479,703,311,559,645,585,646,609,533,171,21,1045,253,0,405,1032,395,0,aro,lean_forward,1
130,1786866263.325452,0,413,661,713,621,404,215,418,24,0,621,631,664,610,477,709,312,563,639,585,645,612,535,171,23,1039,249,0,403,1029,383,0,aro,lean_forward,1
131,1786866263.325769,0,412,657,714,621,403,215,416,23,0,622,631,663,609,478,711,311,565,640,585,645,606,534,170,26,1035,271,0,404,1035,390,0,aro,lean_forward,1
132,1786866263.326077,0,412,659,713,621,403,215,419,22,0,620,633,661,610,479,703,311,573,645,585,645,613,533,169,23,1039,267,0,405,1033,391,0,aro,lean_forward,1
133,1786866263.326396,0,415,659,713,623,403,216,414,23,0,622,631,667,607,473,709,311,563,645,587,645,605,533,170,21,1039,250,0,407,1031,391,0,aro,lean_forward,1
134,1786866263.326710,0,415,659,714,622,405,215,415,21,0,623,632,663,610,479,703,311,560,645,585,645,603,533,169,29,1039,261,0,405,1032,398,0,aro,lean_forward,1
135,1786866263.327026,0,421,659,715,621,403,215,414,0,0,623,631,665,607,477,708,311,559,645,584,645,605,533,169,25,1039,261,0,402,1039,399,0,aro,lean_forward,1
136,1786866263.327341,0,421,659,712,622,403,217,413,0,0,621,632,665,606,479,709,311,565,645,580,645,605,533,168,31,1036,268,0,405,1034,394,0,aro,lean_forward,1
137,1786866263.327651,0,425,659,713,621,405,217,411,0,0,622,632,667,605,482,711,310,566,645,587,645,609,533,169,25,1039,264,0,407,1036,395,0,aro,lean_forward,1
138,1786866263.327969,0,431,659,713,623,403,216,410,0,0,623,631,665,607,482,709,311,559,645,584,645,612,533,169,28,1039,265,0,405,1035,397,0,aro,lean_forward,1
139,1786866263.328278,0,435,659,713,623,403,216,410,0,0,621,631,667,611,478,703,311,565,639,584,645,609,534,167,22,1039,263,0,405,1033,395,0,aro,lean_forward,1
140,1786866263.328599,0,439,659,717,623,399,215,409,0,0,627,631,667,605,479,709,311,560,637,584,646,605,533,167,23,1039,269,0,408,1032,395,0,aro,lean_forward,1
141,1786866263.328915,0,439,659,715,623,403,216,409,0,0,623,632,665,611,479,709,311,562,639,583,645,609,532,167,20,1039,261,0,407,1031,393,0,aro,lean_forward,1
142,1786866263.329227,0,441,661,715,623,404,216,410,0,0,626,633,663,609,479,710,313,563,639,585,645,605,533,165,25,1041,267,0,407,1033,393,0,aro,lean_forward,1
143,1786866263.329554,0,441,661,713,623,403,213,409,0,0,626,632,663,604,479,709,311,559,637,585,639,610,533,167,23,1039,267,0,405,1033,391,0,aro,lean_forward,1
144,1786866263.329870,0,442,661,713,623,402,215,410,0,0,623,633,663,610,483,710,312,559,639,585,646,603,533,167,25,1041,263,0,407,1033,391,0,aro,lean_forward,1
145,1786866263.330187,0,441,661,715,623,403,215,409,0,0,623,633,665,607,479,703,312,565,639,583,645,605,533,166,23,1039,255,0,405,1033,393,0,aro,lean_forward,1
146,1786866263.330499,0,442,661,715,622,400,215,410,0,0,623,632,668,609,483,709,311,559,645,583,639,605,533,167,21,1041,266,0,409,1033,391,0,aro,lean_forward,1
147,1786866263.330808,0,443,660,715,627,399,215,411,0,0,623,632,665,611,483,709,311,553,639,585,646,615,533,169,25,1039,269,0,407,1034,394,0,aro,lean_forward,1
148,1786866263.331125,0,443,661,713,623,401,214,409,0,0,626,631,667,607,485,702,312,563,643,585,646,607,533,166,25,1039,267,0,405,1035,395,0,aro,lean_forward,1
149,1786866263.331435,0,443,661,712,620,399,215,411,0,0,622,632,666,609,477,710,311,565,631,589,645,606,533,167,23,1041,266,0,408,1035,395,0,aro,lean_forward,1
150,1786866263.331751,0,445,661,715,623,403,215,412,0,0,627,633,663,607,483,711,313,567,645,585,645,604,533,167,0,1041,255,0,401,1032,397,0,aro,lean_forward,1
151,1786866263.332049,0,445,661,714,623,399,215,412,0,0,626,632,660,607,483,709,313,565,635,585,645,611,534,167,0,1039,263,0,400,1033,396,0,aro,lean_forward,1
152,1786866263.332341,0,444,661,711,621,399,213,413,0,0,621,629,661,607,483,709,311,559,636,581,639,611,532,165,21,1041,265,0,403,1021,397,0,aro,lean_forward,1
153,1786866263.332640,0,447,662,716,629,403,215,419,0,0,623,631,665,611,483,711,311,567,637,584,646,605,533,167,21,1041,265,0,405,1031,398,0,aro,lean_forward,1
154,1786866263.332934,0,447,663,721,627,404,215,420,0,0,623,635,667,609,483,709,313,557,637,585,645,602,533,167,27,1041,267,0,401,1031,397,0,aro,lean_forward,1
155,1786866263.333233,0,452,662,716,627,405,214,421,0,0,623,632,665,604,485,709,315,563,639,583,645,607,534,168,22,1039,265,0,399,1033,395,0,aro,lean_forward,1
156,1786866263.333528,0,453,663,715,627,405,217,420,0,0,627,633,665,609,483,711,315,563,635,584,645,607,532,167,0,1039,266,0,397,1035,395,0,aro,lean_forward,1
157,1786866263.333856,0,455,663,715,624,405,215,420,0,0,622,633,669,611,484,711,311,564,645,584,647,611,533,166,23,1041,265,0,397,1034,391,0,aro,lean_forward,1
158,1786866263.334178,0,455,663,713,624,405,216,419,0,0,627,634,663,611,485,712,313,563,639,585,645,611,533,168,28,1039,273,0,396,1035,402,0,aro,lean_forward,1
159,1786866263.334485,0,453,663,717,623,398,216,421,20,0,627,633,667,617,487,711,314,559,646,585,645,611,534,165,22,1041,278,0,394,1033,397,0,aro,lean_forward,1
160,1786866263.334787,0,453,663,717,623,402,216,420,21,0,627,633,671,611,487,711,312,567,647,585,646,605,533,168,20,1043,274,0,395,1031,397,0,aro,lean_forward,1
161,1786866263.335080,0,453,662,703,622,399,217,421,21,0,627,635,670,611,488,711,315,563,645,585,647,607,534,167,0,1043,280,0,396,1035,397,0,aro,lean_forward,1
162,1786866263.335386,0,445,659,713,620,397,216,419,21,0,621,631,664,607,489,709,316,563,653,596,647,604,531,165,22,1047,275,0,393,1039,391,0,aro,lean_forward,1
163,1786866263.335685,0,445,663,713,621,397,216,411,21,0,623,633,667,611,490,712,317,564,647,585,647,609,535,167,24,1043,263,0,397,1035,383,0,aro,lean_forward,1
164,1786866263.335982,0,445,661,713,621,395,214,411,0,0,623,635,659,612,491,711,317,564,645,585,647,613,533,168,0,1045,280,0,395,1029,377,0,aro,lean_forward,1
165,1786866263.336289,0,445,661,715,619,391,213,408,0,0,623,635,665,611,491,711,317,563,645,585,647,610,533,167,25,1043,295,0,383,1032,377,0,aro,lean_forward,1
166,1786866263.336585,0,443,661,713,617,383,207,403,0,0,621,635,657,612,491,713,317,567,645,583,644,606,534,166,27,1046,279,0,395,1037,376,0,aro,lean_forward,1
167,1786866263.336891,0,441,660,712,617,380,205,397,0,0,622,633,675,613,493,713,317,564,653,585,646,606,531,165,22,1045,283,0,392,1035,373,0,aro,lean_forward,1
168,1786866263.337191,0,439,659,711,615,376,203,391,0,0,627,633,670,611,491,711,319,563,631,586,646,606,531,157,22,1048,287,0,383,1039,373,0,aro,lean_forward,1
169,1786866263.337486,0,436,658,703,615,373,199,389,0,0,623,637,675,611,495,708,319,563,639,586,645,605,531,163,0,1049,283,0,392,1033,375,0,aro,lean_forward,1
170,1786866263.337788,0,428,655,699,615,357,199,381,0,0,623,637,665,612,492,712,319,563,638,585,645,605,531,159,22,1047,284,0,382,1032,375,0,aro,lean_forward,1
171,1786866263.338070,0,425,658,702,615,355,192,377,0,0,626,637,668,612,495,713,325,563,628,585,645,606,531,159,23,1049,285,0,391,1036,375,0,aro,lean_forward,1
172,1786866263.338363,0,423,654,701,615,351,197,377,0,0,623,633,669,611,493,711,319,563,637,589,639,605,529,159,23,1049,279,0,389,1033,373,0,aro,lean_forward,1
173,1786866263.338645,0,421,654,700,613,351,197,375,0,0,626,635,667,613,490,713,325,567,645,587,645,607,531,157,0,1049,286,0,377,1021,375,0,aro,lean_forward,1
174,1786866263.338929,0,421,653,701,614,350,189,374,0,0,627,634,667,612,492,712,319,563,631,585,639,604,531,157,25,1049,291,0,389,1033,374,0,aro,lean_forward,1
175,1786866263.339221,0,419,655,700,614,350,197,375,0,0,624,633,667,611,491,711,318,565,645,583,644,610,530,156,0,1048,297,0,381,1034,375,0,aro,lean_forward,1
176,1786866263.339503,0,421,655,701,614,351,192,376,0,0,627,633,664,607,491,712,317,557,648,583,639,605,529,158,22,1048,267,0,377,1035,379,0,aro,lean_forward,1
177,1786866263.339798,0,423,658,702,616,351,191,377,0,0,626,636,667,611,491,712,318,563,644,584,639,605,531,157,0,1049,291,0,377,1035,375,0,aro,lean_forward,1
178,1786866263.340082,0,425,657,703,617,351,198,377,0,0,627,635,669,611,489,715,319,559,639,585,645,605,531,158,23,1051,283,0,374,1035,374,0,aro,lean_forward,1
179,1786866263.340365,0,427,659,703,615,351,197,379,0,0,627,635,667,613,489,712,317,565,633,587,645,604,531,157,0,1050,283,0,392,1035,377,0,aro,lean_forward,1
180,1786866263.340659,0,431,659,709,619,354,199,381,0,0,629,635,667,611,489,712,327,559,637,585,639,606,531,159,0,1047,279,0,379,1033,377,0,aro,lean_forward,1
181,1786866263.340945,0,437,659,709,619,367,199,383,0,0,628,633,667,611,489,712,319,566,637,585,639,605,532,158,22,1046,279,0,379,1045,373,0,aro,lean_forward,1
182,1786866263.341234,0,441,661,709,620,372,199,389,0,0,623,633,668,611,491,712,325,557,635,583,645,604,532,159,0,1045,279,0,377,1041,377,0,aro,lean_forward,1
183,1786866263.341515,0,445,662,711,619,372,203,391,0,0,629,635,667,612,490,712,318,563,649,583,645,605,532,159,25,1046,279,0,380,1036,392,0,aro,lean_forward,1
184,1786866263.341797,0,452,663,713,621,375,201,393,0,0,629,633,669,613,491,714,325,558,635,585,645,605,532,159,22,1045,282,0,378,1034,377,0,aro,lean_forward,1
185,1786866263.342083,0,453,665,713,627,375,203,395,0,0,627,636,667,611,491,713,317,559,637,584,639,605,533,159,23,1045,279,0,379,1033,376,0,aro,lean_forward,1
186,1786866263.342368,0,455,664,714,627,378,203,396,0,0,628,637,668,611,487,713,325,563,637,581,639,605,531,163,0,1043,279,0,379,1039,379,0,aro,lean_forward,1
187,1786866263.342662,0,457,663,714,623,377,205,397,0,0,629,635,667,613,491,715,318,567,645,585,644,605,532,163,25,1045,279,0,383,1049,377,0,aro,lean_forward,1
188,1786866263.342943,0,457,663,715,627,379,198,397,0,0,629,635,669,613,493,711,319,564,645,585,644,607,533,160,22,1045,281,0,376,1032,377,0,aro,lean_forward,1
189,1786866263.343227,0,457,663,715,626,379,205,393,0,0,613,636,669,612,493,715,325,563,647,589,646,606,530,163,21,1047,281,0,382,1041,375,0,aro,lean_forward,1
190,1786866263.343516,0,457,663,716,627,377,203,394,0,0,629,635,668,614,492,713,327,567,636,585,645,605,533,160,0,1049,283,0,377,1021,379,0,aro,lean_forward,1
191,1786866263.343798,0,455,664,715,627,376,201,393,0,0,629,633,668,613,491,714,327,558,637,584,639,605,533,160,26,1048,282,0,381,1043,379,0,aro,lean_forward,1
192,1786866263.344090,0,453,663,713,621,375,188,383,0,0,632,633,669,612,493,715,325,563,639,581,639,605,533,163,22,1051,281,0,383,1015,379,0,aro,lean_forward,1
193,1786866263.344371,0,447,663,713,621,359,198,381,0,0,629,637,667,613,495,715,319,559,637,585,645,606,533,159,27,1047,285,0,382,1033,379,0,aro,lean_forward,1
194,1786866263.344651,0,445,663,713,622,355,199,378,0,0,630,633,668,613,495,714,324,563,637,585,645,606,533,159,27,1050,283,0,389,1029,379,0,aro,lean_forward,1
195,1786866263.344945,0,441,660,711,619,355,191,375,0,0,630,635,668,613,483,713,319,563,639,584,645,605,533,157,23,1049,284,0,383,1035,376,0,aro,lean_forward,1
196,1786866263.345227,0,431,661,710,619,353,191,374,0,0,629,637,669,613,495,713,319,563,638,583,639,602,531,157,28,1051,285,0,391,1035,377,0,aro,lean_forward,1
197,1786866263.345513,0,425,659,709,617,353,197,368,0,0,628,637,669,613,500,713,317,556,636,584,639,604,531,155,23,1051,284,0,383,1039,377,0,aro,lean_forward,1
198,1786866263.345789,0,424,659,703,616,349,189,364,0,0,629,636,671,613,496,715,325,559,645,585,639,605,529,154,0,1052,285,0,379,1033,375,0,aro,lean_forward,1
199,1786866263.346064,0,420,659,703,617,349,189,365,0,0,631,634,670,613,494,713,325,563,645,582,638,605,530,149,22,1052,286,0,381,1035,377,0,aro,lean_forward,1
200,1786866263.346367,0,420,659,703,618,351,189,365,0,0,628,639,669,614,499,714,317,569,637,585,639,605,530,141,23,1055,287,0,381,1035,373,0,aro,lean_forward,1
201,1786866263.346642,0,421,659,703,617,351,181,367,0,0,629,639,669,615,493,713,319,567,647,585,639,604,531,143,21,1049,286,0,377,1035,375,0,aro,lean_forward,1
202,1786866263.346921,0,425,659,703,618,351,197,371,0,0,631,633,669,614,493,715,335,565,632,573,638,604,531,141,22,1049,287,0,364,1031,373,0,aro,lean_forward,1
203,1786866263.347192,0,429,659,703,615,350,197,375,0,0,628,634,668,613,492,711,325,564,631,585,639,603,531,141,22,1053,290,0,373,1039,372,0,aro,lean_forward,1
204,1786866263.347462,0,439,660,709,619,351,199,379,0,0,630,639,669,615,495,713,325,567,647,583,639,605,529,141,22,1058,291,0,363,1033,371,0,aro,lean_forward,1
205,1786866263.347744,0,445,663,709,618,354,197,384,0,0,627,637,667,612,494,715,325,565,647,581,639,601,530,141,23,1049,291,0,357,1033,371,0,aro,lean_forward,1
206,1786866263.348013,0,453,663,711,621,370,200,394,0,0,629,636,669,613,487,703,325,565,645,583,638,603,531,147,23,1049,299,0,349,1030,366,0,aro,lean_forward,1
207,1786866263.348291,0,457,664,712,621,374,207,403,0,0,627,639,668,613,493,715,325,555,645,583,638,603,531,152,23,1053,305,0,346,1031,365,0,aro,lean_forward,1
208,1786866263.348561,0,459,663,713,623,375,210,405,0,0,630,633,671,613,495,715,317,575,637,583,645,603,525,155,24,1050,313,0,347,1021,364,0,aro,lean_forward,1
209,1786866263.348831,0,461,664,714,623,377,207,408,0,0,628,637,668,615,493,715,313,564,653,590,639,603,531,155,23,1048,316,0,351,1020,362,0,aro,lean_forward,1
210,1786866263.349111,0,463,665,714,624,378,211,412,0,0,631,635,669,613,491,713,327,569,636,585,639,603,529,156,23,1049,317,0,345,1021,363,0,aro,lean_forward,1
211,1786866263.349381,0,463,665,715,620,379,215,415,0,0,629,635,669,613,492,717,311,563,647,585,638,603,533,158,27,1051,319,0,327,1019,361,0,aro,lean_forward,1
212,1786866263.349673,0,462,665,715,623,380,215,419,0,0,631,633,669,613,491,715,319,567,639,575,638,605,531,157,41,1053,329,0,334,1030,359,0,aro,lean_forward,1
213,1786866263.349963,0,463,665,715,627,383,217,420,0,0,631,636,668,612,491,713,325,565,629,585,639,604,531,155,46,1054,341,0,331,1013,361,0,aro,lean_forward,1
214,1786866263.350252,0,461,664,715,623,383,215,421,0,0,629,637,669,613,489,714,317,565,653,585,639,601,533,155,51,1055,355,0,326,1019,359,0,aro,lean_forward,1
215,1786866263.350543,0,459,665,713,627,382,215,421,0,0,630,647,668,614,491,716,311,563,637,581,639,604,529,163,53,1053,359,0,318,1021,361,0,aro,lean_forward,1
216,1786866263.350832,0,455,663,715,628,381,216,422,0,0,631,634,667,613,489,713,325,564,644,585,645,605,531,159,57,1053,363,0,317,1013,360,0,aro,lean_forward,1
217,1786866263.351115,0,443,661,712,621,381,212,421,0,0,629,645,667,612,487,713,315,565,633,585,645,605,531,163,62,1045,367,0,325,1013,361,0,aro,lean_forward,1
218,1786866263.351389,0,427,660,711,617,379,215,423,0,0,623,633,667,611,487,711,317,573,649,588,639,605,533,165,67,1053,371,0,316,1019,359,0,aro,lean_forward,1
219,1786866263.351674,0,407,653,704,619,381,213,422,0,0,629,629,666,611,485,713,317,564,637,585,645,605,531,165,63,1056,373,0,324,1014,362,0,aro,lean_forward,1
220,1786866263.351951,0,395,652,701,614,378,217,421,0,0,627,637,665,611,485,713,311,564,645,584,645,605,533,164,69,1056,373,0,310,1017,363,0,aro,lean_forward,1
221,1786866263.352224,0,371,649,697,611,378,215,422,21,0,623,631,665,611,479,711,317,563,646,587,647,610,535,167,63,1051,375,0,328,1019,363,0,aro,lean_forward,1
222,1786866263.352510,0,351,647,691,607,378,215,423,22,0,621,611,664,606,477,709,325,555,635,585,645,610,534,167,63,1054,367,0,317,1029,363,0,aro,lean_forward,1
223,1786866263.352784,0,296,639,687,603,379,213,425,25,0,617,623,664,606,476,713,314,565,647,587,646,607,535,171,61,1051,367,0,319,1021,364,0,aro,lean_forward,1
224,1786866263.353060,0,247,636,683,599,377,213,425,30,0,616,633,663,605,477,719,313,565,645,587,647,607,535,171,57,1051,365,0,316,1033,366,0,aro,lean_forward,1
225,1786866263.353342,0,221,633,679,596,379,217,427,30,0,615,627,662,605,473,709,317,565,636,587,646,610,535,171,46,1051,361,0,327,1016,365,0,aro,lean_forward,1
226,1786866263.353615,0,205,631,675,591,380,215,431,31,0,613,623,662,605,468,701,313,565,660,587,647,611,536,175,30,1049,357,0,327,1031,365,0,aro,lean_forward,1
227,1786866263.353905,0,199,627,671,589,380,221,431,31,0,611,623,662,604,463,709,314,565,647,588,648,613,538,182,24,1051,345,0,325,1021,365,0,aro,lean_forward,1
228,1786866263.354186,0,199,626,670,588,380,222,443,31,0,609,626,661,605,467,698,311,565,647,589,647,611,537,187,23,1051,335,0,328,1021,365,0,aro,lean_forward,1
229,1786866263.354464,0,195,622,666,585,381,229,447,35,0,607,623,661,604,467,701,311,566,651,589,649,615,537,191,23,1032,328,0,307,1021,367,0,aro,lean_forward,1
230,1786866263.354748,0,191,619,665,589,383,226,454,36,0,605,621,659,603,467,701,307,566,648,589,649,617,535,201,22,1041,319,0,331,1033,371,0,aro,lean_forward,1
231,1786866263.355021,0,189,618,661,586,392,228,460,37,0,603,627,659,605,469,700,314,565,635,603,649,616,535,203,22,1019,319,0,337,1031,383,0,aro,lean_forward,1
232,1786866263.355302,0,189,619,658,575,392,233,461,35,0,603,622,660,602,468,701,303,568,653,590,649,615,537,213,23,1037,319,0,339,1021,396,0,aro,lean_forward,1
233,1786866263.355577,0,187,613,653,589,393,231,457,37,0,602,626,660,603,469,700,308,569,653,591,651,617,537,219,23,1030,319,0,327,1033,405,0,aro,lean_forward,1
234,1786866263.355851,0,185,606,645,571,397,233,452,35,0,601,627,660,603,467,703,297,569,649,591,650,616,539,222,21,1043,317,0,337,1047,411,0,aro,lean_forward,1
235,1786866263.356128,0,181,600,632,564,398,229,422,31,0,600,623,659,603,467,699,299,569,652,593,651,618,539,225,23,1055,315,0,339,1037,411,0,aro,lean_forward,1
236,1786866263.356404,0,174,589,617,557,403,221,407,29,0,597,617,659,603,474,697,291,569,649,594,650,618,539,221,21,1049,307,0,341,1043,410,0,aro,lean_forward,1
237,1786866263.356686,0,171,585,607,553,408,215,391,23,0,594,623,661,601,466,699,286,567,649,595,651,618,537,217,22,1048,300,0,341,1047,407,0,aro,lean_forward,1
238,1786866263.356960,0,169,583,600,552,410,211,380,0,0,590,617,661,601,466,713,267,565,648,594,651,618,541,204,0,1071,298,0,341,1033,407,0,aro,lean_forward,1
239,1786866263.357232,0,169,583,600,547,411,207,380,0,0,589,623,659,601,467,700,261,565,649,595,652,617,543,203,21,1051,298,0,339,1047,403,0,aro,lean_forward,1
240,1786866263.357513,0,171,583,601,559,412,210,383,0,0,589,621,659,601,467,696,251,564,649,591,651,616,541,201,21,1069,297,0,339,1043,401,0,aro,lean_forward,1
241,1786866263.357787,0,179,589,607,551,411,211,383,0,0,589,618,659,600,467,698,253,559,649,593,650,617,541,203,0,1050,298,0,339,1045,391,0,aro,lean_forward,1
242,1786866263.358071,0,183,597,617,557,413,215,389,0,0,589,627,660,599,467,711,253,563,648,595,649,617,539,201,22,1053,299,0,339,1043,394,0,aro,lean_forward,1
243,1786866263.358346,0,186,600,621,563,415,211,397,0,0,591,623,661,601,459,697,249,565,650,589,651,617,541,201,21,1061,317,0,341,1048,397,0,aro,lean_forward,1
244,1786866263.358620,0,199,605,631,563,415,218,397,0,0,591,627,662,601,468,699,263,567,650,593,651,617,543,199,22,1053,325,0,341,1050,405,0,aro,lean_forward,1
245,1786866263.358893,0,203,612,631,573,420,217,391,0,0,597,626,661,602,462,703,263,567,650,595,651,619,540,197,22,1060,327,0,342,1049,408,0,aro,lean_forward,1
246,1786866263.359156,0,204,611,635,573,421,215,389,0,0,599,627,661,601,469,693,266,566,651,591,651,617,540,184,23,1052,326,0,343,1049,411,0,aro,lean_forward,1
247,1786866263.359423,0,206,613,635,575,415,219,382,0,0,583,628,661,601,467,699,267,565,649,595,649,615,540,179,21,1051,317,0,343,1048,409,0,aro,lean_forward,1
248,1786866263.359690,0,211,613,635,575,415,213,379,0,0,599,621,663,602,474,697,264,563,649,591,651,616,539,175,22,1059,303,0,341,1047,412,0,aro,lean_forward,1
249,1786866263.359957,0,216,615,639,580,413,214,377,0,0,600,633,662,604,460,701,266,563,651,588,649,614,539,173,22,1063,303,0,343,1047,409,0,aro,lean_forward,1
250,1786866263.374503,0,227,617,647,583,413,213,375,0,0,600,629,662,605,472,699,263,563,649,594,651,615,540,171,22,1055,314,0,343,1047,404,0,aro,lean_forward,1
251,1786866263.394564,0,237,619,647,583,414,211,373,0,0,601,623,663,603,472,700,265,564,651,591,651,613,536,172,22,1059,319,0,343,1039,393,0,aro,lean_forward,1
252,1786866263.414524,0,247,619,649,585,413,212,374,0,0,601,629,663,603,477,703,267,564,651,595,651,613,541,167,23,1064,319,0,344,1049,390,0,aro,lean_forward,1
253,1786866263.434543,0,252,619,651,585,414,205,375,0,0,605,629,663,601,471,699,268,564,649,593,649,613,539,169,23,1061,304,0,345,1049,383,0,aro,lean_forward,1
254,1786866263.454615,0,267,621,651,586,411,212,367,0,0,611,630,661,603,473,701,267,563,649,591,649,615,537,169,21,1063,304,0,343,1048,389,0,aro,lean_forward,1
255,1786866263.474614,0,279,620,655,587,409,207,367,0,0,605,631,663,603,473,701,269,564,651,591,649,612,537,165,0,1056,308,0,344,1045,395,0,aro,lean_forward,1
256,1786866263.494618,0,286,611,655,587,406,207,369,0,0,611,630,665,603,465,722,271,563,649,593,649,611,541,164,23,1056,307,0,345,1047,397,0,aro,lean_forward,1
257,1786866263.514676,0,301,629,658,588,399,203,365,0,0,623,631,663,601,473,701,269,559,649,590,649,613,537,164,22,1054,301,0,344,1047,399,0,aro,lean_forward,1
258,1786866263.534633,0,315,628,659,595,396,203,367,0,0,611,637,663,604,473,701,279,559,649,590,649,613,537,163,23,1063,301,0,344,1045,398,0,aro,lean_forward,1
259,1786866263.555574,0,339,631,661,591,393,205,363,0,0,611,621,663,604,471,711,285,559,649,595,650,611,536,164,24,1079,301,0,343,1045,403,0,aro,lean_forward,1
260,1786866263.575648,0,348,629,661,595,392,204,363,0,0,607,633,663,603,471,711,284,567,651,590,647,611,539,157,23,1063,301,0,344,1045,397,0,aro,lean_forward,1
261,1786866263.595593,0,358,631,663,591,397,201,363,0,0,613,631,663,600,473,702,283,567,649,590,649,613,538,163,22,1056,300,0,347,1046,404,0,aro,lean_forward,1
262,1786866263.615599,0,361,631,665,595,393,203,357,0,0,615,631,661,605,486,701,287,563,649,591,649,611,525,167,21,1059,302,0,347,1043,407,0,aro,lean_forward,1
263,1786866263.635580,0,359,632,665,595,392,201,348,0,0,615,637,663,603,475,704,285,563,648,588,648,612,537,159,21,1060,295,0,347,1045,403,0,aro,lean_forward,1
264,1786866263.655744,0,357,631,665,591,380,200,343,0,0,614,633,663,603,475,709,291,563,649,590,648,611,536,151,22,1062,303,0,347,1043,399,0,aro,lean_forward,1
265,1786866263.675628,0,360,627,665,596,376,199,331,0,0,615,633,663,605,472,712,291,563,647,588,647,611,535,156,23,1053,299,0,348,1043,399,0,aro,lean_forward,1
266,1786866263.695543,0,363,633,667,602,379,199,332,0,0,616,633,667,604,471,710,292,559,648,587,647,611,519,155,22,1068,301,0,347,1043,399,0,aro,lean_forward,1
267,1786866263.715603,0,370,634,667,599,377,199,344,0,0,615,633,665,604,471,713,291,562,647,587,647,611,535,151,22,1063,296,0,348,1043,395,0,aro,lean_forward,1
268,1786866263.735675,0,377,633,667,597,377,199,340,0,0,617,634,663,601,473,711,293,563,649,587,647,611,533,153,21,1049,293,0,348,1043,395,0,aro,lean_forward,1
269,1786866263.755557,0,380,635,669,595,377,200,344,0,0,617,628,664,605,477,701,303,560,647,588,647,610,525,153,23,1064,296,0,347,1041,394,0,aro,lean_forward,1
270,1786866263.775641,0,391,637,670,599,375,199,351,0,0,617,635,664,605,475,699,297,559,647,589,648,611,534,149,22,1051,297,0,347,1039,393,0,aro,lean_forward,1
271,1786866263.795520,0,398,637,675,601,365,199,361,0,0,617,631,664,603,479,715,297,559,648,588,647,607,533,151,21,1067,293,0,345,1037,382,0,aro,lean_forward,1
272,1786866263.815544,0,405,645,679,599,371,200,363,0,0,617,619,664,604,473,699,297,559,647,587,648,607,535,149,22,1054,293,0,346,1035,381,0,aro,lean_forward,1
273,1786866263.835845,0,413,649,681,601,367,199,367,0,0,617,627,664,603,473,703,299,562,648,586,647,601,535,149,23,1052,292,0,345,1031,377,0,aro,lean_forward,1
274,1786866263.855654,0,424,647,683,601,371,199,373,0,0,615,633,664,603,484,709,300,559,645,587,647,607,539,149,21,1051,291,0,344,1023,393,0,aro,lean_forward,1
275,1786866263.875576,0,435,646,685,602,370,201,377,0,0,614,632,665,601,471,714,301,559,647,585,647,607,535,153,22,1049,287,0,344,1023,381,0,aro,lean_forward,1
276,1786866263.895510,0,441,652,686,601,373,203,381,0,0,615,633,663,605,469,699,309,559,647,589,647,606,533,153,21,1045,285,0,341,1021,379,0,aro,lean_forward,1
277,1786866263.915629,0,445,651,689,612,367,203,383,0,0,615,633,665,605,475,701,301,559,647,589,647,607,535,155,21,1048,285,0,343,1022,377,0,aro,lean_forward,1
278,1786866263.935656,0,445,655,691,610,367,205,389,0,0,613,633,664,603,461,703,307,560,647,587,649,611,536,151,24,1046,285,0,344,1019,383,0,aro,lean_forward,1
279,1786866263.955580,0,452,651,691,607,367,205,391,0,0,615,634,665,605,474,702,299,559,646,589,647,607,539,163,22,1046,287,0,346,1031,389,0,aro,lean_forward,1
280,1786866263.975600,0,452,652,691,610,367,205,389,0,0,615,633,665,605,472,715,307,561,647,587,647,607,537,164,23,1041,284,0,344,1021,391,0,aro,lean_forward,1
281,1786866263.995545,0,447,653,693,621,366,205,379,0,0,615,633,663,603,475,711,309,559,647,588,647,607,535,153,23,1021,287,0,345,1021,391,0,aro,lean_forward,1
282,1786866264.015567,0,447,653,693,611,365,205,389,0,0,614,633,664,603,476,700,308,562,647,585,647,607,536,155,21,1041,285,0,345,1021,393,0,aro,lean_forward,1
283,1786866264.035631,0,447,651,692,610,351,205,392,0,0,615,633,665,601,483,699,309,563,645,587,647,605,536,159,23,1045,283,0,344,1023,393,0,aro,lean_forward,1
284,1786866264.055577,0,445,657,695,613,348,209,383,0,0,615,633,663,603,475,709,307,563,646,587,647,607,537,157,21,1032,285,0,345,1023,396,0,aro,lean_forward,1
285,1786866264.075581,0,445,651,695,615,350,205,383,0,0,615,633,664,603,471,701,319,559,647,588,647,606,547,150,26,1043,277,0,346,1021,398,0,aro,lean_forward,1
286,1786866264.095611,0,442,655,695,607,347,203,383,0,0,615,631,665,604,468,701,307,563,647,586,648,611,537,163,0,1047,283,0,346,1023,402,0,aro,lean_forward,1
287,1786866264.115549,0,439,648,693,611,349,205,389,0,0,616,632,662,604,471,703,308,563,645,584,647,611,531,155,21,1047,282,0,347,1021,404,0,aro,lean_forward,1
288,1786866264.135677,0,437,651,695,609,351,203,389,0,0,616,632,663,602,466,703,307,562,646,587,647,607,537,155,21,1045,278,0,347,1023,405,0,aro,lean_forward,1
289,1786866264.155599,0,436,651,693,611,351,205,383,0,0,615,632,661,605,475,701,307,559,647,587,647,609,527,158,23,1049,279,0,347,1021,406,0,aro,lean_forward,1
290,1786866264.175591,0,439,649,695,611,349,205,391,0,0,614,631,664,601,473,703,307,559,646,587,647,609,533,163,0,1045,280,0,347,1020,407,0,aro,lean_forward,1
291,1786866264.195575,0,441,649,694,612,351,207,393,0,0,615,631,664,604,473,697,303,559,647,589,647,607,540,156,0,1049,279,0,348,1019,408,0,aro,lean_forward,1
292,1786866264.215596,0,444,650,695,612,348,203,393,0,0,615,633,666,603,471,703,309,563,647,588,639,606,536,157,21,1047,278,0,346,1020,411,0,aro,lean_forward,1
293,1786866264.235625,0,445,654,695,615,355,205,392,0,0,615,632,667,604,472,703,309,559,647,589,646,607,539,156,31,1046,276,0,347,1020,407,0,aro,lean_forward,1
294,1786866264.255546,0,447,653,695,613,361,205,395,0,0,615,631,663,604,471,701,308,563,647,587,647,611,537,163,23,1049,275,0,347,1019,411,0,aro,lean_forward,1
295,1786866264.275589,0,453,653,694,613,365,205,393,0,0,615,632,664,604,473,709,309,560,647,585,647,603,541,160,23,1047,279,0,347,1019,409,0,aro,lean_forward,1
296,1786866264.295610,0,452,654,696,613,368,207,397,0,0,617,631,665,603,475,715,311,563,645,585,647,605,537,159,21,1047,279,0,349,1019,407,0,aro,lean_forward,1
297,1786866264.315590,0,455,653,696,615,370,206,401,0,0,615,633,663,601,473,703,309,562,647,595,647,604,539,157,20,1047,279,0,348,1019,408,0,aro,lean_forward,1
298,1786866264.335846,0,457,655,697,613,370,205,401,0,0,615,632,663,604,471,713,309,563,647,579,647,605,539,165,0,1047,281,0,347,1019,407,0,aro,lean_forward,1
299,1786866264.354947,0,457,654,697,614,375,206,398,0,0,619,633,663,603,475,709,304,560,647,587,646,607,535,157,20,1053,279,0,349,1019,407,0,aro,lean_forward,1
300,1786866264.375660,0,458,657,695,615,362,207,393,0,0,616,633,664,609,475,703,311,563,647,587,647,605,532,163,21,1048,281,0,345,1019,405,0,aro,lean_forward,1
301,1786866264.395592,0,458,657,697,615,371,210,399,0,0,617,633,669,615,475,710,311,563,646,585,647,605,540,159,23,1047,279,0,348,1019,405,0,aro,lean_forward,1
302,1786866264.414678,0,459,655,697,614,370,207,402,0,0,617,631,667,605,475,710,312,559,647,595,646,603,537,164,22,1047,283,0,346,1019,402,0,aro,lean_forward,1
303,1786866264.435971,0,458,659,699,615,366,207,399,0,0,617,632,665,605,475,710,313,563,645,589,647,603,535,155,22,1048,285,0,346,1019,399,0,aro,lean_forward,1
304,1786866264.455608,0,457,659,699,614,367,206,397,0,0,615,632,666,621,475,710,311,564,647,589,647,607,537,163,20,1049,284,0,345,1019,395,0,aro,lean_forward,1
305,1786866264.475622,0,457,658,698,615,371,205,398,0,0,618,630,666,605,472,703,311,557,647,587,647,606,537,159,0,1051,284,0,347,1019,392,0,aro,lean_forward,1
306,1786866264.495592,0,457,657,715,615,356,207,399,0,0,617,633,665,607,477,710,311,563,645,585,645,605,523,159,20,1049,285,0,345,1019,389,0,aro,lean_forward,1
307,1786866264.515557,0,457,659,697,615,348,205,398,0,0,616,633,667,611,475,710,312,558,647,586,647,609,535,159,24,1049,283,0,346,1019,379,0,aro,lean_forward,1
308,1786866264.535566,0,455,658,699,615,357,215,389,0,0,617,632,665,607,476,711,309,559,645,587,647,606,547,165,0,1048,285,0,345,1020,375,0,aro,lean_forward,1
309,1786866264.555348,0,455,658,693,613,349,206,393,0,0,619,633,665,616,475,710,313,559,646,587,647,605,532,159,24,1049,287,0,345,1019,373,0,aro,lean_forward,1
310,1786866264.575599,0,453,655,699,614,351,207,404,0,0,617,631,663,602,475,711,313,565,647,585,647,607,539,159,26,1049,285,0,347,1019,373,0,aro,lean_forward,1
311,1786866264.595575,0,451,653,699,614,355,205,395,0,0,617,632,663,611,475,711,313,563,645,583,647,605,531,158,21,1049,285,0,345,1019,374,0,aro,lean_forward,1
312,1786866264.615549,0,446,651,698,613,364,205,395,0,0,616,632,667,605,475,709,313,559,647,586,647,605,539,157,0,1049,285,0,345,1019,375,0,aro,lean_forward,1
313,1786866264.635662,0,445,645,696,613,355,207,397,0,0,617,631,664,604,477,712,316,563,647,584,647,605,522,159,24,1045,288,0,345,1020,373,0,aro,lean_forward,1
314,1786866264.655622,0,441,652,697,615,355,207,397,0,0,617,631,662,612,475,710,313,563,648,585,647,619,531,155,24,1048,283,0,347,1021,373,0,aro,lean_forward,1
315,1786866264.675625,0,441,649,697,615,347,207,403,0,0,617,631,665,605,472,710,315,562,647,587,647,611,541,165,23,1052,285,0,347,1019,373,0,aro,lean_forward,1
316,1786866264.695589,0,439,651,691,614,356,207,399,0,0,616,631,665,599,476,711,313,563,645,588,647,589,531,168,25,1049,283,0,347,1021,375,0,aro,lean_forward,1
317,1786866264.715572,0,437,653,699,615,365,207,403,0,0,617,631,662,603,475,711,313,559,647,587,647,607,535,159,22,1049,291,0,347,1020,377,0,aro,lean_forward,1
318,1786866264.735592,0,435,651,697,615,373,207,405,0,0,617,631,665,603,476,709,313,563,648,585,648,612,541,164,20,1049,287,0,346,1021,379,0,aro,lean_forward,1
319,1786866264.755598,0,434,651,698,615,379,209,409,0,0,617,631,664,607,475,709,313,563,647,588,647,611,535,160,20,1051,285,0,346,1022,377,0,aro,lean_forward,1
320,1786866264.775615,0,431,651,692,614,373,207,407,0,0,615,631,663,605,477,711,315,564,647,585,647,606,536,163,23,1046,286,0,346,1021,379,0,aro,lean_forward,1
321,1786866264.795584,0,431,649,697,615,373,211,409,0,0,616,631,665,601,476,711,314,563,647,587,647,611,536,165,0,1048,287,0,347,1021,378,0,aro,lean_forward,1
322,1786866264.815599,0,427,647,695,613,372,205,409,0,0,616,632,663,604,475,710,313,563,647,588,645,605,537,163,0,1049,281,0,345,1019,378,0,aro,lean_forward,1
323,1786866264.835683,0,429,653,697,614,373,210,409,0,0,616,631,662,607,475,711,315,563,648,591,648,611,537,153,22,1049,285,0,348,1022,379,0,aro,lean_forward,1
324,1786866264.855549,0,423,652,697,614,375,211,407,0,0,616,631,662,611,475,709,314,565,648,587,648,619,537,167,21,1049,291,0,346,1031,381,0,aro,lean_forward,1
325,1786866264.874920,0,415,649,696,613,371,207,407,0,0,617,631,665,605,475,709,309,565,647,587,645,605,539,155,20,1052,285,0,341,1032,375,0,aro,lean_forward,1
326,1786866264.895609,0,405,651,695,613,373,210,415,0,0,615,631,659,603,475,709,313,563,649,587,647,611,536,179,22,1051,292,0,345,1033,376,0,aro,lean_forward,1
327,1786866264.915566,0,396,651,696,611,371,207,409,0,0,615,631,665,605,475,711,313,563,649,589,647,611,539,167,22,1051,285,0,346,1035,375,0,aro,lean_forward,1
328,1786866264.935784,0,393,649,694,611,370,211,403,0,0,613,631,669,607,477,711,313,563,647,589,648,614,535,165,22,1051,303,0,346,1039,375,0,aro,lean_forward,1
329,1786866264.955592,0,389,649,687,611,371,210,405,0,0,612,631,662,603,475,709,313,565,651,587,649,615,555,167,26,1051,291,0,345,1033,375,0,aro,lean_forward,1
330,1786866264.975543,0,388,645,695,611,372,210,405,0,0,615,631,665,605,477,699,312,563,647,589,647,611,552,163,0,1048,291,0,349,1035,375,0,aro,lean_forward,1
331,1786866264.995553,0,383,650,692,611,374,211,403,0,0,613,631,663,603,475,711,312,565,649,587,649,613,539,165,20,1051,293,0,348,1039,376,0,aro,lean_forward,1
332,1786866265.015642,0,380,647,684,611,374,207,402,0,0,615,629,665,605,473,709,311,559,649,589,648,611,539,165,0,1052,292,0,345,1034,373,0,aro,lean_forward,1
333,1786866265.035677,0,377,650,691,611,377,213,401,0,0,617,632,667,610,474,709,312,571,651,587,648,611,540,166,0,1055,307,0,355,1042,377,0,aro,lean_forward,1
334,1786866265.055591,0,373,648,687,605,377,213,399,0,0,617,631,667,607,473,711,311,569,649,587,648,615,539,165,0,1055,295,0,356,1042,381,0,aro,lean_forward,1
335,1786866265.075601,0,363,648,687,611,379,213,397,0,0,617,631,664,605,471,717,309,570,649,588,648,611,539,167,21,1063,291,0,361,1043,381,0,aro,lean_forward,1
336,1786866265.095610,0,356,645,683,606,383,213,394,0,0,616,633,667,612,473,709,307,569,648,591,649,610,539,168,37,1055,293,0,361,1045,383,0,aro,lean_forward,1
337,1786866265.115552,0,340,646,682,607,389,212,389,0,0,617,631,663,603,474,710,303,569,649,590,649,613,539,167,37,1056,295,0,363,1039,383,0,aro,lean_forward,1
338,1786866265.135706,0,294,644,683,606,392,209,379,0,0,619,631,677,607,474,711,299,563,647,587,649,612,539,167,23,1059,294,0,361,1047,380,0,aro,lean_forward,1
339,1786866265.155632,0,283,637,682,604,391,211,379,0,0,617,633,665,601,473,711,293,565,649,587,648,611,537,165,21,1059,283,0,356,1047,379,0,aro,lean_forward,1
340,1786866265.175611,0,283,638,679,605,391,211,380,0,0,617,629,669,602,477,703,285,565,649,588,648,614,539,169,23,1059,297,0,358,1047,380,0,aro,lean_forward,1
341,1786866265.195561,0,297,638,683,605,394,213,379,0,0,617,631,667,603,473,711,283,563,648,589,648,615,539,165,24,1059,288,0,355,1048,381,0,aro,lean_forward,1
342,1786866265.215585,0,327,644,684,606,397,213,381,0,0,619,635,664,610,475,711,283,564,647,591,650,611,537,167,24,1059,295,0,359,1047,381,0,aro,lean_forward,1
343,1786866265.235648,0,351,633,685,609,398,213,391,0,0,619,631,665,605,475,709,282,565,649,591,649,611,540,166,24,1060,301,0,357,1047,382,0,aro,lean_forward,1
344,1786866265.255546,0,355,645,687,611,403,214,391,0,0,618,633,665,600,475,709,282,564,648,587,648,607,539,166,20,1061,296,0,357,1051,389,0,aro,lean_forward,1
345,1786866265.275587,0,357,645,683,611,403,214,389,0,0,619,632,652,605,477,708,283,563,649,591,649,611,539,167,24,1061,300,0,351,1047,389,0,aro,lean_forward,1
346,1786866265.295591,0,359,645,686,611,404,215,389,0,0,622,632,665,606,475,709,283,565,647,581,647,612,541,165,0,1061,300,0,354,1047,390,0,aro,lean_forward,1
347,1786866265.315547,0,363,639,687,612,403,213,389,0,0,619,633,665,603,475,711,285,559,649,588,649,615,539,165,23,1063,297,0,350,1045,391,0,aro,lean_forward,1
348,1786866265.335683,0,371,645,684,612,403,214,389,0,0,620,633,663,607,477,703,286,563,647,587,648,607,539,160,23,1061,297,0,355,1045,390,0,aro,lean_forward,1
349,1786866265.355600,0,374,647,687,611,399,212,389,0,0,622,633,664,603,474,711,290,565,647,587,648,611,539,164,23,1060,295,0,349,1047,383,0,aro,lean_forward,1
350,1786866265.375582,0,381,645,687,613,399,213,391,0,0,621,633,663,604,475,711,293,559,649,590,649,611,539,165,24,1061,300,0,349,1045,381,0,aro,lean_forward,1
351,1786866265.394888,0,391,647,687,613,399,215,392,0,0,622,634,669,605,474,711,297,563,649,591,648,613,540,165,26,1060,303,0,349,1046,383,0,aro,lean_forward,1
352,1786866265.415621,0,394,647,692,614,401,213,393,0,0,621,633,667,603,475,711,299,564,651,591,649,607,539,167,21,1060,293,0,349,1043,391,0,aro,lean_forward,1
353,1786866265.435600,0,397,649,694,614,399,213,393,0,0,621,633,665,623,475,710,301,567,648,589,649,611,541,167,25,1061,298,0,349,1046,393,0,aro,lean_forward,1
354,1786866265.455558,0,397,649,693,615,397,211,393,0,0,623,633,663,613,477,711,303,564,649,587,649,613,539,164,0,1061,298,0,353,1043,396,0,aro,lean_forward,1
355,1786866265.475623,0,395,648,691,611,395,211,391,0,0,620,632,661,601,477,715,303,567,649,587,647,610,538,165,0,1061,295,0,355,1039,397,0,aro,lean_forward,1
356,1786866265.495559,0,399,649,695,615,395,211,390,0,0,623,633,664,605,476,710,301,559,637,585,648,611,539,165,21,1062,280,0,357,1043,399,0,aro,lean_forward,1
357,1786866265.515581,0,399,647,698,615,391,207,383,0,0,621,631,664,605,477,712,307,563,649,589,649,597,539,164,20,1061,307,0,349,1047,395,0,aro,lean_forward,1
358,1786866265.535735,0,399,648,699,613,377,206,379,0,0,622,635,665,605,475,711,303,565,651,587,648,611,537,163,26,1061,292,0,351,1043,381,0,aro,lean_forward,1
359,1786866265.555032,0,403,648,691,614,380,205,377,0,0,623,633,663,605,477,709,303,563,648,589,648,615,537,157,21,1059,297,0,349,1042,383,0,aro,lean_forward,1
360,1786866265.575731,0,407,647,695,615,379,205,377,0,0,623,633,663,607,477,709,301,563,649,589,647,607,537,157,27,1061,299,0,349,1039,381,0,aro,lean_forward,1
361,1786866265.595622,0,413,649,691,615,383,203,375,0,0,627,635,663,605,477,711,307,566,651,588,648,612,537,155,24,1063,293,0,351,1043,382,0,aro,lean_forward,1
362,1786866265.615614,0,423,649,688,614,378,205,379,0,0,623,634,667,614,477,711,303,567,647,587,647,617,537,153,21,1060,293,0,350,1041,389,0,aro,lean_forward,1
363,1786866265.635649,0,425,651,699,615,376,205,380,0,0,624,635,670,604,476,711,307,567,647,591,647,604,537,153,0,1060,297,0,349,1039,391,0,aro,lean_forward,1
364,1786866265.655577,0,427,651,695,615,361,203,380,0,0,620,635,655,605,477,713,309,570,651,589,647,603,537,156,0,1059,287,0,347,1039,391,0,aro,lean_forward,1
365,1786866265.675671,0,428,649,696,615,359,205,383,0,0,623,635,670,605,478,711,307,567,649,573,648,613,537,157,37,1055,285,0,349,1039,395,0,aro,lean_forward,1
366,1786866265.695565,0,429,650,693,617,359,203,389,0,0,623,635,665,603,475,710,307,565,647,589,647,611,537,158,22,1054,287,0,346,1039,397,0,aro,lean_forward,1
367,1786866265.715583,0,431,651,693,616,358,207,393,0,0,623,634,664,605,475,711,308,567,647,591,647,610,539,159,23,1053,287,0,349,1043,397,0,aro,lean_forward,1
368,1786866265.735660,0,431,651,697,619,359,206,393,0,0,621,634,681,605,474,711,308,584,651,587,647,610,537,163,21,1053,295,0,349,1039,398,0,aro,lean_forward,1
369,1786866265.755553,0,435,651,711,617,359,207,397,0,0,622,633,666,603,474,709,307,584,650,589,647,607,539,163,0,1051,293,0,350,1039,403,0,aro,lean_forward,1
370,1786866265.775602,0,435,652,699,617,359,207,399,0,0,621,632,678,605,474,702,309,565,627,601,647,610,538,163,21,1047,267,0,351,1033,403,0,aro,lean_forward,1
371,1786866265.795580,0,436,652,699,615,359,209,399,0,0,619,633,661,605,473,709,303,574,648,591,648,609,537,149,21,1049,267,0,360,1035,407,0,aro,lean_forward,1
372,1786866265.815570,0,435,651,700,619,359,209,403,0,0,617,635,659,605,474,709,305,563,649,587,649,615,539,165,0,1052,277,0,353,1035,409,0,aro,lean_forward,1
373,1786866265.835631,0,433,653,699,615,359,209,405,0,0,619,632,666,605,473,703,309,567,647,583,647,607,539,163,0,1047,279,0,349,1039,411,0,aro,lean_forward,1
374,1786866265.855616,0,431,651,699,618,363,211,403,0,0,615,634,650,605,473,698,304,565,649,589,649,611,537,165,22,1044,277,0,354,1037,414,0,aro,lean_forward,1
375,1786866265.875614,0,431,653,699,619,360,211,407,0,0,617,631,678,601,473,700,307,565,636,585,649,611,539,165,21,1043,278,0,350,1039,422,0,aro,lean_forward,1
376,1786866265.895548,0,425,651,697,617,373,211,408,0,0,620,633,665,604,473,703,307,563,649,588,647,615,537,166,0,1045,275,0,355,1041,425,0,aro,lean_forward,1
377,1786866265.914947,0,421,653,699,617,374,211,407,0,0,616,629,663,604,471,709,307,563,653,589,649,612,537,167,25,1045,276,0,358,1036,431,0,aro,lean_forward,1
378,1786866265.935701,0,415,651,709,616,373,211,406,0,0,615,635,665,607,473,701,307,553,651,589,648,611,537,167,24,1047,281,0,361,1041,429,0,aro,lean_forward,1
379,1786866265.955549,0,411,651,697,615,373,207,406,0,0,616,634,661,603,473,702,308,555,649,589,649,613,539,169,0,1045,277,0,356,1033,435,0,aro,lean_forward,1
380,1786866265.975552,0,410,651,699,615,367,210,406,0,0,613,633,663,604,467,701,308,568,654,601,649,611,539,169,0,1044,287,0,371,1035,435,0,aro,lean_forward,1
381,1786866265.995551,0,407,652,697,615,371,211,405,0,0,616,631,667,604,472,701,307,563,651,596,649,611,539,169,37,1045,273,0,371,1039,439,0,aro,lean_forward,1
382,1786866266.015591,0,405,651,697,615,370,209,405,0,0,615,629,663,607,473,701,307,570,650,591,648,611,539,169,0,1045,267,0,367,1039,443,0,aro,lean_forward,1
383,1786866266.035657,0,403,650,697,615,359,212,407,0,0,617,631,665,605,471,700,306,568,649,589,649,611,539,171,0,1047,266,0,381,1034,443,0,aro,lean_forward,1
384,1786866266.055605,0,402,651,698,615,357,211,405,0,0,616,631,664,604,472,700,309,564,651,586,648,611,539,169,0,1045,271,0,394,1041,443,0,aro,lean_forward,1
385,1786866266.075584,0,403,651,698,615,373,211,407,0,0,619,631,664,603,470,699,308,563,649,587,648,611,538,171,0,1047,265,0,379,1039,447,0,aro,lean_forward,1
386,1786866266.095588,0,403,650,698,614,373,212,407,0,0,615,632,671,605,471,701,305,566,649,589,648,596,539,171,0,1045,267,0,404,1037,455,0,aro,lean_forward,1
387,1786866266.114619,0,403,651,698,615,375,210,407,0,0,616,629,664,603,471,701,304,567,653,575,649,611,539,173,0,1045,265,0,383,1039,453,0,aro,lean_forward,1
388,1786866266.135603,0,405,651,699,616,375,213,409,0,0,616,632,663,605,471,701,308,566,651,589,649,611,539,172,0,1047,264,0,382,1039,453,0,aro,lean_forward,1
389,1786866266.155558,0,405,651,699,615,374,213,407,0,0,615,631,663,603,471,702,308,567,648,589,647,611,539,170,0,1045,263,0,395,1039,454,0,aro,lean_forward,1
390,1786866266.174675,0,407,653,698,615,377,213,407,0,0,616,629,665,603,472,701,309,563,649,590,649,611,539,171,0,1045,264,0,393,1035,456,0,aro,lean_forward,1
391,1786866266.194533,0,411,653,699,615,375,213,407,0,0,617,631,665,604,473,703,307,564,648,591,649,611,539,171,0,1045,261,0,393,1039,456,0,aro,lean_forward,1
392,1786866266.214541,0,415,653,700,615,378,213,408,0,0,617,633,664,604,471,703,304,565,647,585,648,611,539,169,0,1049,264,0,393,1019,455,0,aro,lean_forward,1
393,1786866266.234583,0,425,651,699,617,376,211,407,0,0,619,628,664,604,473,701,307,559,647,587,646,607,539,169,29,1045,265,0,392,1035,453,0,aro,lean_forward,1
394,1786866266.255645,0,429,653,700,617,378,213,407,0,0,619,631,663,603,473,703,309,567,645,581,649,611,539,170,24,1047,263,0,388,1039,456,0,aro,lean_forward,1
395,1786866266.275685,0,436,653,701,617,377,213,405,0,0,619,631,663,604,473,703,309,569,649,587,648,611,539,169,0,1049,265,0,396,1039,456,0,aro,lean_forward,1
396,1786866266.295678,0,439,653,701,619,375,207,402,0,0,623,631,664,606,473,710,309,565,649,589,648,611,539,169,21,1049,264,0,389,1034,457,0,aro,lean_forward,1
397,1786866266.315655,0,441,655,701,618,363,207,403,0,0,621,631,663,605,473,703,307,570,654,587,649,610,539,168,0,1045,264,0,389,1021,456,0,aro,lean_forward,1
398,1786866266.335667,0,447,653,701,619,361,211,401,0,0,623,633,665,605,475,708,309,560,648,583,647,609,539,167,0,1047,266,0,405,1039,454,0,aro,lean_forward,1
399,1786866266.355551,0,447,655,701,620,363,211,401,0,0,621,633,664,596,474,703,309,563,648,589,647,604,538,167,0,1047,265,0,389,1039,454,0,aro,lean_forward,1
400,1786866266.375602,0,453,655,703,619,361,211,399,0,0,621,634,665,603,473,709,309,569,649,587,648,607,537,167,0,1046,265,0,389,1039,456,0,aro,lean_forward,1
401,1786866266.395557,0,453,655,701,621,361,211,397,0,0,613,631,665,605,474,704,309,563,649,587,646,607,539,167,0,1049,264,0,391,1034,457,0,aro,lean_forward,1
402,1786866266.415563,0,455,655,701,621,359,211,397,0,0,626,630,665,605,475,704,311,565,643,585,648,606,539,167,0,1049,265,0,388,1039,460,0,aro,lean_forward,1
403,1786866266.435729,0,456,654,702,619,360,208,393,0,0,623,630,665,605,476,703,311,563,649,583,648,611,537,165,0,1049,264,0,391,1033,457,0,aro,lean_forward,1
404,1786866266.455591,0,455,654,701,617,359,207,393,0,0,622,633,664,604,473,709,309,562,637,586,648,609,538,167,0,1047,265,0,393,1039,457,0,aro,lean_forward,1
405,1786866266.475616,0,455,651,702,620,359,205,393,0,0,621,633,665,602,463,703,311,565,647,587,647,611,537,165,21,1048,265,0,390,1039,459,0,aro,lean_forward,1
406,1786866266.495609,0,455,653,703,618,359,207,390,0,0,617,633,665,605,473,693,310,565,647,588,647,611,536,163,0,1065,265,0,389,1036,451,0,aro,lean_forward,1
407,1786866266.515595,0,457,655,703,619,359,205,392,0,0,600,631,664,622,477,711,310,553,648,587,647,609,537,165,0,1047,265,0,392,1034,457,0,aro,lean_forward,1
408,1786866266.535699,0,456,655,702,621,355,211,391,0,0,619,631,664,604,475,711,309,563,649,589,646,610,537,165,0,1045,265,0,392,1033,459,0,aro,lean_forward,1
409,1786866266.555561,0,457,655,703,619,358,206,391,0,0,622,633,665,605,477,709,312,555,648,586,647,607,538,165,0,1045,265,0,389,1043,455,0,aro,lean_forward,1
410,1786866266.575593,0,457,658,703,619,359,205,390,0,0,623,633,665,604,476,709,310,565,651,581,647,607,537,164,0,1049,265,0,381,1039,457,0,aro,lean_forward,1
411,1786866266.595576,0,459,659,703,617,356,205,391,0,0,617,631,665,605,475,712,309,556,645,588,647,605,536,163,0,1049,265,0,382,1033,456,0,aro,lean_forward,1
412,1786866266.615535,0,460,659,702,619,357,205,390,0,0,627,633,665,605,479,709,313,551,645,587,648,605,536,165,0,1051,265,0,389,1039,453,0,aro,lean_forward,1
413,1786866266.635613,0,459,660,703,619,355,205,389,0,0,637,631,665,600,477,701,310,563,647,587,647,605,535,159,0,1047,265,0,381,1035,457,0,aro,lean_forward,1
414,1786866266.655570,0,462,663,708,619,358,203,391,0,0,625,631,665,607,477,711,312,571,647,587,647,605,537,163,20,1049,265,0,381,1035,455,0,aro,lean_forward,1
415,1786866266.675620,0,462,661,703,619,355,205,391,0,0,624,635,665,607,477,710,311,562,639,583,647,611,536,165,20,1049,267,0,380,1039,457,0,aro,lean_forward,1
416,1786866266.695556,0,461,659,703,619,355,205,383,0,0,620,633,664,605,476,712,310,551,637,587,645,607,537,163,0,1049,266,0,382,1039,457,0,aro,lean_forward,1
417,1786866266.715595,0,461,659,704,618,355,207,391,0,0,623,637,666,605,477,711,309,567,647,587,647,606,539,163,21,1052,267,0,379,1033,454,0,aro,lean_forward,1
418,1786866266.735806,0,461,661,702,619,358,206,391,0,0,626,631,665,607,477,711,311,558,647,585,647,611,536,159,21,1049,267,0,379,1039,456,0,aro,lean_forward,1
419,1786866266.755548,0,462,660,709,619,357,214,392,0,0,627,635,665,605,483,711,315,566,635,589,647,606,535,163,0,1050,266,0,383,1034,457,0,aro,lean_forward,1
420,1786866266.775629,0,462,659,703,619,357,206,391,0,0,650,634,665,611,477,711,311,565,649,587,647,607,535,165,0,1047,268,0,371,1032,455,0,aro,lean_forward,1
421,1786866266.795538,0,461,660,703,619,357,199,393,0,0,628,632,664,606,479,713,312,579,649,585,647,606,539,163,20,1051,267,0,377,1031,455,0,aro,lean_forward,1
422,1786866266.815547,0,461,660,703,618,359,211,393,0,0,627,633,665,606,477,711,315,564,646,589,647,607,538,159,20,1069,268,0,382,1047,458,0,aro,lean_forward,1
423,1786866266.835724,0,459,659,703,617,357,205,394,0,0,627,633,665,605,477,712,311,564,638,587,647,609,539,163,0,1048,267,0,379,1032,456,0,aro,lean_forward,1
424,1786866266.855537,0,457,659,703,620,357,207,394,0,0,621,632,665,605,482,711,315,565,638,594,647,606,538,163,21,1049,267,0,384,1032,455,0,aro,lean_forward,1
425,1786866266.875589,0,457,659,704,619,358,207,395,0,0,629,632,665,607,479,710,315,567,647,581,647,607,539,162,0,1049,267,0,391,1035,455,0,aro,lean_forward,1
426,1786866266.895592,0,455,657,703,620,355,207,395,0,0,623,632,665,607,477,717,315,565,647,587,645,609,537,165,0,1053,267,0,383,1050,455,0,aro,lean_forward,1
427,1786866266.915600,0,455,654,703,621,357,205,395,0,0,627,633,666,605,478,697,313,565,646,586,647,607,537,161,21,1059,267,0,391,1035,453,0,aro,lean_forward,1
428,1786866266.935718,0,452,655,708,618,357,207,397,0,0,627,633,665,606,476,713,318,564,649,587,648,611,538,167,0,1048,266,0,389,1034,459,0,aro,lean_forward,1
429,1786866266.954858,0,446,655,703,621,358,209,397,0,0,621,632,665,605,477,711,313,563,649,587,647,609,536,165,0,1048,267,0,371,1041,454,0,aro,lean_forward,1
430,1786866266.975623,0,446,655,703,619,359,219,395,0,0,623,631,666,605,479,713,313,567,648,589,648,607,540,163,0,1051,269,0,389,1033,456,0,aro,lean_forward,1
431,1786866266.995581,0,445,658,709,617,359,211,397,0,0,623,629,665,605,477,712,313,567,644,585,647,606,537,165,0,1048,267,0,391,1039,455,0,aro,lean_forward,1
432,1786866267.015576,0,445,658,702,620,358,205,397,0,0,623,629,665,605,481,709,315,564,645,586,648,607,538,165,20,1045,268,0,395,1039,455,0,aro,lean_forward,1
433,1786866267.035577,0,444,657,703,619,359,207,399,0,0,623,623,665,607,477,703,310,564,648,587,648,607,539,163,21,1043,268,0,396,1035,457,0,aro,lean_forward,1
434,1786866267.055537,0,443,655,702,621,359,206,403,0,0,620,631,665,605,477,711,315,565,646,584,647,607,537,166,0,1048,269,0,403,1033,453,0,aro,lean_forward,1
435,1786866267.075648,0,443,657,702,621,357,205,403,0,0,626,633,664,605,477,716,313,565,635,589,647,607,539,166,20,1051,269,0,377,1039,457,0,aro,lean_forward,1
436,1786866267.095580,0,443,657,703,619,359,210,403,0,0,620,635,665,605,477,711,310,565,648,589,647,611,537,167,20,1049,267,0,391,1035,459,0,aro,lean_forward,1
437,1786866267.115552,0,443,659,703,619,357,211,403,0,0,621,639,665,605,477,711,315,565,635,583,648,607,539,167,20,1051,268,0,384,1037,453,0,aro,lean_forward,1
438,1786866267.135628,0,443,659,703,616,359,209,403,0,0,628,633,665,605,475,712,312,565,647,589,648,607,539,168,0,1059,267,0,391,1039,457,0,aro,lean_forward,1
439,1786866267.155625,0,441,655,703,619,359,211,405,0,0,623,628,662,605,475,715,314,565,648,588,648,611,539,147,20,1047,269,0,390,1039,457,0,aro,lean_forward,1
440,1786866267.175623,0,442,659,703,623,359,209,404,0,0,619,631,665,605,483,711,313,565,649,584,648,600,537,167,0,1045,267,0,377,1041,457,0,aro,lean_forward,1
441,1786866267.195571,0,442,655,703,622,359,211,404,0,0,623,630,665,606,476,712,312,565,647,587,647,611,539,169,20,1045,268,0,389,1039,454,0,aro,lean_forward,1
442,1786866267.215621,0,442,659,702,619,358,211,403,0,0,623,628,664,605,475,703,316,566,647,590,648,607,539,168,0,1049,267,0,391,1015,459,0,aro,lean_forward,1
443,1786866267.235842,0,443,659,703,619,358,211,403,0,0,627,631,665,605,477,703,317,565,647,588,648,613,539,167,21,1045,267,0,391,1031,458,0,aro,lean_forward,1
444,1786866267.255573,0,440,654,703,621,360,206,404,0,0,627,637,665,605,471,711,314,563,647,589,647,609,537,167,0,1043,267,0,390,1043,453,0,aro,lean_forward,1
445,1786866267.275582,0,441,658,703,622,357,213,404,0,0,622,634,665,606,477,712,312,565,649,589,648,607,539,167,0,1047,267,0,391,1039,460,0,aro,lean_forward,1
446,1786866267.295563,0,441,658,703,621,357,213,403,0,0,622,632,666,606,478,710,311,563,648,589,648,607,539,169,0,1052,267,0,391,1035,457,0,aro,lean_forward,1
447,1786866267.315560,0,442,658,703,620,356,211,404,0,0,619,633,665,605,478,701,316,565,647,587,647,611,539,165,0,1044,269,0,389,1047,457,0,aro,lean_forward,1
448,1786866267.335756,0,443,659,703,622,357,206,404,0,0,627,633,665,605,477,711,313,565,648,589,647,611,541,165,20,1044,269,0,383,1039,457,0,aro,lean_forward,1
449,1786866267.355588,0,445,660,703,621,359,211,401,0,0,622,637,667,606,477,710,311,567,649,589,649,611,537,165,0,1047,267,0,383,1043,459,0,aro,lean_forward,1
450,1786866267.375588,0,445,657,703,623,357,213,404,0,0,621,633,665,605,477,709,311,566,647,589,648,610,539,165,21,1051,268,0,389,1039,439,0,aro,lean_forward,1
451,1786866267.395558,0,447,658,709,622,357,210,403,0,0,627,637,665,603,479,713,313,565,647,588,647,610,541,166,21,1045,267,0,389,1033,439,0,aro,lean_forward,1
452,1786866267.415545,0,447,658,703,621,359,203,403,0,0,617,631,666,603,474,703,311,565,647,588,649,611,539,169,21,1043,267,0,389,1039,461,0,aro,lean_forward,1
453,1786866267.435764,0,453,657,703,619,355,211,403,0,0,611,637,665,606,476,713,311,565,648,588,647,607,539,167,0,1045,267,0,389,1039,457,0,aro,lean_forward,1
454,1786866267.455562,0,453,659,710,622,359,207,399,0,0,619,633,664,605,479,715,312,565,648,589,647,610,541,167,0,1049,266,0,389,1039,461,0,aro,lean_forward,1
455,1786866267.474919,0,453,659,701,622,357,210,403,0,0,623,634,667,606,477,711,314,565,647,587,648,611,539,167,0,1046,253,0,382,1035,458,0,aro,lean_forward,1
456,1786866267.495638,0,453,663,709,620,358,210,403,0,0,621,634,663,607,478,713,313,564,647,587,645,611,537,166,20,1047,267,0,389,1037,457,0,aro,lean_forward,1
457,1786866267.515569,0,453,659,709,620,359,210,403,0,0,629,632,667,607,477,709,311,567,648,589,649,611,540,168,0,1049,267,0,389,1039,471,0,aro,lean_forward,1
458,1786866267.535498,0,454,661,709,621,359,210,403,0,0,619,633,665,607,477,710,312,566,647,587,647,610,539,164,0,1047,267,0,388,1047,461,0,aro,lean_forward,1
459,1786866267.555593,0,455,659,709,621,359,203,405,0,0,621,631,666,605,477,711,313,565,649,587,647,611,537,165,0,1047,267,0,383,1035,469,0,aro,lean_forward,1
460,1786866267.575580,0,455,659,710,621,357,211,401,0,0,621,633,665,609,479,713,318,565,647,587,648,612,539,165,0,1051,267,0,388,1036,455,0,aro,lean_forward,1
461,1786866267.595547,0,455,659,703,621,357,209,402,0,0,621,633,665,607,479,712,317,565,647,588,647,607,537,167,0,1041,266,0,389,1039,461,0,aro,lean_forward,1
462,1786866267.615554,0,456,661,703,621,359,211,403,0,0,623,635,665,607,477,713,316,565,647,588,647,609,539,165,0,1049,266,0,389,1035,453,0,aro,lean_forward,1
463,1786866267.635757,0,455,659,709,621,357,207,403,0,0,621,635,665,606,479,713,329,566,647,588,648,606,539,165,0,1048,267,0,390,1039,457,0,aro,lean_forward,1
464,1786866267.655530,0,456,658,709,622,356,211,399,0,0,621,633,665,605,479,712,313,565,647,587,647,611,538,164,23,1045,264,0,390,1039,457,0,aro,lean_forward,1
465,1786866267.675606,0,455,655,708,619,356,207,403,0,0,623,631,665,611,483,712,315,565,648,587,647,611,539,167,20,1045,267,0,389,1032,458,0,aro,lean_forward,1
466,1786866267.695629,0,456,659,710,621,357,209,403,0,0,634,649,667,603,477,712,316,565,649,588,647,607,541,168,21,1045,267,0,389,1036,457,0,aro,lean_forward,1
467,1786866267.715586,0,457,659,709,622,356,209,404,0,0,621,636,665,607,479,711,315,565,647,588,648,611,539,168,20,1043,267,0,392,1039,457,0,aro,lean_forward,1
468,1786866267.735617,0,455,659,703,631,355,205,401,0,0,621,623,663,604,475,713,315,565,648,589,647,607,537,166,20,1048,266,0,391,1039,459,0,aro,lean_forward,1
469,1786866267.755583,0,455,658,709,629,358,210,399,0,0,628,619,667,606,477,716,319,565,647,589,648,611,538,168,0,1047,268,0,393,1039,459,0,aro,lean_forward,1
470,1786866267.775591,0,457,659,711,623,347,211,404,0,0,617,631,665,605,477,709,312,565,647,588,647,607,537,167,0,1045,266,0,392,1039,457,0,aro,lean_forward,1
471,1786866267.795613,0,456,659,709,621,353,210,402,0,0,623,628,663,604,474,703,309,565,647,589,647,605,536,167,20,1045,267,0,391,1039,461,0,aro,lean_forward,1
472,1786866267.815657,0,457,655,703,629,357,211,403,0,0,622,633,667,605,477,699,315,565,649,588,648,611,538,163,21,1036,269,0,392,1039,467,0,aro,lean_forward,1
473,1786866267.835649,0,456,659,703,619,357,207,401,0,0,621,633,664,605,477,709,311,567,647,589,647,612,539,167,23,1043,267,0,394,1039,461,0,aro,lean_forward,1
474,1786866267.855537,0,456,659,711,623,357,211,405,0,0,622,633,665,607,476,703,315,565,647,588,647,607,539,165,20,1043,265,0,393,1037,460,0,aro,lean_forward,1
475,1786866267.875593,0,455,660,709,621,355,210,399,0,0,621,632,667,606,477,723,315,565,647,589,647,610,539,165,20,1049,263,0,393,1039,455,0,aro,lean_forward,1
476,1786866267.895530,0,456,659,703,623,355,207,406,0,0,621,633,664,605,481,713,319,565,647,587,647,607,543,163,0,1075,264,0,395,1039,456,0,aro,lean_forward,1
477,1786866267.915551,0,455,660,703,621,349,211,403,0,0,622,629,665,605,475,713,307,565,647,589,647,611,539,169,21,1047,269,0,393,1035,463,0,aro,lean_forward,1
478,1786866267.935687,0,453,659,709,617,356,211,398,0,0,621,629,663,607,477,709,313,565,647,589,647,611,549,179,0,1032,268,0,395,1039,463,0,aro,lean_forward,1
479,1786866267.955560,0,454,659,703,629,356,209,405,0,0,617,632,667,607,477,711,327,566,648,587,647,606,538,169,0,1047,267,0,393,1039,461,0,aro,lean_forward,1
480,1786866267.974893,0,455,660,708,613,359,211,406,0,0,621,617,663,603,475,703,324,565,647,589,648,607,537,163,20,1043,267,0,393,1039,460,0,aro,lean_forward,1
481,1786866267.995565,0,456,659,709,623,354,215,404,0,0,622,618,667,607,477,701,303,565,648,587,648,611,537,169,20,1049,267,0,392,1039,459,0,aro,lean_forward,1
482,1786866268.015560,0,457,659,710,625,359,208,413,0,0,627,630,666,607,477,713,327,567,651,589,648,610,531,166,0,1039,264,0,395,1039,460,0,aro,lean_forward,1
483,1786866268.035608,0,457,659,709,622,359,211,405,0,0,621,633,666,607,487,711,315,565,648,588,648,612,537,175,0,1048,268,0,394,1039,467,0,aro,lean_forward,1
484,1786866268.054554,0,457,658,709,616,358,210,404,0,0,622,631,667,605,483,711,313,565,647,589,647,607,539,169,20,1035,267,0,395,1039,461,0,aro,lean_forward,1
485,1786866268.074607,0,455,659,710,621,359,211,404,0,0,622,631,665,603,478,711,316,566,645,589,648,611,540,167,0,1048,268,0,395,1039,459,0,aro,lean_forward,1
486,1786866268.094636,0,447,661,709,621,358,210,405,0,0,623,633,665,605,489,713,315,565,648,587,648,609,539,165,21,1048,269,0,395,1039,463,0,aro,lean_forward,1
487,1786866268.115562,0,445,659,702,621,357,211,405,0,0,623,633,665,607,483,713,315,565,649,589,649,607,537,170,26,1048,267,0,395,1041,459,0,aro,lean_forward,1
488,1786866268.135657,0,443,651,703,622,357,209,399,0,0,621,633,664,605,477,712,315,565,647,588,645,606,555,165,0,1049,267,0,395,1039,457,0,aro,lean_forward,1
489,1786866268.155571,0,435,659,701,621,360,210,399,0,0,622,633,665,603,477,698,313,565,646,588,648,611,551,169,0,1048,269,0,397,1039,461,0,aro,lean_forward,1
490,1786866268.175587,0,429,658,703,621,357,211,403,0,0,621,632,663,605,475,698,313,566,647,589,648,607,536,169,21,1052,281,0,399,1041,461,0,aro,lean_forward,1
491,1786866268.195552,0,424,653,709,621,356,211,399,0,0,621,633,665,607,475,711,313,567,649,587,648,610,539,165,0,1049,264,0,399,1041,467,0,aro,lean_forward,1
492,1786866268.215563,0,420,655,701,621,357,210,405,0,0,623,632,666,603,475,711,313,565,648,589,648,610,540,167,22,1052,267,0,403,1041,461,0,aro,lean_forward,1
493,1786866268.235731,0,415,657,701,621,357,211,403,0,0,621,632,662,607,476,711,313,565,647,589,648,609,535,164,0,1049,266,0,403,1041,467,0,aro,lean_forward,1
494,1786866268.255539,0,415,653,702,621,358,211,414,0,0,621,633,665,611,473,709,313,565,649,589,647,611,539,168,21,1045,265,0,404,1041,459,0,aro,lean_forward,1
495,1786866268.275609,0,419,658,702,621,360,211,403,0,0,622,632,665,605,475,711,311,565,647,587,649,607,543,159,0,1049,263,0,403,1041,459,0,aro,lean_forward,1
496,1786866268.295609,0,425,658,710,621,360,211,406,0,0,621,631,664,605,474,715,313,565,649,589,647,610,539,167,0,1049,265,0,403,1041,460,0,aro,lean_forward,1
497,1786866268.315564,0,436,653,704,623,359,212,411,0,0,621,632,663,603,473,717,313,565,647,589,648,607,539,167,23,1051,267,0,403,1041,466,0,aro,lean_forward,1
498,1786866268.335405,0,439,659,709,623,361,213,405,0,0,623,632,665,605,475,711,314,565,649,589,649,611,543,171,20,1049,273,0,399,1041,472,0,aro,lean_forward,1
499,1786866268.355616,0,443,659,708,623,359,215,405,0,0,617,632,663,605,471,710,313,565,649,589,647,612,541,167,20,1043,267,0,398,1037,478,0,aro,lean_forward,1
500,1786866268.375811,0,446,659,709,623,362,213,405,0,0,621,631,664,611,469,715,313,565,647,589,647,611,535,167,0,1049,267,0,399,1039,476,0,aro,lean_forward,1
501,1786866268.395604,0,447,652,711,621,361,211,405,0,0,620,631,663,609,473,712,314,565,647,588,647,610,539,167,0,1046,265,0,403,1039,466,0,aro,lean_forward,1
502,1786866268.415544,0,447,661,709,623,359,213,407,0,0,629,632,665,605,478,709,315,566,648,589,648,609,539,169,20,1051,269,0,401,1039,469,0,aro,lean_forward,1
503,1786866268.435757,0,447,659,710,623,361,212,408,0,0,623,632,665,607,475,711,315,564,648,591,648,612,534,167,0,1049,269,0,399,1041,461,0,aro,lean_forward,1
504,1786866268.455545,0,445,651,703,623,361,213,407,0,0,622,632,665,603,477,713,314,564,647,587,648,607,541,167,0,1049,267,0,399,1039,463,0,aro,lean_forward,1
505,1786866268.474914,0,444,661,709,621,364,213,407,0,0,621,631,667,606,475,703,311,565,649,589,648,607,543,169,21,1045,269,0,398,1041,447,0,aro,lean_forward,1
506,1786866268.495572,0,439,659,699,623,361,211,405,0,0,621,633,665,607,475,711,315,565,649,590,649,609,541,167,0,1049,269,0,398,1043,465,0,aro,lean_forward,1
507,1786866268.515597,0,435,659,703,623,365,213,408,0,0,621,632,664,605,475,711,314,565,648,587,649,611,539,168,20,1049,267,0,401,1041,476,0,aro,lean_forward,1
508,1786866268.535723,0,435,659,703,622,363,205,407,0,0,621,631,666,605,475,713,315,563,650,588,647,612,536,153,22,1049,266,0,402,1041,466,0,aro,lean_forward,1
509,1786866268.555554,0,430,658,709,623,365,212,407,0,0,621,631,663,614,475,711,314,563,649,588,647,605,536,167,21,1048,267,0,403,1041,468,0,aro,lean_forward,1
510,1786866268.575594,0,427,661,709,623,363,211,405,0,0,621,632,661,605,475,711,315,565,648,589,647,611,533,169,0,1049,269,0,399,1041,467,0,aro,lean_forward,1
511,1786866268.595591,0,423,655,710,620,363,213,407,0,0,619,629,663,606,473,711,317,565,649,590,647,611,539,169,0,1050,266,0,397,1041,468,0,aro,lean_forward,1
512,1786866268.615529,0,424,659,709,623,363,213,408,0,0,621,631,665,603,475,711,315,569,649,590,649,607,540,166,0,1049,267,0,403,1039,468,0,aro,lean_forward,1
513,1786866268.635568,0,421,659,703,622,359,213,407,0,0,619,631,665,604,475,711,313,568,648,587,648,610,541,167,0,1049,267,0,402,1039,468,0,aro,lean_forward,1
514,1786866268.655550,0,421,655,709,622,361,212,409,0,0,620,633,665,605,475,713,317,567,648,590,647,611,537,169,0,1053,268,0,399,1041,467,0,aro,lean_forward,1
515,1786866268.675631,0,421,653,703,622,363,213,407,0,0,621,633,661,605,474,710,315,565,649,587,647,607,537,173,20,1048,265,0,399,1039,457,0,aro,lean_forward,1
516,1786866268.695541,0,422,658,700,622,368,213,406,0,0,620,631,665,597,475,711,313,563,649,589,647,610,542,173,0,1047,266,0,398,1041,467,0,aro,lean_forward,1
517,1786866268.715558,0,421,655,703,621,360,215,411,0,0,618,631,665,605,473,711,312,565,649,590,648,611,541,167,20,1049,271,0,398,1039,467,0,aro,lean_forward,1
518,1786866268.735769,0,421,659,703,623,363,213,409,0,0,619,632,664,596,475,710,314,563,649,589,649,611,551,167,0,1049,266,0,398,1039,469,0,aro,lean_forward,1
519,1786866268.755625,0,424,659,722,622,358,211,413,0,0,619,631,665,592,474,712,314,569,649,589,647,607,538,168,0,1048,268,0,399,1041,469,0,aro,lean_forward,1
520,1786866268.775591,0,424,655,709,623,362,212,408,0,0,620,631,663,610,475,712,325,563,647,590,648,610,537,169,0,1049,267,0,399,1041,467,0,aro,lean_forward,1
521,1786866268.795530,0,425,659,709,623,363,212,411,0,0,621,632,663,604,475,711,315,563,647,587,648,611,539,169,0,1048,269,0,401,1039,468,0,aro,lean_forward,1
522,1786866268.815565,0,425,658,703,621,367,213,408,0,0,621,631,664,607,475,713,315,565,649,587,648,611,537,165,23,1047,269,0,398,1039,469,0,aro,lean_forward,1
523,1786866268.835574,0,429,653,703,623,363,211,409,0,0,617,631,665,605,466,712,312,565,648,588,647,611,541,168,20,1048,264,0,399,1039,468,0,aro,lean_forward,1
524,1786866268.855523,0,430,655,711,625,363,211,408,0,0,619,632,661,605,474,711,313,563,647,589,647,605,539,163,0,1047,265,0,401,1039,467,0,aro,lean_forward,1
525,1786866268.875576,0,437,659,715,623,363,213,407,0,0,621,631,663,603,475,711,315,565,649,589,647,611,541,160,0,1049,265,0,396,1041,469,0,aro,lean_forward,1
526,1786866268.895495,0,439,659,709,623,365,213,405,0,0,622,631,665,605,478,714,313,565,649,589,649,607,541,173,0,1045,269,0,398,1039,473,0,aro,lean_forward,1
527,1786866268.915506,0,439,655,715,623,372,213,409,0,0,621,632,664,601,475,711,315,565,648,589,649,605,537,169,0,1049,265,0,397,1041,467,0,aro,lean_forward,1
528,1786866268.935649,0,439,655,709,623,362,209,405,0,0,616,631,667,599,475,715,313,567,651,587,647,611,541,171,22,1047,269,0,402,1039,465,0,aro,lean_forward,1
529,1786866268.955499,0,439,653,709,622,363,211,411,0,0,621,631,662,606,476,713,327,566,647,587,647,610,539,175,0,1053,267,0,401,1039,467,0,aro,lean_forward,1
530,1786866268.975535,0,438,663,700,623,363,213,406,0,0,620,631,645,605,475,711,315,563,649,587,649,607,539,163,0,1048,281,0,402,1039,467,0,aro,lean_forward,1
531,1786866268.994928,0,439,653,692,623,363,213,405,0,0,621,631,664,617,475,711,315,569,649,587,647,611,541,169,0,1050,268,0,397,1041,469,0,aro,lean_forward,1
532,1786866269.015584,0,437,655,711,624,363,214,407,0,0,621,631,664,605,473,711,313,565,649,588,648,611,539,171,24,1049,265,0,403,1039,469,0,aro,lean_forward,1
533,1786866269.036516,0,439,655,699,625,363,212,406,0,0,621,633,665,604,475,713,315,567,649,589,648,604,539,170,0,1049,266,0,402,1041,467,0,aro,lean_forward,1
534,1786866269.055571,0,437,657,703,621,363,213,405,0,0,619,630,661,606,473,711,313,565,651,585,647,605,539,168,21,1048,247,0,394,1035,467,0,aro,lean_forward,1
535,1786866269.074938,0,439,659,703,625,363,213,405,0,0,625,631,661,603,479,703,329,567,648,593,647,611,539,175,20,1049,269,0,397,1043,469,0,aro,lean_forward,1
536,1786866269.095523,0,439,659,710,627,363,213,407,0,0,623,631,665,603,475,711,313,566,651,591,648,613,540,169,22,1049,265,0,395,1036,467,0,aro,lean_forward,1
537,1786866269.115507,0,439,659,710,623,363,213,407,0,0,621,631,665,607,475,711,314,566,650,587,647,612,551,163,0,1049,269,0,403,1039,468,0,aro,lean_forward,1
538,1786866269.135609,0,443,653,703,627,363,214,407,0,0,621,631,663,607,475,709,316,569,651,588,648,611,539,167,21,1039,268,0,397,1041,469,0,aro,lean_forward,1
539,1786866269.155548,0,441,660,709,625,362,213,409,0,0,621,631,665,607,475,713,315,565,647,593,648,605,537,170,22,1048,271,0,395,1039,469,0,aro,lean_forward,1
540,1786866269.175578,0,441,653,711,626,363,213,407,0,0,622,631,665,605,475,713,315,567,649,589,648,606,540,169,22,1049,263,0,397,1041,469,0,aro,lean_forward,1
541,1786866269.195547,0,441,658,703,623,363,213,407,0,0,622,633,664,605,475,701,315,565,648,590,649,613,539,169,22,1041,276,0,399,1036,469,0,aro,lean_forward,1
542,1786866269.215523,0,441,660,711,623,363,213,408,0,0,622,633,667,607,475,713,315,565,647,589,649,606,549,159,20,1049,269,0,399,1039,469,0,aro,lean_forward,1
543,1786866269.235620,0,441,661,710,623,362,213,407,0,0,621,632,659,603,476,711,315,567,651,593,649,606,539,169,21,1048,260,0,399,1041,469,0,aro,lean_forward,1
544,1786866269.255581,0,443,666,702,623,363,211,407,0,0,623,632,663,610,475,712,315,565,660,591,648,611,539,169,0,1044,279,0,399,1036,469,0,aro,lean_forward,1
545,1786866269.275748,0,443,659,710,623,363,214,407,0,0,621,631,663,602,475,711,315,567,648,588,646,607,540,169,21,1049,253,0,397,1041,467,0,aro,lean_forward,1
546,1786866269.295547,0,441,648,711,623,363,213,407,0,0,621,632,664,607,475,712,315,565,648,591,648,611,539,170,0,1048,267,0,399,1039,468,0,aro,lean_forward,1
547,1786866269.315601,0,440,659,711,623,361,212,406,0,0,619,631,660,603,473,709,312,568,634,591,646,610,540,169,0,1047,263,0,403,1039,469,0,aro,lean_forward,1
548,1786866269.335793,0,441,655,710,623,364,212,408,0,0,621,631,661,607,474,712,315,565,647,587,649,611,547,169,23,1049,271,0,403,1039,467,0,aro,lean_forward,1
549,1786866269.355513,0,440,657,703,623,363,213,408,0,0,622,632,661,606,476,711,315,565,649,589,647,612,539,169,0,1049,271,0,405,1041,469,0,aro,lean_forward,1
550,1786866269.375573,0,439,653,709,627,363,211,406,0,0,621,629,665,607,474,712,315,567,647,589,647,606,540,170,0,1049,278,0,401,1043,469,0,aro,lean_forward,1
551,1786866269.395534,0,439,659,709,623,363,211,406,0,0,620,632,663,611,475,713,315,565,648,587,647,613,539,168,28,1051,262,0,404,1041,463,0,aro,lean_forward,1
552,1786866269.415512,0,437,659,703,623,363,212,406,0,0,621,633,663,609,475,713,315,565,647,588,648,610,541,169,23,1049,265,0,405,1041,471,0,aro,lean_forward,1
553,1786866269.435622,0,437,659,709,623,362,213,405,0,0,621,633,665,603,475,711,314,565,649,588,648,613,539,169,20,1051,263,0,403,1041,469,0,aro,lean_forward,1
554,1786866269.455588,0,436,657,711,622,363,211,407,0,0,621,631,665,605,475,703,315,565,649,587,647,612,539,165,0,1050,267,0,403,1039,461,0,aro,lean_forward,1
555,1786866269.475570,0,431,660,709,622,363,214,406,0,0,621,633,664,605,475,709,315,567,649,589,649,610,542,171,20,1061,266,0,399,1017,467,0,aro,lean_forward,1
556,1786866269.495540,0,431,658,709,627,363,213,407,0,0,621,633,665,605,475,713,315,563,647,587,648,611,539,171,0,1048,265,0,409,1043,469,0,aro,lean_forward,1
557,1786866269.514890,0,428,655,709,621,363,213,407,0,0,619,629,661,606,474,713,316,566,649,587,649,605,539,170,20,1047,269,0,405,1041,469,0,aro,lean_forward,1
558,1786866269.535688,0,430,658,704,623,363,213,407,0,0,621,631,662,611,475,713,315,568,649,597,647,613,540,169,21,1049,267,0,404,1043,469,0,aro,lean_forward,1
559,1786866269.555563,0,431,655,713,623,364,213,406,0,0,619,631,665,605,475,712,315,566,648,601,649,614,539,169,0,1049,269,0,403,1039,469,0,aro,lean_forward,1
560,1786866269.575565,0,431,657,712,623,365,212,407,0,0,620,633,663,611,475,712,313,566,649,587,649,611,539,171,0,1049,267,0,404,1043,470,0,aro,lean_forward,1
561,1786866269.595618,0,429,659,711,623,363,213,407,0,0,621,633,669,604,475,711,315,565,650,587,648,606,539,171,23,1049,265,0,405,1041,469,0,aro,lean_forward,1
562,1786866269.615500,0,435,659,710,623,364,213,408,0,0,621,632,665,606,476,713,315,567,648,587,647,607,538,171,25,1051,268,0,403,1039,469,0,aro,lean_forward,1
563,1786866269.635699,0,431,658,704,626,365,214,409,0,0,623,633,665,606,482,729,315,565,649,590,648,611,539,169,22,1050,266,0,406,1043,472,0,aro,lean_forward,1
564,1786866269.655571,0,431,659,711,623,365,213,409,0,0,621,631,665,605,476,712,315,563,649,591,648,607,539,170,21,1049,267,0,405,1041,469,0,aro,lean_forward,1
565,1786866269.675573,0,434,657,702,624,365,214,407,0,0,623,633,665,605,475,712,317,565,650,589,649,607,539,170,27,1051,267,0,403,1039,468,0,aro,lean_forward,1
566,1786866269.695507,0,430,659,715,623,364,212,408,0,0,623,633,663,610,475,714,315,565,647,587,647,611,540,171,0,1049,265,0,406,1041,469,0,aro,lean_forward,1
567,1786866269.715582,0,427,659,716,623,365,215,408,0,0,619,632,667,621,475,713,313,568,647,591,648,611,541,171,0,1051,268,0,409,1045,467,0,aro,lean_forward,1
568,1786866269.735587,0,429,659,712,623,363,212,408,0,0,623,629,675,605,476,712,317,565,647,589,648,615,539,171,0,1049,264,0,409,1043,469,0,aro,lean_forward,1
569,1786866269.755512,0,429,658,711,623,363,215,407,0,0,621,631,660,605,473,710,315,567,649,600,649,607,539,170,0,1051,269,0,407,1039,468,0,aro,lean_forward,1
570,1786866269.775589,0,429,655,701,623,361,200,406,0,0,621,631,663,619,477,709,311,567,649,589,648,597,538,169,20,1051,271,0,411,1042,466,0,aro,lean_forward,1
571,1786866269.795553,0,431,657,711,623,362,211,408,0,0,621,632,669,605,477,712,316,557,649,589,649,605,539,171,0,1051,265,0,404,1042,467,0,aro,lean_forward,1
572,1786866269.815539,0,431,659,715,623,361,213,407,0,0,619,633,660,609,475,712,315,565,651,586,649,606,539,171,0,1051,275,0,405,1045,465,0,aro,lean_forward,1
573,1786866269.835587,0,431,659,710,623,359,211,407,0,0,617,629,663,601,477,712,313,565,649,599,647,611,538,168,0,1051,265,0,408,1041,478,0,aro,lean_forward,1
574,1786866269.855551,0,429,658,712,621,357,211,405,0,0,622,629,663,613,473,712,314,575,650,589,647,616,539,170,23,1049,275,0,404,1041,462,0,aro,lean_forward,1
575,1786866269.875562,0,435,655,709,622,356,213,407,0,0,627,629,662,605,475,713,313,553,649,590,648,607,539,172,20,1051,271,0,399,1043,463,0,aro,lean_forward,1
576,1786866269.895487,0,437,658,711,622,355,213,406,0,0,620,629,665,605,473,711,312,566,648,588,648,611,538,170,0,1050,265,0,404,1041,461,0,aro,lean_forward,1
577,1786866269.915561,0,443,659,703,621,355,212,409,0,0,621,631,664,605,475,712,311,567,648,587,647,611,537,171,0,1047,254,0,383,1039,461,0,aro,lean_forward,1
578,1786866269.935736,0,445,660,709,622,355,213,411,0,0,621,631,663,606,475,713,313,567,649,587,648,611,538,170,0,1049,249,0,395,1039,460,0,aro,lean_forward,1
579,1786866269.955518,0,447,661,700,623,348,213,413,0,0,621,633,663,613,475,712,313,569,647,595,647,610,537,178,0,1049,275,0,403,1039,467,0,aro,lean_forward,1
580,1786866269.975594,0,453,660,703,621,357,214,419,0,0,619,632,663,605,475,713,314,567,639,593,649,613,536,172,0,1049,268,0,396,1035,460,0,aro,lean_forward,1
581,1786866269.995513,0,453,660,703,623,357,215,421,0,0,619,629,655,607,475,711,312,569,648,584,647,616,538,174,0,1053,277,0,399,1039,460,0,aro,lean_forward,1
582,1786866270.015544,0,445,659,713,623,359,215,424,22,0,619,633,661,606,475,710,314,560,648,589,648,611,539,174,0,1049,267,0,399,1039,461,0,aro,lean_forward,1
583,1786866270.035593,0,442,658,709,623,362,217,429,24,0,615,631,669,606,475,712,313,565,653,591,649,617,537,179,0,1045,268,0,404,1039,461,0,aro,lean_forward,1
584,1786866270.055530,0,435,658,709,623,376,219,436,26,0,615,631,671,606,476,709,315,559,651,589,648,603,539,183,0,1049,263,0,397,1035,463,0,aro,lean_forward,1
585,1786866270.075583,0,419,657,704,621,377,222,441,31,0,615,631,662,605,475,709,312,569,651,587,649,611,539,187,0,1046,273,0,414,1035,467,0,aro,lean_forward,1
586,1786866270.095563,0,409,655,700,621,379,227,455,35,0,613,629,647,605,474,702,310,573,650,588,647,607,539,200,0,1048,284,0,399,1033,467,0,aro,lean_forward,1
587,1786866270.115534,0,397,654,702,619,381,227,465,33,0,613,631,659,604,472,709,309,564,651,595,649,615,539,207,0,1046,252,0,402,1041,467,0,aro,lean_forward,1
588,1786866270.135689,0,383,653,703,620,381,229,471,31,0,613,629,658,603,471,703,312,581,651,597,651,614,539,229,0,1048,263,0,404,1039,469,0,aro,lean_forward,1
589,1786866270.155571,0,377,649,702,617,383,227,473,35,0,607,627,663,604,469,701,309,571,645,587,647,613,539,233,0,1046,266,0,391,1041,467,0,aro,lean_forward,1
590,1786866270.175762,0,365,651,702,616,384,230,477,36,0,607,627,657,603,469,701,311,571,644,592,650,613,539,266,0,1049,265,0,403,1039,469,0,aro,lean_forward,1
591,1786866270.195554,0,349,649,701,617,389,229,482,39,0,607,623,661,603,469,701,310,567,651,595,649,615,539,277,0,1051,267,0,403,1044,471,0,aro,lean_forward,1
592,1786866270.215532,0,325,649,700,616,392,231,485,43,0,611,620,661,603,468,701,307,568,653,597,651,616,539,281,0,1045,267,0,399,1041,470,0,aro,lean_forward,1
593,1786866270.235628,0,297,649,700,613,397,233,485,40,0,605,620,660,603,469,702,307,572,652,589,651,613,541,284,0,1043,267,0,403,1047,472,0,aro,lean_forward,1
594,1786866270.255509,0,283,649,701,615,393,231,485,41,0,604,623,661,602,469,700,311,569,653,595,649,616,541,287,0,1045,267,0,403,1041,471,0,aro,lean_forward,1
595,1786866270.275523,0,283,649,700,615,395,231,487,42,0,605,623,664,601,467,699,311,569,651,595,651,616,541,287,0,1045,265,0,395,1041,469,0,aro,lean_forward,1
596,1786866270.295552,0,285,649,699,615,395,233,485,43,0,603,626,661,603,468,701,308,569,651,596,651,619,540,287,0,1043,267,0,399,1052,470,0,aro,lean_forward,1
597,1786866270.315498,0,287,649,699,615,396,232,484,44,0,603,623,662,603,469,701,309,567,651,597,650,617,539,287,0,1043,266,0,399,1034,470,0,aro,lean_forward,1
598,1786866270.335540,0,294,648,700,615,397,234,483,39,0,604,621,661,605,469,700,311,568,651,600,652,617,541,292,0,1047,267,0,397,1042,467,0,aro,lean_forward,1
599,1786866270.355499,0,301,649,701,615,396,234,483,39,0,603,622,661,603,469,699,311,579,649,593,650,617,541,290,0,1047,269,0,398,1041,471,0,aro,lean_forward,1
600,1786866270.375575,0,325,649,701,615,397,233,483,37,0,605,627,661,603,479,701,307,569,655,583,649,619,541,291,0,1043,267,0,397,1042,468,0,aro,lean_forward,1
601,1786866270.395515,0,335,651,701,616,397,233,485,38,0,609,621,661,605,469,701,312,571,655,597,651,616,541,287,0,1047,268,0,405,1043,470,0,aro,lean_forward,1
602,1786866270.415549,0,348,649,701,617,399,233,484,38,0,605,626,661,605,471,702,311,573,651,599,652,616,541,285,0,1048,268,0,389,1041,471,0,aro,lean_forward,1
603,1786866270.435813,0,361,651,703,617,399,232,484,40,0,603,623,661,605,471,701,310,573,655,590,651,619,540,285,0,1047,267,0,393,1039,471,0,aro,lean_forward,1
604,1786866270.455547,0,373,651,702,617,402,234,483,24,0,610,624,661,603,470,701,311,568,651,589,651,616,539,285,0,1047,269,0,397,1033,471,0,aro,lean_forward,1
605,1786866270.475573,0,375,651,708,617,404,232,483,36,0,611,623,661,603,471,711,301,571,654,593,651,617,539,281,0,1047,269,0,393,1041,472,0,aro,lean_forward,1
606,1786866270.495552,0,381,651,703,618,403,231,483,35,0,603,619,661,604,473,701,303,573,651,593,651,617,541,279,0,1048,270,0,407,1044,473,0,aro,lean_forward,1
607,1786866270.515548,0,391,653,709,619,404,232,483,39,0,609,622,661,603,471,701,309,573,654,586,649,616,541,275,0,1047,270,0,391,1043,471,0,aro,lean_forward,1
608,1786866270.534780,0,391,652,709,619,404,229,479,38,0,605,621,661,603,471,701,312,573,651,595,651,617,541,269,0,1049,270,0,389,1044,474,0,aro,lean_forward,1
609,1786866270.554925,0,392,651,703,619,404,235,475,37,0,605,627,661,603,471,699,311,573,653,593,651,615,541,260,0,1051,270,0,393,1042,469,0,aro,lean_forward,1
610,1786866270.574577,0,396,653,709,619,405,233,477,37,0,604,621,661,605,473,703,315,571,651,593,650,611,540,247,0,1050,270,0,393,1049,473,0,aro,lean_forward,1
611,1786866270.595626,0,397,653,709,621,406,233,475,37,0,607,621,663,597,472,703,312,567,651,594,649,616,541,235,0,1049,269,0,395,1043,471,0,aro,lean_forward,1
612,1786866270.614537,0,399,654,709,621,407,232,471,39,0,607,622,661,605,472,701,311,573,653,595,649,615,541,229,0,1051,270,0,394,1033,471,0,aro,lean_forward,1
613,1786866270.635151,0,399,652,709,620,407,231,467,33,0,607,623,661,604,473,703,313,570,651,589,650,615,539,228,0,1050,270,0,392,1039,475,0,aro,lean_forward,1
614,1786866270.655459,0,403,653,710,621,404,231,465,35,0,603,626,661,605,473,703,311,571,651,596,649,615,540,227,0,1045,271,0,395,1044,474,0,aro,lean_forward,1
615,1786866270.674955,0,403,653,709,619,405,229,463,31,0,607,627,661,605,473,703,313,571,636,583,649,615,539,225,0,1047,269,0,397,1039,472,0,aro,lean_forward,1
616,1786866270.695098,0,404,653,709,621,405,233,457,33,0,605,629,661,605,473,701,313,567,653,591,651,617,541,222,0,1052,271,0,397,1041,475,0,aro,lean_forward,1
617,1786866270.715334,0,405,653,710,619,407,231,458,29,0,611,622,661,604,473,701,313,573,653,595,650,616,541,221,0,1049,271,0,397,1034,472,0,aro,lean_forward,1
618,1786866270.735478,0,404,658,710,623,405,228,456,29,0,607,623,661,604,473,703,313,573,654,595,650,615,541,219,31,1048,271,0,395,1043,473,0,aro,lean_forward,1
619,1786866270.755248,0,405,653,709,620,407,217,443,28,0,611,625,661,604,479,709,315,580,653,595,649,615,540,219,0,1045,270,0,393,1043,473,0,aro,lean_forward,1
620,1786866270.775448,0,405,652,710,627,405,227,441,27,0,607,630,661,605,473,701,313,569,652,593,649,615,537,218,0,1048,270,0,408,1043,475,0,aro,lean_forward,1
621,1786866270.795204,0,407,653,709,621,405,221,441,29,0,610,622,661,603,473,703,312,573,653,589,651,613,539,217,0,1049,270,0,397,1042,475,0,aro,lean_forward,1
622,1786866270.815644,0,409,655,709,615,405,221,440,29,0,613,623,661,605,471,709,313,570,653,591,649,614,542,216,0,1063,271,0,397,1043,477,0,aro,lean_forward,1
623,1786866270.835475,0,411,655,711,620,405,221,439,26,0,599,623,661,605,473,703,317,570,639,594,651,615,539,217,0,1047,269,0,395,1045,474,0,aro,lean_forward,1
624,1786866270.855548,0,411,655,709,623,405,223,438,29,0,619,623,661,603,474,711,312,569,655,593,651,615,541,211,0,1051,267,0,404,1039,473,0,aro,lean_forward,1
625,1786866270.875552,0,411,657,709,621,405,221,437,29,0,611,623,663,605,473,709,312,573,651,590,649,614,541,214,0,1049,269,0,398,1019,474,0,aro,lean_forward,1
626,1786866270.895556,0,415,654,711,625,407,226,437,27,0,619,627,662,605,477,711,313,573,650,594,651,616,542,211,0,1049,269,0,395,1039,473,0,aro,lean_forward,1
627,1786866270.915670,0,421,655,711,621,405,229,438,29,0,605,627,662,605,474,709,314,584,653,591,650,615,539,210,0,1045,269,0,396,1039,473,0,aro,lean_forward,1
628,1786866270.935595,0,425,655,711,622,406,222,437,29,0,611,627,662,601,475,703,313,565,653,590,651,613,542,211,0,1050,269,0,393,1044,473,0,aro,lean_forward,1
629,1786866270.955610,0,429,655,709,618,405,228,437,30,0,611,623,663,605,474,709,337,571,651,590,649,613,539,209,0,1049,271,0,401,1042,473,0,aro,lean_forward,1
630,1786866270.975551,0,431,654,709,624,405,229,437,29,0,616,627,662,603,475,703,311,561,649,591,651,613,537,207,0,1050,268,0,402,1045,475,0,aro,lean_forward,1
631,1786866270.995537,0,437,657,711,624,406,223,436,28,0,615,627,663,605,475,710,312,571,653,593,649,615,540,209,0,1045,269,0,391,1043,473,0,aro,lean_forward,1
632,1786866271.015705,0,441,659,711,637,406,221,436,27,0,611,626,662,605,473,711,307,571,651,593,651,614,539,205,0,1047,270,0,400,1045,474,0,aro,lean_forward,1
633,1786866271.035672,0,443,659,711,627,407,221,437,24,0,615,629,661,605,475,708,313,569,651,591,649,613,539,203,0,1052,269,0,395,1055,471,0,aro,lean_forward,1
634,1786866271.055554,0,444,659,712,624,405,223,435,26,0,609,629,663,605,475,709,313,568,651,593,651,613,539,201,0,1049,269,0,397,1042,473,0,aro,lean_forward,1
635,1786866271.074924,0,446,659,711,626,405,221,434,28,0,613,627,662,605,476,711,313,569,651,593,649,613,537,201,0,1050,269,0,391,1039,475,0,aro,lean_forward,1
636,1786866271.095578,0,447,661,711,623,407,221,435,26,0,613,632,661,605,475,702,314,569,651,591,650,613,540,200,0,1049,269,0,397,1041,473,0,aro,lean_forward,1
637,1786866271.115608,0,447,659,712,627,405,221,435,23,0,602,618,662,605,475,710,303,569,645,591,651,613,540,199,0,1051,269,0,379,1041,475,0,aro,lean_forward,1
638,1786866271.135712,0,454,659,711,621,407,221,437,25,0,612,626,661,605,475,710,313,569,650,591,650,613,539,199,0,1048,269,0,397,1041,477,0,aro,lean_forward,1
639,1786866271.155692,0,447,659,711,631,405,221,435,26,0,613,629,662,605,472,709,311,569,650,591,651,611,541,198,0,1039,269,0,381,1045,476,0,aro,lean_forward,1
640,1786866271.175588,0,447,659,712,624,405,221,435,23,0,620,619,663,605,475,701,317,569,653,590,649,613,537,191,0,1045,269,0,407,1042,474,0,aro,lean_forward,1
641,1786866271.195543,0,446,658,711,627,405,222,435,23,0,611,631,662,605,475,709,317,568,659,591,649,613,538,197,0,1048,267,0,407,1045,476,0,aro,lean_forward,1
642,1786866271.215873,0,452,660,711,623,407,221,437,26,0,616,629,663,605,472,711,315,569,651,593,650,613,541,201,0,1059,269,0,402,1043,475,0,aro,lean_forward,1
643,1786866271.235714,0,447,660,711,630,405,221,437,26,0,615,633,661,607,475,699,313,569,651,591,651,612,539,199,0,1056,269,0,397,1031,475,0,aro,lean_forward,1
644,1786866271.255539,0,453,659,711,619,407,219,438,22,0,612,623,662,605,475,703,317,569,651,591,649,614,541,201,0,1049,269,0,397,1042,479,0,aro,lean_forward,1
645,1786866271.275630,0,453,658,713,619,404,221,439,26,0,613,627,665,605,473,722,315,569,652,591,650,613,539,203,0,1066,269,0,401,1035,478,0,aro,lean_forward,1
646,1786866271.295555,0,452,659,711,626,405,223,439,26,0,613,631,661,605,475,711,313,569,649,591,650,613,539,199,0,1048,269,0,398,1030,475,0,aro,lean_forward,1
647,1786866271.315657,0,447,659,711,627,405,223,437,26,0,611,623,663,605,476,703,315,569,651,591,649,611,541,199,0,1074,269,0,398,1041,473,0,aro,lean_forward,1
648,1786866271.335807,0,451,659,711,623,408,221,439,21,0,617,631,663,607,475,721,317,571,649,591,650,613,542,199,0,1049,269,0,401,1035,474,0,aro,lean_forward,1
649,1786866271.355579,0,447,659,711,628,407,223,439,29,0,615,629,663,605,476,711,315,569,655,591,649,613,540,201,0,1053,269,0,403,1042,475,0,aro,lean_forward,1
650,1786866271.375549,0,447,659,713,629,408,222,441,25,0,611,623,662,605,475,712,313,569,651,591,650,613,538,201,0,1049,269,0,402,1043,477,0,aro,lean_forward,1
651,1786866271.395593,0,448,658,711,627,402,229,440,25,0,611,628,662,607,475,702,313,569,646,590,647,612,543,203,0,1045,268,0,398,1041,472,0,aro,lean_forward,1
652,1786866271.415593,0,446,659,711,617,407,225,441,29,0,615,625,663,605,476,709,315,568,654,591,650,615,537,200,0,1049,269,0,399,1041,478,0,aro,lean_forward,1
653,1786866271.435593,0,445,659,711,622,405,221,439,25,0,610,628,663,605,475,703,311,569,651,593,649,613,541,202,0,1051,269,0,401,1047,476,0,aro,lean_forward,1
654,1786866271.455543,0,443,658,712,627,408,221,441,24,0,615,627,663,607,476,710,317,569,651,591,651,614,542,204,0,1049,267,0,402,1043,476,0,aro,lean_forward,1
655,1786866271.475563,0,447,660,712,623,407,223,441,28,0,614,627,661,605,478,709,312,569,651,595,649,613,541,205,0,1051,268,0,403,1041,475,0,aro,lean_forward,1
656,1786866271.495514,0,447,659,713,623,407,223,441,27,0,613,628,661,606,477,711,315,571,650,593,652,613,557,204,0,1045,269,0,402,1043,475,0,aro,lean_forward,1
657,1786866271.515492,0,447,660,712,629,407,222,443,28,0,617,623,662,609,476,710,317,569,651,591,649,613,541,204,0,1053,267,0,401,1039,479,0,aro,lean_forward,1
658,1786866271.535652,0,445,661,711,624,409,229,443,27,0,611,632,663,605,473,714,317,570,651,593,650,613,540,206,0,1053,269,0,403,1041,473,0,aro,lean_forward,1
659,1786866271.555521,0,447,659,712,628,408,227,443,20,0,617,627,663,605,476,712,314,569,653,593,651,615,541,201,0,1050,271,0,402,1041,475,0,aro,lean_forward,1
660,1786866271.575462,0,441,655,712,628,407,226,443,27,0,607,629,663,603,477,702,311,569,651,591,651,615,542,207,0,1045,267,0,401,1041,477,0,aro,lean_forward,1
661,1786866271.594902,0,447,661,713,627,409,227,443,28,0,626,622,663,605,475,711,319,569,651,591,649,614,540,203,0,1051,269,0,403,1041,475,0,aro,lean_forward,1
662,1786866271.615520,0,446,659,709,627,409,226,443,29,0,605,623,663,605,475,713,313,569,651,591,651,615,540,204,0,1049,269,0,401,1041,477,0,aro,lean_forward,1
663,1786866271.635563,0,455,659,711,624,407,227,445,27,0,612,631,663,608,477,711,316,569,651,593,650,613,539,205,0,1048,269,0,399,1041,478,0,aro,lean_forward,1
664,1786866271.655535,0,442,661,711,627,409,235,445,29,0,599,619,663,603,476,713,317,571,653,595,649,615,537,203,0,1049,269,0,399,1041,475,0,aro,lean_forward,1
665,1786866271.675549,0,445,659,713,629,408,235,447,29,0,611,627,663,605,477,703,313,570,651,591,651,615,537,206,0,1048,269,0,399,1041,475,0,aro,lean_forward,1
666,1786866271.695492,0,440,659,711,627,408,227,445,28,0,611,633,662,610,476,711,311,569,653,591,651,615,541,207,0,1045,269,0,403,1043,483,0,aro,lean_forward,1
667,1786866271.715553,0,441,658,712,628,406,237,445,30,0,613,627,661,605,477,703,316,569,652,593,650,615,539,206,0,1053,267,0,403,1042,485,0,aro,lean_forward,1
668,1786866271.735581,0,439,659,713,627,409,229,445,31,0,613,629,663,606,477,703,312,569,652,591,649,613,543,210,0,1049,269,0,403,1041,478,0,aro,lean_forward,1
669,1786866271.755493,0,441,659,711,627,408,227,443,28,0,615,631,663,605,477,711,311,569,651,594,651,615,540,209,0,1049,269,0,403,1041,477,0,aro,lean_forward,1
670,1786866271.775524,0,438,660,712,627,408,217,447,29,0,609,621,662,611,477,703,317,571,651,595,650,613,540,210,0,1049,271,0,398,1042,477,0,aro,lean_forward,1
671,1786866271.795511,0,442,661,712,623,407,231,447,29,0,615,633,661,607,477,711,315,569,629,591,650,613,541,211,0,1049,269,0,399,1041,479,0,aro,lean_forward,1
672,1786866271.815497,0,442,659,712,624,407,228,446,30,0,619,622,660,611,478,711,310,570,653,593,651,613,539,205,0,1043,269,0,401,1043,473,0,aro,lean_forward,1
673,1786866271.835568,0,445,661,711,631,412,227,447,30,0,613,628,663,610,478,710,313,571,651,594,651,615,540,206,0,1051,271,0,398,1043,487,0,aro,lean_forward,1
674,1786866271.855530,0,444,658,713,631,409,228,447,30,0,611,629,665,606,477,709,315,569,652,591,650,613,530,210,0,1047,269,0,397,1041,478,0,aro,lean_forward,1
675,1786866271.875508,0,447,659,711,623,416,229,455,31,0,613,651,660,607,477,710,308,571,651,593,651,615,541,206,0,1053,269,0,399,1042,477,0,aro,lean_forward,1
676,1786866271.895469,0,447,659,713,633,410,228,453,31,0,613,628,662,605,477,710,309,571,653,595,651,613,541,209,0,1039,266,0,403,1041,473,0,aro,lean_forward,1
677,1786866271.915565,0,454,661,715,623,411,231,446,33,0,613,645,663,605,477,713,317,572,650,593,651,613,541,207,0,1044,269,0,401,1043,479,0,aro,lean_forward,1
678,1786866271.935607,0,446,659,711,628,411,231,456,31,0,605,612,664,607,477,711,313,571,651,595,649,615,542,209,0,1045,269,0,397,1042,489,0,aro,lean_forward,1
679,1786866271.955495,0,455,658,713,629,409,229,458,31,0,612,626,660,607,477,703,312,571,651,594,651,614,539,205,0,1053,267,0,395,1039,483,0,aro,lean_forward,1
680,1786866271.975513,0,454,663,711,621,411,229,462,35,0,613,627,661,605,477,711,328,569,651,593,650,613,540,216,0,1049,271,0,395,1042,473,0,aro,lean_forward,1
681,1786866271.995517,0,454,663,713,621,418,229,457,31,0,612,627,663,610,477,714,325,569,653,595,651,615,543,209,0,1063,270,0,397,1039,476,0,aro,lean_forward,1
682,1786866272.015534,0,456,659,712,633,409,229,455,31,0,613,629,665,607,477,711,318,570,651,591,651,615,535,205,0,1044,267,0,394,1039,479,0,aro,lean_forward,1
683,1786866272.035596,0,456,662,711,629,411,229,457,31,0,611,648,663,607,477,710,302,571,651,593,649,613,539,211,0,1048,266,0,395,1039,485,0,aro,lean_forward,1
684,1786866272.055541,0,457,663,713,629,411,223,456,27,0,616,645,663,607,477,713,317,571,650,593,650,613,538,211,0,1049,265,0,395,1039,474,0,aro,lean_forward,1
685,1786866272.075216,0,457,662,713,627,410,230,447,33,0,600,645,663,606,477,703,317,569,652,591,650,613,543,207,0,1050,269,0,395,1041,477,0,aro,lean_forward,1
686,1786866272.095609,0,457,661,711,631,410,228,453,29,0,614,628,664,611,477,710,313,570,653,593,649,613,543,211,0,1063,273,0,395,1039,479,0,aro,lean_forward,1
687,1786866272.114894,0,455,659,712,627,410,227,445,29,0,600,623,664,606,477,714,313,570,655,593,649,614,539,203,0,1051,269,0,395,1039,481,0,aro,lean_forward,1
688,1786866272.135335,0,455,663,711,624,409,226,444,29,0,613,629,662,611,477,709,317,570,651,591,651,615,543,211,0,1050,267,0,395,1039,484,0,aro,lean_forward,1
689,1786866272.155519,0,453,660,712,627,405,223,445,29,0,613,628,663,605,477,721,316,570,651,591,649,613,540,213,0,1049,267,0,395,1039,474,0,aro,lean_forward,1
690,1786866272.175617,0,448,661,712,627,407,225,444,29,0,615,627,667,605,476,711,317,569,651,595,651,613,539,211,0,1049,269,0,395,1041,477,0,aro,lean_forward,1
691,1786866272.195554,0,452,661,713,622,405,220,444,29,0,617,627,659,605,477,709,317,569,652,591,650,613,539,211,0,1047,267,0,396,1041,476,0,aro,lean_forward,1
692,1786866272.215538,0,445,661,714,629,407,223,445,29,0,615,627,663,607,477,719,316,569,651,591,649,613,551,198,0,1049,265,0,396,1041,482,0,aro,lean_forward,1
693,1786866272.235802,0,444,665,710,623,407,221,443,29,0,613,626,660,605,476,710,317,568,649,591,648,611,541,213,0,1050,271,0,394,1036,473,0,aro,lean_forward,1
694,1786866272.255542,0,447,655,712,623,403,223,441,29,0,613,629,662,605,476,711,318,571,651,594,650,613,543,211,0,1050,267,0,395,1041,483,0,aro,lean_forward,1
695,1786866272.275508,0,447,660,713,624,407,223,445,27,0,613,629,663,605,477,713,317,571,651,591,649,613,540,207,0,1049,265,0,395,1041,477,0,aro,lean_forward,1
696,1786866272.295517,0,453,663,715,627,408,223,445,28,0,613,628,660,605,477,711,316,569,653,593,651,615,541,209,0,1049,270,0,395,1041,477,0,aro,lean_forward,1
697,1786866272.315546,0,447,661,711,625,407,223,443,28,0,614,629,663,605,477,713,316,571,653,594,651,613,537,211,0,1049,251,0,394,1041,477,0,aro,lean_forward,1
698,1786866272.335558,0,453,664,712,624,409,221,444,27,0,613,627,661,605,477,713,316,569,651,593,650,613,547,213,0,1063,269,0,395,1039,474,0,aro,lean_forward,1
699,1786866272.355479,0,456,661,713,623,405,224,442,29,0,613,627,663,605,477,712,317,570,651,593,651,613,535,211,0,1049,267,0,393,1039,477,0,aro,lean_forward,1
700,1786866272.375555,0,453,661,713,624,408,225,446,29,0,613,628,663,603,477,710,317,570,649,595,651,614,549,206,0,1049,266,0,393,1041,478,0,aro,lean_forward,1
701,1786866272.394907,0,455,661,713,627,407,217,445,29,0,605,629,663,607,479,711,317,571,652,595,651,613,538,205,0,1050,266,0,392,1043,489,0,aro,lean_forward,1
702,1786866272.415515,0,455,661,714,627,407,225,447,30,0,613,629,663,605,478,711,317,570,653,591,651,613,541,213,0,1049,267,0,391,1039,475,0,aro,lean_forward,1
703,1786866272.435671,0,451,663,713,627,407,227,447,29,0,613,628,663,607,477,711,317,567,651,591,650,611,541,211,0,1049,269,0,392,1039,477,0,aro,lean_forward,1
704,1786866272.455563,0,455,655,711,623,407,227,453,31,0,613,627,661,611,478,710,316,571,658,591,649,613,541,209,0,1050,267,0,393,1039,478,0,aro,lean_forward,1
705,1786866272.475525,0,453,660,711,623,407,227,447,29,0,613,627,671,602,477,711,317,569,650,589,649,615,541,211,0,1049,268,0,383,1041,477,0,aro,lean_forward,1
706,1786866272.495508,0,447,650,713,628,407,225,451,31,0,613,627,663,606,477,711,316,571,664,591,650,614,547,206,0,1049,269,0,392,1039,483,0,aro,lean_forward,1
707,1786866272.515564,0,454,661,713,627,407,227,446,30,0,613,629,661,603,477,710,317,571,649,589,650,615,543,201,0,1049,271,0,393,1039,477,0,aro,lean_forward,1
708,1786866272.535681,0,444,655,712,627,409,225,453,31,0,611,627,665,607,475,711,317,569,651,593,648,613,539,213,0,1049,267,0,392,1039,471,0,aro,lean_forward,1
709,1786866272.555502,0,442,647,711,621,407,229,455,29,0,615,626,663,607,477,710,317,569,653,590,649,615,538,207,0,1047,267,0,393,1039,482,0,aro,lean_forward,1
710,1786866272.575589,0,441,659,712,627,409,227,455,31,0,612,629,662,606,477,711,317,571,635,597,651,614,540,215,0,1048,267,0,393,1039,469,0,aro,lean_forward,1
711,1786866272.595503,0,443,661,713,627,405,227,453,35,0,612,629,661,603,477,711,317,571,653,595,652,615,539,215,0,1049,270,0,393,1039,477,0,aro,lean_forward,1
712,1786866272.615522,0,439,661,713,623,406,223,455,31,0,613,628,661,605,476,709,316,571,653,595,650,615,539,209,0,1048,265,0,393,1039,483,0,aro,lean_forward,1
713,1786866272.635702,0,438,660,714,623,406,226,453,31,0,613,628,661,607,477,711,317,571,652,591,650,614,542,213,0,1049,269,0,393,1039,479,0,aro,lean_forward,1
714,1786866272.655583,0,423,661,713,623,406,227,447,31,0,613,628,661,605,477,711,317,572,651,595,649,614,539,215,0,1048,269,0,395,1039,483,0,aro,lean_forward,1
715,1786866272.674843,0,435,661,710,627,405,225,454,30,0,613,627,663,606,477,711,316,572,652,595,651,615,543,208,0,1050,267,0,397,1039,469,0,aro,lean_forward,1
716,1786866272.695506,0,429,659,712,624,403,227,458,31,0,619,627,660,606,477,711,316,569,651,596,649,615,539,216,0,1047,265,0,397,1041,479,0,aro,lean_forward,1
717,1786866272.715583,0,429,661,711,623,409,227,453,30,0,613,627,665,603,477,711,317,571,652,595,650,616,543,215,0,1049,268,0,397,1041,477,0,aro,lean_forward,1
718,1786866272.735591,0,429,661,713,627,407,227,443,31,0,613,627,661,612,477,711,318,572,651,593,651,616,540,217,0,1049,271,0,399,1041,477,0,aro,lean_forward,1
719,1786866272.755519,0,428,657,713,627,409,227,454,31,0,613,627,660,603,477,711,317,572,652,596,651,615,539,211,0,1047,268,0,398,1041,483,0,aro,lean_forward,1
720,1786866272.775564,0,428,661,712,624,407,223,446,31,0,617,628,661,606,477,703,318,571,651,595,651,615,543,215,0,1059,268,0,401,1041,479,0,aro,lean_forward,1
721,1786866272.795527,0,427,660,713,623,407,227,455,31,0,613,627,661,611,478,711,316,571,659,595,649,616,541,216,0,1048,267,0,401,1041,484,0,aro,lean_forward,1
722,1786866272.815529,0,429,659,712,627,409,227,448,31,0,614,627,661,605,477,709,317,571,653,595,649,613,551,217,0,1049,268,0,402,1041,482,0,aro,lean_forward,1
723,1786866272.835556,0,429,659,713,627,409,227,445,30,0,615,627,663,610,477,711,315,572,653,594,651,605,547,213,0,1051,265,0,402,1042,482,0,aro,lean_forward,1
724,1786866272.855692,0,425,659,703,624,419,220,447,31,0,612,627,663,603,477,711,317,573,653,593,651,615,541,217,0,1049,267,0,402,1041,479,0,aro,lean_forward,1
725,1786866272.875494,0,427,659,709,623,411,227,457,29,0,614,627,663,611,477,711,317,571,653,595,650,613,537,206,0,1049,269,0,401,1041,483,0,aro,lean_forward,1
726,1786866272.895472,0,427,655,727,624,411,227,443,31,0,613,627,661,613,477,711,315,573,653,595,651,615,549,216,0,1049,266,0,405,1041,483,0,aro,lean_forward,1
727,1786866272.915549,0,426,659,711,627,409,226,453,29,0,613,628,662,605,479,710,316,573,649,595,651,615,542,215,0,1049,270,0,403,1043,469,0,aro,lean_forward,1
728,1786866272.935558,0,424,658,716,623,409,227,443,31,0,614,628,663,609,477,711,316,573,655,595,650,615,555,215,0,1049,267,0,408,1041,474,0,aro,lean_forward,1
729,1786866272.955472,0,424,660,713,627,411,227,446,29,0,613,628,661,603,477,711,317,571,655,595,651,616,541,234,0,1049,267,0,403,1041,483,0,aro,lean_forward,1
730,1786866272.975537,0,425,659,703,625,409,227,439,29,0,611,628,659,619,478,711,316,573,653,593,651,614,543,218,0,1050,268,0,405,1041,483,0,aro,lean_forward,1
731,1786866272.995465,0,429,653,712,628,411,227,446,29,0,612,627,664,607,477,711,315,571,653,597,651,613,538,207,0,1045,267,0,406,1041,483,0,aro,lean_forward,1
732,1786866273.015475,0,427,653,710,628,407,226,444,29,0,614,629,655,605,477,711,317,575,654,594,651,616,552,215,0,1051,279,0,406,1043,487,0,aro,lean_forward,1
733,1786866273.035415,0,428,659,713,623,407,221,440,29,0,613,627,681,606,476,711,316,573,651,594,648,614,555,197,0,1051,263,0,405,1041,474,0,aro,lean_forward,1
734,1786866273.055642,0,427,657,714,626,409,223,440,29,0,615,629,661,605,477,711,315,571,653,595,651,612,539,219,0,1049,267,0,409,1043,483,0,aro,lean_forward,1
735,1786866273.074527,0,425,659,715,627,405,235,439,28,0,615,629,663,611,477,710,315,572,654,590,650,613,543,215,0,1046,265,0,407,1042,486,0,aro,lean_forward,1
736,1786866273.095545,0,423,655,712,627,409,223,441,29,0,613,629,662,605,478,711,317,575,653,595,651,616,541,211,0,1049,281,0,407,1041,483,0,aro,lean_forward,1
737,1786866273.115543,0,427,659,711,625,411,222,440,29,0,615,627,658,605,477,711,316,573,652,595,651,616,543,217,0,1051,267,0,410,1043,483,0,aro,lean_forward,1
738,1786866273.135697,0,429,661,703,627,410,226,441,28,0,615,627,661,609,477,713,316,571,649,596,649,616,541,215,0,1036,269,0,412,1043,483,0,aro,lean_forward,1
739,1786866273.154825,0,423,659,711,627,413,223,446,29,0,615,627,663,610,477,711,317,571,655,595,651,615,543,216,0,1050,269,0,409,1042,481,0,aro,lean_forward,1
740,1786866273.175615,0,425,661,713,627,411,223,440,28,0,613,629,665,610,477,711,316,571,653,596,650,615,540,215,0,1051,267,0,409,1043,483,0,aro,lean_forward,1
741,1786866273.195514,0,425,659,713,623,411,223,441,29,0,613,628,661,607,477,711,315,571,651,591,651,615,539,215,0,1050,268,0,409,1043,483,0,aro,lean_forward,1
742,1786866273.215514,0,425,663,713,627,409,223,441,27,0,614,629,660,607,479,724,316,573,645,597,651,615,541,215,0,1048,242,0,407,1043,484,0,aro,lean_forward,1
743,1786866273.235710,0,427,665,713,627,411,223,441,27,0,615,629,671,611,479,711,315,573,653,591,651,613,541,215,0,1051,273,0,409,1043,483,0,aro,lean_forward,1
744,1786866273.255490,0,425,661,714,627,411,223,441,27,0,613,627,662,603,478,711,315,573,651,595,651,615,542,215,0,1051,269,0,409,1041,484,0,aro,lean_forward,1
745,1786866273.275494,0,425,660,713,623,411,222,441,28,0,613,629,661,607,478,711,316,572,658,589,651,617,541,215,0,1049,267,0,407,1044,483,0,aro,lean_forward,1
746,1786866273.295479,0,425,658,709,627,407,220,437,27,0,615,627,664,605,477,711,309,575,653,594,650,615,529,216,0,1059,265,0,410,1044,483,0,aro,lean_forward,1
747,1786866273.315505,0,425,659,715,627,411,223,441,27,0,615,627,657,607,477,711,316,573,652,595,651,614,535,215,0,1049,271,0,410,1043,483,0,aro,lean_forward,1
748,1786866273.335548,0,429,661,712,627,411,223,440,28,0,614,627,671,607,478,710,317,572,654,595,651,613,541,215,0,1049,263,0,412,1041,484,0,aro,lean_forward,1
749,1786866273.355483,0,427,660,715,627,411,227,441,27,0,614,628,663,611,481,711,315,570,652,595,651,615,540,215,0,1049,268,0,409,1043,483,0,aro,lean_forward,1
750,1786866273.375570,0,426,661,711,627,411,225,441,28,0,615,629,662,607,477,701,315,569,653,594,651,613,541,214,0,1054,273,0,411,1048,483,0,aro,lean_forward,1
751,1786866273.395491,0,428,660,713,627,411,226,441,25,0,613,629,663,605,479,711,317,571,637,593,650,616,541,215,0,1050,268,0,409,1045,485,0,aro,lean_forward,1
752,1786866273.415474,0,425,652,713,627,411,225,441,27,0,615,629,661,610,478,709,317,573,649,595,651,616,541,216,0,1051,268,0,411,1043,485,0,aro,lean_forward,1
753,1786866273.435629,0,423,659,703,623,410,222,441,27,0,612,627,661,610,481,711,317,569,653,586,649,615,539,215,0,1051,276,0,411,1041,485,0,aro,lean_forward,1
754,1786866273.454507,0,431,659,712,627,412,227,442,27,0,613,627,663,609,479,711,317,570,651,593,651,613,541,215,0,1051,270,0,409,1044,484,0,aro,lean_forward,1
755,1786866273.475651,0,427,663,713,626,411,223,441,27,0,615,639,663,605,485,712,311,569,653,594,651,615,540,215,0,1052,269,0,412,1039,485,0,aro,lean_forward,1
756,1786866273.495501,0,429,659,713,627,411,227,441,29,0,616,629,663,611,476,712,315,570,653,591,652,617,541,215,0,1051,274,0,403,1045,483,0,aro,lean_forward,1
757,1786866273.514884,0,429,661,713,623,411,223,441,25,0,614,629,657,605,477,711,315,571,653,595,650,615,541,216,0,1051,270,0,411,1042,485,0,aro,lean_forward,1
758,1786866273.535593,0,429,659,714,627,409,225,441,26,0,615,628,663,605,478,711,317,567,647,595,651,616,552,217,0,1051,269,0,409,1043,481,0,aro,lean_forward,1
759,1786866273.555518,0,425,660,712,627,412,227,442,27,0,613,628,659,604,478,711,317,569,653,591,651,615,540,217,0,1049,267,0,411,1043,485,0,aro,lean_forward,1
760,1786866273.575546,0,431,659,711,627,413,223,441,27,0,614,629,659,613,478,711,317,573,654,596,651,617,541,217,0,1049,268,0,407,1043,485,0,aro,lean_forward,1
761,1786866273.595477,0,429,661,712,627,411,227,442,27,0,614,628,665,610,478,711,317,572,655,591,649,611,541,216,0,1050,265,0,406,1039,484,0,aro,lean_forward,1
762,1786866273.615496,0,426,661,713,627,413,223,441,28,0,615,629,662,611,477,711,315,569,651,590,649,613,541,219,0,1049,265,0,411,1039,487,0,aro,lean_forward,1
763,1786866273.635525,0,427,660,714,627,411,226,441,27,0,613,629,660,595,483,711,317,570,652,601,651,611,541,215,0,1050,267,0,410,1043,483,0,aro,lean_forward,1
764,1786866273.655514,0,427,659,715,627,411,222,441,27,0,613,628,663,605,477,711,316,569,653,591,650,616,541,215,0,1050,263,0,412,1041,485,0,aro,lean_forward,1
765,1786866273.674717,0,428,660,713,628,413,226,441,27,0,614,628,667,610,478,711,316,572,649,589,651,616,541,215,0,1049,275,0,413,1044,485,0,aro,lean_forward,1
766,1786866273.695533,0,426,659,714,627,411,223,442,26,0,615,629,667,605,482,711,317,569,655,595,651,615,542,225,0,1051,275,0,410,1043,487,0,aro,lean_forward,1
767,1786866273.715510,0,427,661,715,629,411,227,441,26,0,613,628,662,607,479,711,317,569,653,590,651,614,541,215,0,1051,269,0,409,1043,485,0,aro,lean_forward,1
768,1786866273.735543,0,425,659,713,627,412,227,441,27,0,613,628,660,607,477,711,316,571,657,583,649,615,541,216,0,1051,269,0,409,1041,484,0,aro,lean_forward,1
769,1786866273.755502,0,427,659,711,627,411,228,443,26,0,615,630,665,601,478,711,317,571,654,591,651,629,541,217,0,1051,267,0,409,1041,485,0,aro,lean_forward,1
770,1786866273.775561,0,427,659,713,627,413,227,443,27,0,613,630,661,619,479,711,317,569,653,597,649,617,541,217,0,1051,271,0,411,1041,491,0,aro,lean_forward,1
771,1786866273.795465,0,423,659,713,629,412,227,445,27,0,615,627,664,611,477,710,315,567,651,591,651,616,541,217,0,1053,267,0,409,1045,485,0,aro,lean_forward,1
772,1786866273.815450,0,427,661,715,628,413,223,445,27,0,615,629,667,597,477,711,315,571,651,594,651,615,541,217,0,1050,271,0,405,1043,485,0,aro,lean_forward,1
773,1786866273.835698,0,428,660,713,628,412,229,445,27,0,615,628,661,611,476,711,315,569,653,588,650,617,541,215,0,1051,271,0,407,1041,487,0,aro,lean_forward,1
774,1786866273.855519,0,427,660,712,624,409,227,445,27,0,613,631,661,605,476,711,319,569,653,595,651,605,539,215,0,1049,271,0,411,1039,485,0,aro,lean_forward,1
775,1786866273.875507,0,429,661,701,628,413,227,445,29,0,616,627,660,613,476,711,315,569,659,603,651,617,540,215,0,1051,273,0,407,1041,484,0,aro,lean_forward,1
776,1786866273.895486,0,429,661,714,627,413,227,446,30,0,615,627,655,606,481,711,317,569,653,597,651,605,541,217,0,1047,267,0,406,1043,485,0,aro,lean_forward,1
777,1786866273.915482,0,429,661,715,629,412,227,445,29,0,614,627,665,607,479,711,317,569,653,605,650,615,541,217,0,1051,269,0,409,1043,485,0,aro,lean_forward,1
778,1786866273.935559,0,431,661,711,627,413,228,445,28,0,617,627,661,615,483,711,319,569,649,593,651,616,541,215,0,1051,269,0,405,1041,485,0,aro,lean_forward,1
779,1786866273.955500,0,429,659,714,627,411,227,445,26,0,611,629,671,606,477,713,317,571,653,596,647,613,542,216,0,1047,292,0,403,1043,483,0,aro,lean_forward,1
780,1786866273.975530,0,430,661,713,627,413,227,445,28,0,615,629,661,607,477,713,318,573,653,594,651,605,541,217,0,1051,287,0,411,1043,487,0,aro,lean_forward,1
781,1786866273.995462,0,431,659,725,629,407,225,445,29,0,615,623,661,611,477,711,317,572,649,585,651,616,541,219,0,1049,275,0,409,1041,501,0,aro,lean_forward,1
782,1786866274.015505,0,428,661,715,627,411,227,444,28,0,611,622,665,621,479,711,314,568,650,595,651,617,542,216,0,1051,268,0,407,1041,487,0,aro,lean_forward,1
783,1786866274.035545,0,429,660,713,627,411,226,443,29,0,614,629,665,607,482,711,317,572,653,599,651,613,541,217,0,1051,266,0,404,1043,487,0,aro,lean_forward,1
784,1786866274.055481,0,427,659,713,627,411,227,443,29,0,613,623,671,607,477,712,317,571,663,597,651,616,541,217,0,1047,268,0,409,1043,485,0,aro,lean_forward,1
785,1786866274.075526,0,421,661,715,629,412,227,443,28,0,614,630,654,606,477,711,317,571,650,591,651,616,541,216,0,1050,255,0,411,1039,485,0,aro,lean_forward,1
786,1786866274.095518,0,429,660,713,626,411,227,444,27,0,614,628,655,606,479,713,318,569,653,591,651,615,541,216,0,1050,280,0,406,1042,485,0,aro,lean_forward,1
787,1786866274.115481,0,427,659,713,627,411,227,443,29,0,613,627,655,607,484,710,317,569,637,588,651,607,541,216,0,1052,279,0,411,1041,485,0,aro,lean_forward,1
788,1786866274.135522,0,429,661,713,628,411,225,443,27,0,615,627,661,605,475,703,319,565,653,599,651,613,541,216,0,1051,269,0,413,1041,486,0,aro,lean_forward,1
789,1786866274.155545,0,431,661,713,627,411,229,445,29,0,613,629,665,606,477,711,317,571,653,593,651,612,541,217,0,1049,269,0,413,1042,485,0,aro,lean_forward,1
790,1786866274.175533,0,435,660,713,627,411,225,445,27,0,613,631,661,607,477,710,318,570,654,605,651,617,541,217,0,1051,269,0,407,1043,483,0,aro,lean_forward,1
791,1786866274.195488,0,439,661,712,627,411,227,447,26,0,615,629,669,606,477,711,316,568,654,596,649,615,541,217,0,1049,293,0,412,1041,485,0,aro,lean_forward,1
792,1786866274.215515,0,440,661,715,629,413,227,446,27,0,615,627,663,607,483,710,319,573,653,597,650,613,542,216,0,1049,269,0,405,1043,485,0,aro,lean_forward,1
793,1786866274.235597,0,440,661,713,627,411,227,445,27,0,614,629,655,607,479,712,317,574,651,594,651,617,541,216,0,1049,270,0,413,1039,485,0,aro,lean_forward,1
794,1786866274.255492,0,443,662,713,627,411,227,445,27,0,615,623,663,605,481,711,317,573,651,596,651,616,541,216,0,1051,247,0,395,1041,485,0,aro,lean_forward,1
795,1786866274.275568,0,442,661,713,631,409,227,432,27,0,613,622,663,606,478,709,317,569,652,595,651,615,541,210,0,1051,269,0,405,1043,479,0,aro,lean_forward,1
796,1786866274.295479,0,443,662,713,629,409,228,447,27,0,612,626,663,609,477,711,318,571,653,597,651,612,541,217,0,1051,269,0,404,1019,485,0,aro,lean_forward,1
797,1786866274.315493,0,443,661,715,628,411,223,445,29,0,615,624,663,607,479,711,319,570,651,595,651,615,541,216,0,1051,268,0,405,1053,485,0,aro,lean_forward,1
798,1786866274.335516,0,444,661,714,629,411,227,447,26,0,613,627,663,607,484,711,317,570,651,597,650,611,541,216,0,1051,269,0,411,1043,485,0,aro,lean_forward,1
799,1786866274.355497,0,443,662,714,627,412,228,443,27,0,613,631,663,605,477,710,319,572,653,595,650,617,541,215,0,1051,271,0,403,1041,485,0,aro,lean_forward,1
800,1786866274.375471,0,441,661,713,627,410,223,445,28,0,615,629,661,611,479,710,315,571,653,595,650,611,541,216,0,1051,269,0,403,1043,485,0,aro,lean_forward,1
801,1786866274.395486,0,441,661,714,629,410,223,444,29,0,614,629,665,609,478,711,319,570,653,593,651,616,541,215,0,1051,269,0,425,1046,487,0,aro,lean_forward,1
802,1786866274.415515,0,441,659,714,629,411,213,443,29,0,611,625,663,606,479,713,325,559,653,594,650,613,541,213,0,1054,267,0,405,1043,486,0,aro,lean_forward,1
803,1786866274.435492,0,439,661,714,629,409,227,443,29,0,617,631,663,607,477,709,315,566,653,593,650,612,541,215,0,1050,269,0,407,1055,485,0,aro,lean_forward,1
804,1786866274.455499,0,440,661,713,628,411,227,444,27,0,614,627,663,613,477,711,317,573,655,597,651,615,541,217,0,1047,268,0,408,1039,485,0,aro,lean_forward,1
805,1786866274.475522,0,440,661,713,629,410,226,445,27,0,614,628,664,603,479,711,319,568,651,594,651,615,540,217,0,1051,268,0,407,1043,487,0,aro,lean_forward,1
806,1786866274.495470,0,441,662,713,633,411,223,446,28,0,613,627,663,607,485,712,328,571,655,595,651,614,539,217,0,1055,269,0,423,1043,486,0,aro,lean_forward,1
807,1786866274.515470,0,441,661,715,628,413,227,445,28,0,615,625,663,606,485,703,319,567,654,604,651,612,541,216,0,1050,267,0,411,1043,485,0,aro,lean_forward,1
808,1786866274.535648,0,441,661,715,624,411,227,447,29,0,632,605,663,607,481,711,315,565,653,595,650,615,540,215,0,1051,269,0,407,1042,485,0,aro,lean_forward,1
809,1786866274.555481,0,441,659,715,628,412,227,448,29,0,613,629,663,611,477,712,316,573,653,599,651,613,543,217,0,1049,268,0,403,1043,485,0,aro,lean_forward,1
810,1786866274.575540,0,443,661,713,629,412,227,447,28,0,615,629,662,609,483,712,314,573,653,595,649,611,541,217,0,1050,269,0,403,1049,486,0,aro,lean_forward,1
811,1786866274.595489,0,440,661,712,627,411,225,445,27,0,615,627,661,607,476,712,325,571,651,585,649,613,540,218,0,1053,269,0,401,1039,488,0,aro,lean_forward,1
812,1786866274.615489,0,444,661,714,629,413,229,446,41,0,611,628,663,607,467,711,317,573,653,597,649,615,541,217,0,1047,269,0,407,1041,487,0,aro,lean_forward,1
813,1786866274.635551,0,445,661,713,628,412,227,447,27,0,611,631,663,600,477,712,317,573,652,594,651,615,541,215,0,1049,268,0,404,1041,485,0,aro,lean_forward,1
814,1786866274.655481,0,446,661,713,627,413,229,447,29,0,617,627,663,607,483,712,315,568,651,591,651,617,541,219,0,1048,269,0,407,1043,484,0,aro,lean_forward,1
815,1786866274.675007,0,447,663,713,627,410,229,445,27,0,613,627,663,606,477,711,313,571,655,605,649,612,541,216,0,1051,269,0,399,1041,484,0,aro,lean_forward,1
816,1786866274.695543,0,447,662,714,629,413,227,445,37,0,612,627,663,607,499,712,317,573,651,601,650,613,541,217,0,1048,269,0,402,1039,483,0,aro,lean_forward,1
817,1786866274.715517,0,447,661,713,630,411,228,445,29,0,612,627,663,603,478,712,316,573,653,595,650,607,539,215,0,1049,267,0,405,1043,488,0,aro,lean_forward,1
818,1786866274.735588,0,447,661,713,627,410,231,443,28,0,615,626,662,607,485,713,317,563,653,595,651,615,541,215,0,1051,269,0,407,1041,485,0,aro,lean_forward,1
819,1786866274.755508,0,447,661,713,629,409,221,443,36,0,616,629,663,607,484,709,317,569,653,599,651,617,539,215,0,1049,268,0,399,1043,487,0,aro,lean_forward,1
820,1786866274.775506,0,452,662,713,628,411,229,445,29,0,617,628,663,607,477,712,317,587,654,594,649,610,541,215,0,1049,269,0,404,1041,487,0,aro,lean_forward,1
821,1786866274.795516,0,447,663,714,629,410,221,443,29,0,617,629,663,611,479,712,317,570,652,595,651,615,541,213,0,1051,268,0,403,1042,485,0,aro,lean_forward,1
822,1786866274.815480,0,446,661,715,628,409,219,444,27,0,615,627,663,605,479,713,315,569,653,594,651,605,541,215,0,1049,269,0,404,1047,485,0,aro,lean_forward,1
823,1786866274.835524,0,447,661,713,624,411,227,443,28,0,603,627,663,606,476,711,318,575,653,595,651,627,539,216,0,1049,268,0,405,1047,485,0,aro,lean_forward,1
824,1786866274.855518,0,445,662,713,627,411,222,443,25,0,615,628,661,607,476,710,317,571,653,591,647,619,539,215,0,1049,269,0,399,1036,485,0,aro,lean_forward,1
825,1786866274.875475,0,447,661,714,627,409,227,446,27,0,611,627,661,609,483,713,315,573,653,594,650,615,539,213,0,1050,269,0,402,1041,487,0,aro,lean_forward,1
826,1786866274.895446,0,451,661,713,627,408,223,445,27,0,611,639,663,607,475,709,333,561,655,594,651,611,541,215,0,1059,267,0,403,1043,484,0,aro,lean_forward,1
827,1786866274.915484,0,447,663,715,630,409,227,447,29,0,612,629,663,606,479,713,318,575,653,593,651,614,541,217,0,1051,267,0,396,1045,485,0,aro,lean_forward,1
828,1786866274.935630,0,447,663,713,627,411,225,447,29,0,595,627,663,607,471,715,317,575,651,589,651,612,539,215,0,1049,267,0,395,1039,484,0,aro,lean_forward,1
829,1786866274.955477,0,447,662,715,627,411,223,447,27,0,615,629,663,605,477,713,317,585,652,595,651,605,544,213,0,1050,269,0,403,1043,487,0,aro,lean_forward,1
830,1786866274.975468,0,453,661,713,629,408,226,447,29,0,615,628,663,611,479,712,319,571,652,591,650,611,541,215,0,1049,268,0,403,1047,485,0,aro,lean_forward,1
831,1786866274.995541,0,447,663,715,628,409,221,447,29,0,622,639,663,607,475,712,313,571,653,593,649,615,541,213,0,1049,269,0,408,1041,488,0,aro,lean_forward,1
832,1786866275.015476,0,447,661,715,628,409,232,447,27,0,613,629,663,607,479,715,317,569,651,591,649,607,541,215,0,1052,267,0,404,1042,487,0,aro,lean_forward,1
833,1786866275.035534,0,447,661,714,629,409,226,445,29,0,618,634,663,607,481,711,313,564,657,595,651,627,539,215,0,1051,269,0,402,1043,487,0,aro,lean_forward,1
834,1786866275.055531,0,452,661,713,627,411,226,445,29,0,611,637,661,610,477,712,319,571,653,596,649,615,541,215,0,1048,267,0,403,1042,493,0,aro,lean_forward,1
835,1786866275.075567,0,447,663,715,630,411,223,443,29,0,603,629,663,609,483,713,331,571,654,595,650,615,539,219,0,1049,267,0,391,1039,485,0,aro,lean_forward,1
836,1786866275.095487,0,447,661,713,629,410,224,443,29,0,620,627,662,607,484,711,319,569,652,596,649,613,541,213,0,1053,269,0,393,1039,488,0,aro,lean_forward,1
837,1786866275.115474,0,452,659,714,626,409,227,443,27,0,615,633,663,607,479,713,311,569,653,595,650,615,541,213,0,1017,267,0,415,1046,486,0,aro,lean_forward,1
838,1786866275.135522,0,453,661,715,627,410,227,443,29,0,616,625,664,607,478,711,325,571,653,595,650,615,541,213,0,1049,269,0,403,1042,485,0,aro,lean_forward,1
839,1786866275.155476,0,447,662,715,629,411,225,445,29,0,635,635,663,607,475,712,313,556,653,594,651,615,541,215,0,1049,269,0,413,1041,487,0,aro,lean_forward,1
840,1786866275.175493,0,453,663,715,630,411,225,445,23,0,613,632,662,609,473,711,313,571,654,595,651,613,541,211,0,1051,269,0,405,1045,487,0,aro,lean_forward,1
841,1786866275.195510,0,447,661,715,629,411,227,446,30,0,613,619,665,606,483,714,313,573,653,595,651,615,541,213,0,1053,269,0,393,1043,483,0,aro,lean_forward,1
842,1786866275.214838,0,447,659,715,622,412,223,445,27,0,613,629,663,605,479,711,317,570,657,595,650,615,541,215,0,1052,269,0,405,1043,489,0,aro,lean_forward,1
843,1786866275.236398,0,443,661,715,631,411,227,446,28,0,614,631,664,606,475,711,319,571,653,595,652,615,543,215,0,1054,269,0,404,1041,485,0,aro,lean_forward,1
844,1786866275.255554,0,441,663,713,622,411,230,451,31,0,615,629,659,605,482,715,317,571,653,595,650,615,540,217,0,1041,269,0,405,1045,485,0,aro,lean_forward,1
845,1786866275.275523,0,437,660,713,635,409,227,445,26,0,615,628,663,606,482,711,310,571,653,595,651,615,541,216,0,1053,269,0,412,1039,487,0,aro,lean_forward,1
846,1786866275.295470,0,428,661,713,627,411,227,447,35,0,611,623,663,607,479,713,319,571,655,596,651,616,543,218,0,1051,268,0,406,1051,483,0,aro,lean_forward,1
847,1786866275.315508,0,421,660,712,630,411,227,447,31,0,613,623,662,607,483,711,318,571,654,595,651,615,541,218,0,1051,268,0,413,1043,485,0,aro,lean_forward,1
848,1786866275.335564,0,420,659,713,628,411,227,453,30,0,611,631,663,607,479,697,317,569,653,595,651,616,541,219,0,1047,267,0,421,1041,486,0,aro,lean_forward,1
849,1786866275.355499,0,419,658,713,622,413,227,453,39,0,614,623,661,609,489,712,319,571,657,596,651,617,541,221,0,1052,269,0,405,1045,487,0,aro,lean_forward,1
850,1786866275.375494,0,419,659,712,628,413,227,455,34,0,614,627,661,607,474,709,317,571,654,595,651,615,541,219,0,1049,268,0,405,1047,483,0,aro,lean_forward,1
851,1786866275.395486,0,423,661,713,623,411,229,456,37,0,612,629,665,605,479,711,319,571,653,595,651,615,542,220,0,1047,269,0,395,1041,485,0,aro,lean_forward,1
852,1786866275.415540,0,425,661,713,630,411,229,457,31,0,615,623,663,609,477,716,317,571,651,595,650,617,540,219,0,1051,267,0,405,1052,485,0,aro,lean_forward,1
853,1786866275.435937,0,427,661,715,628,413,227,457,37,0,616,627,662,607,473,709,317,571,653,595,650,616,543,219,0,1049,268,0,403,1041,484,0,aro,lean_forward,1
854,1786866275.455592,0,435,661,713,627,413,227,457,36,0,613,622,665,606,485,711,317,570,655,594,651,616,541,221,0,1053,268,0,403,1041,483,0,aro,lean_forward,1
855,1786866275.475520,0,437,659,713,627,411,229,458,31,0,613,627,663,610,479,710,325,569,653,595,651,615,553,227,0,1048,277,0,400,1041,485,0,aro,lean_forward,1
856,1786866275.495479,0,431,661,713,635,413,234,459,35,0,612,635,663,607,479,695,319,569,653,595,651,615,555,221,0,1041,267,0,401,1041,485,0,aro,lean_forward,1
857,1786866275.515484,0,435,661,713,629,412,227,457,36,0,611,623,661,605,474,709,319,571,653,595,650,615,541,221,0,1044,269,0,401,1041,501,0,aro,lean_forward,1
858,1786866275.535541,0,435,660,713,631,411,226,458,28,0,616,625,663,605,488,713,315,570,652,595,650,615,540,221,0,1049,269,0,401,1035,487,0,aro,lean_forward,1
859,1786866275.555460,0,432,660,713,631,413,227,457,33,0,611,631,662,605,473,715,316,571,651,594,651,616,543,219,0,1055,269,0,399,1050,487,0,aro,lean_forward,1
860,1786866275.575495,0,435,660,714,630,411,227,457,35,0,614,631,663,607,479,715,315,571,652,595,650,615,541,221,0,1051,268,0,403,1041,485,0,aro,lean_forward,1
861,1786866275.595483,0,431,659,715,627,421,227,456,33,0,599,620,665,606,479,709,329,570,668,595,651,615,541,223,0,1054,267,0,401,1041,489,0,aro,lean_forward,1
862,1786866275.615469,0,431,660,713,623,410,219,459,35,0,611,626,661,605,479,703,317,571,650,595,651,615,541,219,0,1053,270,0,403,1041,483,0,aro,lean_forward,1
863,1786866275.635536,0,427,659,713,628,412,227,459,37,0,605,629,662,605,465,710,320,570,651,595,651,616,541,221,0,1043,267,0,398,1042,483,0,aro,lean_forward,1
864,1786866275.655527,0,427,659,713,627,414,231,459,31,0,610,623,661,605,477,711,316,571,647,596,651,617,539,221,0,1051,267,0,399,1041,475,0,aro,lean_forward,1
865,1786866275.675544,0,426,659,713,624,413,231,461,35,0,613,621,662,606,479,711,329,571,649,595,651,617,543,221,0,1051,267,0,399,1041,483,0,aro,lean_forward,1
866,1786866275.695488,0,426,659,714,629,412,234,461,35,0,613,628,663,605,477,711,315,571,634,595,651,617,541,220,0,1047,268,0,402,1041,485,0,aro,lean_forward,1
867,1786866275.714826,0,425,659,714,630,412,221,461,35,0,614,627,662,611,477,711,319,571,651,595,651,615,542,221,0,1049,268,0,403,1041,495,0,aro,lean_forward,1
868,1786866275.735654,0,425,661,713,629,413,233,462,36,0,614,627,663,605,476,711,316,570,652,595,651,616,541,223,0,1049,269,0,403,1041,483,0,aro,lean_forward,1
869,1786866275.755476,0,421,659,713,627,413,231,463,33,0,613,629,661,607,477,708,316,571,654,597,651,617,541,227,0,1048,268,0,404,1039,485,0,aro,lean_forward,1
870,1786866275.775538,0,421,661,713,629,407,237,462,36,0,603,629,661,603,482,713,317,571,655,595,651,616,541,219,0,1051,267,0,404,1041,493,0,aro,lean_forward,1
871,1786866275.795472,0,421,659,714,622,425,229,467,35,0,615,645,665,606,477,715,315,570,653,595,651,616,543,226,0,1063,269,0,399,1041,487,0,aro,lean_forward,1
872,1786866275.815567,0,423,661,713,623,415,229,465,37,0,613,621,663,607,477,715,323,571,661,596,651,616,541,225,0,1049,269,0,402,1039,499,0,aro,lean_forward,1
873,1786866275.835689,0,423,659,713,629,413,229,460,37,0,611,623,663,605,490,712,319,570,653,593,651,615,543,222,0,1051,267,0,403,1041,486,0,aro,lean_forward,1
874,1786866275.855497,0,425,661,711,628,414,231,463,37,0,617,622,663,605,478,711,303,569,653,597,651,615,540,227,0,1053,267,0,403,1041,485,0,aro,lean_forward,1
875,1786866275.875485,0,423,661,713,628,411,231,457,35,0,621,629,664,607,478,711,307,571,654,595,651,617,543,224,0,1053,269,0,399,1041,487,0,aro,lean_forward,1
876,1786866275.894798,0,429,661,713,632,416,230,465,36,0,611,629,663,610,479,719,319,571,652,596,651,617,541,223,0,1047,269,0,399,1041,491,0,aro,lean_forward,1
877,1786866275.914567,0,434,661,713,627,413,231,465,38,0,621,611,660,606,477,712,325,571,652,596,651,616,541,223,0,1049,269,0,396,1041,485,0,aro,lean_forward,1
878,1786866275.935451,0,437,663,713,627,412,229,461,36,0,632,613,661,611,479,711,313,571,653,595,651,617,542,223,0,1047,269,0,396,1041,479,0,aro,lean_forward,1
879,1786866275.955468,0,439,661,711,627,413,231,461,35,0,614,613,659,609,477,717,316,571,652,595,651,616,537,221,0,1039,270,0,393,1039,489,0,aro,lean_forward,1
880,1786866275.975486,0,439,660,715,633,411,227,463,33,0,612,629,663,607,481,723,317,571,657,595,651,616,540,223,0,1055,271,0,393,1039,487,0,aro,lean_forward,1
881,1786866275.995461,0,440,663,714,623,411,228,461,31,0,617,629,663,610,477,714,315,571,653,595,651,616,541,219,0,1047,267,0,393,1039,486,0,aro,lean_forward,1
882,1786866276.015499,0,442,662,713,629,411,227,459,29,0,616,619,662,607,479,711,318,571,651,595,651,615,539,222,0,1051,269,0,392,1039,485,0,aro,lean_forward,1
883,1786866276.035653,0,441,663,713,627,411,227,459,31,0,613,628,663,607,479,695,319,571,653,595,651,617,520,225,0,1051,269,0,391,1039,479,0,aro,lean_forward,1
884,1786866276.055584,0,441,661,715,627,409,227,461,31,0,613,628,661,605,478,722,319,571,653,595,649,615,542,219,0,1039,270,0,392,1039,489,0,aro,lean_forward,1
885,1786866276.075497,0,441,663,713,635,410,227,457,34,0,613,627,662,606,477,714,318,571,654,595,651,617,547,221,0,1064,267,0,393,1039,487,0,aro,lean_forward,1
886,1786866276.095475,0,443,660,713,628,405,227,460,35,0,615,635,662,607,483,711,325,569,659,595,651,615,543,219,0,1047,268,0,393,1041,477,0,aro,lean_forward,1
887,1786866276.115507,0,441,659,713,617,411,227,459,33,0,615,621,664,606,479,717,317,571,658,595,650,616,542,221,0,1063,268,0,393,1039,485,0,aro,lean_forward,1
888,1786866276.135628,0,440,662,715,627,408,227,455,31,0,613,627,662,605,477,718,319,571,649,595,651,615,541,219,0,1049,265,0,393,1039,483,0,aro,lean_forward,1
889,1786866276.155490,0,439,660,715,628,409,223,457,31,0,613,627,663,605,479,711,319,571,654,595,650,615,543,234,0,1049,269,0,393,1039,486,0,aro,lean_forward,1
890,1786866276.175580,0,443,660,715,627,409,227,455,31,0,613,627,671,609,478,710,319,571,655,595,651,615,540,223,0,1051,265,0,392,1041,489,0,aro,lean_forward,1
891,1786866276.195464,0,441,659,714,627,409,227,456,31,0,612,628,661,607,478,711,317,571,653,595,650,617,543,223,0,1039,268,0,393,1039,485,0,aro,lean_forward,1
892,1786866276.215462,0,443,661,713,629,405,227,466,31,0,613,623,661,607,476,713,325,571,655,595,651,616,543,221,0,1072,269,0,393,1041,487,0,aro,lean_forward,1
893,1786866276.235533,0,444,657,713,623,409,229,459,31,0,611,623,664,607,477,712,319,567,658,597,651,617,541,223,0,1047,268,0,394,1041,485,0,aro,lean_forward,1
894,1786866276.255531,0,447,661,715,632,407,227,459,33,0,613,625,661,606,479,703,316,570,653,595,651,616,541,215,0,1041,267,0,395,1039,483,0,aro,lean_forward,1
895,1786866276.275502,0,453,661,714,629,411,229,457,31,0,623,633,663,605,477,711,325,573,654,595,651,616,529,223,0,1052,271,0,393,1039,489,0,aro,lean_forward,1
896,1786866276.295459,0,453,667,715,627,411,227,469,31,0,615,627,664,610,478,713,319,570,655,595,651,615,541,219,0,1051,271,0,393,1039,487,0,aro,lean_forward,1
897,1786866276.315511,0,455,655,716,629,408,227,455,31,0,614,629,653,611,479,716,320,571,653,595,651,615,542,219,0,1051,269,0,392,1041,479,0,aro,lean_forward,1
898,1786866276.335616,0,453,675,716,629,411,227,453,31,0,613,629,663,605,479,713,319,571,652,595,651,615,543,219,0,1050,271,0,393,1039,483,0,aro,lean_forward,1
899,1786866276.355496,0,455,667,715,627,410,229,455,27,0,611,627,665,607,481,714,319,571,652,593,651,617,549,233,0,1053,275,0,393,1043,486,0,aro,lean_forward,1
900,1786866276.375541,0,453,663,715,627,412,223,447,41,0,611,629,663,606,484,713,317,571,651,595,651,615,541,220,0,1049,270,0,393,1039,484,0,aro,lean_forward,1
901,1786866276.395476,0,454,663,715,629,412,228,457,30,0,613,628,666,611,479,725,325,571,655,595,651,616,543,221,0,1049,269,0,395,1041,489,0,aro,lean_forward,1
902,1786866276.415469,0,447,661,713,629,412,227,455,31,0,613,627,663,609,478,715,318,571,655,595,651,616,541,219,0,1051,269,0,395,1039,477,0,aro,lean_forward,1
903,1786866276.435512,0,447,667,715,628,413,227,455,30,0,613,628,659,605,479,711,323,571,655,595,651,616,540,220,0,1051,269,0,395,1042,478,0,aro,lean_forward,1
904,1786866276.455475,0,443,661,713,633,414,226,454,29,0,615,628,663,607,483,725,315,571,651,593,651,615,537,225,0,1053,274,0,394,1043,487,0,aro,lean_forward,1
905,1786866276.475503,0,442,662,715,628,412,227,455,30,0,617,629,663,609,482,713,317,568,653,600,651,613,539,215,0,1051,267,0,394,1042,487,0,aro,lean_forward,1
906,1786866276.495490,0,444,653,715,628,411,227,455,31,0,613,629,663,613,479,713,318,571,653,595,651,617,541,221,0,1049,239,0,397,1044,487,0,aro,lean_forward,1
907,1786866276.515474,0,441,663,717,629,413,227,453,30,0,613,627,660,605,482,713,319,572,660,597,651,617,539,223,0,1049,269,0,397,1041,473,0,aro,lean_forward,1
908,1786866276.535555,0,443,663,715,629,413,227,453,29,0,614,629,664,610,478,713,319,571,653,595,651,616,542,223,0,1051,274,0,398,1041,479,0,aro,lean_forward,1
909,1786866276.555493,0,444,661,713,627,413,229,461,31,0,613,623,659,611,477,713,318,571,653,597,651,617,541,222,0,1048,267,0,397,1041,486,0,aro,lean_forward,1
910,1786866276.575478,0,441,661,714,628,415,227,455,31,0,613,627,665,609,483,713,319,571,651,591,651,617,543,220,0,1049,269,0,398,1041,488,0,aro,lean_forward,1
911,1786866276.595453,0,442,663,715,629,415,227,453,29,0,613,627,660,611,478,713,319,571,651,594,651,616,539,220,0,1050,273,0,399,1041,488,0,aro,lean_forward,1
912,1786866276.615467,0,441,663,715,629,413,227,455,30,0,613,628,663,605,479,713,319,571,653,595,651,617,543,227,0,1051,269,0,398,1042,481,0,aro,lean_forward,1
913,1786866276.635594,0,441,663,714,629,413,228,459,31,0,613,628,659,607,478,713,319,571,654,595,651,616,542,215,0,1050,269,0,399,1041,487,0,aro,lean_forward,1
914,1786866276.655458,0,443,663,715,629,415,227,453,31,0,615,628,664,605,485,717,325,571,637,591,651,617,541,227,0,1051,271,0,399,1039,485,0,aro,lean_forward,1
915,1786866276.675484,0,441,657,713,629,411,227,455,31,0,613,629,661,605,479,712,319,571,655,596,651,616,541,223,0,1049,266,0,399,1043,488,0,aro,lean_forward,1
916,1786866276.695157,0,438,665,715,628,412,227,446,30,0,615,629,658,606,479,713,317,571,657,597,651,615,543,223,0,1051,269,0,398,1039,483,0,aro,lean_forward,1
917,1786866276.715469,0,441,661,714,629,413,228,454,31,0,614,630,661,611,482,713,319,571,649,595,651,616,537,226,0,1051,270,0,398,1042,487,0,aro,lean_forward,1
918,1786866276.735597,0,448,663,715,629,412,233,455,29,0,612,628,661,607,467,717,326,572,651,595,651,615,541,223,0,1047,272,0,401,1041,489,0,aro,lean_forward,1
919,1786866276.754811,0,439,661,715,628,414,227,453,31,0,613,629,665,607,479,714,319,571,659,596,651,617,541,222,0,1051,271,0,399,1039,487,0,aro,lean_forward,1
920,1786866276.775517,0,443,661,714,629,423,227,455,31,0,615,628,662,607,477,713,319,573,654,595,651,618,547,223,0,1051,274,0,401,1042,483,0,aro,lean_forward,1
921,1786866276.795454,0,438,663,715,629,411,227,443,30,0,615,627,661,611,479,713,319,573,654,595,649,617,549,221,0,1049,273,0,399,1041,485,0,aro,lean_forward,1
922,1786866276.815489,0,443,663,717,629,415,228,453,30,0,613,628,661,611,479,712,317,569,653,595,651,615,547,221,0,1051,269,0,399,1043,487,0,aro,lean_forward,1
923,1786866276.835698,0,442,662,715,627,419,233,453,30,0,609,627,663,616,483,711,317,571,658,597,651,615,541,221,0,1053,268,0,399,1041,477,0,aro,lean_forward,1
924,1786866276.855577,0,452,657,715,628,415,227,452,31,0,614,627,663,607,479,712,318,569,654,597,651,617,543,221,0,1051,267,0,398,1041,489,0,aro,lean_forward,1
925,1786866276.875529,0,442,659,715,629,407,227,453,30,0,613,629,661,611,482,713,319,571,654,595,650,617,543,221,0,1051,269,0,399,1041,476,0,aro,lean_forward,1
926,1786866276.895458,0,443,662,715,627,415,228,441,31,0,614,628,660,617,482,713,319,571,654,595,650,617,541,220,0,1051,268,0,399,1039,488,0,aro,lean_forward,1
927,1786866276.915492,0,441,661,713,629,415,228,453,30,0,614,627,665,607,481,714,318,571,653,596,649,615,553,209,0,1050,271,0,397,1041,488,0,aro,lean_forward,1
928,1786866276.935645,0,439,663,714,630,421,228,457,30,0,615,627,663,611,479,713,319,573,654,596,651,617,541,226,0,1051,271,0,399,1041,491,0,aro,lean_forward,1
929,1786866276.955508,0,441,663,715,628,415,228,455,29,0,613,629,664,606,479,713,325,571,653,597,652,618,543,227,0,1053,269,0,403,1041,488,0,aro,lean_forward,1
930,1786866276.975469,0,441,658,715,629,414,229,459,30,0,614,629,663,613,483,713,319,571,655,596,651,618,537,217,0,1051,271,0,399,1041,489,0,aro,lean_forward,1
931,1786866276.995436,0,442,661,715,628,413,228,455,29,0,614,629,637,610,479,714,319,573,653,595,651,616,549,236,0,1051,280,0,401,1041,489,0,aro,lean_forward,1
932,1786866277.015541,0,439,659,718,628,414,228,455,31,0,613,627,665,607,481,713,319,571,654,597,651,616,541,235,0,1051,269,0,399,1035,487,0,aro,lean_forward,1
933,1786866277.035610,0,441,661,711,629,410,229,460,30,0,617,629,663,607,479,716,326,572,655,597,651,621,539,219,0,1052,269,0,397,1041,484,0,aro,lean_forward,1
934,1786866277.055476,0,439,660,716,629,414,229,453,29,0,615,629,671,610,483,713,325,571,657,596,651,617,543,221,0,1051,285,0,399,1041,487,0,aro,lean_forward,1
935,1786866277.075562,0,440,659,713,629,415,227,455,31,0,613,627,669,606,481,714,319,571,657,597,651,616,541,226,0,1051,282,0,402,1041,489,0,aro,lean_forward,1
936,1786866277.095509,0,439,671,715,629,413,228,455,31,0,613,629,659,607,478,713,319,571,653,597,651,617,539,231,0,1051,286,0,399,1041,489,0,aro,lean_forward,1
937,1786866277.115470,0,442,664,711,629,413,235,455,31,0,613,629,663,607,479,713,327,569,657,593,651,617,539,227,0,1054,269,0,403,1041,488,0,aro,lean_forward,1
938,1786866277.135469,0,439,661,716,630,415,227,447,30,0,614,629,660,611,479,713,319,572,654,595,650,616,543,223,0,1050,270,0,403,1041,483,0,aro,lean_forward,1
939,1786866277.155545,0,441,663,714,629,414,227,453,31,0,613,629,663,610,481,715,320,571,653,594,649,615,540,223,0,1051,261,0,398,1041,488,0,aro,lean_forward,1
940,1786866277.175532,0,443,663,712,629,415,227,452,31,0,613,629,662,605,479,713,324,569,653,597,651,619,542,223,0,1051,263,0,402,1043,489,0,aro,lean_forward,1
941,1786866277.195457,0,443,662,716,629,415,227,446,29,0,613,629,661,611,483,713,319,572,653,591,650,617,541,223,0,1051,268,0,403,1043,489,0,aro,lean_forward,1
942,1786866277.215505,0,441,665,718,628,415,227,444,30,0,619,629,655,607,483,713,328,569,655,597,651,615,542,220,0,1055,269,0,401,1042,487,0,aro,lean_forward,1
943,1786866277.235561,0,443,660,715,629,413,224,444,29,0,615,627,655,607,479,712,319,571,653,597,651,615,543,221,0,1051,275,0,399,1043,489,0,aro,lean_forward,1
944,1786866277.254765,0,444,667,715,629,413,226,444,29,0,615,629,661,613,483,713,325,571,654,595,651,615,547,219,0,1051,269,0,401,1043,488,0,aro,lean_forward,1
945,1786866277.275551,0,445,663,716,629,415,227,443,28,0,615,627,663,607,477,713,319,573,654,583,651,619,541,219,0,1051,267,0,404,1039,489,0,aro,lean_forward,1
946,1786866277.295490,0,443,663,717,629,413,227,443,30,0,614,628,663,611,479,713,319,571,655,596,649,617,541,219,0,1051,270,0,401,1043,488,0,aro,lean_forward,1
947,1786866277.315497,0,447,664,716,629,413,225,444,28,0,615,629,661,607,481,710,313,569,655,595,651,617,540,219,0,1053,267,0,402,1041,489,0,aro,lean_forward,1
948,1786866277.335499,0,445,653,716,629,413,226,443,29,0,614,629,667,607,479,713,319,572,654,598,651,615,541,219,0,1051,279,0,401,1041,487,0,aro,lean_forward,1
949,1786866277.355499,0,440,663,715,629,413,223,444,28,0,613,627,661,603,479,713,318,573,655,595,650,617,543,219,0,1051,267,0,402,1019,486,0,aro,lean_forward,1
950,1786866277.375487,0,445,663,719,630,415,227,443,29,0,615,629,665,605,483,713,317,574,653,597,651,614,542,219,0,1049,271,0,402,1041,488,0,aro,lean_forward,1
951,1786866277.395441,0,445,669,715,629,415,227,445,29,0,615,629,659,605,479,713,319,571,653,595,651,618,541,220,0,1052,282,0,401,1041,489,0,aro,lean_forward,1
952,1786866277.415479,0,447,661,715,629,413,227,445,29,0,613,628,664,612,479,712,319,571,653,595,652,616,541,205,0,1056,275,0,403,1039,486,0,aro,lean_forward,1
953,1786866277.435487,0,456,663,716,629,413,226,447,29,0,614,629,665,610,477,713,318,568,654,597,651,616,541,221,0,1051,265,0,403,1041,487,0,aro,lean_forward,1
954,1786866277.455454,0,443,663,716,630,413,227,447,29,0,614,629,665,611,477,714,319,571,653,595,652,618,541,221,0,1051,271,0,403,1043,488,0,aro,lean_forward,1
955,1786866277.475524,0,441,663,715,629,413,227,447,28,0,613,629,663,605,479,713,319,573,655,596,652,615,541,219,0,1051,269,0,403,1043,487,0,aro,lean_forward,1
956,1786866277.495478,0,445,663,715,627,413,227,447,30,0,615,629,664,607,477,711,318,571,653,598,651,613,541,221,0,1052,282,0,403,1041,487,0,aro,lean_forward,1
957,1786866277.515496,0,444,663,715,629,415,227,447,30,0,614,629,660,603,481,713,319,573,653,595,651,615,541,221,0,1049,264,0,403,1047,488,0,aro,lean_forward,1
958,1786866277.535338,0,445,663,715,629,415,227,446,29,0,614,628,662,603,479,711,325,571,653,596,650,618,541,220,0,1049,271,0,399,1039,487,0,aro,lean_forward,1
959,1786866277.555498,0,444,663,717,629,413,227,447,30,0,613,629,662,607,483,713,319,571,653,595,651,615,541,221,0,1051,269,0,402,1047,487,0,aro,lean_forward,1
960,1786866277.575464,0,452,663,717,629,413,225,447,29,0,613,628,661,611,483,713,319,569,653,586,651,619,541,221,0,1052,268,0,398,1041,488,0,aro,lean_forward,1
961,1786866277.595447,0,447,663,713,629,413,227,452,29,0,614,629,663,604,483,713,319,573,653,597,651,612,541,221,0,1051,266,0,401,1041,487,0,aro,lean_forward,1
962,1786866277.615488,0,447,663,714,628,415,228,453,30,0,615,629,661,611,479,712,325,572,653,589,652,616,542,219,0,1051,274,0,403,1041,487,0,aro,lean_forward,1
963,1786866277.635557,0,447,663,709,629,413,227,447,30,0,615,628,661,612,477,713,319,569,654,596,649,615,543,221,0,1049,269,0,401,1041,487,0,aro,lean_forward,1
964,1786866277.655464,0,453,663,715,629,413,227,453,31,0,614,629,664,595,482,713,325,571,655,595,651,617,541,221,0,1051,275,0,393,1039,487,0,aro,lean_forward,1
965,1786866277.675516,0,457,663,718,629,414,228,455,31,0,613,628,664,611,481,713,319,569,653,591,651,617,541,221,0,1051,269,0,396,1033,486,0,aro,lean_forward,1
966,1786866277.695469,0,455,661,715,628,413,228,456,31,0,615,629,665,607,482,714,318,570,655,597,650,613,541,221,0,1051,262,0,396,1035,485,0,aro,lean_forward,1
967,1786866277.715445,0,442,661,716,629,413,229,455,29,0,615,627,661,611,483,713,319,569,654,597,651,615,541,223,0,1050,269,0,397,1039,493,0,aro,lean_forward,1
968,1786866277.735651,0,443,661,718,627,413,228,458,35,0,615,629,663,617,477,713,317,572,655,595,651,615,541,221,0,1051,267,0,395,1035,487,0,aro,lean_forward,1
969,1786866277.755289,0,439,661,715,627,413,229,458,35,0,612,627,665,605,476,712,319,571,655,595,651,619,541,221,0,1051,273,0,394,1039,487,0,aro,lean_forward,1
970,1786866277.775501,0,440,663,713,629,413,229,459,35,0,613,628,665,595,481,712,325,570,654,589,651,617,542,223,0,1051,274,0,399,1041,487,0,aro,lean_forward,1
971,1786866277.795468,0,427,661,715,628,415,229,459,33,0,613,627,665,605,479,709,318,573,654,589,651,618,542,227,0,1049,269,0,398,1041,487,0,aro,lean_forward,1
972,1786866277.815526,0,437,661,714,629,407,231,459,36,0,614,631,663,597,479,713,315,570,654,587,651,615,541,221,0,1051,271,0,403,1039,485,0,aro,lean_forward,1
973,1786866277.835536,0,435,661,714,629,413,229,461,35,0,615,627,675,609,479,711,317,565,655,595,651,603,541,227,0,1047,255,0,399,1041,487,0,aro,lean_forward,1
974,1786866277.855454,0,435,661,724,628,413,229,461,36,0,613,628,659,614,479,713,319,571,653,573,652,615,541,228,0,1051,267,0,399,1039,487,0,aro,lean_forward,1
975,1786866277.875521,0,435,662,715,628,413,231,461,37,0,613,629,663,614,482,713,317,574,655,595,651,634,542,227,0,1055,268,0,401,1042,488,0,aro,lean_forward,1
976,1786866277.895444,0,436,661,713,629,413,229,461,37,0,613,627,659,605,479,713,319,573,655,603,651,617,543,227,0,1051,271,0,397,1039,487,0,aro,lean_forward,1
977,1786866277.915456,0,435,661,711,629,411,228,461,37,0,613,630,663,605,481,713,325,573,655,591,651,619,542,231,0,1050,275,0,393,1039,475,0,aro,lean_forward,1
978,1786866277.935571,0,437,662,711,627,415,229,461,37,0,611,629,665,610,480,712,325,572,653,599,651,616,542,228,0,1049,269,0,393,1039,486,0,aro,lean_forward,1
979,1786866277.955471,0,436,661,715,628,412,229,461,37,0,613,629,662,595,479,713,324,583,654,595,652,617,541,227,0,1049,269,0,397,1035,487,0,aro,lean_forward,1
980,1786866277.975463,0,437,661,715,629,413,229,461,38,0,615,629,661,621,483,712,327,571,657,588,652,617,541,227,0,1051,269,0,395,1039,487,0,aro,lean_forward,1
981,1786866277.995487,0,438,661,713,628,413,229,463,37,0,614,628,661,600,479,713,327,563,653,595,651,617,541,227,0,1049,273,0,397,1039,488,0,aro,lean_forward,1
982,1786866278.015496,0,437,661,717,628,413,227,461,37,0,613,623,663,607,479,713,319,573,653,595,651,617,543,229,0,1049,267,0,399,1039,487,0,aro,lean_forward,1
983,1786866278.035532,0,437,661,714,628,411,229,462,36,0,612,629,675,607,477,712,319,571,654,595,649,619,541,227,0,1047,269,0,395,1041,487,0,aro,lean_forward,1
984,1786866278.055447,0,439,661,715,629,413,229,463,37,0,611,629,671,605,479,713,325,580,653,594,650,617,541,228,0,1049,253,0,395,1039,487,0,aro,lean_forward,1
985,1786866278.074950,0,439,662,715,629,412,229,463,37,0,613,623,661,611,477,712,325,568,655,591,651,617,543,228,0,1048,267,0,373,1023,485,0,aro,lean_forward,1
986,1786866278.095467,0,441,661,715,629,413,229,462,36,0,615,627,671,603,482,711,325,559,653,591,651,609,541,229,0,1047,274,0,399,1039,486,0,aro,lean_forward,1
987,1786866278.115445,0,441,661,718,627,413,229,465,37,0,613,628,663,607,477,713,318,571,654,607,651,618,543,227,0,1049,277,0,395,1041,483,0,aro,lean_forward,1
988,1786866278.135699,0,443,661,715,629,412,230,461,35,0,613,628,662,606,477,713,319,572,653,597,650,617,541,227,0,1049,268,0,393,1035,486,0,aro,lean_forward,1
989,1786866278.155476,0,441,663,716,627,411,227,463,37,0,613,629,653,601,479,711,317,570,654,593,651,635,541,226,0,1049,269,0,393,1041,486,0,aro,lean_forward,1
990,1786866278.175519,0,443,661,715,629,413,231,467,35,0,614,627,661,606,481,713,319,571,654,595,651,617,541,226,0,1048,270,0,398,1039,485,0,aro,lean_forward,1
991,1786866278.195558,0,444,661,715,624,413,231,467,37,0,611,629,658,606,477,713,319,570,649,591,649,615,541,226,0,1045,270,0,389,1042,485,0,aro,lean_forward,1
992,1786866278.215465,0,443,661,713,627,413,231,469,38,0,613,629,653,609,477,712,323,568,653,597,651,619,542,231,0,1049,269,0,392,1039,485,0,aro,lean_forward,1
993,1786866278.235587,0,443,661,715,629,413,231,471,37,0,607,627,663,607,477,710,318,569,653,594,650,615,541,235,0,1047,269,0,391,1041,487,0,aro,lean_forward,1
994,1786866278.254752,0,441,661,715,629,415,231,472,38,0,611,628,659,607,479,711,319,571,659,593,651,618,541,243,0,1046,250,0,393,1039,487,0,aro,lean_forward,1
995,1786866278.275534,0,441,661,716,629,414,233,471,39,0,617,628,659,607,474,711,319,573,653,591,651,615,547,251,0,1049,267,0,394,1039,484,0,aro,lean_forward,1
996,1786866278.295453,0,441,661,715,629,414,231,473,39,0,610,628,661,609,475,713,318,571,653,595,651,616,542,253,0,1045,277,0,397,1039,487,0,aro,lean_forward,1
997,1786866278.315463,0,439,661,715,629,413,232,473,39,0,613,630,667,609,477,712,325,569,651,601,650,617,542,255,0,1048,267,0,399,1039,486,0,aro,lean_forward,1
998,1786866278.335545,0,440,662,715,628,415,232,472,37,0,613,629,663,605,479,711,317,571,657,595,651,617,541,255,0,1047,269,0,395,1039,488,0,aro,lean_forward,1
999,1786866278.355469,0,442,661,715,630,415,233,474,39,0,611,627,661,609,481,713,319,571,654,597,650,616,541,255,0,1049,267,0,399,1039,488,0,aro,lean_forward,1
1000,1786866278.375462,0,441,661,715,628,415,233,473,37,0,612,627,663,605,482,712,325,573,657,598,651,615,542,251,0,1049,269,0,401,1039,488,0,aro,lean_forward,1
1001,1786866278.395457,0,441,661,715,629,419,233,471,38,0,615,628,661,611,483,713,325,576,652,607,651,614,543,242,0,1049,269,0,397,1039,487,0,aro,lean_forward,1
1002,1786866278.415451,0,441,663,715,629,419,231,470,37,0,613,627,667,607,478,712,317,572,653,597,651,616,541,233,0,1050,268,0,396,1021,487,0,aro,lean_forward,1
1003,1786866278.435572,0,441,662,715,629,415,231,469,36,0,615,629,661,607,483,713,319,568,653,589,651,616,541,231,0,1053,269,0,392,1039,487,0,aro,lean_forward,1
1004,1786866278.455478,0,441,661,715,629,415,230,469,35,0,615,628,663,607,483,709,318,571,653,597,651,617,541,231,0,1049,269,0,403,1039,487,0,aro,lean_forward,1
1005,1786866278.475588,0,441,661,716,629,414,233,469,46,0,615,623,663,607,479,713,318,569,651,605,651,615,541,230,0,1052,268,0,395,1039,485,0,aro,lean_forward,1
1006,1786866278.495449,0,443,663,715,629,415,231,469,31,0,617,625,662,607,476,715,335,571,659,596,649,616,541,231,0,1051,269,0,381,1041,487,0,aro,lean_forward,1
1007,1786866278.515433,0,443,661,715,629,415,231,469,27,0,613,623,661,611,478,711,318,573,655,581,651,616,541,231,0,1049,269,0,397,1041,488,0,aro,lean_forward,1
1008,1786866278.535526,0,441,661,715,629,415,233,471,35,0,614,629,664,607,477,711,319,570,658,600,651,615,540,233,0,1049,267,0,407,1045,488,0,aro,lean_forward,1
1009,1786866278.555469,0,441,661,715,629,415,234,472,36,0,611,628,663,605,477,709,315,571,658,601,651,616,541,236,0,1046,269,0,399,1043,489,0,aro,lean_forward,1
1010,1786866278.575471,0,442,661,714,629,419,231,471,37,0,613,623,663,607,477,711,318,573,653,601,651,618,543,237,0,1052,268,0,403,1041,485,0,aro,lean_forward,1
1011,1786866278.595457,0,440,661,716,629,415,233,471,37,0,611,629,663,607,478,712,326,571,653,599,651,613,543,239,0,1051,269,0,405,1042,486,0,aro,lean_forward,1
1012,1786866278.615447,0,440,661,715,629,417,231,471,40,0,613,623,661,611,479,713,319,575,653,591,651,620,542,241,0,1051,269,0,408,1041,488,0,aro,lean_forward,1
1013,1786866278.635571,0,439,661,717,631,419,232,471,37,0,614,629,664,606,479,711,319,560,655,597,651,617,541,243,0,1052,269,0,405,1042,487,0,aro,lean_forward,1
1014,1786866278.655504,0,439,659,716,626,416,233,471,35,0,616,623,663,607,485,711,319,571,659,596,651,618,539,244,0,1052,268,0,409,1043,488,0,aro,lean_forward,1
1015,1786866278.675485,0,439,661,715,631,415,231,469,37,0,615,627,663,607,490,713,326,567,657,597,651,616,543,240,0,1051,269,0,410,1041,487,0,aro,lean_forward,1
1016,1786866278.695454,0,439,663,715,629,421,230,470,37,0,600,623,663,610,479,711,319,584,655,596,651,627,543,237,0,1049,270,0,407,1043,488,0,aro,lean_forward,1
1017,1786866278.715441,0,439,663,715,631,421,232,468,39,0,613,629,659,606,477,712,319,573,655,599,651,617,541,237,0,1051,269,0,409,1043,491,0,aro,lean_forward,1
1018,1786866278.735723,0,439,661,715,627,421,233,467,35,0,615,627,661,605,479,714,317,574,658,596,651,626,542,233,0,1051,269,0,406,1045,487,0,aro,lean_forward,1
1019,1786866278.755455,0,439,661,716,629,421,231,467,39,0,614,629,661,607,479,713,317,571,655,594,651,613,541,232,0,1052,270,0,411,1043,488,0,aro,lean_forward,1
1020,1786866278.774790,0,439,662,716,630,421,233,467,38,0,617,629,663,607,483,713,317,571,653,594,651,618,541,232,0,1052,269,0,412,1043,488,0,aro,lean_forward,1
1021,1786866278.795486,0,440,662,716,629,420,243,467,30,0,615,626,648,609,499,711,315,573,659,595,651,603,539,232,0,1050,269,0,411,1042,485,0,aro,lean_forward,1
1022,1786866278.815475,0,438,661,716,629,419,231,461,31,0,613,626,662,609,461,712,319,583,658,597,652,619,542,233,0,1050,269,0,410,1042,487,0,aro,lean_forward,1
1023,1786866278.835451,0,436,660,715,631,421,231,460,31,0,613,631,663,613,477,713,317,571,655,583,651,616,542,233,0,1051,268,0,409,1043,488,0,aro,lean_forward,1
1024,1786866278.855474,0,437,663,715,633,419,231,460,30,0,613,621,665,607,477,712,328,575,655,595,651,617,543,233,0,1049,269,0,414,1041,489,0,aro,lean_forward,1
1025,1786866278.875456,0,437,663,716,629,421,233,461,30,0,615,627,661,609,487,711,315,575,653,595,651,619,542,235,0,1051,269,0,413,1043,488,0,aro,lean_forward,1
1026,1786866278.895422,0,436,661,715,627,421,230,461,29,0,615,627,662,607,489,713,315,567,653,596,651,615,541,233,0,1048,269,0,413,1044,486,0,aro,lean_forward,1
1027,1786866278.915495,0,437,661,715,630,420,232,461,29,0,615,627,664,607,479,713,317,581,655,595,651,607,541,231,0,1048,269,0,408,1043,488,0,aro,lean_forward,1
1028,1786866278.935510,0,437,661,717,629,421,231,463,30,0,615,635,662,607,479,713,319,571,655,595,651,617,542,231,0,1051,269,0,413,1043,487,0,aro,lean_forward,1
1029,1786866278.955433,0,435,662,715,629,419,231,461,30,0,613,631,663,607,481,713,316,572,651,605,651,616,543,233,0,1051,269,0,413,1043,490,0,aro,lean_forward,1
1030,1786866278.975488,0,437,661,715,631,421,229,465,33,0,605,629,661,607,487,711,317,574,653,595,651,614,541,234,0,1049,269,0,413,1044,489,0,aro,lean_forward,1
1031,1786866278.995442,0,434,661,715,629,421,232,465,31,0,603,613,663,607,476,710,325,568,653,597,650,617,541,234,0,1049,267,0,421,1043,488,0,aro,lean_forward,1
1032,1786866279.015451,0,431,661,715,631,421,233,467,30,0,605,645,661,607,479,710,315,571,658,595,651,616,543,234,0,1052,269,0,425,1043,489,0,aro,lean_forward,1
1033,1786866279.035662,0,431,663,715,629,421,231,461,29,0,615,629,667,609,479,709,316,570,657,595,651,617,541,237,0,1045,269,0,415,1044,488,0,aro,lean_forward,1
1034,1786866279.055460,0,429,662,715,629,421,231,462,31,0,615,628,661,607,480,712,313,571,655,596,651,617,542,233,0,1051,269,0,415,1045,485,0,aro,lean_forward,1
1035,1786866279.074874,0,429,662,715,624,421,233,461,31,0,605,627,659,607,475,723,315,568,653,595,651,617,541,235,0,1055,269,0,423,1044,487,0,aro,lean_forward,1
1036,1786866279.095458,0,427,661,715,631,421,233,459,31,0,601,605,659,607,478,711,313,573,654,595,652,629,541,234,0,1049,267,0,411,1043,485,0,aro,lean_forward,1
1037,1786866279.115488,0,427,661,715,629,421,233,459,31,0,607,623,660,611,474,712,315,571,657,595,651,617,539,233,0,1049,268,0,415,1043,490,0,aro,lean_forward,1
1038,1786866279.135405,0,427,662,715,637,423,230,457,30,0,612,623,661,607,473,709,316,571,655,596,651,617,542,235,0,1042,268,0,421,1043,489,0,aro,lean_forward,1
1039,1786866279.155468,0,427,658,715,629,421,231,456,30,0,613,626,661,607,477,711,312,571,655,597,651,617,542,235,0,1051,269,0,416,1045,488,0,aro,lean_forward,1
1040,1786866279.175553,0,426,663,715,631,421,231,457,30,0,615,620,659,606,477,713,316,572,654,597,651,617,540,235,0,1052,268,0,430,1044,491,0,aro,lean_forward,1
1041,1786866279.195482,0,427,663,715,619,421,232,457,30,0,605,623,662,607,483,713,317,572,655,596,651,617,543,234,0,1039,267,0,419,1043,488,0,aro,lean_forward,1
1042,1786866279.215471,0,427,661,715,629,423,231,459,33,0,615,624,661,607,478,709,318,571,651,595,651,617,541,235,0,1052,269,0,419,1043,488,0,aro,lean_forward,1
1043,1786866279.235708,0,427,661,717,630,423,229,461,29,0,607,631,667,607,477,712,324,571,658,595,651,615,541,231,0,1044,269,0,425,1045,491,0,aro,lean_forward,1
1044,1786866279.255476,0,427,661,715,621,423,232,459,31,0,615,627,663,607,483,711,317,569,653,595,651,617,542,234,0,1063,269,0,420,1045,489,0,aro,lean_forward,1
1045,1786866279.274781,0,427,661,715,620,421,233,461,33,0,615,629,664,607,483,711,315,571,654,596,650,617,541,237,0,1051,269,0,419,1045,487,0,aro,lean_forward,1
1046,1786866279.295484,0,425,663,715,629,423,234,461,26,0,617,627,665,609,479,713,316,572,657,597,651,617,540,239,0,1053,269,0,421,1021,489,0,aro,lean_forward,1
1047,1786866279.315454,0,424,661,715,629,423,234,461,31,0,613,631,661,607,477,723,316,571,653,595,651,617,541,245,0,1051,267,0,419,1043,484,0,aro,lean_forward,1
1048,1786866279.335584,0,423,663,715,628,425,234,465,39,0,615,623,663,607,476,711,311,572,655,596,650,617,542,248,0,1051,269,0,419,1045,493,0,aro,lean_forward,1
1049,1786866279.355546,0,423,661,713,622,425,231,461,31,0,611,622,659,605,482,711,317,573,658,593,649,615,548,245,0,1048,268,0,420,1043,491,0,aro,lean_forward,1
1050,1786866279.375475,0,424,660,715,632,423,233,467,28,0,613,627,665,607,476,712,313,573,658,596,651,617,541,245,0,1052,269,0,420,1044,488,0,aro,lean_forward,1
1051,1786866279.395426,0,425,661,715,633,425,234,463,35,0,613,627,660,609,481,713,316,573,653,596,650,617,543,245,0,1051,268,0,420,1043,487,0,aro,lean_forward,1
1052,1786866279.415426,0,425,661,715,631,423,235,463,30,0,607,623,663,609,479,703,316,573,658,595,651,617,542,245,0,1053,269,0,419,1045,489,0,aro,lean_forward,1
1053,1786866279.435608,0,424,663,715,623,423,233,462,31,0,614,629,667,607,484,710,312,571,652,595,649,617,548,243,0,1051,271,0,419,1045,487,0,aro,lean_forward,1
1054,1786866279.455437,0,427,663,715,632,423,229,463,30,0,615,632,663,606,478,711,314,573,653,597,651,617,541,238,0,1049,269,0,421,1044,491,0,aro,lean_forward,1
1055,1786866279.475594,0,428,659,714,630,424,233,461,31,0,615,628,663,607,479,712,315,574,655,591,651,617,541,239,0,1051,275,0,419,1048,488,0,aro,lean_forward,1
1056,1786866279.495563,0,427,661,716,631,424,231,467,31,0,613,630,663,606,479,713,316,573,653,596,651,615,550,237,0,1051,269,0,421,1043,495,0,aro,lean_forward,1
1057,1786866279.515550,0,426,663,715,631,424,233,461,31,0,613,628,661,609,476,713,313,572,655,595,651,617,543,235,0,1049,269,0,420,1043,489,0,aro,lean_forward,1
1058,1786866279.535582,0,425,660,715,629,423,237,459,29,0,617,630,663,607,476,713,314,573,655,595,651,617,541,235,0,1053,269,0,421,1044,489,0,aro,lean_forward,1
1059,1786866279.555552,0,425,661,715,627,416,233,457,30,0,611,627,659,605,478,712,317,572,647,595,651,617,541,237,0,1050,269,0,419,1045,483,0,aro,lean_forward,1
1060,1786866279.575519,0,425,662,715,631,424,235,457,31,0,613,627,663,605,479,713,312,571,651,595,651,617,543,235,0,1054,269,0,421,1045,491,0,aro,lean_forward,1
1061,1786866279.595468,0,425,663,715,627,424,227,455,30,0,615,627,662,605,489,713,312,573,649,595,651,617,543,235,0,1055,269,0,420,1045,488,0,aro,lean_forward,1
1062,1786866279.615559,0,425,661,715,629,419,232,456,37,0,611,627,661,607,482,711,315,573,647,595,651,617,539,230,0,1053,269,0,419,1046,474,0,aro,lean_forward,1
1063,1786866279.635581,0,425,662,715,628,423,232,455,41,0,613,624,663,609,475,712,311,573,651,595,651,616,543,233,0,1050,269,0,420,1045,489,0,aro,lean_forward,1
1064,1786866279.655447,0,425,662,716,627,424,229,453,30,0,616,626,661,607,477,710,316,571,652,595,651,617,541,233,0,1053,269,0,421,1046,499,0,aro,lean_forward,1
1065,1786866279.675566,0,423,658,715,629,419,231,457,29,0,611,629,663,611,475,709,313,572,660,595,648,615,546,236,0,1048,269,0,416,1046,493,0,aro,lean_forward,1
1066,1786866279.695558,0,424,661,714,628,423,227,456,29,0,615,627,661,605,482,712,313,573,650,596,651,617,541,237,0,1047,269,0,420,1045,479,0,aro,lean_forward,1
1067,1786866279.715437,0,422,663,716,629,424,231,453,25,0,613,623,663,607,478,715,317,573,659,595,649,617,541,235,0,1055,268,0,420,1046,488,0,aro,lean_forward,1
1068,1786866279.735601,0,425,661,715,627,425,233,457,29,0,612,623,663,607,481,712,316,572,652,595,651,617,543,235,0,1048,269,0,421,1045,491,0,aro,lean_forward,1
1069,1786866279.755554,0,425,663,715,631,425,233,455,31,0,603,621,662,605,477,713,313,572,636,596,650,616,543,235,0,1053,269,0,419,1046,487,0,aro,lean_forward,1
1070,1786866279.775474,0,426,662,717,630,423,232,455,29,0,613,627,661,613,487,711,317,572,652,596,650,617,543,237,0,1048,269,0,421,1045,491,0,aro,lean_forward,1
1071,1786866279.794778,0,425,659,717,631,422,235,455,29,0,631,630,662,606,478,703,313,573,649,595,651,615,543,231,0,1048,269,0,420,1047,499,0,aro,lean_forward,1
1072,1786866279.815555,0,425,662,715,629,425,233,455,31,0,615,633,668,607,477,711,312,571,653,597,651,617,539,235,0,1055,266,0,420,1045,482,0,aro,lean_forward,1
1073,1786866279.835462,0,427,661,717,629,425,235,457,29,0,601,627,665,607,477,711,317,573,655,595,651,616,543,237,0,1047,271,0,420,1045,483,0,aro,lean_forward,1
1074,1786866279.855434,0,427,663,715,629,425,227,457,30,0,603,647,665,607,475,712,315,573,657,597,651,618,542,237,0,1051,269,0,421,1045,491,0,aro,lean_forward,1
1075,1786866279.874471,0,427,661,717,630,426,231,456,31,0,613,629,663,605,473,709,312,573,653,597,652,617,542,235,0,1047,269,0,419,1044,491,0,aro,lean_forward,1
1076,1786866279.894633,0,427,661,716,623,423,232,456,31,0,613,645,663,610,478,713,313,571,659,596,651,616,548,237,0,1039,269,0,420,1045,498,0,aro,lean_forward,1
1077,1786866279.915564,0,429,661,717,633,424,232,460,30,0,615,629,663,611,481,713,315,572,652,595,651,617,541,235,0,1049,269,0,419,1045,489,0,aro,lean_forward,1
1078,1786866279.935518,0,427,661,717,623,423,231,455,29,0,613,633,663,611,479,717,315,573,660,595,650,616,543,249,0,1065,274,0,419,1047,488,0,aro,lean_forward,1
1079,1786866279.955563,0,427,663,713,631,423,231,455,30,0,615,619,663,607,481,713,333,573,655,595,651,615,542,244,0,1051,268,0,420,1045,487,0,aro,lean_forward,1
1080,1786866279.975560,0,427,661,715,629,423,231,456,28,0,613,631,663,607,479,712,315,573,655,595,651,615,541,234,0,1051,269,0,420,1046,489,0,aro,lean_forward,1
1081,1786866279.995474,0,428,652,716,629,424,232,456,30,0,615,629,665,605,479,712,315,573,651,595,650,614,541,231,0,1053,271,0,420,1046,493,0,aro,lean_forward,1
1082,1786866280.015563,0,425,659,715,627,424,231,445,30,0,615,631,663,611,479,718,313,573,655,595,651,617,540,235,0,1033,271,0,421,1045,493,0,aro,lean_forward,1
1083,1786866280.035480,0,423,660,715,635,423,231,457,31,0,615,623,661,611,479,715,314,573,655,596,651,617,541,237,0,1053,269,0,421,1045,489,0,aro,lean_forward,1
1084,1786866280.055614,0,423,661,715,627,419,233,455,29,0,615,633,663,607,479,712,326,573,659,597,651,616,541,236,0,1039,269,0,421,1046,487,0,aro,lean_forward,1
1085,1786866280.075358,0,423,661,715,629,423,232,457,31,0,617,638,663,607,483,712,317,573,655,593,651,617,547,245,0,1053,267,0,423,1047,488,0,aro,lean_forward,1
1086,1786866280.095562,0,421,662,715,629,421,235,459,29,0,617,623,664,610,483,711,316,572,654,597,651,617,541,246,0,1049,275,0,421,1045,490,0,aro,lean_forward,1
1087,1786866280.115536,0,420,661,715,630,424,233,453,30,0,615,628,664,607,478,725,315,572,661,597,651,617,541,245,0,1053,269,0,421,1042,488,0,aro,lean_forward,1
1088,1786866280.135770,0,422,659,715,628,423,235,456,31,0,614,627,663,609,479,712,317,573,659,596,651,618,549,244,0,1052,295,0,421,1047,489,0,aro,lean_forward,1
1089,1786866280.155482,0,425,660,714,623,423,233,470,31,0,615,628,663,607,478,723,315,573,659,595,651,617,541,265,0,1032,269,0,421,1046,489,0,aro,lean_forward,1
1090,1786866280.175485,0,423,661,715,629,424,233,461,31,0,614,627,661,605,479,711,313,573,651,595,651,616,542,251,0,1051,267,0,421,1049,493,0,aro,lean_forward,1
1091,1786866280.195464,0,424,661,715,631,424,233,462,30,0,617,627,651,607,475,711,319,571,660,596,651,617,542,245,0,1049,273,0,420,1047,488,0,aro,lean_forward,1
1092,1786866280.215561,0,424,665,716,630,423,234,461,31,0,618,629,663,609,484,716,319,572,652,595,651,616,541,243,0,1050,265,0,422,1045,487,0,aro,lean_forward,1
1093,1786866280.235461,0,425,667,715,629,422,233,461,33,0,615,628,681,609,479,713,317,573,661,597,651,616,543,244,0,1051,269,0,421,1045,487,0,aro,lean_forward,1
1094,1786866280.255204,0,425,661,715,630,425,235,461,31,0,615,628,669,610,481,703,315,572,657,595,651,616,543,235,0,1054,271,0,423,1046,494,0,aro,lean_forward,1
1095,1786866280.275585,0,425,660,716,630,420,233,467,31,0,615,629,663,611,482,712,314,575,660,594,651,616,543,247,0,1052,269,0,423,1045,489,0,aro,lean_forward,1
1096,1786866280.295433,0,426,661,715,629,423,233,458,31,0,614,627,665,611,481,713,315,573,659,595,651,617,542,244,0,1052,275,0,422,1045,490,0,aro,lean_forward,1
1097,1786866280.314755,0,424,663,716,634,427,233,460,35,0,616,627,661,607,485,713,316,573,655,596,651,617,543,245,0,1065,270,0,423,1045,495,0,aro,lean_forward,1
1098,1786866280.335587,0,423,662,715,629,424,233,461,30,0,615,627,663,609,479,707,315,573,649,595,652,616,541,251,0,1051,270,0,423,1047,488,0,aro,lean_forward,1
1099,1786866280.355460,0,423,663,715,629,423,233,459,33,0,615,628,663,607,479,713,315,573,659,597,652,615,543,245,0,1052,269,0,422,1043,491,0,aro,lean_forward,1
1100,1786866280.375453,0,423,664,715,629,425,235,458,30,0,611,628,671,606,479,713,315,573,653,597,651,615,543,239,0,1048,268,0,423,1045,487,0,aro,lean_forward,1
1101,1786866280.395523,0,421,659,713,623,424,233,455,31,0,613,623,659,607,479,711,315,574,655,594,649,615,547,245,0,1051,271,0,421,1043,492,0,aro,lean_forward,1
1102,1786866280.415534,0,421,661,717,629,423,233,458,30,0,615,627,663,605,478,709,315,573,653,596,651,616,541,247,0,1052,270,0,421,1044,486,0,aro,lean_forward,1
1103,1786866280.435518,0,421,659,716,631,424,233,459,27,0,616,629,666,607,483,711,315,572,655,596,651,617,541,238,0,1039,270,0,421,1045,492,0,aro,lean_forward,1
1104,1786866280.455442,0,423,659,714,630,424,233,459,29,0,614,628,664,611,479,709,315,573,657,597,651,617,542,237,0,1051,271,0,421,1045,493,0,aro,lean_forward,1
1105,1786866280.475568,0,421,661,715,629,423,233,459,31,0,613,627,663,611,475,713,311,572,653,596,651,619,543,237,0,1053,269,0,422,1047,491,0,aro,lean_forward,1
1106,1786866280.495496,0,423,661,713,631,425,233,457,31,0,614,627,661,604,479,712,315,573,655,596,651,616,542,236,0,1052,269,0,419,1043,493,0,aro,lean_forward,1
1107,1786866280.515448,0,423,660,715,629,429,232,459,29,0,613,628,664,606,479,711,315,573,657,595,651,613,542,235,0,1051,270,0,421,1048,475,0,aro,lean_forward,1
1108,1786866280.535513,0,427,663,717,629,424,233,453,31,0,615,627,663,611,479,701,315,574,655,595,651,615,543,245,0,1051,275,0,421,1045,491,0,aro,lean_forward,1
1109,1786866280.555437,0,424,661,714,629,427,233,461,31,0,614,628,663,611,479,711,315,572,648,597,651,617,543,237,0,1052,267,0,421,1045,491,0,aro,lean_forward,1
1110,1786866280.575434,0,423,662,717,630,424,233,461,33,0,619,627,661,607,477,711,312,573,653,597,651,618,543,246,0,1049,277,0,423,1045,491,0,aro,lean_forward,1
1111,1786866280.595531,0,427,661,716,629,425,234,456,31,0,615,629,663,607,483,712,315,576,653,596,652,617,543,235,0,1052,271,0,421,1044,493,0,aro,lean_forward,1
1112,1786866280.615435,0,425,661,718,631,423,231,462,33,0,615,628,663,607,481,711,315,573,663,595,651,616,541,247,0,1053,271,0,419,1044,495,0,aro,lean_forward,1
1113,1786866280.635435,0,412,664,716,631,423,233,465,31,0,614,629,665,605,478,711,316,573,662,595,651,617,542,245,0,1052,271,0,419,1047,501,0,aro,lean_forward,1
1114,1786866280.655539,0,425,659,713,629,431,233,461,31,0,615,629,663,611,477,709,316,571,663,597,651,617,543,244,0,1051,273,0,419,1045,493,0,aro,lean_forward,1
1115,1786866280.675467,0,427,663,716,629,423,233,462,33,0,611,629,661,607,477,713,317,574,638,595,651,615,543,245,0,1059,269,0,421,1047,491,0,aro,lean_forward,1
1116,1786866280.695444,0,415,662,715,631,419,233,471,34,0,615,627,662,607,481,711,316,571,655,595,651,616,542,239,0,1053,269,0,419,1044,492,0,aro,lean_forward,1
1117,1786866280.715530,0,427,661,717,629,425,235,461,31,0,613,624,661,606,479,711,316,571,654,595,652,619,541,243,0,1051,277,0,423,1045,493,0,aro,lean_forward,1
1118,1786866280.735493,0,423,660,715,631,421,233,461,31,0,615,628,660,605,478,712,317,573,654,595,652,617,541,244,0,1051,267,0,419,1047,493,0,aro,lean_forward,1
1119,1786866280.755450,0,425,662,715,629,423,233,461,31,0,615,627,663,611,479,711,315,573,638,595,651,617,543,239,0,1053,267,0,419,1043,489,0,aro,lean_forward,1
1120,1786866280.775450,0,425,661,715,631,426,234,461,31,0,615,629,663,605,482,712,315,573,639,597,652,617,542,239,0,1052,273,0,420,1045,507,0,aro,lean_forward,1
1121,1786866280.795532,0,425,662,716,629,421,233,467,31,0,616,629,661,605,479,711,315,572,655,598,651,617,541,245,0,1052,267,0,421,1046,493,0,aro,lean_forward,1
1122,1786866280.814740,0,423,661,713,629,424,235,461,30,0,614,628,659,607,489,712,316,573,649,595,651,616,543,243,0,1053,267,0,420,1045,495,0,aro,lean_forward,1
1123,1786866280.835491,0,417,663,717,629,425,233,457,33,0,617,629,661,611,478,712,315,573,658,598,651,617,541,243,0,1051,269,0,422,1047,491,0,aro,lean_forward,1
1124,1786866280.855543,0,426,663,715,629,425,233,456,30,0,615,629,663,607,479,695,315,574,658,597,651,617,543,255,0,1053,273,0,421,1045,493,0,aro,lean_forward,1
1125,1786866280.875449,0,425,662,715,630,437,233,459,33,0,613,627,665,605,479,712,314,572,657,595,650,618,542,239,0,1051,270,0,421,1047,490,0,aro,lean_forward,1
1126,1786866280.895422,0,421,655,714,629,425,233,460,31,0,615,627,661,611,478,712,316,573,655,597,650,617,541,243,0,1052,267,0,424,1045,492,0,aro,lean_forward,1
1127,1786866280.915534,0,425,663,709,629,424,231,458,31,0,614,627,663,611,479,713,315,579,655,595,651,619,541,235,0,1051,267,0,423,1047,494,0,aro,lean_forward,1
1128,1786866280.935663,0,427,661,716,629,433,237,455,31,0,629,627,665,605,477,713,315,573,655,597,651,613,543,235,0,1055,267,0,415,1045,492,0,aro,lean_forward,1
1129,1786866280.955409,0,426,662,719,629,415,226,441,30,0,615,627,663,607,477,711,315,567,653,595,650,615,541,236,0,1051,270,0,415,1045,485,0,aro,lean_forward,1
1130,1786866280.975508,0,424,661,709,629,412,221,436,29,0,615,627,663,597,477,697,313,569,653,594,650,613,541,219,0,1051,271,0,413,1045,488,0,aro,lean_forward,1
1131,1786866280.995420,0,424,661,714,629,411,219,429,28,0,615,628,661,606,484,711,314,568,653,589,650,613,541,221,0,1051,269,0,418,1044,487,0,aro,lean_forward,1
1132,1786866281.015447,0,425,667,716,629,406,218,421,28,0,614,628,679,607,487,711,312,568,652,594,649,610,539,219,0,1055,279,0,411,1045,485,0,aro,lean_forward,1
1133,1786866281.035594,0,428,664,719,627,405,215,415,27,0,615,628,665,611,490,711,315,569,653,587,649,615,539,215,0,1055,264,0,414,1032,485,0,aro,lean_forward,1
1134,1786866281.055651,0,436,665,718,627,403,215,411,25,0,611,628,665,617,493,695,307,568,651,590,649,599,539,205,0,1056,267,0,415,1044,483,0,aro,lean_forward,1
1135,1786866281.074781,0,437,667,722,627,403,215,415,23,0,615,631,659,613,495,710,315,569,651,593,649,611,539,205,0,1061,249,0,414,1044,476,0,aro,lean_forward,1
1136,1786866281.095514,0,443,663,717,627,405,215,409,0,0,616,629,665,619,505,711,316,569,652,595,649,612,539,203,0,1062,275,0,415,1043,479,0,aro,lean_forward,1
1137,1786866281.115555,0,455,671,716,630,409,216,407,0,0,619,631,669,619,507,701,317,569,653,593,649,613,539,200,0,1065,279,0,421,1044,482,0,aro,lean_forward,1
1138,1786866281.135580,0,461,671,721,633,412,216,407,0,0,621,633,681,619,510,713,319,573,653,591,649,613,539,201,0,1069,283,0,421,1043,483,0,aro,lean_forward,1
1139,1786866281.155442,0,466,665,722,634,415,217,409,0,0,621,635,685,623,517,713,325,573,653,590,650,611,539,201,0,1069,277,0,425,1047,479,0,aro,lean_forward,1
1140,1786866281.175595,0,466,665,725,633,419,218,407,0,0,623,633,677,627,519,711,327,573,651,595,650,611,540,201,0,1075,267,0,423,1048,479,0,aro,lean_forward,1
1141,1786866281.195442,0,455,669,723,633,415,217,409,0,0,619,633,665,628,519,713,330,571,654,595,650,605,541,199,0,1066,281,0,429,1049,473,0,aro,lean_forward,1
1142,1786866281.215437,0,443,675,723,630,416,217,408,0,0,619,635,677,623,509,711,328,579,655,596,651,611,539,201,0,1069,255,0,427,1048,477,0,aro,lean_forward,1
1143,1786866281.235592,0,425,668,719,628,414,219,410,0,0,611,645,677,622,509,710,327,573,653,595,649,617,541,203,0,1071,281,0,432,1050,477,0,aro,lean_forward,1
1144,1786866281.255436,0,407,667,716,628,413,217,408,0,0,613,635,671,620,505,709,328,576,653,595,650,613,541,203,0,1067,287,0,428,1039,475,0,aro,lean_forward,1
1145,1786866281.275461,0,389,663,717,623,414,217,411,0,0,611,633,670,627,502,711,325,574,653,595,651,615,540,206,0,1065,277,0,435,1070,477,0,aro,lean_forward,1
1146,1786866281.295585,0,371,660,721,619,411,216,411,0,0,611,632,672,619,495,709,325,571,653,597,648,613,539,210,0,1063,275,0,431,1049,473,0,aro,lean_forward,1
1147,1786866281.315504,0,359,664,711,619,413,219,419,0,0,607,630,670,619,492,709,319,575,653,595,651,615,541,213,0,1043,267,0,433,1053,477,0,aro,lean_forward,1
1148,1786866281.335602,0,349,658,715,620,411,220,423,20,0,605,631,669,614,489,709,317,571,652,596,650,617,542,223,0,1059,265,0,437,1049,475,0,aro,lean_forward,1
1149,1786866281.355451,0,349,653,715,621,414,224,428,23,0,606,629,667,617,489,703,317,573,653,593,651,617,541,252,0,1055,270,0,432,1052,477,0,aro,lean_forward,1
1150,1786866281.375586,0,355,659,713,619,415,229,439,27,0,605,629,668,615,488,709,317,572,653,595,651,617,541,278,0,1053,263,0,439,1049,479,0,aro,lean_forward,1
1151,1786866281.395444,0,365,659,717,621,421,235,455,35,0,605,627,669,619,489,709,316,571,654,597,651,619,541,293,0,1051,253,0,439,1059,479,0,aro,lean_forward,1
1152,1786866281.415450,0,389,665,717,627,422,238,471,52,0,605,629,668,611,489,709,317,573,654,597,651,617,541,309,0,1053,263,0,437,1053,483,0,aro,lean_forward,1
1153,1786866281.435620,0,405,664,717,629,424,243,489,88,0,607,629,668,611,490,703,317,575,655,600,655,622,543,329,0,1047,264,0,437,1052,485,0,aro,lean_forward,1
1154,1786866281.455435,0,415,669,717,632,430,247,521,119,0,605,629,669,615,489,710,319,575,657,599,653,622,543,345,0,1049,263,0,443,1051,489,0,aro,lean_forward,1
1155,1786866281.475459,0,427,670,723,635,435,275,541,170,0,605,627,669,615,489,711,318,580,663,598,655,623,535,359,0,1055,265,0,439,1051,491,0,aro,lean_forward,1
1156,1786866281.495495,0,437,668,723,637,437,287,563,191,0,607,630,665,615,491,703,319,575,669,599,655,627,549,371,0,1049,267,0,439,1055,492,0,aro,lean_forward,1
1157,1786866281.515502,0,441,669,723,637,440,297,579,211,0,605,627,670,613,491,709,319,574,667,600,658,631,543,379,0,1047,263,0,439,1053,492,0,aro,lean_forward,1
1158,1786866281.535458,0,445,669,725,644,443,307,587,217,0,605,629,667,615,489,709,319,573,669,603,659,629,543,391,0,1047,265,0,439,1055,492,0,aro,lean_forward,1
1159,1786866281.555425,0,445,671,726,645,444,307,595,221,0,605,627,667,615,490,709,319,582,667,603,659,628,547,396,0,1043,265,0,436,1064,496,0,aro,lean_forward,1
1160,1786866281.575532,0,430,671,725,645,447,313,597,228,0,605,628,665,611,487,704,319,581,669,600,659,632,547,403,0,1044,263,0,431,1051,501,0,aro,lean_forward,1
1161,1786866281.595414,0,423,669,721,647,446,315,601,231,0,603,627,666,611,485,709,319,581,670,600,659,631,549,411,0,1043,265,0,430,1049,495,0,aro,lean_forward,1
1162,1786866281.615414,0,420,669,723,645,453,312,601,235,0,605,623,662,611,483,702,317,580,667,596,660,633,549,409,0,1043,263,0,431,1055,501,0,aro,lean_forward,1
1163,1786866281.635670,0,411,667,725,637,454,311,603,235,0,603,629,665,601,485,701,324,573,669,605,660,648,549,411,0,1043,267,0,429,1061,504,0,aro,lean_forward,1
1164,1786866281.655412,0,399,667,719,635,453,313,601,235,0,598,623,666,605,485,703,315,580,670,603,660,635,549,413,0,1045,267,0,431,1053,503,0,aro,lean_forward,1
1165,1786866281.675440,0,394,664,725,635,452,309,601,237,0,599,622,665,613,485,701,315,579,671,604,661,637,551,415,0,1045,266,0,425,1058,503,0,aro,lean_forward,1
1166,1786866281.695528,0,389,662,717,634,439,310,600,235,0,597,623,665,607,483,703,315,575,669,603,659,633,551,419,0,1045,266,0,427,1055,492,0,aro,lean_forward,1
1167,1786866281.715414,0,377,661,717,632,451,311,599,235,0,596,622,665,613,481,702,317,581,669,601,661,633,551,416,0,1045,266,0,428,1055,520,0,aro,lean_forward,1
1168,1786866281.735484,0,361,659,717,631,445,311,599,235,0,598,621,664,617,485,703,315,583,671,602,661,633,551,420,0,1047,269,0,429,1053,503,0,aro,lean_forward,1
1169,1786866281.755516,0,349,659,714,627,443,307,593,231,0,595,619,663,605,478,701,317,581,669,602,658,629,551,416,0,1049,270,0,425,1052,500,0,aro,lean_forward,1
1170,1786866281.775454,0,333,658,717,627,443,299,590,226,0,591,623,663,595,484,701,315,583,671,611,661,632,551,415,0,1047,261,0,425,1056,501,0,aro,lean_forward,1
1171,1786866281.795420,0,285,655,713,621,441,295,587,225,0,591,619,662,605,477,701,316,571,671,601,661,631,550,419,0,1047,269,0,425,1055,499,0,aro,lean_forward,1
1172,1786866281.815428,0,255,653,715,620,441,295,587,223,0,595,621,663,603,479,701,313,581,670,603,661,631,551,419,0,1047,265,0,427,1059,500,0,aro,lean_forward,1
1173,1786866281.835522,0,253,653,714,621,440,295,589,227,0,593,620,662,604,479,699,313,579,670,603,661,635,552,419,0,1048,267,0,425,1055,499,0,aro,lean_forward,1
1174,1786866281.854792,0,251,653,713,621,441,299,590,229,0,591,621,663,619,479,701,315,583,671,611,661,633,551,420,0,1048,267,0,425,1056,505,0,aro,lean_forward,1
1175,1786866281.875555,0,249,652,713,620,443,298,593,227,0,593,623,661,611,482,702,315,585,671,605,661,629,551,421,0,1050,271,0,424,1053,507,0,aro,lean_forward,1
1176,1786866281.895523,0,238,651,703,621,445,299,591,229,0,589,622,663,603,481,701,319,581,675,604,662,639,551,424,0,1049,267,0,427,1061,509,0,aro,lean_forward,1
1177,1786866281.915456,0,222,648,703,621,441,298,587,223,0,595,621,664,607,479,703,317,591,675,603,663,631,553,423,0,1051,251,0,424,1054,509,0,aro,lean_forward,1
1178,1786866281.935476,0,212,647,701,619,442,293,572,203,0,589,621,664,589,478,709,317,591,675,606,661,631,553,422,0,1049,279,0,425,1063,517,0,aro,lean_forward,1
1179,1786866281.955519,0,202,639,695,614,439,287,554,163,0,591,621,663,604,477,709,315,573,675,607,663,635,553,421,0,1051,275,0,425,1053,508,0,aro,lean_forward,1
1180,1786866281.975469,0,198,637,694,611,423,275,535,73,0,587,618,665,611,479,710,315,583,675,598,662,644,553,413,0,1049,283,0,425,1061,505,0,aro,lean_forward,1
1181,1786866281.995354,0,187,633,681,604,423,236,498,39,0,587,617,662,613,479,703,317,586,675,611,663,648,552,411,0,1049,294,0,427,1061,498,0,aro,lean_forward,1
1182,1786866282.015524,0,179,623,675,595,414,230,471,31,0,583,620,663,606,479,710,319,588,674,611,663,637,551,397,0,1047,303,0,411,1065,494,0,aro,lean_forward,1
1183,1786866282.035620,0,171,610,661,584,406,215,424,29,0,581,619,664,607,477,703,317,589,671,603,663,633,552,375,0,1047,297,0,407,1059,491,0,aro,lean_forward,1
1184,1786866282.055404,0,153,601,654,571,394,206,398,26,0,573,620,663,605,477,703,319,585,671,605,661,636,550,353,0,1048,297,0,399,1070,488,0,aro,lean_forward,1
1185,1786866282.075557,0,141,599,635,557,379,201,381,0,0,573,617,659,611,475,703,317,579,665,600,661,631,547,311,0,1049,297,0,405,1059,479,0,aro,lean_forward,1
1186,1786866282.095538,0,145,598,631,551,368,197,368,0,0,575,618,662,611,475,703,315,579,661,603,658,629,543,261,0,1049,285,0,415,1056,475,0,aro,lean_forward,1
1187,1786866282.115425,0,153,599,629,551,348,187,360,0,0,575,620,659,607,473,708,315,583,659,599,657,629,543,222,0,1050,299,0,391,1053,473,0,aro,lean_forward,1
1188,1786866282.135562,0,174,601,630,550,345,187,357,0,0,581,619,659,607,473,709,315,580,657,601,655,631,543,217,0,1051,309,0,408,1061,472,0,aro,lean_forward,1
1189,1786866282.155551,0,185,607,635,553,343,185,353,0,0,581,622,661,607,479,709,316,575,661,604,655,623,543,206,0,1054,326,0,393,1060,473,0,aro,lean_forward,1
1190,1786866282.175458,0,199,617,647,560,341,185,350,0,0,589,622,661,611,478,703,319,581,663,603,655,623,540,190,0,1055,329,0,398,1055,475,0,aro,lean_forward,1
1191,1786866282.195433,0,207,622,659,573,337,185,349,0,0,591,621,665,610,479,703,325,583,665,604,655,617,542,181,0,1055,329,0,403,1069,475,0,aro,lean_forward,1
1192,1786866282.215509,0,222,629,665,583,339,185,349,0,0,597,628,665,611,486,709,327,581,665,601,654,622,541,175,0,1055,316,0,397,1059,475,0,aro,lean_forward,1
1193,1786866282.235495,0,299,633,671,590,335,185,347,0,0,600,627,665,607,491,703,327,589,659,599,652,615,539,169,0,1055,333,0,391,1059,473,0,aro,lean_forward,1
1194,1786866282.255413,0,351,639,681,599,335,183,345,0,0,604,627,667,611,492,709,328,573,659,597,652,617,539,151,0,1059,341,0,391,1053,474,0,aro,lean_forward,1
1195,1786866282.275545,0,383,646,685,603,333,181,342,0,0,611,628,663,613,495,704,329,573,655,595,653,615,537,163,0,1052,339,0,382,1051,469,0,aro,lean_forward,1
1196,1786866282.295416,0,399,650,693,611,335,182,332,0,0,616,632,667,613,495,711,329,581,655,595,651,611,535,160,0,1061,339,0,370,1049,467,0,aro,lean_forward,1
1197,1786866282.315402,0,409,653,694,613,334,177,317,0,0,617,629,665,615,493,711,329,572,653,596,651,613,534,157,0,1055,340,0,367,1052,462,0,aro,lean_forward,1
1198,1786866282.335572,0,413,655,695,613,329,171,311,0,0,617,632,665,612,493,711,328,568,651,585,649,605,531,153,0,1059,328,0,365,1041,461,0,aro,lean_forward,1
1199,1786866282.355519,0,428,657,699,613,330,172,309,0,0,619,633,667,615,495,711,327,565,653,601,649,610,531,151,0,1058,303,0,364,1047,460,0,aro,lean_forward,1
1200,1786866282.374742,0,437,659,701,617,327,169,303,0,0,619,631,669,614,499,711,319,570,653,594,649,605,531,137,24,1052,303,0,351,1047,460,0,aro,lean_forward,1
1201,1786866282.395540,0,443,659,702,618,325,167,301,0,0,619,635,671,615,499,709,329,569,651,592,651,607,531,137,0,1059,301,0,367,1045,461,0,aro,lean_forward,1
1202,1786866282.415522,0,447,661,709,618,317,167,299,0,0,621,637,671,615,495,711,327,567,651,597,649,610,530,136,0,1059,299,0,367,1051,465,0,aro,lean_forward,1
1203,1786866282.435462,0,454,662,703,618,315,167,293,0,0,626,635,670,617,501,712,330,568,652,599,649,605,530,135,0,1055,299,0,371,1047,468,0,aro,lean_forward,1
1204,1786866282.455418,0,456,663,708,621,313,165,284,0,0,622,635,668,615,502,711,326,568,653,591,648,611,525,135,0,1059,299,0,371,1048,469,0,aro,lean_forward,1
1205,1786866282.475526,0,457,663,709,620,308,159,283,0,0,627,637,671,615,504,712,327,573,653,599,647,605,527,133,0,1059,298,0,375,1049,467,0,aro,lean_forward,1
1206,1786866282.495406,0,460,662,710,623,303,159,275,0,0,623,635,675,617,501,711,327,570,649,590,648,604,529,132,0,1055,297,0,383,1047,461,0,aro,lean_forward,1
1207,1786866282.515431,0,460,664,711,623,301,157,267,0,0,625,633,671,615,501,710,329,567,650,607,647,610,525,125,0,1054,297,0,390,1063,463,0,aro,lean_forward,1
1208,1786866282.535794,0,462,663,707,621,299,152,263,0,0,627,635,671,615,499,702,327,565,649,591,648,603,521,121,0,1055,296,0,395,1047,463,0,aro,lean_forward,1
1209,1786866282.555520,0,467,664,709,621,297,152,253,0,0,623,633,674,617,500,709,327,566,648,589,646,605,523,120,0,1061,295,0,394,1045,463,0,aro,lean_forward,1
1210,1786866282.575455,0,466,665,711,623,295,151,247,0,0,629,635,675,615,501,711,327,563,647,595,645,606,522,117,0,1053,296,0,403,1044,463,0,aro,lean_forward,1
1211,1786866282.595401,0,469,667,711,621,293,149,239,0,0,627,637,679,617,507,703,325,551,650,588,639,603,520,111,0,1055,295,0,403,1044,461,0,aro,lean_forward,1
1212,1786866282.615510,0,469,667,711,621,287,146,233,0,0,629,637,670,617,503,709,328,557,649,573,639,599,519,105,0,1053,295,0,395,1041,457,0,aro,lean_forward,1
1213,1786866282.635430,0,472,667,711,621,283,139,221,0,0,631,637,671,617,503,711,325,563,639,571,638,597,509,103,29,1059,294,0,394,1041,447,0,aro,lean_forward,1
1214,1786866282.655423,0,473,668,712,619,279,136,214,0,0,635,637,671,619,491,710,318,569,645,583,637,595,517,91,0,1059,295,0,398,1041,445,0,aro,lean_forward,1
1215,1786866282.675535,0,476,668,711,620,279,134,209,0,0,634,639,675,619,499,703,325,559,645,585,637,581,509,79,0,1060,295,0,403,1041,445,0,aro,lean_forward,1
1216,1786866282.695412,0,477,667,711,621,270,134,199,0,0,635,637,682,619,507,709,327,567,647,589,637,593,508,77,0,1063,295,0,399,1041,441,0,aro,lean_forward,1
1217,1786866282.715400,0,483,669,713,621,269,125,189,0,0,633,637,682,619,488,701,317,565,639,584,635,594,505,73,0,1063,293,0,405,1041,438,0,aro,lean_forward,1
1218,1786866282.735513,0,485,669,713,622,269,126,185,0,0,635,637,681,620,509,709,330,563,647,583,637,587,505,72,0,1061,294,0,399,1042,431,0,aro,lean_forward,1
1219,1786866282.755406,0,489,670,713,623,271,127,185,0,0,637,638,669,617,493,701,318,565,645,583,636,600,503,69,0,1061,295,0,412,1041,428,0,aro,lean_forward,1
1220,1786866282.775426,0,490,670,713,626,275,133,185,0,0,638,647,667,619,508,709,318,569,645,583,635,587,505,70,25,1063,296,0,408,1041,422,0,aro,lean_forward,1
1221,1786866282.795491,0,491,670,715,627,275,135,187,0,0,633,645,668,621,508,711,323,564,645,583,635,593,503,63,0,1063,295,0,411,1041,421,0,aro,lean_forward,1
1222,1786866282.815397,0,493,671,715,623,275,139,199,0,0,645,639,669,619,525,703,317,553,637,582,635,598,503,67,0,1063,295,0,412,1041,415,0,aro,lean_forward,1
1223,1786866282.835453,0,493,675,715,629,278,133,203,0,0,636,644,668,621,495,710,319,555,645,582,635,570,502,61,0,1065,295,0,405,1039,419,0,aro,lean_forward,1
1224,1786866282.855411,0,495,675,715,631,281,135,205,0,0,635,637,679,621,517,711,307,559,639,581,635,588,505,69,0,1063,294,0,395,1039,411,0,aro,lean_forward,1
1225,1786866282.875512,0,497,676,717,630,281,138,213,0,0,638,645,677,621,510,709,315,557,647,581,635,587,503,67,0,1064,293,0,413,1039,408,0,aro,lean_forward,1
1226,1786866282.895401,0,495,677,717,632,283,139,217,0,0,647,654,681,621,508,709,325,562,645,583,635,586,506,71,0,1063,295,0,413,1035,409,0,aro,lean_forward,1
1227,1786866282.915418,0,495,675,716,631,285,139,225,0,0,637,645,685,621,519,703,319,559,645,582,635,586,504,72,0,1065,295,0,414,1035,405,0,aro,lean_forward,1
1228,1786866282.935644,0,499,675,716,630,285,143,229,0,0,638,621,676,621,511,711,315,559,646,583,635,584,504,75,21,1067,294,0,405,1036,401,0,aro,lean_forward,1
1229,1786866282.955404,0,499,675,717,635,285,147,232,0,0,637,639,681,621,508,703,318,558,639,582,635,586,505,79,0,1093,293,0,399,1035,397,0,aro,lean_forward,1
1230,1786866282.975403,0,501,671,717,623,283,147,239,0,0,639,638,679,622,517,710,316,559,639,583,635,587,503,83,0,1059,293,0,399,1033,391,0,aro,lean_forward,1
1231,1786866282.995554,0,499,671,718,632,284,149,245,0,0,647,645,676,623,520,703,315,559,644,582,635,585,507,85,0,1086,291,0,414,1033,383,0,aro,lean_forward,1
1232,1786866283.015428,0,499,675,716,618,287,149,249,0,0,637,651,680,623,518,703,317,559,639,583,633,587,505,85,0,1056,286,0,427,1033,381,0,aro,lean_forward,1
1233,1786866283.035455,0,499,671,718,632,291,150,255,0,0,631,647,681,621,519,711,329,559,639,581,635,588,507,87,0,1071,285,0,404,1033,379,0,aro,lean_forward,1
1234,1786866283.055509,0,499,671,717,631,293,151,263,0,0,645,637,681,623,519,711,316,559,639,582,637,587,505,93,0,1062,288,0,407,1033,381,0,aro,lean_forward,1
1235,1786866283.075417,0,495,671,717,629,295,151,267,0,0,647,639,679,623,521,709,315,559,637,583,635,587,507,101,0,1076,287,0,402,1033,381,0,aro,lean_forward,1
1236,1786866283.095394,0,499,675,718,625,296,155,271,0,0,638,639,675,627,520,712,313,565,637,581,635,587,505,101,0,1077,291,0,398,1033,379,0,aro,lean_forward,1
1237,1786866283.115497,0,495,671,719,629,296,152,280,0,0,646,645,679,623,518,711,317,563,646,583,635,588,507,103,0,1087,291,0,407,1033,380,0,aro,lean_forward,1
1238,1786866283.135429,0,495,675,719,632,301,156,285,0,0,638,638,683,624,519,711,315,563,645,581,635,588,507,109,0,1075,287,0,407,1033,383,0,aro,lean_forward,1
1239,1786866283.155433,0,495,675,719,631,302,157,286,0,0,639,637,683,627,521,712,317,563,646,582,635,588,501,111,0,1070,287,0,411,1034,377,0,aro,lean_forward,1
1240,1786866283.175544,0,495,671,717,629,303,165,293,0,0,637,646,680,626,519,711,319,564,645,583,637,587,518,115,0,1075,284,0,411,1033,381,0,aro,lean_forward,1
1241,1786866283.195415,0,495,671,718,633,303,171,312,0,0,635,638,681,626,522,711,315,564,639,583,635,594,518,117,0,1067,291,0,411,1035,380,0,aro,lean_forward,1
1242,1786866283.215420,0,493,671,721,633,309,175,329,0,0,633,647,678,626,517,710,317,563,647,585,635,596,519,122,0,1077,287,0,413,1041,379,0,aro,lean_forward,1
1243,1786866283.235561,0,492,676,718,629,311,175,339,0,0,633,637,675,623,518,710,329,565,645,583,635,595,517,123,0,1076,288,0,435,1032,382,0,aro,lean_forward,1
1244,1786866283.255447,0,495,675,719,629,318,180,347,0,0,636,645,682,623,511,712,320,565,647,584,637,599,520,125,0,1061,287,0,429,1039,389,0,aro,lean_forward,1
1245,1786866283.275411,0,493,675,719,632,319,181,356,0,0,635,647,680,623,509,710,317,565,647,583,637,598,507,133,0,1067,291,0,415,1039,392,0,aro,lean_forward,1
1246,1786866283.295401,0,491,675,719,633,327,183,365,0,0,631,648,682,627,505,711,317,565,648,584,636,599,523,136,0,1077,288,0,418,1039,391,0,aro,lean_forward,1
1247,1786866283.315514,0,487,671,719,631,331,181,367,0,0,634,645,675,627,519,711,320,565,637,585,636,601,519,136,0,1077,293,0,415,1039,383,0,aro,lean_forward,1
1248,1786866283.335497,0,485,675,717,629,329,187,371,0,0,631,638,680,627,519,711,320,565,647,585,637,600,523,146,0,1071,298,0,414,1039,395,0,aro,lean_forward,1
1249,1786866283.355417,0,482,672,718,635,329,187,371,0,0,631,637,677,624,519,709,325,567,649,584,638,601,520,152,0,1076,297,0,419,1039,395,0,aro,lean_forward,1
1250,1786866283.375528,0,477,671,717,631,328,187,371,0,0,631,638,679,623,520,711,319,567,647,585,639,601,523,153,0,1077,297,0,401,1039,383,0,aro,lean_forward,1
1251,1786866283.394731,0,477,669,718,627,326,187,371,0,0,632,635,680,627,521,711,325,565,649,585,639,601,523,153,0,1067,296,0,423,1043,383,0,aro,lean_forward,1
1252,1786866283.415400,0,475,670,719,627,330,189,371,0,0,634,634,683,627,520,709,326,567,651,586,637,603,527,153,0,1071,297,0,418,1039,379,0,aro,lean_forward,1
1253,1786866283.435568,0,472,668,718,623,330,187,371,0,0,627,635,675,627,517,711,330,566,650,585,639,601,524,153,0,1071,297,0,413,1041,392,0,aro,lean_forward,1
1254,1786866283.455405,0,473,670,719,629,327,189,373,0,0,631,636,669,627,523,711,318,566,649,587,637,603,527,154,0,1069,298,0,415,1042,383,0,aro,lean_forward,1
1255,1786866283.475428,0,475,679,717,629,329,187,375,0,0,632,645,681,623,519,711,327,565,648,587,637,604,527,155,0,1076,297,0,415,1043,383,0,aro,lean_forward,1
1256,1786866283.495478,0,475,669,722,627,331,189,380,0,0,629,636,678,627,517,722,327,563,651,595,635,604,525,156,0,1092,299,0,418,1049,389,0,aro,lean_forward,1
1257,1786866283.515391,0,484,669,723,631,334,191,391,0,0,633,649,683,627,519,703,328,571,649,587,639,605,523,157,0,1077,299,0,415,1034,390,0,aro,lean_forward,1
1258,1786866283.535440,0,485,671,719,631,339,203,399,0,0,633,647,681,627,521,713,329,569,651,587,639,603,527,159,0,1075,299,0,414,1053,391,0,aro,lean_forward,1
1259,1786866283.555391,0,487,671,721,632,355,213,411,0,0,631,635,676,627,519,713,319,571,651,587,645,605,529,163,0,1079,299,0,415,1043,409,0,aro,lean_forward,1
1260,1786866283.575501,0,491,675,724,633,367,216,425,0,0,639,627,681,629,520,711,340,571,651,587,647,609,533,165,0,1077,298,0,421,1045,431,0,aro,lean_forward,1
1261,1786866283.595393,0,491,676,723,636,371,223,423,0,0,631,647,679,627,509,711,329,573,632,588,647,607,533,169,0,1069,299,0,423,1045,424,0,aro,lean_forward,1
1262,1786866283.615402,0,491,677,725,639,381,222,429,0,0,618,640,669,629,520,712,329,573,654,590,649,611,531,169,0,1071,295,0,421,1045,440,0,aro,lean_forward,1
1263,1786866283.635596,0,490,675,725,645,389,223,444,25,0,630,647,681,623,519,711,331,571,658,590,647,611,533,175,0,1069,298,0,423,1045,438,0,aro,lean_forward,1
1264,1786866283.655411,0,491,671,725,647,392,232,455,29,0,629,647,669,627,529,694,327,573,653,591,649,613,536,181,0,1071,299,0,424,1044,445,0,aro,lean_forward,1
1265,1786866283.675443,0,489,677,725,649,395,234,459,27,0,629,639,685,629,523,713,331,575,652,593,648,613,539,185,0,1075,301,0,425,1047,447,0,aro,lean_forward,1
1266,1786866283.695499,0,489,675,727,648,401,238,463,30,0,633,638,685,627,525,712,327,574,631,589,646,613,537,185,0,1077,301,0,425,1044,452,0,aro,lean_forward,1
1267,1786866283.715414,0,493,676,727,651,411,235,462,31,0,629,637,681,629,522,701,327,575,650,594,649,615,535,189,0,1065,301,0,427,1048,447,0,aro,lean_forward,1
1268,1786866283.735517,0,491,679,725,648,407,236,462,29,0,630,648,675,627,523,715,329,575,659,593,649,615,539,187,0,1069,301,0,425,1048,458,0,aro,lean_forward,1
1269,1786866283.755415,0,489,676,727,649,401,234,461,29,0,629,631,681,627,523,713,327,575,655,595,650,615,537,197,0,1084,300,0,425,1047,457,0,aro,lean_forward,1
1270,1786866283.775558,0,487,677,726,647,403,235,459,29,0,627,645,680,627,523,713,331,575,654,595,650,617,541,189,0,1071,301,0,425,1048,465,0,aro,lean_forward,1
1271,1786866283.795392,0,483,675,727,646,401,234,460,30,0,637,646,679,627,503,715,329,574,665,594,651,616,539,197,0,1079,301,0,425,1049,477,0,aro,lean_forward,1
1272,1786866283.815384,0,486,677,728,645,401,235,467,31,0,638,649,679,627,529,712,327,575,659,595,651,617,537,199,0,1075,299,0,425,1049,468,0,aro,lean_forward,1
1273,1786866283.835479,0,489,677,727,647,401,237,473,35,0,628,645,681,629,523,709,331,581,659,595,648,617,537,203,0,1071,298,0,429,1049,465,0,aro,lean_forward,1
1274,1786866283.855385,0,488,677,727,649,403,239,483,43,0,634,647,681,627,521,713,325,581,663,597,651,617,538,213,0,1069,296,0,431,1049,473,0,aro,lean_forward,1
1275,1786866283.875410,0,489,675,728,635,399,244,498,56,0,627,633,679,627,521,719,317,580,661,595,650,618,536,220,0,1067,294,0,435,1048,477,0,aro,lean_forward,1
1276,1786866283.895496,0,489,675,728,649,403,249,535,99,0,622,637,677,628,521,711,329,579,653,598,655,620,539,253,0,1063,294,0,435,1052,474,0,aro,lean_forward,1
1277,1786866283.915397,0,494,681,729,653,411,275,553,135,0,623,639,679,628,519,716,329,581,659,597,653,623,547,283,0,1067,297,0,435,1051,477,0,aro,lean_forward,1
1278,1786866283.935627,0,495,680,731,655,415,283,569,183,0,621,638,679,623,519,717,329,581,661,598,654,625,535,309,0,1063,296,0,437,1050,476,0,aro,lean_forward,1
1279,1786866283.955495,0,493,678,731,651,423,291,587,204,0,617,638,677,622,519,711,334,581,667,599,654,628,540,338,0,1055,296,0,437,1055,485,0,aro,lean_forward,1
1280,1786866283.975446,0,498,679,731,655,425,297,597,215,0,616,661,679,622,518,703,331,582,664,600,659,629,543,353,0,1061,295,0,436,1050,488,0,aro,lean_forward,1
1281,1786866283.995397,0,494,679,732,667,425,299,599,221,0,617,633,677,622,509,691,331,583,669,601,659,629,547,365,0,1065,294,0,437,1051,487,0,aro,lean_forward,1
1282,1786866284.015420,0,493,677,730,655,429,308,599,227,0,615,636,677,622,507,709,327,583,667,599,659,631,541,378,0,1055,293,0,437,1051,487,0,aro,lean_forward,1
1283,1786866284.035527,0,491,675,731,654,434,311,601,231,0,615,635,677,620,505,709,327,583,667,603,651,630,537,380,0,1059,295,0,435,1051,493,0,aro,lean_forward,1
1284,1786866284.055436,0,483,681,729,657,437,311,603,231,0,615,635,675,619,505,702,326,584,669,601,660,631,549,397,0,1059,293,0,429,1051,484,0,aro,lean_forward,1
1285,1786866284.075462,0,478,677,730,659,437,307,603,231,0,613,640,676,619,503,709,329,583,671,601,659,631,549,390,0,1055,294,0,430,1051,483,0,aro,lean_forward,1
1286,1786866284.095527,0,469,675,730,651,435,307,599,229,0,612,634,677,620,504,709,325,583,669,601,658,631,552,391,0,1056,295,0,431,1054,483,0,aro,lean_forward,1
1287,1786866284.115403,0,463,677,729,647,435,304,593,227,0,608,633,672,619,500,703,325,583,669,601,660,631,557,393,0,1064,293,0,429,1052,490,0,aro,lean_forward,1
1288,1786866284.135592,0,455,671,725,645,435,299,585,220,0,601,627,675,619,502,701,329,585,676,600,659,631,551,391,0,1061,291,0,433,1054,487,0,aro,lean_forward,1
1289,1786866284.155516,0,439,669,723,637,428,296,587,211,0,605,633,671,619,503,709,329,583,671,603,659,631,543,383,0,1055,294,0,429,1052,489,0,aro,lean_forward,1
1290,1786866284.175566,0,428,669,725,636,435,291,564,185,0,611,634,675,618,504,709,325,585,665,602,659,632,550,384,0,1062,292,0,432,1060,503,0,aro,lean_forward,1
1291,1786866284.195414,0,413,665,722,635,432,286,553,133,0,607,633,672,619,503,703,324,583,675,603,659,633,549,379,0,1063,295,0,435,1055,483,0,aro,lean_forward,1
1292,1786866284.215422,0,407,663,723,632,427,277,541,94,0,610,633,676,621,505,703,320,585,677,602,661,631,541,377,0,1063,297,0,432,1058,491,0,aro,lean_forward,1
1293,1786866284.235557,0,395,663,721,629,425,245,523,53,0,611,633,677,617,506,712,319,587,679,602,653,633,547,373,0,1063,298,0,432,1056,489,0,aro,lean_forward,1
1294,1786866284.255408,0,381,669,715,627,423,239,496,39,0,609,633,675,623,505,715,319,587,677,603,661,631,539,363,0,1063,300,0,432,1061,483,0,aro,lean_forward,1
1295,1786866284.275434,0,372,660,715,623,419,232,483,36,0,607,633,672,619,507,709,325,585,677,603,660,632,551,347,0,1065,297,0,431,1061,485,0,aro,lean_forward,1
1296,1786866284.295517,0,350,658,711,618,409,228,459,29,0,604,633,675,619,509,711,327,587,675,603,663,631,549,329,0,1063,297,0,435,1059,485,0,aro,lean_forward,1
1297,1786866284.315418,0,327,653,703,617,397,214,428,29,0,607,633,675,619,509,712,328,585,672,602,659,631,547,307,0,1063,300,0,432,1059,486,0,aro,lean_forward,1
1298,1786866284.335435,0,255,647,699,612,383,211,411,27,0,605,631,672,619,505,711,327,585,675,603,659,629,549,267,0,1063,303,0,431,1063,483,0,aro,lean_forward,1
1299,1786866284.355498,0,241,647,695,607,389,205,395,22,0,605,633,671,619,504,712,327,585,676,603,659,628,549,239,0,1063,301,0,432,1062,485,0,aro,lean_forward,1
1300,1786866284.375419,0,233,639,696,604,375,201,391,0,0,605,631,671,616,502,709,325,585,663,600,655,627,547,233,0,1064,299,0,431,1053,483,0,aro,lean_forward,1
1301,1786866284.395396,0,231,645,694,603,367,199,383,0,0,606,631,670,615,501,711,325,584,660,600,655,623,542,214,0,1063,299,0,430,1060,485,0,aro,lean_forward,1
1302,1786866284.414825,0,234,647,693,601,364,197,381,0,0,605,633,669,617,504,713,317,576,661,595,655,628,546,213,0,1062,297,0,431,1055,477,0,aro,lean_forward,1
1303,1786866284.435593,0,245,647,696,601,350,199,381,0,0,605,631,671,617,502,711,325,583,660,599,653,621,543,197,0,1064,295,0,427,1055,474,0,aro,lean_forward,1
1304,1786866284.455416,0,317,648,696,603,349,199,382,0,0,610,632,671,617,499,713,317,583,663,599,652,623,543,187,0,1061,299,0,427,1059,459,0,aro,lean_forward,1
1305,1786866284.475494,0,355,649,697,607,347,200,383,0,0,609,633,671,617,503,713,318,575,659,601,652,619,542,199,0,1063,299,0,425,1053,475,0,aro,lean_forward,1
1306,1786866284.495470,0,377,663,701,605,357,201,383,0,0,607,633,671,616,503,712,326,583,660,601,654,621,542,181,0,1062,303,0,423,1054,475,0,aro,lean_forward,1
1307,1786866284.515400,0,395,651,709,612,363,201,389,0,0,610,633,675,617,505,711,327,583,668,600,653,620,541,178,0,1061,301,0,421,1053,466,0,aro,lean_forward,1
1308,1786866284.535465,0,405,653,712,613,350,201,391,0,0,611,633,676,617,505,711,328,583,661,599,652,619,541,177,0,1060,303,0,415,1052,469,0,aro,lean_forward,1
1309,1786866284.555495,0,421,659,715,615,359,201,390,0,0,613,635,675,619,505,711,327,581,653,598,661,617,529,173,0,1059,309,0,411,1053,473,0,aro,lean_forward,1
1310,1786866284.575429,0,437,663,713,617,345,203,389,0,0,612,634,675,619,505,709,328,582,653,596,651,616,541,173,0,1059,303,0,407,1050,473,0,aro,lean_forward,1
1311,1786866284.595390,0,439,667,716,619,339,201,383,0,0,615,635,676,617,505,711,327,581,648,597,651,616,541,170,0,1055,303,0,403,1047,477,0,aro,lean_forward,1
1312,1786866284.615491,0,460,665,716,619,355,203,391,0,0,615,633,675,619,510,715,328,582,644,596,649,615,540,167,0,1055,303,0,398,1049,472,0,aro,lean_forward,1
1313,1786866284.635510,0,466,668,724,622,348,205,405,0,0,619,635,675,613,507,723,329,575,655,597,651,617,539,167,0,1061,302,0,395,1048,474,0,aro,lean_forward,1
1314,1786866284.655467,0,472,667,717,627,347,204,396,0,0,619,635,676,623,506,701,329,581,657,597,651,617,541,165,0,1055,301,0,391,1049,488,0,aro,lean_forward,1
1315,1786866284.675531,0,477,669,723,627,346,203,403,0,0,619,635,675,633,505,709,329,575,658,599,651,615,539,165,0,1055,319,0,389,1049,471,0,aro,lean_forward,1
1316,1786866284.695407,0,487,671,724,629,347,204,393,0,0,619,635,675,627,507,700,329,573,655,596,651,613,539,159,0,1055,325,0,381,1048,473,0,aro,lean_forward,1
1317,1786866284.715410,0,483,671,733,628,359,203,391,0,0,620,635,676,619,506,727,331,581,658,597,651,616,539,166,0,1053,328,0,381,1048,471,0,aro,lean_forward,1
1318,1786866284.735502,0,485,669,724,628,340,199,389,0,0,619,635,675,623,507,712,330,575,650,597,645,611,543,162,0,1053,329,0,379,1049,493,0,aro,lean_forward,1
1319,1786866284.755488,0,483,671,729,628,339,197,378,0,0,621,635,677,626,507,721,331,572,655,593,650,612,537,163,0,1055,328,0,390,1047,473,0,aro,lean_forward,1
1320,1786866284.775464,0,479,671,724,628,333,191,373,0,0,635,635,677,619,507,713,333,572,655,595,650,621,537,153,0,1045,327,0,379,1049,470,0,aro,lean_forward,1
1321,1786866284.795371,0,477,677,722,629,333,184,362,0,0,631,636,677,621,517,717,329,573,653,595,649,612,536,151,0,1056,325,0,382,1049,468,0,aro,lean_forward,1
1322,1786866284.815480,0,483,671,724,628,331,182,355,0,0,622,635,677,629,509,723,329,572,651,593,651,609,527,155,0,1055,303,0,381,1049,453,0,aro,lean_forward,1
1323,1786866284.835397,0,483,671,727,629,330,181,343,0,0,621,635,678,619,507,715,329,571,653,595,649,610,535,151,0,1055,308,0,381,1048,461,0,aro,lean_forward,1
1324,1786866284.855387,0,485,669,725,626,326,179,339,0,0,623,636,677,621,509,696,329,573,654,591,648,611,532,154,0,1060,306,0,383,1048,457,0,aro,lean_forward,1
1325,1786866284.875485,0,485,675,723,623,325,174,331,0,0,623,636,677,628,507,703,329,571,653,590,648,610,531,139,0,1059,302,0,380,1048,456,0,aro,lean_forward,1
1326,1786866284.894379,0,487,667,719,626,319,173,331,0,0,627,637,677,621,508,713,329,573,653,589,647,604,531,153,0,1055,307,0,377,1047,453,0,aro,lean_forward,1
1327,1786866284.915407,0,490,664,724,627,317,171,326,0,0,627,637,677,621,509,713,330,570,651,589,646,607,531,147,0,1055,301,0,379,1047,453,0,aro,lean_forward,1
1328,1786866284.935549,0,491,671,727,624,314,171,325,0,0,627,636,676,621,509,703,331,569,651,587,647,605,529,135,0,1055,311,0,379,1049,453,0,aro,lean_forward,1
1329,1786866284.955411,0,495,675,724,628,315,171,324,0,0,627,637,679,621,509,713,333,570,651,588,645,595,531,141,0,1048,301,0,377,1048,453,0,aro,lean_forward,1
1330,1786866284.975416,0,497,675,725,628,319,170,325,0,0,627,639,678,627,509,714,333,569,652,589,647,605,529,139,0,1055,300,0,377,1049,446,0,aro,lean_forward,1
1331,1786866284.995450,0,499,675,727,629,327,173,326,0,0,628,639,679,621,509,711,330,568,651,591,645,605,532,127,0,1055,307,0,379,1046,453,0,aro,lean_forward,1
1332,1786866285.015442,0,499,678,722,629,316,173,325,0,0,629,637,679,620,508,714,331,569,650,595,645,602,529,126,0,1055,304,0,379,1047,453,0,aro,lean_forward,1
1333,1786866285.035447,0,507,682,729,631,317,175,326,0,0,630,639,679,621,509,712,330,569,651,591,645,601,530,127,0,1055,295,0,380,1045,452,0,aro,lean_forward,1
1334,1786866285.055468,0,504,677,726,628,319,175,330,0,0,631,639,677,623,508,713,330,571,651,589,638,601,529,127,29,1059,300,0,377,1041,447,0,aro,lean_forward,1
1335,1786866285.075489,0,503,675,731,631,317,175,331,0,0,631,639,677,619,509,715,331,569,651,587,639,603,527,152,0,1061,303,0,380,1042,453,0,aro,lean_forward,1
1336,1786866285.095370,0,505,681,727,631,319,176,331,0,0,631,639,679,619,508,713,331,569,651,587,639,603,529,126,0,1056,311,0,383,1042,448,0,aro,lean_forward,1
1337,1786866285.115502,0,507,678,731,633,326,179,329,0,0,631,637,677,619,510,713,331,567,651,594,646,596,529,127,0,1059,304,0,384,1047,455,0,aro,lean_forward,1
1338,1786866285.135500,0,507,677,729,636,328,179,325,0,0,633,637,679,623,511,713,337,569,652,587,645,603,531,136,0,1059,307,0,405,1047,456,0,aro,lean_forward,1
1339,1786866285.155405,0,506,679,728,635,331,179,332,0,0,632,639,679,621,517,717,341,571,653,589,646,603,529,133,0,1063,290,0,411,1047,447,0,aro,lean_forward,1
1340,1786866285.174833,0,499,669,729,635,332,179,315,0,0,633,639,679,617,519,713,331,567,653,589,639,603,531,124,0,1063,315,0,421,1050,458,0,aro,lean_forward,1
1341,1786866285.195486,0,492,675,728,633,331,181,312,0,0,634,639,679,619,509,713,329,571,651,590,645,605,529,133,0,1064,296,0,425,1048,457,0,aro,lean_forward,1
1342,1786866285.215411,0,493,677,726,633,333,179,311,0,0,633,645,679,623,517,714,328,568,652,588,645,605,530,133,0,1063,301,0,425,1051,459,0,aro,lean_forward,1
1343,1786866285.235432,0,490,676,727,631,336,179,310,0,0,633,639,677,623,510,713,327,567,653,591,639,606,530,127,0,1064,308,0,427,1050,458,0,aro,lean_forward,1
1344,1786866285.255509,0,493,675,726,630,339,175,311,0,0,633,644,679,627,509,713,329,571,653,589,645,601,530,133,0,1064,299,0,425,1051,457,0,aro,lean_forward,1
1345,1786866285.275505,0,486,675,725,631,338,179,312,0,0,635,639,679,627,510,713,327,571,652,588,645,601,529,133,0,1063,303,0,429,1049,457,0,aro,lean_forward,1
1346,1786866285.295409,0,479,675,725,632,339,181,313,0,0,633,645,680,620,509,713,327,569,652,611,639,603,529,133,0,1063,300,0,431,1047,456,0,aro,lean_forward,1
1347,1786866285.315512,0,485,665,724,631,339,180,313,0,0,633,639,679,621,518,713,327,571,652,589,637,601,531,134,0,1065,298,0,431,1047,455,0,aro,lean_forward,1
1348,1786866285.335547,0,479,677,727,632,341,179,315,0,0,633,645,678,629,509,713,328,569,653,589,639,605,529,135,0,1063,312,0,431,1049,445,0,aro,lean_forward,1
1349,1786866285.355381,0,491,675,725,632,343,182,315,0,0,633,639,676,621,508,713,327,569,653,593,646,605,521,134,0,1065,304,0,436,1051,455,0,aro,lean_forward,1
1350,1786866285.375511,0,485,671,723,632,341,180,315,0,0,635,645,678,627,508,715,327,570,652,589,639,601,532,132,0,1065,307,0,437,1049,453,0,aro,lean_forward,1
1351,1786866285.395460,0,478,675,727,631,341,181,315,0,0,633,645,677,623,507,713,327,568,652,589,647,602,531,134,0,1064,309,0,439,1053,457,0,aro,lean_forward,1
1352,1786866285.415384,0,489,675,725,632,340,181,317,0,0,634,645,679,623,509,713,329,572,652,589,646,603,529,135,0,1064,309,0,438,1049,459,0,aro,lean_forward,1
1353,1786866285.435475,0,487,675,729,633,341,181,319,0,0,631,645,678,620,509,713,327,571,653,593,645,605,531,135,0,1065,308,0,437,1052,459,0,aro,lean_forward,1
1354,1786866285.455496,0,474,675,727,632,341,183,327,0,0,635,639,677,624,509,713,327,569,652,569,647,603,531,135,0,1066,303,0,437,1019,458,0,aro,lean_forward,1
1355,1786866285.475448,0,483,675,725,633,342,183,331,0,0,633,649,677,621,509,712,328,569,653,589,639,604,529,135,0,1066,303,0,439,1049,459,0,aro,lean_forward,1
1356,1786866285.495378,0,482,675,726,633,341,183,335,0,0,634,637,681,622,509,713,326,570,652,589,647,603,532,139,0,1065,299,0,439,1047,459,0,aro,lean_forward,1
1357,1786866285.515490,0,477,676,725,630,343,185,339,0,0,635,645,678,627,509,713,328,571,653,589,647,604,531,135,0,1067,306,0,441,1064,457,0,aro,lean_forward,1
1358,1786866285.535453,0,485,675,723,633,343,185,341,0,0,633,643,679,619,509,713,327,571,653,589,647,602,532,137,0,1065,311,0,437,1047,458,0,aro,lean_forward,1
1359,1786866285.555159,0,487,675,727,633,344,187,343,0,0,634,639,679,619,507,713,327,571,653,589,645,605,533,139,0,1066,307,0,441,1064,459,0,aro,lean_forward,1
1360,1786866285.575523,0,475,675,722,633,345,185,345,0,0,633,639,676,610,507,715,327,571,653,589,647,605,532,139,0,1065,306,0,441,1047,459,0,aro,lean_forward,1
1361,1786866285.595349,0,472,671,723,631,345,185,347,0,0,629,639,678,622,507,711,325,572,653,581,647,605,534,139,0,1064,301,0,439,1045,459,0,aro,lean_forward,1
1362,1786866285.615377,0,467,671,729,630,347,186,347,0,0,633,639,679,621,503,713,319,585,653,591,646,605,533,149,0,1064,301,0,443,1055,460,0,aro,lean_forward,1
1363,1786866285.635615,0,462,671,723,623,347,187,349,0,0,627,637,675,619,506,714,325,571,653,589,647,605,536,149,0,1065,299,0,440,1049,443,0,aro,lean_forward,1
1364,1786866285.655405,0,461,671,725,629,346,187,355,0,0,631,639,671,619,503,713,325,569,653,593,647,607,534,155,0,1064,300,0,439,1051,459,0,aro,lean_forward,1
1365,1786866285.675412,0,465,671,727,631,347,187,359,0,0,633,645,677,623,505,713,325,570,653,589,646,607,533,153,0,1065,297,0,441,1049,459,0,aro,lean_forward,1
1366,1786866285.695108,0,465,671,723,631,346,189,365,0,0,632,639,677,623,504,713,325,571,653,594,647,611,531,159,0,1063,297,0,439,1022,461,0,aro,lean_forward,1
1367,1786866285.715487,0,460,671,723,630,347,191,371,0,0,633,639,677,619,503,711,325,571,653,587,646,603,534,159,0,1066,299,0,439,1047,461,0,aro,lean_forward,1
1368,1786866285.735525,0,458,671,727,631,349,191,371,0,0,633,639,677,621,505,713,325,568,653,589,647,603,535,159,0,1063,302,0,439,1048,461,0,aro,lean_forward,1
1369,1786866285.755370,0,456,670,721,629,348,189,372,0,0,631,637,677,619,501,713,326,572,653,595,647,595,535,159,0,1063,301,0,441,1049,459,0,aro,lean_forward,1
1370,1786866285.775503,0,454,670,723,630,347,190,371,0,0,631,636,671,619,503,713,319,565,653,587,655,611,535,159,0,1060,301,0,436,1048,460,0,aro,lean_forward,1
1371,1786866285.795382,0,453,670,719,629,347,189,373,0,0,629,639,671,615,505,713,327,571,654,595,647,607,535,159,0,1063,307,0,437,1054,459,0,aro,lean_forward,1
1372,1786866285.815371,0,453,671,716,630,348,191,375,0,0,632,637,676,612,503,713,327,573,653,588,647,609,535,159,0,1061,299,0,433,1048,461,0,aro,lean_forward,1
1373,1786866285.835446,0,453,667,723,631,347,189,375,0,0,631,638,677,609,503,712,319,581,653,585,635,611,535,163,0,1061,299,0,431,1048,459,0,aro,lean_forward,1
1374,1786866285.855450,0,453,670,723,631,349,197,379,0,0,631,635,668,621,503,711,325,566,655,587,661,604,535,164,0,1061,313,0,427,1049,460,0,aro,lean_forward,1
1375,1786866285.875427,0,453,670,723,631,348,197,379,0,0,629,635,676,627,504,713,327,573,654,591,647,611,533,158,0,1063,299,0,428,1049,461,0,aro,lean_forward,1
1376,1786866285.895340,0,453,671,733,631,342,199,379,0,0,629,645,675,621,503,713,328,575,655,589,648,611,535,167,0,1063,303,0,427,1050,461,0,aro,lean_forward,1
1377,1786866285.915482,0,453,671,723,629,349,197,380,0,0,629,637,676,619,501,713,325,573,653,595,649,611,535,159,0,1055,283,0,425,1047,460,0,aro,lean_forward,1
1378,1786866285.935485,0,453,671,727,631,349,197,380,0,0,627,636,675,620,503,713,327,583,653,594,649,610,536,163,0,1063,293,0,425,1049,459,0,aro,lean_forward,1
1379,1786866285.954769,0,455,671,724,631,347,197,381,0,0,628,637,675,619,499,713,327,589,653,595,647,617,535,163,0,1059,302,0,420,1047,459,0,aro,lean_forward,1
1380,1786866285.975513,0,453,671,723,628,348,198,381,0,0,629,635,675,619,499,717,325,584,654,589,646,611,536,163,0,1060,311,0,419,1043,459,0,aro,lean_forward,1
1381,1786866285.995340,0,455,671,724,631,347,199,389,0,0,631,638,675,619,501,712,325,575,654,589,647,607,535,163,0,1055,301,0,415,1047,459,0,aro,lean_forward,1
1382,1786866286.015385,0,456,671,723,631,349,199,391,0,0,629,637,678,621,499,713,327,573,653,596,648,611,536,163,0,1063,299,0,425,1045,459,0,aro,lean_forward,1
1383,1786866286.035514,0,459,672,731,631,347,200,391,0,0,631,639,676,627,499,713,325,574,655,591,648,607,536,165,0,1055,299,0,422,1045,459,0,aro,lean_forward,1
1384,1786866286.055495,0,460,671,725,631,347,201,393,0,0,631,637,671,619,499,713,326,581,655,595,647,619,536,164,0,1059,309,0,419,1046,458,0,aro,lean_forward,1
1385,1786866286.075394,0,460,671,725,631,347,200,393,0,0,631,636,676,620,496,713,327,573,653,595,647,607,535,167,0,1055,279,0,421,1047,457,0,aro,lean_forward,1
1386,1786866286.095370,0,460,671,725,631,347,200,394,0,0,629,633,671,620,501,712,318,580,653,591,647,612,537,163,0,1059,299,0,425,1051,457,0,aro,lean_forward,1
1387,1786866286.114598,0,460,671,725,629,347,200,395,0,0,626,637,676,619,495,713,326,572,653,593,650,612,539,163,0,1054,300,0,416,1045,457,0,aro,lean_forward,1
1388,1786866286.135446,0,461,672,725,633,347,201,393,0,0,629,639,677,619,501,713,320,573,654,593,648,606,535,165,0,1053,299,0,423,1049,457,0,aro,lean_forward,1
1389,1786866286.155417,0,463,672,725,632,348,201,394,0,0,629,635,677,619,499,712,328,573,653,591,647,611,535,164,0,1059,298,0,415,1048,457,0,aro,lean_forward,1
1390,1786866286.175546,0,461,671,724,631,347,198,395,0,0,629,635,670,619,495,712,319,573,652,593,651,611,536,165,0,1055,301,0,415,1048,457,0,aro,lean_forward,1
1391,1786866286.195392,0,462,671,727,632,347,199,394,0,0,628,637,675,620,499,713,325,575,655,593,648,611,537,165,0,1061,299,0,410,1053,456,0,aro,lean_forward,1
1392,1786866286.215376,0,461,671,725,631,348,201,393,0,0,629,638,675,615,499,711,325,573,653,593,647,603,535,164,0,1055,300,0,421,1048,458,0,aro,lean_forward,1
1393,1786866286.235402,0,462,671,725,631,347,201,393,0,0,627,635,677,617,503,713,327,573,653,595,648,611,536,175,0,1059,307,0,423,1046,457,0,aro,lean_forward,1
1394,1786866286.255647,0,461,674,725,633,347,200,391,0,0,628,636,677,619,503,713,324,573,654,587,649,611,537,164,0,1059,299,0,421,1047,457,0,aro,lean_forward,1
1395,1786866286.275421,0,459,671,725,632,347,200,389,0,0,631,637,677,619,499,712,325,572,654,595,648,611,536,165,0,1055,301,0,421,1045,458,0,aro,lean_forward,1
1396,1786866286.295363,0,457,671,725,631,345,201,391,0,0,631,637,671,619,495,713,319,573,654,591,648,607,533,163,0,1054,303,0,427,1059,459,0,aro,lean_forward,1
1397,1786866286.315479,0,455,671,725,631,345,201,389,0,0,629,639,677,619,499,713,327,572,654,575,647,605,537,164,0,1061,301,0,421,1053,461,0,aro,lean_forward,1
1398,1786866286.335488,0,456,671,724,630,345,201,389,0,0,627,635,679,619,495,713,327,574,658,593,648,607,535,164,0,1055,303,0,429,1050,459,0,aro,lean_forward,1
1399,1786866286.355379,0,456,671,725,630,346,200,391,0,0,631,639,676,617,499,713,325,575,654,597,647,611,537,164,0,1060,302,0,429,1051,459,0,aro,lean_forward,1
1400,1786866286.375498,0,457,671,725,629,349,199,391,0,0,631,639,675,617,500,712,319,573,657,585,647,613,536,167,0,1061,302,0,431,1049,460,0,aro,lean_forward,1
1401,1786866286.395349,0,459,671,724,631,347,201,392,0,0,629,635,671,615,501,714,319,571,653,603,647,611,537,165,0,1059,302,0,429,1065,459,0,aro,lean_forward,1
1402,1786866286.415378,0,465,671,726,631,347,202,395,0,0,628,639,677,615,499,711,325,570,654,587,648,613,537,165,0,1060,303,0,427,1048,459,0,aro,lean_forward,1
1403,1786866286.435508,0,467,675,725,629,348,203,397,0,0,627,635,671,616,495,713,324,582,655,591,648,612,537,165,0,1055,301,0,430,1051,460,0,aro,lean_forward,1
1404,1786866286.454659,0,467,675,726,631,347,203,397,0,0,628,633,675,619,500,711,325,571,654,589,648,611,537,165,0,1059,301,0,428,1061,460,0,aro,lean_forward,1
1405,1786866286.475478,0,470,671,725,632,349,203,399,0,0,629,636,675,616,495,714,325,573,653,591,646,610,539,165,0,1061,301,0,430,1049,461,0,aro,lean_forward,1
1406,1786866286.495453,0,471,675,725,633,348,203,399,0,0,619,635,669,619,495,713,319,573,653,591,652,607,537,165,0,1047,301,0,431,1051,461,0,aro,lean_forward,1
1407,1786866286.515401,0,471,671,725,631,349,203,399,0,0,627,637,676,619,494,712,325,573,655,590,648,613,537,165,0,1064,300,0,435,1049,459,0,aro,lean_forward,1
1408,1786866286.535507,0,471,675,725,633,349,203,399,0,0,627,637,672,618,499,713,319,571,654,603,649,607,537,165,0,1063,300,0,428,1053,459,0,aro,lean_forward,1
1409,1786866286.555398,0,471,671,726,632,349,205,399,0,0,629,635,677,619,501,713,327,571,657,589,647,612,538,164,0,1063,303,0,427,1045,459,0,aro,lean_forward,1
1410,1786866286.575493,0,471,671,725,633,351,203,403,0,0,621,639,679,617,491,711,319,569,659,591,647,606,537,159,0,1059,301,0,429,1051,460,0,aro,lean_forward,1
1411,1786866286.595381,0,471,672,727,632,350,203,399,0,0,629,635,675,616,499,713,325,559,653,589,648,611,535,165,0,1061,301,0,430,1047,459,0,aro,lean_forward,1
1412,1786866286.615381,0,471,671,726,634,348,204,399,0,0,629,637,671,615,501,712,325,563,654,591,649,605,537,165,0,1061,303,0,431,1049,458,0,aro,lean_forward,1
1413,1786866286.635646,0,471,671,727,633,349,204,402,0,0,629,633,666,619,496,712,325,569,657,589,658,611,537,165,0,1061,301,0,435,1067,459,0,aro,lean_forward,1
1414,1786866286.655404,0,471,672,725,634,349,199,397,0,0,629,639,681,619,493,712,327,567,653,591,647,621,537,166,0,1060,302,0,436,1049,463,0,aro,lean_forward,1
1415,1786866286.675452,0,471,671,726,633,350,205,399,0,0,619,637,680,619,500,713,319,567,653,590,648,605,537,163,0,1061,303,0,438,1049,457,0,aro,lean_forward,1
1416,1786866286.695471,0,469,675,727,632,349,203,399,0,0,635,636,671,619,493,715,326,572,653,591,649,607,537,165,0,1063,303,0,429,1049,460,0,aro,lean_forward,1
1417,1786866286.715559,0,469,671,725,632,351,203,399,0,0,627,623,675,617,504,713,329,573,658,590,647,613,539,164,0,1065,303,0,423,1048,461,0,aro,lean_forward,1
1418,1786866286.735506,0,469,675,726,633,349,204,403,0,0,627,637,664,618,499,712,319,569,657,590,648,600,539,165,0,1064,303,0,435,1048,461,0,aro,lean_forward,1
1419,1786866286.755386,0,463,672,725,631,353,204,399,0,0,627,635,679,621,501,713,317,559,653,588,649,603,540,166,0,1061,303,0,431,1049,461,0,aro,lean_forward,1
1420,1786866286.775479,0,458,674,725,629,351,203,396,0,0,633,636,671,617,499,713,315,575,653,591,647,610,537,165,0,1065,302,0,445,1050,460,0,aro,lean_forward,1
1421,1786866286.795352,0,455,671,725,631,349,203,395,0,0,630,633,674,612,499,725,327,575,658,591,651,611,536,165,0,1063,303,0,435,1047,458,0,aro,lean_forward,1
1422,1786866286.815369,0,446,671,725,630,349,203,394,0,0,623,645,676,619,499,713,327,573,659,590,648,611,537,166,0,1063,303,0,437,1045,461,0,aro,lean_forward,1
1423,1786866286.835452,0,440,671,725,629,349,211,391,0,0,627,637,675,619,493,713,333,575,655,590,648,601,538,165,0,1059,303,0,440,1053,460,0,aro,lean_forward,1
1424,1786866286.855370,0,435,668,724,629,351,202,391,0,0,619,633,675,618,495,713,343,573,654,590,647,609,536,165,0,1065,303,0,435,1050,461,0,aro,lean_forward,1
1425,1786866286.875374,0,429,671,723,629,349,203,391,0,0,626,635,670,619,495,713,325,574,653,591,649,611,535,165,0,1067,303,0,422,1052,459,0,aro,lean_forward,1
1426,1786866286.895435,0,427,671,724,626,351,201,389,0,0,626,633,671,617,499,711,327,575,653,591,649,611,539,163,0,1063,302,0,437,1049,458,0,aro,lean_forward,1
1427,1786866286.915406,0,427,669,725,629,349,203,389,0,0,614,647,671,617,495,711,327,579,657,593,648,611,537,165,0,1064,303,0,427,1052,460,0,aro,lean_forward,1
1428,1786866286.935451,0,429,669,725,628,349,203,389,0,0,623,663,677,619,501,714,328,574,654,591,647,612,540,166,0,1063,307,0,437,1049,461,0,aro,lean_forward,1
1429,1786866286.954748,0,429,671,725,629,347,201,389,0,0,623,647,669,618,501,715,314,579,653,591,648,611,540,166,0,1066,309,0,445,1051,467,0,aro,lean_forward,1
1430,1786866286.975414,0,429,671,725,629,349,202,392,0,0,621,627,675,619,503,715,328,579,655,593,648,612,539,165,0,1065,303,0,431,1051,460,0,aro,lean_forward,1
1431,1786866286.995323,0,432,671,725,630,350,205,392,0,0,627,637,678,621,499,715,327,581,654,591,649,611,535,167,0,1061,302,0,441,1051,461,0,aro,lean_forward,1
1432,1786866287.015372,0,435,671,725,631,351,203,393,0,0,627,629,671,619,501,713,319,575,658,589,646,611,537,165,0,1061,301,0,437,1050,461,0,aro,lean_forward,1
1433,1786866287.035445,0,439,675,725,631,351,204,397,0,0,627,631,671,619,494,715,329,579,659,594,648,612,537,165,0,1045,300,0,441,1047,463,0,aro,lean_forward,1
1434,1786866287.055386,0,441,671,725,631,351,203,397,0,0,618,647,677,619,500,716,307,573,658,591,649,611,539,166,0,1059,300,0,437,1051,463,0,aro,lean_forward,1
1435,1786866287.075426,0,441,675,725,633,350,201,397,0,0,632,635,675,619,492,713,324,573,659,591,648,612,537,165,0,1041,299,0,436,1049,460,0,aro,lean_forward,1
1436,1786866287.095472,0,445,671,726,647,351,203,398,0,0,622,638,676,618,501,713,325,573,655,591,649,613,535,168,0,1054,298,0,436,1049,462,0,aro,lean_forward,1
1437,1786866287.115375,0,446,671,725,631,351,203,397,0,0,627,635,669,617,501,713,329,573,657,591,649,611,537,165,0,1071,298,0,419,1049,462,0,aro,lean_forward,1
1438,1786866287.135527,0,447,675,726,633,351,203,398,0,0,621,636,677,617,497,712,327,575,652,593,645,611,541,167,0,1048,297,0,437,1051,465,0,aro,lean_forward,1
1439,1786866287.155492,0,447,671,727,631,350,201,399,0,0,627,636,677,619,494,715,328,573,653,591,647,611,537,165,0,1069,298,0,431,1051,467,0,aro,lean_forward,1
1440,1786866287.175413,0,451,671,727,633,350,205,397,0,0,627,637,677,619,499,712,328,573,653,590,647,611,539,166,0,1082,298,0,436,1049,461,0,aro,lean_forward,1
1441,1786866287.195372,0,447,671,726,631,349,203,395,0,0,628,637,677,619,493,714,326,573,652,593,651,611,537,167,0,1055,296,0,439,1051,469,0,aro,lean_forward,1
1442,1786866287.215477,0,447,675,727,630,349,203,395,0,0,627,633,675,618,491,715,319,571,657,590,647,611,526,167,0,1055,295,0,437,1051,463,0,aro,lean_forward,1
1443,1786866287.235519,0,448,675,727,631,349,204,393,0,0,628,636,669,619,495,712,326,571,659,589,647,610,538,165,0,1045,295,0,439,1050,466,0,aro,lean_forward,1
1444,1786866287.255401,0,453,671,725,633,349,201,393,0,0,623,639,671,618,492,715,325,573,655,591,648,611,539,165,0,1045,295,0,437,1051,463,0,aro,lean_forward,1
1445,1786866287.275492,0,453,671,727,633,348,205,391,0,0,620,631,660,619,509,715,319,571,653,590,649,611,537,166,0,1047,293,0,437,1051,458,0,aro,lean_forward,1
1446,1786866287.295470,0,453,671,726,631,346,211,393,0,0,628,639,669,617,493,712,326,572,653,591,647,611,537,159,0,1050,295,0,437,1050,469,0,aro,lean_forward,1
1447,1786866287.315380,0,455,674,725,633,349,204,395,0,0,621,633,667,617,489,713,328,574,664,592,647,612,539,165,0,1053,294,0,436,1049,469,0,aro,lean_forward,1
1448,1786866287.335376,0,455,675,725,631,349,201,392,0,0,631,633,679,619,492,712,317,573,653,591,647,613,539,165,0,1049,293,0,436,1051,467,0,aro,lean_forward,1
1449,1786866287.355476,0,457,671,726,631,347,204,394,0,0,628,635,671,617,493,714,328,572,655,591,649,611,531,165,0,1058,294,0,435,1049,468,0,aro,lean_forward,1
1450,1786866287.375400,0,457,675,727,633,349,203,393,0,0,631,637,671,617,491,711,317,571,653,593,647,612,541,167,0,1047,295,0,436,1050,465,0,aro,lean_forward,1
1451,1786866287.395351,0,455,675,727,633,347,203,392,0,0,623,631,677,619,492,713,325,573,653,593,649,611,536,163,0,1053,293,0,436,1050,463,0,aro,lean_forward,1
1452,1786866287.415486,0,455,671,727,631,345,202,394,0,0,628,639,667,619,493,712,319,572,655,591,649,611,536,163,0,1050,292,0,437,1050,467,0,aro,lean_forward,1
1453,1786866287.435428,0,446,672,725,633,346,201,392,0,0,628,635,672,617,485,713,317,573,655,591,647,611,539,166,0,1049,293,0,437,1048,467,0,aro,lean_forward,1
1454,1786866287.455387,0,445,671,726,631,345,204,392,0,0,622,637,671,617,487,713,318,573,653,591,646,611,536,165,0,1053,294,0,438,1049,467,0,aro,lean_forward,1
1455,1786866287.475486,0,442,676,725,635,346,201,393,0,0,625,635,667,618,489,711,319,573,649,591,647,611,538,165,0,1051,293,0,439,1051,463,0,aro,lean_forward,1
1456,1786866287.495365,0,441,676,725,631,347,200,391,0,0,623,635,672,619,489,712,319,572,659,591,628,611,541,164,0,1049,293,0,436,1051,469,0,aro,lean_forward,1
1457,1786866287.515378,0,440,671,725,631,345,207,391,0,0,622,635,671,617,500,709,319,571,657,589,645,611,541,158,0,1048,295,0,437,1051,447,0,aro,lean_forward,1
1458,1786866287.535497,0,440,675,723,630,349,201,392,0,0,645,633,669,617,499,714,326,571,649,590,648,605,539,168,0,1048,293,0,437,1049,465,0,aro,lean_forward,1
1459,1786866287.555499,0,441,671,725,631,347,201,391,0,0,631,633,665,617,493,713,327,573,655,593,647,611,537,163,0,1052,294,0,435,1047,437,0,aro,lean_forward,1
1460,1786866287.575386,0,443,671,725,631,346,201,393,0,0,627,633,675,618,490,711,319,572,651,590,647,612,537,167,0,1043,295,0,437,1051,467,0,aro,lean_forward,1
1461,1786866287.595357,0,445,671,726,632,348,191,395,0,0,627,637,678,619,501,713,326,571,653,591,651,611,551,165,0,1055,293,0,438,1051,461,0,aro,lean_forward,1
1462,1786866287.615447,0,445,675,725,631,349,204,394,0,0,629,637,671,617,493,713,313,571,653,591,649,611,533,163,0,1051,294,0,435,1050,466,0,aro,lean_forward,1
1463,1786866287.635455,0,447,675,727,632,348,203,395,0,0,623,636,681,618,493,714,329,572,652,590,647,611,539,167,0,1044,292,0,437,1049,468,0,aro,lean_forward,1
1464,1786866287.655367,0,447,671,726,635,347,202,397,0,0,619,633,678,616,473,711,319,573,655,590,646,611,537,165,0,1047,293,0,437,1049,461,0,aro,lean_forward,1
1465,1786866287.675463,0,453,672,727,631,349,203,398,0,0,619,623,674,616,489,711,327,571,651,591,649,611,539,163,0,1053,291,0,436,1049,461,0,aro,lean_forward,1
1466,1786866287.695376,0,446,671,725,633,347,203,399,0,0,637,637,675,617,489,713,327,571,653,591,647,611,537,167,0,1046,287,0,437,1050,467,0,aro,lean_forward,1
1467,1786866287.715382,0,445,670,725,632,355,205,399,0,0,631,647,675,618,489,709,325,572,655,591,645,611,539,167,0,1045,291,0,437,1049,467,0,aro,lean_forward,1
1468,1786866287.735494,0,442,676,727,632,349,203,403,0,0,623,635,675,617,487,711,329,572,653,590,648,612,536,167,0,1059,293,0,437,1051,469,0,aro,lean_forward,1
1469,1786866287.755460,0,439,671,727,631,350,205,405,0,0,631,645,675,617,487,727,315,573,651,591,648,611,541,169,0,1047,292,0,437,1050,466,0,aro,lean_forward,1
1470,1786866287.775421,0,432,671,725,632,347,205,408,0,0,623,633,671,617,488,701,317,573,655,591,647,611,535,167,0,1071,295,0,437,1049,463,0,aro,lean_forward,1
1471,1786866287.795346,0,431,672,725,631,348,205,405,0,0,621,639,672,616,487,711,301,572,653,591,647,611,537,168,0,1053,295,0,439,1049,463,0,aro,lean_forward,1
1472,1786866287.815434,0,430,671,725,629,350,205,405,0,0,623,636,675,616,487,717,313,571,659,591,649,613,537,167,0,1043,293,0,437,1051,460,0,aro,lean_forward,1
1473,1786866287.835596,0,426,671,726,631,353,205,405,0,0,627,638,671,616,487,712,311,571,657,591,648,611,539,167,0,1047,291,0,437,1049,445,0,aro,lean_forward,1
1474,1786866287.855361,0,427,671,725,630,349,205,407,0,0,618,633,674,617,491,713,316,571,655,593,649,611,541,169,0,1048,291,0,439,1049,469,0,aro,lean_forward,1
1475,1786866287.875478,0,424,671,727,629,349,207,405,0,0,621,633,671,615,487,711,316,573,659,591,649,611,532,167,0,1063,293,0,437,1051,471,0,aro,lean_forward,1
1476,1786866287.895327,0,424,671,726,631,351,205,405,0,0,628,633,671,616,487,713,326,571,655,595,646,611,537,167,0,1048,287,0,437,1051,469,0,aro,lean_forward,1
1477,1786866287.915375,0,421,670,725,629,348,204,405,0,0,619,633,669,616,485,709,317,573,653,591,649,612,539,169,0,1051,291,0,439,1051,462,0,aro,lean_forward,1
1478,1786866287.935547,0,423,680,725,629,349,205,406,0,0,617,632,669,615,485,710,315,573,657,589,647,611,541,169,0,1049,287,0,437,1049,467,0,aro,lean_forward,1
1479,1786866287.955330,0,427,669,724,631,351,205,411,0,0,619,635,669,613,485,711,315,572,651,591,649,613,537,169,0,1066,287,0,438,1051,469,0,aro,lean_forward,1
1480,1786866287.975387,0,424,666,723,631,351,204,406,0,0,619,633,671,615,485,703,315,573,655,591,649,611,541,169,0,1047,287,0,439,1051,470,0,aro,lean_forward,1
1481,1786866287.995316,0,425,667,725,630,349,204,405,0,0,619,633,670,613,483,704,315,573,658,591,647,613,541,169,0,1046,292,0,438,1050,469,0,aro,lean_forward,1
1482,1786866288.015451,0,425,670,726,629,351,205,405,0,0,619,635,669,617,485,715,315,573,655,594,649,613,535,165,0,1029,284,0,438,1051,472,0,aro,lean_forward,1
1483,1786866288.035509,0,425,671,725,631,349,205,406,0,0,619,633,671,613,483,710,316,573,658,593,649,611,539,171,0,1048,292,0,439,1052,467,0,aro,lean_forward,1
1484,1786866288.055366,0,427,671,727,630,355,205,406,0,0,617,633,671,613,485,709,317,572,658,594,647,612,539,169,0,1047,284,0,439,1051,467,0,aro,lean_forward,1
1485,1786866288.075491,0,425,674,726,629,355,205,406,0,0,621,617,669,615,479,712,308,573,655,594,649,611,537,169,0,1045,287,0,439,1051,475,0,aro,lean_forward,1
1486,1786866288.095356,0,423,669,725,629,355,202,407,0,0,609,646,671,615,484,697,319,571,655,594,647,613,537,169,0,1047,285,0,439,1053,470,0,aro,lean_forward,1
1487,1786866288.115355,0,425,668,723,630,355,203,409,0,0,617,633,669,616,483,707,315,572,654,593,647,613,539,171,0,1047,287,0,439,1051,469,0,aro,lean_forward,1
1488,1786866288.135526,0,427,669,725,629,355,205,407,0,0,619,633,669,614,483,711,315,571,655,597,647,613,533,171,0,1047,287,0,440,1055,474,0,aro,lean_forward,1
1489,1786866288.155401,0,422,671,725,630,350,205,408,0,0,618,631,671,615,484,713,314,571,655,595,650,613,541,171,0,1053,285,0,441,1051,473,0,aro,lean_forward,1
1490,1786866288.175397,0,423,670,724,631,356,205,408,0,0,619,632,669,617,483,701,315,573,651,594,651,612,541,169,0,1048,284,0,440,1051,467,0,aro,lean_forward,1
1491,1786866288.195458,0,423,671,727,630,351,205,405,0,0,617,632,669,615,485,711,317,573,639,589,651,612,541,171,0,1047,287,0,441,1051,479,0,aro,lean_forward,1
1492,1786866288.215380,0,424,669,725,630,351,205,404,0,0,619,633,669,613,485,715,316,571,654,593,649,612,537,171,0,1047,291,0,441,1049,469,0,aro,lean_forward,1
1493,1786866288.235424,0,421,666,725,630,349,205,399,0,0,618,633,669,613,484,709,317,571,653,593,637,612,537,170,0,1047,291,0,441,1050,468,0,aro,lean_forward,1
1494,1786866288.255473,0,423,669,723,629,347,205,405,0,0,619,632,671,615,485,711,316,571,645,589,646,612,541,169,0,1049,285,0,439,1051,472,0,aro,lean_forward,1
1495,1786866288.275413,0,423,671,725,631,350,205,402,0,0,619,633,669,615,485,712,317,571,655,591,649,611,555,169,0,1047,291,0,439,1051,471,0,aro,lean_forward,1
1496,1786866288.295341,0,424,671,725,631,355,205,403,0,0,615,633,671,613,487,714,315,573,647,591,648,612,535,168,0,1045,291,0,439,1054,457,0,aro,lean_forward,1
1497,1786866288.315506,0,422,669,725,631,352,203,405,0,0,617,630,667,615,485,709,313,571,654,595,650,607,538,168,0,1048,285,0,438,1050,469,0,aro,lean_forward,1
1498,1786866288.335437,0,424,667,725,631,349,206,404,0,0,619,634,671,612,487,716,317,571,654,591,666,611,539,168,21,1035,293,0,438,1051,471,0,aro,lean_forward,1
1499,1786866288.354451,0,425,665,727,632,350,207,403,0,0,619,633,671,614,487,713,317,571,655,589,651,613,542,169,25,1049,292,0,436,1053,471,0,aro,lean_forward,1
1500,1786866288.375426,0,425,671,726,633,349,205,398,0,0,619,633,671,614,487,713,318,571,657,591,649,611,539,168,0,1049,287,0,437,1047,466,0,aro,lean_forward,1
1501,1786866288.395427,0,429,671,725,632,351,205,403,0,0,620,633,670,616,487,712,319,571,654,591,649,611,549,167,0,1047,293,0,435,1047,466,0,aro,lean_forward,1
1502,1786866288.415089,0,429,676,728,632,355,206,399,0,0,619,633,671,614,488,712,318,572,652,590,652,611,535,168,0,1049,292,0,432,1051,471,0,aro,lean_forward,1
1503,1786866288.435592,0,435,668,727,631,355,205,399,0,0,620,635,671,613,487,713,319,571,653,589,649,611,537,167,0,1049,293,0,430,1051,459,0,aro,lean_forward,1
1504,1786866288.455452,0,437,671,727,633,347,203,400,0,0,621,635,670,616,488,711,324,573,669,595,648,615,539,165,20,1049,291,0,430,1049,465,0,aro,lean_forward,1
1505,1786866288.475417,0,441,671,727,637,350,202,401,0,0,621,633,670,616,489,713,317,572,654,591,649,613,540,167,0,1051,294,0,425,1043,469,0,aro,lean_forward,1
1506,1786866288.495367,0,444,662,725,631,351,203,398,0,0,621,633,675,616,488,712,319,572,653,595,649,607,539,166,0,1049,293,0,431,1051,467,0,aro,lean_forward,1
1507,1786866288.515505,0,441,671,727,631,349,203,394,0,0,623,635,671,615,489,702,325,571,655,595,645,611,539,166,0,1051,294,0,429,1049,466,0,aro,lean_forward,1
1508,1786866288.535567,0,446,671,725,633,346,203,406,0,0,625,635,671,617,489,713,318,571,653,590,649,605,538,164,0,1051,296,0,427,1049,463,0,aro,lean_forward,1
1509,1786866288.555362,0,457,675,727,633,359,199,395,0,0,621,635,671,616,484,713,319,573,657,593,649,612,539,166,0,1053,295,0,429,1049,461,0,aro,lean_forward,1
1510,1786866288.575478,0,454,675,726,633,347,204,393,0,0,629,635,671,616,491,713,319,572,653,589,647,605,537,169,0,1049,299,0,425,1047,461,0,aro,lean_forward,1
1511,1786866288.595340,0,467,671,727,632,348,203,395,0,0,623,634,671,619,493,718,325,571,653,591,647,612,538,164,0,1051,307,0,425,1046,445,0,aro,lean_forward,1
1512,1786866288.615373,0,463,670,727,633,359,203,397,0,0,627,635,671,616,492,715,326,567,652,589,647,605,538,165,0,1052,315,0,424,1051,458,0,aro,lean_forward,1
1513,1786866288.635477,0,474,672,728,635,348,205,396,0,0,621,633,671,613,495,714,325,567,654,596,653,610,536,165,0,1053,327,0,425,1043,457,0,aro,lean_forward,1
1514,1786866288.655441,0,478,670,728,635,347,205,399,0,0,627,635,675,618,495,713,327,571,653,591,648,613,537,163,0,1053,325,0,429,1048,459,0,aro,lean_forward,1
1515,1786866288.675380,0,476,676,730,635,347,203,395,0,0,627,636,675,637,495,709,328,571,654,591,647,613,537,164,0,1055,333,0,421,1048,459,0,aro,lean_forward,1
1516,1786866288.695360,0,478,675,728,635,344,204,403,0,0,627,635,675,620,499,714,327,571,653,591,647,611,537,163,0,1054,328,0,421,1047,460,0,aro,lean_forward,1
1517,1786866288.715422,0,473,675,731,633,344,205,393,0,0,627,636,675,619,495,731,329,569,653,591,647,610,536,160,0,1053,327,0,421,1044,461,0,aro,lean_forward,1
1518,1786866288.735456,0,474,677,729,634,345,203,393,0,0,629,635,671,607,495,698,329,571,655,591,649,613,537,162,0,1055,317,0,420,1047,460,0,aro,lean_forward,1
1519,1786866288.755347,0,475,675,728,636,346,201,397,0,0,627,635,672,621,495,709,328,569,653,589,646,609,536,163,0,1055,325,0,423,1051,459,0,aro,lean_forward,1
1520,1786866288.775460,0,469,679,726,633,345,202,392,0,0,628,635,671,617,495,713,327,570,653,587,649,606,537,159,0,1053,313,0,428,1047,460,0,aro,lean_forward,1
1521,1786866288.795342,0,466,677,728,633,343,201,389,0,0,615,635,672,616,491,715,330,573,655,587,649,607,537,163,0,1053,302,0,423,1049,459,0,aro,lean_forward,1
1522,1786866288.815334,0,460,675,729,632,344,202,391,0,0,629,635,676,617,491,715,329,571,654,589,647,607,537,163,0,1055,286,0,425,1049,459,0,aro,lean_forward,1
1523,1786866288.835515,0,452,669,725,629,345,202,391,0,0,622,633,669,617,487,715,329,569,660,590,647,610,538,163,20,1051,291,0,427,1049,460,0,aro,lean_forward,1
1524,1786866288.855328,0,441,671,725,631,341,201,379,0,0,629,635,675,617,489,723,329,571,655,591,647,612,537,163,0,1054,299,0,427,1047,443,0,aro,lean_forward,1
1525,1786866288.875367,0,440,671,725,631,344,201,392,0,0,627,635,674,616,489,715,329,571,653,590,649,611,538,163,0,1055,299,0,424,1049,459,0,aro,lean_forward,1
1526,1786866288.895315,0,441,671,723,632,347,203,395,0,0,626,635,672,621,490,715,329,571,654,595,647,613,537,163,23,1053,295,0,427,1051,459,0,aro,lean_forward,1
1527,1786866288.915449,0,438,677,726,632,345,203,397,0,0,628,635,671,616,491,715,329,571,655,588,651,611,538,165,0,1055,300,0,427,1047,461,0,aro,lean_forward,1
1528,1786866288.935507,0,437,681,726,633,347,201,403,0,0,627,636,671,616,491,715,329,572,654,595,647,611,539,165,0,1055,315,0,428,1051,459,0,aro,lean_forward,1
1529,1786866288.955339,0,437,675,725,632,346,204,403,0,0,628,635,672,617,489,702,329,569,653,595,649,610,537,165,0,1054,325,0,430,1049,459,0,aro,lean_forward,1
1530,1786866288.975443,0,433,679,728,632,348,203,404,0,0,623,635,671,617,490,714,328,573,655,589,647,611,539,165,0,1054,315,0,426,1051,459,0,aro,lean_forward,1
1531,1786866288.995306,0,437,676,729,632,349,205,405,0,0,627,635,671,618,490,715,329,573,655,588,649,611,539,165,20,1053,327,0,428,1053,459,0,aro,lean_forward,1
1532,1786866289.015366,0,437,671,726,633,349,204,405,0,0,624,635,671,615,490,715,330,573,655,588,646,610,539,165,0,1055,315,0,423,1051,459,0,aro,lean_forward,1
1533,1786866289.035608,0,431,671,721,630,348,203,406,0,0,623,631,669,617,490,715,329,570,655,589,645,611,539,165,0,1055,316,0,423,1049,457,0,aro,lean_forward,1
1534,1786866289.055345,0,435,671,725,633,349,205,407,0,0,625,635,671,619,491,715,328,570,653,593,649,612,539,165,0,1065,329,0,423,1048,458,0,aro,lean_forward,1
1535,1786866289.075382,0,435,669,729,632,349,205,408,0,0,623,634,671,618,489,715,329,573,653,589,648,611,539,166,24,1055,341,0,423,1049,458,0,aro,lean_forward,1
1536,1786866289.095444,0,429,664,719,629,349,205,405,0,0,623,632,669,617,489,713,329,571,654,589,645,605,541,166,0,1054,330,0,423,1045,453,0,aro,lean_forward,1
1537,1786866289.115362,0,429,675,723,633,349,204,405,0,0,624,635,670,615,489,715,329,569,654,593,650,611,539,165,23,1054,318,0,419,1049,457,0,aro,lean_forward,1
1538,1786866289.135487,0,427,670,721,629,347,205,405,0,0,626,635,673,615,491,713,329,574,657,593,651,611,541,167,0,1055,334,0,421,1049,455,0,aro,lean_forward,1
1539,1786866289.155356,0,423,664,727,632,348,205,405,0,0,623,633,671,618,491,715,329,573,657,589,649,607,539,166,22,1055,319,0,421,1047,453,0,aro,lean_forward,1
1540,1786866289.175466,0,421,666,726,629,347,203,403,0,0,627,633,671,617,489,714,328,571,655,595,646,614,540,167,0,1055,344,0,420,1048,453,0,aro,lean_forward,1
1541,1786866289.195356,0,415,667,723,630,347,203,403,0,0,623,633,671,615,489,715,329,571,655,594,649,607,540,165,0,1055,344,0,419,1047,447,0,aro,lean_forward,1
1542,1786866289.215356,0,414,666,721,627,345,204,399,0,0,623,633,675,621,491,715,329,574,654,593,650,609,541,165,0,1055,356,0,415,1047,447,0,aro,lean_forward,1
1543,1786866289.235446,0,407,664,721,627,346,203,399,0,0,623,635,677,619,493,715,330,573,655,584,652,613,539,167,30,1055,366,0,413,1045,445,0,aro,lean_forward,1
1544,1786866289.255338,0,413,664,721,623,345,203,397,0,0,622,635,672,619,490,715,331,572,653,591,648,613,540,165,0,1055,365,0,415,1047,443,0,aro,lean_forward,1
1545,1786866289.275346,0,405,669,717,623,344,203,397,0,0,623,634,671,621,491,714,329,573,655,593,645,613,539,167,0,1055,373,0,411,1048,441,0,aro,lean_forward,1
1546,1786866289.295269,0,407,663,719,620,342,201,396,0,0,621,633,675,617,493,715,329,569,653,591,645,611,539,165,0,1055,375,0,409,1045,438,0,aro,lean_forward,1
1547,1786866289.315385,0,404,662,718,620,343,201,395,0,0,621,633,671,618,491,715,329,573,653,591,650,613,539,167,0,1055,364,0,412,1045,435,0,aro,lean_forward,1
1548,1786866289.335224,0,391,662,714,619,341,200,393,0,0,619,633,675,620,492,715,329,569,654,589,647,613,535,167,0,1055,372,0,411,1048,435,0,aro,lean_forward,1
1549,1786866289.355440,0,389,659,713,618,347,201,393,0,0,619,633,669,617,491,715,329,573,653,587,648,615,539,167,0,1055,361,0,413,1069,435,0,aro,lean_forward,1
1550,1786866289.375408,0,361,659,713,615,337,200,393,0,0,617,633,671,614,491,715,328,573,655,597,650,611,535,167,0,1053,351,0,413,1019,453,0,aro,lean_forward,1
1551,1786866289.395345,0,359,657,700,616,339,200,393,0,0,617,633,669,635,487,715,327,575,653,588,651,610,540,167,0,1055,342,0,409,1047,435,0,aro,lean_forward,1
1552,1786866289.415466,0,339,655,709,613,339,198,391,0,0,615,633,669,617,487,714,327,575,655,603,648,613,541,168,29,1054,335,0,412,1065,438,0,aro,lean_forward,1
1553,1786866289.435394,0,343,655,703,613,338,199,393,0,0,613,635,669,618,487,715,327,573,655,587,648,614,539,167,0,1054,337,0,409,1048,439,0,aro,lean_forward,1
1554,1786866289.455347,0,331,653,709,613,335,197,395,0,0,614,631,669,616,487,715,327,573,653,597,651,612,541,169,0,1055,331,0,415,1055,440,0,aro,lean_forward,1
1555,1786866289.475473,0,285,652,703,602,339,200,401,0,0,615,633,671,616,489,713,328,579,653,595,650,613,541,173,0,1045,329,0,413,1053,442,0,aro,lean_forward,1
1556,1786866289.495472,0,255,652,703,613,337,200,399,0,0,610,629,667,615,485,713,327,573,655,594,650,612,541,171,0,1053,319,0,413,1067,443,0,aro,lean_forward,1
1557,1786866289.514665,0,239,651,702,611,337,200,401,0,0,613,631,667,615,484,712,325,573,654,585,647,615,539,171,0,1052,303,0,415,1055,445,0,aro,lean_forward,1
1558,1786866289.535607,0,237,650,701,610,338,200,402,0,0,611,631,669,615,483,715,318,575,655,596,651,633,541,173,0,1052,302,0,412,1055,447,0,aro,lean_forward,1
1559,1786866289.555524,0,228,649,701,611,341,200,403,0,0,601,623,667,613,479,713,325,579,659,595,649,616,543,173,0,1053,301,0,419,1055,457,0,aro,lean_forward,1
1560,1786866289.575395,0,223,650,699,611,338,200,399,0,0,613,626,665,615,479,713,319,575,653,593,651,615,541,174,0,1048,299,0,428,1061,453,0,aro,lean_forward,1
1561,1786866289.595329,0,223,649,713,607,331,200,403,0,0,610,631,666,619,483,713,319,573,655,595,665,617,543,174,0,1052,299,0,419,1054,454,0,aro,lean_forward,1
1562,1786866289.615426,0,223,647,699,605,338,199,403,0,0,607,631,667,615,482,721,325,575,653,595,650,615,540,173,0,1052,301,0,420,1055,455,0,aro,lean_forward,1
1563,1786866289.635379,0,221,649,697,605,339,187,402,0,0,603,627,677,615,469,713,325,575,653,595,650,615,540,175,0,1055,302,0,421,1055,455,0,aro,lean_forward,1
1564,1786866289.655363,0,226,648,702,605,337,200,403,0,0,605,631,667,614,482,713,325,581,655,595,670,612,541,175,0,1053,308,0,415,1055,456,0,aro,lean_forward,1
1565,1786866289.674649,0,223,657,697,605,335,199,404,0,0,611,629,668,615,483,713,319,580,653,595,649,616,540,175,0,1053,313,0,421,1055,460,0,aro,lean_forward,1
1566,1786866289.694587,0,223,649,698,607,339,196,403,0,0,606,627,664,615,483,714,317,575,661,595,650,615,543,179,0,1053,329,0,421,1055,443,0,aro,lean_forward,1
1567,1786866289.714493,0,223,649,691,605,335,199,398,0,0,611,630,667,617,483,713,317,557,655,599,647,605,541,173,0,1053,332,0,424,1049,453,0,aro,lean_forward,1
1568,1786866289.734820,0,228,649,699,606,335,199,395,0,0,610,631,667,613,483,713,325,579,655,593,651,616,540,172,0,1054,350,0,421,1055,453,0,aro,lean_forward,1
1569,1786866289.755262,0,229,649,697,606,339,199,399,0,0,607,631,669,615,485,714,327,572,655,596,649,615,541,174,0,1055,337,0,421,1053,455,0,aro,lean_forward,1
1570,1786866289.774438,0,231,649,699,609,337,200,399,0,0,612,631,668,615,487,713,319,583,655,589,649,607,541,172,0,1054,332,0,422,1051,455,0,aro,lean_forward,1
1571,1786866289.794437,0,230,650,697,605,337,199,397,0,0,611,631,669,623,487,714,325,575,657,595,639,615,541,174,20,1055,344,0,423,1055,455,0,aro,lean_forward,1
1572,1786866289.814793,0,231,649,697,604,331,201,393,0,0,607,631,669,615,487,713,326,574,652,597,650,614,541,173,0,1064,349,0,421,1059,445,0,aro,lean_forward,1
1573,1786866289.835193,0,229,649,697,611,334,188,397,0,0,615,634,668,615,479,711,319,581,655,595,651,616,543,173,0,1055,350,0,424,1059,445,0,aro,lean_forward,1
1574,1786866289.855406,0,229,648,695,605,331,189,383,0,0,613,631,667,615,487,714,327,567,655,591,649,611,541,171,0,1059,351,0,427,1060,455,0,aro,lean_forward,1
1575,1786866289.875699,0,229,635,696,603,331,189,378,0,0,617,631,668,615,487,716,327,580,659,595,649,617,543,173,0,1051,351,0,424,1056,447,0,aro,lean_forward,1
1576,1786866289.895383,0,229,648,696,604,330,189,377,0,0,611,635,669,614,485,715,316,573,651,595,651,615,539,171,0,1058,351,0,425,1056,447,0,aro,lean_forward,1
1577,1786866289.914710,0,231,649,697,604,330,187,376,0,0,613,631,668,616,485,715,327,573,653,597,651,611,541,169,0,1059,361,0,443,1060,447,0,aro,lean_forward,1
1578,1786866289.935273,0,261,648,697,604,329,186,375,0,0,615,631,669,616,487,715,325,581,655,590,653,617,541,169,0,1061,379,0,439,1053,445,0,aro,lean_forward,1
1579,1786866289.954818,0,299,646,699,604,333,185,376,0,0,612,631,669,615,487,715,327,579,651,597,650,613,547,167,0,1059,361,0,425,1055,445,0,aro,lean_forward,1
1580,1786866289.974723,0,327,649,699,604,331,185,375,0,0,613,632,669,617,487,708,317,580,649,595,651,615,547,167,0,1043,367,0,427,1059,453,0,aro,lean_forward,1
1581,1786866289.995392,0,335,651,700,607,331,184,368,0,0,613,631,667,617,487,715,327,580,653,600,652,611,541,165,0,1059,365,0,425,1064,447,0,aro,lean_forward,1
1582,1786866290.014810,0,342,649,699,607,333,186,374,0,0,615,631,669,615,491,717,327,583,653,597,649,614,540,167,41,1059,373,0,425,1056,447,0,aro,lean_forward,1
1583,1786866290.034859,0,351,651,700,607,331,185,363,0,0,615,631,670,616,489,712,328,580,655,595,653,614,539,156,0,1065,372,0,424,1059,443,0,aro,lean_forward,1
1584,1786866290.054726,0,359,651,701,610,331,184,361,0,0,613,631,667,620,487,715,327,582,653,597,651,607,540,167,23,1063,371,0,422,1063,445,0,aro,lean_forward,1
1585,1786866290.075322,0,363,649,701,607,331,183,361,0,0,615,632,669,617,491,713,328,579,653,595,651,611,541,164,0,1061,367,0,424,1056,445,0,aro,lean_forward,1
1586,1786866290.095507,0,371,651,701,606,329,184,358,0,0,614,632,671,616,492,715,328,580,654,596,655,614,537,165,0,1061,365,0,425,1055,453,0,aro,lean_forward,1
1587,1786866290.115436,0,373,651,701,607,329,184,356,0,0,616,633,668,615,493,715,327,573,655,582,648,614,543,165,0,1061,345,0,423,1053,447,0,aro,lean_forward,1
1588,1786866290.135428,0,372,651,703,607,329,181,350,0,0,616,635,671,615,491,715,328,596,657,591,647,621,539,164,0,1061,317,0,424,1060,448,0,aro,lean_forward,1
1589,1786866290.155465,0,366,651,701,609,328,179,347,0,0,616,631,668,616,491,715,327,573,655,595,651,615,540,165,0,1061,335,0,423,1054,455,0,aro,lean_forward,1
1590,1786866290.175518,0,361,651,700,607,327,175,343,0,0,620,632,671,616,491,715,327,573,655,594,651,616,539,160,0,1056,335,0,419,1059,455,0,aro,lean_forward,1
1591,1786866290.195382,0,351,649,699,605,327,173,339,0,0,615,631,667,617,487,715,327,573,652,591,648,611,537,163,0,1061,332,0,424,1059,453,0,aro,lean_forward,1
1592,1786866290.214602,0,361,650,698,605,325,174,335,0,0,615,633,671,616,491,712,326,573,653,594,649,610,539,160,0,1059,313,0,425,1061,455,0,aro,lean_forward,1
1593,1786866290.234512,0,351,654,698,606,325,175,335,0,0,617,632,671,616,491,713,327,573,655,595,651,615,538,160,0,1059,310,0,426,1059,455,0,aro,lean_forward,1
1594,1786866290.254694,0,355,650,699,613,328,173,338,0,0,615,630,669,617,490,715,327,573,651,595,645,613,540,159,0,1056,310,0,425,1061,453,0,aro,lean_forward,1
1595,1786866290.275252,0,357,653,700,607,318,175,339,0,0,616,632,671,617,492,717,326,573,648,595,649,616,539,159,23,1061,327,0,423,1059,445,0,aro,lean_forward,1
1596,1786866290.295383,0,373,651,703,609,329,179,339,0,0,615,633,671,616,493,715,326,571,653,594,648,613,539,171,0,1061,331,0,423,1059,455,0,aro,lean_forward,1
1597,1786866290.315542,0,379,651,701,611,328,181,345,0,0,615,635,671,619,495,715,327,573,653,593,646,613,541,157,0,1060,339,0,427,1064,455,0,aro,lean_forward,1
1598,1786866290.335756,0,391,653,701,611,329,181,345,0,0,619,633,671,616,493,703,327,571,653,589,646,613,538,159,0,1061,339,0,423,1061,454,0,aro,lean_forward,1
1599,1786866290.355543,0,399,653,709,612,331,183,351,0,0,619,633,671,617,494,714,329,574,652,591,648,612,541,159,21,1063,343,0,421,1056,455,0,aro,lean_forward,1
1600,1786866290.375447,0,403,651,709,613,331,184,351,0,0,619,633,671,615,495,717,328,573,653,595,653,612,539,159,0,1063,365,0,423,1055,455,0,aro,lean_forward,1
1601,1786866290.395487,0,406,655,703,614,331,184,353,0,0,627,633,671,619,505,712,331,579,654,595,648,617,540,159,0,1055,371,0,420,1059,456,0,aro,lean_forward,1
1602,1786866290.414713,0,407,652,711,615,333,186,356,0,0,620,635,671,617,501,716,339,581,659,595,647,613,539,157,0,1061,368,0,421,1059,461,0,aro,lean_forward,1
1603,1786866290.434982,0,408,655,711,613,333,184,357,0,0,622,635,672,617,495,716,329,582,653,594,659,614,540,159,0,1064,359,0,419,1060,457,0,aro,lean_forward,1
1604,1786866290.455185,0,408,659,711,615,333,184,355,0,0,623,635,672,617,501,717,330,581,653,597,653,614,543,163,0,1065,364,0,422,1060,463,0,aro,lean_forward,1
1605,1786866290.474828,0,407,654,711,615,332,183,355,0,0,623,633,671,617,499,715,329,579,651,595,648,613,541,160,0,1064,367,0,424,1061,459,0,aro,lean_forward,1
1606,1786866290.495094,0,403,655,709,607,333,181,349,0,0,628,631,667,617,499,713,330,575,647,594,649,611,535,166,0,1061,365,0,424,1059,472,0,aro,lean_forward,1
1607,1786866290.514792,0,395,655,711,613,329,175,345,0,0,621,631,669,618,500,715,335,573,651,595,647,612,539,165,0,1065,360,0,425,1060,459,0,aro,lean_forward,1
1608,1786866290.534718,0,390,653,709,607,327,175,343,0,0,629,617,671,617,501,715,348,573,655,595,649,615,539,157,0,1065,349,0,421,1059,457,0,aro,lean_forward,1
1609,1786866290.555145,0,380,653,704,605,319,175,341,0,0,618,633,669,619,489,716,327,571,655,595,651,623,539,155,0,1063,342,0,425,1061,457,0,aro,lean_forward,1
1610,1786866290.575582,0,377,653,703,605,318,175,334,0,0,624,633,675,617,496,715,333,579,653,595,648,613,535,155,20,1064,339,0,424,1061,455,0,aro,lean_forward,1
1611,1786866290.595492,0,375,651,701,606,324,183,339,0,0,621,635,677,618,489,715,328,571,659,595,649,615,539,159,0,1063,339,0,424,1061,457,0,aro,lean_forward,1
1612,1786866290.614763,0,366,652,702,607,325,173,339,0,0,601,637,669,613,493,713,329,571,653,595,648,616,541,157,0,1064,337,0,426,1061,457,0,aro,lean_forward,1
1613,1786866290.635574,0,359,652,701,605,316,173,331,0,0,617,633,669,629,495,714,327,573,654,595,649,613,537,155,0,1063,338,0,425,1061,455,0,aro,lean_forward,1
1614,1786866290.655507,0,348,651,699,606,317,171,339,0,0,615,634,667,618,495,713,341,573,653,595,650,613,540,157,0,1064,332,0,429,1061,457,0,aro,lean_forward,1
1615,1786866290.675472,0,344,651,699,603,325,173,337,0,0,611,633,670,605,499,713,338,573,653,595,649,628,539,159,0,1063,331,0,421,1061,461,0,aro,lean_forward,1
1616,1786866290.694749,0,343,653,699,603,319,175,340,0,0,617,635,669,617,493,715,327,573,653,595,649,613,539,163,0,1061,331,0,427,1061,459,0,aro,lean_forward,1
1617,1786866290.715457,0,344,651,700,605,324,173,341,0,0,617,635,671,617,491,713,329,574,655,595,649,615,539,163,0,1062,333,0,425,1059,457,0,aro,lean_forward,1
1618,1786866290.735498,0,348,653,699,607,325,175,345,0,0,621,636,677,617,491,715,331,588,653,593,649,613,539,160,0,1063,333,0,425,1060,459,0,aro,lean_forward,1
1619,1786866290.755357,0,358,653,701,605,327,176,349,0,0,623,648,675,618,493,713,329,573,653,594,649,613,540,160,0,1047,333,0,425,1059,456,0,aro,lean_forward,1
1620,1786866290.775468,0,365,653,701,605,327,185,355,0,0,606,637,672,617,493,713,329,573,657,594,648,612,539,160,0,1062,339,0,411,1060,457,0,aro,lean_forward,1
1621,1786866290.795363,0,375,637,707,611,329,185,362,0,0,617,635,674,616,493,714,329,572,658,595,648,613,540,151,0,1062,340,0,423,1060,457,0,aro,lean_forward,1
1622,1786866290.815383,0,380,653,704,607,330,182,367,0,0,617,635,669,617,495,716,327,575,653,595,649,613,540,164,0,1065,341,0,435,1059,459,0,aro,lean_forward,1
1623,1786866290.835581,0,383,653,709,611,333,187,373,0,0,617,633,671,617,495,717,329,581,653,595,650,613,539,165,0,1063,342,0,430,1059,460,0,aro,lean_forward,1
1624,1786866290.855342,0,390,653,709,608,331,187,373,0,0,623,634,671,617,499,715,311,581,653,596,649,615,541,167,0,1059,341,0,437,1059,460,0,aro,lean_forward,1
1625,1786866290.875379,0,392,653,709,611,333,188,376,0,0,619,629,672,617,493,737,330,575,655,596,649,613,541,163,0,1059,342,0,426,1065,459,0,aro,lean_forward,1
1626,1786866290.895384,0,391,657,703,613,333,186,371,0,0,613,632,667,619,491,715,331,573,649,595,650,614,541,151,0,1063,343,0,427,1055,461,0,aro,lean_forward,1
1627,1786866290.915408,0,392,653,710,615,339,185,375,0,0,617,633,666,618,491,715,332,581,653,595,651,614,540,167,0,1063,345,0,425,1061,463,0,aro,lean_forward,1
1628,1786866290.935376,0,389,655,709,611,339,189,371,0,0,620,631,671,617,495,715,329,582,655,597,649,615,537,169,0,1067,347,0,441,1061,461,0,aro,lean_forward,1
1629,1786866290.955315,0,381,653,703,613,335,187,365,0,0,615,634,672,617,493,733,332,581,655,597,649,613,539,166,0,1063,343,0,426,1055,457,0,aro,lean_forward,1
1630,1786866290.975421,0,365,654,703,611,337,183,357,0,0,619,629,669,617,491,715,331,572,654,595,650,615,539,165,0,1064,343,0,430,1053,463,0,aro,lean_forward,1
1631,1786866290.995318,0,355,653,702,611,332,181,355,0,0,617,624,671,616,493,715,331,572,653,595,649,615,541,167,0,1065,342,0,416,1059,459,0,aro,lean_forward,1
1632,1786866291.015345,0,341,653,701,605,331,179,354,0,0,621,628,671,617,492,717,329,573,653,595,649,616,541,165,0,1063,343,0,429,1061,460,0,aro,lean_forward,1
1633,1786866291.035539,0,333,651,700,611,331,175,347,0,0,615,631,676,617,487,717,332,573,653,597,649,614,543,163,0,1065,345,0,426,1067,460,0,aro,lean_forward,1
1634,1786866291.055352,0,311,653,699,605,327,183,346,0,0,615,639,668,617,507,717,327,573,655,595,649,613,542,164,0,1071,343,0,427,1061,459,0,aro,lean_forward,1
1635,1786866291.075377,0,297,653,699,605,328,176,346,0,0,620,635,671,618,499,715,329,573,651,597,651,614,543,160,0,1065,344,0,427,1065,461,0,aro,lean_forward,1
1636,1786866291.095411,0,298,652,699,601,327,178,340,0,0,614,633,667,617,493,717,328,569,653,597,650,613,543,169,20,1063,343,0,429,1061,465,0,aro,lean_forward,1
1637,1786866291.115339,0,303,652,700,613,327,175,345,0,0,621,629,675,617,495,715,328,573,655,595,649,613,541,160,0,1062,343,0,427,1061,457,0,aro,lean_forward,1
1638,1786866291.135456,0,309,652,699,603,327,181,347,0,0,619,633,679,619,495,715,329,573,652,595,651,614,542,167,0,1067,343,0,428,1062,459,0,aro,lean_forward,1
1639,1786866291.155326,0,311,653,699,603,327,179,345,0,0,619,634,669,617,500,714,331,573,653,595,648,614,541,165,0,1061,341,0,427,1063,461,0,aro,lean_forward,1
1640,1786866291.175471,0,315,651,700,609,327,179,347,0,0,618,633,681,617,495,717,333,575,657,595,649,613,536,160,0,1065,343,0,427,1061,456,0,aro,lean_forward,1
1641,1786866291.194744,0,319,652,699,595,328,179,348,0,0,616,635,671,618,494,715,329,575,651,595,649,613,543,167,0,1069,343,0,427,1061,463,0,aro,lean_forward,1
1642,1786866291.215414,0,337,651,701,607,329,185,350,0,0,619,629,675,616,493,716,328,573,653,595,650,615,543,162,0,1065,343,0,425,1061,467,0,aro,lean_forward,1
1643,1786866291.235597,0,344,652,701,605,327,183,363,0,0,612,633,671,617,493,714,331,574,653,595,649,613,547,168,0,1065,343,0,424,1059,457,0,aro,lean_forward,1
1644,1786866291.255352,0,359,650,702,607,331,184,357,0,0,617,634,675,616,486,717,331,573,653,594,649,611,543,158,0,1060,343,0,422,1059,461,0,aro,lean_forward,1
1645,1786866291.274726,0,372,653,702,607,331,185,363,0,0,619,637,668,617,493,717,329,573,655,595,649,613,540,160,0,1065,343,0,420,1055,459,0,aro,lean_forward,1
1646,1786866291.295405,0,383,653,703,611,333,184,373,0,0,616,633,671,618,493,715,329,575,653,595,649,615,540,163,0,1062,347,0,422,1039,457,0,aro,lean_forward,1
1647,1786866291.315442,0,393,652,703,606,333,185,375,0,0,617,632,669,619,494,717,331,581,655,595,648,613,541,162,0,1064,359,0,419,1075,455,0,aro,lean_forward,1
1648,1786866291.335452,0,397,655,711,611,335,187,376,0,0,627,635,669,619,495,717,332,581,654,596,651,615,538,165,0,1065,371,0,420,1055,458,0,aro,lean_forward,1
1649,1786866291.355353,0,403,657,711,612,333,187,376,0,0,617,636,683,619,499,718,333,579,653,595,651,615,543,167,0,1059,365,0,419,1055,460,0,aro,lean_forward,1
1650,1786866291.374396,0,403,655,711,612,335,187,375,0,0,619,651,671,619,499,715,314,583,659,595,650,613,543,164,0,1064,361,0,419,1055,459,0,aro,lean_forward,1
1651,1786866291.395499,0,403,657,711,613,333,186,373,0,0,621,647,671,617,495,717,333,581,653,595,651,613,543,165,0,1049,363,0,420,1055,479,0,aro,lean_forward,1
1652,1786866291.415600,0,403,654,709,613,331,185,370,0,0,607,628,674,618,495,717,333,579,647,595,649,615,538,167,0,1062,363,0,421,1059,462,0,aro,lean_forward,1
1653,1786866291.435431,0,402,653,712,611,333,186,374,0,0,613,637,671,619,495,719,313,575,651,595,651,613,537,165,0,1063,359,0,423,1060,461,0,aro,lean_forward,1
1654,1786866291.455135,0,398,659,704,613,333,189,365,0,0,615,635,679,618,500,717,335,580,658,595,651,615,543,163,0,1061,355,0,425,1061,461,0,aro,lean_forward,1
1655,1786866291.475498,0,407,653,711,613,333,187,361,0,0,619,635,671,618,499,717,333,573,655,596,649,612,541,167,0,1065,357,0,424,1056,461,0,aro,lean_forward,1
1656,1786866291.495464,0,392,654,710,613,332,185,350,0,0,617,634,670,619,491,717,331,583,653,597,649,613,542,167,0,1065,350,0,425,1062,462,0,aro,lean_forward,1
1657,1786866291.515413,0,390,657,711,610,333,183,357,0,0,619,634,671,617,498,729,333,581,659,595,649,613,541,159,0,1045,349,0,425,1061,460,0,aro,lean_forward,1
1658,1786866291.535411,0,383,655,709,611,331,180,347,0,0,620,636,671,619,495,713,332,573,653,595,651,613,536,167,0,1055,349,0,426,1061,463,0,aro,lean_forward,1
1659,1786866291.555526,0,377,653,709,607,330,179,347,0,0,616,651,671,618,495,717,349,572,655,595,653,613,540,158,0,1065,346,0,425,1061,459,0,aro,lean_forward,1
1660,1786866291.574742,0,371,652,703,609,329,175,341,0,0,621,633,671,617,503,715,331,573,657,595,649,613,543,167,0,1065,341,0,426,1059,465,0,aro,lean_forward,1
1661,1786866291.595116,0,371,653,711,606,326,175,345,0,0,617,635,675,617,501,715,331,573,651,595,649,614,539,165,0,1067,343,0,425,1060,469,0,aro,lean_forward,1
1662,1786866291.615515,0,367,653,703,607,319,178,344,0,0,621,635,671,618,495,719,331,573,653,597,649,613,538,166,0,1066,343,0,427,1061,436,0,aro,lean_forward,1
1663,1786866291.635465,0,365,654,701,605,319,169,345,0,0,618,631,669,617,498,719,325,574,655,595,649,613,541,165,0,1065,343,0,427,1061,466,0,aro,lean_forward,1
1664,1786866291.655445,0,365,651,701,607,325,175,342,0,0,619,633,671,618,497,715,333,573,651,594,649,614,539,165,0,1063,343,0,427,1061,463,0,aro,lean_forward,1
1665,1786866291.675550,0,366,655,709,607,325,175,343,0,0,611,633,671,616,495,718,318,579,647,597,651,613,540,163,0,1061,344,0,427,1061,461,0,aro,lean_forward,1
1666,1786866291.695487,0,367,655,701,605,327,178,344,0,0,619,635,671,617,495,715,332,573,653,595,647,614,541,156,0,1065,345,0,425,1060,461,0,aro,lean_forward,1
1667,1786866291.715439,0,367,651,701,607,331,179,355,0,0,637,651,670,619,499,714,334,572,651,595,648,615,537,163,0,1061,344,0,426,1061,462,0,aro,lean_forward,1
1668,1786866291.735484,0,375,653,711,607,327,179,347,0,0,620,629,671,617,495,717,341,574,654,595,650,613,547,171,0,1066,343,0,425,1061,467,0,aro,lean_forward,1
1669,1786866291.754756,0,380,654,703,609,330,182,351,0,0,619,634,674,618,495,714,333,572,659,596,651,613,538,171,0,1065,343,0,425,1061,466,0,aro,lean_forward,1
1670,1786866291.775385,0,383,655,709,609,329,183,359,0,0,617,631,671,618,496,715,345,571,651,597,649,614,543,165,0,1062,342,0,425,1060,461,0,aro,lean_forward,1
1671,1786866291.795320,0,395,651,710,611,332,185,359,0,0,619,633,671,619,495,713,332,573,657,597,647,613,541,175,0,1065,343,0,425,1059,469,0,aro,lean_forward,1
1672,1786866291.815389,0,397,655,710,611,332,187,361,0,0,619,635,671,617,498,715,331,575,651,595,647,613,540,173,0,1065,344,0,424,1059,463,0,aro,lean_forward,1
1673,1786866291.835498,0,399,657,710,611,333,186,363,0,0,619,633,671,617,496,719,332,579,659,596,650,614,536,157,0,1067,343,0,423,1059,465,0,aro,lean_forward,1
1674,1786866291.855323,0,399,654,712,612,331,185,367,0,0,620,635,670,619,495,723,331,579,655,595,649,613,543,167,0,1066,343,0,423,1059,461,0,aro,lean_forward,1
1675,1786866291.875422,0,403,655,711,610,333,186,368,0,0,633,631,671,617,493,709,335,575,653,595,649,611,537,166,0,1063,344,0,423,1060,461,0,aro,lean_forward,1
1676,1786866291.895311,0,401,655,703,613,331,185,375,0,0,619,635,671,618,495,715,331,575,654,596,647,613,541,163,0,1051,339,0,423,1060,466,0,aro,lean_forward,1
1677,1786866291.915344,0,403,653,704,611,333,187,363,0,0,616,636,671,619,492,717,340,573,660,595,649,613,537,164,0,1065,343,0,423,1059,461,0,aro,lean_forward,1
1678,1786866291.935451,0,403,653,711,611,333,186,371,0,0,619,635,671,618,495,715,335,571,653,595,649,613,540,166,0,1066,344,0,423,1059,467,0,aro,lean_forward,1
1679,1786866291.955297,0,399,665,711,613,335,185,367,0,0,619,635,671,617,495,715,333,573,659,596,647,613,543,164,0,1065,341,0,424,1059,461,0,aro,lean_forward,1
1680,1786866291.975335,0,393,645,709,612,333,186,363,0,0,619,635,671,617,495,717,333,573,653,595,648,613,543,168,21,1067,343,0,424,1060,467,0,aro,lean_forward,1
1681,1786866291.995367,0,391,653,709,610,335,185,361,0,0,619,635,671,619,495,717,333,575,650,597,649,613,542,151,0,1065,339,0,423,1061,467,0,aro,lean_forward,1
1682,1786866292.015390,0,381,655,709,612,335,187,371,0,0,619,635,671,617,495,710,333,573,653,597,649,613,537,164,0,1065,342,0,425,1061,461,0,aro,lean_forward,1
1683,1786866292.035526,0,377,655,703,611,337,185,361,0,0,619,635,671,617,495,716,332,575,657,595,650,612,543,159,0,1065,343,0,426,1061,466,0,aro,lean_forward,1
1684,1786866292.054633,0,373,655,707,607,333,185,358,0,0,619,633,671,617,495,713,332,573,651,593,649,614,539,165,0,1065,341,0,426,1061,463,0,aro,lean_forward,1
1685,1786866292.075526,0,367,652,709,607,333,185,360,0,0,619,633,670,618,495,714,331,571,649,596,649,613,541,171,0,1065,345,0,425,1060,471,0,aro,lean_forward,1
1686,1786866292.095347,0,363,653,703,611,335,185,357,0,0,618,633,671,617,495,717,331,573,653,593,649,615,544,165,0,1065,343,0,427,1063,465,0,aro,lean_forward,1
1687,1786866292.115361,0,362,657,709,608,334,185,360,0,0,617,634,671,617,494,716,331,573,652,597,651,615,543,157,0,1065,340,0,425,1061,467,0,aro,lean_forward,1
1688,1786866292.135562,0,363,655,708,609,332,187,361,0,0,619,634,671,619,493,718,333,574,652,596,649,615,533,157,0,1066,338,0,425,1064,465,0,aro,lean_forward,1
1689,1786866292.155352,0,363,657,709,611,335,185,359,0,0,619,634,671,617,493,717,331,573,653,595,651,613,541,167,0,1065,339,0,425,1059,468,0,aro,lean_forward,1
1690,1786866292.175387,0,363,653,703,610,337,185,367,0,0,618,633,670,617,483,719,333,575,647,597,651,613,535,167,0,1065,341,0,425,1060,477,0,aro,lean_forward,1
1691,1786866292.195422,0,363,655,703,613,333,185,366,0,0,613,631,667,617,491,715,335,572,649,596,649,613,548,167,0,1065,343,0,420,1059,466,0,aro,lean_forward,1
1692,1786866292.215335,0,371,655,709,612,333,185,372,0,0,617,633,671,616,492,717,333,573,665,595,651,613,536,167,0,1065,343,0,422,1061,473,0,aro,lean_forward,1
1693,1786866292.235368,0,372,657,709,612,337,187,376,0,0,617,634,671,617,494,717,332,573,659,594,649,613,543,166,0,1065,345,0,425,1061,489,0,aro,lean_forward,1
1694,1786866292.255324,0,373,645,703,611,335,187,367,0,0,619,633,669,617,492,713,327,575,658,595,648,615,543,163,0,1079,341,0,421,1060,469,0,aro,lean_forward,1
1695,1786866292.275418,0,373,655,702,611,337,185,376,0,0,619,633,670,616,493,721,331,581,653,595,647,613,541,164,0,1065,343,0,422,1059,461,0,aro,lean_forward,1
1696,1786866292.295329,0,375,657,709,611,334,186,375,0,0,619,633,671,617,494,722,332,575,659,595,651,613,539,167,0,1065,342,0,423,1063,469,0,aro,lean_forward,1
1697,1786866292.315333,0,375,655,709,611,335,186,375,0,0,619,633,669,617,493,717,332,581,652,596,651,613,540,167,23,1065,343,0,423,1060,467,0,aro,lean_forward,1
1698,1786866292.335435,0,375,658,703,611,333,187,367,0,0,619,633,671,619,493,715,333,583,653,597,649,616,541,167,0,1065,345,0,423,1061,467,0,aro,lean_forward,1
1699,1786866292.355345,0,379,657,711,611,344,187,375,0,0,618,634,671,617,493,719,333,581,663,598,650,613,539,167,28,1065,341,0,423,1059,447,0,aro,lean_forward,1
1700,1786866292.375342,0,375,653,709,613,333,187,375,0,0,617,633,671,617,495,714,333,575,667,595,649,613,540,164,0,1065,344,0,423,1059,477,0,aro,lean_forward,1
1701,1786866292.395409,0,375,655,711,611,334,185,375,0,0,619,633,670,617,492,717,331,580,653,595,651,615,541,167,21,1065,345,0,419,1055,466,0,aro,lean_forward,1
1702,1786866292.415320,0,376,659,709,611,335,186,377,0,0,618,633,671,617,492,715,331,575,662,595,651,617,539,167,0,1065,342,0,423,1059,457,0,aro,lean_forward,1
1703,1786866292.434676,0,373,657,709,611,335,185,373,0,0,619,634,671,617,492,716,332,583,664,596,650,615,540,167,27,1067,345,0,423,1059,466,0,aro,lean_forward,1
1704,1786866292.455245,0,372,655,697,609,333,185,367,0,0,617,631,668,616,492,719,332,575,654,596,653,611,542,167,0,1065,343,0,423,1060,462,0,aro,lean_forward,1
1705,1786866292.475516,0,372,657,709,611,334,186,373,0,0,619,634,671,618,493,719,332,581,651,595,651,615,541,165,0,1064,346,0,423,1059,463,0,aro,lean_forward,1
1706,1786866292.495399,0,373,654,702,613,335,187,374,0,0,618,633,672,617,493,717,333,583,655,594,646,611,543,167,0,1065,342,0,422,1061,467,0,aro,lean_forward,1
1707,1786866292.514744,0,371,655,709,607,335,184,372,0,0,622,633,670,617,495,717,329,580,651,595,649,613,543,167,0,1061,345,0,423,1061,469,0,aro,lean_forward,1
1708,1786866292.534532,0,373,652,711,609,334,186,374,0,0,617,633,671,619,493,715,331,579,654,591,648,615,541,167,0,1065,345,0,422,1059,467,0,aro,lean_forward,1
1709,1786866292.554698,0,375,655,709,612,337,184,375,0,0,634,633,671,617,493,734,331,574,655,596,648,612,541,165,20,1061,341,0,423,1061,468,0,aro,lean_forward,1
1710,1786866292.574728,0,377,653,709,611,333,187,373,0,0,617,633,671,617,489,722,329,575,649,599,651,615,531,160,0,1065,343,0,423,1060,463,0,aro,lean_forward,1
1711,1786866292.595249,0,373,653,709,611,341,185,372,0,0,617,633,671,618,493,715,333,581,655,597,649,614,543,167,23,1067,351,0,424,1061,467,0,aro,lean_forward,1
1712,1786866292.615465,0,377,653,709,612,335,187,374,0,0,617,634,670,618,493,715,332,573,655,597,649,613,542,169,0,1065,343,0,423,1061,467,0,aro,lean_forward,1
1713,1786866292.635403,0,379,659,717,611,334,187,377,0,0,618,633,671,617,493,717,333,575,654,595,651,613,543,167,0,1064,342,0,420,1060,467,0,aro,lean_forward,1
1714,1786866292.655473,0,379,653,703,611,335,187,374,0,0,619,634,671,617,493,717,331,586,655,597,650,613,541,168,0,1064,316,0,420,1063,467,0,aro,lean_forward,1
1715,1786866292.675517,0,381,659,700,612,337,187,373,0,0,617,634,671,618,491,723,331,580,653,595,649,613,541,168,0,1063,343,0,422,1061,467,0,aro,lean_forward,1
1716,1786866292.694487,0,383,657,709,612,333,187,375,0,0,617,633,671,618,493,713,333,581,655,598,647,615,541,167,22,1065,343,0,422,1061,467,0,aro,lean_forward,1
1717,1786866292.715427,0,383,659,703,612,338,187,375,0,0,619,633,671,617,493,716,331,575,657,594,649,613,541,167,0,1065,360,0,424,1059,468,0,aro,lean_forward,1
1718,1786866292.735232,0,390,658,709,611,337,187,373,0,0,618,633,671,619,493,714,332,589,654,595,651,613,543,168,0,1062,341,0,423,1061,467,0,aro,lean_forward,1
1719,1786866292.754691,0,389,659,703,612,335,189,373,0,0,619,633,671,618,493,717,331,575,653,595,649,614,543,167,21,1063,345,0,425,1063,463,0,aro,lean_forward,1
1720,1786866292.775173,0,383,651,713,613,335,187,373,0,0,617,634,671,617,493,716,332,573,655,597,651,614,542,167,0,1064,343,0,423,1063,467,0,aro,lean_forward,1
1721,1786866292.795461,0,389,654,709,611,335,186,373,0,0,617,635,670,617,492,716,331,579,653,598,635,612,541,167,0,1064,340,0,422,1061,467,0,aro,lean_forward,1
1722,1786866292.815429,0,383,657,711,613,337,187,371,0,0,619,634,672,617,492,715,332,579,653,597,651,615,543,167,0,1064,359,0,423,1062,467,0,aro,lean_forward,1
1723,1786866292.835642,0,383,653,703,613,333,187,370,0,0,619,635,671,617,493,719,332,581,653,596,652,615,541,167,0,1064,344,0,425,1061,467,0,aro,lean_forward,1
1724,1786866292.855154,0,391,655,713,611,333,184,365,0,0,618,634,669,618,492,717,331,575,654,594,637,613,541,163,0,1063,343,0,423,1054,463,0,aro,lean_forward,1
1725,1786866292.875209,0,390,653,711,611,335,187,370,0,0,619,634,671,619,493,715,334,581,653,598,647,614,541,167,0,1063,333,0,423,1061,467,0,aro,lean_forward,1
1726,1786866292.895372,0,391,658,711,613,333,185,367,0,0,617,633,670,617,493,715,332,583,653,595,649,615,539,163,20,1065,343,0,425,1059,471,0,aro,lean_forward,1
1727,1786866292.914696,0,391,653,709,611,337,186,370,0,0,619,633,671,618,493,715,343,575,655,595,653,613,543,169,0,1069,351,0,419,1060,463,0,aro,lean_forward,1
1728,1786866292.935398,0,393,654,709,612,339,186,367,0,0,618,633,671,618,493,717,332,573,653,595,651,613,541,179,0,1067,328,0,421,1061,467,0,aro,lean_forward,1
1729,1786866292.954672,0,390,659,702,613,337,187,370,0,0,617,633,671,617,494,715,332,575,653,591,653,615,541,166,0,1063,314,0,423,1060,462,0,aro,lean_forward,1
1730,1786866292.975118,0,391,662,701,613,336,187,371,0,0,617,633,671,618,493,716,331,581,653,596,651,613,540,167,0,1063,350,0,418,1055,460,0,aro,lean_forward,1
1731,1786866292.994745,0,395,655,711,613,333,187,367,0,0,617,633,677,616,491,715,332,574,655,583,651,615,541,167,29,1062,343,0,420,1051,467,0,aro,lean_forward,1
1732,1786866293.015156,0,391,647,712,613,335,187,371,0,0,618,633,671,617,493,716,333,581,653,595,650,614,542,167,23,1064,335,0,423,1054,467,0,aro,lean_forward,1
1733,1786866293.035655,0,393,651,710,613,339,186,371,0,0,618,633,671,617,495,716,333,575,654,595,647,615,540,167,0,1064,340,0,421,1059,462,0,aro,lean_forward,1
1734,1786866293.055470,0,391,655,709,613,335,186,372,0,0,619,633,671,617,493,717,333,574,654,597,649,611,541,167,0,1062,337,0,419,1055,467,0,aro,lean_forward,1
1735,1786866293.074734,0,391,655,713,613,339,187,371,0,0,618,633,671,619,495,717,332,581,654,598,647,615,541,167,26,1064,345,0,424,1067,467,0,aro,lean_forward,1
1736,1786866293.095069,0,391,655,711,611,339,189,372,0,0,619,635,671,618,493,717,332,575,655,598,647,615,543,167,0,1064,344,0,424,1061,467,0,aro,lean_forward,1
1737,1786866293.115199,0,394,658,711,612,339,187,372,0,0,619,635,671,617,495,717,333,573,655,597,650,616,541,169,0,1065,349,0,424,1061,466,0,aro,lean_forward,1
1738,1786866293.135457,0,393,654,711,613,338,187,371,0,0,619,635,671,618,493,715,331,581,653,596,653,613,543,167,0,1064,342,0,423,1056,465,0,aro,lean_forward,1
1739,1786866293.155357,0,393,655,713,613,335,187,373,0,0,619,633,671,619,494,717,334,573,653,595,653,616,541,167,0,1065,343,0,425,1055,467,0,aro,lean_forward,1
1740,1786866293.175467,0,391,655,711,611,334,187,373,0,0,617,632,667,617,493,716,333,579,653,595,651,613,541,167,0,1064,344,0,415,1055,467,0,aro,lean_forward,1
1741,1786866293.195341,0,393,657,713,613,337,187,373,0,0,618,634,672,617,493,717,333,573,653,573,651,616,542,167,0,1064,339,0,421,1056,467,0,aro,lean_forward,1
1742,1786866293.214784,0,393,655,711,612,334,187,373,0,0,618,633,671,617,493,716,333,575,655,595,651,613,543,167,0,1063,345,0,423,1059,467,0,aro,lean_forward,1
1743,1786866293.234709,0,395,654,711,613,335,187,375,0,0,618,634,671,618,494,716,333,579,653,597,649,611,542,167,21,1063,339,0,416,1060,467,0,aro,lean_forward,1
1744,1786866293.254772,0,395,660,712,612,335,187,373,0,0,618,633,671,619,493,717,333,581,655,593,645,614,541,167,37,1064,341,0,421,1060,463,0,aro,lean_forward,1
1745,1786866293.274725,0,391,655,710,613,339,187,373,0,0,618,633,671,617,493,717,333,575,655,597,652,613,543,181,30,1063,343,0,419,1059,463,0,aro,lean_forward,1
