frame,timestamp,ch0,ch1,ch2,ch3,ch4,ch5,ch6,ch7,ch8,ch9,ch10,ch11,ch12,ch13,ch14,ch15,ch16,ch17,ch18,ch19,ch20,ch21,ch22,ch23,ch24,ch25,ch26,ch27,ch28,ch29,ch30,ch31,person,posture,trial
0,1786866415.736483,685,829,867,1049,839,760,667,809,765,717,0,0,211,354,467,504,0,329,827,681,760,700,619,460,0,0,0,0,718,998,69,0,aro,cross_leg_right,1
1,1786866415.737739,693,826,867,1052,843,761,667,805,766,717,0,0,200,351,458,503,0,331,828,681,761,697,612,456,0,0,0,0,719,999,59,0,aro,cross_leg_right,1
2,1786866415.738830,681,829,868,1059,842,760,667,799,765,719,0,0,205,354,466,502,0,331,827,686,759,697,614,463,0,0,0,0,719,999,61,0,aro,cross_leg_right,1
3,1786866415.739696,685,827,867,1053,841,760,667,809,765,718,0,0,205,351,461,503,0,331,825,679,761,700,613,461,0,0,0,0,717,997,58,0,aro,cross_leg_right,1
4,1786866415.740552,685,828,867,1053,827,761,667,803,765,719,0,0,207,354,461,503,0,331,828,681,760,698,611,463,0,0,0,0,718,1000,63,0,aro,cross_leg_right,1
5,1786866415.741313,684,827,868,1055,841,761,667,806,765,719,0,0,211,354,462,505,0,331,829,691,761,698,623,470,0,0,0,0,718,999,56,0,aro,cross_leg_right,1
6,1786866415.742043,685,826,867,1053,842,762,667,805,765,719,0,0,212,355,463,502,0,332,827,684,760,697,619,459,0,0,0,0,718,999,61,0,aro,cross_leg_right,1
7,1786866415.742766,685,827,867,1053,843,762,667,807,765,717,0,0,217,355,461,501,0,331,828,681,760,696,611,462,0,0,0,0,719,998,79,0,aro,cross_leg_right,1
8,1786866415.743490,685,827,867,1055,843,761,667,806,765,717,0,0,218,355,463,501,0,331,827,681,761,695,611,461,0,0,0,0,717,998,51,0,aro,cross_leg_right,1
9,1786866415.744225,685,827,867,1055,840,760,667,807,764,717,0,0,223,356,463,504,0,330,827,687,759,697,607,461,0,0,0,0,717,999,51,0,aro,cross_leg_right,1
10,1786866415.744945,685,828,867,1053,844,762,667,807,765,717,0,0,223,355,463,502,0,329,827,681,761,696,609,461,0,0,0,0,718,997,51,0,aro,cross_leg_right,1
11,1786866415.745581,685,827,867,1053,841,761,665,805,765,716,0,0,229,355,472,499,0,328,827,679,760,697,611,459,0,0,0,0,717,997,55,0,aro,cross_leg_right,1
12,1786866415.746210,681,829,867,1052,840,761,666,805,765,717,0,0,227,357,467,496,0,327,829,677,761,696,611,461,0,0,0,0,717,996,45,0,aro,cross_leg_right,1
13,1786866415.746845,686,828,869,1052,839,761,667,805,765,716,0,0,232,357,462,500,0,328,823,683,758,695,605,457,0,0,0,0,716,996,43,0,aro,cross_leg_right,1
14,1786866415.747478,685,827,865,1050,843,760,667,807,765,715,0,0,230,356,461,493,0,318,841,678,761,695,613,459,0,0,0,0,717,997,46,0,aro,cross_leg_right,1
15,1786866415.748106,685,825,861,1049,843,773,665,803,765,717,0,0,229,355,463,495,0,317,827,682,760,695,607,453,0,0,0,0,718,999,51,0,aro,cross_leg_right,1
16,1786866415.748734,685,827,862,1048,839,760,663,805,764,716,0,0,231,355,461,493,0,313,826,681,760,695,615,459,0,0,0,0,717,997,44,0,aro,cross_leg_right,1
17,1786866415.749361,683,826,863,1048,831,760,665,805,765,717,0,0,231,355,461,489,0,313,827,681,759,697,627,459,0,0,0,0,719,998,51,0,aro,cross_leg_right,1
18,1786866415.749991,684,827,866,1048,824,759,664,807,763,716,0,0,231,357,462,495,0,314,827,681,761,698,613,454,0,0,0,0,723,997,54,0,aro,cross_leg_right,1
19,1786866415.750618,685,827,866,1049,839,757,663,807,765,716,0,0,231,357,463,501,0,315,827,682,760,699,611,463,0,0,0,0,719,999,56,0,aro,cross_leg_right,1
20,1786866415.751248,687,827,861,1047,837,757,663,799,767,713,0,0,229,356,461,493,0,315,826,681,761,697,603,459,0,0,0,0,717,999,55,0,aro,cross_leg_right,1
21,1786866415.751879,686,828,865,1051,841,759,663,805,765,715,0,0,233,357,465,498,0,318,827,681,759,694,606,467,0,0,0,0,717,997,52,0,aro,cross_leg_right,1
22,1786866415.752514,686,827,867,1051,837,758,664,804,765,703,0,0,237,357,462,501,0,325,827,681,761,697,603,459,0,0,0,0,717,999,52,0,aro,cross_leg_right,1
23,1786866415.753080,690,825,861,1052,840,763,663,805,764,713,0,0,243,357,463,491,0,325,828,684,760,694,611,457,0,0,0,0,718,997,45,0,aro,cross_leg_right,1
24,1786866415.753662,690,839,867,1053,839,760,663,800,764,713,0,0,252,357,467,511,0,326,827,680,758,698,613,459,0,0,0,0,717,995,44,0,aro,cross_leg_right,1
25,1786866415.754228,687,829,868,1053,840,759,663,805,761,712,0,0,265,359,467,519,0,327,825,677,763,696,607,457,0,0,0,0,718,991,36,0,aro,cross_leg_right,1
26,1786866415.754976,691,828,871,1055,839,757,663,798,762,712,0,0,269,359,467,499,0,329,827,679,757,695,604,457,0,0,0,0,717,993,31,0,aro,cross_leg_right,1
27,1786866415.755675,691,830,870,1055,839,759,663,795,761,711,0,0,277,357,469,505,0,329,827,679,758,693,618,454,0,0,0,0,717,989,25,0,aro,cross_leg_right,1
28,1786866415.756346,693,829,872,1059,840,761,663,799,761,711,0,0,283,359,469,505,0,330,827,679,755,694,603,453,0,0,0,0,715,987,0,0,aro,cross_leg_right,1
29,1786866415.756930,694,830,875,1064,840,759,664,799,761,709,0,0,288,360,469,507,0,331,827,679,755,691,601,453,0,0,0,0,713,988,0,0,aro,cross_leg_right,1
30,1786866415.757491,695,831,871,1069,840,760,664,799,759,703,0,0,303,365,469,506,0,329,827,679,755,683,603,445,0,0,0,0,712,988,0,0,aro,cross_leg_right,1
31,1786866415.758056,697,826,873,1077,841,761,665,797,761,703,0,0,313,363,471,505,0,327,828,679,751,693,601,444,0,0,0,0,712,985,0,0,aro,cross_leg_right,1
32,1786866415.758636,695,839,877,1083,842,760,665,799,760,703,0,0,327,373,471,504,0,325,827,679,754,695,601,444,0,0,0,0,711,987,0,0,aro,cross_leg_right,1
33,1786866415.759201,697,840,879,1085,845,761,666,799,759,703,0,0,331,376,471,504,0,316,826,679,753,694,600,444,0,0,0,0,711,986,0,0,aro,cross_leg_right,1
34,1786866415.759773,698,846,879,1085,849,766,669,803,761,703,0,0,338,379,471,499,0,325,821,671,757,695,597,435,0,0,0,0,711,987,0,0,aro,cross_leg_right,1
35,1786866415.760341,699,841,886,1085,847,758,668,799,761,709,0,0,340,383,473,507,0,301,826,680,751,695,601,447,0,0,0,0,712,985,0,0,aro,cross_leg_right,1
36,1786866415.760924,699,842,883,1085,849,763,668,804,760,703,0,0,343,390,473,509,0,313,825,679,755,693,601,445,0,0,0,0,711,985,0,0,aro,cross_leg_right,1
37,1786866415.761476,699,841,879,1085,849,764,669,795,760,709,0,0,345,391,474,507,0,315,825,677,751,695,613,445,0,0,0,0,712,987,0,0,aro,cross_leg_right,1
38,1786866415.762026,697,841,883,1085,847,762,668,802,761,709,0,0,339,391,473,501,0,315,825,678,751,693,603,446,0,0,0,0,711,986,0,0,aro,cross_leg_right,1
39,1786866415.762582,699,840,879,1077,847,762,667,800,760,709,0,0,337,391,472,506,0,314,826,677,751,691,601,446,0,0,0,0,712,985,0,0,aro,cross_leg_right,1
40,1786866415.763132,699,838,876,1063,845,763,667,799,760,709,0,0,335,389,472,501,0,313,825,677,750,696,601,445,0,0,0,0,711,985,0,0,aro,cross_leg_right,1
41,1786866415.763690,697,839,876,1061,845,763,665,799,760,709,0,0,325,381,472,501,0,313,825,677,749,691,601,445,0,0,0,0,711,984,0,0,aro,cross_leg_right,1
42,1786866415.764239,694,831,875,1055,843,763,665,799,759,703,0,0,314,380,473,500,0,311,825,676,749,694,601,446,0,0,0,0,709,983,25,0,aro,cross_leg_right,1
43,1786866415.764741,687,831,871,1055,843,761,664,799,759,701,0,0,307,380,473,503,0,307,824,677,749,695,601,445,0,0,0,0,710,984,0,0,aro,cross_leg_right,1
44,1786866415.765227,693,831,871,1053,843,762,663,802,759,702,0,0,301,379,475,501,0,307,819,675,747,687,601,445,0,0,0,0,710,983,0,0,aro,cross_leg_right,1
45,1786866415.765786,693,831,871,1053,842,761,663,797,758,703,0,0,297,377,473,503,0,303,825,667,748,691,603,443,0,0,0,0,709,985,0,0,aro,cross_leg_right,1
46,1786866415.766291,691,830,867,1051,840,762,664,799,759,703,0,0,292,377,472,499,0,300,821,671,747,686,601,431,0,0,0,0,709,984,0,0,aro,cross_leg_right,1
47,1786866415.766772,691,829,869,1051,841,763,664,799,759,708,0,0,276,375,471,491,0,301,823,676,748,694,601,445,0,0,0,0,709,984,0,0,aro,cross_leg_right,1
48,1786866415.767270,687,829,863,1049,841,761,665,803,759,708,0,0,263,373,470,493,0,301,823,675,747,687,603,445,0,0,0,0,703,983,0,0,aro,cross_leg_right,1
49,1786866415.767752,683,827,862,1044,839,761,665,801,759,711,0,0,253,373,470,501,0,299,824,677,748,691,601,445,0,0,0,0,709,983,0,0,aro,cross_leg_right,1
50,1786866415.768241,684,829,859,1045,840,763,665,802,760,709,0,0,245,360,471,493,0,301,823,676,748,693,601,447,0,0,0,0,704,984,0,0,aro,cross_leg_right,1
51,1786866415.768723,687,826,859,1032,832,759,665,799,759,711,0,0,244,359,468,493,0,299,823,677,747,693,589,447,0,0,0,0,703,984,0,0,aro,cross_leg_right,1
52,1786866415.769227,682,826,859,1023,830,761,665,803,759,710,0,0,239,359,467,492,0,299,823,675,747,691,603,447,0,0,0,0,711,986,0,0,aro,cross_leg_right,1
53,1786866415.769705,683,828,859,1022,829,757,665,800,759,711,0,0,235,361,467,489,0,299,822,675,747,691,601,447,0,0,0,0,702,983,0,0,aro,cross_leg_right,1
54,1786866415.770191,682,827,855,1029,829,760,666,799,760,710,0,0,230,359,467,491,0,295,823,675,746,694,587,447,0,0,0,0,703,985,0,0,aro,cross_leg_right,1
55,1786866415.770621,681,827,855,1022,825,762,665,799,761,711,0,0,227,357,467,489,0,296,823,677,748,687,601,447,0,0,0,0,702,985,0,0,aro,cross_leg_right,1
56,1786866415.771043,683,829,853,1021,827,763,667,803,760,711,0,0,221,359,466,487,0,295,822,676,747,692,603,447,0,0,0,0,700,984,0,0,aro,cross_leg_right,1
57,1786866415.771474,683,828,855,1021,827,763,667,803,760,711,0,0,217,359,475,491,0,296,823,666,749,682,612,447,0,0,0,0,702,987,24,0,aro,cross_leg_right,1
58,1786866415.771912,678,829,849,1019,825,763,668,805,761,713,0,0,217,355,463,489,0,295,823,676,748,691,603,452,0,0,0,0,700,987,30,0,aro,cross_leg_right,1
59,1786866415.772348,677,829,853,1020,823,763,667,805,761,714,0,0,217,357,463,483,0,293,823,676,749,697,603,454,0,0,0,0,703,987,35,0,aro,cross_leg_right,1
60,1786866415.772780,675,829,851,1018,822,765,668,805,763,716,0,0,216,359,463,487,0,292,822,677,751,690,605,455,0,0,0,0,709,987,39,0,aro,cross_leg_right,1
61,1786866415.773231,678,829,851,1016,822,763,669,805,763,717,0,0,213,357,461,488,0,285,823,677,751,694,604,455,0,0,0,0,709,988,39,0,aro,cross_leg_right,1
62,1786866415.773658,676,827,846,1013,821,763,669,807,765,719,0,0,205,357,463,484,0,287,823,677,751,695,603,457,0,0,0,0,711,987,41,0,aro,cross_leg_right,1
63,1786866415.774086,671,825,841,1015,821,763,669,807,765,719,0,0,207,356,461,485,0,287,823,678,755,692,605,456,0,0,0,0,711,988,39,0,aro,cross_leg_right,1
64,1786866415.774521,675,827,845,1016,821,763,669,807,765,722,0,0,202,357,461,485,0,285,821,679,750,711,605,458,0,0,0,0,715,989,44,0,aro,cross_leg_right,1
65,1786866415.774949,675,827,845,1015,820,764,669,807,765,725,0,0,203,357,463,486,0,284,823,679,757,692,606,457,0,0,0,0,711,989,47,0,aro,cross_leg_right,1
66,1786866415.775388,671,826,858,1013,819,764,668,808,765,727,0,0,201,356,461,487,0,286,823,680,755,687,611,459,0,0,0,0,713,991,47,0,aro,cross_leg_right,1
67,1786866415.775814,671,825,846,1015,819,759,669,809,765,728,0,0,199,356,463,477,0,285,822,680,756,698,611,455,0,0,0,0,715,990,45,0,aro,cross_leg_right,1
68,1786866415.776253,669,823,845,1013,819,763,669,810,772,728,0,0,198,357,465,487,0,287,823,680,757,694,611,462,0,0,0,0,715,991,53,0,aro,cross_leg_right,1
69,1786866415.776690,669,823,845,1012,819,763,671,810,771,729,0,0,184,355,462,488,0,292,822,682,759,696,611,462,0,0,0,0,714,997,57,0,aro,cross_leg_right,1
70,1786866415.777115,669,821,844,1007,815,764,671,809,772,728,0,0,182,351,463,487,0,294,823,681,758,693,611,462,0,0,0,0,715,995,57,0,aro,cross_leg_right,1
71,1786866415.777554,664,816,844,1007,815,765,667,807,772,729,0,0,175,355,460,486,0,294,821,678,759,685,607,463,0,0,0,0,724,995,59,0,aro,cross_leg_right,1
72,1786866415.778004,669,821,843,1011,815,764,671,810,772,729,0,0,179,355,461,488,0,295,823,680,759,698,611,466,0,0,0,0,716,994,69,0,aro,cross_leg_right,1
73,1786866415.778394,669,823,845,1014,819,765,671,811,772,728,0,0,181,353,461,488,0,295,824,680,759,695,611,465,0,0,0,0,715,994,69,0,aro,cross_leg_right,1
74,1786866415.778773,669,825,845,1014,821,765,669,809,773,727,0,0,184,355,463,489,0,293,824,681,760,693,612,462,0,0,0,0,717,995,61,0,aro,cross_leg_right,1
75,1786866415.779155,669,824,846,1016,821,765,669,810,767,729,0,0,190,353,461,489,0,297,825,679,759,693,611,462,0,0,0,0,719,995,61,0,aro,cross_leg_right,1
76,1786866415.779538,675,825,850,1016,822,765,669,810,773,726,0,0,205,357,463,492,0,297,824,679,757,693,611,461,0,0,0,0,715,993,60,0,aro,cross_leg_right,1
77,1786866415.779915,679,825,845,1035,825,765,671,809,773,722,0,0,213,354,463,495,0,295,822,680,759,687,611,461,0,0,0,0,719,996,57,0,aro,cross_leg_right,1
78,1786866415.780301,683,827,852,1039,825,766,671,809,772,723,0,0,225,355,463,498,0,296,823,677,757,695,607,463,0,0,0,0,717,989,56,0,aro,cross_leg_right,1
79,1786866415.780679,681,828,855,1041,827,781,670,807,767,723,0,0,240,355,466,501,0,299,823,679,757,697,607,473,0,0,0,0,716,991,47,0,aro,cross_leg_right,1
80,1786866415.781062,685,830,853,1043,828,765,669,806,765,719,0,0,261,359,469,500,0,299,823,679,756,693,609,467,0,0,0,0,717,989,43,0,aro,cross_leg_right,1
81,1786866415.781442,685,836,857,1044,827,767,669,805,763,717,0,0,285,367,470,499,0,295,823,679,754,699,606,459,0,0,0,0,719,989,37,0,aro,cross_leg_right,1
82,1786866415.781826,691,831,857,1045,829,765,671,805,763,717,0,0,271,373,471,503,0,297,824,677,756,695,605,457,0,0,0,0,719,989,31,0,aro,cross_leg_right,1
83,1786866415.782205,692,838,859,1047,828,765,669,804,763,715,0,0,294,376,471,505,0,299,821,677,749,696,605,456,0,0,0,0,717,984,22,0,aro,cross_leg_right,1
84,1786866415.782587,691,839,859,1047,828,766,670,803,762,713,0,0,296,377,475,505,0,297,820,680,751,696,604,453,0,0,0,0,718,987,22,0,aro,cross_leg_right,1
85,1786866415.783006,692,831,859,1049,829,764,669,803,761,714,0,0,293,374,475,505,0,300,823,677,748,693,603,453,0,0,0,0,722,985,0,0,aro,cross_leg_right,1
86,1786866415.783411,692,837,859,1047,828,764,669,803,762,712,0,0,293,377,473,504,0,299,823,679,755,694,603,455,0,0,0,0,723,986,0,0,aro,cross_leg_right,1
87,1786866415.783811,691,837,859,1049,829,764,665,803,761,713,0,0,293,376,475,505,0,300,823,679,751,683,605,453,0,0,0,0,719,987,0,0,aro,cross_leg_right,1
88,1786866415.784215,692,839,860,1047,828,764,667,804,761,715,0,0,301,375,474,504,0,303,821,678,751,694,604,455,0,0,0,0,722,987,0,0,aro,cross_leg_right,1
89,1786866415.784589,691,837,859,1047,831,764,667,803,761,712,0,0,299,377,475,508,0,307,825,679,751,687,605,447,0,0,0,0,722,983,0,0,aro,cross_leg_right,1
90,1786866415.784942,691,838,861,1052,831,763,666,803,761,712,0,0,299,375,475,507,0,308,823,679,755,694,605,455,0,0,0,0,721,985,0,0,aro,cross_leg_right,1
91,1786866415.785293,691,837,861,1051,829,763,667,800,761,711,0,0,297,377,474,507,0,309,824,679,755,694,604,454,0,0,0,0,721,985,0,0,aro,cross_leg_right,1
92,1786866415.785652,692,831,863,1061,836,763,668,804,761,712,0,0,299,377,475,509,0,310,823,679,754,693,605,455,0,0,0,0,717,985,0,0,aro,cross_leg_right,1
93,1786866415.786011,693,838,863,1055,838,763,665,799,761,711,0,0,297,377,475,507,0,313,819,677,749,693,605,453,0,0,0,0,719,983,0,0,aro,cross_leg_right,1
94,1786866415.786365,693,837,863,1055,837,763,665,799,760,709,0,0,297,377,475,507,0,310,821,678,751,695,604,455,0,0,0,0,715,984,0,0,aro,cross_leg_right,1
95,1786866415.786715,701,839,867,1053,837,763,665,799,761,711,0,0,302,379,477,508,0,315,822,677,750,694,605,455,0,0,0,0,719,983,0,0,aro,cross_leg_right,1
96,1786866415.787073,685,837,867,1055,839,763,663,799,760,708,0,0,295,377,475,506,0,311,823,677,748,695,603,453,0,0,0,0,717,983,0,0,aro,cross_leg_right,1
97,1786866415.787426,694,839,863,1053,839,761,661,795,761,702,0,0,287,376,477,507,0,309,823,677,755,693,603,447,0,0,0,0,719,979,0,0,aro,cross_leg_right,1
98,1786866415.787775,693,840,864,1065,840,764,661,799,761,703,0,0,285,376,476,505,0,312,821,679,749,693,603,447,0,0,0,0,722,981,0,0,aro,cross_leg_right,1
99,1786866415.788137,694,838,866,1053,840,765,661,798,759,703,0,0,283,378,475,506,0,309,820,679,750,693,603,453,0,0,0,0,717,984,0,0,aro,cross_leg_right,1
100,1786866415.788487,694,839,867,1056,841,765,663,797,759,702,0,0,281,377,475,503,0,307,820,681,751,694,604,453,0,0,0,0,717,984,0,0,aro,cross_leg_right,1
101,1786866415.788849,695,838,867,1055,841,765,661,797,759,701,0,0,276,376,476,503,0,302,823,679,753,694,605,453,0,0,0,0,716,984,25,0,aro,cross_leg_right,1
102,1786866415.789199,696,840,867,1059,842,767,663,798,759,703,0,0,268,375,474,503,0,306,823,678,751,694,606,453,0,0,0,0,715,985,40,0,aro,cross_leg_right,1
103,1786866415.789553,699,837,867,1053,842,765,661,799,759,703,0,0,267,373,475,503,0,303,823,679,749,693,605,448,0,0,0,0,711,988,45,0,aro,cross_leg_right,1
104,1786866415.789914,691,829,867,1053,841,765,663,798,759,709,0,0,243,389,473,502,0,311,823,679,751,693,603,455,0,0,0,0,711,995,53,0,aro,cross_leg_right,1
105,1786866415.790245,693,831,866,1051,841,765,661,797,760,709,0,0,237,371,477,501,0,309,823,681,748,693,605,455,0,0,0,0,709,995,55,0,aro,cross_leg_right,1
106,1786866415.790588,693,831,862,1053,841,766,663,798,761,711,0,0,231,377,475,501,0,325,819,681,748,695,604,447,0,0,0,0,729,997,55,0,aro,cross_leg_right,1
107,1786866415.790919,691,831,863,1053,843,765,664,799,761,710,0,0,219,375,473,501,0,311,823,679,749,694,605,455,0,0,0,0,711,993,57,0,aro,cross_leg_right,1
108,1786866415.791252,691,821,867,1055,842,767,663,798,761,712,0,0,227,372,473,500,0,309,823,680,752,695,607,455,0,0,0,0,715,996,63,0,aro,cross_leg_right,1
109,1786866415.791583,691,837,867,1055,843,766,664,799,761,711,0,0,226,367,477,501,0,318,823,677,749,693,607,455,0,0,0,0,701,995,62,0,aro,cross_leg_right,1
110,1786866415.791911,685,823,861,1055,841,761,660,803,759,710,0,0,228,373,477,502,0,311,821,681,751,693,611,459,0,0,0,0,701,991,71,0,aro,cross_leg_right,1
111,1786866415.792255,684,823,863,1055,841,765,663,799,761,713,0,0,231,373,474,502,0,319,823,678,750,695,606,457,0,0,0,0,717,989,73,0,aro,cross_leg_right,1
112,1786866415.792591,681,825,861,1051,841,765,664,803,761,711,0,0,237,367,471,501,0,315,821,677,744,693,610,456,0,0,0,0,713,997,73,0,aro,cross_leg_right,1
113,1786866415.792928,687,823,862,1053,829,765,665,799,761,713,0,0,245,374,475,501,0,328,821,679,763,695,611,457,0,0,0,0,715,997,69,0,aro,cross_leg_right,1
114,1786866415.793268,685,823,863,1055,841,765,665,799,762,714,0,0,263,375,474,503,0,317,825,678,751,695,611,461,0,0,0,0,713,995,75,0,aro,cross_leg_right,1
115,1786866415.793597,687,825,866,1053,841,765,665,799,762,715,0,0,269,376,474,503,0,319,823,679,751,695,607,459,0,0,0,0,715,995,75,0,aro,cross_leg_right,1
116,1786866415.793933,687,829,866,1051,841,765,666,799,761,711,0,0,279,379,472,503,0,316,823,679,751,694,610,459,0,0,0,0,715,995,76,0,aro,cross_leg_right,1
117,1786866415.794270,685,826,867,1051,841,766,665,800,761,711,0,0,285,381,475,503,0,315,824,679,754,694,610,460,0,0,0,0,741,995,77,0,aro,cross_leg_right,1
118,1786866415.794621,688,819,863,1054,841,767,667,799,761,711,0,0,291,379,479,505,0,314,824,678,751,695,607,459,0,0,0,0,719,995,78,0,aro,cross_leg_right,1
119,1786866415.794946,690,826,862,1053,845,767,666,803,761,713,0,0,296,394,475,504,0,313,824,680,750,695,611,459,0,0,0,0,719,997,84,0,aro,cross_leg_right,1
120,1786866415.795273,687,827,861,1049,843,765,663,803,761,713,0,0,293,396,477,505,0,328,823,679,751,695,611,459,0,0,0,0,724,999,85,0,aro,cross_leg_right,1
121,1786866415.795605,687,825,861,1035,843,773,668,799,761,713,0,0,295,392,475,504,0,307,823,680,751,695,611,459,0,0,0,0,711,995,85,0,aro,cross_leg_right,1
122,1786866415.795932,683,823,860,1033,841,767,667,803,761,712,0,0,287,392,476,503,0,310,825,679,757,695,611,463,0,0,0,0,719,1001,91,0,aro,cross_leg_right,1
123,1786866415.796263,683,823,858,1035,840,773,669,805,763,711,0,0,283,394,476,503,0,297,824,680,754,697,612,461,0,0,0,0,722,987,93,0,aro,cross_leg_right,1
124,1786866415.796586,681,824,857,1033,843,774,665,803,765,717,0,0,274,393,475,504,0,313,824,677,755,697,614,467,0,0,0,0,711,1000,88,0,aro,cross_leg_right,1
125,1786866415.796915,681,821,855,1032,840,775,671,805,765,716,0,0,265,395,477,504,0,317,824,679,755,697,613,467,0,0,0,0,723,1001,91,0,aro,cross_leg_right,1
126,1786866415.797241,676,822,853,1023,839,772,668,805,764,709,0,0,247,390,477,505,0,307,831,680,749,697,613,466,0,0,0,0,727,1014,91,0,aro,cross_leg_right,1
127,1786866415.797566,679,819,851,1029,831,775,669,806,767,724,0,0,233,391,476,506,0,310,823,680,750,698,613,468,0,0,0,0,729,1002,99,0,aro,cross_leg_right,1
128,1786866415.797895,678,819,851,1019,838,775,669,805,767,722,0,0,219,379,477,505,0,310,824,680,757,699,615,471,0,0,0,0,729,981,99,0,aro,cross_leg_right,1
129,1786866415.798198,676,814,847,1021,829,775,663,809,771,725,0,0,218,382,476,504,0,302,825,681,759,699,616,471,0,0,0,0,732,1001,101,0,aro,cross_leg_right,1
130,1786866415.798509,675,819,845,1022,829,774,671,808,767,725,0,0,209,379,475,501,0,301,826,684,759,701,616,471,0,0,0,0,728,1003,101,0,aro,cross_leg_right,1
131,1786866415.798832,671,815,845,1017,830,775,670,808,768,726,0,0,205,375,473,499,0,302,827,685,759,702,620,477,0,0,0,0,731,1003,103,0,aro,cross_leg_right,1
132,1786866415.799182,671,814,840,1013,827,767,671,810,776,725,0,0,201,371,467,499,0,294,827,682,764,703,615,472,0,0,0,0,732,1005,103,0,aro,cross_leg_right,1
133,1786866415.799511,669,815,845,1007,829,777,671,809,773,729,0,0,201,373,475,501,0,293,829,684,757,702,617,472,0,0,0,0,739,1005,105,0,aro,cross_leg_right,1
134,1786866415.799819,672,815,843,1017,828,776,670,811,773,728,0,0,197,359,467,503,0,288,827,697,759,709,620,471,0,0,0,0,740,1003,111,0,aro,cross_leg_right,1
135,1786866415.800137,672,814,843,1017,826,775,671,811,774,729,0,0,199,373,473,504,0,293,823,688,759,711,621,475,0,0,0,0,741,1013,121,0,aro,cross_leg_right,1
136,1786866415.800446,679,812,844,1015,827,777,671,812,775,729,0,0,189,367,473,509,0,287,825,689,763,711,620,489,0,0,0,0,743,1005,119,0,aro,cross_leg_right,1
137,1786866415.800756,683,813,841,1015,827,776,671,811,775,729,0,0,211,375,472,507,0,291,825,687,765,712,624,473,0,0,0,0,747,1015,125,0,aro,cross_leg_right,1
138,1786866415.801066,670,816,843,1017,825,775,669,811,775,731,0,0,205,378,477,509,0,287,824,687,757,711,626,476,0,0,0,0,742,1013,135,0,aro,cross_leg_right,1
139,1786866415.801375,675,815,839,1014,827,776,671,811,775,728,0,0,216,377,475,519,0,287,827,693,763,712,627,477,0,0,0,0,747,1015,136,0,aro,cross_leg_right,1
140,1786866415.801691,670,815,840,1007,825,775,671,811,775,729,0,0,205,376,476,517,0,288,827,699,763,713,622,475,0,0,0,0,749,1015,134,0,aro,cross_leg_right,1
141,1786866415.802003,671,814,840,1005,823,775,674,812,774,729,0,0,207,375,477,519,0,284,825,688,779,712,627,478,0,0,0,0,743,1003,137,0,aro,cross_leg_right,1
142,1786866415.802314,666,814,839,1013,825,777,671,813,774,728,0,0,206,381,475,519,0,287,829,687,765,713,624,477,0,0,0,0,745,1017,142,0,aro,cross_leg_right,1
143,1786866415.802628,668,813,839,1014,826,776,677,809,773,727,0,0,211,397,476,517,0,292,827,689,763,711,629,479,0,0,0,0,749,1017,153,0,aro,cross_leg_right,1
144,1786866415.802938,671,815,840,1013,826,776,675,811,774,727,0,0,211,379,477,520,0,291,829,691,767,713,623,477,0,0,0,0,747,1017,155,0,aro,cross_leg_right,1
145,1786866415.803255,671,815,842,1015,827,776,675,812,774,727,0,0,223,391,477,517,0,291,828,692,767,712,623,479,0,0,0,0,747,1020,159,0,aro,cross_leg_right,1
146,1786866415.803566,676,815,841,1015,829,777,671,811,775,729,0,0,237,396,475,522,0,293,837,690,766,711,627,483,0,0,0,0,746,1015,163,0,aro,cross_leg_right,1
147,1786866415.803881,672,810,841,1015,830,777,669,812,775,731,0,0,235,380,482,521,0,299,827,693,773,713,627,485,0,0,0,0,743,1018,158,0,aro,cross_leg_right,1
148,1786866415.804187,675,827,841,1016,825,775,671,812,775,729,0,0,235,395,483,521,0,301,836,693,763,712,628,479,0,0,0,0,748,1017,159,0,aro,cross_leg_right,1
149,1786866415.804498,676,809,843,1017,820,777,672,815,775,729,0,0,235,408,482,522,0,281,827,691,766,713,629,479,0,0,0,0,741,1017,153,0,aro,cross_leg_right,1
150,1786866415.804814,676,815,843,1017,829,777,671,811,774,729,0,0,232,378,473,523,0,283,830,691,766,717,632,483,0,0,0,0,757,1016,139,0,aro,cross_leg_right,1
151,1786866415.805121,676,811,843,1016,827,777,675,813,775,728,0,0,230,381,475,522,0,288,831,691,767,715,629,483,0,0,0,0,755,1047,157,0,aro,cross_leg_right,1
152,1786866415.805438,675,815,841,1016,827,779,665,814,775,728,0,0,227,392,479,521,0,291,829,691,767,713,626,485,0,0,0,0,746,1020,173,0,aro,cross_leg_right,1
153,1786866415.805745,675,813,840,1015,828,777,675,813,776,729,0,0,219,393,476,523,0,285,830,687,773,715,627,483,0,0,0,0,754,1019,175,0,aro,cross_leg_right,1
154,1786866415.806040,675,813,839,1015,827,777,671,813,777,733,0,0,215,377,473,523,0,285,829,687,775,715,631,485,0,0,0,0,757,1030,179,0,aro,cross_leg_right,1
155,1786866415.806339,671,815,839,1015,823,777,669,812,777,733,0,0,207,382,475,525,0,278,831,691,777,715,628,487,0,0,0,0,749,1022,183,0,aro,cross_leg_right,1
156,1786866415.806631,669,814,839,1013,823,776,670,813,777,731,0,0,210,391,475,523,0,280,843,693,793,719,627,485,0,0,0,0,757,1015,189,0,aro,cross_leg_right,1
157,1786866415.806928,675,813,837,1014,825,777,676,813,778,733,0,0,211,382,475,524,0,279,841,697,777,716,628,485,0,0,0,0,756,1023,185,0,aro,cross_leg_right,1
158,1786866415.807216,671,814,841,1015,826,775,681,815,779,733,0,0,209,395,473,529,0,277,831,697,778,719,629,489,0,0,0,0,757,1035,189,0,aro,cross_leg_right,1
159,1786866415.807507,669,816,843,1017,829,777,678,815,780,737,0,0,213,391,477,532,0,293,839,697,780,722,629,487,0,0,0,0,755,1031,188,0,aro,cross_leg_right,1
160,1786866415.807802,670,815,842,1017,827,777,677,814,781,734,0,0,213,389,475,532,0,292,839,696,779,723,633,488,0,0,0,0,757,1013,191,0,aro,cross_leg_right,1
161,1786866415.808108,670,815,843,1019,827,776,677,817,779,731,0,0,213,391,475,532,0,309,841,693,777,723,633,489,0,0,0,0,748,1032,191,0,aro,cross_leg_right,1
162,1786866415.808429,669,813,841,1016,829,775,677,815,777,730,0,0,212,389,475,531,0,294,831,697,777,718,631,487,0,0,0,0,757,1039,189,0,aro,cross_leg_right,1
163,1786866415.808717,669,813,841,1017,828,777,677,814,777,734,0,0,212,384,475,529,0,291,853,700,779,717,633,493,0,0,0,0,757,1032,189,0,aro,cross_leg_right,1
164,1786866415.809009,667,813,839,1016,828,773,676,813,776,731,0,0,211,383,476,521,0,291,839,697,779,723,631,487,0,0,0,0,759,1033,187,0,aro,cross_leg_right,1
165,1786866415.809297,665,813,841,1011,827,779,675,815,777,739,0,0,210,383,477,529,0,292,823,695,797,721,653,491,0,0,0,0,755,1052,186,0,aro,cross_leg_right,1
166,1786866415.809585,665,813,839,1015,825,777,676,824,777,739,0,0,212,389,477,529,0,291,843,703,781,719,633,491,0,0,0,0,751,1032,185,0,aro,cross_leg_right,1
167,1786866415.809879,665,812,839,1015,829,777,677,819,775,741,0,0,213,389,482,530,0,280,837,696,782,723,633,488,0,0,0,0,755,1039,173,0,aro,cross_leg_right,1
168,1786866415.810165,663,813,838,1017,829,777,675,813,777,733,0,0,211,391,487,525,0,293,839,699,779,719,635,485,0,0,0,0,755,1031,187,0,aro,cross_leg_right,1
169,1786866415.810455,664,813,841,1016,829,777,677,815,779,735,0,0,213,392,483,529,0,294,840,693,779,719,629,489,0,0,0,0,751,1033,187,0,aro,cross_leg_right,1
170,1786866415.810742,663,813,839,1017,837,779,678,816,779,733,0,0,211,393,481,529,0,296,840,697,779,717,635,479,0,0,0,0,751,1033,185,0,aro,cross_leg_right,1
171,1786866415.811040,661,811,838,1015,829,765,675,815,779,730,0,0,211,391,484,527,0,296,827,695,775,722,631,487,0,0,0,0,751,1023,189,0,aro,cross_leg_right,1
172,1786866415.811327,657,811,840,1018,831,777,677,821,777,733,0,0,207,392,483,529,0,296,839,696,781,719,631,494,0,0,0,0,749,1020,185,0,aro,cross_leg_right,1
173,1786866415.811611,661,809,840,1017,827,778,677,813,779,743,0,0,205,389,477,524,0,297,837,698,788,719,633,485,0,0,0,0,749,1029,163,0,aro,cross_leg_right,1
174,1786866415.811891,659,811,839,1016,829,775,677,815,779,743,0,0,211,391,482,525,0,297,841,697,787,716,629,490,0,0,0,0,751,1045,175,0,aro,cross_leg_right,1
175,1786866415.812166,662,811,841,1017,837,777,676,815,777,727,0,0,211,391,477,527,0,287,838,698,781,719,633,490,0,0,0,0,750,1019,173,0,aro,cross_leg_right,1
176,1786866415.812453,661,813,843,1016,829,778,677,815,779,731,0,0,213,391,485,524,0,301,837,693,777,721,632,491,0,0,0,0,749,1047,169,0,aro,cross_leg_right,1
177,1786866415.812728,661,813,841,1017,827,777,677,813,777,729,0,0,215,391,479,523,0,295,837,693,778,718,627,491,0,0,0,0,748,1022,168,0,aro,cross_leg_right,1
178,1786866415.813010,663,813,841,1017,831,777,677,815,779,731,0,0,215,393,479,522,0,292,839,695,777,722,631,495,0,0,0,0,747,1021,159,0,aro,cross_leg_right,1
179,1786866415.813288,663,814,842,1017,839,777,677,814,777,729,0,0,217,391,477,523,0,287,837,695,777,721,627,489,0,0,0,0,745,1021,160,0,aro,cross_leg_right,1
180,1786866415.813564,664,812,843,1016,829,765,675,812,775,733,0,0,223,391,468,525,0,285,841,691,778,716,626,483,0,0,0,0,746,1021,156,0,aro,cross_leg_right,1
181,1786866415.813849,667,814,844,1019,840,778,677,815,777,731,0,0,232,393,478,527,0,285,838,700,777,717,629,491,0,0,0,0,747,1021,155,0,aro,cross_leg_right,1
182,1786866415.814124,669,815,845,1029,837,778,679,819,778,733,0,0,244,395,478,531,0,285,837,694,777,701,632,486,0,0,0,0,747,1029,154,0,aro,cross_leg_right,1
183,1786866415.814407,669,817,847,1022,837,778,679,815,779,733,0,0,251,398,479,529,0,285,837,695,777,723,627,485,0,0,0,0,748,1023,159,0,aro,cross_leg_right,1
184,1786866415.814708,671,815,843,1023,837,778,678,813,779,733,0,0,261,402,483,533,0,287,837,695,777,721,630,489,0,0,0,0,748,1022,149,0,aro,cross_leg_right,1
185,1786866415.815011,671,815,845,1023,841,779,679,816,779,733,0,0,263,403,477,532,0,286,839,697,777,717,633,488,0,0,0,0,748,1021,153,0,aro,cross_leg_right,1
186,1786866415.815322,672,815,845,1023,827,777,677,816,778,733,0,0,261,402,475,532,0,287,837,698,778,719,621,491,0,0,0,0,748,1021,139,0,aro,cross_leg_right,1
187,1786866415.815604,675,819,846,1023,824,777,677,815,779,733,0,0,255,393,474,532,0,291,837,695,777,717,633,488,0,0,0,0,747,1020,141,0,aro,cross_leg_right,1
188,1786866415.815894,672,819,847,1029,827,777,676,819,779,733,0,0,261,392,468,529,0,287,837,696,778,723,634,491,0,0,0,0,747,1021,151,0,aro,cross_leg_right,1
189,1786866415.816174,668,819,846,1031,825,775,675,813,779,737,0,0,253,395,461,538,0,287,837,697,779,717,633,491,0,0,0,0,747,1021,149,0,aro,cross_leg_right,1
190,1786866415.816452,675,821,846,1031,825,776,675,820,781,739,0,0,269,398,460,536,0,287,837,697,779,717,632,491,0,0,0,0,749,1021,168,0,aro,cross_leg_right,1
191,1786866415.816741,675,819,847,1023,827,775,674,820,781,741,0,0,275,405,459,540,0,295,831,699,779,719,619,499,0,0,0,0,751,1021,171,0,aro,cross_leg_right,1
192,1786866415.817022,675,821,847,1023,815,775,675,821,782,741,0,0,279,406,465,543,0,291,840,699,782,725,645,495,0,0,0,0,755,1031,165,0,aro,cross_leg_right,1
193,1786866415.817312,671,819,838,1017,821,775,669,822,781,741,0,0,283,409,458,553,0,283,843,712,787,723,633,489,0,0,0,0,759,1022,158,0,aro,cross_leg_right,1
194,1786866415.817593,675,820,845,1019,811,773,675,821,787,742,0,0,287,411,457,543,0,285,841,709,787,724,639,499,0,0,0,0,763,1032,153,0,aro,cross_leg_right,1
195,1786866415.817875,671,819,838,1017,814,772,675,824,788,743,0,0,295,415,455,547,0,285,839,703,787,725,639,505,0,0,0,0,766,1033,147,0,aro,cross_leg_right,1
196,1786866415.818168,669,819,830,1015,815,767,675,821,787,745,0,0,297,419,457,551,0,286,840,703,787,727,633,505,0,0,0,0,773,1031,140,0,aro,cross_leg_right,1
197,1786866415.818451,669,815,829,1011,797,767,676,821,788,747,0,0,297,421,458,539,0,286,841,709,787,723,633,503,0,0,0,0,775,1030,133,0,aro,cross_leg_right,1
198,1786866415.818740,666,815,825,1011,794,765,675,823,789,747,0,0,297,421,457,555,0,283,839,703,785,723,637,502,0,0,0,0,775,1029,121,0,aro,cross_leg_right,1
199,1786866415.819020,665,815,825,1009,795,767,675,821,789,747,0,0,297,422,459,558,0,285,839,710,787,726,635,503,0,0,0,0,779,1023,118,0,aro,cross_leg_right,1
200,1786866415.819298,664,814,825,1007,799,765,677,813,792,747,0,0,299,423,459,552,0,286,840,712,787,722,635,503,0,0,0,0,788,1031,111,0,aro,cross_leg_right,1
201,1786866415.819587,667,813,826,1007,803,765,679,831,793,749,0,0,303,425,457,556,0,293,841,713,789,729,635,504,0,0,0,0,805,1029,102,0,aro,cross_leg_right,1
202,1786866415.819858,667,815,824,1007,803,767,679,825,794,748,0,0,299,425,458,555,0,294,845,717,789,725,633,503,0,0,0,0,826,1031,93,0,aro,cross_leg_right,1
203,1786866415.820133,666,818,824,1004,797,761,679,829,795,747,0,0,287,429,459,555,0,293,845,719,791,731,635,503,0,0,0,0,841,1019,83,0,aro,cross_leg_right,1
204,1786866415.820405,666,815,823,1005,804,761,679,824,799,751,0,0,277,427,457,557,0,293,845,727,793,719,645,501,0,0,0,0,847,1007,0,0,aro,cross_leg_right,1
205,1786866415.820673,664,815,825,1004,807,755,681,829,803,745,0,0,247,427,457,555,0,294,845,732,795,726,635,495,0,0,0,0,851,1001,0,0,aro,cross_leg_right,1
206,1786866415.820956,665,813,827,1005,808,757,681,827,805,751,0,0,230,427,453,556,0,300,849,735,797,723,629,501,0,0,0,0,857,986,0,0,aro,cross_leg_right,1
207,1786866415.821234,661,813,827,1011,811,763,681,829,811,759,0,0,216,423,454,548,0,309,853,735,797,719,623,487,0,0,0,0,859,958,0,0,aro,cross_leg_right,1
208,1786866415.821512,661,815,831,1014,814,763,683,831,811,764,0,0,212,421,453,535,0,319,851,737,799,716,631,478,0,0,0,0,859,923,0,0,aro,cross_leg_right,1
209,1786866415.821788,661,811,838,1015,815,763,681,831,814,756,0,0,201,413,445,523,0,330,857,739,797,717,632,475,0,0,0,0,853,877,0,0,aro,cross_leg_right,1
210,1786866415.822059,662,815,837,1017,815,763,681,839,813,761,0,0,189,411,443,521,0,333,859,739,797,715,633,473,0,0,0,0,845,861,0,0,aro,cross_leg_right,1
211,1786866415.822341,665,815,841,1019,815,756,681,831,811,764,0,0,186,405,446,505,0,347,855,740,797,717,632,477,0,0,0,0,841,854,0,0,aro,cross_leg_right,1
212,1786866415.822614,667,819,843,1022,813,756,681,831,811,759,0,0,191,404,447,517,0,345,861,735,793,717,631,473,0,0,0,0,824,860,0,0,aro,cross_leg_right,1
213,1786866415.822893,675,823,845,1031,812,747,678,827,808,749,0,0,227,407,447,529,0,349,850,729,792,717,631,477,0,0,0,0,809,887,0,0,aro,cross_leg_right,1
214,1786866415.823166,679,827,853,1050,811,755,681,827,807,749,0,0,287,421,457,535,0,361,847,739,793,717,633,488,0,0,0,0,803,921,0,0,aro,cross_leg_right,1
215,1786866415.823435,681,827,856,1051,813,760,681,825,800,749,0,0,329,430,467,552,0,376,845,725,790,723,631,491,0,0,0,0,799,943,0,0,aro,cross_leg_right,1
216,1786866415.823724,682,828,855,1051,815,763,682,823,799,747,0,0,347,437,472,553,0,391,843,717,788,714,637,499,0,0,0,0,797,957,0,0,aro,cross_leg_right,1
217,1786866415.823997,683,827,855,1052,815,763,683,825,797,747,0,0,345,437,477,550,0,394,841,716,787,723,635,495,0,0,0,0,793,969,0,0,aro,cross_leg_right,1
218,1786866415.824275,680,827,855,1049,819,764,681,824,795,746,0,0,331,435,477,539,0,391,837,715,785,715,635,495,0,0,0,0,787,974,0,0,aro,cross_leg_right,1
219,1786866415.824555,680,827,855,1048,819,765,681,823,793,746,0,0,307,429,476,535,0,381,830,711,783,721,637,494,0,0,0,0,779,973,0,0,aro,cross_leg_right,1
220,1786866415.824827,679,827,855,1051,819,763,680,824,793,743,0,0,295,426,472,538,0,382,829,711,780,722,635,495,0,0,0,0,773,981,0,0,aro,cross_leg_right,1
221,1786866415.825109,679,827,855,1051,816,759,679,823,793,744,0,0,307,427,471,544,0,382,825,703,779,717,635,495,0,0,0,0,764,988,45,0,aro,cross_leg_right,1
222,1786866415.825380,683,829,856,1049,820,759,680,825,795,744,0,0,315,427,473,547,0,391,826,703,778,715,635,493,0,0,0,0,757,989,63,0,aro,cross_leg_right,1
223,1786866415.825656,681,829,856,1035,815,760,681,824,794,744,0,0,325,427,473,550,0,390,824,701,776,712,631,491,0,0,0,0,745,989,75,0,aro,cross_leg_right,1
224,1786866415.825931,680,828,855,1033,816,761,681,826,794,743,0,0,327,427,475,549,0,380,820,699,766,701,631,487,0,0,0,0,728,987,77,0,aro,cross_leg_right,1
225,1786866415.826201,681,828,855,1032,815,759,681,823,793,743,0,0,333,427,472,549,0,379,814,696,766,711,628,486,0,0,0,0,724,987,81,0,aro,cross_leg_right,1
226,1786866415.826498,679,827,855,1031,814,759,680,825,793,743,0,0,339,428,473,546,0,379,814,693,764,711,629,485,0,0,0,0,717,985,79,0,aro,cross_leg_right,1
227,1786866415.826766,680,827,855,1033,815,761,681,823,795,743,0,0,345,427,475,542,0,380,813,692,763,711,628,486,0,0,0,0,716,987,83,0,aro,cross_leg_right,1
228,1786866415.827042,681,827,856,1032,815,762,680,824,793,743,0,0,344,427,474,539,0,380,811,693,763,711,628,486,0,0,0,0,713,989,83,0,aro,cross_leg_right,1
229,1786866415.827312,680,827,855,1032,814,762,681,823,790,740,0,0,344,429,474,537,0,379,810,691,761,699,629,478,0,0,0,0,713,989,81,0,aro,cross_leg_right,1
230,1786866415.827583,679,825,855,1030,813,763,680,822,788,740,0,0,339,428,477,533,0,378,809,693,760,680,627,488,0,0,0,0,701,989,91,0,aro,cross_leg_right,1
231,1786866415.827877,678,827,854,1029,813,767,681,820,787,735,0,0,339,427,475,531,0,377,807,684,763,701,623,485,0,0,0,0,694,991,87,0,aro,cross_leg_right,1
232,1786866415.828147,681,825,855,1030,815,761,679,821,787,737,0,0,339,429,475,529,0,379,808,686,761,715,627,487,0,0,0,0,695,991,74,0,aro,cross_leg_right,1
233,1786866415.828422,677,827,855,1031,815,763,679,821,788,739,0,0,341,429,477,523,0,381,808,687,761,700,628,487,0,0,0,0,694,988,90,0,aro,cross_leg_right,1
234,1786866415.828688,679,825,857,1031,820,764,679,823,788,739,0,0,343,427,476,523,0,391,809,685,762,703,627,485,0,0,0,0,693,987,93,0,aro,cross_leg_right,1
235,1786866415.828956,681,824,856,1031,821,763,679,821,787,739,0,0,341,429,475,519,0,391,809,685,761,703,625,482,0,0,0,0,691,985,90,0,aro,cross_leg_right,1
236,1786866415.829231,679,823,856,1031,819,765,679,823,789,741,0,0,341,429,476,521,0,391,809,685,761,699,627,489,0,0,0,0,684,985,93,0,aro,cross_leg_right,1
237,1786866415.829497,681,825,855,1031,820,764,681,821,789,740,0,0,343,431,475,529,0,382,807,685,761,699,629,489,0,0,0,0,678,983,99,0,aro,cross_leg_right,1
238,1786866415.829768,681,825,855,1031,821,765,680,821,788,739,0,0,344,431,477,533,0,377,807,683,756,695,623,487,0,0,0,0,675,983,101,0,aro,cross_leg_right,1
239,1786866415.830033,680,823,854,1030,819,766,680,820,787,739,0,0,346,429,475,519,0,365,807,681,749,695,622,487,0,0,0,0,667,978,107,0,aro,cross_leg_right,1
240,1786866415.830297,679,825,853,1031,819,765,678,821,787,739,0,0,349,431,477,522,0,354,807,679,751,697,623,485,0,0,0,0,661,979,107,0,aro,cross_leg_right,1
241,1786866415.830568,679,824,851,1023,819,765,679,819,787,735,0,0,351,431,476,519,0,341,806,680,749,701,623,485,0,0,0,0,662,980,111,0,aro,cross_leg_right,1
242,1786866415.830834,680,823,851,1023,820,765,679,819,785,737,0,0,358,434,476,519,0,329,807,679,751,699,621,484,0,0,0,0,663,981,114,0,aro,cross_leg_right,1
243,1786866415.831106,680,823,850,1021,821,767,681,821,787,739,0,0,360,434,479,519,0,311,805,681,749,693,623,483,0,0,0,0,665,984,117,0,aro,cross_leg_right,1
244,1786866415.831367,681,823,850,1019,822,773,678,821,787,740,0,0,362,435,479,520,0,305,807,681,756,701,624,485,0,0,0,0,669,981,119,0,aro,cross_leg_right,1
245,1786866415.831629,681,823,847,1021,823,773,681,821,787,740,0,0,364,434,479,519,0,301,809,681,753,691,623,485,0,0,0,0,669,988,123,0,aro,cross_leg_right,1
246,1786866415.831892,679,821,846,1017,823,767,680,820,787,739,0,0,365,438,479,520,0,297,809,681,755,685,623,485,0,0,0,0,679,987,123,0,aro,cross_leg_right,1
247,1786866415.832177,679,819,847,1015,823,767,679,819,787,739,0,0,365,439,478,520,0,287,810,683,755,697,623,485,0,0,0,0,679,987,125,0,aro,cross_leg_right,1
248,1786866415.832480,680,819,845,1015,823,772,679,820,787,737,0,0,365,439,482,519,0,287,809,681,753,697,623,487,0,0,0,0,681,988,127,0,aro,cross_leg_right,1
249,1786866415.833251,680,821,845,1015,821,773,679,819,783,739,0,0,367,439,481,521,0,287,809,683,756,693,621,487,0,0,0,0,679,991,135,0,aro,cross_leg_right,1
250,1786866415.853257,681,821,845,1016,820,775,679,820,787,735,0,0,365,439,483,521,0,287,809,681,755,697,623,487,0,0,0,0,683,989,136,0,aro,cross_leg_right,1
251,1786866415.873239,680,821,845,1017,821,768,677,820,786,733,0,0,365,439,479,521,0,286,811,682,754,696,623,489,0,0,0,0,683,987,139,0,aro,cross_leg_right,1
252,1786866415.893241,680,819,847,1017,821,773,677,820,787,739,0,0,367,439,481,521,0,286,811,681,755,695,623,489,0,0,0,0,680,989,137,0,aro,cross_leg_right,1
253,1786866415.913294,679,820,845,1016,819,765,679,821,787,737,0,0,364,440,481,521,0,293,809,681,757,709,623,487,0,0,0,0,681,987,139,0,aro,cross_leg_right,1
254,1786866415.933299,680,820,845,1015,819,767,679,819,786,735,0,0,363,439,479,521,0,287,809,679,757,697,623,489,0,0,0,0,680,989,137,0,aro,cross_leg_right,1
255,1786866415.953297,679,819,847,1016,821,767,679,818,783,734,0,0,362,439,482,521,0,292,811,683,757,701,623,489,0,0,0,0,681,991,136,0,aro,cross_leg_right,1
256,1786866415.973370,680,819,854,1016,822,767,679,819,786,737,0,0,363,440,485,524,0,295,811,683,759,699,622,489,0,0,0,0,685,989,135,0,aro,cross_leg_right,1
257,1786866415.993320,681,821,847,1019,823,773,678,819,787,738,0,0,361,439,483,523,0,297,811,684,760,701,627,491,0,0,0,0,685,990,135,0,aro,cross_leg_right,1
258,1786866416.013373,680,821,849,1019,823,772,677,820,787,735,0,0,365,440,483,525,0,301,811,683,760,703,627,491,0,0,0,0,687,991,152,0,aro,cross_leg_right,1
259,1786866416.033723,683,819,846,1019,823,767,677,819,787,739,0,0,365,440,483,523,0,299,813,685,761,701,627,492,0,0,0,0,693,994,127,0,aro,cross_leg_right,1
260,1786866416.054272,681,822,845,1018,823,773,677,820,787,739,0,0,363,440,482,523,0,301,812,686,760,701,627,491,0,0,0,0,686,994,127,0,aro,cross_leg_right,1
261,1786866416.074317,679,820,847,1019,823,767,677,821,786,739,0,0,363,441,479,525,0,301,813,683,760,699,627,491,0,0,0,0,692,995,133,0,aro,cross_leg_right,1
262,1786866416.094328,681,821,847,1019,821,774,677,821,787,739,0,0,365,441,483,527,0,302,813,685,761,701,627,492,0,0,0,0,692,991,127,0,aro,cross_leg_right,1
263,1786866416.114274,683,819,845,1019,823,774,678,821,786,739,0,0,365,439,483,524,0,305,813,685,759,687,627,491,0,0,0,0,693,989,126,0,aro,cross_leg_right,1
264,1786866416.134528,681,821,850,1019,823,775,678,821,787,735,0,0,365,441,484,525,0,302,814,687,761,701,627,491,0,0,0,0,693,991,127,0,aro,cross_leg_right,1
265,1786866416.154349,681,819,847,1021,820,768,679,818,787,735,0,0,363,441,483,524,0,299,811,685,759,700,623,491,0,0,0,0,690,990,135,0,aro,cross_leg_right,1
266,1786866416.174324,681,821,847,1029,822,775,679,819,787,737,0,0,365,441,484,523,0,301,813,683,761,699,627,491,0,0,0,0,687,995,125,0,aro,cross_leg_right,1
267,1786866416.194277,681,821,850,1021,824,773,676,821,789,739,0,0,371,440,485,525,0,299,813,684,763,699,627,491,0,0,0,0,692,994,135,0,aro,cross_leg_right,1
268,1786866416.214368,681,819,847,1017,821,775,679,820,787,739,0,0,368,441,485,524,0,301,813,683,759,698,627,491,0,0,0,0,691,989,135,0,aro,cross_leg_right,1
269,1786866416.234277,683,823,849,1035,825,776,677,822,788,739,0,0,373,441,484,524,0,301,816,687,760,700,627,491,0,0,0,0,694,997,137,0,aro,cross_leg_right,1
270,1786866416.254316,681,823,851,1021,823,777,679,821,789,739,0,0,371,439,483,525,0,301,814,683,761,700,627,491,0,0,0,0,688,995,135,0,aro,cross_leg_right,1
271,1786866416.274332,681,824,850,1020,823,775,677,823,787,739,0,0,373,441,479,527,0,303,818,685,763,701,627,493,0,0,0,0,691,991,134,0,aro,cross_leg_right,1
272,1786866416.294436,684,825,851,1021,820,773,678,821,788,739,0,0,367,441,483,529,0,303,813,685,760,699,628,491,0,0,0,0,689,989,137,0,aro,cross_leg_right,1
273,1786866416.314329,683,824,853,1029,821,767,674,823,787,740,0,0,366,441,485,527,0,303,815,685,759,700,627,491,0,0,0,0,691,995,135,0,aro,cross_leg_right,1
274,1786866416.334333,679,825,851,1019,820,765,679,821,789,739,0,0,376,443,483,527,0,307,815,683,759,701,624,489,0,0,0,0,691,991,134,0,aro,cross_leg_right,1
275,1786866416.354386,679,821,850,1029,819,773,675,823,789,739,0,0,373,441,479,527,0,303,813,683,758,699,627,489,0,0,0,0,684,991,131,0,aro,cross_leg_right,1
276,1786866416.374307,681,821,847,1017,821,772,676,821,789,740,0,0,365,439,483,525,0,307,815,684,763,699,627,490,0,0,0,0,679,991,135,0,aro,cross_leg_right,1
277,1786866416.394276,687,820,849,1016,822,773,675,823,789,741,0,0,367,437,483,529,0,309,815,681,761,700,627,490,0,0,0,0,679,989,139,0,aro,cross_leg_right,1
278,1786866416.414314,681,819,850,1018,821,776,675,823,791,743,0,0,356,439,483,529,0,313,813,685,763,700,630,494,0,0,0,0,678,991,147,0,aro,cross_leg_right,1
279,1786866416.434286,681,819,846,1021,821,773,677,824,791,743,0,0,366,437,484,529,0,313,818,683,762,702,628,492,0,0,0,0,679,995,149,0,aro,cross_leg_right,1
280,1786866416.454267,677,819,846,1019,823,774,679,825,791,743,0,0,361,439,483,529,0,318,815,686,764,703,629,495,0,0,0,0,679,990,147,0,aro,cross_leg_right,1
281,1786866416.474339,679,819,847,1019,818,785,679,826,791,744,0,0,357,438,483,529,0,326,818,685,765,701,629,493,0,0,0,0,680,995,142,0,aro,cross_leg_right,1
282,1786866416.494283,671,815,845,1017,819,780,677,825,792,745,0,0,348,439,483,527,0,328,815,685,765,703,629,495,0,0,0,0,685,995,143,0,aro,cross_leg_right,1
283,1786866416.514261,675,818,845,1017,823,775,681,825,791,744,0,0,348,437,479,527,0,330,817,685,764,709,629,494,0,0,0,0,682,995,142,0,aro,cross_leg_right,1
284,1786866416.534267,679,819,847,1017,825,775,680,825,791,745,0,0,347,439,483,529,0,333,820,687,765,709,629,495,0,0,0,0,685,997,137,0,aro,cross_leg_right,1
285,1786866416.554298,669,821,851,1019,825,775,683,825,792,745,0,0,351,439,483,529,0,341,819,687,765,709,631,495,0,0,0,0,687,991,139,0,aro,cross_leg_right,1
286,1786866416.574290,679,812,852,1019,825,776,683,824,793,745,0,0,361,461,483,531,0,341,819,687,765,709,630,493,0,0,0,0,687,996,137,0,aro,cross_leg_right,1
287,1786866416.594251,681,821,851,1031,829,777,684,825,792,745,0,0,370,437,485,531,0,341,818,690,765,702,629,495,0,0,0,0,691,998,136,0,aro,cross_leg_right,1
288,1786866416.614301,681,825,854,1029,829,777,677,823,791,745,0,0,376,441,483,533,0,335,819,687,763,703,628,493,0,0,0,0,695,997,135,0,aro,cross_leg_right,1
289,1786866416.634261,687,824,856,1023,831,777,679,823,791,743,0,0,375,439,484,532,0,327,815,685,759,701,627,487,0,0,0,0,699,994,131,0,aro,cross_leg_right,1
290,1786866416.654386,686,837,853,1031,829,775,682,821,789,738,0,0,374,441,485,529,0,319,819,683,759,697,623,481,0,0,0,0,695,991,123,0,aro,cross_leg_right,1
291,1786866416.674344,686,829,856,1034,831,775,676,820,786,733,0,0,379,439,483,524,0,295,811,680,756,694,621,475,0,0,0,0,683,991,119,0,aro,cross_leg_right,1
292,1786866416.694332,691,827,856,1033,831,777,671,815,783,731,0,0,378,440,484,527,0,307,809,679,755,693,619,475,0,0,0,0,693,989,115,0,aro,cross_leg_right,1
293,1786866416.714271,693,827,853,1034,831,776,679,818,786,730,0,0,383,447,485,527,0,291,813,679,751,691,619,473,0,0,0,0,685,991,110,0,aro,cross_leg_right,1
294,1786866416.734296,686,828,858,1032,829,776,678,815,781,726,0,0,383,443,485,527,0,295,811,677,749,687,619,471,0,0,0,0,685,995,107,0,aro,cross_leg_right,1
295,1786866416.754230,691,826,855,1034,829,775,677,816,781,717,0,0,397,445,483,521,0,299,812,679,751,691,617,469,0,0,0,0,683,995,101,0,aro,cross_leg_right,1
296,1786866416.774276,685,828,856,1031,831,776,676,815,780,722,0,0,393,445,482,521,0,300,811,677,749,692,615,471,0,0,0,0,680,987,101,0,aro,cross_leg_right,1
297,1786866416.793377,691,830,856,1033,829,775,677,815,781,719,0,0,398,441,479,518,0,300,811,676,749,691,617,469,0,0,0,0,680,989,98,0,aro,cross_leg_right,1
298,1786866416.813408,692,829,855,1033,831,774,677,815,779,718,0,0,398,444,482,517,0,292,810,675,749,691,617,467,0,0,0,0,669,993,99,0,aro,cross_leg_right,1
299,1786866416.834347,687,827,857,1033,830,776,675,815,781,725,0,0,399,446,483,511,0,297,809,676,748,691,614,467,0,0,0,0,677,994,95,0,aro,cross_leg_right,1
300,1786866416.854247,687,827,858,1034,830,775,671,815,781,725,0,0,399,445,479,519,0,296,811,675,740,691,615,468,0,0,0,0,679,967,95,0,aro,cross_leg_right,1
301,1786866416.874286,691,827,858,1041,829,765,676,815,781,727,0,0,405,447,483,520,0,295,799,675,747,693,617,469,0,0,0,0,675,999,95,0,aro,cross_leg_right,1
302,1786866416.894224,691,828,860,1035,830,775,679,819,783,729,0,0,405,443,483,520,0,299,807,667,748,691,617,466,0,0,0,0,671,999,93,0,aro,cross_leg_right,1
303,1786866416.914263,691,827,859,1035,829,779,679,819,785,729,0,0,406,445,484,520,0,296,811,677,746,693,616,467,0,0,0,0,680,995,99,0,aro,cross_leg_right,1
304,1786866416.934315,693,829,859,1035,827,776,679,819,783,731,0,0,402,445,483,510,0,307,813,677,749,691,617,469,0,0,0,0,679,995,95,0,aro,cross_leg_right,1
305,1786866416.954228,691,828,859,1033,831,777,679,821,786,732,0,0,403,446,479,507,0,312,811,676,749,693,619,469,0,0,0,0,683,995,95,0,aro,cross_leg_right,1
306,1786866416.974272,693,828,861,1041,838,767,681,819,787,733,0,0,401,447,483,507,0,303,810,682,748,693,620,472,0,0,0,0,691,997,94,0,aro,cross_leg_right,1
307,1786866416.994219,688,827,857,1031,832,776,681,820,787,733,0,0,403,447,479,505,0,308,814,691,749,695,619,471,0,0,0,0,689,987,99,0,aro,cross_leg_right,1
308,1786866417.014295,687,827,855,1031,836,774,680,819,785,733,0,0,401,445,477,508,0,295,815,681,755,695,621,471,0,0,0,0,687,999,100,0,aro,cross_leg_right,1
309,1786866417.034290,685,825,854,1023,831,777,679,821,784,733,0,0,394,443,479,505,0,295,807,679,752,693,621,474,0,0,0,0,691,997,100,0,aro,cross_leg_right,1
310,1786866417.054213,683,824,853,1029,829,777,679,819,787,733,0,0,391,445,477,507,0,295,813,679,755,695,617,471,0,0,0,0,693,996,99,0,aro,cross_leg_right,1
311,1786866417.074333,683,824,855,1015,830,777,679,821,785,734,0,0,389,443,479,509,0,297,815,679,755,693,619,472,0,0,0,0,687,995,100,0,aro,cross_leg_right,1
312,1786866417.094250,682,823,855,1033,829,776,679,819,787,735,0,0,383,437,487,517,0,299,813,679,751,694,619,472,0,0,0,0,683,995,101,0,aro,cross_leg_right,1
313,1786866417.114252,683,823,854,1031,831,779,679,821,787,745,0,0,383,443,479,519,0,299,815,679,751,695,619,473,0,0,0,0,686,990,95,0,aro,cross_leg_right,1
314,1786866417.134381,681,823,856,1034,837,776,680,821,787,735,0,0,393,445,477,519,0,303,813,681,751,695,617,473,0,0,0,0,683,989,99,0,aro,cross_leg_right,1
315,1786866417.154452,679,823,856,1033,840,776,681,819,787,735,0,0,395,454,483,520,0,306,813,682,755,695,617,473,0,0,0,0,685,997,95,0,aro,cross_leg_right,1
316,1786866417.173973,685,819,855,1033,849,776,680,822,787,733,0,0,394,441,479,521,0,301,815,683,751,695,617,473,0,0,0,0,699,991,100,0,aro,cross_leg_right,1
317,1786866417.194289,691,825,857,1033,837,775,683,821,787,735,0,0,391,453,485,520,0,302,815,681,751,695,619,475,0,0,0,0,694,989,100,0,aro,cross_leg_right,1
318,1786866417.214302,699,826,856,1035,838,781,681,821,788,732,0,0,401,453,485,521,0,298,816,679,751,695,621,471,0,0,0,0,693,987,101,0,aro,cross_leg_right,1
319,1786866417.234342,695,825,856,1023,831,777,676,821,785,737,0,0,403,445,486,521,0,297,821,679,757,693,619,472,0,0,0,0,686,979,95,0,aro,cross_leg_right,1
320,1786866417.254302,692,827,859,1047,831,775,680,819,783,731,0,0,394,453,483,518,0,299,813,677,749,693,621,477,0,0,0,0,683,995,93,0,aro,cross_leg_right,1
321,1786866417.274294,695,826,858,1045,827,773,681,819,783,729,0,0,411,447,483,521,0,300,809,676,747,691,615,469,0,0,0,0,685,991,93,0,aro,cross_leg_right,1
322,1786866417.293573,687,827,857,1045,829,765,677,815,783,728,0,0,407,447,484,521,0,301,809,665,748,693,617,471,0,0,0,0,691,991,91,0,aro,cross_leg_right,1
323,1786866417.314279,693,837,860,1045,825,767,681,819,781,731,0,0,408,441,477,523,0,303,813,679,749,691,615,483,0,0,0,0,681,986,91,0,aro,cross_leg_right,1
324,1786866417.334388,691,827,858,1047,823,767,677,819,781,729,0,0,402,453,482,522,0,301,812,677,749,691,614,479,0,0,0,0,679,996,90,0,aro,cross_leg_right,1
325,1786866417.354248,687,826,858,1045,819,775,675,815,783,731,0,0,405,455,479,521,0,312,812,675,749,692,615,466,0,0,0,0,675,991,89,0,aro,cross_leg_right,1
326,1786866417.374316,691,825,859,1045,826,765,678,815,783,727,0,0,399,451,487,521,0,307,816,676,745,691,615,469,0,0,0,0,676,987,91,0,aro,cross_leg_right,1
327,1786866417.394281,691,829,859,1043,825,779,677,820,781,730,0,0,409,453,486,523,0,310,813,675,745,691,615,467,0,0,0,0,669,985,89,0,aro,cross_leg_right,1
328,1786866417.414266,691,823,860,1044,827,776,676,815,783,732,0,0,405,444,482,522,0,311,811,671,747,691,616,467,0,0,0,0,671,983,87,0,aro,cross_leg_right,1
329,1786866417.434261,691,821,859,1045,831,760,679,819,783,733,0,0,405,455,479,520,0,311,811,677,747,691,615,467,0,0,0,0,667,987,91,0,aro,cross_leg_right,1
330,1786866417.454285,691,827,861,1046,827,765,678,819,783,730,0,0,406,447,477,521,0,309,813,675,747,692,613,468,0,0,0,0,654,991,83,0,aro,cross_leg_right,1
331,1786866417.474287,687,828,861,1050,827,767,677,819,782,730,0,0,403,453,483,523,0,312,811,675,745,692,615,469,0,0,0,0,665,985,89,0,aro,cross_leg_right,1
332,1786866417.494257,691,827,861,1051,825,773,678,823,783,731,0,0,407,453,479,522,0,313,813,685,747,691,617,466,0,0,0,0,663,987,89,0,aro,cross_leg_right,1
333,1786866417.514298,691,827,860,1049,823,775,676,820,785,731,0,0,409,466,483,523,0,311,805,676,741,693,617,469,0,0,0,0,665,983,88,0,aro,cross_leg_right,1
334,1786866417.534289,693,827,859,1051,839,767,676,821,785,733,0,0,408,454,485,521,0,311,811,677,744,693,613,485,0,0,0,0,669,985,89,0,aro,cross_leg_right,1
335,1786866417.554224,691,827,861,1049,831,774,681,822,786,733,0,0,409,455,484,523,0,307,811,677,739,695,616,472,0,0,0,0,677,988,77,0,aro,cross_leg_right,1
336,1786866417.574301,692,827,863,1051,840,777,679,810,783,739,0,0,411,457,479,523,0,309,808,677,745,692,617,471,0,0,0,0,677,995,89,0,aro,cross_leg_right,1
337,1786866417.594265,693,827,860,1053,837,767,677,821,787,734,0,0,411,457,483,524,0,307,808,676,751,693,615,467,0,0,0,0,676,971,91,0,aro,cross_leg_right,1
338,1786866417.614243,693,829,861,1053,831,767,677,819,787,733,0,0,411,456,485,523,0,314,813,679,747,693,616,469,0,0,0,0,676,984,91,0,aro,cross_leg_right,1
339,1786866417.634274,692,828,861,1052,837,767,679,819,783,733,0,0,409,457,479,527,0,313,819,679,751,693,617,465,0,0,0,0,677,994,87,0,aro,cross_leg_right,1
340,1786866417.654285,692,826,861,1051,829,773,680,819,783,732,0,0,407,456,486,523,0,295,813,677,749,694,615,471,0,0,0,0,671,989,86,0,aro,cross_leg_right,1
341,1786866417.674278,692,826,859,1049,831,767,677,825,783,733,0,0,407,455,485,521,0,308,815,685,747,692,617,471,0,0,0,0,677,989,89,0,aro,cross_leg_right,1
342,1786866417.694235,691,826,859,1049,831,766,679,819,785,731,0,0,408,455,485,523,0,307,809,675,744,693,613,468,0,0,0,0,675,989,89,0,aro,cross_leg_right,1
343,1786866417.714288,691,828,859,1049,830,776,678,817,783,733,0,0,409,455,479,521,0,307,815,676,749,693,605,470,0,0,0,0,677,988,83,0,aro,cross_leg_right,1
344,1786866417.734245,693,827,859,1045,831,773,679,819,783,733,0,0,399,460,485,523,0,304,809,679,745,693,615,469,0,0,0,0,675,985,85,0,aro,cross_leg_right,1
345,1786866417.754284,693,837,859,1044,825,775,677,819,785,733,0,0,411,453,482,521,0,305,806,679,739,693,617,467,0,0,0,0,675,977,82,0,aro,cross_leg_right,1
346,1786866417.773302,693,823,859,1045,829,773,677,821,785,733,0,0,407,456,486,522,0,309,815,677,755,693,615,467,0,0,0,0,678,999,87,0,aro,cross_leg_right,1
347,1786866417.794336,691,839,859,1046,829,767,677,821,783,733,0,0,407,459,484,520,0,299,797,675,735,691,612,472,0,0,0,0,683,988,87,0,aro,cross_leg_right,1
348,1786866417.813441,692,825,858,1033,828,767,676,819,783,733,0,0,403,457,485,522,0,303,811,681,763,695,614,471,0,0,0,0,681,1001,73,0,aro,cross_leg_right,1
349,1786866417.834397,692,829,858,1030,829,780,676,815,786,735,0,0,405,455,485,522,0,299,811,677,749,695,616,473,0,0,0,0,683,997,89,0,aro,cross_leg_right,1
350,1786866417.853797,688,828,855,1033,830,773,678,811,786,733,0,0,407,455,485,519,0,309,813,677,747,693,617,470,0,0,0,0,677,987,90,0,aro,cross_leg_right,1
351,1786866417.874258,687,825,857,1031,829,767,677,823,787,739,0,0,407,455,483,521,0,300,813,678,741,693,611,472,0,0,0,0,685,987,91,0,aro,cross_leg_right,1
352,1786866417.894215,684,827,854,1032,826,773,677,820,786,731,0,0,402,453,477,523,0,301,813,679,746,694,618,475,0,0,0,0,684,989,90,0,aro,cross_leg_right,1
353,1786866417.914297,683,825,855,1031,828,775,677,812,787,739,0,0,397,453,487,524,0,309,815,677,751,696,619,472,0,0,0,0,685,973,92,0,aro,cross_leg_right,1
354,1786866417.934231,682,823,855,1031,827,764,676,821,786,730,0,0,396,453,471,524,0,307,815,678,756,693,627,472,0,0,0,0,685,991,91,0,aro,cross_leg_right,1
355,1786866417.954210,681,821,853,1023,827,779,677,819,787,734,0,0,393,447,472,521,0,301,821,678,755,695,621,471,0,0,0,0,685,991,91,0,aro,cross_leg_right,1
356,1786866417.974258,682,821,850,1029,823,775,677,822,787,739,0,0,391,447,475,523,0,301,807,681,755,697,617,472,0,0,0,0,687,989,91,0,aro,cross_leg_right,1
357,1786866417.994258,681,821,851,1021,824,767,677,822,787,741,0,0,383,446,479,522,0,301,814,681,757,695,617,473,0,0,0,0,687,990,94,0,aro,cross_leg_right,1
358,1786866418.014255,681,821,851,1029,824,773,676,821,787,739,0,0,381,447,478,521,0,301,815,681,754,695,615,475,0,0,0,0,687,993,93,0,aro,cross_leg_right,1
359,1786866418.034293,683,822,852,1034,825,775,677,819,787,740,0,0,381,447,478,524,0,307,813,681,751,697,619,475,0,0,0,0,687,991,93,0,aro,cross_leg_right,1
360,1786866418.054237,681,822,852,1022,827,775,677,819,787,741,0,0,391,452,479,524,0,303,815,681,755,696,619,475,0,0,0,0,687,991,93,0,aro,cross_leg_right,1
361,1786866418.074295,681,823,851,1031,831,772,679,821,787,740,0,0,392,447,479,521,0,309,812,679,755,695,619,469,0,0,0,0,687,995,93,0,aro,cross_leg_right,1
362,1786866418.094314,681,820,856,1021,837,773,677,820,785,739,0,0,392,446,479,523,0,309,815,681,755,696,619,475,0,0,0,0,690,989,92,0,aro,cross_leg_right,1
363,1786866418.114293,683,824,855,1030,825,773,677,824,789,739,0,0,393,453,478,523,0,307,814,681,755,696,618,472,0,0,0,0,692,993,90,0,aro,cross_leg_right,1
364,1786866418.134279,683,825,856,1032,831,766,679,821,789,739,0,0,395,447,483,527,0,303,815,682,755,696,612,473,0,0,0,0,693,993,94,0,aro,cross_leg_right,1
365,1786866418.154318,685,825,855,1031,839,774,677,825,788,739,0,0,396,453,483,531,0,300,815,679,755,697,625,473,0,0,0,0,693,991,92,0,aro,cross_leg_right,1
366,1786866418.174344,687,825,857,1030,837,773,679,821,787,739,0,0,397,447,484,521,0,300,815,680,754,697,623,477,0,0,0,0,693,994,91,0,aro,cross_leg_right,1
367,1786866418.194264,687,827,853,1029,830,775,677,821,785,735,0,0,398,453,484,517,0,297,815,679,755,695,617,471,0,0,0,0,695,996,109,0,aro,cross_leg_right,1
368,1786866418.214269,691,827,844,1031,831,775,676,819,786,735,0,0,399,453,483,509,0,293,813,679,751,694,616,470,0,0,0,0,697,995,87,0,aro,cross_leg_right,1
369,1786866418.234330,687,826,852,1023,837,773,675,819,781,733,0,0,401,454,482,518,0,287,812,679,747,696,619,467,0,0,0,0,695,997,94,0,aro,cross_leg_right,1
370,1786866418.254230,691,827,852,1031,841,773,677,819,785,734,0,0,399,446,483,509,0,290,813,677,751,696,621,471,0,0,0,0,695,995,95,0,aro,cross_leg_right,1
371,1786866418.274281,691,825,853,1031,837,775,677,822,785,734,0,0,403,453,483,531,0,287,815,677,750,697,617,471,0,0,0,0,696,996,93,0,aro,cross_leg_right,1
372,1786866418.294290,691,827,855,1031,831,775,678,820,787,734,0,0,405,455,483,521,0,287,814,679,750,696,609,471,0,0,0,0,696,997,99,0,aro,cross_leg_right,1
373,1786866418.314241,691,829,855,1033,838,775,678,819,787,735,0,0,404,448,483,509,0,287,815,678,749,696,615,470,0,0,0,0,696,995,99,0,aro,cross_leg_right,1
374,1786866418.333591,691,827,857,1032,839,776,679,823,785,735,0,0,403,453,483,519,0,301,815,678,749,697,617,471,0,0,0,0,695,997,109,0,aro,cross_leg_right,1
375,1786866418.354305,687,825,855,1031,837,775,676,822,783,733,0,0,404,447,483,519,0,287,813,679,751,693,619,471,0,0,0,0,697,997,95,0,aro,cross_leg_right,1
376,1786866418.374309,691,827,855,1033,839,775,677,825,787,737,0,0,405,456,485,521,0,293,815,679,750,697,621,473,0,0,0,0,695,997,100,0,aro,cross_leg_right,1
377,1786866418.394265,691,826,855,1032,837,777,678,821,786,739,0,0,403,455,485,521,0,292,815,679,752,694,612,473,0,0,0,0,697,997,99,0,aro,cross_leg_right,1
378,1786866418.414255,685,827,859,1030,829,775,678,825,787,738,0,0,403,454,483,505,0,293,815,682,752,698,623,467,0,0,0,0,697,998,100,0,aro,cross_leg_right,1
379,1786866418.434300,684,824,847,1023,827,775,679,823,787,739,0,0,397,454,482,518,0,291,815,682,754,699,621,475,0,0,0,0,697,999,95,0,aro,cross_leg_right,1
380,1786866418.454239,681,821,851,1019,825,775,679,823,787,739,0,0,392,447,479,520,0,288,815,683,752,697,621,473,0,0,0,0,697,998,93,0,aro,cross_leg_right,1
381,1786866418.474321,686,815,845,1016,823,775,678,823,787,739,0,0,397,447,477,509,0,291,819,682,751,698,621,475,0,0,0,0,697,999,99,0,aro,cross_leg_right,1
382,1786866418.494278,679,815,841,1013,819,775,679,822,787,739,0,0,373,445,478,509,0,296,815,684,756,701,620,477,0,0,0,0,699,997,101,0,aro,cross_leg_right,1
383,1786866418.514272,677,813,829,1013,819,775,679,823,788,741,0,0,367,443,476,509,0,299,816,683,757,700,619,487,0,0,0,0,699,997,99,0,aro,cross_leg_right,1
384,1786866418.534252,671,814,839,1013,820,775,679,823,788,741,0,0,361,443,477,509,0,300,819,683,757,699,628,482,0,0,0,0,696,997,103,0,aro,cross_leg_right,1
385,1786866418.554235,671,813,827,1013,816,775,679,824,788,743,0,0,360,443,476,507,0,301,818,681,757,696,619,483,0,0,0,0,697,997,95,0,aro,cross_leg_right,1
386,1786866418.574324,671,814,839,1013,819,775,679,824,789,743,0,0,358,442,487,509,0,303,819,683,757,725,621,482,0,0,0,0,691,997,107,0,aro,cross_leg_right,1
387,1786866418.594244,674,813,841,1013,819,774,679,824,787,742,0,0,357,440,477,508,0,303,815,683,755,697,621,485,0,0,0,0,692,997,121,0,aro,cross_leg_right,1
388,1786866418.614315,675,815,841,1015,823,775,681,825,789,743,0,0,361,441,475,501,0,301,819,685,757,699,618,485,0,0,0,0,693,998,104,0,aro,cross_leg_right,1
389,1786866418.634317,679,819,845,1019,825,776,680,823,788,742,0,0,376,444,475,518,0,302,819,685,757,699,622,481,0,0,0,0,695,999,111,0,aro,cross_leg_right,1
390,1786866418.654237,681,821,851,1022,827,776,680,824,789,743,0,0,380,442,477,520,0,309,819,683,757,699,619,478,0,0,0,0,696,997,110,0,aro,cross_leg_right,1
391,1786866418.674278,682,825,853,1030,829,775,679,824,789,743,0,0,391,442,477,525,0,307,818,684,756,699,621,476,0,0,0,0,697,999,107,0,aro,cross_leg_right,1
392,1786866418.694266,685,823,853,1021,826,775,679,821,787,741,0,0,389,444,478,523,0,302,819,678,751,696,620,475,0,0,0,0,695,995,106,0,aro,cross_leg_right,1
393,1786866418.714278,687,827,855,1031,829,775,679,823,789,739,0,0,395,444,479,509,0,300,816,682,756,695,621,474,0,0,0,0,697,997,102,0,aro,cross_leg_right,1
394,1786866418.734301,687,827,853,1031,829,774,679,821,787,738,0,0,397,444,479,520,0,301,815,681,755,696,619,475,0,0,0,0,697,996,101,0,aro,cross_leg_right,1
395,1786866418.754322,691,827,853,1031,827,775,677,821,787,739,0,0,399,445,481,523,0,301,815,680,751,696,616,472,0,0,0,0,695,997,99,0,aro,cross_leg_right,1
396,1786866418.774131,687,825,866,1031,827,773,676,815,788,738,0,0,399,442,479,521,0,301,815,680,755,703,633,473,0,0,0,0,692,996,102,0,aro,cross_leg_right,1
397,1786866418.793555,688,825,853,1032,826,773,675,820,787,739,0,0,399,445,479,521,0,307,813,679,753,695,635,472,0,0,0,0,685,995,101,0,aro,cross_leg_right,1
398,1786866418.813388,687,825,853,1029,825,766,675,820,786,739,0,0,399,445,479,529,0,308,815,679,751,698,621,471,0,0,0,0,683,995,103,0,aro,cross_leg_right,1
399,1786866418.834484,685,825,853,1031,824,767,675,819,787,740,0,0,395,445,479,530,0,311,815,681,754,697,619,474,0,0,0,0,683,995,103,0,aro,cross_leg_right,1
400,1786866418.854269,683,824,854,1031,826,767,671,821,787,739,0,0,396,447,483,529,0,314,815,683,755,701,619,473,0,0,0,0,683,995,103,0,aro,cross_leg_right,1
401,1786866418.874396,684,823,855,1031,825,773,671,821,787,738,0,0,395,445,483,527,0,317,818,683,756,695,620,473,0,0,0,0,684,996,108,0,aro,cross_leg_right,1
402,1786866418.894256,683,825,856,1044,824,768,675,821,788,739,0,0,395,447,483,529,0,325,819,683,757,702,621,474,0,0,0,0,687,997,110,0,aro,cross_leg_right,1
403,1786866418.914315,687,827,857,1044,825,774,675,822,788,739,0,0,395,447,483,533,0,331,818,684,757,696,619,476,0,0,0,0,691,999,109,0,aro,cross_leg_right,1
404,1786866418.934282,683,825,856,1043,825,767,675,822,787,739,0,0,396,448,483,530,0,331,819,683,757,697,621,475,0,0,0,0,692,997,109,0,aro,cross_leg_right,1
405,1786866418.954432,683,825,857,1043,824,767,669,821,783,739,0,0,397,451,484,535,0,331,819,685,756,697,621,475,0,0,0,0,685,995,107,0,aro,cross_leg_right,1
406,1786866418.974313,687,827,857,1043,825,767,672,821,787,739,0,0,397,453,486,533,0,330,819,685,756,695,621,475,0,0,0,0,691,997,109,0,aro,cross_leg_right,1
407,1786866418.994245,687,827,859,1047,825,767,675,823,787,739,0,0,405,453,484,529,0,332,819,684,757,699,629,475,0,0,0,0,691,999,109,0,aro,cross_leg_right,1
408,1786866419.014258,690,827,859,1049,825,767,675,821,787,739,0,0,405,454,485,541,0,333,816,684,757,698,619,475,0,0,0,0,691,999,109,0,aro,cross_leg_right,1
409,1786866419.034275,692,827,861,1048,825,772,675,821,787,739,0,0,405,455,484,533,0,333,819,684,756,695,621,475,0,0,0,0,687,997,109,0,aro,cross_leg_right,1
410,1786866419.054264,692,827,862,1048,827,768,675,821,787,740,0,0,406,453,485,532,0,333,819,684,757,695,617,476,0,0,0,0,687,997,111,0,aro,cross_leg_right,1
411,1786866419.074262,695,827,860,1051,827,767,677,822,787,740,0,0,405,455,485,534,0,337,813,683,752,701,621,475,0,0,0,0,691,999,111,0,aro,cross_leg_right,1
412,1786866419.093971,687,827,861,1048,825,767,677,822,790,741,0,0,403,456,485,533,0,339,819,683,756,699,620,475,0,0,0,0,684,997,111,0,aro,cross_leg_right,1
413,1786866419.113358,683,823,859,1034,823,765,676,821,788,739,0,0,395,453,485,533,0,339,815,682,755,698,619,473,0,0,0,0,681,996,115,0,aro,cross_leg_right,1
414,1786866419.134180,683,820,857,1032,823,765,675,819,788,739,0,0,390,453,483,531,0,334,813,680,756,687,621,475,0,0,0,0,677,997,116,0,aro,cross_leg_right,1
415,1786866419.154298,681,819,854,1031,821,765,677,819,787,739,0,0,381,445,481,531,0,331,815,682,755,699,619,473,0,0,0,0,677,996,117,0,aro,cross_leg_right,1
416,1786866419.174286,681,819,855,1031,823,765,674,819,787,741,0,0,377,445,483,525,0,328,815,681,755,696,619,475,0,0,0,0,678,997,118,0,aro,cross_leg_right,1
417,1786866419.194256,681,819,855,1031,823,765,676,820,787,741,0,0,377,446,479,529,0,335,815,681,758,696,621,474,0,0,0,0,680,995,119,0,aro,cross_leg_right,1
418,1786866419.214254,680,819,853,1033,824,773,676,821,789,741,0,0,375,445,483,529,0,334,820,683,752,686,620,475,0,0,0,0,683,999,121,0,aro,cross_leg_right,1
419,1786866419.234234,681,821,856,1033,825,767,677,823,787,739,0,0,377,447,479,529,0,333,821,682,758,691,621,476,0,0,0,0,681,999,121,0,aro,cross_leg_right,1
420,1786866419.254211,681,823,856,1032,825,768,677,821,789,741,0,0,381,447,483,529,0,335,819,683,757,686,620,475,0,0,0,0,687,999,121,0,aro,cross_leg_right,1
421,1786866419.274306,683,823,856,1031,825,767,679,823,787,741,0,0,381,452,478,533,0,333,820,684,755,696,621,475,0,0,0,0,687,999,121,0,aro,cross_leg_right,1
422,1786866419.294314,683,825,857,1033,829,773,679,821,787,741,0,0,393,447,483,536,0,328,815,682,755,699,620,474,0,0,0,0,683,998,119,0,aro,cross_leg_right,1
423,1786866419.314242,686,826,859,1052,829,773,679,822,789,740,0,0,398,452,483,529,0,317,819,681,757,683,619,475,0,0,0,0,683,999,118,0,aro,cross_leg_right,1
424,1786866419.334284,685,827,861,1052,831,767,675,821,787,740,0,0,405,453,485,531,0,325,815,679,755,695,619,475,0,0,0,0,684,995,115,0,aro,cross_leg_right,1
425,1786866419.353553,694,831,862,1053,837,774,681,822,789,739,0,0,409,461,487,533,0,329,819,678,751,692,618,473,0,0,0,0,686,997,116,0,aro,cross_leg_right,1
426,1786866419.374300,693,829,863,1055,837,773,679,821,787,739,0,0,403,456,484,533,0,327,815,680,751,699,619,472,0,0,0,0,685,999,117,0,aro,cross_leg_right,1
427,1786866419.394228,693,829,863,1051,831,775,677,821,787,737,0,0,405,457,484,529,0,325,813,678,749,695,617,471,0,0,0,0,685,999,111,0,aro,cross_leg_right,1
428,1786866419.414338,695,827,861,1051,830,773,679,815,783,737,0,0,405,457,485,529,0,317,815,678,749,710,615,471,0,0,0,0,687,1000,105,0,aro,cross_leg_right,1
429,1786866419.434245,694,829,861,1039,831,773,677,815,783,733,0,0,406,457,485,529,0,319,813,676,747,693,615,469,0,0,0,0,687,997,104,0,aro,cross_leg_right,1
430,1786866419.454272,695,827,860,1035,831,766,677,818,783,733,0,0,405,457,485,529,0,327,813,677,749,693,615,468,0,0,0,0,684,997,104,0,aro,cross_leg_right,1
431,1786866419.474304,691,827,859,1031,829,767,676,815,786,733,0,0,398,457,485,530,0,326,813,677,749,694,615,469,0,0,0,0,683,999,104,0,aro,cross_leg_right,1
432,1786866419.494235,692,823,857,1033,830,765,675,815,786,733,0,0,399,456,484,529,0,319,811,677,747,693,615,471,0,0,0,0,685,998,105,0,aro,cross_leg_right,1
433,1786866419.514262,684,823,858,1031,829,767,676,815,785,735,0,0,396,455,485,530,0,325,813,678,747,711,615,471,0,0,0,0,685,995,105,0,aro,cross_leg_right,1
434,1786866419.534278,685,825,858,1033,828,767,677,820,787,738,0,0,398,457,485,527,0,319,813,679,751,695,616,473,0,0,0,0,687,999,105,0,aro,cross_leg_right,1
435,1786866419.554209,684,825,857,1033,829,766,677,820,787,739,0,0,395,455,485,527,0,329,815,679,749,695,616,472,0,0,0,0,693,998,107,0,aro,cross_leg_right,1
436,1786866419.574217,683,825,858,1033,837,773,677,820,786,739,0,0,395,455,486,529,0,332,816,679,747,695,617,473,0,0,0,0,685,999,107,0,aro,cross_leg_right,1
437,1786866419.593505,685,825,858,1035,831,767,676,821,787,739,0,0,399,455,485,530,0,331,814,679,749,695,618,473,0,0,0,0,687,998,107,0,aro,cross_leg_right,1
438,1786866419.614345,685,825,859,1033,831,773,676,821,787,739,0,0,401,447,485,531,0,331,819,679,751,713,617,473,0,0,0,0,693,999,107,0,aro,cross_leg_right,1
439,1786866419.634265,683,824,859,1035,831,775,677,821,787,739,0,0,399,457,485,531,0,333,815,679,748,695,617,473,0,0,0,0,693,995,107,0,aro,cross_leg_right,1
440,1786866419.654435,684,825,859,1035,831,772,677,819,787,737,0,0,405,457,487,531,0,331,815,679,749,693,617,472,0,0,0,0,691,999,106,0,aro,cross_leg_right,1
441,1786866419.674392,685,825,859,1041,837,767,679,820,788,739,0,0,399,457,487,531,0,331,815,669,747,694,616,473,0,0,0,0,691,999,105,0,aro,cross_leg_right,1
442,1786866419.694240,691,827,859,1033,839,775,675,819,787,735,0,0,406,458,489,532,0,333,815,677,747,695,617,471,0,0,0,0,693,997,104,0,aro,cross_leg_right,1
443,1786866419.714286,691,825,859,1041,837,774,672,819,786,735,0,0,407,459,486,531,0,332,815,677,749,695,615,471,0,0,0,0,691,998,103,0,aro,cross_leg_right,1
444,1786866419.734311,687,827,860,1044,837,772,677,819,787,734,0,0,409,459,487,531,0,332,813,676,748,689,615,472,0,0,0,0,692,1001,105,0,aro,cross_leg_right,1
445,1786866419.754244,691,825,859,1039,838,773,675,819,783,733,0,0,407,458,485,531,0,337,815,677,747,693,615,467,0,0,0,0,693,997,103,0,aro,cross_leg_right,1
446,1786866419.774292,691,825,862,1049,838,767,677,817,785,735,0,0,409,459,487,532,0,333,813,677,747,696,615,471,0,0,0,0,692,997,104,0,aro,cross_leg_right,1
447,1786866419.794298,693,826,861,1050,837,768,675,819,783,733,0,0,407,461,485,531,0,332,813,670,746,693,615,469,0,0,0,0,691,1000,104,0,aro,cross_leg_right,1
448,1786866419.813663,693,825,863,1051,837,773,677,819,787,733,0,0,411,459,485,533,0,335,813,679,750,693,616,471,0,0,0,0,693,997,104,0,aro,cross_leg_right,1
449,1786866419.834335,693,825,863,1062,838,773,676,819,786,734,0,0,411,460,487,532,0,338,813,679,747,693,615,471,0,0,0,0,693,999,105,0,aro,cross_leg_right,1
450,1786866419.854277,693,827,863,1049,839,773,671,821,783,735,0,0,409,459,487,532,0,332,812,677,749,692,615,470,0,0,0,0,695,999,106,0,aro,cross_leg_right,1
451,1786866419.873639,695,828,863,1062,837,768,677,819,783,737,0,0,409,459,489,531,0,337,813,683,747,695,616,468,0,0,0,0,692,1000,105,0,aro,cross_leg_right,1
452,1786866419.894255,695,827,862,1048,837,767,677,815,787,735,0,0,409,460,487,531,0,334,815,676,751,693,616,471,0,0,0,0,693,1001,103,0,aro,cross_leg_right,1
453,1786866419.914241,695,827,863,1053,837,766,677,819,787,734,0,0,406,460,487,531,0,338,814,679,747,695,615,469,0,0,0,0,693,996,104,0,aro,cross_leg_right,1
454,1786866419.934234,699,826,861,1053,839,773,677,819,783,733,0,0,424,461,486,531,0,334,813,677,749,693,615,468,0,0,0,0,691,995,103,0,aro,cross_leg_right,1
455,1786866419.954226,693,825,862,1055,839,773,675,819,787,735,0,0,413,461,487,531,0,335,815,677,747,693,615,467,0,0,0,0,691,997,101,0,aro,cross_leg_right,1
456,1786866419.974324,693,828,863,1050,832,767,675,818,785,733,0,0,407,459,485,531,0,337,815,677,746,693,615,471,0,0,0,0,693,997,104,0,aro,cross_leg_right,1
457,1786866419.994296,693,826,862,1053,825,774,678,818,783,733,0,0,409,457,487,531,0,339,812,679,747,693,614,472,0,0,0,0,695,998,103,0,aro,cross_leg_right,1
458,1786866420.014284,692,825,863,1054,831,766,674,820,786,735,0,0,411,460,489,533,0,335,815,677,748,693,615,471,0,0,0,0,669,997,101,0,aro,cross_leg_right,1
459,1786866420.034252,691,827,863,1055,831,767,675,819,783,734,0,0,401,461,487,533,0,341,814,678,745,693,617,469,0,0,0,0,688,999,103,0,aro,cross_leg_right,1
460,1786866420.054195,697,829,863,1058,831,773,677,819,787,735,0,0,408,461,489,533,0,339,813,678,747,693,615,469,0,0,0,0,687,999,103,0,aro,cross_leg_right,1
461,1786866420.074335,696,825,865,1055,829,773,676,820,783,739,0,0,411,461,489,533,0,339,813,677,745,693,615,471,0,0,0,0,686,995,103,0,aro,cross_leg_right,1
462,1786866420.094240,695,823,866,1053,831,767,665,821,787,735,0,0,411,460,489,534,0,339,811,677,748,693,615,471,0,0,0,0,679,998,105,0,aro,cross_leg_right,1
463,1786866420.114221,693,831,867,1055,831,772,676,816,786,735,0,0,408,460,488,534,0,339,813,677,747,694,614,471,0,0,0,0,679,995,103,0,aro,cross_leg_right,1
464,1786866420.134519,692,815,867,1055,831,775,676,820,787,735,0,0,409,460,489,535,0,343,811,681,749,693,615,469,0,0,0,0,685,997,103,0,aro,cross_leg_right,1
465,1786866420.154227,694,830,861,1055,828,773,679,820,787,737,0,0,409,459,487,533,0,343,814,677,749,693,615,471,0,0,0,0,685,999,103,0,aro,cross_leg_right,1
466,1786866420.174252,691,842,867,1059,828,773,675,819,787,735,0,0,407,459,488,533,0,344,815,675,750,693,614,470,0,0,0,0,691,997,103,0,aro,cross_leg_right,1
467,1786866420.194263,695,831,863,1055,828,773,671,819,785,735,0,0,406,461,487,533,0,345,813,675,748,694,616,471,0,0,0,0,684,999,103,0,aro,cross_leg_right,1
468,1786866420.214229,693,831,867,1053,827,766,676,819,787,735,0,0,407,461,489,535,0,343,814,677,747,694,615,471,0,0,0,0,687,998,102,0,aro,cross_leg_right,1
469,1786866420.234228,696,838,866,1060,826,767,675,819,787,735,0,0,408,460,488,534,0,345,812,676,745,694,615,471,0,0,0,0,694,1000,102,0,aro,cross_leg_right,1
470,1786866420.254245,693,825,863,1055,825,765,675,815,788,733,0,0,405,465,487,535,0,345,812,672,749,693,615,469,0,0,0,0,691,1000,103,0,aro,cross_leg_right,1
471,1786866420.274251,694,827,865,1059,827,765,683,813,783,733,0,0,405,461,489,535,0,347,813,676,748,694,616,469,0,0,0,0,693,997,102,0,aro,cross_leg_right,1
472,1786866420.294219,694,827,866,1053,827,765,671,815,782,733,0,0,409,461,489,537,0,344,811,677,746,693,615,469,0,0,0,0,688,995,101,0,aro,cross_leg_right,1
473,1786866420.314261,693,827,867,1059,827,766,671,815,783,734,0,0,409,461,487,535,0,345,811,675,747,693,615,469,0,0,0,0,685,995,99,0,aro,cross_leg_right,1
474,1786866420.334226,695,828,867,1060,826,765,669,815,785,737,0,0,409,459,491,537,0,345,810,675,747,693,613,469,0,0,0,0,683,994,101,0,aro,cross_leg_right,1
475,1786866420.354224,693,829,866,1061,828,772,676,819,786,735,0,0,407,461,487,536,0,344,811,677,747,693,614,470,0,0,0,0,691,990,99,0,aro,cross_leg_right,1
476,1786866420.373561,695,827,867,1055,828,767,662,819,785,734,0,0,409,461,488,537,0,345,811,677,747,693,616,471,0,0,0,0,692,995,95,0,aro,cross_leg_right,1
477,1786866420.394311,693,829,867,1055,827,765,677,818,788,735,0,0,409,462,489,538,0,343,809,677,744,693,618,470,0,0,0,0,695,995,103,0,aro,cross_leg_right,1
478,1786866420.414222,693,827,865,1059,827,767,676,815,787,733,0,0,407,461,489,537,0,343,807,677,748,692,613,467,0,0,0,0,695,999,98,0,aro,cross_leg_right,1
479,1786866420.434357,695,827,867,1061,827,767,671,815,785,735,0,0,408,461,488,537,0,343,811,676,745,691,615,469,0,0,0,0,682,997,99,0,aro,cross_leg_right,1
480,1786866420.454287,693,827,867,1055,827,774,671,819,785,735,0,0,409,463,489,537,0,343,809,675,749,692,615,469,0,0,0,0,691,995,99,0,aro,cross_leg_right,1
481,1786866420.474300,693,824,869,1061,827,765,675,815,788,737,0,0,409,461,488,549,0,343,813,676,747,693,616,470,0,0,0,0,693,997,103,0,aro,cross_leg_right,1
482,1786866420.494262,695,827,867,1056,828,763,676,819,785,734,0,0,403,461,487,539,0,355,815,677,745,695,615,467,0,0,0,0,691,991,99,0,aro,cross_leg_right,1
483,1786866420.514292,695,824,867,1055,827,765,671,815,786,734,0,0,408,469,487,539,0,343,813,671,743,691,616,473,0,0,0,0,687,997,101,0,aro,cross_leg_right,1
484,1786866420.534224,693,827,867,1059,827,766,677,821,785,735,0,0,411,461,482,537,0,343,813,677,745,693,617,471,0,0,0,0,691,991,101,0,aro,cross_leg_right,1
485,1786866420.554243,693,829,867,1059,827,766,671,815,785,737,0,0,411,461,487,539,0,343,809,676,744,693,615,471,0,0,0,0,685,999,95,0,aro,cross_leg_right,1
486,1786866420.574252,693,828,867,1060,829,767,669,819,786,735,0,0,409,461,489,537,0,335,811,677,747,692,613,467,0,0,0,0,691,999,101,0,aro,cross_leg_right,1
487,1786866420.594240,695,829,867,1063,825,763,675,817,783,733,0,0,406,461,489,537,0,339,812,675,745,692,613,472,0,0,0,0,695,995,101,0,aro,cross_leg_right,1
488,1786866420.614216,697,827,867,1053,827,767,671,819,786,735,0,0,407,461,504,537,0,341,821,677,745,693,616,471,0,0,0,0,691,987,99,0,aro,cross_leg_right,1
489,1786866420.634223,692,825,867,1065,827,765,675,819,785,735,0,0,413,461,489,537,0,341,815,677,745,693,613,471,0,0,0,0,693,996,99,0,aro,cross_leg_right,1
490,1786866420.654268,709,825,863,1059,827,765,675,815,783,735,0,0,410,461,487,537,0,337,813,677,749,693,616,466,0,0,0,0,691,1000,102,0,aro,cross_leg_right,1
491,1786866420.673240,695,829,867,1069,827,761,676,819,787,735,0,0,407,459,487,538,0,338,811,677,745,692,615,470,0,0,0,0,691,997,103,0,aro,cross_leg_right,1
492,1786866420.694299,693,827,863,1066,827,765,675,815,785,735,0,0,405,461,485,537,0,356,812,677,745,693,613,469,0,0,0,0,682,1001,100,0,aro,cross_leg_right,1
493,1786866420.714325,692,830,868,1054,827,767,675,819,783,734,0,0,407,461,487,538,0,333,809,679,749,693,613,469,0,0,0,0,695,1000,100,0,aro,cross_leg_right,1
494,1786866420.734245,701,825,863,1061,829,775,677,815,786,734,0,0,413,461,487,538,0,337,810,676,747,693,614,467,0,0,0,0,692,996,101,0,aro,cross_leg_right,1
495,1786866420.754278,685,827,867,1059,827,766,671,815,786,735,0,0,395,461,489,537,0,339,811,677,745,693,613,471,0,0,0,0,693,994,101,0,aro,cross_leg_right,1
496,1786866420.774374,693,819,863,1055,825,767,671,815,785,735,0,0,405,461,491,537,0,341,813,672,747,691,613,471,0,0,0,0,694,995,75,0,aro,cross_leg_right,1
497,1786866420.794207,701,829,867,1059,829,765,677,815,783,735,0,0,404,461,489,538,0,333,808,677,749,691,615,459,0,0,0,0,694,995,99,0,aro,cross_leg_right,1
498,1786866420.813254,689,831,863,1059,829,764,671,819,787,735,0,0,413,461,492,539,0,330,813,678,744,693,617,467,0,0,0,0,679,995,87,0,aro,cross_leg_right,1
499,1786866420.834276,700,827,867,1055,827,764,676,816,787,735,0,0,397,462,486,537,0,335,811,669,745,691,613,473,0,0,0,0,694,991,100,0,aro,cross_leg_right,1
500,1786866420.854338,685,828,865,1056,830,765,675,819,787,735,0,0,407,461,489,537,0,329,817,676,743,692,615,456,0,0,0,0,709,997,101,0,aro,cross_leg_right,1
501,1786866420.874356,695,829,863,1059,826,767,677,819,786,735,0,0,409,461,489,537,0,333,809,676,743,692,613,474,0,0,0,0,701,997,101,0,aro,cross_leg_right,1
502,1786866420.894314,693,825,867,1059,845,765,671,820,786,739,0,0,409,460,489,540,0,331,813,677,745,691,615,473,0,0,0,0,684,999,98,0,aro,cross_leg_right,1
503,1786866420.914345,697,831,868,1061,827,763,675,815,787,735,0,0,411,461,484,537,0,334,811,677,747,693,611,473,0,0,0,0,691,996,101,0,aro,cross_leg_right,1
504,1786866420.933957,693,839,861,1059,827,765,671,819,786,735,0,0,409,461,485,538,0,339,810,676,751,693,612,461,0,0,0,0,697,997,100,0,aro,cross_leg_right,1
505,1786866420.954209,693,829,867,1059,828,767,668,816,787,739,0,0,408,460,487,537,0,349,813,677,745,690,612,475,0,0,0,0,695,999,99,0,aro,cross_leg_right,1
506,1786866420.974277,693,831,865,1059,825,764,671,815,788,735,0,0,409,461,485,539,0,339,808,677,745,693,613,467,0,0,0,0,714,1000,99,0,aro,cross_leg_right,1
507,1786866420.994216,695,839,867,1059,839,764,671,815,787,735,0,0,409,461,487,537,0,342,813,677,750,693,615,472,0,0,0,0,685,997,101,0,aro,cross_leg_right,1
508,1786866421.014239,693,831,868,1059,829,773,671,818,787,737,0,0,407,461,485,539,0,341,812,677,743,692,613,469,0,0,0,0,693,994,101,0,aro,cross_leg_right,1
509,1786866421.034486,695,827,867,1060,829,773,665,819,787,735,0,0,408,462,487,537,0,339,810,677,748,696,616,475,0,0,0,0,682,994,99,0,aro,cross_leg_right,1
510,1786866421.054270,693,827,867,1056,828,771,671,821,787,735,0,0,409,461,487,536,0,335,811,677,737,695,612,469,0,0,0,0,692,1003,100,0,aro,cross_leg_right,1
511,1786866421.074307,694,827,868,1059,828,767,676,815,787,735,0,0,409,461,489,533,0,340,813,677,749,693,615,471,0,0,0,0,691,983,100,0,aro,cross_leg_right,1
512,1786866421.094271,694,827,867,1060,827,767,675,819,792,739,0,0,409,463,500,535,0,339,813,676,746,692,614,469,0,0,0,0,691,999,101,0,aro,cross_leg_right,1
513,1786866421.114209,695,824,867,1060,840,763,670,819,787,737,0,0,409,461,489,535,0,347,811,676,749,693,615,468,0,0,0,0,684,1001,102,0,aro,cross_leg_right,1
514,1786866421.134252,695,819,867,1061,840,775,671,820,785,735,0,0,409,461,483,535,0,341,813,677,745,692,613,471,0,0,0,0,694,997,95,0,aro,cross_leg_right,1
515,1786866421.154320,693,824,869,1061,829,767,671,821,783,737,0,0,409,461,487,535,0,347,813,671,745,693,616,469,0,0,0,0,685,989,95,0,aro,cross_leg_right,1
516,1786866421.174299,695,829,871,1061,827,765,676,819,787,735,0,0,410,463,489,536,0,345,806,677,747,693,617,471,0,0,0,0,687,995,101,0,aro,cross_leg_right,1
517,1786866421.194235,695,827,872,1061,838,767,675,822,787,734,0,0,405,463,491,538,0,345,803,676,747,693,616,469,0,0,0,0,686,997,101,0,aro,cross_leg_right,1
518,1786866421.214244,695,831,871,1061,838,763,671,820,789,735,0,0,413,463,487,537,0,349,797,676,763,695,612,473,0,0,0,0,687,1011,102,0,aro,cross_leg_right,1
519,1786866421.234231,693,828,873,1061,831,766,681,819,785,737,0,0,413,465,487,536,0,348,815,677,750,693,615,470,0,0,0,0,688,996,99,0,aro,cross_leg_right,1
520,1786866421.254236,697,830,871,1063,836,774,669,827,787,735,0,0,411,465,489,539,0,347,811,677,747,693,603,472,0,0,0,0,685,999,103,0,aro,cross_leg_right,1
521,1786866421.274270,695,830,873,1065,827,773,671,831,793,734,0,0,411,467,487,537,0,347,818,677,749,694,613,468,0,0,0,0,685,999,99,0,aro,cross_leg_right,1
522,1786866421.294244,696,829,871,1063,836,765,671,822,787,734,0,0,413,463,485,538,0,347,815,679,749,693,615,473,0,0,0,0,685,997,104,0,aro,cross_leg_right,1
523,1786866421.314259,695,831,871,1064,830,777,671,819,787,734,0,0,414,463,488,537,0,348,813,677,749,691,619,473,0,0,0,0,685,997,101,0,aro,cross_leg_right,1
524,1786866421.334275,695,831,872,1065,837,775,674,819,787,733,0,0,415,463,491,538,0,359,816,678,755,693,617,461,0,0,0,0,696,999,101,0,aro,cross_leg_right,1
525,1786866421.354252,695,829,879,1063,837,761,671,819,789,733,0,0,414,463,502,537,0,349,811,677,751,695,605,469,0,0,0,0,686,1003,103,0,aro,cross_leg_right,1
526,1786866421.374225,695,829,862,1063,831,764,670,823,787,734,0,0,413,466,491,538,0,348,814,677,749,695,615,472,0,0,0,0,686,998,101,0,aro,cross_leg_right,1
527,1786866421.394210,695,827,872,1065,830,763,671,819,788,733,0,0,411,465,489,539,0,349,813,677,747,695,613,467,0,0,0,0,685,989,118,0,aro,cross_leg_right,1
528,1786866421.414270,696,829,869,1063,829,765,671,818,789,733,0,0,410,463,487,538,0,347,811,677,755,695,611,469,0,0,0,0,687,996,99,0,aro,cross_leg_right,1
529,1786866421.434436,695,829,870,1063,827,766,671,815,788,733,0,0,409,463,487,536,0,347,813,677,749,691,618,474,0,0,0,0,687,997,102,0,aro,cross_leg_right,1
530,1786866421.454218,695,829,871,1063,831,767,669,820,787,733,0,0,409,463,479,537,0,347,813,677,749,693,617,471,0,0,0,0,685,997,105,0,aro,cross_leg_right,1
531,1786866421.474337,694,828,869,1061,829,775,670,821,787,733,0,0,409,462,490,536,0,348,825,678,747,693,615,466,0,0,0,0,687,990,103,0,aro,cross_leg_right,1
532,1786866421.494240,694,828,869,1063,831,765,671,823,790,733,0,0,409,466,487,535,0,349,813,679,749,697,612,469,0,0,0,0,685,997,105,0,aro,cross_leg_right,1
533,1786866421.514233,695,828,873,1063,831,765,671,815,787,733,0,0,409,462,503,537,0,350,811,677,757,693,615,469,0,0,0,0,687,1005,89,0,aro,cross_leg_right,1
534,1786866421.534260,695,829,872,1063,828,767,671,819,787,733,0,0,409,463,488,536,0,347,813,677,750,696,617,470,0,0,0,0,690,997,101,0,aro,cross_leg_right,1
535,1786866421.554312,694,827,871,1063,830,767,671,819,787,733,0,0,410,462,487,535,0,347,812,677,751,694,635,471,0,0,0,0,687,997,101,0,aro,cross_leg_right,1
536,1786866421.574313,695,829,872,1064,831,772,671,825,787,733,0,0,409,462,487,535,0,348,818,677,751,697,617,475,0,0,0,0,690,1000,98,0,aro,cross_leg_right,1
537,1786866421.594225,695,829,869,1063,831,767,675,820,787,733,0,0,411,463,489,535,0,347,814,678,750,696,619,471,0,0,0,0,691,999,90,0,aro,cross_leg_right,1
538,1786866421.614220,695,831,873,1064,839,767,672,821,787,733,0,0,411,462,487,539,0,349,815,679,749,694,613,471,0,0,0,0,692,999,91,0,aro,cross_leg_right,1
539,1786866421.634244,695,830,873,1065,831,767,671,815,787,733,0,0,413,463,489,537,0,350,813,677,748,693,604,467,0,0,0,0,691,999,103,0,aro,cross_leg_right,1
540,1786866421.654249,695,829,871,1063,837,764,671,815,787,733,0,0,412,465,488,538,0,349,814,679,749,695,612,469,0,0,0,0,688,998,91,0,aro,cross_leg_right,1
541,1786866421.674339,695,829,871,1063,825,766,671,820,787,733,0,0,412,463,487,535,0,348,814,677,749,692,611,463,0,0,0,0,685,999,105,0,aro,cross_leg_right,1
542,1786866421.694198,695,830,873,1063,831,773,671,822,787,732,0,0,412,463,487,536,0,348,811,677,757,693,615,469,0,0,0,0,685,1006,107,0,aro,cross_leg_right,1
543,1786866421.714243,696,829,873,1063,842,773,671,820,787,733,0,0,415,463,487,539,0,355,815,677,750,693,615,467,0,0,0,0,687,997,104,0,aro,cross_leg_right,1
544,1786866421.734276,695,830,870,1063,825,773,671,817,787,733,0,0,414,467,489,539,0,349,813,671,745,695,613,445,0,0,0,0,687,997,119,0,aro,cross_leg_right,1
545,1786866421.754210,695,829,872,1063,840,767,671,821,788,733,0,0,413,462,491,537,0,347,813,677,749,694,613,471,0,0,0,0,687,999,103,0,aro,cross_leg_right,1
546,1786866421.774248,691,830,869,1063,838,765,671,820,787,733,0,0,411,465,491,538,0,349,819,677,747,692,612,471,0,0,0,0,689,998,104,0,aro,cross_leg_right,1
547,1786866421.794220,693,831,869,1060,831,764,671,816,787,733,0,0,419,463,489,537,0,348,804,681,747,697,615,461,0,0,0,0,687,999,100,0,aro,cross_leg_right,1
548,1786866421.814257,695,831,871,1061,837,767,671,819,787,733,0,0,421,462,487,536,0,348,815,677,747,693,611,469,0,0,0,0,687,999,109,0,aro,cross_leg_right,1
549,1786866421.834213,693,829,867,1063,839,774,671,821,787,733,0,0,415,462,493,540,0,351,813,679,748,695,615,469,0,0,0,0,687,997,105,0,aro,cross_leg_right,1
550,1786866421.854202,696,831,870,1063,844,772,671,819,788,733,0,0,429,461,485,541,0,349,813,679,750,695,614,470,0,0,0,0,685,998,120,0,aro,cross_leg_right,1
551,1786866421.874282,695,829,868,1062,839,767,671,823,787,735,0,0,413,463,488,541,0,349,815,678,749,693,621,471,0,0,0,0,687,999,107,0,aro,cross_leg_right,1
552,1786866421.894197,694,829,869,1063,838,773,671,819,787,735,0,0,413,461,488,541,0,349,815,680,751,695,615,471,0,0,0,0,689,999,103,0,aro,cross_leg_right,1
553,1786866421.914250,695,828,869,1063,839,767,671,823,789,738,0,0,411,463,487,542,0,349,815,681,751,696,615,469,0,0,0,0,691,999,110,0,aro,cross_leg_right,1
554,1786866421.934259,695,829,867,1061,837,767,671,813,787,735,0,0,411,465,487,539,0,349,815,679,751,695,613,472,0,0,0,0,691,999,107,0,aro,cross_leg_right,1
555,1786866421.954239,695,827,869,1063,837,767,671,813,787,735,0,0,411,467,487,540,0,349,815,679,751,695,613,471,0,0,0,0,691,999,105,0,aro,cross_leg_right,1
556,1786866421.974245,695,828,867,1063,839,779,669,823,788,735,0,0,409,463,486,537,0,348,813,679,751,693,621,471,0,0,0,0,693,1000,101,0,aro,cross_leg_right,1
557,1786866421.994229,695,828,869,1061,839,767,669,820,787,735,0,0,411,463,487,537,0,347,818,680,755,697,616,471,0,0,0,0,692,999,104,0,aro,cross_leg_right,1
558,1786866422.014223,695,829,871,1062,839,767,670,823,789,733,0,0,411,463,487,537,0,349,818,680,751,694,619,472,0,0,0,0,693,998,107,0,aro,cross_leg_right,1
559,1786866422.034226,694,829,871,1063,841,766,669,823,787,734,0,0,410,465,487,536,0,348,815,681,752,693,617,459,0,0,0,0,693,999,103,0,aro,cross_leg_right,1
560,1786866422.054220,693,827,869,1059,838,768,667,813,783,737,0,0,409,462,487,539,0,347,818,680,751,703,617,475,0,0,0,0,692,997,105,0,aro,cross_leg_right,1
561,1786866422.074267,695,829,871,1063,839,765,669,824,789,735,0,0,411,463,488,539,0,348,815,679,752,693,612,472,0,0,0,0,695,999,109,0,aro,cross_leg_right,1
562,1786866422.094197,695,828,869,1063,839,765,669,821,789,734,0,0,411,463,487,539,0,349,819,681,752,695,615,469,0,0,0,0,695,1000,111,0,aro,cross_leg_right,1
563,1786866422.114217,695,829,867,1063,838,766,669,821,789,735,0,0,411,462,487,538,0,351,818,681,755,695,625,473,0,0,0,0,694,999,107,0,aro,cross_leg_right,1
564,1786866422.134288,695,829,868,1062,838,765,669,821,787,735,0,0,411,462,487,541,0,349,815,679,755,693,613,472,0,0,0,0,693,999,97,0,aro,cross_leg_right,1
565,1786866422.154253,697,829,878,1063,838,766,669,819,789,738,0,0,411,466,487,537,0,349,815,680,751,697,603,471,0,0,0,0,693,1001,107,0,aro,cross_leg_right,1
566,1786866422.174274,695,829,870,1063,839,766,668,829,787,735,0,0,411,461,487,539,0,349,815,681,755,692,613,469,0,0,0,0,693,1000,107,0,aro,cross_leg_right,1
567,1786866422.193304,695,829,870,1063,832,763,670,821,787,735,0,0,411,463,487,539,0,349,815,680,755,695,613,459,0,0,0,0,694,1001,121,0,aro,cross_leg_right,1
568,1786866422.213246,695,829,877,1063,839,767,669,821,787,735,0,0,411,462,487,539,0,349,818,681,755,697,617,447,0,0,0,0,693,999,107,0,aro,cross_leg_right,1
569,1786866422.233349,695,829,871,1064,839,766,669,815,787,735,0,0,410,462,487,541,0,349,815,681,752,696,621,473,0,0,0,0,694,1001,107,0,aro,cross_leg_right,1
570,1786866422.254135,694,829,876,1064,831,765,669,821,787,735,0,0,409,463,485,540,0,351,815,681,757,697,620,463,0,0,0,0,690,997,108,0,aro,cross_leg_right,1
571,1786866422.274281,695,831,872,1065,840,765,670,823,789,735,0,0,411,463,487,541,0,357,816,681,755,701,616,472,0,0,0,0,696,1001,109,0,aro,cross_leg_right,1
572,1786866422.294272,695,831,863,1063,840,757,670,823,789,735,0,0,412,462,487,547,0,351,819,680,756,697,617,469,0,0,0,0,697,1001,108,0,aro,cross_leg_right,1
573,1786866422.314236,695,827,879,1061,837,766,671,825,788,737,0,0,413,463,488,537,0,351,819,679,751,698,615,473,0,0,0,0,693,999,99,0,aro,cross_leg_right,1
574,1786866422.334243,695,831,873,1063,839,767,671,819,788,739,0,0,412,463,487,537,0,350,816,680,754,695,617,473,0,0,0,0,693,999,101,0,aro,cross_leg_right,1
575,1786866422.354204,695,828,869,1063,839,767,671,819,787,735,0,0,411,463,484,535,0,349,815,678,755,696,615,471,0,0,0,0,695,1000,105,0,aro,cross_leg_right,1
576,1786866422.374238,695,828,867,1061,838,765,671,819,788,733,0,0,411,461,486,537,0,349,815,677,751,697,615,471,0,0,0,0,696,999,105,0,aro,cross_leg_right,1
577,1786866422.394363,696,830,872,1063,837,767,670,815,787,735,0,0,413,465,483,539,0,350,815,679,751,699,615,470,0,0,0,0,695,1000,102,0,aro,cross_leg_right,1
578,1786866422.414290,695,832,871,1061,839,766,669,819,789,739,0,0,415,466,487,543,0,351,818,680,751,698,616,472,0,0,0,0,696,1000,107,0,aro,cross_leg_right,1
579,1786866422.434239,697,831,872,1061,839,767,671,818,789,735,0,0,414,461,486,540,0,351,815,681,755,697,613,471,0,0,0,0,695,1000,105,0,aro,cross_leg_right,1
580,1786866422.453542,697,830,873,1063,839,767,671,821,789,737,0,0,414,466,488,541,0,351,819,679,755,697,617,473,0,0,0,0,696,1000,109,0,aro,cross_leg_right,1
581,1786866422.474283,696,828,873,1059,839,767,676,820,789,737,0,0,413,463,487,541,0,359,821,679,755,695,617,473,0,0,0,0,693,1001,107,0,aro,cross_leg_right,1
582,1786866422.494199,697,831,872,1065,841,765,671,821,789,739,0,0,413,462,486,541,0,351,815,679,750,709,617,472,0,0,0,0,695,1002,107,0,aro,cross_leg_right,1
583,1786866422.514253,695,831,871,1063,840,767,671,821,787,739,0,0,413,461,485,536,0,351,818,677,755,695,617,472,0,0,0,0,697,999,100,0,aro,cross_leg_right,1
584,1786866422.534198,696,830,870,1061,840,767,671,822,789,739,0,0,413,463,486,541,0,354,819,683,755,693,631,473,0,0,0,0,697,1000,108,0,aro,cross_leg_right,1
585,1786866422.554321,696,830,869,1061,839,766,671,821,788,739,0,0,413,462,487,543,0,354,816,679,755,697,616,472,0,0,0,0,697,1000,107,0,aro,cross_leg_right,1
586,1786866422.574325,696,830,869,1064,839,773,675,821,786,739,0,0,413,469,487,539,0,349,815,685,752,683,617,473,0,0,0,0,696,1000,107,0,aro,cross_leg_right,1
587,1786866422.594267,694,831,871,1061,838,773,671,827,789,739,0,0,413,467,486,540,0,354,819,680,751,696,619,473,0,0,0,0,699,1000,105,0,aro,cross_leg_right,1
588,1786866422.614234,696,837,871,1063,839,767,675,821,787,740,0,0,413,465,488,539,0,355,815,679,753,699,617,473,0,0,0,0,697,1001,109,0,aro,cross_leg_right,1
589,1786866422.634217,696,831,869,1061,839,767,672,821,787,739,0,0,411,466,487,543,0,354,819,681,755,697,616,471,0,0,0,0,699,1001,107,0,aro,cross_leg_right,1
590,1786866422.654224,697,830,871,1062,839,767,671,821,785,739,0,0,411,463,487,539,0,351,819,678,751,699,616,472,0,0,0,0,697,1000,124,0,aro,cross_leg_right,1
591,1786866422.674248,697,831,874,1063,841,761,671,819,789,739,0,0,411,461,495,541,0,351,815,680,754,690,610,469,0,0,0,0,697,1001,107,0,aro,cross_leg_right,1
592,1786866422.694190,697,830,871,1062,841,763,671,821,788,739,0,0,414,467,487,539,0,355,828,680,751,677,619,475,0,0,0,0,699,1001,107,0,aro,cross_leg_right,1
593,1786866422.714205,695,831,871,1063,840,771,671,820,787,739,0,0,412,465,486,547,0,355,819,680,755,693,616,473,0,0,0,0,697,1001,107,0,aro,cross_leg_right,1
594,1786866422.734223,696,831,871,1063,840,767,671,819,787,739,0,0,415,467,490,541,0,354,815,679,755,694,615,473,0,0,0,0,699,1000,107,0,aro,cross_leg_right,1
595,1786866422.754216,697,831,872,1063,841,767,671,821,783,739,0,0,414,467,487,533,0,350,816,680,755,697,616,472,0,0,0,0,699,1001,105,0,aro,cross_leg_right,1
596,1786866422.774247,697,831,871,1053,839,767,671,821,786,735,0,0,419,467,486,541,0,355,813,679,749,697,614,473,0,0,0,0,699,1005,107,0,aro,cross_leg_right,1
597,1786866422.794204,696,837,872,1063,841,767,671,820,791,739,0,0,420,467,487,541,0,354,818,677,751,697,615,471,0,0,0,0,697,1001,107,0,aro,cross_leg_right,1
598,1786866422.814401,697,831,873,1063,841,767,675,819,788,737,0,0,415,470,489,541,0,354,815,677,751,685,616,471,0,0,0,0,695,999,105,0,aro,cross_leg_right,1
599,1786866422.834235,697,837,873,1063,841,767,672,819,787,735,0,0,419,469,487,541,0,357,815,677,749,695,615,471,0,0,0,0,696,1001,105,0,aro,cross_leg_right,1
600,1786866422.854216,697,837,873,1064,839,772,671,819,789,739,0,0,422,469,487,541,0,351,816,676,755,697,613,469,0,0,0,0,699,1001,106,0,aro,cross_leg_right,1
601,1786866422.874224,695,831,873,1063,841,767,671,819,787,735,0,0,419,466,488,541,0,355,813,677,751,691,613,469,0,0,0,0,693,998,107,0,aro,cross_leg_right,1
602,1786866422.894195,695,831,872,1065,840,767,672,820,789,735,0,0,421,468,488,543,0,355,815,677,751,691,615,471,0,0,0,0,697,1000,107,0,aro,cross_leg_right,1
603,1786866422.914247,696,836,872,1062,841,767,669,820,789,739,0,0,419,468,487,541,0,357,815,677,754,695,614,470,0,0,0,0,697,1000,107,0,aro,cross_leg_right,1
604,1786866422.934186,695,831,872,1061,840,767,671,821,787,735,0,0,423,463,488,541,0,356,820,679,751,685,615,471,0,0,0,0,695,1001,107,0,aro,cross_leg_right,1
605,1786866422.954192,695,829,873,1065,841,766,671,819,787,737,0,0,419,467,487,541,0,355,817,679,749,697,615,469,0,0,0,0,696,1000,107,0,aro,cross_leg_right,1
606,1786866422.973581,695,831,873,1065,840,767,671,819,789,737,0,0,420,469,487,542,0,355,815,679,749,695,614,468,0,0,0,0,696,1001,107,0,aro,cross_leg_right,1
607,1786866422.994204,695,831,872,1065,841,772,675,821,789,740,0,0,415,469,487,543,0,355,815,679,755,695,615,471,0,0,0,0,696,999,107,0,aro,cross_leg_right,1
608,1786866423.014217,695,830,872,1063,841,767,672,820,789,739,0,0,421,467,489,542,0,356,818,678,749,697,615,471,0,0,0,0,696,1001,107,0,aro,cross_leg_right,1
609,1786866423.034232,695,831,872,1063,841,767,676,819,787,739,0,0,419,467,487,543,0,354,815,679,751,691,615,471,0,0,0,0,699,1001,107,0,aro,cross_leg_right,1
610,1786866423.054179,695,829,872,1063,841,766,670,819,789,737,0,0,415,463,488,543,0,354,815,679,749,692,616,472,0,0,0,0,697,1001,109,0,aro,cross_leg_right,1
611,1786866423.074239,697,829,872,1062,842,767,675,820,787,739,0,0,415,467,489,543,0,355,815,677,751,695,615,471,0,0,0,0,693,1002,107,0,aro,cross_leg_right,1
612,1786866423.094245,697,830,873,1062,841,767,671,819,787,739,0,0,419,469,488,543,0,356,815,678,751,695,615,473,0,0,0,0,699,1001,108,0,aro,cross_leg_right,1
613,1786866423.114223,697,829,873,1062,840,772,669,819,789,739,0,0,419,467,488,543,0,357,813,680,755,693,614,472,0,0,0,0,698,1001,107,0,aro,cross_leg_right,1
614,1786866423.134223,697,831,872,1063,841,767,675,819,789,738,0,0,419,469,489,541,0,356,813,679,751,695,615,471,0,0,0,0,693,1001,108,0,aro,cross_leg_right,1
615,1786866423.154242,693,828,872,1060,841,773,669,819,787,739,0,0,415,463,489,542,0,354,815,677,752,693,614,471,0,0,0,0,696,999,106,0,aro,cross_leg_right,1
616,1786866423.174269,695,831,871,1063,841,767,675,819,789,735,0,0,419,469,489,543,0,355,815,679,755,694,614,469,0,0,0,0,695,999,107,0,aro,cross_leg_right,1
617,1786866423.194234,696,831,873,1064,843,766,671,821,789,739,0,0,420,469,487,542,0,355,815,696,752,695,616,470,0,0,0,0,698,1003,109,0,aro,cross_leg_right,1
618,1786866423.214246,693,830,870,1065,840,764,671,819,781,733,0,0,421,457,487,543,0,356,813,677,749,692,613,468,0,0,0,0,697,1000,106,0,aro,cross_leg_right,1
619,1786866423.234253,693,829,871,1063,840,765,671,819,788,738,0,0,421,459,487,543,0,355,821,672,748,695,615,471,0,0,0,0,693,998,108,0,aro,cross_leg_right,1
620,1786866423.254182,695,829,871,1060,842,767,675,819,788,737,0,0,415,467,487,541,0,351,815,681,751,693,614,471,0,0,0,0,695,999,107,0,aro,cross_leg_right,1
621,1786866423.274224,695,828,872,1064,841,767,675,819,787,735,0,0,415,467,488,541,0,357,814,675,751,695,615,471,0,0,0,0,697,999,107,0,aro,cross_leg_right,1
622,1786866423.294240,695,829,871,1061,841,772,672,819,789,738,0,0,422,467,489,541,0,355,819,676,751,696,613,472,0,0,0,0,695,999,109,0,aro,cross_leg_right,1
623,1786866423.314183,695,829,871,1055,842,767,676,819,789,737,0,0,415,467,489,541,0,349,819,679,751,694,615,471,0,0,0,0,697,1000,109,0,aro,cross_leg_right,1
624,1786866423.334191,696,829,872,1063,842,766,675,821,789,738,0,0,419,473,488,541,0,354,815,675,755,692,615,471,0,0,0,0,696,1001,109,0,aro,cross_leg_right,1
625,1786866423.354252,695,830,873,1059,840,767,671,819,787,738,0,0,419,461,488,543,0,355,815,679,749,695,615,469,0,0,0,0,697,999,107,0,aro,cross_leg_right,1
626,1786866423.374217,696,829,872,1061,841,767,675,820,789,738,0,0,415,467,487,541,0,356,819,678,752,697,614,471,0,0,0,0,697,1001,109,0,aro,cross_leg_right,1
627,1786866423.394251,697,830,872,1069,843,773,676,819,789,735,0,0,415,467,487,541,0,353,815,680,751,695,615,471,0,0,0,0,695,999,109,0,aro,cross_leg_right,1
628,1786866423.414224,695,829,872,1061,839,773,675,819,787,737,0,0,419,467,487,540,0,355,815,676,751,695,615,471,0,0,0,0,699,1003,107,0,aro,cross_leg_right,1
629,1786866423.434191,693,829,872,1060,841,772,675,820,789,735,0,0,413,461,485,539,0,355,818,677,749,701,615,471,0,0,0,0,698,1003,107,0,aro,cross_leg_right,1
630,1786866423.454207,683,829,870,1065,841,767,675,819,789,734,0,0,415,465,487,539,0,351,815,679,749,693,613,469,0,0,0,0,695,1001,109,0,aro,cross_leg_right,1
631,1786866423.474278,692,829,870,1061,839,765,677,819,787,733,0,0,413,461,487,539,0,355,813,677,749,695,614,471,0,0,0,0,697,997,109,0,aro,cross_leg_right,1
632,1786866423.493959,694,829,870,1061,840,767,670,815,788,732,0,0,412,461,485,539,0,355,813,675,755,695,615,467,0,0,0,0,699,995,109,0,aro,cross_leg_right,1
633,1786866423.514211,694,829,869,1061,840,766,675,815,787,731,0,0,410,462,486,539,0,359,815,668,749,693,615,469,0,0,0,0,697,1001,107,0,aro,cross_leg_right,1
634,1786866423.534212,692,829,870,1061,843,766,672,816,789,732,0,0,412,460,487,537,0,359,819,671,755,693,613,467,0,0,0,0,699,1003,107,0,aro,cross_leg_right,1
635,1786866423.554210,687,831,869,1059,841,763,675,815,787,731,0,0,420,459,486,537,0,359,815,679,749,695,614,467,0,0,0,0,699,1001,108,0,aro,cross_leg_right,1
636,1786866423.574193,699,829,871,1059,839,767,671,815,787,731,0,0,408,457,487,536,0,361,815,675,748,694,615,471,0,0,0,0,699,1003,107,0,aro,cross_leg_right,1
637,1786866423.594232,687,827,867,1059,837,764,670,815,780,728,0,0,427,457,485,535,0,363,819,667,749,693,613,468,0,0,0,0,709,1000,107,0,aro,cross_leg_right,1
638,1786866423.614194,685,829,867,1053,837,765,675,813,783,729,0,0,407,465,483,537,0,362,815,678,749,695,614,469,0,0,0,0,709,999,107,0,aro,cross_leg_right,1
639,1786866423.634178,690,829,867,1045,829,764,675,814,783,729,0,0,407,461,484,538,0,359,813,683,749,695,615,471,0,0,0,0,711,1001,105,0,aro,cross_leg_right,1
640,1786866423.654183,686,829,867,1041,830,767,675,815,787,730,0,0,405,461,484,539,0,357,819,679,751,695,615,470,0,0,0,0,709,1001,105,0,aro,cross_leg_right,1
641,1786866423.674207,687,827,866,1041,827,765,676,815,787,729,0,0,409,461,487,537,0,357,815,667,747,693,615,469,0,0,0,0,701,999,105,0,aro,cross_leg_right,1
642,1786866423.694191,683,815,863,1039,829,765,672,815,787,730,0,0,411,468,487,539,0,355,815,683,749,695,615,471,0,0,0,0,709,1003,107,0,aro,cross_leg_right,1
643,1786866423.714254,682,820,861,1039,829,766,667,815,786,730,0,0,411,460,487,539,0,364,813,677,757,695,615,472,0,0,0,0,700,999,106,0,aro,cross_leg_right,1
644,1786866423.734236,683,826,861,1041,829,765,676,815,791,731,0,0,411,466,487,538,0,351,819,677,751,695,615,472,0,0,0,0,703,1002,107,0,aro,cross_leg_right,1
645,1786866423.754168,681,820,861,1039,829,764,676,815,787,731,0,0,410,461,481,539,0,355,816,678,751,695,615,471,0,0,0,0,702,999,107,0,aro,cross_leg_right,1
646,1786866423.774229,683,823,862,1039,829,767,677,820,785,731,0,0,409,461,487,539,0,349,816,677,751,695,613,472,0,0,0,0,703,1000,107,0,aro,cross_leg_right,1
647,1786866423.794224,685,824,860,1039,827,767,678,816,787,733,0,0,407,467,484,539,0,356,819,677,751,695,617,472,0,0,0,0,708,1002,109,0,aro,cross_leg_right,1
648,1786866423.814179,683,823,861,1039,829,767,677,819,785,733,0,0,405,466,483,539,0,351,819,678,749,696,617,473,0,0,0,0,721,1003,107,0,aro,cross_leg_right,1
649,1786866423.834203,683,822,861,1035,829,765,677,818,787,735,0,0,408,460,483,539,0,353,819,677,749,695,615,471,0,0,0,0,711,1001,107,0,aro,cross_leg_right,1
650,1786866423.854194,681,823,861,1039,836,763,679,819,787,734,0,0,405,466,483,541,0,349,813,675,749,697,615,471,0,0,0,0,703,1017,107,0,aro,cross_leg_right,1
651,1786866423.874228,685,825,861,1035,837,767,677,819,787,732,0,0,403,467,485,539,0,346,814,672,757,696,615,473,0,0,0,0,710,1005,107,0,aro,cross_leg_right,1
652,1786866423.894183,683,823,861,1039,831,767,677,821,783,734,0,0,406,469,483,539,0,355,815,671,755,695,615,473,0,0,0,0,699,1001,108,0,aro,cross_leg_right,1
653,1786866423.914203,682,824,863,1039,838,773,692,819,788,733,0,0,402,458,485,540,0,347,819,675,751,695,617,471,0,0,0,0,709,997,107,0,aro,cross_leg_right,1
654,1786866423.934231,684,823,863,1039,839,773,677,819,787,734,0,0,399,461,483,539,0,347,815,676,743,693,615,472,0,0,0,0,699,989,107,0,aro,cross_leg_right,1
655,1786866423.954157,681,821,863,1035,841,773,681,819,788,735,0,0,399,459,485,539,0,345,813,679,749,695,614,473,0,0,0,0,699,1003,108,0,aro,cross_leg_right,1
656,1786866423.974199,685,823,867,1039,839,767,677,819,789,733,0,0,395,460,485,539,0,344,823,675,757,695,617,473,0,0,0,0,711,996,107,0,aro,cross_leg_right,1
657,1786866423.993552,681,823,866,1045,839,765,681,821,788,734,0,0,398,477,495,536,0,346,821,677,749,697,615,471,0,0,0,0,701,997,109,0,aro,cross_leg_right,1
658,1786866424.014273,684,822,863,1041,840,774,680,820,787,733,0,0,399,459,483,539,0,342,812,675,744,695,616,471,0,0,0,0,701,1001,107,0,aro,cross_leg_right,1
659,1786866424.034236,681,824,863,1039,841,775,681,819,781,735,0,0,405,447,487,539,0,343,818,675,747,695,616,472,0,0,0,0,703,999,107,0,aro,cross_leg_right,1
660,1786866424.054197,681,823,861,1034,839,773,685,821,789,733,0,0,395,458,483,537,0,343,813,677,749,693,613,471,0,0,0,0,702,1003,106,0,aro,cross_leg_right,1
661,1786866424.074281,685,823,862,1034,838,767,677,819,789,734,0,0,399,459,485,537,0,344,813,677,747,694,615,471,0,0,0,0,702,1030,105,0,aro,cross_leg_right,1
662,1786866424.094234,683,825,863,1045,841,773,681,819,797,733,0,0,399,458,485,537,0,341,813,677,747,694,615,469,0,0,0,0,711,999,104,0,aro,cross_leg_right,1
663,1786866424.114216,683,825,861,1051,840,766,671,819,787,733,0,0,403,461,485,535,0,342,815,677,747,691,615,469,0,0,0,0,703,1002,104,0,aro,cross_leg_right,1
664,1786866424.134347,685,823,866,1048,844,767,675,815,781,731,0,0,407,459,475,535,0,340,813,677,745,693,613,469,0,0,0,0,701,995,103,0,aro,cross_leg_right,1
665,1786866424.154222,686,822,867,1052,841,773,675,813,777,731,0,0,399,459,485,535,0,342,799,678,733,691,611,463,0,0,0,0,709,999,103,0,aro,cross_leg_right,1
666,1786866424.174246,684,823,867,1045,843,765,675,815,779,731,0,0,407,459,487,535,0,343,811,671,747,691,611,466,0,0,0,0,700,1017,103,0,aro,cross_leg_right,1
667,1786866424.194251,690,825,867,1055,842,775,671,813,778,728,0,0,401,455,496,535,0,333,813,668,743,691,613,465,0,0,0,0,701,1002,103,0,aro,cross_leg_right,1
668,1786866424.214222,685,826,862,1063,843,763,671,813,781,726,0,0,409,461,487,533,0,335,810,664,739,691,611,460,0,0,0,0,711,998,102,0,aro,cross_leg_right,1
669,1786866424.234194,694,827,861,1053,843,773,674,812,777,725,0,0,396,460,485,533,0,339,811,669,741,691,611,461,0,0,0,0,700,995,101,0,aro,cross_leg_right,1
670,1786866424.254198,687,825,863,1052,843,767,671,812,776,724,0,0,397,461,484,533,0,330,809,669,741,687,607,456,0,0,0,0,703,997,103,0,aro,cross_leg_right,1
671,1786866424.274186,693,826,863,1055,843,766,668,812,777,725,0,0,409,461,487,531,0,327,808,661,735,688,607,457,0,0,0,0,707,999,99,0,aro,cross_leg_right,1
672,1786866424.294218,699,824,862,1049,843,765,667,810,775,723,0,0,413,461,485,531,0,328,809,668,735,691,611,458,0,0,0,0,691,1003,95,0,aro,cross_leg_right,1
673,1786866424.314221,701,825,867,1035,845,767,667,808,774,722,0,0,407,461,487,529,0,328,808,669,739,691,610,458,0,0,0,0,703,997,99,0,aro,cross_leg_right,1
674,1786866424.334219,691,825,861,1020,845,764,665,807,773,721,0,0,411,461,475,525,0,317,811,665,734,687,609,453,0,0,0,0,699,1012,99,0,aro,cross_leg_right,1
675,1786866424.354260,691,829,859,1035,843,763,665,809,775,722,0,0,397,461,482,524,0,315,809,671,733,687,603,455,0,0,0,0,698,996,91,0,aro,cross_leg_right,1
676,1786866424.374201,687,825,856,1034,840,761,663,807,767,718,0,0,411,452,483,523,0,311,808,676,729,687,606,454,0,0,0,0,703,997,95,0,aro,cross_leg_right,1
677,1786866424.394243,691,823,855,1035,841,763,664,807,765,717,0,0,409,461,479,510,0,301,810,670,737,685,607,453,0,0,0,0,699,994,93,0,aro,cross_leg_right,1
678,1786866424.414220,687,823,856,1032,845,764,663,806,766,717,0,0,407,457,475,517,0,302,807,667,729,687,605,447,0,0,0,0,686,996,91,0,aro,cross_leg_right,1
679,1786866424.434220,685,823,853,1033,828,761,664,806,773,719,0,0,399,456,477,519,0,312,809,665,731,686,605,456,0,0,0,0,699,1000,91,0,aro,cross_leg_right,1
680,1786866424.454226,687,824,850,1030,843,763,659,807,772,722,0,0,407,459,483,517,0,313,808,665,733,687,607,453,0,0,0,0,711,991,95,0,aro,cross_leg_right,1
681,1786866424.474230,685,823,852,1031,840,763,663,807,767,723,0,0,407,459,479,517,0,301,807,665,732,692,605,455,0,0,0,0,701,997,91,0,aro,cross_leg_right,1
682,1786866424.494223,687,823,841,1021,841,773,665,804,775,722,0,0,405,458,491,505,0,301,807,666,731,687,618,455,0,0,0,0,702,995,90,0,aro,cross_leg_right,1
683,1786866424.514255,685,821,847,1019,838,762,663,805,778,721,0,0,403,457,479,506,0,299,800,663,732,690,606,455,0,0,0,0,697,1000,92,0,aro,cross_leg_right,1
684,1786866424.534278,685,818,842,1017,831,762,663,805,773,723,0,0,405,455,473,505,0,299,793,665,731,686,605,453,0,0,0,0,716,999,88,0,aro,cross_leg_right,1
685,1786866424.554193,683,819,842,1017,831,761,663,807,773,722,0,0,403,455,474,503,0,293,803,665,731,685,606,453,0,0,0,0,709,995,88,0,aro,cross_leg_right,1
686,1786866424.574226,683,815,839,1015,836,761,659,806,773,721,0,0,399,455,476,503,0,295,803,663,731,687,611,453,0,0,0,0,700,989,87,0,aro,cross_leg_right,1
687,1786866424.594235,683,820,839,1015,824,761,661,807,778,722,0,0,403,455,473,501,0,295,807,664,732,684,603,455,0,0,0,0,698,1001,75,0,aro,cross_leg_right,1
688,1786866424.614203,683,821,838,1013,830,759,663,807,767,723,0,0,400,453,475,499,0,295,807,663,733,686,610,455,0,0,0,0,692,1000,91,0,aro,cross_leg_right,1
689,1786866424.634228,683,819,838,1013,840,760,667,806,767,723,0,0,399,455,473,501,0,299,805,663,732,687,614,453,0,0,0,0,698,999,87,0,aro,cross_leg_right,1
690,1786866424.654273,677,819,837,1011,829,757,661,807,767,723,0,0,407,455,473,499,0,292,805,663,731,686,611,457,0,0,0,0,714,995,88,0,aro,cross_leg_right,1
691,1786866424.673812,683,820,830,1015,827,757,663,805,767,723,0,0,394,447,475,501,0,297,799,664,731,687,600,459,0,0,0,0,701,995,87,0,aro,cross_leg_right,1
692,1786866424.693206,683,819,830,1011,830,757,659,805,771,723,0,0,405,447,473,501,0,295,797,664,733,687,611,453,0,0,0,0,699,995,89,0,aro,cross_leg_right,1
693,1786866424.714211,684,815,831,1013,828,758,664,805,767,723,0,0,399,453,473,495,0,294,814,663,722,687,605,456,0,0,0,0,699,995,89,0,aro,cross_leg_right,1
694,1786866424.734234,683,820,831,1013,829,760,661,804,767,725,0,0,399,453,473,495,0,293,811,663,747,687,616,454,0,0,0,0,700,979,85,0,aro,cross_leg_right,1
695,1786866424.754179,683,819,831,1013,829,755,658,805,773,723,0,0,399,454,473,495,0,281,807,664,724,687,611,441,0,0,0,0,687,989,89,0,aro,cross_leg_right,1
696,1786866424.774239,685,819,843,1013,829,751,659,799,766,723,0,0,401,453,461,495,0,287,803,663,730,687,588,447,0,0,0,0,700,993,87,0,aro,cross_leg_right,1
697,1786866424.794235,685,819,839,1013,829,749,659,804,766,723,0,0,401,453,468,493,0,287,812,665,734,679,605,452,0,0,0,0,701,997,85,0,aro,cross_leg_right,1
698,1786866424.814266,687,819,824,1013,837,757,659,791,775,723,0,0,403,453,479,495,0,287,814,663,726,684,605,445,0,0,0,0,699,994,85,0,aro,cross_leg_right,1
699,1786866424.834236,687,820,822,1013,831,751,655,795,774,721,0,0,403,453,477,491,0,287,804,664,728,685,605,447,0,0,0,0,701,993,84,0,aro,cross_leg_right,1
700,1786866424.854279,687,819,829,1013,831,746,655,804,765,719,0,0,402,453,477,491,0,297,803,664,729,700,597,447,0,0,0,0,699,989,83,0,aro,cross_leg_right,1
701,1786866424.874212,687,819,829,1012,831,749,654,799,763,722,0,0,403,452,471,491,0,293,800,663,727,685,605,455,0,0,0,0,703,991,84,0,aro,cross_leg_right,1
702,1786866424.893251,687,819,829,1013,837,757,655,799,763,719,0,0,403,447,475,493,0,292,805,665,731,687,605,447,0,0,0,0,701,989,81,0,aro,cross_leg_right,1
703,1786866424.914326,691,819,827,1014,830,742,651,794,761,717,0,0,404,439,471,491,0,287,799,663,724,677,603,439,0,0,0,0,697,989,80,0,aro,cross_leg_right,1
704,1786866424.934295,685,819,830,1013,829,751,653,799,762,719,0,0,404,445,473,493,0,287,809,663,723,691,607,443,0,0,0,0,699,997,79,0,aro,cross_leg_right,1
705,1786866424.954170,687,820,831,1013,829,763,655,798,763,721,0,0,404,452,471,492,0,288,803,663,726,689,605,444,0,0,0,0,699,989,83,0,aro,cross_leg_right,1
706,1786866424.974204,687,819,837,1013,831,755,653,804,761,719,0,0,403,453,474,489,0,291,803,664,727,687,603,443,0,0,0,0,699,989,83,0,aro,cross_leg_right,1
707,1786866424.994209,687,821,830,1013,827,750,652,799,762,719,0,0,402,452,467,489,0,291,805,664,727,680,610,436,0,0,0,0,699,988,77,0,aro,cross_leg_right,1
708,1786866425.014208,687,819,825,1013,837,749,653,798,761,719,0,0,404,452,471,494,0,287,794,663,717,685,605,446,0,0,0,0,701,1003,81,0,aro,cross_leg_right,1
709,1786866425.033553,687,819,838,1013,832,749,653,797,761,719,0,0,403,448,475,495,0,291,805,663,725,685,605,447,0,0,0,0,698,988,78,0,aro,cross_leg_right,1
710,1786866425.054213,687,819,829,1013,831,751,653,799,763,719,0,0,404,447,472,489,0,291,803,663,727,684,605,445,0,0,0,0,700,989,77,0,aro,cross_leg_right,1
711,1786866425.074253,691,820,831,1013,839,755,653,803,763,721,0,0,405,454,472,492,0,288,805,664,726,685,603,446,0,0,0,0,700,989,75,0,aro,cross_leg_right,1
712,1786866425.094192,690,819,828,1013,837,749,653,797,762,721,0,0,404,453,473,493,0,291,803,663,727,683,599,446,0,0,0,0,701,987,75,0,aro,cross_leg_right,1
713,1786866425.114248,690,821,831,1013,839,757,653,795,761,721,0,0,404,453,473,489,0,287,805,661,727,688,607,447,0,0,0,0,701,990,71,0,aro,cross_leg_right,1
714,1786866425.134210,691,821,829,1017,840,751,653,795,762,719,0,0,403,452,473,490,0,288,800,661,729,683,613,447,0,0,0,0,699,988,75,0,aro,cross_leg_right,1
715,1786866425.154222,685,820,828,1014,839,751,651,795,764,719,0,0,407,461,473,491,0,291,799,663,724,687,621,443,0,0,0,0,701,989,72,0,aro,cross_leg_right,1
716,1786866425.174226,690,822,831,1005,837,750,652,795,761,721,0,0,402,453,469,493,0,287,805,664,725,685,603,445,0,0,0,0,701,989,76,0,aro,cross_leg_right,1
717,1786866425.194265,687,819,831,1013,841,755,651,795,761,721,0,0,405,447,473,493,0,287,805,664,725,687,603,445,0,0,0,0,701,988,61,0,aro,cross_leg_right,1
718,1786866425.214219,690,820,830,1013,829,754,651,799,761,719,0,0,403,447,472,492,0,287,804,663,724,683,605,441,0,0,0,0,701,988,75,0,aro,cross_leg_right,1
719,1786866425.234207,687,820,831,1013,827,751,652,791,761,719,0,0,405,452,472,490,0,287,803,663,725,685,603,445,0,0,0,0,699,989,75,0,aro,cross_leg_right,1
720,1786866425.254203,687,819,837,1012,838,755,651,797,761,719,0,0,404,447,471,489,0,287,805,664,725,683,607,444,0,0,0,0,701,989,76,0,aro,cross_leg_right,1
721,1786866425.274209,688,819,828,1013,829,753,651,793,761,719,0,0,404,453,474,491,0,287,803,661,723,683,607,443,0,0,0,0,700,989,75,0,aro,cross_leg_right,1
722,1786866425.294164,689,819,836,1012,839,759,652,795,761,718,0,0,405,453,473,489,0,285,804,663,725,683,615,441,0,0,0,0,701,989,75,0,aro,cross_leg_right,1
723,1786866425.314203,688,820,827,1015,847,756,651,795,762,719,0,0,405,453,472,473,0,286,804,663,724,684,607,443,0,0,0,0,703,989,73,0,aro,cross_leg_right,1
724,1786866425.334230,691,820,829,1012,830,756,649,795,761,718,0,0,405,453,473,484,0,287,803,662,724,686,603,443,0,0,0,0,701,988,60,0,aro,cross_leg_right,1
725,1786866425.354167,691,819,837,1013,839,755,651,799,761,718,0,0,405,447,473,493,0,285,803,665,727,685,611,443,0,0,0,0,701,989,75,0,aro,cross_leg_right,1
726,1786866425.374200,699,819,831,1014,847,755,651,797,761,719,0,0,413,447,471,491,0,286,806,661,725,685,607,463,0,0,0,0,701,988,75,0,aro,cross_leg_right,1
727,1786866425.394196,693,820,829,1013,837,755,651,795,761,716,0,0,404,453,473,488,0,285,804,663,723,683,615,441,0,0,0,0,709,989,73,0,aro,cross_leg_right,1
728,1786866425.414241,695,820,829,1013,838,754,650,794,760,717,0,0,405,453,473,492,0,285,803,662,725,685,603,441,0,0,0,0,701,988,73,0,aro,cross_leg_right,1
729,1786866425.434222,691,819,828,1013,837,755,649,795,760,715,0,0,407,447,473,488,0,285,803,661,722,685,602,453,0,0,0,0,701,987,69,0,aro,cross_leg_right,1
730,1786866425.454181,692,819,829,1013,843,758,649,795,761,717,0,0,406,453,472,479,0,284,799,661,723,685,605,441,0,0,0,0,701,989,75,0,aro,cross_leg_right,1
731,1786866425.474214,691,821,829,1014,840,757,649,795,760,716,0,0,406,453,472,489,0,285,803,661,723,685,607,441,0,0,0,0,701,987,71,0,aro,cross_leg_right,1
732,1786866425.494216,693,821,831,1012,840,757,649,795,761,717,0,0,407,447,473,492,0,287,802,661,725,681,601,441,0,0,0,0,701,988,70,0,aro,cross_leg_right,1
733,1786866425.514200,691,820,831,1015,840,757,651,799,761,717,0,0,405,453,473,493,0,285,804,661,723,685,595,440,0,0,0,0,701,988,75,0,aro,cross_leg_right,1
734,1786866425.534226,691,821,830,1013,839,757,651,796,763,717,0,0,407,453,471,491,0,279,803,661,717,685,603,442,0,0,0,0,701,989,71,0,aro,cross_leg_right,1
735,1786866425.554233,693,821,829,1013,840,756,651,795,761,717,0,0,405,448,472,494,0,287,803,661,723,686,603,441,0,0,0,0,702,987,57,0,aro,cross_leg_right,1
736,1786866425.574200,692,821,837,1014,840,751,651,796,761,715,0,0,407,453,473,493,0,285,803,659,725,685,605,439,0,0,0,0,701,989,71,0,aro,cross_leg_right,1
737,1786866425.594227,693,821,831,1014,839,757,652,795,762,718,0,0,407,453,473,493,0,284,805,664,725,683,605,446,0,0,0,0,708,989,85,0,aro,cross_leg_right,1
738,1786866425.614206,693,820,831,1013,838,757,652,799,761,717,0,0,413,453,475,501,0,291,805,663,725,685,604,443,0,0,0,0,702,988,76,0,aro,cross_leg_right,1
739,1786866425.634189,691,823,830,1015,839,757,651,795,761,716,0,0,407,453,473,499,0,291,803,663,723,683,603,440,0,0,0,0,701,989,63,0,aro,cross_leg_right,1
740,1786866425.654261,693,821,829,1014,839,756,653,797,761,717,0,0,407,455,473,492,0,293,805,661,723,685,602,443,0,0,0,0,701,989,89,0,aro,cross_leg_right,1
741,1786866425.674218,692,820,839,1015,839,757,651,795,762,717,0,0,406,454,473,495,0,291,804,663,725,688,598,442,0,0,0,0,703,988,72,0,aro,cross_leg_right,1
742,1786866425.694206,691,821,829,1015,838,757,651,795,761,717,0,0,406,454,473,493,0,288,804,663,723,691,601,441,0,0,0,0,700,989,72,0,aro,cross_leg_right,1
743,1786866425.714214,691,821,831,1018,839,757,651,797,763,715,0,0,409,454,473,493,0,292,804,664,723,695,603,443,0,0,0,0,701,989,71,0,aro,cross_leg_right,1
744,1786866425.734180,691,819,827,1013,837,757,651,795,761,717,0,0,406,454,474,499,0,288,804,661,723,685,603,441,0,0,0,0,702,989,73,0,aro,cross_leg_right,1
745,1786866425.754198,691,819,845,1013,838,757,651,793,761,715,0,0,406,455,473,492,0,287,805,663,723,683,614,441,0,0,0,0,702,988,74,0,aro,cross_leg_right,1
746,1786866425.774218,691,821,823,1013,839,757,649,795,762,717,0,0,407,453,473,495,0,291,805,663,725,687,600,441,0,0,0,0,701,989,71,0,aro,cross_leg_right,1
747,1786866425.794225,691,821,831,1014,837,757,651,797,762,717,0,0,405,452,473,493,0,292,805,663,725,684,601,451,0,0,0,0,702,990,75,0,aro,cross_leg_right,1
748,1786866425.814194,691,819,827,1013,839,758,650,797,763,717,0,0,405,448,474,491,0,287,799,663,719,687,607,443,0,0,0,0,702,989,73,0,aro,cross_leg_right,1
749,1786866425.834195,687,819,829,1013,839,759,650,791,761,717,0,0,405,451,473,493,0,287,807,661,727,684,603,443,0,0,0,0,703,988,69,0,aro,cross_leg_right,1
750,1786866425.854368,691,819,819,1012,837,758,649,795,761,718,0,0,405,453,475,493,0,287,805,663,723,683,603,441,0,0,0,0,703,988,77,0,aro,cross_leg_right,1
751,1786866425.874172,691,820,829,1012,839,758,651,797,763,718,0,0,405,453,469,492,0,285,805,663,722,683,601,441,0,0,0,0,702,989,62,0,aro,cross_leg_right,1
752,1786866425.894212,691,819,829,1011,839,757,651,797,761,717,0,0,405,447,473,489,0,287,805,662,722,685,603,443,0,0,0,0,703,989,71,0,aro,cross_leg_right,1
753,1786866425.914277,691,821,829,1013,839,759,652,797,761,717,0,0,405,453,473,493,0,287,805,663,723,684,603,442,0,0,0,0,703,989,73,0,aro,cross_leg_right,1
754,1786866425.934184,691,820,842,1013,840,759,651,797,761,717,0,0,405,447,474,493,0,285,805,663,723,686,603,442,0,0,0,0,703,989,61,0,aro,cross_leg_right,1
755,1786866425.954160,691,819,830,1013,839,761,652,797,761,719,0,0,405,453,475,493,0,285,803,663,724,687,605,443,0,0,0,0,709,991,71,0,aro,cross_leg_right,1
756,1786866425.974246,691,820,827,1011,839,757,650,797,759,715,0,0,406,454,475,487,0,286,805,662,719,683,604,441,0,0,0,0,702,989,71,0,aro,cross_leg_right,1
757,1786866425.994206,693,816,829,1013,839,761,651,797,763,718,0,0,403,453,475,488,0,285,805,663,723,687,604,442,0,0,0,0,703,989,62,0,aro,cross_leg_right,1
758,1786866426.014252,693,819,829,1013,841,776,652,797,761,719,0,0,404,447,473,489,0,285,807,662,723,685,597,445,0,0,0,0,709,989,75,0,aro,cross_leg_right,1
759,1786866426.034233,694,819,829,1015,839,761,651,797,761,718,0,0,408,454,473,491,0,284,804,663,723,687,602,441,0,0,0,0,703,989,71,0,aro,cross_leg_right,1
760,1786866426.054240,691,819,832,1011,839,761,651,797,762,717,0,0,405,453,472,487,0,285,805,663,723,685,605,441,0,0,0,0,709,989,75,0,aro,cross_leg_right,1
761,1786866426.074249,691,819,829,1013,838,760,651,797,762,718,0,0,405,451,477,485,0,283,805,663,724,687,605,443,0,0,0,0,703,989,83,0,aro,cross_leg_right,1
762,1786866426.094264,692,819,827,1011,838,761,651,795,761,717,0,0,404,452,473,487,0,284,803,663,723,692,611,442,0,0,0,0,709,987,75,0,aro,cross_leg_right,1
763,1786866426.114229,693,819,828,1011,831,761,651,795,761,716,0,0,403,453,474,495,0,285,805,662,723,684,604,440,0,0,0,0,701,990,73,0,aro,cross_leg_right,1
764,1786866426.134215,693,819,828,1013,839,761,649,793,759,716,0,0,403,447,472,487,0,283,805,661,719,669,603,441,0,0,0,0,710,988,73,0,aro,cross_leg_right,1
765,1786866426.154197,693,819,829,1011,832,761,649,795,761,717,0,0,403,454,472,475,0,283,804,663,723,685,603,441,0,0,0,0,711,987,85,0,aro,cross_leg_right,1
766,1786866426.174241,693,821,829,1012,837,761,652,795,761,718,0,0,407,455,473,487,0,282,804,663,723,685,605,441,0,0,0,0,710,989,73,0,aro,cross_leg_right,1
767,1786866426.194189,693,819,829,1013,839,761,649,795,761,717,0,0,405,447,473,489,0,283,804,663,722,684,605,443,0,0,0,0,709,988,71,0,aro,cross_leg_right,1
768,1786866426.214189,693,819,828,1011,837,761,651,795,760,717,0,0,403,447,471,493,0,283,804,663,723,687,603,441,0,0,0,0,709,989,77,0,aro,cross_leg_right,1
769,1786866426.234175,691,820,829,1013,837,761,651,795,763,716,0,0,405,453,473,499,0,282,805,662,723,685,603,436,0,0,0,0,703,989,71,0,aro,cross_leg_right,1
770,1786866426.254203,692,819,827,1011,831,761,651,796,759,717,0,0,405,453,473,487,0,283,800,663,725,685,603,441,0,0,0,0,704,989,73,0,aro,cross_leg_right,1
771,1786866426.274223,693,819,830,1011,837,761,651,797,763,718,0,0,405,453,473,488,0,283,803,663,723,700,604,443,0,0,0,0,709,989,75,0,aro,cross_leg_right,1
772,1786866426.294199,693,819,830,1012,837,762,651,797,762,719,0,0,405,447,473,486,0,281,804,665,723,688,606,442,0,0,0,0,711,989,73,0,aro,cross_leg_right,1
773,1786866426.314269,691,819,827,1007,831,759,651,797,762,719,0,0,405,453,473,487,0,280,804,664,724,683,605,443,0,0,0,0,711,991,82,0,aro,cross_leg_right,1
774,1786866426.334205,692,818,827,1011,831,760,652,797,761,718,0,0,405,453,472,488,0,281,803,663,724,684,605,441,0,0,0,0,711,993,73,0,aro,cross_leg_right,1
775,1786866426.354166,687,819,826,1011,829,760,651,797,763,718,0,0,403,447,471,484,0,282,805,661,723,687,603,443,0,0,0,0,711,991,79,0,aro,cross_leg_right,1
776,1786866426.374239,687,815,826,1005,829,761,653,797,762,717,0,0,403,447,472,487,0,279,805,664,726,685,605,443,0,0,0,0,709,991,77,0,aro,cross_leg_right,1
777,1786866426.394185,685,815,825,1007,829,761,652,797,761,717,0,0,405,447,471,485,0,281,807,664,724,689,604,441,0,0,0,0,711,991,76,0,aro,cross_leg_right,1
778,1786866426.414198,686,819,826,1005,828,760,652,799,763,719,0,0,399,444,473,483,0,281,805,663,723,690,605,443,0,0,0,0,711,995,77,0,aro,cross_leg_right,1
779,1786866426.434225,685,815,825,1007,829,759,644,796,759,718,0,0,399,448,471,485,0,283,807,663,723,685,603,441,0,0,0,0,723,995,77,0,aro,cross_leg_right,1
780,1786866426.454198,685,814,825,1007,829,760,653,797,765,719,0,0,403,453,472,487,0,283,806,665,724,687,606,443,0,0,0,0,711,994,76,0,aro,cross_leg_right,1
781,1786866426.474246,681,819,826,1010,825,761,650,798,765,719,0,0,407,447,469,487,0,283,805,663,723,685,607,453,0,0,0,0,717,995,79,0,aro,cross_leg_right,1
782,1786866426.494160,685,815,825,1007,831,763,653,797,765,719,0,0,403,453,473,485,0,283,805,666,725,686,605,443,0,0,0,0,711,995,77,0,aro,cross_leg_right,1
783,1786866426.514222,687,821,825,1007,829,760,651,797,765,719,0,0,399,447,472,487,0,283,805,664,725,687,605,443,0,0,0,0,714,991,75,0,aro,cross_leg_right,1
784,1786866426.534182,685,816,825,1007,831,763,651,796,763,717,0,0,399,446,471,487,0,283,805,662,721,685,605,443,0,0,0,0,713,995,74,0,aro,cross_leg_right,1
785,1786866426.554165,685,819,825,1010,829,760,650,797,763,717,0,0,398,445,471,485,0,283,805,664,725,687,605,443,0,0,0,0,713,991,74,0,aro,cross_leg_right,1
786,1786866426.574249,687,818,826,1008,830,761,651,796,763,717,0,0,403,446,472,487,0,283,805,663,723,684,605,443,0,0,0,0,711,991,77,0,aro,cross_leg_right,1
787,1786866426.594213,686,816,825,1011,829,763,652,797,763,717,0,0,397,453,471,487,0,284,807,662,721,687,605,444,0,0,0,0,713,995,77,0,aro,cross_leg_right,1
788,1786866426.614188,687,819,825,1011,830,762,651,796,765,717,0,0,402,448,469,487,0,285,803,663,724,685,605,444,0,0,0,0,709,991,77,0,aro,cross_leg_right,1
789,1786866426.634217,691,813,827,1007,831,761,651,797,763,717,0,0,403,453,472,489,0,283,805,665,726,685,605,443,0,0,0,0,711,991,78,0,aro,cross_leg_right,1
790,1786866426.654186,687,815,825,1011,831,762,651,798,765,719,0,0,403,445,473,487,0,283,806,664,725,683,604,443,0,0,0,0,703,991,78,0,aro,cross_leg_right,1
791,1786866426.674308,691,820,819,1011,837,763,652,798,765,718,0,0,405,453,473,489,0,287,804,665,726,685,605,443,0,0,0,0,712,991,78,0,aro,cross_leg_right,1
792,1786866426.693733,691,819,827,1011,837,763,651,799,763,718,0,0,405,453,472,488,0,283,805,663,725,691,605,443,0,0,0,0,711,994,81,0,aro,cross_leg_right,1
793,1786866426.714187,691,819,826,1011,831,761,653,797,764,717,0,0,405,455,473,489,0,285,808,663,725,687,605,443,0,0,0,0,711,995,79,0,aro,cross_leg_right,1
794,1786866426.734195,687,819,827,1011,831,763,654,797,763,717,0,0,403,445,473,488,0,281,805,663,725,687,605,445,0,0,0,0,711,995,75,0,aro,cross_leg_right,1
795,1786866426.754209,692,814,827,1017,829,763,653,797,765,717,0,0,405,461,473,489,0,281,804,661,723,685,606,447,0,0,0,0,711,996,79,0,aro,cross_leg_right,1
796,1786866426.774229,691,818,825,1007,837,763,653,799,765,717,0,0,405,453,474,489,0,283,805,665,725,685,605,441,0,0,0,0,709,993,82,0,aro,cross_leg_right,1
797,1786866426.794188,691,820,827,1007,831,763,652,798,764,721,0,0,405,447,471,488,0,283,805,666,727,691,605,445,0,0,0,0,712,997,82,0,aro,cross_leg_right,1
798,1786866426.814191,688,819,826,1011,837,761,652,798,765,718,0,0,403,467,472,487,0,285,803,661,725,687,604,447,0,0,0,0,711,998,83,0,aro,cross_leg_right,1
799,1786866426.834244,692,819,827,1007,831,763,653,798,766,719,0,0,401,447,473,488,0,283,805,664,724,685,605,444,0,0,0,0,712,991,79,0,aro,cross_leg_right,1
800,1786866426.854133,691,818,820,1007,832,763,653,799,765,719,0,0,402,446,473,489,0,283,806,664,725,685,605,444,0,0,0,0,712,995,82,0,aro,cross_leg_right,1
801,1786866426.874213,691,815,827,1007,837,765,654,799,766,718,0,0,403,453,473,489,0,284,805,665,725,697,605,445,0,0,0,0,713,995,81,0,aro,cross_leg_right,1
802,1786866426.894300,691,821,827,1007,839,761,653,799,765,722,0,0,403,455,473,490,0,282,806,663,724,688,605,445,0,0,0,0,711,997,83,0,aro,cross_leg_right,1
803,1786866426.914230,691,819,827,1005,837,763,651,799,766,721,0,0,407,457,473,490,0,282,808,664,725,686,607,446,0,0,0,0,716,997,81,0,aro,cross_leg_right,1
804,1786866426.934176,692,819,826,1011,839,762,654,798,766,717,0,0,403,457,471,489,0,285,807,664,727,687,607,445,0,0,0,0,711,994,83,0,aro,cross_leg_right,1
805,1786866426.954172,687,819,827,1013,836,764,653,799,764,723,0,0,419,453,475,489,0,285,807,647,723,685,606,446,0,0,0,0,715,989,83,0,aro,cross_leg_right,1
806,1786866426.974191,692,818,825,1007,831,763,651,797,773,721,0,0,403,456,473,489,0,292,807,667,725,685,605,445,0,0,0,0,693,991,83,0,aro,cross_leg_right,1
807,1786866426.994179,691,819,825,1011,837,763,651,799,765,723,0,0,397,455,473,489,0,285,807,663,727,687,605,445,0,0,0,0,716,996,84,0,aro,cross_leg_right,1
808,1786866427.014240,692,819,827,1015,829,762,653,800,765,723,0,0,404,453,471,490,0,283,805,665,725,687,606,446,0,0,0,0,711,999,83,0,aro,cross_leg_right,1
809,1786866427.034169,691,820,825,1011,831,762,654,803,765,721,0,0,404,443,472,491,0,285,807,664,727,687,605,445,0,0,0,0,713,997,83,0,aro,cross_leg_right,1
810,1786866427.053460,691,819,827,1008,838,761,652,803,773,723,0,0,405,455,475,490,0,285,806,667,727,687,606,445,0,0,0,0,709,999,84,0,aro,cross_leg_right,1
811,1786866427.074262,691,819,825,1010,832,763,655,803,767,722,0,0,405,454,474,491,0,285,805,661,727,687,605,446,0,0,0,0,715,999,83,0,aro,cross_leg_right,1
812,1786866427.094211,693,821,826,1007,838,763,653,800,767,723,0,0,396,447,474,490,0,281,807,665,725,687,605,446,0,0,0,0,713,995,83,0,aro,cross_leg_right,1
813,1786866427.114194,687,819,827,1011,831,762,653,799,774,723,0,0,397,447,473,489,0,285,807,665,729,687,607,446,0,0,0,0,697,997,84,0,aro,cross_leg_right,1
814,1786866427.134231,695,819,827,1013,831,762,651,803,764,723,0,0,391,454,473,489,0,285,806,663,728,687,607,446,0,0,0,0,712,995,83,0,aro,cross_leg_right,1
815,1786866427.154219,691,815,827,1011,831,761,653,803,765,723,0,0,409,453,475,490,0,287,807,653,727,676,605,445,0,0,0,0,714,995,85,0,aro,cross_leg_right,1
816,1786866427.174234,693,819,827,1013,831,761,651,799,761,723,0,0,409,457,477,491,0,288,807,667,725,687,607,448,0,0,0,0,715,995,85,0,aro,cross_leg_right,1
817,1786866427.194206,695,819,827,1013,830,761,653,799,767,723,0,0,399,455,473,491,0,285,807,668,728,687,611,445,0,0,0,0,716,997,85,0,aro,cross_leg_right,1
818,1786866427.214229,692,825,827,1014,837,764,653,798,767,721,0,0,409,447,475,491,0,288,807,666,727,693,607,447,0,0,0,0,712,997,84,0,aro,cross_leg_right,1
819,1786866427.234234,694,819,827,1011,839,763,652,796,765,722,0,0,404,447,474,491,0,287,805,663,727,687,605,446,0,0,0,0,727,996,84,0,aro,cross_leg_right,1
820,1786866427.254165,693,819,827,1011,837,765,651,799,765,723,0,0,404,448,474,491,0,283,808,663,726,685,607,445,0,0,0,0,723,997,85,0,aro,cross_leg_right,1
821,1786866427.274234,691,815,827,1011,837,763,653,799,765,723,0,0,405,455,473,491,0,286,805,684,726,697,611,445,0,0,0,0,711,997,85,0,aro,cross_leg_right,1
822,1786866427.294188,693,821,827,1013,837,765,654,799,762,723,0,0,402,458,475,492,0,279,804,665,731,688,605,445,0,0,0,0,711,995,85,0,aro,cross_leg_right,1
823,1786866427.314163,694,819,828,1012,839,761,653,799,775,723,0,0,411,457,475,491,0,291,805,664,726,687,605,445,0,0,0,0,709,995,85,0,aro,cross_leg_right,1
824,1786866427.334226,695,820,828,1011,837,773,653,799,765,723,0,0,403,456,473,493,0,293,805,666,730,693,607,445,0,0,0,0,711,983,86,0,aro,cross_leg_right,1
825,1786866427.354278,693,819,827,1013,839,765,647,799,765,723,0,0,409,457,474,492,0,285,807,667,735,686,605,453,0,0,0,0,712,1001,85,0,aro,cross_leg_right,1
826,1786866427.374281,695,819,825,1015,837,763,655,799,772,724,0,0,407,455,475,493,0,287,813,663,725,691,607,447,0,0,0,0,715,999,86,0,aro,cross_leg_right,1
827,1786866427.394281,693,819,827,1015,838,765,657,803,767,723,0,0,407,447,475,491,0,287,807,665,726,691,607,446,0,0,0,0,709,995,85,0,aro,cross_leg_right,1
828,1786866427.414217,688,819,829,1011,839,764,662,799,767,723,0,0,409,453,477,493,0,291,807,663,726,687,605,445,0,0,0,0,709,995,85,0,aro,cross_leg_right,1
829,1786866427.434192,693,819,827,1013,837,765,655,803,765,723,0,0,407,455,475,493,0,287,807,665,729,690,604,452,0,0,0,0,713,995,85,0,aro,cross_leg_right,1
830,1786866427.454206,693,820,827,1013,838,766,655,799,766,723,0,0,406,455,475,493,0,285,807,664,727,688,607,446,0,0,0,0,717,997,85,0,aro,cross_leg_right,1
831,1786866427.474250,694,819,829,1013,840,765,655,799,767,723,0,0,407,455,475,495,0,287,806,667,727,691,605,446,0,0,0,0,713,997,86,0,aro,cross_leg_right,1
832,1786866427.494175,685,819,827,1013,839,762,652,803,771,723,0,0,405,455,475,493,0,293,803,655,724,685,611,445,0,0,0,0,714,997,86,0,aro,cross_leg_right,1
833,1786866427.514287,694,819,827,1011,837,766,654,799,767,723,0,0,405,457,479,494,0,286,827,663,729,687,605,445,0,0,0,0,711,1011,85,0,aro,cross_leg_right,1
834,1786866427.534209,695,819,827,1007,837,764,654,799,767,723,0,0,409,454,474,494,0,291,807,661,743,692,606,447,0,0,0,0,716,987,85,0,aro,cross_leg_right,1
835,1786866427.553500,691,820,829,1013,839,765,653,798,773,723,0,0,406,456,475,493,0,291,807,669,726,685,607,447,0,0,0,0,709,991,85,0,aro,cross_leg_right,1
836,1786866427.574233,693,821,827,1013,839,766,657,803,765,723,0,0,408,457,475,493,0,292,797,665,739,691,605,447,0,0,0,0,711,996,85,0,aro,cross_leg_right,1
837,1786866427.594211,694,820,828,1006,831,767,654,799,773,723,0,0,409,445,473,495,0,287,805,666,727,692,611,453,0,0,0,0,711,995,85,0,aro,cross_leg_right,1
838,1786866427.614187,695,819,826,1013,839,772,653,798,773,723,0,0,407,453,474,495,0,290,805,654,724,687,610,443,0,0,0,0,709,991,85,0,aro,cross_leg_right,1
839,1786866427.634182,693,819,827,1012,839,767,655,799,773,723,0,0,407,453,475,495,0,281,805,661,711,691,607,447,0,0,0,0,713,996,85,0,aro,cross_leg_right,1
840,1786866427.654190,691,821,827,1011,838,763,655,803,767,723,0,0,409,444,475,495,0,292,808,664,727,691,607,445,0,0,0,0,717,995,85,0,aro,cross_leg_right,1
841,1786866427.674190,695,819,827,1016,839,773,658,803,767,723,0,0,405,446,483,495,0,287,805,660,731,687,611,453,0,0,0,0,703,994,87,0,aro,cross_leg_right,1
842,1786866427.694157,693,819,829,1004,831,764,653,799,773,723,0,0,409,446,475,495,0,286,805,665,733,691,611,447,0,0,0,0,709,983,84,0,aro,cross_leg_right,1
843,1786866427.714217,692,819,827,1007,837,759,657,799,767,723,0,0,407,459,475,495,0,291,806,665,728,683,607,453,0,0,0,0,715,999,86,0,aro,cross_leg_right,1
844,1786866427.734177,696,819,827,1015,831,764,653,799,765,723,0,0,404,453,467,495,0,291,797,663,709,685,607,447,0,0,0,0,709,968,87,0,aro,cross_leg_right,1
845,1786866427.754151,691,821,828,1007,838,765,654,802,766,723,0,0,407,447,483,495,0,286,809,665,725,691,609,447,0,0,0,0,710,997,86,0,aro,cross_leg_right,1
846,1786866427.774212,695,821,828,1013,838,763,655,800,773,724,0,0,405,447,475,495,0,292,807,653,729,687,605,445,0,0,0,0,711,991,87,0,aro,cross_leg_right,1
847,1786866427.794220,695,821,825,1015,838,764,655,804,767,725,0,0,405,463,473,501,0,297,807,665,731,693,611,457,0,0,0,0,712,990,87,0,aro,cross_leg_right,1
848,1786866427.814174,693,821,828,1023,837,764,659,803,773,723,0,0,407,436,475,501,0,297,807,665,729,687,607,452,0,0,0,0,713,994,87,0,aro,cross_leg_right,1
849,1786866427.834270,687,819,827,1015,832,765,655,803,777,724,0,0,405,455,478,500,0,299,804,663,725,690,606,443,0,0,0,0,709,991,89,0,aro,cross_leg_right,1
850,1786866427.854174,695,819,829,1015,837,767,657,803,779,723,0,0,405,454,477,499,0,297,809,655,729,695,611,455,0,0,0,0,701,995,88,0,aro,cross_leg_right,1
851,1786866427.874194,692,820,827,1014,839,765,655,803,762,723,0,0,393,455,477,501,0,299,806,659,728,690,605,455,0,0,0,0,713,989,87,0,aro,cross_leg_right,1
852,1786866427.894144,691,820,829,1015,832,761,655,803,779,723,0,0,404,457,473,499,0,299,805,666,729,684,605,453,0,0,0,0,695,990,85,0,aro,cross_leg_right,1
853,1786866427.914223,693,819,829,1015,845,765,653,803,779,723,0,0,408,455,476,499,0,303,807,653,733,693,611,461,0,0,0,0,712,999,89,0,aro,cross_leg_right,1
854,1786866427.933178,693,820,828,1015,837,765,653,803,767,723,0,0,409,454,476,501,0,301,808,665,727,687,606,453,0,0,0,0,703,985,89,0,aro,cross_leg_right,1
855,1786866427.954139,695,821,828,1011,831,766,658,800,763,723,0,0,409,457,477,501,0,301,809,665,729,691,611,454,0,0,0,0,712,997,87,0,aro,cross_leg_right,1
856,1786866427.974183,695,818,828,1015,837,765,653,800,772,723,0,0,407,455,474,503,0,301,811,665,729,690,604,455,0,0,0,0,699,1000,87,0,aro,cross_leg_right,1
857,1786866427.994129,701,820,829,1012,845,763,654,805,781,723,0,0,409,456,476,501,0,293,806,665,726,689,611,443,0,0,0,0,698,995,88,0,aro,cross_leg_right,1
858,1786866428.014169,694,820,829,1015,829,763,661,799,773,724,0,0,409,455,477,503,0,306,811,666,725,685,611,447,0,0,0,0,711,987,86,0,aro,cross_leg_right,1
859,1786866428.034187,693,820,829,1015,837,763,659,803,773,723,0,0,409,455,477,500,0,299,809,665,727,690,611,457,0,0,0,0,716,991,88,0,aro,cross_leg_right,1
860,1786866428.054140,693,821,829,1015,837,767,655,800,767,723,0,0,408,455,477,501,0,302,808,665,728,687,595,452,0,0,0,0,703,989,85,0,aro,cross_leg_right,1
861,1786866428.074194,693,821,830,1015,831,763,653,808,774,723,0,0,409,456,478,500,0,303,803,665,728,691,611,447,0,0,0,0,703,991,89,0,aro,cross_leg_right,1
862,1786866428.094185,693,821,829,1015,837,765,665,803,773,724,0,0,409,457,478,502,0,302,799,665,733,690,608,455,0,0,0,0,711,1013,90,0,aro,cross_leg_right,1
863,1786866428.114265,693,821,829,1015,839,763,662,805,773,723,0,0,409,456,475,500,0,303,809,665,727,687,603,447,0,0,0,0,699,991,87,0,aro,cross_leg_right,1
864,1786866428.134201,694,820,829,1014,838,767,657,800,764,723,0,0,411,458,477,501,0,302,805,667,727,691,606,456,0,0,0,0,703,992,87,0,aro,cross_leg_right,1
865,1786866428.154167,697,819,828,1015,839,766,659,803,773,723,0,0,423,453,477,504,0,301,799,664,723,687,613,453,0,0,0,0,703,983,88,0,aro,cross_leg_right,1
866,1786866428.174269,693,821,829,1015,837,764,655,805,767,724,0,0,409,455,478,501,0,302,811,666,730,689,607,453,0,0,0,0,711,989,89,0,aro,cross_leg_right,1
867,1786866428.194194,693,821,829,1015,839,765,661,803,773,723,0,0,409,457,477,503,0,302,806,667,728,687,610,457,0,0,0,0,709,983,87,0,aro,cross_leg_right,1
868,1786866428.214169,693,821,827,1015,838,759,661,804,777,725,0,0,407,456,477,499,0,303,809,675,727,687,611,453,0,0,0,0,703,989,89,0,aro,cross_leg_right,1
869,1786866428.234188,691,819,827,1012,838,773,660,804,773,723,0,0,406,455,474,503,0,303,789,667,731,687,611,453,0,0,0,0,713,997,87,0,aro,cross_leg_right,1
870,1786866428.254159,691,821,827,1015,839,765,665,807,775,725,0,0,407,455,476,503,0,302,809,667,726,691,606,455,0,0,0,0,701,991,91,0,aro,cross_leg_right,1
871,1786866428.274244,691,821,827,1015,839,767,660,806,773,725,0,0,403,455,477,501,0,311,808,667,727,691,607,455,0,0,0,0,703,997,88,0,aro,cross_leg_right,1
872,1786866428.294194,691,830,825,1014,838,765,657,803,777,723,0,0,401,457,473,501,0,299,815,665,729,687,605,455,0,0,0,0,713,989,89,0,aro,cross_leg_right,1
873,1786866428.314209,688,819,828,1015,841,765,657,810,775,725,0,0,405,453,473,502,0,303,807,665,723,691,610,453,0,0,0,0,712,987,89,0,aro,cross_leg_right,1
874,1786866428.334174,688,821,827,1016,845,773,663,805,775,725,0,0,403,453,476,501,0,303,807,667,733,690,610,457,0,0,0,0,703,999,90,0,aro,cross_leg_right,1
875,1786866428.354154,688,821,827,1015,842,765,659,806,773,726,0,0,399,453,482,503,0,303,808,666,729,687,605,456,0,0,0,0,711,995,91,0,aro,cross_leg_right,1
876,1786866428.374220,687,820,825,1015,840,779,659,804,775,725,0,0,399,453,479,501,0,306,809,666,727,691,607,459,0,0,0,0,711,995,89,0,aro,cross_leg_right,1
877,1786866428.394195,690,821,843,1015,838,764,659,799,774,725,0,0,397,455,477,502,0,303,806,666,729,691,617,457,0,0,0,0,711,995,93,0,aro,cross_leg_right,1
878,1786866428.414187,687,820,829,1015,840,773,659,807,774,727,0,0,397,451,473,503,0,303,807,667,731,679,607,455,0,0,0,0,711,997,93,0,aro,cross_leg_right,1
879,1786866428.434222,687,819,829,1015,838,767,659,808,775,727,0,0,396,453,473,504,0,302,811,664,729,690,611,458,0,0,0,0,709,993,91,0,aro,cross_leg_right,1
880,1786866428.454229,687,819,829,1015,839,772,659,808,775,725,0,0,398,443,473,502,0,301,808,667,731,685,612,455,0,0,0,0,711,997,91,0,aro,cross_leg_right,1
881,1786866428.474224,687,819,839,1015,839,767,659,807,775,727,0,0,398,453,471,503,0,297,807,667,729,688,611,459,0,0,0,0,711,997,89,0,aro,cross_leg_right,1
882,1786866428.494225,687,821,828,1015,841,766,659,811,774,725,0,0,397,453,473,501,0,299,805,665,729,691,611,456,0,0,0,0,711,997,89,0,aro,cross_leg_right,1
883,1786866428.514211,691,820,827,1016,839,773,659,807,775,725,0,0,399,453,472,503,0,301,809,667,730,685,607,453,0,0,0,0,711,997,89,0,aro,cross_leg_right,1
884,1786866428.534165,689,821,827,1015,840,773,659,808,775,725,0,0,397,454,475,501,0,307,807,665,713,692,611,457,0,0,0,0,711,1001,91,0,aro,cross_leg_right,1
885,1786866428.554175,687,815,839,1013,839,767,659,807,775,726,0,0,397,453,472,501,0,299,809,664,725,686,613,456,0,0,0,0,709,997,93,0,aro,cross_leg_right,1
886,1786866428.573537,691,821,827,1017,841,763,659,805,776,725,0,0,403,453,467,501,0,301,809,667,731,693,611,457,0,0,0,0,712,997,89,0,aro,cross_leg_right,1
887,1786866428.594196,691,821,831,1017,841,773,661,807,775,725,0,0,405,455,473,503,0,301,808,667,729,690,611,454,0,0,0,0,695,999,89,0,aro,cross_leg_right,1
888,1786866428.614182,691,821,831,1019,843,777,659,807,775,725,0,0,408,442,475,504,0,307,808,665,727,687,601,459,0,0,0,0,712,999,93,0,aro,cross_leg_right,1
889,1786866428.634207,697,825,829,1019,839,765,659,807,775,725,0,0,412,457,483,507,0,306,811,667,731,691,607,455,0,0,0,0,711,997,87,0,aro,cross_leg_right,1
890,1786866428.654154,694,825,830,1021,841,774,659,807,774,725,0,0,412,459,479,503,0,308,809,667,731,693,605,442,0,0,0,0,710,997,89,0,aro,cross_leg_right,1
891,1786866428.674183,695,823,837,1021,845,767,659,798,773,725,0,0,413,461,479,507,0,303,808,666,731,683,611,453,0,0,0,0,712,995,88,0,aro,cross_leg_right,1
892,1786866428.694206,695,825,837,1021,843,767,659,807,774,723,0,0,413,460,485,507,0,307,813,668,729,691,610,455,0,0,0,0,713,996,88,0,aro,cross_leg_right,1
893,1786866428.714190,695,824,838,1019,843,773,659,808,773,725,0,0,413,459,479,507,0,303,809,667,730,691,605,455,0,0,0,0,712,995,79,0,aro,cross_leg_right,1
894,1786866428.734156,695,824,837,1019,846,773,659,808,775,725,0,0,412,459,477,502,0,301,807,666,731,691,611,459,0,0,0,0,713,997,87,0,aro,cross_leg_right,1
895,1786866428.754268,695,823,831,1020,845,766,659,805,775,725,0,0,409,457,477,506,0,299,803,669,728,688,605,455,0,0,0,0,712,996,87,0,aro,cross_leg_right,1
896,1786866428.774215,693,823,837,1021,841,767,659,809,775,727,0,0,407,457,475,505,0,303,809,666,731,690,613,454,0,0,0,0,711,995,87,0,aro,cross_leg_right,1
897,1786866428.794160,692,823,837,1017,847,767,659,810,776,727,0,0,407,455,476,507,0,303,809,667,731,669,607,448,0,0,0,0,710,991,89,0,aro,cross_leg_right,1
898,1786866428.814193,692,821,827,1017,841,773,659,809,777,727,0,0,404,455,475,507,0,303,811,667,729,693,611,457,0,0,0,0,711,996,92,0,aro,cross_leg_right,1
899,1786866428.834147,685,819,829,1015,841,773,661,807,776,728,0,0,399,455,477,504,0,304,809,667,729,691,607,457,0,0,0,0,711,997,90,0,aro,cross_leg_right,1
900,1786866428.854227,684,820,837,1015,843,773,660,809,779,728,0,0,397,455,476,505,0,307,809,667,731,687,610,458,0,0,0,0,709,995,88,0,aro,cross_leg_right,1
901,1786866428.874165,683,819,828,1015,845,775,661,809,776,728,0,0,396,455,475,501,0,307,810,668,732,693,611,455,0,0,0,0,711,995,89,0,aro,cross_leg_right,1
902,1786866428.894168,682,819,827,1014,839,767,661,807,777,727,0,0,395,453,475,501,0,311,815,667,733,691,614,461,0,0,0,0,710,997,93,0,aro,cross_leg_right,1
903,1786866428.914181,681,819,827,1015,837,763,663,809,776,729,0,0,394,453,475,501,0,303,809,677,729,687,613,460,0,0,0,0,711,997,89,0,aro,cross_leg_right,1
904,1786866428.934164,683,815,828,1013,839,767,661,811,777,729,0,0,395,453,475,503,0,303,809,668,733,687,610,459,0,0,0,0,711,997,83,0,aro,cross_leg_right,1
905,1786866428.954156,683,816,826,1013,839,767,663,807,778,729,0,0,393,453,475,503,0,303,818,667,731,692,616,461,0,0,0,0,712,997,101,0,aro,cross_leg_right,1
906,1786866428.974171,681,819,829,1013,839,767,663,807,777,729,0,0,393,453,474,503,0,299,809,667,733,687,627,461,0,0,0,0,713,998,91,0,aro,cross_leg_right,1
907,1786866428.994127,681,819,827,1013,843,761,661,809,777,729,0,0,395,453,473,501,0,297,809,667,731,692,617,461,0,0,0,0,712,997,99,0,aro,cross_leg_right,1
908,1786866429.014209,681,815,827,1011,839,766,662,807,776,728,0,0,392,452,471,501,0,295,805,667,731,692,607,444,0,0,0,0,713,998,93,0,aro,cross_leg_right,1
909,1786866429.034173,683,819,826,1012,841,779,661,810,778,728,0,0,393,453,473,495,0,295,807,667,731,693,615,459,0,0,0,0,711,998,91,0,aro,cross_leg_right,1
910,1786866429.054194,681,815,823,1011,827,764,661,810,776,728,0,0,393,447,475,507,0,296,807,663,729,695,611,453,0,0,0,0,713,998,89,0,aro,cross_leg_right,1
911,1786866429.074294,681,820,828,1012,831,766,663,811,777,727,0,0,393,453,473,499,0,293,809,668,731,693,612,461,0,0,0,0,711,999,93,0,aro,cross_leg_right,1
912,1786866429.094149,683,819,829,1011,836,765,662,811,778,728,0,0,393,453,474,499,0,295,809,667,733,682,598,461,0,0,0,0,713,999,95,0,aro,cross_leg_right,1
913,1786866429.114253,683,819,823,1013,832,765,661,809,777,729,0,0,393,447,473,500,0,293,808,667,732,697,611,461,0,0,0,0,713,999,93,0,aro,cross_leg_right,1
914,1786866429.134313,683,819,819,1011,831,765,661,803,776,728,0,0,392,453,475,501,0,294,807,669,733,693,611,460,0,0,0,0,713,999,93,0,aro,cross_leg_right,1
915,1786866429.154284,683,821,827,1013,831,765,661,799,777,729,0,0,393,453,475,499,0,293,808,669,732,692,613,462,0,0,0,0,715,997,91,0,aro,cross_leg_right,1
916,1786866429.174245,683,819,829,1012,831,765,661,815,777,729,0,0,393,453,475,501,0,295,808,669,733,685,601,461,0,0,0,0,715,1000,95,0,aro,cross_leg_right,1
917,1786866429.194186,683,820,827,1013,837,763,661,813,777,729,0,0,393,453,475,500,0,293,808,667,739,688,614,461,0,0,0,0,715,999,95,0,aro,cross_leg_right,1
918,1786866429.214200,681,816,823,1011,837,765,661,809,775,728,0,0,397,453,471,499,0,293,810,669,733,692,613,463,0,0,0,0,714,999,99,0,aro,cross_leg_right,1
919,1786866429.234164,681,819,829,1013,831,766,661,809,777,731,0,0,393,454,474,500,0,293,808,669,733,693,615,461,0,0,0,0,715,1000,95,0,aro,cross_leg_right,1
920,1786866429.254187,681,819,839,1011,831,765,662,810,777,729,0,0,393,453,474,495,0,296,809,669,732,696,615,462,0,0,0,0,713,999,95,0,aro,cross_leg_right,1
921,1786866429.274290,681,819,829,1011,829,767,662,807,777,730,0,0,391,455,463,503,0,295,809,669,732,693,615,463,0,0,0,0,714,999,91,0,aro,cross_leg_right,1
922,1786866429.294130,681,819,819,1011,831,767,661,811,776,731,0,0,393,453,475,499,0,298,809,669,731,685,611,466,0,0,0,0,715,1000,91,0,aro,cross_leg_right,1
923,1786866429.314209,681,816,824,1011,831,767,661,811,778,730,0,0,393,453,474,503,0,297,809,669,732,693,613,463,0,0,0,0,714,999,93,0,aro,cross_leg_right,1
924,1786866429.334204,681,819,823,1013,836,767,661,808,777,729,0,0,393,455,470,501,0,297,809,669,731,693,619,465,0,0,0,0,713,999,99,0,aro,cross_leg_right,1
925,1786866429.354149,681,821,827,1012,831,761,661,811,777,731,0,0,393,453,475,503,0,298,809,669,729,693,621,467,0,0,0,0,715,999,93,0,aro,cross_leg_right,1
926,1786866429.374211,683,819,829,1012,839,773,661,819,778,729,0,0,393,455,475,499,0,300,810,669,733,701,609,461,0,0,0,0,715,999,100,0,aro,cross_leg_right,1
927,1786866429.394164,683,820,824,1013,838,764,659,820,775,727,0,0,395,455,470,500,0,299,809,669,729,691,623,461,0,0,0,0,713,999,99,0,aro,cross_leg_right,1
928,1786866429.414204,685,820,824,1013,839,767,661,799,777,729,0,0,395,455,475,504,0,301,811,669,733,691,622,461,0,0,0,0,714,1000,100,0,aro,cross_leg_right,1
929,1786866429.434168,686,818,827,1013,840,766,661,809,777,729,0,0,397,457,475,500,0,301,810,669,732,693,612,459,0,0,0,0,715,998,99,0,aro,cross_leg_right,1
930,1786866429.454139,685,815,827,1015,842,767,661,809,776,729,0,0,398,455,475,499,0,302,809,666,733,688,611,460,0,0,0,0,715,999,93,0,aro,cross_leg_right,1
931,1786866429.474203,691,815,827,1013,841,767,661,809,774,728,0,0,397,457,476,504,0,300,809,665,731,691,611,459,0,0,0,0,715,999,87,0,aro,cross_leg_right,1
932,1786866429.494149,687,821,827,1014,840,767,661,805,775,727,0,0,399,455,475,501,0,301,808,667,731,687,611,459,0,0,0,0,713,999,93,0,aro,cross_leg_right,1
933,1786866429.514176,691,820,829,1015,841,767,661,813,775,727,0,0,402,455,475,505,0,300,809,667,730,702,611,456,0,0,0,0,714,999,95,0,aro,cross_leg_right,1
934,1786866429.534202,691,819,825,1015,841,767,659,805,775,727,0,0,403,456,476,501,0,302,810,667,731,691,611,457,0,0,0,0,715,999,100,0,aro,cross_leg_right,1
935,1786866429.554150,687,819,829,1015,841,767,659,807,774,725,0,0,406,457,475,495,0,303,809,667,731,687,611,455,0,0,0,0,715,997,93,0,aro,cross_leg_right,1
936,1786866429.574169,693,821,828,1015,841,767,659,805,774,725,0,0,403,456,475,499,0,301,809,667,731,693,611,455,0,0,0,0,714,1000,90,0,aro,cross_leg_right,1
937,1786866429.593533,693,819,828,1014,841,767,658,803,773,725,0,0,407,455,475,501,0,297,809,664,729,692,609,455,0,0,0,0,715,999,104,0,aro,cross_leg_right,1
938,1786866429.614171,692,819,829,1016,843,773,659,800,775,725,0,0,409,456,475,491,0,296,809,668,729,687,611,453,0,0,0,0,715,998,73,0,aro,cross_leg_right,1
939,1786866429.634171,692,821,827,1017,842,767,655,803,767,725,0,0,407,459,476,499,0,295,809,665,729,690,611,451,0,0,0,0,714,999,91,0,aro,cross_leg_right,1
940,1786866429.654192,695,821,837,1015,843,767,658,803,767,724,0,0,407,457,477,498,0,293,809,667,729,691,607,453,0,0,0,0,713,999,89,0,aro,cross_leg_right,1
941,1786866429.674183,694,820,827,1015,842,772,655,800,773,725,0,0,408,457,476,501,0,295,810,667,729,687,607,453,0,0,0,0,717,997,87,0,aro,cross_leg_right,1
942,1786866429.694143,694,819,829,1016,843,773,658,803,774,723,0,0,409,458,476,495,0,293,809,667,729,687,607,453,0,0,0,0,716,997,91,0,aro,cross_leg_right,1
943,1786866429.714188,693,821,828,1017,843,773,655,805,773,725,0,0,408,457,477,503,0,294,809,668,730,691,611,455,0,0,0,0,715,997,91,0,aro,cross_leg_right,1
944,1786866429.734154,693,821,829,1013,843,767,659,805,767,726,0,0,406,457,475,489,0,295,809,667,731,691,611,455,0,0,0,0,715,999,91,0,aro,cross_leg_right,1
945,1786866429.754152,693,821,828,1014,843,772,659,805,775,727,0,0,407,456,477,495,0,299,809,665,731,691,611,455,0,0,0,0,715,997,87,0,aro,cross_leg_right,1
946,1786866429.774187,693,820,829,1014,843,773,657,806,765,725,0,0,403,459,477,499,0,299,807,667,731,691,611,455,0,0,0,0,717,997,91,0,aro,cross_leg_right,1
947,1786866429.794164,692,821,827,1016,843,773,659,807,775,727,0,0,403,455,475,503,0,303,808,667,729,691,613,457,0,0,0,0,712,999,92,0,aro,cross_leg_right,1
948,1786866429.814145,691,819,829,1015,843,772,661,808,775,727,0,0,405,457,476,495,0,299,810,667,733,693,613,457,0,0,0,0,715,995,93,0,aro,cross_leg_right,1
949,1786866429.834172,691,819,828,1014,843,773,660,807,775,727,0,0,403,457,475,501,0,301,810,667,731,687,613,457,0,0,0,0,717,998,93,0,aro,cross_leg_right,1
950,1786866429.854275,692,820,827,1015,842,773,660,807,773,727,0,0,402,457,475,491,0,303,809,666,730,688,611,457,0,0,0,0,717,997,89,0,aro,cross_leg_right,1
951,1786866429.874255,691,815,827,1016,841,767,661,807,777,727,0,0,404,457,476,501,0,303,810,667,731,691,613,457,0,0,0,0,716,995,92,0,aro,cross_leg_right,1
952,1786866429.894119,691,819,828,1015,843,773,659,807,775,725,0,0,399,456,475,517,0,303,811,667,731,687,611,457,0,0,0,0,715,996,95,0,aro,cross_leg_right,1
953,1786866429.914186,691,821,828,1015,843,773,660,807,775,726,0,0,404,459,476,501,0,303,810,668,732,691,611,459,0,0,0,0,715,997,91,0,aro,cross_leg_right,1
954,1786866429.934178,691,820,825,1015,843,773,660,807,775,725,0,0,403,456,475,501,0,303,810,667,729,693,611,471,0,0,0,0,716,997,93,0,aro,cross_leg_right,1
955,1786866429.953541,691,823,827,1017,843,775,660,807,775,725,0,0,405,459,475,501,0,301,809,668,730,693,611,456,0,0,0,0,715,995,95,0,aro,cross_leg_right,1
956,1786866429.974316,691,821,828,1017,841,767,661,807,775,727,0,0,404,459,477,501,0,303,809,667,733,693,611,458,0,0,0,0,713,997,92,0,aro,cross_leg_right,1
957,1786866429.994227,687,815,829,1015,843,773,662,808,777,727,0,0,407,456,475,501,0,299,809,669,731,693,611,457,0,0,0,0,717,999,91,0,aro,cross_leg_right,1
958,1786866430.014266,691,822,829,1016,842,773,661,808,775,727,0,0,406,459,476,501,0,303,810,667,733,691,612,459,0,0,0,0,715,998,91,0,aro,cross_leg_right,1
959,1786866430.034477,687,815,825,1014,840,773,658,809,767,723,0,0,402,457,477,499,0,304,809,669,732,691,612,455,0,0,0,0,717,999,93,0,aro,cross_leg_right,1
960,1786866430.054223,691,813,827,1015,842,773,659,807,774,726,0,0,403,459,475,501,0,303,809,667,733,692,612,445,0,0,0,0,715,999,89,0,aro,cross_leg_right,1
961,1786866430.074353,687,821,829,1015,843,774,659,807,775,727,0,0,405,456,477,502,0,307,810,669,732,691,613,459,0,0,0,0,716,1001,93,0,aro,cross_leg_right,1
962,1786866430.094308,687,820,829,1016,843,775,661,808,777,727,0,0,404,456,477,501,0,308,809,667,733,694,612,459,0,0,0,0,716,1000,93,0,aro,cross_leg_right,1
963,1786866430.114354,688,821,827,1015,842,774,663,808,776,728,0,0,404,456,477,501,0,307,811,667,733,691,613,459,0,0,0,0,717,999,95,0,aro,cross_leg_right,1
964,1786866430.134327,686,823,829,1015,844,773,660,807,775,728,0,0,403,455,477,501,0,303,811,669,733,687,615,461,0,0,0,0,717,1001,94,0,aro,cross_leg_right,1
965,1786866430.154177,685,819,828,1017,842,773,660,807,775,727,0,0,404,455,477,501,0,308,809,667,730,686,613,460,0,0,0,0,715,1001,93,0,aro,cross_leg_right,1
966,1786866430.174321,683,826,827,1015,841,774,663,809,774,727,0,0,399,457,477,503,0,305,809,667,733,695,614,461,0,0,0,0,718,999,95,0,aro,cross_leg_right,1
967,1786866430.194212,681,821,827,1014,841,775,663,807,777,728,0,0,400,457,477,501,0,306,809,669,731,688,613,462,0,0,0,0,715,999,95,0,aro,cross_leg_right,1
968,1786866430.214257,683,819,827,1015,842,773,661,807,775,727,0,0,402,459,477,503,0,308,811,669,731,691,614,463,0,0,0,0,719,1000,96,0,aro,cross_leg_right,1
969,1786866430.234271,681,813,827,1015,840,775,663,809,776,729,0,0,405,456,475,503,0,302,810,671,729,695,615,465,0,0,0,0,716,999,99,0,aro,cross_leg_right,1
970,1786866430.254121,682,821,827,1015,841,774,661,809,777,729,0,0,403,459,477,504,0,307,810,669,734,694,613,465,0,0,0,0,715,1001,101,0,aro,cross_leg_right,1
971,1786866430.274181,684,821,827,1011,843,775,663,809,777,729,0,0,403,461,477,503,0,308,809,668,734,693,614,467,0,0,0,0,721,1001,99,0,aro,cross_leg_right,1
972,1786866430.294172,680,819,827,1007,841,774,663,808,778,729,0,0,403,443,475,504,0,303,809,668,735,691,615,466,0,0,0,0,717,1001,101,0,aro,cross_leg_right,1
973,1786866430.314189,683,820,827,1017,841,774,662,809,776,729,0,0,403,465,477,503,0,303,809,671,733,693,615,463,0,0,0,0,718,1003,101,0,aro,cross_leg_right,1
974,1786866430.334150,683,820,839,1014,843,773,663,809,777,729,0,0,401,457,477,504,0,301,809,670,733,691,614,466,0,0,0,0,717,1000,101,0,aro,cross_leg_right,1
975,1786866430.354187,683,819,827,1013,843,775,664,807,776,729,0,0,399,457,477,503,0,307,809,667,731,690,614,452,0,0,0,0,717,1002,101,0,aro,cross_leg_right,1
976,1786866430.374166,681,819,826,1013,841,773,663,809,775,729,0,0,397,455,475,504,0,309,809,671,731,687,615,466,0,0,0,0,716,999,101,0,aro,cross_leg_right,1
977,1786866430.394182,681,819,827,1019,841,775,664,808,777,728,0,0,397,476,477,505,0,310,809,670,737,695,615,468,0,0,0,0,723,999,101,0,aro,cross_leg_right,1
978,1786866430.414169,681,815,827,1015,842,773,665,808,777,728,0,0,379,457,477,505,0,307,811,667,731,696,615,463,0,0,0,0,719,1003,102,0,aro,cross_leg_right,1
979,1786866430.434272,681,816,825,1015,841,773,663,809,777,728,0,0,394,459,477,505,0,306,810,667,733,695,615,466,0,0,0,0,720,1001,101,0,aro,cross_leg_right,1
980,1786866430.454126,683,820,827,1013,841,773,663,809,776,728,0,0,394,445,477,505,0,305,810,671,733,692,615,463,0,0,0,0,725,1001,103,0,aro,cross_leg_right,1
981,1786866430.474164,681,819,827,1015,841,774,663,808,777,729,0,0,393,461,471,506,0,307,809,667,737,693,619,462,0,0,0,0,719,1001,105,0,aro,cross_leg_right,1
982,1786866430.494193,679,825,827,1014,839,773,654,806,778,728,0,0,395,454,476,507,0,304,809,671,735,692,615,467,0,0,0,0,741,1003,105,0,aro,cross_leg_right,1
983,1786866430.514159,669,823,827,1015,841,773,666,809,775,727,0,0,395,455,477,507,0,307,810,674,735,684,615,467,0,0,0,0,717,1001,107,0,aro,cross_leg_right,1
984,1786866430.534159,684,819,825,1013,841,767,663,808,775,728,0,0,375,453,475,507,0,309,808,680,735,695,615,468,0,0,0,0,722,1002,106,0,aro,cross_leg_right,1
985,1786866430.554143,683,819,827,1015,841,773,664,809,777,729,0,0,381,467,477,507,0,309,809,674,733,693,615,467,0,0,0,0,718,1004,109,0,aro,cross_leg_right,1
986,1786866430.574151,680,819,827,1013,840,774,663,807,775,729,0,0,395,456,475,507,0,309,811,659,739,695,615,467,0,0,0,0,723,1001,111,0,aro,cross_leg_right,1
987,1786866430.594141,681,821,828,1017,839,773,664,809,774,729,0,0,377,457,475,507,0,307,811,669,735,693,615,467,0,0,0,0,718,1005,117,0,aro,cross_leg_right,1
988,1786866430.614181,682,820,827,1014,841,767,663,808,777,728,0,0,376,452,475,504,0,309,810,667,734,695,615,468,0,0,0,0,718,1005,119,0,aro,cross_leg_right,1
989,1786866430.634341,682,820,827,1013,839,768,663,807,767,729,0,0,373,457,475,505,0,311,811,668,738,685,615,468,0,0,0,0,717,1003,123,0,aro,cross_leg_right,1
990,1786866430.654183,684,819,827,1011,839,773,663,808,776,729,0,0,365,452,475,507,0,309,811,670,735,697,615,467,0,0,0,0,717,1004,125,0,aro,cross_leg_right,1
991,1786866430.674183,683,815,826,1011,830,774,664,809,773,728,0,0,374,447,475,504,0,293,811,669,734,693,616,467,0,0,0,0,702,1007,133,0,aro,cross_leg_right,1
992,1786866430.694225,681,815,824,1013,839,767,662,807,777,727,0,0,371,453,475,507,0,307,813,671,733,695,616,467,0,0,0,0,703,1005,134,0,aro,cross_leg_right,1
993,1786866430.714139,687,814,825,1013,839,766,651,807,776,729,0,0,372,447,474,506,0,306,813,669,732,695,615,468,0,0,0,0,717,1006,137,0,aro,cross_leg_right,1
994,1786866430.733928,681,819,825,1014,840,767,663,807,773,729,0,0,363,447,474,506,0,306,811,672,735,695,613,469,0,0,0,0,713,1007,137,0,aro,cross_leg_right,1
995,1786866430.754162,680,816,827,1013,839,765,663,808,765,728,0,0,363,446,477,505,0,297,815,667,735,691,616,468,0,0,0,0,717,1007,148,0,aro,cross_leg_right,1
996,1786866430.774154,681,819,828,1014,838,765,667,806,776,729,0,0,363,453,475,506,0,307,811,675,723,696,616,471,0,0,0,0,719,1021,155,0,aro,cross_leg_right,1
997,1786866430.794177,679,827,829,1012,839,766,667,807,777,729,0,0,360,446,475,507,0,307,813,675,727,699,615,471,0,0,0,0,716,1032,156,0,aro,cross_leg_right,1
998,1786866430.814269,683,823,827,1013,839,767,676,807,777,730,0,0,357,453,475,507,0,317,812,671,735,695,616,468,0,0,0,0,717,1007,157,0,aro,cross_leg_right,1
999,1786866430.834205,681,815,827,1013,839,773,665,809,775,729,0,0,359,446,475,507,0,308,811,677,733,677,616,471,0,0,0,0,714,1011,158,0,aro,cross_leg_right,1
1000,1786866430.854147,682,815,827,1014,838,767,664,807,775,729,0,0,363,447,473,509,0,311,812,675,739,699,617,471,0,0,0,0,702,1011,156,0,aro,cross_leg_right,1
1001,1786866430.874156,680,816,828,1013,839,765,665,809,779,731,0,0,361,452,475,507,0,311,815,676,739,693,615,469,0,0,0,0,713,985,155,0,aro,cross_leg_right,1
1002,1786866430.894201,680,814,829,1015,839,772,665,808,776,729,0,0,355,444,475,507,0,309,813,672,733,696,617,473,0,0,0,0,713,1011,156,0,aro,cross_leg_right,1
1003,1786866430.914149,681,816,828,1015,839,766,662,807,775,730,0,0,359,447,475,507,0,303,813,675,741,693,617,473,0,0,0,0,712,1007,156,0,aro,cross_leg_right,1
1004,1786866430.934126,683,819,829,1013,839,767,652,808,775,729,0,0,357,453,475,507,0,311,810,693,739,693,617,472,0,0,0,0,717,1007,158,0,aro,cross_leg_right,1
1005,1786866430.954270,679,823,826,1016,840,763,663,809,775,729,0,0,357,453,477,507,0,313,813,680,728,699,617,472,0,0,0,0,712,1011,158,0,aro,cross_leg_right,1
1006,1786866430.974167,681,812,827,1011,840,767,664,809,775,731,0,0,355,443,475,507,0,308,813,677,739,699,617,473,0,0,0,0,717,1007,163,0,aro,cross_leg_right,1
1007,1786866430.994137,681,816,827,1013,839,766,665,809,777,730,0,0,349,446,475,507,0,308,814,675,740,696,617,471,0,0,0,0,713,1013,165,0,aro,cross_leg_right,1
1008,1786866431.014192,679,815,828,1011,839,775,667,809,780,731,0,0,343,443,472,505,0,311,816,679,733,697,617,473,0,0,0,0,718,1011,166,0,aro,cross_leg_right,1
1009,1786866431.034172,680,816,825,1013,839,773,666,807,778,729,0,0,339,441,469,500,0,316,815,671,739,697,617,471,0,0,0,0,717,1011,167,0,aro,cross_leg_right,1
1010,1786866431.054128,681,815,825,1015,837,776,663,808,776,728,0,0,317,446,469,495,0,328,815,671,741,684,617,471,0,0,0,0,717,1016,167,0,aro,cross_leg_right,1
1011,1786866431.074240,677,825,827,1014,830,767,667,807,775,729,0,0,303,439,463,491,0,332,814,675,743,695,619,477,0,0,0,0,717,1014,167,0,aro,cross_leg_right,1
1012,1786866431.094172,675,815,827,1012,838,767,662,807,777,728,0,0,293,440,462,487,0,333,819,685,743,697,617,471,0,0,0,0,717,1015,167,0,aro,cross_leg_right,1
1013,1786866431.114230,677,815,824,1011,832,767,660,799,777,727,0,0,266,439,459,483,0,335,813,677,735,695,617,471,0,0,0,0,719,1015,165,0,aro,cross_leg_right,1
1014,1786866431.133943,679,815,825,1013,838,766,661,804,776,727,0,0,242,424,455,477,0,339,812,671,734,697,619,471,0,0,0,0,716,1018,163,0,aro,cross_leg_right,1
1015,1786866431.154246,683,815,825,1011,830,773,661,800,767,727,0,0,233,423,456,475,0,341,815,675,737,687,617,473,0,0,0,0,725,1015,165,0,aro,cross_leg_right,1
1016,1786866431.174204,676,815,823,1019,832,775,663,798,773,724,0,0,214,412,453,474,0,342,811,671,738,695,617,468,0,0,0,0,729,1015,163,0,aro,cross_leg_right,1
1017,1786866431.194194,675,818,825,1012,831,766,661,799,767,722,0,0,205,409,452,471,0,346,815,679,727,699,617,471,0,0,0,0,735,1020,159,0,aro,cross_leg_right,1
1018,1786866431.214183,668,815,824,1003,837,760,662,797,763,719,0,0,199,407,447,467,0,346,815,675,733,696,616,467,0,0,0,0,731,1019,155,0,aro,cross_leg_right,1
1019,1786866431.234143,669,817,824,1008,831,765,661,795,761,718,0,0,191,409,445,461,0,340,812,671,733,696,617,469,0,0,0,0,739,1015,159,0,aro,cross_leg_right,1
1020,1786866431.254128,669,815,824,1011,839,772,659,797,761,716,0,0,185,381,442,461,0,347,815,679,733,703,615,467,0,0,0,0,733,1019,156,0,aro,cross_leg_right,1
1021,1786866431.274199,671,819,822,1013,837,763,659,797,761,717,0,0,184,399,442,461,0,344,815,672,735,693,616,461,0,0,0,0,739,1018,157,0,aro,cross_leg_right,1
1022,1786866431.294162,665,819,823,1015,831,765,661,795,759,715,0,0,171,365,439,458,0,349,814,682,739,697,616,473,0,0,0,0,741,1016,157,0,aro,cross_leg_right,1
1023,1786866431.314169,672,816,823,1013,835,780,663,795,760,715,0,0,179,365,439,459,0,347,815,671,739,691,618,470,0,0,0,0,738,1020,159,0,aro,cross_leg_right,1
1024,1786866431.334193,661,815,824,1013,831,765,659,804,760,713,0,0,181,366,440,463,0,347,813,675,737,696,617,469,0,0,0,0,733,1017,157,0,aro,cross_leg_right,1
1025,1786866431.354253,667,815,825,1013,839,764,662,795,758,715,0,0,180,365,441,468,0,349,819,675,739,696,616,467,0,0,0,0,730,1019,152,0,aro,cross_leg_right,1
1026,1786866431.374196,671,816,825,1012,837,766,663,797,757,715,0,0,185,365,440,467,0,343,819,665,734,697,617,455,0,0,0,0,731,1019,149,0,aro,cross_leg_right,1
1027,1786866431.394156,671,820,825,1006,839,767,659,797,761,715,0,0,190,377,441,467,0,345,818,671,745,695,617,472,0,0,0,0,732,1021,150,0,aro,cross_leg_right,1
1028,1786866431.414181,671,818,825,1013,837,765,659,797,759,713,0,0,197,365,441,467,0,341,815,671,735,695,616,459,0,0,0,0,725,1017,151,0,aro,cross_leg_right,1
1029,1786866431.434236,671,819,827,1013,828,761,651,795,763,713,0,0,199,366,440,467,0,361,803,675,733,696,617,469,0,0,0,0,730,1017,142,0,aro,cross_leg_right,1
1030,1786866431.454114,671,819,824,1013,839,763,661,796,751,715,0,0,218,367,443,467,0,344,813,677,735,691,614,469,0,0,0,0,728,1019,145,0,aro,cross_leg_right,1
1031,1786866431.474209,678,819,825,1015,837,765,659,796,762,714,0,0,201,366,443,469,0,343,813,669,735,685,616,467,0,0,0,0,725,1016,147,0,aro,cross_leg_right,1
1032,1786866431.494148,676,819,825,1015,839,759,659,795,759,714,0,0,214,365,453,467,0,345,815,672,745,695,605,463,0,0,0,0,723,1017,141,0,aro,cross_leg_right,1
1033,1786866431.514142,682,816,824,1015,841,765,659,796,758,715,0,0,221,367,440,469,0,346,815,675,727,695,616,460,0,0,0,0,725,1017,141,0,aro,cross_leg_right,1
1034,1786866431.534210,677,818,827,1013,839,765,659,795,763,714,0,0,215,366,440,471,0,341,814,663,732,684,615,469,0,0,0,0,729,1017,145,0,aro,cross_leg_right,1
1035,1786866431.554115,677,819,825,1013,832,767,661,796,759,714,0,0,219,367,441,471,0,346,815,672,744,694,614,467,0,0,0,0,727,1007,141,0,aro,cross_leg_right,1
1036,1786866431.574157,677,819,827,1013,839,766,655,795,759,714,0,0,221,367,443,471,0,345,807,675,734,695,613,463,0,0,0,0,723,1017,136,0,aro,cross_leg_right,1
1037,1786866431.594196,675,815,825,1012,837,763,658,795,757,713,0,0,218,366,445,471,0,357,813,675,749,694,615,461,0,0,0,0,729,1013,136,0,aro,cross_leg_right,1
1038,1786866431.614204,677,819,827,1013,840,765,659,795,756,713,0,0,221,367,443,471,0,345,815,675,734,697,615,463,0,0,0,0,725,1015,137,0,aro,cross_leg_right,1
1039,1786866431.634165,677,817,827,1015,837,765,660,798,759,715,0,0,216,371,444,471,0,348,811,675,733,695,616,467,0,0,0,0,725,1015,135,0,aro,cross_leg_right,1
1040,1786866431.653460,677,821,828,1014,841,762,651,795,759,713,0,0,227,367,447,472,0,348,808,676,727,693,616,466,0,0,0,0,725,1035,133,0,aro,cross_leg_right,1
1041,1786866431.674244,679,819,827,1013,831,764,657,793,762,713,0,0,231,367,447,473,0,347,816,665,738,697,615,455,0,0,0,0,729,1015,124,0,aro,cross_leg_right,1
1042,1786866431.694152,678,820,829,1014,831,765,658,795,759,713,0,0,233,367,445,473,0,349,813,676,742,695,614,459,0,0,0,0,727,1019,123,0,aro,cross_leg_right,1
1043,1786866431.714156,679,819,831,1015,837,764,659,795,759,713,0,0,239,371,447,474,0,349,822,675,733,695,615,463,0,0,0,0,727,1007,123,0,aro,cross_leg_right,1
1044,1786866431.734215,680,821,837,1016,829,766,659,795,759,713,0,0,243,371,445,475,0,347,815,680,739,695,615,463,0,0,0,0,727,1015,123,0,aro,cross_leg_right,1
1045,1786866431.754129,679,822,838,1015,838,764,664,791,759,714,0,0,252,379,445,475,0,355,815,678,737,694,613,461,0,0,0,0,719,1019,125,0,aro,cross_leg_right,1
1046,1786866431.774175,679,819,841,1017,837,763,659,795,759,713,0,0,249,377,453,477,0,355,815,675,742,694,613,465,0,0,0,0,727,1031,125,0,aro,cross_leg_right,1
1047,1786866431.794159,679,821,839,1019,831,763,650,793,759,712,0,0,253,379,447,477,0,349,811,679,735,697,614,461,0,0,0,0,715,1017,124,0,aro,cross_leg_right,1
1048,1786866431.814206,679,821,842,1021,831,761,658,795,757,711,0,0,261,381,453,477,0,363,796,669,729,695,614,459,0,0,0,0,723,1015,123,0,aro,cross_leg_right,1
1049,1786866431.834148,681,821,843,1021,832,763,654,781,757,711,0,0,264,381,445,477,0,355,813,671,739,695,613,461,0,0,0,0,728,1019,122,0,aro,cross_leg_right,1
1050,1786866431.854092,683,821,844,1021,831,761,653,793,755,710,0,0,276,381,455,483,0,359,813,671,747,693,611,459,0,0,0,0,729,1016,120,0,aro,cross_leg_right,1
1051,1786866431.874193,684,825,843,1031,830,763,655,795,755,709,0,0,280,390,453,479,0,357,811,669,731,694,611,459,0,0,0,0,727,1015,119,0,aro,cross_leg_right,1
1052,1786866431.894118,684,827,845,1030,838,759,657,789,755,701,0,0,287,393,453,482,0,353,811,670,733,693,615,456,0,0,0,0,717,1018,119,0,aro,cross_leg_right,1
1053,1786866431.914211,687,821,845,1033,839,761,653,791,755,702,0,0,294,391,453,483,0,371,811,672,731,691,613,460,0,0,0,0,723,1019,115,0,aro,cross_leg_right,1
1054,1786866431.934168,687,823,851,1035,837,760,659,789,755,701,0,0,295,391,456,484,0,376,811,670,735,694,611,461,0,0,0,0,727,1014,111,0,aro,cross_leg_right,1
1055,1786866431.954211,687,823,860,1045,830,765,650,792,755,697,0,0,297,395,441,487,0,365,809,671,732,693,615,457,0,0,0,0,729,1015,111,0,aro,cross_leg_right,1
1056,1786866431.974159,691,823,857,1051,839,759,649,796,755,697,0,0,301,397,455,487,0,371,810,675,724,693,605,447,0,0,0,0,729,1017,109,0,aro,cross_leg_right,1
1057,1786866431.994155,687,824,853,1053,831,763,649,781,751,695,0,0,307,395,455,485,0,365,813,669,733,692,610,454,0,0,0,0,728,1015,107,0,aro,cross_leg_right,1
1058,1786866432.014144,691,824,853,1049,838,761,647,781,751,693,0,0,310,401,444,487,0,367,810,670,731,693,611,447,0,0,0,0,728,1013,107,0,aro,cross_leg_right,1
1059,1786866432.034138,691,825,867,1049,832,757,645,789,751,695,0,0,311,399,457,487,0,371,809,670,729,692,612,455,0,0,0,0,729,997,110,0,aro,cross_leg_right,1
1060,1786866432.054130,691,825,857,1047,839,758,647,783,751,693,0,0,296,403,455,489,0,371,810,669,731,692,607,447,0,0,0,0,729,1015,111,0,aro,cross_leg_right,1
1061,1786866432.074171,693,825,857,1051,837,757,647,787,749,692,0,0,314,401,457,487,0,371,809,669,731,693,607,457,0,0,0,0,727,1015,109,0,aro,cross_leg_right,1
1062,1786866432.094177,691,825,857,1055,846,759,647,786,749,691,0,0,316,403,458,487,0,373,807,664,727,695,603,444,0,0,0,0,729,1015,110,0,aro,cross_leg_right,1
1063,1786866432.114133,692,826,859,1061,841,759,647,785,749,690,0,0,315,403,457,488,0,375,809,669,731,692,607,445,0,0,0,0,730,1012,107,0,aro,cross_leg_right,1
1064,1786866432.134180,697,825,860,1069,837,759,647,787,749,691,0,0,319,403,459,485,0,373,812,669,731,693,607,453,0,0,0,0,729,1015,111,0,aro,cross_leg_right,1
1065,1786866432.154405,694,827,861,1063,840,759,646,781,749,687,0,0,325,405,469,489,0,373,809,669,731,693,607,431,0,0,0,0,729,1015,108,0,aro,cross_leg_right,1
1066,1786866432.173484,695,826,859,1063,838,760,647,781,749,687,0,0,327,405,454,488,0,372,810,669,733,693,611,447,0,0,0,0,729,1012,107,0,aro,cross_leg_right,1
1067,1786866432.194240,696,827,859,1063,838,758,645,787,749,687,0,0,327,404,457,487,0,373,810,669,731,692,607,454,0,0,0,0,729,1013,105,0,aro,cross_leg_right,1
1068,1786866432.214169,695,827,859,1063,831,756,645,787,749,688,0,0,327,405,457,487,0,373,809,669,731,691,589,443,0,0,0,0,729,1015,104,0,aro,cross_leg_right,1
1069,1786866432.234139,695,827,859,1063,837,759,646,785,749,692,0,0,327,405,455,489,0,376,807,681,728,693,610,447,0,0,0,0,731,1017,106,0,aro,cross_leg_right,1
1070,1786866432.254162,690,827,861,1062,838,757,645,789,749,691,0,0,319,403,457,488,0,375,808,669,731,691,607,443,0,0,0,0,731,1015,105,0,aro,cross_leg_right,1
1071,1786866432.274188,694,827,866,1062,841,759,647,786,749,691,0,0,325,405,456,489,0,375,810,669,734,692,613,447,0,0,0,0,731,1015,105,0,aro,cross_leg_right,1
1072,1786866432.294144,693,828,860,1062,829,757,647,788,749,692,0,0,319,405,453,488,0,375,809,668,730,693,602,443,0,0,0,0,731,1013,107,0,aro,cross_leg_right,1
1073,1786866432.314196,693,827,857,1061,839,759,646,786,749,691,0,0,319,405,457,489,0,375,805,669,731,692,607,445,0,0,0,0,731,1013,106,0,aro,cross_leg_right,1
1074,1786866432.334128,693,827,859,1061,829,760,647,787,749,691,0,0,317,405,454,487,0,375,809,669,731,692,607,447,0,0,0,0,730,1015,106,0,aro,cross_leg_right,1
1075,1786866432.354122,693,828,860,1061,838,759,647,787,750,691,0,0,312,407,457,489,0,375,809,669,731,693,610,447,0,0,0,0,730,1015,113,0,aro,cross_leg_right,1
1076,1786866432.374117,694,827,860,1055,839,749,647,787,749,692,0,0,317,405,455,487,0,374,805,669,733,693,601,453,0,0,0,0,729,1015,108,0,aro,cross_leg_right,1
1077,1786866432.394166,693,829,860,1061,837,760,647,789,749,693,0,0,317,405,455,489,0,370,809,669,731,693,611,447,0,0,0,0,729,1015,96,0,aro,cross_leg_right,1
1078,1786866432.414163,693,829,860,1055,845,761,648,787,751,693,0,0,317,406,456,491,0,371,808,670,730,693,606,451,0,0,0,0,729,1015,108,0,aro,cross_leg_right,1
1079,1786866432.434338,694,827,859,1052,839,763,647,789,749,693,0,0,317,405,455,491,0,367,811,669,731,692,611,453,0,0,0,0,728,1015,115,0,aro,cross_leg_right,1
1080,1786866432.454249,693,828,860,1053,827,759,647,789,751,696,0,0,319,405,457,491,0,367,810,668,733,693,611,455,0,0,0,0,729,1015,107,0,aro,cross_leg_right,1
1081,1786866432.474216,693,827,861,1051,841,760,648,789,751,695,0,0,319,405,455,492,0,365,811,671,731,696,607,453,0,0,0,0,729,1015,109,0,aro,cross_leg_right,1
1082,1786866432.494165,695,827,859,1053,841,760,648,788,750,697,0,0,317,405,455,489,0,365,809,669,733,692,607,453,0,0,0,0,728,1014,106,0,aro,cross_leg_right,1
1083,1786866432.514205,694,827,861,1053,841,761,648,786,751,697,0,0,317,405,455,491,0,363,825,669,731,693,611,453,0,0,0,0,727,1015,107,0,aro,cross_leg_right,1
1084,1786866432.534154,693,825,859,1053,843,761,649,779,751,697,0,0,315,405,456,493,0,363,808,670,733,693,603,454,0,0,0,0,727,1013,111,0,aro,cross_leg_right,1
1085,1786866432.554137,693,827,862,1053,842,759,649,789,751,696,0,0,315,406,457,498,0,361,812,670,732,693,611,444,0,0,0,0,729,1015,103,0,aro,cross_leg_right,1
1086,1786866432.574181,692,827,859,1053,841,761,649,789,751,699,0,0,315,405,457,491,0,360,797,671,730,695,610,456,0,0,0,0,727,1015,111,0,aro,cross_leg_right,1
1087,1786866432.594127,687,827,859,1053,844,761,649,787,751,697,0,0,309,405,459,493,0,360,815,671,731,693,615,453,0,0,0,0,727,1015,109,0,aro,cross_leg_right,1
1088,1786866432.614155,693,826,857,1051,843,761,649,790,751,699,0,0,313,405,457,493,0,361,809,671,731,693,611,455,0,0,0,0,727,1015,119,0,aro,cross_leg_right,1
1089,1786866432.634170,691,827,859,1043,841,761,649,789,756,699,0,0,312,405,455,491,0,360,810,671,731,695,611,457,0,0,0,0,727,1014,110,0,aro,cross_leg_right,1
1090,1786866432.654110,692,825,859,1041,842,762,648,790,754,699,0,0,311,404,461,489,0,360,810,671,732,695,613,467,0,0,0,0,728,1014,115,0,aro,cross_leg_right,1
1091,1786866432.673454,691,828,854,1043,843,761,649,791,754,699,0,0,311,405,441,492,0,359,811,671,733,694,611,459,0,0,0,0,728,1015,112,0,aro,cross_leg_right,1
1092,1786866432.694186,693,825,857,1041,841,760,651,793,755,698,0,0,311,405,453,499,0,359,811,671,730,693,611,459,0,0,0,0,728,1014,113,0,aro,cross_leg_right,1
1093,1786866432.714183,692,825,856,1042,840,761,649,791,755,701,0,0,311,405,447,491,0,357,815,672,733,695,611,457,0,0,0,0,727,1013,116,0,aro,cross_leg_right,1
1094,1786866432.734107,691,826,855,1039,842,761,651,791,754,701,0,0,311,403,447,492,0,357,811,675,732,693,613,459,0,0,0,0,727,1015,117,0,aro,cross_leg_right,1
1095,1786866432.754195,691,825,858,1041,842,761,651,791,755,701,0,0,311,405,459,489,0,356,811,675,733,695,611,458,0,0,0,0,727,1014,114,0,aro,cross_leg_right,1
1096,1786866432.774179,691,823,857,1041,842,763,650,791,755,703,0,0,312,405,459,492,0,357,811,671,733,695,611,459,0,0,0,0,727,1015,120,0,aro,cross_leg_right,1
1097,1786866432.794120,687,824,857,1041,844,759,651,793,755,701,0,0,314,409,457,495,0,357,811,673,727,693,597,462,0,0,0,0,727,1015,121,0,aro,cross_leg_right,1
1098,1786866432.814116,690,825,855,1039,841,761,649,791,755,701,0,0,312,410,455,493,0,355,811,671,733,693,611,459,0,0,0,0,727,1015,115,0,aro,cross_leg_right,1
1099,1786866432.833902,687,823,857,1043,841,763,651,792,755,703,0,0,312,407,455,493,0,357,812,671,733,695,613,461,0,0,0,0,727,1015,110,0,aro,cross_leg_right,1
1100,1786866432.854121,691,824,858,1042,843,763,651,791,757,709,0,0,313,407,453,496,0,357,811,677,734,695,611,461,0,0,0,0,728,1015,114,0,aro,cross_leg_right,1
1101,1786866432.874140,691,826,859,1039,845,763,651,792,757,703,0,0,314,410,447,496,0,357,811,671,733,697,612,461,0,0,0,0,728,1013,123,0,aro,cross_leg_right,1
1102,1786866432.894151,690,825,857,1039,843,761,649,791,752,701,0,0,315,411,469,495,0,357,811,672,731,692,613,459,0,0,0,0,727,1014,115,0,aro,cross_leg_right,1
1103,1786866432.914224,687,826,859,1042,843,765,651,789,756,709,0,0,317,411,459,494,0,356,810,675,733,695,613,461,0,0,0,0,728,1012,118,0,aro,cross_leg_right,1
1104,1786866432.934226,693,825,857,1043,844,763,651,791,757,709,0,0,317,411,457,495,0,357,811,669,735,694,612,461,0,0,0,0,727,1014,117,0,aro,cross_leg_right,1
1105,1786866432.954087,691,825,857,1042,845,763,651,791,755,703,0,0,319,411,462,499,0,357,813,672,734,695,630,461,0,0,0,0,728,1015,121,0,aro,cross_leg_right,1
1106,1786866432.974124,691,827,857,1043,845,762,651,790,755,709,0,0,325,414,458,497,0,359,811,675,735,694,615,461,0,0,0,0,728,1014,119,0,aro,cross_leg_right,1
1107,1786866432.994125,691,825,859,1041,844,763,650,792,757,703,0,0,325,414,456,501,0,357,811,675,734,695,613,461,0,0,0,0,729,1015,124,0,aro,cross_leg_right,1
1108,1786866433.014240,693,825,858,1041,845,763,650,791,757,703,0,0,325,415,461,499,0,355,811,675,733,694,613,461,0,0,0,0,728,1016,119,0,aro,cross_leg_right,1
1109,1786866433.034235,687,824,860,1039,843,765,649,791,755,703,0,0,319,413,473,495,0,355,811,675,748,693,613,463,0,0,0,0,726,1011,115,0,aro,cross_leg_right,1
1110,1786866433.054122,693,825,856,1043,843,763,651,791,755,703,0,0,327,413,457,496,0,355,811,675,733,697,613,461,0,0,0,0,728,1013,121,0,aro,cross_leg_right,1
1111,1786866433.074181,692,825,859,1043,846,763,651,792,757,702,0,0,328,415,462,494,0,356,811,671,733,695,599,461,0,0,0,0,731,1015,120,0,aro,cross_leg_right,1
1112,1786866433.094145,693,826,859,1043,845,763,650,791,757,704,0,0,328,413,458,493,0,356,811,675,735,693,613,467,0,0,0,0,729,1015,119,0,aro,cross_leg_right,1
1113,1786866433.114187,688,825,857,1043,844,763,649,791,756,703,0,0,328,414,456,495,0,357,812,675,733,695,613,461,0,0,0,0,729,1012,120,0,aro,cross_leg_right,1
1114,1786866433.134145,692,827,859,1041,845,763,650,792,755,703,0,0,331,415,459,499,0,357,811,675,735,695,615,466,0,0,0,0,731,1015,120,0,aro,cross_leg_right,1
1115,1786866433.154135,693,825,859,1043,845,763,650,791,757,709,0,0,329,413,457,501,0,357,812,671,735,696,613,462,0,0,0,0,729,1015,121,0,aro,cross_leg_right,1
1116,1786866433.174251,691,826,859,1042,844,763,649,791,757,709,0,0,329,415,458,496,0,357,811,672,733,694,613,461,0,0,0,0,729,1015,119,0,aro,cross_leg_right,1
1117,1786866433.194194,691,827,858,1044,845,763,651,792,757,711,0,0,329,419,457,495,0,358,813,675,739,695,613,463,0,0,0,0,731,1015,127,0,aro,cross_leg_right,1
1118,1786866433.214152,691,826,858,1043,845,763,651,792,757,710,0,0,329,414,459,509,0,357,813,671,733,696,613,462,0,0,0,0,730,1015,137,0,aro,cross_leg_right,1
1119,1786866433.234163,691,825,859,1043,844,763,652,793,757,711,0,0,328,415,459,499,0,355,812,671,734,696,615,462,0,0,0,0,726,1016,121,0,aro,cross_leg_right,1
1120,1786866433.254095,693,824,858,1041,845,761,651,792,758,711,0,0,327,413,457,503,0,358,811,675,733,695,610,465,0,0,0,0,729,1015,123,0,aro,cross_leg_right,1
1121,1786866433.274131,692,825,859,1042,845,763,650,792,757,711,0,0,329,414,458,495,0,357,812,675,734,695,613,461,0,0,0,0,728,1015,120,0,aro,cross_leg_right,1
1122,1786866433.294125,692,825,859,1042,843,763,649,792,759,710,0,0,328,415,457,501,0,358,813,671,739,696,615,461,0,0,0,0,727,1013,119,0,aro,cross_leg_right,1
1123,1786866433.314214,692,825,859,1043,845,762,649,792,757,711,0,0,329,412,457,501,0,357,813,675,733,696,613,461,0,0,0,0,731,1015,120,0,aro,cross_leg_right,1
1124,1786866433.334217,693,823,858,1045,845,764,651,792,757,711,0,0,326,415,457,499,0,357,812,671,735,694,613,462,0,0,0,0,727,1013,121,0,aro,cross_leg_right,1
1125,1786866433.354168,687,829,859,1039,845,763,649,792,757,711,0,0,329,419,458,503,0,357,813,672,733,693,614,461,0,0,0,0,727,1015,121,0,aro,cross_leg_right,1
1126,1786866433.374208,691,824,859,1041,843,763,650,792,757,711,0,0,329,415,459,501,0,359,811,677,733,696,613,467,0,0,0,0,729,1013,127,0,aro,cross_leg_right,1
1127,1786866433.394122,692,825,858,1043,845,763,651,792,757,711,0,0,329,415,458,500,0,359,811,672,735,693,615,463,0,0,0,0,727,1013,119,0,aro,cross_leg_right,1
1128,1786866433.414136,693,827,857,1043,847,763,650,791,759,711,0,0,329,419,457,501,0,357,811,675,733,694,614,461,0,0,0,0,727,1013,121,0,aro,cross_leg_right,1
1129,1786866433.434240,693,824,858,1041,844,764,651,791,757,711,0,0,329,418,459,501,0,359,813,676,735,695,615,461,0,0,0,0,729,1013,121,0,aro,cross_leg_right,1
1130,1786866433.454107,693,825,859,1043,845,763,649,791,757,711,0,0,330,414,458,501,0,357,813,671,738,695,614,462,0,0,0,0,730,1013,121,0,aro,cross_leg_right,1
1131,1786866433.474169,691,825,857,1041,839,763,649,791,761,711,0,0,331,415,461,502,0,359,811,675,735,698,615,463,0,0,0,0,725,1015,121,0,aro,cross_leg_right,1
1132,1786866433.494173,693,825,857,1039,845,763,651,791,758,712,0,0,330,414,459,502,0,359,813,675,735,699,615,463,0,0,0,0,727,1017,123,0,aro,cross_leg_right,1
1133,1786866433.514131,693,825,858,1042,847,765,650,792,757,711,0,0,331,413,456,503,0,357,812,671,739,696,613,463,0,0,0,0,728,1015,123,0,aro,cross_leg_right,1
1134,1786866433.534126,691,826,859,1041,845,764,649,790,760,711,0,0,331,418,458,502,0,356,813,672,735,696,613,462,0,0,0,0,727,1013,132,0,aro,cross_leg_right,1
1135,1786866433.554171,691,821,857,1042,844,762,650,793,755,711,0,0,331,415,459,503,0,358,812,671,734,694,615,463,0,0,0,0,729,1016,123,0,aro,cross_leg_right,1
1136,1786866433.574128,693,826,859,1041,845,763,650,792,757,713,0,0,329,415,459,501,0,357,812,675,735,692,613,463,0,0,0,0,728,1015,122,0,aro,cross_leg_right,1
1137,1786866433.594084,690,823,859,1041,845,763,649,793,758,712,0,0,331,415,459,503,0,357,813,675,735,695,615,463,0,0,0,0,727,1014,123,0,aro,cross_leg_right,1
1138,1786866433.614147,691,825,859,1042,844,764,651,792,759,713,0,0,330,415,459,503,0,356,812,677,737,696,614,463,0,0,0,0,727,1013,123,0,aro,cross_leg_right,1
1139,1786866433.634149,691,825,859,1042,845,763,651,792,757,712,0,0,330,419,457,503,0,357,813,675,735,693,615,463,0,0,0,0,730,1012,123,0,aro,cross_leg_right,1
1140,1786866433.654103,692,823,857,1043,847,765,653,792,756,711,0,0,332,412,459,503,0,357,811,678,735,695,614,466,0,0,0,0,727,1015,124,0,aro,cross_leg_right,1
1141,1786866433.674137,691,825,858,1041,845,764,652,791,759,713,0,0,331,415,459,504,0,359,813,677,739,693,615,465,0,0,0,0,731,1014,124,0,aro,cross_leg_right,1
1142,1786866433.694164,693,823,858,1041,845,763,651,793,758,711,0,0,332,419,458,504,0,357,812,677,733,697,613,466,0,0,0,0,729,1015,125,0,aro,cross_leg_right,1
1143,1786866433.714194,693,825,859,1042,846,761,653,791,760,712,0,0,331,415,457,503,0,356,813,675,733,697,615,467,0,0,0,0,728,1015,123,0,aro,cross_leg_right,1
1144,1786866433.733836,692,825,859,1041,845,763,651,793,759,713,0,0,331,419,459,503,0,357,813,677,739,697,615,463,0,0,0,0,729,1014,124,0,aro,cross_leg_right,1
1145,1786866433.754171,692,815,857,1041,845,765,651,791,759,712,0,0,331,419,459,503,0,357,813,675,735,695,615,465,0,0,0,0,729,1015,123,0,aro,cross_leg_right,1
1146,1786866433.774142,693,829,858,1043,847,765,653,792,759,713,0,0,331,419,459,503,0,359,813,671,739,693,615,465,0,0,0,0,731,1014,123,0,aro,cross_leg_right,1
1147,1786866433.794111,695,827,858,1043,847,762,653,791,759,713,0,0,330,415,459,503,0,355,812,677,735,697,615,463,0,0,0,0,732,1015,123,0,aro,cross_leg_right,1
1148,1786866433.814188,693,827,856,1020,845,761,651,791,763,711,0,0,327,409,457,501,0,356,811,675,739,697,613,461,0,0,0,0,729,1016,123,0,aro,cross_leg_right,1
1149,1786866433.834178,692,824,857,1043,845,764,651,793,759,713,0,0,331,415,459,502,0,358,813,675,737,695,614,466,0,0,0,0,731,1015,122,0,aro,cross_leg_right,1
1150,1786866433.854098,693,821,858,1043,844,763,653,793,759,713,0,0,327,415,459,503,0,359,812,676,735,693,615,467,0,0,0,0,729,1015,124,0,aro,cross_leg_right,1
1151,1786866433.874171,693,824,859,1022,844,763,653,788,757,713,0,0,333,415,457,502,0,355,813,675,735,694,611,461,0,0,0,0,727,1015,122,0,aro,cross_leg_right,1
1152,1786866433.894137,691,825,857,1035,845,763,651,793,761,713,0,0,331,421,459,503,0,355,813,677,733,695,615,467,0,0,0,0,727,1005,121,0,aro,cross_leg_right,1
1153,1786866433.914130,693,824,857,1042,845,764,652,792,759,713,0,0,333,413,459,503,0,358,812,671,737,695,613,463,0,0,0,0,731,1015,123,0,aro,cross_leg_right,1
1154,1786866433.934170,693,829,858,1041,845,763,651,793,756,713,0,0,331,413,459,503,0,358,813,677,739,695,615,461,0,0,0,0,729,1016,123,0,aro,cross_leg_right,1
1155,1786866433.954103,683,823,859,1043,844,764,651,793,760,714,0,0,332,418,458,499,0,359,813,675,734,693,615,467,0,0,0,0,731,1033,123,0,aro,cross_leg_right,1
1156,1786866433.974120,697,829,857,1044,845,764,653,792,760,714,0,0,330,419,458,503,0,355,813,686,741,701,613,461,0,0,0,0,733,1015,124,0,aro,cross_leg_right,1
1157,1786866433.994096,695,827,857,1041,845,764,651,793,761,713,0,0,309,413,459,503,0,359,814,670,735,709,613,463,0,0,0,0,731,1015,123,0,aro,cross_leg_right,1
1158,1786866434.014133,695,827,858,1041,843,763,653,793,759,713,0,0,333,435,457,501,0,357,811,675,733,693,617,463,0,0,0,0,729,1015,122,0,aro,cross_leg_right,1
1159,1786866434.034112,693,827,857,1043,845,763,652,792,760,713,0,0,329,414,459,501,0,359,813,675,737,695,615,463,0,0,0,0,729,1015,123,0,aro,cross_leg_right,1
1160,1786866434.054074,693,827,856,1041,843,765,653,794,759,713,0,0,329,413,457,501,0,361,813,677,739,697,615,465,0,0,0,0,732,1015,124,0,aro,cross_leg_right,1
1161,1786866434.074207,687,827,857,1045,843,763,651,792,761,713,0,0,329,421,457,501,0,357,813,677,734,697,613,467,0,0,0,0,735,1002,123,0,aro,cross_leg_right,1
1162,1786866434.094105,699,826,856,1041,843,763,651,793,761,713,0,0,303,413,457,501,0,360,813,670,732,695,615,469,0,0,0,0,731,1015,123,0,aro,cross_leg_right,1
1163,1786866434.114117,693,827,857,1043,843,763,651,792,758,715,0,0,329,415,457,500,0,360,813,673,734,697,614,466,0,0,0,0,733,1015,124,0,aro,cross_leg_right,1
1164,1786866434.134192,693,828,857,1041,843,764,652,790,759,713,0,0,329,415,455,504,0,355,813,672,733,695,615,469,0,0,0,0,730,1011,133,0,aro,cross_leg_right,1
1165,1786866434.154155,691,826,858,1042,845,765,652,793,759,715,0,0,329,413,457,502,0,356,813,677,733,697,615,463,0,0,0,0,733,1013,123,0,aro,cross_leg_right,1
1166,1786866434.174166,698,827,856,1039,845,764,653,793,761,713,0,0,327,412,459,501,0,359,813,675,739,697,615,465,0,0,0,0,731,1015,124,0,aro,cross_leg_right,1
1167,1786866434.193437,702,827,857,1042,847,765,651,793,763,713,0,0,332,415,458,501,0,359,811,675,735,695,615,466,0,0,0,0,731,1017,123,0,aro,cross_leg_right,1
1168,1786866434.214175,693,827,856,1043,844,764,653,793,755,713,0,0,333,418,459,503,0,357,813,675,740,690,614,461,0,0,0,0,728,1014,123,0,aro,cross_leg_right,1
1169,1786866434.234140,695,827,856,1043,845,763,655,793,757,713,0,0,331,413,459,501,0,359,813,683,732,694,615,467,0,0,0,0,734,1016,124,0,aro,cross_leg_right,1
1170,1786866434.254133,693,827,858,1041,845,764,655,793,763,713,0,0,333,415,458,503,0,357,812,675,735,695,613,466,0,0,0,0,728,1015,121,0,aro,cross_leg_right,1
1171,1786866434.274189,693,826,857,1041,841,763,653,792,761,713,0,0,335,415,457,503,0,359,815,671,735,695,611,463,0,0,0,0,730,1019,122,0,aro,cross_leg_right,1
1172,1786866434.294147,695,826,856,1044,845,764,653,792,754,712,0,0,349,416,459,503,0,360,809,675,735,699,613,463,0,0,0,0,732,1016,122,0,aro,cross_leg_right,1
1173,1786866434.314122,693,826,857,1041,845,763,652,792,760,713,0,0,340,415,459,502,0,358,811,671,735,693,613,462,0,0,0,0,727,1015,122,0,aro,cross_leg_right,1
1174,1786866434.334149,691,829,858,1035,843,765,635,791,757,713,0,0,332,410,458,505,0,357,815,677,733,693,615,467,0,0,0,0,715,1007,122,0,aro,cross_leg_right,1
1175,1786866434.354149,694,831,857,1043,843,764,652,793,759,713,0,0,334,419,459,503,0,359,814,677,735,695,614,465,0,0,0,0,732,1015,123,0,aro,cross_leg_right,1
1176,1786866434.374112,692,825,856,1041,843,764,653,791,773,713,0,0,331,419,458,504,0,358,811,691,739,703,613,463,0,0,0,0,733,1016,123,0,aro,cross_leg_right,1
1177,1786866434.394090,692,829,857,1045,845,763,653,793,755,713,0,0,331,419,459,503,0,356,813,679,739,697,615,463,0,0,0,0,731,1015,123,0,aro,cross_leg_right,1
1178,1786866434.414165,694,825,859,1043,844,764,653,793,757,713,0,0,331,412,459,504,0,357,813,671,733,694,595,463,0,0,0,0,739,1015,123,0,aro,cross_leg_right,1
1179,1786866434.434209,691,823,856,1039,844,761,653,792,760,713,0,0,333,413,459,504,0,359,813,675,735,693,603,466,0,0,0,0,731,1015,121,0,aro,cross_leg_right,1
1180,1786866434.454090,693,825,856,1043,844,765,654,793,767,713,0,0,331,415,457,503,0,359,813,671,735,687,615,465,0,0,0,0,729,1015,123,0,aro,cross_leg_right,1
1181,1786866434.474203,691,826,856,1041,845,764,659,797,758,713,0,0,333,415,457,503,0,355,813,677,735,693,617,467,0,0,0,0,732,1015,121,0,aro,cross_leg_right,1
1182,1786866434.494118,693,826,859,1042,843,762,652,795,758,714,0,0,332,413,459,503,0,361,813,685,732,717,615,447,0,0,0,0,731,1015,123,0,aro,cross_leg_right,1
1183,1786866434.514104,693,819,859,1042,843,765,638,793,759,714,0,0,333,415,459,503,0,361,814,676,735,695,615,467,0,0,0,0,728,1015,123,0,aro,cross_leg_right,1
1184,1786866434.534143,693,828,856,1039,841,763,654,791,758,715,0,0,332,423,459,501,0,358,813,677,743,694,613,467,0,0,0,0,734,1016,123,0,aro,cross_leg_right,1
1185,1786866434.554102,695,827,857,1043,845,765,653,793,760,715,0,0,333,415,461,503,0,358,810,677,740,697,615,466,0,0,0,0,749,1015,124,0,aro,cross_leg_right,1
1186,1786866434.574096,693,827,857,1039,843,765,655,793,759,715,0,0,332,413,456,503,0,359,815,671,743,695,615,467,0,0,0,0,731,1015,124,0,aro,cross_leg_right,1
1187,1786866434.594111,691,825,857,1041,845,765,655,793,757,715,0,0,331,419,457,503,0,355,812,671,732,694,615,465,0,0,0,0,731,1015,124,0,aro,cross_leg_right,1
1188,1786866434.614152,693,827,857,1035,843,765,653,793,763,715,0,0,332,409,456,503,0,355,815,671,740,695,617,455,0,0,0,0,727,1043,124,0,aro,cross_leg_right,1
1189,1786866434.634119,691,826,856,1047,843,761,653,794,762,715,0,0,335,421,455,505,0,359,810,668,740,692,615,487,0,0,0,0,729,1015,122,0,aro,cross_leg_right,1
1190,1786866434.654100,692,829,855,1036,845,763,654,793,759,715,0,0,335,412,454,504,0,351,811,672,734,697,615,465,0,0,0,0,745,1016,125,0,aro,cross_leg_right,1
1191,1786866434.674191,694,823,857,1039,843,763,652,793,761,714,0,0,333,413,455,503,0,355,812,677,738,695,613,466,0,0,0,0,723,1017,123,0,aro,cross_leg_right,1
1192,1786866434.694118,695,830,857,1039,845,762,653,795,760,715,0,0,329,423,457,503,0,355,813,677,733,697,615,465,0,0,0,0,727,1015,123,0,aro,cross_leg_right,1
1193,1786866434.714188,695,827,857,1042,844,763,651,793,760,714,0,0,331,410,457,503,0,355,814,671,734,695,614,469,0,0,0,0,729,1014,124,0,aro,cross_leg_right,1
1194,1786866434.734249,695,827,857,1039,844,774,653,794,759,715,0,0,331,412,457,505,0,357,811,672,741,695,614,467,0,0,0,0,729,1017,125,0,aro,cross_leg_right,1
1195,1786866434.754174,693,825,857,1031,843,764,652,792,760,715,0,0,334,421,458,502,0,354,813,677,741,699,615,465,0,0,0,0,733,1016,123,0,aro,cross_leg_right,1
1196,1786866434.774175,695,827,855,1043,843,763,652,795,761,715,0,0,331,415,457,503,0,355,813,677,739,699,615,466,0,0,0,0,729,1017,123,0,aro,cross_leg_right,1
1197,1786866434.794173,693,827,855,1039,845,761,653,791,765,715,0,0,334,409,456,503,0,351,813,681,733,715,617,465,0,0,0,0,735,1016,125,0,aro,cross_leg_right,1
1198,1786866434.814138,695,827,857,1033,844,765,653,793,757,715,0,0,331,415,456,503,0,355,813,678,745,695,615,467,0,0,0,0,735,1015,123,0,aro,cross_leg_right,1
1199,1786866434.834134,695,827,855,1043,842,763,652,793,763,715,0,0,331,413,455,503,0,349,814,675,735,695,615,467,0,0,0,0,733,1015,122,0,aro,cross_leg_right,1
1200,1786866434.854134,693,827,851,1039,841,773,653,796,760,715,0,0,340,415,457,501,0,355,809,675,741,695,615,469,0,0,0,0,731,1015,123,0,aro,cross_leg_right,1
1201,1786866434.873904,693,826,856,1039,844,764,651,795,755,715,0,0,335,414,456,503,0,356,811,676,734,701,615,463,0,0,0,0,731,1016,124,0,aro,cross_leg_right,1
1202,1786866434.894083,693,827,855,1039,843,763,651,795,755,715,0,0,331,415,457,501,0,357,811,677,732,697,615,468,0,0,0,0,739,1015,122,0,aro,cross_leg_right,1
1203,1786866434.914109,685,826,855,1041,843,763,655,793,755,715,0,0,345,413,456,503,0,356,814,677,738,693,614,467,0,0,0,0,723,1015,124,0,aro,cross_leg_right,1
1204,1786866434.934196,693,827,857,1039,837,763,655,793,757,715,0,0,331,415,457,503,0,351,814,680,732,695,619,467,0,0,0,0,723,1015,123,0,aro,cross_leg_right,1
1205,1786866434.954096,691,827,857,1041,843,763,647,793,759,715,0,0,331,415,455,502,0,359,829,677,737,695,615,467,0,0,0,0,715,1015,124,0,aro,cross_leg_right,1
1206,1786866434.974109,695,827,857,1042,842,763,651,792,765,715,0,0,327,413,457,503,0,357,814,676,741,699,616,463,0,0,0,0,735,1016,121,0,aro,cross_leg_right,1
1207,1786866434.994113,693,827,856,1039,842,760,654,793,761,715,0,0,332,413,457,503,0,351,811,671,739,693,617,468,0,0,0,0,733,1029,123,0,aro,cross_leg_right,1
1208,1786866435.014121,683,827,856,1039,841,761,653,795,757,715,0,0,328,415,457,501,0,349,813,676,739,701,615,463,0,0,0,0,735,1016,122,0,aro,cross_leg_right,1
1209,1786866435.034122,691,827,855,1041,841,759,651,793,759,715,0,0,339,414,457,501,0,347,812,672,742,699,614,463,0,0,0,0,732,1015,123,0,aro,cross_leg_right,1
1210,1786866435.054090,692,827,854,1039,840,765,649,795,759,715,0,0,333,413,455,501,0,357,815,672,739,696,615,471,0,0,0,0,739,1015,123,0,aro,cross_leg_right,1
1211,1786866435.074145,691,827,857,1039,845,761,653,795,759,715,0,0,332,415,457,501,0,355,811,677,737,697,615,467,0,0,0,0,717,1015,121,0,aro,cross_leg_right,1
1212,1786866435.094120,693,827,855,1044,843,763,654,793,760,715,0,0,331,411,457,501,0,349,815,671,740,695,615,463,0,0,0,0,721,1015,121,0,aro,cross_leg_right,1
1213,1786866435.114140,692,826,855,1039,841,764,653,793,759,715,0,0,327,415,457,503,0,355,811,676,733,697,613,463,0,0,0,0,731,1015,124,0,aro,cross_leg_right,1
1214,1786866435.134133,693,827,855,1039,843,763,658,794,760,715,0,0,331,415,455,500,0,355,818,675,739,695,615,461,0,0,0,0,731,1017,119,0,aro,cross_leg_right,1
1215,1786866435.154146,691,827,854,1039,842,765,650,790,761,715,0,0,331,415,457,500,0,355,809,677,749,695,615,466,0,0,0,0,731,1015,121,0,aro,cross_leg_right,1
1216,1786866435.174197,691,825,856,1035,830,761,653,794,758,716,0,0,329,415,458,490,0,351,811,671,733,693,617,468,0,0,0,0,730,1015,123,0,aro,cross_leg_right,1
1217,1786866435.194102,690,825,855,1035,843,764,655,794,761,716,0,0,330,411,457,501,0,359,813,680,735,696,616,484,0,0,0,0,725,1016,123,0,aro,cross_leg_right,1
1218,1786866435.213495,691,826,855,1041,841,765,651,792,759,717,0,0,328,413,457,500,0,357,827,677,734,697,615,465,0,0,0,0,731,1017,121,0,aro,cross_leg_right,1
1219,1786866435.234155,691,825,856,1039,841,763,652,791,761,716,0,0,329,415,454,501,0,350,813,676,738,694,615,471,0,0,0,0,730,1015,119,0,aro,cross_leg_right,1
1220,1786866435.254145,692,828,857,1039,843,765,660,794,759,716,0,0,327,415,456,501,0,358,815,675,731,696,611,462,0,0,0,0,732,1016,125,0,aro,cross_leg_right,1
1221,1786866435.273560,691,827,856,1039,843,761,653,795,761,717,0,0,327,413,457,501,0,365,813,675,741,695,615,469,0,0,0,0,731,1017,123,0,aro,cross_leg_right,1
1222,1786866435.294023,691,830,855,1039,841,761,659,792,759,717,0,0,326,411,455,501,0,347,813,681,736,695,615,469,0,0,0,0,731,1016,119,0,aro,cross_leg_right,1
1223,1786866435.314193,686,827,855,1035,841,765,652,797,760,717,0,0,326,416,453,500,0,354,812,677,737,697,615,461,0,0,0,0,731,1015,123,0,aro,cross_leg_right,1
1224,1786866435.334239,691,826,854,1039,843,762,651,803,760,717,0,0,327,415,456,502,0,355,811,676,733,696,614,463,0,0,0,0,731,1015,123,0,aro,cross_leg_right,1
1225,1786866435.354107,691,825,854,1039,843,765,653,787,761,718,0,0,326,415,458,502,0,355,814,677,736,695,615,471,0,0,0,0,731,1016,121,0,aro,cross_leg_right,1
1226,1786866435.374197,687,825,853,1039,839,763,653,791,761,718,0,0,325,415,456,499,0,355,814,677,734,697,611,469,0,0,0,0,733,1019,123,0,aro,cross_leg_right,1
1227,1786866435.394121,687,826,853,1039,845,764,651,793,760,717,0,0,327,415,457,501,0,355,815,679,740,696,629,469,0,0,0,0,732,1016,121,0,aro,cross_leg_right,1
1228,1786866435.414142,691,825,857,1041,841,763,653,795,761,719,0,0,326,415,453,501,0,354,815,676,737,695,616,459,0,0,0,0,731,1015,123,0,aro,cross_leg_right,1
1229,1786866435.434304,691,826,853,1037,843,763,653,795,760,717,0,0,329,415,459,501,0,351,807,677,749,695,612,467,0,0,0,0,733,1016,121,0,aro,cross_leg_right,1
1230,1786866435.454120,691,825,855,1039,843,760,653,795,761,719,0,0,327,415,456,501,0,357,815,676,727,697,615,467,0,0,0,0,729,1017,123,0,aro,cross_leg_right,1
1231,1786866435.474176,692,827,855,1041,843,763,653,795,762,718,0,0,329,420,457,502,0,351,815,677,736,697,612,467,0,0,0,0,735,1019,123,0,aro,cross_leg_right,1
1232,1786866435.494168,693,826,855,1039,829,773,653,795,760,719,0,0,327,415,462,509,0,351,814,675,739,697,616,463,0,0,0,0,732,1016,124,0,aro,cross_leg_right,1
1233,1786866435.514116,691,828,859,1041,841,763,652,796,761,719,0,0,327,415,441,503,0,355,811,677,739,696,615,463,0,0,0,0,731,1015,125,0,aro,cross_leg_right,1
1234,1786866435.534104,691,825,852,1039,841,763,653,795,761,717,0,0,327,415,448,501,0,356,812,677,739,697,615,463,0,0,0,0,733,1016,124,0,aro,cross_leg_right,1
1235,1786866435.554140,691,827,856,1039,841,765,653,795,761,719,0,0,327,419,455,518,0,355,815,677,739,695,615,468,0,0,0,0,732,1017,137,0,aro,cross_leg_right,1
1236,1786866435.574141,691,827,855,1041,842,775,653,795,761,717,0,0,327,415,455,501,0,353,813,668,739,697,615,469,0,0,0,0,732,1015,125,0,aro,cross_leg_right,1
1237,1786866435.594082,693,825,857,1041,841,764,653,793,760,717,0,0,328,425,460,501,0,357,813,675,729,695,615,487,0,0,0,0,733,1016,120,0,aro,cross_leg_right,1
1238,1786866435.614167,695,827,857,1042,843,763,653,792,760,719,0,0,328,421,456,503,0,355,815,675,739,695,614,457,0,0,0,0,732,1015,121,0,aro,cross_leg_right,1
1239,1786866435.634112,691,827,859,1039,845,761,653,794,761,718,0,0,327,415,453,502,0,355,815,677,742,695,616,471,0,0,0,0,733,1017,124,0,aro,cross_leg_right,1
1240,1786866435.654084,691,827,859,1041,842,765,654,791,761,717,0,0,328,415,439,501,0,355,813,672,729,695,617,469,0,0,0,0,732,1015,127,0,aro,cross_leg_right,1
1241,1786866435.674094,691,827,856,1039,844,766,653,794,761,719,0,0,329,414,467,503,0,355,813,677,740,695,615,471,0,0,0,0,733,1016,125,0,aro,cross_leg_right,1
1242,1786866435.694147,692,826,857,1041,843,765,654,795,761,719,0,0,333,418,457,501,0,351,814,675,740,696,621,468,0,0,0,0,733,1019,123,0,aro,cross_leg_right,1
1243,1786866435.714122,691,827,854,1041,841,760,653,793,761,717,0,0,331,419,465,502,0,356,818,677,735,695,615,467,0,0,0,0,733,1016,126,0,aro,cross_leg_right,1
1244,1786866435.733439,693,825,857,1041,843,765,653,792,761,718,0,0,329,415,467,501,0,355,813,677,739,695,617,470,0,0,0,0,733,1015,121,0,aro,cross_leg_right,1
1245,1786866435.754169,692,827,856,1041,830,763,653,793,761,719,0,0,329,415,454,507,0,356,813,677,739,696,615,467,0,0,0,0,732,1016,127,0,aro,cross_leg_right,1
1246,1786866435.774124,693,827,854,1041,841,765,653,794,761,719,0,0,331,415,457,503,0,356,812,677,739,696,615,463,0,0,0,0,733,1017,127,0,aro,cross_leg_right,1
1247,1786866435.794122,691,827,857,1035,845,757,653,796,761,719,0,0,329,422,457,503,0,355,819,677,739,697,615,461,0,0,0,0,733,1016,123,0,aro,cross_leg_right,1
1248,1786866435.814123,693,827,856,1039,841,765,654,796,761,719,0,0,331,416,459,502,0,357,811,676,738,695,615,467,0,0,0,0,733,1016,113,0,aro,cross_leg_right,1
1249,1786866435.834132,691,827,857,1041,845,765,652,794,761,719,0,0,331,415,459,503,0,357,826,677,739,695,615,469,0,0,0,0,733,1017,121,0,aro,cross_leg_right,1
1250,1786866435.854230,693,827,857,1041,847,765,653,796,760,718,0,0,330,416,457,502,0,355,813,677,739,696,615,469,0,0,0,0,733,1017,121,0,aro,cross_leg_right,1
1251,1786866435.874235,693,827,856,1041,843,763,653,797,761,719,0,0,330,415,457,503,0,359,820,677,739,695,616,469,0,0,0,0,735,1017,125,0,aro,cross_leg_right,1
1252,1786866435.894070,695,827,857,1041,848,764,653,799,759,719,0,0,331,414,457,503,0,360,813,676,735,696,615,468,0,0,0,0,733,1016,124,0,aro,cross_leg_right,1
1253,1786866435.914091,693,825,857,1041,846,775,653,793,761,719,0,0,331,415,459,503,0,355,815,677,739,695,615,462,0,0,0,0,732,1015,133,0,aro,cross_leg_right,1
1254,1786866435.934140,691,827,853,1039,842,765,653,793,760,719,0,0,329,415,455,503,0,356,827,677,739,696,615,469,0,0,0,0,731,1015,123,0,aro,cross_leg_right,1
1255,1786866435.954049,692,826,855,1041,844,765,653,795,761,719,0,0,331,415,459,503,0,356,812,677,739,696,614,469,0,0,0,0,733,1016,137,0,aro,cross_leg_right,1
1256,1786866435.974111,691,825,853,1041,845,767,653,793,761,719,0,0,330,414,457,503,0,359,819,677,739,696,615,469,0,0,0,0,733,1016,141,0,aro,cross_leg_right,1
1257,1786866435.994124,691,827,857,1041,843,765,653,795,760,718,0,0,330,415,455,504,0,356,821,677,740,695,615,467,0,0,0,0,733,1016,122,0,aro,cross_leg_right,1
1258,1786866436.014116,691,827,857,1041,842,764,653,793,760,719,0,0,330,414,459,503,0,357,813,677,739,695,615,459,0,0,0,0,733,1017,124,0,aro,cross_leg_right,1
1259,1786866436.034084,693,827,859,1039,845,763,653,795,761,719,0,0,331,415,459,502,0,351,813,677,739,697,615,467,0,0,0,0,733,1016,121,0,aro,cross_leg_right,1
1260,1786866436.054089,691,827,859,1041,845,763,653,807,761,718,0,0,330,415,455,501,0,352,814,677,739,696,615,465,0,0,0,0,733,1015,125,0,aro,cross_leg_right,1
1261,1786866436.073186,693,827,855,1041,845,765,653,795,761,719,0,0,331,415,457,501,0,350,813,677,751,696,623,468,0,0,0,0,734,1015,121,0,aro,cross_leg_right,1
1262,1786866436.094226,693,826,855,1041,841,765,654,807,760,719,0,0,330,415,459,503,0,355,814,675,738,696,615,469,0,0,0,0,733,1017,123,0,aro,cross_leg_right,1
1263,1786866436.114129,693,827,857,1041,845,765,653,795,761,719,0,0,331,415,459,503,0,356,814,676,739,695,615,467,0,0,0,0,732,1015,125,0,aro,cross_leg_right,1
1264,1786866436.134260,693,828,856,1042,845,765,653,795,760,719,0,0,331,415,463,504,0,357,814,677,739,695,615,467,0,0,0,0,732,1017,125,0,aro,cross_leg_right,1
1265,1786866436.153724,692,828,856,1041,845,764,652,794,761,721,0,0,331,415,458,503,0,357,813,675,739,696,615,467,0,0,0,0,733,1015,125,0,aro,cross_leg_right,1
1266,1786866436.174097,692,827,856,1041,845,763,655,796,761,718,0,0,331,415,456,504,0,349,814,677,741,697,616,483,0,0,0,0,733,1017,119,0,aro,cross_leg_right,1
1267,1786866436.194182,693,827,857,1041,843,763,653,796,761,718,0,0,332,415,455,503,0,355,813,676,728,696,617,473,0,0,0,0,732,1016,124,0,aro,cross_leg_right,1
1268,1786866436.214095,692,829,857,1041,845,765,653,794,762,718,0,0,333,419,455,505,0,357,813,677,739,696,615,469,0,0,0,0,732,1016,121,0,aro,cross_leg_right,1
1269,1786866436.234104,693,827,863,1041,845,765,654,795,761,721,0,0,329,414,455,505,0,357,814,677,739,696,615,467,0,0,0,0,733,1015,125,0,aro,cross_leg_right,1
1270,1786866436.254329,693,828,852,1041,845,765,653,793,761,719,0,0,333,414,461,505,0,357,815,677,739,696,615,467,0,0,0,0,732,1015,117,0,aro,cross_leg_right,1
1271,1786866436.274154,693,828,862,1041,845,767,653,794,760,718,0,0,333,418,456,506,0,355,815,675,741,696,615,463,0,0,0,0,733,1015,118,0,aro,cross_leg_right,1
1272,1786866436.294091,691,827,856,1041,845,765,652,795,760,721,0,0,333,415,458,505,0,356,814,677,739,695,616,467,0,0,0,0,733,1015,123,0,aro,cross_leg_right,1
1273,1786866436.314148,692,827,856,1039,845,765,653,794,760,719,0,0,333,415,458,504,0,357,813,675,739,698,615,463,0,0,0,0,735,1034,121,0,aro,cross_leg_right,1
1274,1786866436.334080,693,829,855,1041,846,765,653,794,761,719,0,0,333,413,445,505,0,355,814,677,739,696,614,467,0,0,0,0,733,1015,125,0,aro,cross_leg_right,1
1275,1786866436.354097,693,828,857,1041,846,765,653,795,761,721,0,0,334,419,459,505,0,355,814,676,738,697,615,466,0,0,0,0,731,1017,115,0,aro,cross_leg_right,1
1276,1786866436.374099,693,827,851,1039,847,757,653,793,761,719,0,0,335,421,460,505,0,356,815,677,739,693,615,462,0,0,0,0,731,1017,126,0,aro,cross_leg_right,1
1277,1786866436.394135,693,826,866,1041,845,764,653,795,761,721,0,0,335,415,459,501,0,357,815,679,739,699,613,467,0,0,0,0,731,1015,126,0,aro,cross_leg_right,1
1278,1786866436.414106,693,827,856,1041,847,765,653,807,761,719,0,0,337,419,457,504,0,357,813,677,738,696,615,467,0,0,0,0,731,1015,122,0,aro,cross_leg_right,1
1279,1786866436.434082,695,827,856,1043,849,765,653,795,760,721,0,0,335,415,459,504,0,357,815,679,739,697,615,468,0,0,0,0,732,1016,125,0,aro,cross_leg_right,1
1280,1786866436.454110,691,829,857,1042,844,765,653,795,761,721,0,0,333,415,459,505,0,356,815,678,739,695,615,469,0,0,0,0,733,1013,123,0,aro,cross_leg_right,1
1281,1786866436.474111,690,821,858,1041,847,765,653,795,760,721,0,0,331,416,459,505,0,359,811,675,739,697,615,467,0,0,0,0,739,1018,123,0,aro,cross_leg_right,1
1282,1786866436.494068,693,827,857,1041,846,765,655,796,763,721,0,0,335,419,459,505,0,357,815,675,742,696,615,469,0,0,0,0,731,1017,123,0,aro,cross_leg_right,1
1283,1786866436.514129,695,827,856,1043,845,765,653,795,761,719,0,0,333,419,459,505,0,356,815,676,739,696,615,469,0,0,0,0,733,1016,111,0,aro,cross_leg_right,1
1284,1786866436.534091,695,827,856,1041,846,765,653,795,761,719,0,0,335,415,457,505,0,356,814,676,739,697,615,469,0,0,0,0,731,1015,125,0,aro,cross_leg_right,1
1285,1786866436.554072,694,829,856,1042,847,765,653,795,761,721,0,0,333,415,458,505,0,356,815,677,739,695,615,467,0,0,0,0,730,1017,120,0,aro,cross_leg_right,1
1286,1786866436.574151,693,828,861,1042,845,765,653,808,761,719,0,0,335,421,472,505,0,351,815,676,735,697,615,468,0,0,0,0,733,1016,119,0,aro,cross_leg_right,1
1287,1786866436.593380,691,827,855,1041,846,765,653,795,761,719,0,0,335,419,457,503,0,357,814,679,739,695,616,467,0,0,0,0,733,1016,125,0,aro,cross_leg_right,1
1288,1786866436.614104,695,825,856,1041,846,765,655,794,761,719,0,0,334,415,458,505,0,356,813,675,739,696,615,467,0,0,0,0,732,1015,127,0,aro,cross_leg_right,1
1289,1786866436.634138,693,825,856,1042,845,765,653,795,761,721,0,0,335,415,459,505,0,357,813,676,739,697,615,467,0,0,0,0,732,1014,125,0,aro,cross_leg_right,1
1290,1786866436.654090,694,827,856,1041,846,766,653,795,761,719,0,0,335,415,459,505,0,357,815,678,739,695,615,467,0,0,0,0,729,1015,119,0,aro,cross_leg_right,1
1291,1786866436.674119,693,827,859,1041,847,765,653,795,759,721,0,0,335,419,459,504,0,357,815,676,739,696,615,453,0,0,0,0,730,1016,119,0,aro,cross_leg_right,1
1292,1786866436.694158,693,827,855,1041,847,764,653,794,761,719,0,0,335,419,458,504,0,357,813,676,739,696,613,467,0,0,0,0,732,1015,123,0,aro,cross_leg_right,1
1293,1786866436.714158,691,826,857,1043,845,765,655,795,761,718,0,0,335,419,459,505,0,355,814,677,739,696,613,467,0,0,0,0,730,1016,123,0,aro,cross_leg_right,1
1294,1786866436.734097,693,827,857,1039,846,765,653,794,761,719,0,0,338,415,461,503,0,357,815,677,738,696,615,468,0,0,0,0,733,1017,127,0,aro,cross_leg_right,1
1295,1786866436.754125,693,825,857,1043,847,766,658,795,761,719,0,0,338,419,459,505,0,357,815,678,739,695,615,469,0,0,0,0,733,1016,139,0,aro,cross_leg_right,1
1296,1786866436.774154,693,828,855,1043,845,767,653,795,763,719,0,0,337,415,459,503,0,359,814,677,740,693,615,467,0,0,0,0,733,1017,135,0,aro,cross_leg_right,1
1297,1786866436.794097,693,827,856,1041,846,763,657,795,763,721,0,0,337,416,458,504,0,357,815,677,740,695,615,468,0,0,0,0,733,1017,122,0,aro,cross_leg_right,1
1298,1786866436.814100,691,827,856,1041,847,765,654,795,761,721,0,0,337,416,459,505,0,357,815,677,739,699,614,467,0,0,0,0,733,1019,125,0,aro,cross_leg_right,1
1299,1786866436.834176,693,826,857,1039,845,764,653,795,761,718,0,0,339,421,459,505,0,359,815,677,739,695,617,469,0,0,0,0,733,1015,122,0,aro,cross_leg_right,1
1300,1786866436.854055,693,827,857,1043,846,765,657,795,761,719,0,0,339,415,459,505,0,357,815,679,739,697,615,468,0,0,0,0,734,1019,123,0,aro,cross_leg_right,1
1301,1786866436.874075,693,827,857,1042,846,763,653,795,761,721,0,0,339,415,459,505,0,356,815,676,735,697,615,467,0,0,0,0,731,1016,123,0,aro,cross_leg_right,1
1302,1786866436.894149,693,827,857,1041,845,765,655,795,761,721,0,0,338,419,459,505,0,357,815,675,739,696,617,468,0,0,0,0,733,1015,124,0,aro,cross_leg_right,1
1303,1786866436.914090,695,825,857,1041,846,765,655,795,761,721,0,0,335,419,459,505,0,357,815,677,739,695,614,468,0,0,0,0,731,1015,123,0,aro,cross_leg_right,1
1304,1786866436.934119,692,828,857,1042,847,764,653,793,761,719,0,0,335,416,459,505,0,357,814,675,739,696,616,468,0,0,0,0,728,1017,121,0,aro,cross_leg_right,1
1305,1786866436.954088,694,827,855,1041,846,762,653,795,759,717,0,0,338,419,459,505,0,356,815,675,735,695,617,467,0,0,0,0,729,1019,122,0,aro,cross_leg_right,1
1306,1786866436.974127,693,825,855,1042,845,765,654,795,761,719,0,0,333,416,459,503,0,355,815,677,739,697,615,468,0,0,0,0,733,1017,124,0,aro,cross_leg_right,1
1307,1786866436.994065,691,827,857,1041,847,766,653,795,762,719,0,0,332,418,460,504,0,357,815,677,738,698,616,467,0,0,0,0,729,1016,135,0,aro,cross_leg_right,1
1308,1786866437.014114,692,825,856,1043,847,765,657,795,763,723,0,0,333,415,459,505,0,357,815,677,739,696,615,466,0,0,0,0,733,1017,124,0,aro,cross_leg_right,1
1309,1786866437.034119,691,827,857,1041,845,765,652,796,762,719,0,0,331,421,461,503,0,356,815,679,739,697,615,469,0,0,0,0,733,1014,122,0,aro,cross_leg_right,1
1310,1786866437.054063,691,826,857,1041,846,764,653,796,761,719,0,0,332,415,459,505,0,355,815,677,740,696,616,468,0,0,0,0,732,1019,121,0,aro,cross_leg_right,1
1311,1786866437.074093,693,828,855,1041,847,765,655,795,761,721,0,0,333,415,461,504,0,357,814,678,739,697,615,467,0,0,0,0,735,1015,117,0,aro,cross_leg_right,1
1312,1786866437.094125,693,827,857,1041,846,766,658,795,762,721,0,0,333,419,461,505,0,357,815,679,740,696,615,468,0,0,0,0,734,1018,123,0,aro,cross_leg_right,1
1313,1786866437.114076,693,825,856,1043,846,765,655,793,761,722,0,0,332,416,459,504,0,356,814,677,741,694,614,469,0,0,0,0,734,1016,123,0,aro,cross_leg_right,1
1314,1786866437.134115,695,831,857,1041,846,763,655,795,763,721,0,0,335,421,459,505,0,357,815,678,737,696,616,467,0,0,0,0,733,1013,123,0,aro,cross_leg_right,1
1315,1786866437.154143,687,827,857,1043,845,766,654,796,761,721,0,0,334,415,460,505,0,356,815,677,741,696,613,468,0,0,0,0,733,1015,123,0,aro,cross_leg_right,1
1316,1786866437.174127,695,822,856,1039,846,765,658,795,760,723,0,0,333,420,460,505,0,357,815,677,739,697,615,468,0,0,0,0,733,1016,124,0,aro,cross_leg_right,1
1317,1786866437.194094,693,825,858,1041,845,765,657,795,761,721,0,0,334,420,461,504,0,358,813,677,739,697,615,467,0,0,0,0,733,1017,123,0,aro,cross_leg_right,1
1318,1786866437.214134,693,825,857,1042,846,765,652,795,765,718,0,0,336,420,461,506,0,351,818,677,738,694,615,467,0,0,0,0,725,1013,121,0,aro,cross_leg_right,1
1319,1786866437.233423,695,827,857,1041,847,764,655,795,761,719,0,0,335,413,459,505,0,357,812,677,739,695,615,467,0,0,0,0,735,1015,122,0,aro,cross_leg_right,1
1320,1786866437.254142,693,827,857,1041,847,766,655,793,762,719,0,0,339,421,461,505,0,357,815,676,739,695,615,467,0,0,0,0,731,1016,123,0,aro,cross_leg_right,1
1321,1786866437.274161,695,827,853,1047,845,762,653,794,761,717,0,0,341,413,459,504,0,357,815,675,734,693,615,463,0,0,0,0,732,1015,123,0,aro,cross_leg_right,1
1322,1786866437.294115,693,827,849,1043,847,763,657,794,761,717,0,0,341,421,461,505,0,357,814,674,739,695,615,463,0,0,0,0,735,1017,123,0,aro,cross_leg_right,1
1323,1786866437.314121,693,828,856,1043,846,765,653,795,760,718,0,0,343,415,461,505,0,357,813,676,735,697,612,463,0,0,0,0,733,1015,122,0,aro,cross_leg_right,1
1324,1786866437.334082,695,821,857,1041,847,765,653,793,763,717,0,0,344,415,461,505,0,357,815,677,735,696,616,461,0,0,0,0,735,1015,121,0,aro,cross_leg_right,1
1325,1786866437.354129,693,828,857,1032,845,765,653,793,760,717,0,0,345,421,461,505,0,358,813,671,738,695,613,469,0,0,0,0,735,1015,121,0,aro,cross_leg_right,1
1326,1786866437.374094,694,829,850,1043,849,765,658,795,763,717,0,0,329,420,459,505,0,357,815,675,735,696,614,463,0,0,0,0,735,1015,120,0,aro,cross_leg_right,1
1327,1786866437.394071,695,827,857,1043,850,765,658,793,761,717,0,0,343,423,461,505,0,355,813,675,731,695,611,466,0,0,0,0,732,1017,122,0,aro,cross_leg_right,1
1328,1786866437.414133,692,825,857,1042,845,765,654,793,760,717,0,0,344,424,461,505,0,359,813,674,735,695,615,465,0,0,0,0,732,1016,121,0,aro,cross_leg_right,1
1329,1786866437.434093,695,826,859,1039,851,765,655,793,758,715,0,0,347,425,463,506,0,359,815,680,733,689,615,467,0,0,0,0,733,1013,120,0,aro,cross_leg_right,1
1330,1786866437.454060,693,827,858,1039,847,767,655,794,763,715,0,0,347,421,462,506,0,358,815,672,739,694,617,467,0,0,0,0,731,993,119,0,aro,cross_leg_right,1
1331,1786866437.474138,695,829,861,1043,847,765,657,793,761,716,0,0,345,409,461,504,0,357,815,675,734,695,612,463,0,0,0,0,737,1016,118,0,aro,cross_leg_right,1
1332,1786866437.494082,695,830,859,1043,849,766,667,792,758,715,0,0,347,421,461,503,0,357,815,679,749,696,615,465,0,0,0,0,739,1015,117,0,aro,cross_leg_right,1
1333,1786866437.514099,691,829,857,1039,847,765,654,795,761,715,0,0,347,423,460,503,0,358,812,681,731,693,614,467,0,0,0,0,733,1015,117,0,aro,cross_leg_right,1
1334,1786866437.534023,687,827,858,1042,849,767,655,792,759,713,0,0,347,423,462,505,0,355,815,671,734,693,611,465,0,0,0,0,732,1012,117,0,aro,cross_leg_right,1
1335,1786866437.554061,695,831,857,1044,847,767,653,793,758,713,0,0,349,424,461,503,0,357,812,677,735,695,613,463,0,0,0,0,732,1015,115,0,aro,cross_leg_right,1
1336,1786866437.574133,697,827,858,1049,850,765,651,792,757,713,0,0,347,425,461,503,0,357,813,675,734,694,612,460,0,0,0,0,734,1012,115,0,aro,cross_leg_right,1
1337,1786866437.594087,695,826,859,1050,850,763,653,793,760,712,0,0,353,421,462,503,0,358,812,667,735,694,611,463,0,0,0,0,735,1011,111,0,aro,cross_leg_right,1
1338,1786866437.614152,695,827,859,1055,850,765,653,791,757,712,0,0,349,425,463,500,0,355,814,675,733,717,617,463,0,0,0,0,735,1007,111,0,aro,cross_leg_right,1
1339,1786866437.634094,696,827,859,1053,851,765,653,791,776,713,0,0,355,425,463,501,0,347,813,675,736,687,612,459,0,0,0,0,735,1015,111,0,aro,cross_leg_right,1
1340,1786866437.654098,697,829,860,1059,851,766,652,791,760,712,0,0,357,423,462,505,0,355,812,669,732,697,621,463,0,0,0,0,729,1011,109,0,aro,cross_leg_right,1
1341,1786866437.674123,695,835,859,1053,851,765,655,791,765,711,0,0,355,425,463,502,0,355,813,671,732,699,611,459,0,0,0,0,733,1015,111,0,aro,cross_leg_right,1
1342,1786866437.694098,697,829,859,1055,849,767,653,791,756,710,0,0,357,421,463,503,0,355,813,667,735,694,611,460,0,0,0,0,730,1019,109,0,aro,cross_leg_right,1
1343,1786866437.714117,695,829,859,1055,851,764,653,793,759,711,0,0,359,427,461,505,0,359,814,667,733,693,614,459,0,0,0,0,734,1015,109,0,aro,cross_leg_right,1
1344,1786866437.734139,696,829,859,1055,845,764,653,792,757,709,0,0,355,422,461,503,0,355,811,670,732,693,612,458,0,0,0,0,733,1015,109,0,aro,cross_leg_right,1
1345,1786866437.754070,696,829,859,1059,848,765,655,792,751,709,0,0,358,426,463,501,0,348,813,671,732,695,615,459,0,0,0,0,725,1015,107,0,aro,cross_leg_right,1
1346,1786866437.774113,698,824,859,1055,851,765,652,792,760,709,0,0,357,421,462,501,0,355,815,669,732,693,613,458,0,0,0,0,732,1015,106,0,aro,cross_leg_right,1
1347,1786866437.794155,699,827,859,1055,853,765,652,792,759,709,0,0,359,421,462,503,0,343,810,669,731,698,610,457,0,0,0,0,732,1011,108,0,aro,cross_leg_right,1
1348,1786866437.814162,698,828,858,1059,851,763,661,791,759,704,0,0,359,427,463,503,0,366,812,671,733,693,610,455,0,0,0,0,732,1011,107,0,aro,cross_leg_right,1
1349,1786866437.833791,699,826,859,1061,847,765,652,791,759,703,0,0,359,421,459,499,0,351,811,671,738,695,605,459,0,0,0,0,731,1017,107,0,aro,cross_leg_right,1
1350,1786866437.854038,697,828,859,1061,851,765,662,792,755,709,0,0,358,423,461,500,0,358,813,661,735,695,613,459,0,0,0,0,746,1011,107,0,aro,cross_leg_right,1
1351,1786866437.874128,695,826,859,1060,847,765,652,793,759,709,0,0,358,429,463,501,0,357,823,669,732,697,611,459,0,0,0,0,731,1015,107,0,aro,cross_leg_right,1
1352,1786866437.894079,697,827,861,1059,845,765,651,792,757,709,0,0,357,424,465,500,0,355,811,671,729,695,612,460,0,0,0,0,733,1007,107,0,aro,cross_leg_right,1
1353,1786866437.914088,697,829,859,1055,849,764,663,793,757,703,0,0,361,429,461,503,0,355,813,668,735,689,623,457,0,0,0,0,739,1013,107,0,aro,cross_leg_right,1
1354,1786866437.934139,697,838,859,1055,849,767,661,791,756,711,0,0,359,429,465,504,0,375,811,668,733,687,607,457,0,0,0,0,724,1007,107,0,aro,cross_leg_right,1
1355,1786866437.954034,698,831,859,1059,847,765,662,789,759,709,0,0,360,423,462,503,0,358,809,671,734,694,613,457,0,0,0,0,729,1011,107,0,aro,cross_leg_right,1
1356,1786866437.974056,697,827,859,1059,847,765,653,791,759,710,0,0,361,423,461,503,0,359,811,675,730,693,607,458,0,0,0,0,723,1013,105,0,aro,cross_leg_right,1
1357,1786866437.994125,697,831,859,1060,847,764,653,793,759,703,0,0,357,427,465,503,0,355,813,670,733,690,603,459,0,0,0,0,737,1011,106,0,aro,cross_leg_right,1
1358,1786866438.014100,696,822,860,1055,851,765,661,793,760,703,0,0,363,424,461,503,0,359,809,671,733,694,607,457,0,0,0,0,713,1014,105,0,aro,cross_leg_right,1
1359,1786866438.034068,697,837,860,1058,850,765,653,793,759,709,0,0,359,427,467,501,0,356,814,667,733,692,613,457,0,0,0,0,731,1014,105,0,aro,cross_leg_right,1
1360,1786866438.054104,699,825,860,1055,847,766,663,792,760,703,0,0,361,428,463,503,0,354,811,667,732,695,610,459,0,0,0,0,735,1013,107,0,aro,cross_leg_right,1
1361,1786866438.074130,701,837,859,1059,851,765,653,791,760,709,0,0,362,425,463,503,0,357,811,671,731,697,613,459,0,0,0,0,731,1015,105,0,aro,cross_leg_right,1
1362,1786866438.094086,699,828,858,1056,850,773,655,792,759,709,0,0,360,429,466,501,0,357,810,670,731,690,615,459,0,0,0,0,728,1031,105,0,aro,cross_leg_right,1
1363,1786866438.114172,700,820,856,1055,847,751,653,791,757,701,0,0,363,427,465,503,0,357,811,669,731,690,610,455,0,0,0,0,729,1007,103,0,aro,cross_leg_right,1
1364,1786866438.134144,697,829,861,1054,849,751,655,792,761,709,0,0,365,428,461,505,0,354,811,671,733,687,611,459,0,0,0,0,727,1016,105,0,aro,cross_leg_right,1
1365,1786866438.154075,697,831,861,1055,852,763,654,792,760,709,0,0,365,435,466,503,0,357,809,665,731,691,610,457,0,0,0,0,727,1012,104,0,aro,cross_leg_right,1
1366,1786866438.174119,697,830,859,1055,846,765,659,791,757,703,0,0,365,432,463,503,0,356,809,671,733,699,610,457,0,0,0,0,735,1007,106,0,aro,cross_leg_right,1
1367,1786866438.194156,697,828,861,1061,847,761,653,793,761,710,0,0,369,425,463,501,0,356,811,669,732,697,611,457,0,0,0,0,729,1011,104,0,aro,cross_leg_right,1
1368,1786866438.214087,699,829,861,1069,847,764,654,793,761,709,0,0,363,434,465,505,0,359,814,669,731,695,613,456,0,0,0,0,733,1008,103,0,aro,cross_leg_right,1
1369,1786866438.234097,699,829,857,1055,851,765,653,792,757,709,0,0,365,437,463,503,0,365,813,667,729,693,612,455,0,0,0,0,724,1005,103,0,aro,cross_leg_right,1
1370,1786866438.253427,699,829,859,1055,847,765,655,792,759,709,0,0,373,431,463,503,0,357,811,671,733,693,613,457,0,0,0,0,730,1011,102,0,aro,cross_leg_right,1
1371,1786866438.274178,698,829,860,1060,851,765,651,792,757,710,0,0,363,437,467,503,0,357,815,671,733,695,611,457,0,0,0,0,729,1011,107,0,aro,cross_leg_right,1
1372,1786866438.294075,699,829,859,1059,851,765,655,792,759,709,0,0,367,427,466,500,0,356,809,667,729,693,615,457,0,0,0,0,729,1010,103,0,aro,cross_leg_right,1
1373,1786866438.314139,695,828,859,1061,850,764,653,791,759,709,0,0,389,429,463,505,0,355,812,669,733,693,613,457,0,0,0,0,730,1015,101,0,aro,cross_leg_right,1
1374,1786866438.334110,696,829,861,1059,852,760,655,790,761,709,0,0,371,431,467,504,0,355,813,662,739,711,613,459,0,0,0,0,733,1007,103,0,aro,cross_leg_right,1
1375,1786866438.354060,698,827,859,1061,847,764,653,793,759,709,0,0,355,423,467,503,0,358,813,675,733,686,613,457,0,0,0,0,728,1013,104,0,aro,cross_leg_right,1
1376,1786866438.374122,697,827,859,1059,850,767,654,793,760,710,0,0,357,429,465,503,0,357,813,675,733,691,607,456,0,0,0,0,731,1016,104,0,aro,cross_leg_right,1
1377,1786866438.394110,691,829,861,1055,852,767,655,791,760,709,0,0,372,430,467,503,0,357,813,671,733,695,611,456,0,0,0,0,728,1011,103,0,aro,cross_leg_right,1
1378,1786866438.413932,698,828,861,1055,850,766,657,793,755,710,0,0,362,429,465,509,0,355,811,671,735,693,611,461,0,0,0,0,729,1011,102,0,aro,cross_leg_right,1
1379,1786866438.434219,693,827,859,1053,847,776,650,791,757,711,0,0,370,429,461,505,0,359,813,669,733,691,613,455,0,0,0,0,729,1011,103,0,aro,cross_leg_right,1
1380,1786866438.454196,686,829,860,1059,851,766,659,793,759,710,0,0,367,426,477,504,0,358,813,671,732,693,612,459,0,0,0,0,732,1013,107,0,aro,cross_leg_right,1
1381,1786866438.474118,697,828,859,1055,850,764,655,791,761,711,0,0,365,430,467,501,0,357,812,670,732,693,611,457,0,0,0,0,729,1007,100,0,aro,cross_leg_right,1
1382,1786866438.494084,697,828,859,1055,850,773,659,787,759,711,0,0,365,429,467,501,0,357,809,669,731,693,611,459,0,0,0,0,729,1012,101,0,aro,cross_leg_right,1
1383,1786866438.514147,699,829,860,1055,850,765,659,793,761,711,0,0,363,429,466,504,0,359,814,671,732,700,613,457,0,0,0,0,728,1014,105,0,aro,cross_leg_right,1
1384,1786866438.534102,694,829,861,1054,852,773,654,792,760,711,0,0,365,431,463,503,0,356,809,675,732,694,607,459,0,0,0,0,733,1001,105,0,aro,cross_leg_right,1
1385,1786866438.554097,697,829,859,1054,852,767,659,792,761,711,0,0,363,429,467,505,0,359,811,668,733,691,612,457,0,0,0,0,731,1014,105,0,aro,cross_leg_right,1
1386,1786866438.574337,699,828,858,1055,847,765,655,792,760,711,0,0,360,430,467,503,0,359,811,669,732,692,610,458,0,0,0,0,729,1011,105,0,aro,cross_leg_right,1
1387,1786866438.594189,697,829,858,1053,851,765,651,792,761,711,0,0,366,430,463,503,0,356,815,669,747,695,621,459,0,0,0,0,732,1011,104,0,aro,cross_leg_right,1
1388,1786866438.614097,697,827,861,1052,852,762,659,793,759,711,0,0,367,435,468,503,0,356,811,664,729,701,611,458,0,0,0,0,733,1012,105,0,aro,cross_leg_right,1
1389,1786866438.634176,697,828,861,1053,850,767,649,794,759,712,0,0,362,431,465,505,0,347,819,668,734,693,613,457,0,0,0,0,739,1015,107,0,aro,cross_leg_right,1
1390,1786866438.654123,697,839,860,1054,852,765,649,793,761,712,0,0,361,431,469,501,0,355,813,667,732,694,605,459,0,0,0,0,728,1016,109,0,aro,cross_leg_right,1
1391,1786866438.674088,696,828,859,1053,852,767,655,807,761,711,0,0,363,431,469,508,0,358,814,670,723,693,604,457,0,0,0,0,731,1013,107,0,aro,cross_leg_right,1
1392,1786866438.694087,697,828,846,1053,851,773,655,796,760,711,0,0,365,431,467,501,0,356,809,671,731,693,610,458,0,0,0,0,730,1013,106,0,aro,cross_leg_right,1
1393,1786866438.714138,697,829,860,1053,851,777,653,793,759,712,0,0,366,430,467,499,0,357,812,669,733,694,612,460,0,0,0,0,729,1012,105,0,aro,cross_leg_right,1
1394,1786866438.734107,698,829,859,1053,851,767,657,793,758,711,0,0,371,430,467,503,0,355,812,677,731,695,610,457,0,0,0,0,729,1007,105,0,aro,cross_leg_right,1
1395,1786866438.754054,697,829,859,1053,856,765,651,793,760,712,0,0,366,427,469,502,0,357,812,669,732,694,603,459,0,0,0,0,730,1011,106,0,aro,cross_leg_right,1
1396,1786866438.774149,699,829,859,1055,851,764,645,793,760,712,0,0,367,431,469,500,0,362,815,671,732,693,615,463,0,0,0,0,733,1011,105,0,aro,cross_leg_right,1
1397,1786866438.794117,697,828,859,1054,851,767,659,792,760,711,0,0,370,431,466,505,0,347,812,672,730,693,611,461,0,0,0,0,714,1011,102,0,aro,cross_leg_right,1
1398,1786866438.814119,697,828,859,1055,851,763,659,791,760,712,0,0,363,429,465,505,0,349,811,671,732,693,607,448,0,0,0,0,727,1011,107,0,aro,cross_leg_right,1
1399,1786866438.833442,695,826,860,1053,851,766,649,793,758,713,0,0,367,429,469,505,0,355,809,675,733,693,611,455,0,0,0,0,733,1004,107,0,aro,cross_leg_right,1
1400,1786866438.854109,697,826,859,1056,851,766,655,795,759,712,0,0,367,432,463,505,0,359,812,671,733,693,611,467,0,0,0,0,730,1012,107,0,aro,cross_leg_right,1
1401,1786866438.874099,699,829,867,1055,854,764,655,793,761,713,0,0,364,431,467,502,0,357,812,671,733,693,611,457,0,0,0,0,730,1012,107,0,aro,cross_leg_right,1
1402,1786866438.894054,697,829,863,1055,850,781,653,793,760,712,0,0,366,431,467,501,0,357,815,671,732,693,611,461,0,0,0,0,731,1011,105,0,aro,cross_leg_right,1
1403,1786866438.914133,698,828,861,1059,851,767,654,793,759,715,0,0,379,431,469,505,0,357,813,671,733,693,611,447,0,0,0,0,731,1013,105,0,aro,cross_leg_right,1
1404,1786866438.934058,697,828,859,1056,852,775,659,786,759,712,0,0,367,430,465,508,0,361,813,669,733,693,611,463,0,0,0,0,731,1017,104,0,aro,cross_leg_right,1
1405,1786866438.954036,700,827,859,1053,853,764,655,793,760,713,0,0,371,431,473,505,0,359,812,670,733,695,613,457,0,0,0,0,732,1011,109,0,aro,cross_leg_right,1
1406,1786866438.974109,699,829,859,1056,851,773,653,793,759,711,0,0,371,431,469,521,0,357,822,671,733,693,623,456,0,0,0,0,731,1013,106,0,aro,cross_leg_right,1
1407,1786866438.994062,699,828,861,1054,851,765,655,795,759,712,0,0,367,431,467,506,0,357,809,671,733,695,611,459,0,0,0,0,731,1013,105,0,aro,cross_leg_right,1
1408,1786866439.014098,697,828,861,1052,851,775,654,792,760,714,0,0,379,431,463,506,0,355,815,671,731,693,614,460,0,0,0,0,731,1011,109,0,aro,cross_leg_right,1
1409,1786866439.034104,696,831,859,1054,851,767,653,793,761,712,0,0,380,435,459,505,0,355,814,671,733,695,611,459,0,0,0,0,733,1013,104,0,aro,cross_leg_right,1
1410,1786866439.054054,700,829,859,1041,853,765,653,793,761,715,0,0,363,427,459,507,0,357,821,675,733,695,613,472,0,0,0,0,733,1013,107,0,aro,cross_leg_right,1
1411,1786866439.074136,698,828,853,1044,851,765,653,788,760,714,0,0,365,429,460,504,0,350,815,678,739,694,615,459,0,0,0,0,729,1011,104,0,aro,cross_leg_right,1
1412,1786866439.094126,687,827,859,1047,847,765,651,792,760,715,0,0,361,426,461,504,0,354,815,676,735,693,613,472,0,0,0,0,731,1011,109,0,aro,cross_leg_right,1
1413,1786866439.114135,695,829,859,1043,850,765,654,793,761,717,0,0,358,428,459,507,0,359,813,676,739,695,615,465,0,0,0,0,733,997,115,0,aro,cross_leg_right,1
1414,1786866439.134097,697,831,858,1041,851,765,655,797,761,719,0,0,347,425,469,507,0,355,813,677,739,695,615,463,0,0,0,0,733,1013,110,0,aro,cross_leg_right,1
1415,1786866439.154063,695,829,860,1043,847,765,655,796,762,719,0,0,355,424,455,509,0,349,819,679,739,696,614,469,0,0,0,0,732,1013,107,0,aro,cross_leg_right,1
1416,1786866439.174139,695,827,857,1043,847,765,655,795,763,723,0,0,348,425,459,505,0,348,813,678,740,696,615,467,0,0,0,0,733,1015,105,0,aro,cross_leg_right,1
1417,1786866439.194082,695,828,857,1043,854,765,655,799,765,725,0,0,348,424,454,521,0,347,819,679,740,696,616,470,0,0,0,0,733,1013,109,0,aro,cross_leg_right,1
1418,1786866439.214070,695,828,859,1043,853,765,658,803,767,725,0,0,349,425,455,508,0,350,817,679,747,697,615,467,0,0,0,0,733,998,107,0,aro,cross_leg_right,1
1419,1786866439.234147,695,829,859,1043,853,765,659,797,767,726,0,0,349,422,458,509,0,350,813,680,743,697,617,470,0,0,0,0,733,1013,109,0,aro,cross_leg_right,1
1420,1786866439.254078,696,830,865,1056,846,765,659,803,768,728,0,0,355,425,459,524,0,350,814,680,743,697,618,469,0,0,0,0,733,1015,112,0,aro,cross_leg_right,1
1421,1786866439.274111,697,829,862,1060,853,761,659,799,767,727,0,0,361,425,447,521,0,351,820,681,742,697,617,473,0,0,0,0,731,1015,111,0,aro,cross_leg_right,1
1422,1786866439.294180,697,831,863,1061,852,763,659,805,773,729,0,0,363,426,462,523,0,351,821,681,741,697,619,471,0,0,0,0,732,1015,116,0,aro,cross_leg_right,1
1423,1786866439.314215,701,839,863,1061,855,765,659,803,773,728,0,0,368,429,457,523,0,351,813,681,739,699,613,473,0,0,0,0,733,1015,111,0,aro,cross_leg_right,1
1424,1786866439.334126,699,839,866,1062,855,765,659,798,773,729,0,0,373,430,461,525,0,351,829,682,743,699,617,471,0,0,0,0,733,1014,97,0,aro,cross_leg_right,1
1425,1786866439.354104,701,840,867,1061,853,764,659,798,773,726,0,0,374,435,462,523,0,349,813,682,743,698,618,469,0,0,0,0,733,1015,116,0,aro,cross_leg_right,1
1426,1786866439.374070,699,841,862,1061,861,759,659,800,773,727,0,0,375,435,466,535,0,345,813,682,743,696,617,472,0,0,0,0,734,1015,116,0,aro,cross_leg_right,1
1427,1786866439.394055,698,840,860,1061,861,765,659,799,773,727,0,0,377,435,459,533,0,345,813,683,743,697,616,468,0,0,0,0,732,1013,115,0,aro,cross_leg_right,1
1428,1786866439.414131,699,839,863,1062,853,766,658,804,773,726,0,0,377,435,460,527,0,344,815,681,744,697,616,471,0,0,0,0,733,1016,127,0,aro,cross_leg_right,1
1429,1786866439.434092,699,839,860,1060,853,763,659,800,775,728,0,0,375,435,459,524,0,347,815,681,743,697,617,471,0,0,0,0,733,1015,117,0,aro,cross_leg_right,1
1430,1786866439.454050,698,837,861,1059,855,765,659,807,775,729,0,0,374,435,468,525,0,347,815,683,743,697,619,472,0,0,0,0,733,1015,109,0,aro,cross_leg_right,1
1431,1786866439.474140,693,829,862,1053,853,765,659,804,776,729,0,0,363,427,463,524,0,351,819,681,743,699,618,472,0,0,0,0,733,1013,117,0,aro,cross_leg_right,1
1432,1786866439.494126,694,829,861,1042,853,766,660,805,775,718,0,0,359,432,460,523,0,356,819,681,744,698,619,473,0,0,0,0,731,1013,121,0,aro,cross_leg_right,1
1433,1786866439.514099,695,829,861,1044,855,766,662,795,776,732,0,0,357,435,463,525,0,358,821,683,745,699,617,473,0,0,0,0,731,1013,120,0,aro,cross_leg_right,1
1434,1786866439.534076,695,828,865,1043,854,767,663,803,775,732,0,0,355,435,462,525,0,357,820,683,745,699,617,473,0,0,0,0,731,1013,119,0,aro,cross_leg_right,1
1435,1786866439.554080,693,828,861,1043,853,767,664,805,777,735,0,0,357,435,467,523,0,355,820,685,745,699,620,470,0,0,0,0,733,1013,119,0,aro,cross_leg_right,1
1436,1786866439.574055,691,830,860,1044,853,772,664,807,777,735,0,0,351,434,465,525,0,348,821,683,746,702,619,475,0,0,0,0,734,1015,120,0,aro,cross_leg_right,1
1437,1786866439.594046,691,829,859,1042,847,760,664,807,777,733,0,0,357,435,463,508,0,345,821,683,741,701,619,477,0,0,0,0,732,1013,120,0,aro,cross_leg_right,1
1438,1786866439.614148,691,829,859,1041,850,767,665,807,777,735,0,0,359,435,467,520,0,335,814,684,746,701,618,473,0,0,0,0,729,1013,119,0,aro,cross_leg_right,1
1439,1786866439.634075,687,827,857,1039,849,765,665,807,777,734,0,0,357,429,461,523,0,335,819,682,747,701,619,473,0,0,0,0,734,1005,121,0,aro,cross_leg_right,1
1440,1786866439.654073,691,829,857,1041,849,767,665,807,775,733,0,0,357,431,462,523,0,334,819,682,745,700,620,473,0,0,0,0,734,1015,123,0,aro,cross_leg_right,1
1441,1786866439.674146,691,829,857,1041,847,772,665,807,777,733,0,0,358,431,461,522,0,332,818,683,745,698,619,477,0,0,0,0,728,1013,121,0,aro,cross_leg_right,1
1442,1786866439.694096,691,829,857,1039,845,765,666,807,776,734,0,0,358,431,461,521,0,333,815,679,745,711,619,475,0,0,0,0,728,1015,121,0,aro,cross_leg_right,1
1443,1786866439.714096,691,827,863,1039,847,767,663,808,776,733,0,0,357,431,466,523,0,329,815,681,745,698,619,475,0,0,0,0,729,1017,119,0,aro,cross_leg_right,1
1444,1786866439.734100,691,827,855,1039,845,764,664,807,775,731,0,0,360,434,459,524,0,331,819,667,743,696,618,483,0,0,0,0,735,1018,119,0,aro,cross_leg_right,1
1445,1786866439.754100,691,828,857,1036,845,767,665,807,776,733,0,0,360,431,477,522,0,327,815,681,745,699,617,475,0,0,0,0,729,1015,132,0,aro,cross_leg_right,1
1446,1786866439.774068,687,829,857,1039,845,766,665,807,777,733,0,0,360,437,459,527,0,327,818,681,746,701,623,482,0,0,0,0,729,1015,121,0,aro,cross_leg_right,1
1447,1786866439.794081,690,828,855,1039,845,766,665,807,777,733,0,0,361,435,455,521,0,319,814,679,744,697,619,475,0,0,0,0,729,1017,122,0,aro,cross_leg_right,1
1448,1786866439.814184,690,828,857,1039,845,765,664,809,787,734,0,0,363,435,462,523,0,309,815,680,745,701,617,476,0,0,0,0,728,1011,123,0,aro,cross_leg_right,1
1449,1786866439.833703,687,826,855,1032,846,773,664,809,775,734,0,0,359,444,465,523,0,317,815,683,745,699,621,474,0,0,0,0,731,1013,121,0,aro,cross_leg_right,1
1450,1786866439.854047,685,827,849,1035,845,764,665,808,777,735,0,0,361,436,462,523,0,317,815,681,746,703,619,478,0,0,0,0,729,1015,122,0,aro,cross_leg_right,1
1451,1786866439.874112,698,827,855,1039,844,767,665,808,781,733,0,0,357,435,463,521,0,329,815,680,745,699,622,477,0,0,0,0,743,1011,123,0,aro,cross_leg_right,1
1452,1786866439.894094,685,824,856,1033,845,767,666,807,777,735,0,0,359,438,466,521,0,318,815,680,745,702,619,477,0,0,0,0,731,1015,122,0,aro,cross_leg_right,1
1453,1786866439.914065,683,825,856,1039,845,773,665,807,778,733,0,0,358,432,466,521,0,317,815,681,747,697,619,475,0,0,0,0,729,1016,118,0,aro,cross_leg_right,1
1454,1786866439.934118,683,825,856,1039,844,765,665,807,779,732,0,0,357,437,463,521,0,316,815,682,744,703,617,475,0,0,0,0,728,1012,137,0,aro,cross_leg_right,1
1455,1786866439.954088,684,823,856,1039,845,767,665,809,777,743,0,0,358,437,468,523,0,316,815,681,745,699,619,477,0,0,0,0,727,1013,121,0,aro,cross_leg_right,1
1456,1786866439.974097,684,823,856,1039,845,768,665,809,777,735,0,0,359,434,463,521,0,317,815,681,745,699,619,476,0,0,0,0,727,1016,122,0,aro,cross_leg_right,1
1457,1786866439.994070,685,823,855,1039,847,773,665,809,778,735,0,0,359,437,467,522,0,315,815,681,747,699,619,476,0,0,0,0,727,1015,125,0,aro,cross_leg_right,1
1458,1786866440.013517,685,825,857,1039,847,765,667,807,777,735,0,0,357,439,467,519,0,315,812,680,745,699,617,476,0,0,0,0,727,1014,123,0,aro,cross_leg_right,1
1459,1786866440.034085,684,825,855,1039,843,773,667,807,790,734,0,0,363,437,463,521,0,316,815,679,744,701,619,476,0,0,0,0,727,1015,123,0,aro,cross_leg_right,1
1460,1786866440.054036,685,825,856,1035,846,767,665,809,779,732,0,0,365,437,469,523,0,313,815,678,745,699,619,475,0,0,0,0,727,1013,125,0,aro,cross_leg_right,1
1461,1786866440.074186,687,826,857,1039,846,775,665,808,777,732,0,0,376,438,467,521,0,313,812,679,744,699,606,473,0,0,0,0,727,1013,120,0,aro,cross_leg_right,1
1462,1786866440.094080,685,825,857,1035,847,773,665,809,779,731,0,0,371,437,468,523,0,311,814,679,744,699,619,471,0,0,0,0,699,1006,119,0,aro,cross_leg_right,1
1463,1786866440.114066,687,827,857,1041,849,773,665,807,775,733,0,0,371,439,468,523,0,309,815,680,744,697,618,473,0,0,0,0,727,1011,111,0,aro,cross_leg_right,1
1464,1786866440.134140,691,827,857,1041,850,773,665,807,775,731,0,0,371,439,467,521,0,307,804,679,743,697,615,473,0,0,0,0,727,1017,117,0,aro,cross_leg_right,1
1465,1786866440.154064,693,825,857,1039,851,774,661,807,776,731,0,0,375,443,468,521,0,309,812,679,743,695,619,472,0,0,0,0,747,1013,115,0,aro,cross_leg_right,1
1466,1786866440.174115,693,827,859,1042,851,774,665,807,777,731,0,0,376,441,467,522,0,307,814,678,743,699,619,472,0,0,0,0,724,1012,119,0,aro,cross_leg_right,1
1467,1786866440.194086,694,828,858,1041,850,773,665,807,777,731,0,0,377,441,469,523,0,307,813,677,744,698,619,472,0,0,0,0,725,1013,119,0,aro,cross_leg_right,1
1468,1786866440.214132,694,827,859,1041,851,773,665,807,777,730,0,0,380,441,469,519,0,303,817,677,744,697,617,476,0,0,0,0,725,1016,111,0,aro,cross_leg_right,1
1469,1786866440.234086,693,829,859,1041,851,774,667,799,776,729,0,0,379,443,469,522,0,307,813,679,744,697,620,471,0,0,0,0,703,1013,109,0,aro,cross_leg_right,1
1470,1786866440.254064,693,827,859,1043,853,773,667,806,775,731,0,0,381,439,469,523,0,309,814,677,743,697,618,471,0,0,0,0,725,1011,103,0,aro,cross_leg_right,1
1471,1786866440.274117,695,829,859,1041,851,774,666,807,777,731,0,0,380,441,467,521,0,308,819,678,743,697,617,472,0,0,0,0,726,1013,114,0,aro,cross_leg_right,1
1472,1786866440.294066,696,841,861,1043,854,773,671,805,775,731,0,0,384,443,469,521,0,312,813,678,743,697,617,471,0,0,0,0,711,1011,109,0,aro,cross_leg_right,1
1473,1786866440.314085,695,826,859,1043,852,773,665,807,777,731,0,0,381,442,469,509,0,308,813,677,743,697,620,471,0,0,0,0,725,1012,111,0,aro,cross_leg_right,1
1474,1786866440.334144,695,827,861,1043,852,774,667,805,776,731,0,0,382,443,468,529,0,309,813,679,743,698,619,473,0,0,0,0,725,1012,109,0,aro,cross_leg_right,1
1475,1786866440.354104,695,825,862,1044,853,775,661,806,777,731,0,0,381,443,469,525,0,319,814,679,744,697,619,469,0,0,0,0,723,1011,109,0,aro,cross_leg_right,1
1476,1786866440.374093,695,827,861,1043,853,774,667,807,777,731,0,0,388,443,469,523,0,309,813,675,743,699,617,471,0,0,0,0,723,1012,111,0,aro,cross_leg_right,1
1477,1786866440.394156,695,829,861,1043,852,774,667,800,777,729,0,0,383,443,473,525,0,300,815,677,743,697,619,471,0,0,0,0,723,1011,107,0,aro,cross_leg_right,1
1478,1786866440.414104,693,829,860,1043,853,773,667,805,777,731,0,0,389,445,469,525,0,309,815,672,743,695,630,471,0,0,0,0,724,1008,109,0,aro,cross_leg_right,1
1479,1786866440.434076,696,827,861,1041,855,767,667,806,777,731,0,0,389,443,471,524,0,309,814,677,743,696,617,469,0,0,0,0,723,1013,109,0,aro,cross_leg_right,1
1480,1786866440.454103,695,827,861,1043,853,774,667,807,777,731,0,0,389,443,467,523,0,311,811,677,743,697,619,484,0,0,0,0,723,1011,109,0,aro,cross_leg_right,1
1481,1786866440.474115,695,829,861,1043,853,773,667,806,779,731,0,0,389,443,469,525,0,313,811,675,743,681,617,470,0,0,0,0,723,1012,108,0,aro,cross_leg_right,1
1482,1786866440.494076,697,828,861,1044,853,775,666,805,775,730,0,0,389,443,471,523,0,309,813,677,743,697,617,469,0,0,0,0,723,1011,109,0,aro,cross_leg_right,1
1483,1786866440.514121,696,829,861,1045,854,766,661,805,777,731,0,0,390,443,471,525,0,313,813,681,735,697,621,469,0,0,0,0,724,1013,106,0,aro,cross_leg_right,1
1484,1786866440.534118,696,826,861,1041,851,774,665,807,776,731,0,0,389,443,471,523,0,311,813,677,744,696,619,470,0,0,0,0,721,1011,107,0,aro,cross_leg_right,1
1485,1786866440.554054,695,827,861,1041,853,773,666,807,777,731,0,0,391,443,469,523,0,309,814,679,742,697,617,469,0,0,0,0,721,1008,107,0,aro,cross_leg_right,1
1486,1786866440.574078,696,829,861,1043,855,774,665,807,777,731,0,0,390,444,471,524,0,310,813,677,743,699,618,470,0,0,0,0,719,1011,108,0,aro,cross_leg_right,1
1487,1786866440.594101,696,829,861,1043,853,775,665,807,777,729,0,0,389,443,471,523,0,307,814,679,741,695,617,470,0,0,0,0,722,1011,107,0,aro,cross_leg_right,1
1488,1786866440.614065,696,827,863,1043,853,775,665,807,777,731,0,0,391,445,471,523,0,309,814,676,743,695,617,470,0,0,0,0,722,1008,115,0,aro,cross_leg_right,1
1489,1786866440.633399,696,831,861,1041,854,774,667,807,776,731,0,0,391,445,471,523,0,309,813,678,744,697,619,469,0,0,0,0,722,1011,127,0,aro,cross_leg_right,1
1490,1786866440.654159,696,825,861,1045,856,775,665,807,777,732,0,0,391,443,471,523,0,310,814,677,743,697,617,471,0,0,0,0,723,1013,107,0,aro,cross_leg_right,1
1491,1786866440.674106,697,829,861,1043,853,774,665,807,777,731,0,0,391,445,472,525,0,307,814,680,743,696,617,468,0,0,0,0,726,1012,107,0,aro,cross_leg_right,1
1492,1786866440.694098,697,827,861,1043,855,775,667,807,775,731,0,0,391,439,472,525,0,309,813,677,741,695,616,472,0,0,0,0,723,1007,107,0,aro,cross_leg_right,1
1493,1786866440.714032,697,844,861,1045,854,775,665,808,776,732,0,0,383,445,472,525,0,309,813,678,744,695,619,471,0,0,0,0,721,1009,109,0,aro,cross_leg_right,1
1494,1786866440.734123,696,837,861,1043,853,774,667,807,777,732,0,0,393,445,472,523,0,309,815,679,743,699,618,468,0,0,0,0,723,1011,107,0,aro,cross_leg_right,1
1495,1786866440.754057,695,829,861,1041,854,775,667,807,778,731,0,0,392,445,472,524,0,309,815,679,743,693,619,469,0,0,0,0,719,1001,108,0,aro,cross_leg_right,1
1496,1786866440.774082,697,823,861,1043,853,775,667,807,775,731,0,0,384,443,473,525,0,309,813,677,743,697,619,472,0,0,0,0,724,1011,109,0,aro,cross_leg_right,1
1497,1786866440.794113,695,827,859,1049,853,775,666,807,775,732,0,0,391,451,472,523,0,312,815,675,741,699,619,472,0,0,0,0,723,1007,109,0,aro,cross_leg_right,1
1498,1786866440.814084,697,828,861,1039,854,775,666,807,779,731,0,0,391,456,471,523,0,311,815,681,745,697,619,471,0,0,0,0,722,1011,107,0,aro,cross_leg_right,1
1499,1786866440.833373,696,827,860,1043,855,775,666,807,777,732,0,0,391,442,471,525,0,310,815,676,743,696,617,473,0,0,0,0,723,1013,108,0,aro,cross_leg_right,1
1500,1786866440.853438,695,828,860,1033,853,775,668,807,779,731,0,0,389,438,471,523,0,308,815,679,743,697,617,472,0,0,0,0,722,1013,107,0,aro,cross_leg_right,1
1501,1786866440.873878,696,827,859,1041,854,775,665,807,778,731,0,0,379,445,473,524,0,311,814,679,744,699,619,473,0,0,0,0,723,1011,108,0,aro,cross_leg_right,1
1502,1786866440.894059,695,828,860,1049,855,775,667,807,777,731,0,0,391,444,472,523,0,309,815,679,745,696,618,472,0,0,0,0,723,1011,109,0,aro,cross_leg_right,1
1503,1786866440.914153,695,828,860,1043,855,775,667,808,777,729,0,0,391,443,471,523,0,311,815,678,743,699,619,471,0,0,0,0,723,1011,108,0,aro,cross_leg_right,1
1504,1786866440.934059,695,828,860,1043,854,775,667,808,777,731,0,0,389,445,472,523,0,309,815,676,743,709,619,473,0,0,0,0,724,1010,109,0,aro,cross_leg_right,1
1505,1786866440.954060,697,830,859,1041,855,774,668,808,779,731,0,0,391,442,473,525,0,311,814,676,745,699,619,472,0,0,0,0,721,1012,107,0,aro,cross_leg_right,1
1506,1786866440.974121,695,829,859,1047,854,775,669,807,776,731,0,0,389,453,473,523,0,310,813,679,743,699,613,471,0,0,0,0,725,1011,105,0,aro,cross_leg_right,1
1507,1786866440.994093,695,827,859,1041,853,774,667,807,776,731,0,0,384,445,472,523,0,309,813,677,744,697,617,472,0,0,0,0,725,1010,109,0,aro,cross_leg_right,1
1508,1786866441.014078,696,825,859,1043,856,775,666,808,778,732,0,0,389,444,471,523,0,311,813,681,743,717,619,471,0,0,0,0,724,1016,109,0,aro,cross_leg_right,1
1509,1786866441.034064,698,828,859,1042,853,774,668,809,778,731,0,0,384,445,471,523,0,309,814,679,744,687,619,470,0,0,0,0,723,1013,110,0,aro,cross_leg_right,1
1510,1786866441.054096,699,825,858,1043,849,775,669,808,773,732,0,0,389,441,473,523,0,309,815,667,740,698,617,471,0,0,0,0,723,1015,109,0,aro,cross_leg_right,1
1511,1786866441.074144,691,827,860,1043,854,776,667,807,776,732,0,0,388,444,472,523,0,311,813,679,744,713,619,473,0,0,0,0,722,1012,109,0,aro,cross_leg_right,1
1512,1786866441.094082,693,825,857,1041,855,775,667,808,775,731,0,0,389,444,473,521,0,309,814,687,743,699,618,473,0,0,0,0,725,1012,107,0,aro,cross_leg_right,1
1513,1786866441.114143,697,825,857,1039,862,774,667,808,763,731,0,0,383,444,471,522,0,311,814,677,743,696,618,472,0,0,0,0,725,1007,109,0,aro,cross_leg_right,1
1514,1786866441.134084,691,826,859,1039,855,775,671,807,779,732,0,0,390,441,473,521,0,311,816,681,743,696,619,473,0,0,0,0,728,1009,109,0,aro,cross_leg_right,1
1515,1786866441.154086,693,825,859,1041,855,776,667,808,776,733,0,0,383,445,471,520,0,307,815,676,744,697,617,473,0,0,0,0,719,1011,111,0,aro,cross_leg_right,1
1516,1786866441.174099,695,827,857,1041,855,775,667,808,779,733,0,0,383,445,472,522,0,311,813,677,743,697,619,473,0,0,0,0,723,1014,109,0,aro,cross_leg_right,1
1517,1786866441.194125,695,828,859,1043,853,773,667,807,777,733,0,0,389,445,472,523,0,311,812,691,743,701,619,473,0,0,0,0,723,1018,110,0,aro,cross_leg_right,1
1518,1786866441.214068,686,826,857,1043,855,775,667,807,777,732,0,0,389,447,472,521,0,310,815,677,743,699,619,473,0,0,0,0,723,1007,109,0,aro,cross_leg_right,1
1519,1786866441.234103,695,825,859,1042,853,776,669,809,779,731,0,0,383,445,471,521,0,309,813,679,744,697,619,471,0,0,0,0,724,1013,111,0,aro,cross_leg_right,1
1520,1786866441.254120,695,826,859,1043,855,773,671,808,777,741,0,0,389,447,471,521,0,309,813,679,743,698,619,473,0,0,0,0,719,1011,111,0,aro,cross_leg_right,1
1521,1786866441.274058,697,825,858,1043,855,775,678,809,775,731,0,0,383,441,472,521,0,311,813,679,744,699,619,473,0,0,0,0,723,1017,111,0,aro,cross_leg_right,1
1522,1786866441.294104,697,825,859,1043,853,775,667,808,779,731,0,0,390,447,473,523,0,315,815,681,742,697,617,472,0,0,0,0,723,1011,111,0,aro,cross_leg_right,1
1523,1786866441.314136,695,829,857,1039,853,774,675,808,779,728,0,0,383,445,472,520,0,300,815,681,743,699,621,473,0,0,0,0,746,1015,111,0,aro,cross_leg_right,1
1524,1786866441.334058,695,823,857,1041,855,775,666,808,777,731,0,0,383,443,472,520,0,307,819,669,745,701,619,473,0,0,0,0,723,1017,110,0,aro,cross_leg_right,1
1525,1786866441.354074,695,825,857,1043,854,775,681,807,779,731,0,0,390,441,471,521,0,308,813,679,744,699,619,475,0,0,0,0,723,1006,111,0,aro,cross_leg_right,1
1526,1786866441.373480,691,824,858,1039,853,772,667,804,777,733,0,0,383,445,461,522,0,309,816,677,743,698,617,471,0,0,0,0,723,1013,111,0,aro,cross_leg_right,1
1527,1786866441.394156,695,827,859,1043,853,775,671,808,774,730,0,0,381,443,472,521,0,313,815,675,743,697,617,472,0,0,0,0,717,1011,111,0,aro,cross_leg_right,1
1528,1786866441.414091,695,826,857,1041,855,776,667,807,777,731,0,0,383,445,472,521,0,309,815,680,744,701,633,471,0,0,0,0,723,1017,111,0,aro,cross_leg_right,1
1529,1786866441.434086,695,830,857,1039,854,775,667,805,777,733,0,0,389,445,472,519,0,303,818,677,743,699,619,471,0,0,0,0,727,1007,111,0,aro,cross_leg_right,1
1530,1786866441.454099,695,824,858,1045,855,775,665,808,779,731,0,0,389,463,471,521,0,307,815,679,743,701,617,471,0,0,0,0,721,1005,113,0,aro,cross_leg_right,1
1531,1786866441.474077,695,826,856,1041,855,775,667,809,777,731,0,0,384,445,471,536,0,309,826,677,743,698,619,468,0,0,0,0,723,1013,111,0,aro,cross_leg_right,1
1532,1786866441.494053,696,825,857,1043,853,775,667,808,778,731,0,0,377,445,470,521,0,310,819,678,743,686,620,472,0,0,0,0,717,1005,111,0,aro,cross_leg_right,1
1533,1786866441.514122,696,827,857,1043,855,761,667,808,775,731,0,0,391,438,469,521,0,307,815,675,758,700,615,473,0,0,0,0,727,1013,113,0,aro,cross_leg_right,1
1534,1786866441.534049,695,831,857,1036,855,776,661,807,777,731,0,0,389,441,473,521,0,313,813,677,743,699,619,473,0,0,0,0,727,1006,111,0,aro,cross_leg_right,1
1535,1786866441.554040,693,829,857,1041,855,776,667,805,777,731,0,0,390,447,472,523,0,308,815,679,743,700,618,472,0,0,0,0,723,1007,111,0,aro,cross_leg_right,1
1536,1786866441.574085,693,825,857,1039,853,775,667,806,779,731,0,0,389,443,472,521,0,308,815,677,743,697,618,473,0,0,0,0,713,1007,111,0,aro,cross_leg_right,1
1537,1786866441.594073,696,826,857,1041,854,779,667,807,776,731,0,0,383,443,477,521,0,311,819,678,743,700,615,471,0,0,0,0,723,1013,111,0,aro,cross_leg_right,1
1538,1786866441.614082,693,828,858,1039,853,765,667,807,777,731,0,0,383,441,471,522,0,308,813,679,743,697,619,473,0,0,0,0,723,1011,111,0,aro,cross_leg_right,1
1539,1786866441.634167,695,825,857,1041,853,759,665,807,775,733,0,0,390,441,473,521,0,309,813,681,741,697,614,474,0,0,0,0,725,1012,111,0,aro,cross_leg_right,1
1540,1786866441.654061,694,827,858,1039,854,775,675,809,776,731,0,0,390,437,473,521,0,307,814,677,743,697,620,471,0,0,0,0,717,1013,111,0,aro,cross_leg_right,1
1541,1786866441.674052,695,830,857,1039,854,777,667,808,775,731,0,0,382,445,471,520,0,311,811,675,743,702,615,471,0,0,0,0,726,1015,111,0,aro,cross_leg_right,1
1542,1786866441.694122,709,825,857,1041,854,773,667,807,777,731,0,0,379,445,476,525,0,309,812,677,742,697,616,467,0,0,0,0,723,1013,111,0,aro,cross_leg_right,1
1543,1786866441.714101,695,826,859,1047,854,774,667,807,774,729,0,0,383,459,469,520,0,307,813,676,750,698,615,471,0,0,0,0,725,1005,109,0,aro,cross_leg_right,1
1544,1786866441.734057,696,827,857,1039,855,775,664,813,775,729,0,0,383,439,473,522,0,310,813,675,743,697,617,470,0,0,0,0,747,1011,110,0,aro,cross_leg_right,1
1545,1786866441.754041,695,828,858,1041,855,775,669,807,777,730,0,0,383,435,471,521,0,304,814,677,744,691,621,461,0,0,0,0,725,1003,110,0,aro,cross_leg_right,1
1546,1786866441.774115,699,825,857,1041,855,776,665,807,774,730,0,0,394,445,473,519,0,303,812,667,743,702,617,470,0,0,0,0,727,1013,111,0,aro,cross_leg_right,1
1547,1786866441.794078,687,825,857,1041,855,773,666,807,777,730,0,0,382,445,472,521,0,309,815,679,743,713,618,469,0,0,0,0,726,1016,107,0,aro,cross_leg_right,1
1548,1786866441.814065,693,826,858,1039,856,776,665,807,775,731,0,0,392,439,473,521,0,308,813,677,745,696,613,469,0,0,0,0,727,1007,110,0,aro,cross_leg_right,1
1549,1786866441.834102,696,825,857,1041,855,777,665,807,774,729,0,0,390,445,471,521,0,309,819,679,733,696,617,462,0,0,0,0,729,1015,111,0,aro,cross_leg_right,1
1550,1786866441.854031,695,827,858,1041,855,777,665,808,767,731,0,0,389,446,473,519,0,317,815,676,742,697,619,469,0,0,0,0,715,1013,111,0,aro,cross_leg_right,1
1551,1786866441.874080,685,825,857,1041,856,776,664,807,775,730,0,0,397,445,473,522,0,309,815,678,743,701,619,470,0,0,0,0,727,1013,109,0,aro,cross_leg_right,1
1552,1786866441.893421,695,826,858,1039,854,775,665,807,775,731,0,0,383,445,471,517,0,309,815,677,743,699,614,471,0,0,0,0,719,1013,111,0,aro,cross_leg_right,1
1553,1786866441.914100,695,825,857,1042,855,776,665,807,777,730,0,0,393,445,471,520,0,307,812,676,743,699,617,471,0,0,0,0,729,1012,110,0,aro,cross_leg_right,1
1554,1786866441.934075,697,826,859,1039,855,775,668,805,778,731,0,0,379,446,471,520,0,308,815,677,744,701,624,469,0,0,0,0,723,1011,109,0,aro,cross_leg_right,1
1555,1786866441.953943,695,826,859,1041,857,777,664,808,763,730,0,0,393,447,473,519,0,311,813,685,743,683,617,471,0,0,0,0,723,1019,111,0,aro,cross_leg_right,1
1556,1786866441.973452,687,825,857,1041,855,775,667,806,773,729,0,0,393,445,473,517,0,303,815,677,744,699,619,469,0,0,0,0,719,1011,109,0,aro,cross_leg_right,1
1557,1786866441.993826,695,826,858,1041,855,775,667,805,765,731,0,0,392,445,471,517,0,301,807,675,743,697,619,473,0,0,0,0,721,1011,109,0,aro,cross_leg_right,1
1558,1786866442.013650,697,825,857,1041,851,773,665,806,775,729,0,0,389,453,474,519,0,308,815,679,743,697,617,471,0,0,0,0,724,1013,111,0,aro,cross_leg_right,1
1559,1786866442.033120,695,825,858,1039,855,773,671,805,775,729,0,0,391,445,473,509,0,303,807,677,744,697,618,471,0,0,0,0,726,1013,111,0,aro,cross_leg_right,1
1560,1786866442.053117,696,825,857,1041,855,772,663,805,775,731,0,0,391,445,471,509,0,293,812,677,743,699,618,470,0,0,0,0,726,1012,109,0,aro,cross_leg_right,1
1561,1786866442.073307,697,827,857,1041,855,775,667,805,765,729,0,0,383,445,471,517,0,309,815,679,744,697,617,471,0,0,0,0,725,1011,108,0,aro,cross_leg_right,1
1562,1786866442.093473,695,830,857,1041,855,777,665,805,775,731,0,0,391,442,471,518,0,311,813,677,743,698,617,472,0,0,0,0,727,1013,109,0,aro,cross_leg_right,1
1563,1786866442.113799,695,825,858,1039,855,773,664,793,775,729,0,0,393,445,473,517,0,308,807,677,744,698,632,471,0,0,0,0,727,1013,111,0,aro,cross_leg_right,1
1564,1786866442.133943,695,825,858,1041,854,775,666,805,775,729,0,0,387,445,471,508,0,307,813,669,744,697,619,469,0,0,0,0,725,1010,109,0,aro,cross_leg_right,1
1565,1786866442.154141,695,825,857,1041,854,775,665,806,775,731,0,0,390,445,472,525,0,307,804,678,743,699,615,469,0,0,0,0,749,1014,111,0,aro,cross_leg_right,1
1566,1786866442.174107,695,824,857,1041,855,773,665,809,775,730,0,0,391,445,471,518,0,307,815,678,744,699,631,473,0,0,0,0,728,1014,111,0,aro,cross_leg_right,1
1567,1786866442.194217,695,825,858,1041,855,773,665,803,775,729,0,0,391,445,471,523,0,308,815,679,743,698,615,475,0,0,0,0,727,1013,110,0,aro,cross_leg_right,1
1568,1786866442.214183,695,825,857,1041,853,779,664,803,776,732,0,0,393,445,471,507,0,307,808,677,743,697,617,467,0,0,0,0,728,1015,111,0,aro,cross_leg_right,1
1569,1786866442.233874,695,825,856,1041,854,767,665,807,775,729,0,0,389,445,471,521,0,316,815,678,744,699,623,469,0,0,0,0,728,1007,109,0,aro,cross_leg_right,1
1570,1786866442.253956,695,827,856,1041,855,775,664,805,775,729,0,0,389,447,473,519,0,309,814,679,743,697,619,470,0,0,0,0,728,1013,110,0,aro,cross_leg_right,1
1571,1786866442.274157,696,825,857,1041,853,777,665,803,775,731,0,0,391,445,473,517,0,307,815,678,744,697,618,471,0,0,0,0,729,1015,109,0,aro,cross_leg_right,1
1572,1786866442.294106,696,825,857,1041,853,783,664,807,775,729,0,0,381,445,469,507,0,309,820,678,744,699,618,473,0,0,0,0,729,1013,108,0,aro,cross_leg_right,1
1573,1786866442.313292,695,825,857,1041,855,767,663,805,775,730,0,0,392,445,471,534,0,308,813,659,744,697,616,472,0,0,0,0,745,1013,111,0,aro,cross_leg_right,1
1574,1786866442.333217,696,827,856,1041,853,773,665,808,775,729,0,0,393,453,473,519,0,309,815,677,743,699,619,470,0,0,0,0,729,1014,109,0,aro,cross_leg_right,1
1575,1786866442.353400,695,825,856,1042,855,768,664,805,775,728,0,0,399,445,471,518,0,308,815,679,745,699,619,472,0,0,0,0,729,1014,113,0,aro,cross_leg_right,1
1576,1786866442.373530,695,825,857,1039,853,763,665,803,775,729,0,0,391,445,471,509,0,308,811,679,744,697,619,476,0,0,0,0,729,1015,115,0,aro,cross_leg_right,1
1577,1786866442.394149,693,823,857,1035,851,775,663,805,773,729,0,0,381,443,471,508,0,307,821,679,742,697,619,472,0,0,0,0,726,1013,107,0,aro,cross_leg_right,1
1578,1786866442.413256,695,837,856,1036,854,764,665,806,775,729,0,0,391,445,474,518,0,307,815,679,747,697,619,472,0,0,0,0,731,1013,111,0,aro,cross_leg_right,1
1579,1786866442.433113,695,825,857,1041,855,767,665,806,775,730,0,0,377,445,461,519,0,308,819,679,743,699,619,479,0,0,0,0,729,1015,110,0,aro,cross_leg_right,1
1580,1786866442.453121,695,823,857,1039,853,767,664,804,775,731,0,0,396,445,477,517,0,307,815,679,744,699,619,470,0,0,0,0,731,1014,111,0,aro,cross_leg_right,1
1581,1786866442.473279,695,823,857,1041,851,767,665,804,775,729,0,0,392,445,487,511,0,307,814,679,743,698,619,473,0,0,0,0,729,1014,115,0,aro,cross_leg_right,1
1582,1786866442.493511,697,823,857,1041,854,773,664,805,775,729,0,0,389,445,473,508,0,315,815,679,743,697,619,471,0,0,0,0,729,1015,105,0,aro,cross_leg_right,1
1583,1786866442.513838,695,823,856,1041,853,773,665,805,775,729,0,0,389,445,471,509,0,315,795,677,743,699,619,475,0,0,0,0,731,1011,107,0,aro,cross_leg_right,1
1584,1786866442.534035,697,823,856,1039,852,773,665,805,775,730,0,0,399,445,467,509,0,307,815,680,745,699,619,471,0,0,0,0,730,1015,111,0,aro,cross_leg_right,1
1585,1786866442.553994,696,823,855,1041,852,773,665,804,776,728,0,0,395,445,483,519,0,295,825,679,743,699,616,473,0,0,0,0,729,1014,111,0,aro,cross_leg_right,1
1586,1786866442.574137,695,824,856,1035,853,773,665,805,775,729,0,0,389,445,472,517,0,307,815,682,744,699,619,475,0,0,0,0,730,1011,111,0,aro,cross_leg_right,1
1587,1786866442.594123,695,824,856,1039,852,772,663,806,778,731,0,0,389,444,472,510,0,309,815,679,745,697,619,472,0,0,0,0,731,1013,110,0,aro,cross_leg_right,1
1588,1786866442.614056,695,824,855,1039,853,773,664,806,775,730,0,0,389,444,472,510,0,308,813,679,745,699,619,473,0,0,0,0,731,1014,109,0,aro,cross_leg_right,1
1589,1786866442.633930,696,823,856,1039,851,767,665,807,775,729,0,0,381,444,473,507,0,309,819,679,745,699,619,469,0,0,0,0,731,1014,111,0,aro,cross_leg_right,1
1590,1786866442.654107,696,823,856,1039,849,765,665,805,775,729,0,0,397,444,469,518,0,309,819,679,743,698,619,473,0,0,0,0,729,1015,111,0,aro,cross_leg_right,1
1591,1786866442.674071,695,823,855,1041,853,773,665,806,775,729,0,0,384,445,473,519,0,307,815,680,743,699,619,473,0,0,0,0,729,1015,111,0,aro,cross_leg_right,1
1592,1786866442.694080,695,823,856,1039,853,773,666,804,775,730,0,0,389,445,471,507,0,309,814,679,744,699,618,477,0,0,0,0,731,1015,111,0,aro,cross_leg_right,1
1593,1786866442.713417,695,823,856,1039,850,772,662,805,775,729,0,0,383,445,472,510,0,309,819,680,745,701,618,473,0,0,0,0,731,1011,111,0,aro,cross_leg_right,1
1594,1786866442.733317,694,824,856,1047,852,773,665,807,775,729,0,0,383,447,472,519,0,310,816,679,744,700,619,473,0,0,0,0,731,1011,111,0,aro,cross_leg_right,1
1595,1786866442.753439,696,823,855,1039,853,773,665,807,775,729,0,0,390,445,469,510,0,309,811,679,744,698,619,472,0,0,0,0,731,1015,115,0,aro,cross_leg_right,1
1596,1786866442.773501,695,824,855,1039,853,773,665,805,775,731,0,0,391,445,471,509,0,307,819,679,745,699,619,461,0,0,0,0,731,1017,115,0,aro,cross_leg_right,1
1597,1786866442.793319,695,823,855,1039,851,773,665,806,775,731,0,0,383,445,467,507,0,308,819,677,744,699,619,473,0,0,0,0,731,1015,87,0,aro,cross_leg_right,1
1598,1786866442.813111,687,825,856,1039,853,773,666,805,775,733,0,0,389,445,473,508,0,309,815,677,743,699,618,473,0,0,0,0,732,1015,105,0,aro,cross_leg_right,1
1599,1786866442.833117,695,823,853,1039,853,773,665,804,776,731,0,0,389,444,472,508,0,309,819,679,744,699,620,472,0,0,0,0,731,1015,109,0,aro,cross_leg_right,1
1600,1786866442.853301,695,823,856,1039,851,773,665,805,775,731,0,0,384,445,472,519,0,309,819,679,743,699,619,469,0,0,0,0,731,1015,123,0,aro,cross_leg_right,1
1601,1786866442.873482,695,824,855,1041,853,773,665,807,776,731,0,0,389,445,470,517,0,309,807,679,747,699,619,473,0,0,0,0,731,1015,112,0,aro,cross_leg_right,1
1602,1786866442.893797,691,823,855,1039,851,773,665,803,775,731,0,0,383,445,473,516,0,309,815,676,744,699,619,472,0,0,0,0,731,1017,110,0,aro,cross_leg_right,1
1603,1786866442.914103,696,823,855,1039,852,768,665,805,776,731,0,0,391,445,473,509,0,306,815,679,745,697,617,473,0,0,0,0,731,1014,111,0,aro,cross_leg_right,1
1604,1786866442.933133,695,823,854,1039,853,773,665,805,775,730,0,0,383,445,471,510,0,309,819,677,743,697,619,473,0,0,0,0,731,1015,106,0,aro,cross_leg_right,1
1605,1786866442.953373,694,823,855,1039,852,773,665,807,773,728,0,0,389,445,473,507,0,308,811,679,745,699,619,473,0,0,0,0,731,1014,108,0,aro,cross_leg_right,1
1606,1786866442.974083,686,824,855,1039,853,773,665,805,775,731,0,0,391,444,473,509,0,308,815,679,743,697,618,472,0,0,0,0,731,1015,111,0,aro,cross_leg_right,1
1607,1786866442.993813,699,823,855,1039,853,773,665,803,775,731,0,0,383,445,471,504,0,307,815,680,745,698,619,473,0,0,0,0,731,1015,117,0,aro,cross_leg_right,1
1608,1786866443.013436,695,823,854,1039,853,773,665,797,775,731,0,0,389,444,472,519,0,308,815,679,745,699,618,473,0,0,0,0,731,1015,115,0,aro,cross_leg_right,1
1609,1786866443.033644,696,824,853,1039,853,773,665,805,775,730,0,0,383,444,461,510,0,309,813,679,743,699,620,473,0,0,0,0,733,1015,117,0,aro,cross_leg_right,1
1610,1786866443.053209,695,823,855,1039,853,777,665,796,775,731,0,0,389,445,476,511,0,307,815,679,743,699,620,473,0,0,0,0,731,1015,109,0,aro,cross_leg_right,1
1611,1786866443.073298,695,823,855,1039,853,775,665,805,775,731,0,0,383,445,473,509,0,309,815,679,745,699,619,474,0,0,0,0,731,1015,115,0,aro,cross_leg_right,1
1612,1786866443.093224,695,823,854,1039,853,773,665,805,775,730,0,0,389,445,472,509,0,309,823,679,743,699,618,471,0,0,0,0,731,1015,114,0,aro,cross_leg_right,1
1613,1786866443.113235,695,823,855,1039,853,773,665,805,775,732,0,0,383,445,472,503,0,308,805,679,746,699,619,473,0,0,0,0,731,1015,123,0,aro,cross_leg_right,1
1614,1786866443.133211,695,823,855,1039,853,775,665,807,775,730,0,0,383,445,476,505,0,304,815,678,745,697,619,475,0,0,0,0,731,1012,109,0,aro,cross_leg_right,1
1615,1786866443.153924,695,823,855,1039,854,773,667,807,775,730,0,0,384,445,473,507,0,307,818,680,744,697,619,473,0,0,0,0,730,1015,117,0,aro,cross_leg_right,1
1616,1786866443.173522,695,823,855,1039,852,774,665,807,775,731,0,0,390,444,469,511,0,309,815,677,743,699,619,471,0,0,0,0,732,1015,119,0,aro,cross_leg_right,1
1617,1786866443.194049,695,824,855,1039,853,775,665,806,775,729,0,0,389,445,471,509,0,308,815,679,745,698,619,473,0,0,0,0,733,1015,119,0,aro,cross_leg_right,1
1618,1786866443.213272,695,823,855,1039,853,775,665,807,775,732,0,0,390,445,473,519,0,308,815,679,744,699,627,475,0,0,0,0,731,1015,118,0,aro,cross_leg_right,1
1619,1786866443.233448,695,823,856,1039,853,774,665,805,776,731,0,0,389,447,473,509,0,308,815,679,745,699,619,469,0,0,0,0,731,1016,119,0,aro,cross_leg_right,1
1620,1786866443.254175,695,822,855,1041,853,775,667,805,775,731,0,0,391,446,476,519,0,309,815,679,746,699,619,475,0,0,0,0,732,1015,117,0,aro,cross_leg_right,1
1621,1786866443.274337,695,823,856,1035,854,775,665,805,775,732,0,0,391,446,473,509,0,309,815,677,745,701,619,474,0,0,0,0,732,1017,125,0,aro,cross_leg_right,1
1622,1786866443.294120,695,823,853,1039,852,765,664,807,775,729,0,0,383,445,475,517,0,310,808,679,742,697,621,475,0,0,0,0,729,1016,107,0,aro,cross_leg_right,1
1623,1786866443.314209,695,825,855,1039,853,773,665,807,775,731,0,0,389,445,463,518,0,309,815,679,744,699,619,475,0,0,0,0,733,1016,119,0,aro,cross_leg_right,1
1624,1786866443.334166,695,823,854,1035,854,773,665,806,775,731,0,0,391,445,477,518,0,309,815,679,745,699,619,475,0,0,0,0,737,1015,117,0,aro,cross_leg_right,1
1625,1786866443.354116,696,824,855,1039,853,767,666,803,775,731,0,0,391,447,474,517,0,311,815,679,745,701,616,471,0,0,0,0,732,1017,118,0,aro,cross_leg_right,1
1626,1786866443.374199,695,823,855,1039,853,775,666,807,776,731,0,0,391,445,472,508,0,309,815,679,744,699,620,489,0,0,0,0,732,1015,121,0,aro,cross_leg_right,1
1627,1786866443.394051,695,823,855,1039,853,774,665,799,775,731,0,0,389,445,473,508,0,309,819,679,747,699,619,473,0,0,0,0,731,1015,124,0,aro,cross_leg_right,1
1628,1786866443.414070,695,823,855,1039,853,775,667,806,775,735,0,0,391,444,474,518,0,309,815,680,747,700,621,473,0,0,0,0,735,1017,132,0,aro,cross_leg_right,1
1629,1786866443.434107,695,824,855,1039,853,773,665,807,776,731,0,0,391,447,474,519,0,309,815,679,745,701,621,473,0,0,0,0,733,1018,127,0,aro,cross_leg_right,1
1630,1786866443.454121,695,823,854,1039,854,775,667,807,777,731,0,0,391,447,474,519,0,311,815,680,747,699,619,475,0,0,0,0,733,1016,119,0,aro,cross_leg_right,1
1631,1786866443.474188,695,825,854,1039,855,765,664,806,777,731,0,0,393,447,473,520,0,307,818,679,745,697,620,475,0,0,0,0,735,1019,125,0,aro,cross_leg_right,1
1632,1786866443.494084,695,822,855,1039,853,775,666,807,774,732,0,0,391,443,475,519,0,309,816,678,745,699,618,473,0,0,0,0,731,1016,124,0,aro,cross_leg_right,1
1633,1786866443.514116,695,822,853,1039,854,775,666,807,774,730,0,0,391,447,476,519,0,311,815,679,745,699,619,475,0,0,0,0,733,1017,125,0,aro,cross_leg_right,1
1634,1786866443.534093,695,823,854,1039,853,777,666,806,775,733,0,0,391,447,475,519,0,309,815,679,745,699,621,475,0,0,0,0,734,1017,125,0,aro,cross_leg_right,1
1635,1786866443.554164,695,823,855,1039,852,774,667,807,775,732,0,0,391,447,473,520,0,309,815,680,746,700,619,475,0,0,0,0,732,1017,127,0,aro,cross_leg_right,1
1636,1786866443.574178,695,823,856,1039,853,775,667,807,776,731,0,0,391,447,474,520,0,309,816,681,743,701,619,475,0,0,0,0,735,1016,142,0,aro,cross_leg_right,1
1637,1786866443.594095,694,824,856,1039,853,774,665,807,777,733,0,0,392,447,475,519,0,311,815,679,745,699,618,475,0,0,0,0,734,1015,116,0,aro,cross_leg_right,1
1638,1786866443.614161,695,824,855,1039,850,774,667,806,774,733,0,0,389,447,472,521,0,310,827,680,747,699,619,475,0,0,0,0,725,1015,125,0,aro,cross_leg_right,1
1639,1786866443.634092,694,823,854,1039,853,774,666,806,775,731,0,0,392,447,478,520,0,311,819,679,745,701,619,475,0,0,0,0,733,1017,133,0,aro,cross_leg_right,1
1640,1786866443.654053,695,823,855,1041,853,775,665,807,776,729,0,0,390,446,475,520,0,311,817,679,745,699,619,474,0,0,0,0,732,1015,139,0,aro,cross_leg_right,1
1641,1786866443.674048,695,823,855,1041,852,774,667,807,774,731,0,0,391,445,475,519,0,310,815,681,745,701,619,476,0,0,0,0,735,1015,124,0,aro,cross_leg_right,1
1642,1786866443.694076,696,825,855,1039,852,775,665,805,777,732,0,0,390,445,474,520,0,309,815,681,745,699,619,475,0,0,0,0,735,1018,135,0,aro,cross_leg_right,1
1643,1786866443.714068,695,823,855,1036,852,775,665,807,777,731,0,0,391,447,473,509,0,309,818,678,747,700,621,475,0,0,0,0,733,1017,149,0,aro,cross_leg_right,1
1644,1786866443.734061,695,824,854,1036,855,775,665,806,777,731,0,0,391,447,473,519,0,309,819,679,745,699,621,475,0,0,0,0,732,1018,135,0,aro,cross_leg_right,1
1645,1786866443.754082,695,825,855,1039,851,773,665,807,775,730,0,0,391,445,473,520,0,309,819,678,745,699,620,475,0,0,0,0,734,1017,135,0,aro,cross_leg_right,1
1646,1786866443.774092,694,825,853,1039,853,775,667,807,777,731,0,0,389,445,473,519,0,309,819,681,745,700,620,475,0,0,0,0,733,1017,133,0,aro,cross_leg_right,1
1647,1786866443.794064,695,823,853,1039,852,774,665,806,775,732,0,0,390,446,473,519,0,309,817,680,744,700,619,474,0,0,0,0,733,1017,125,0,aro,cross_leg_right,1
1648,1786866443.814083,695,823,853,1041,851,775,665,807,775,731,0,0,389,445,475,519,0,309,819,681,745,699,619,475,0,0,0,0,735,1017,132,0,aro,cross_leg_right,1
1649,1786866443.834033,695,823,855,1041,851,775,665,806,776,731,0,0,390,447,473,519,0,308,819,679,746,699,621,475,0,0,0,0,735,1017,133,0,aro,cross_leg_right,1
1650,1786866443.854021,696,823,854,1041,853,767,665,807,776,732,0,0,389,447,473,520,0,308,815,679,747,702,620,475,0,0,0,0,734,1017,125,0,aro,cross_leg_right,1
1651,1786866443.874084,694,823,853,1039,851,773,665,806,775,733,0,0,389,445,473,517,0,308,815,683,749,701,620,467,0,0,0,0,733,1017,135,0,aro,cross_leg_right,1
1652,1786866443.894029,695,823,855,1039,853,774,665,805,775,731,0,0,384,447,473,519,0,311,815,680,747,700,620,475,0,0,0,0,735,1017,135,0,aro,cross_leg_right,1
1653,1786866443.914033,693,822,853,1036,852,775,665,806,775,731,0,0,383,447,473,519,0,308,816,679,745,699,619,474,0,0,0,0,733,1017,127,0,aro,cross_leg_right,1
1654,1786866443.934049,694,822,855,1039,849,775,666,806,776,732,0,0,383,446,473,519,0,309,815,681,745,699,621,475,0,0,0,0,733,1017,127,0,aro,cross_leg_right,1
1655,1786866443.953988,695,825,855,1039,851,775,665,807,776,733,0,0,383,445,473,519,0,307,815,681,748,697,622,476,0,0,0,0,731,1019,127,0,aro,cross_leg_right,1
1656,1786866443.974115,695,824,855,1039,851,775,666,807,777,733,0,0,383,445,473,519,0,307,815,680,745,701,620,475,0,0,0,0,733,1017,135,0,aro,cross_leg_right,1
1657,1786866443.994071,695,823,854,1039,851,765,676,805,775,733,0,0,389,447,473,518,0,307,819,681,745,699,603,474,0,0,0,0,742,1021,124,0,aro,cross_leg_right,1
1658,1786866444.014092,695,823,855,1039,852,775,667,805,774,731,0,0,389,444,473,519,0,308,816,679,745,699,621,475,0,0,0,0,738,1017,127,0,aro,cross_leg_right,1
1659,1786866444.034027,695,824,854,1039,851,775,666,807,776,731,0,0,391,446,473,518,0,309,815,682,747,699,621,475,0,0,0,0,732,1017,121,0,aro,cross_leg_right,1
1660,1786866444.054061,695,824,855,1039,851,775,665,808,776,733,0,0,383,443,473,519,0,311,815,679,749,698,619,475,0,0,0,0,733,1016,126,0,aro,cross_leg_right,1
1661,1786866444.074084,696,827,853,1039,850,775,665,805,774,733,0,0,391,453,474,519,0,307,818,680,744,700,621,475,0,0,0,0,739,1017,125,0,aro,cross_leg_right,1
1662,1786866444.094024,695,814,855,1039,851,774,665,807,777,733,0,0,382,452,473,519,0,309,815,679,746,697,619,475,0,0,0,0,734,1017,125,0,aro,cross_leg_right,1
1663,1786866444.114081,695,824,855,1039,850,774,666,806,775,733,0,0,383,447,473,519,0,309,817,680,747,701,619,475,0,0,0,0,733,1019,123,0,aro,cross_leg_right,1
1664,1786866444.133176,695,823,853,1039,852,775,665,807,777,731,0,0,383,447,473,519,0,309,818,679,747,701,619,476,0,0,0,0,733,1019,125,0,aro,cross_leg_right,1
1665,1786866444.153396,696,828,855,1039,851,773,665,807,777,732,0,0,389,447,473,510,0,307,815,679,731,701,621,475,0,0,0,0,739,1018,125,0,aro,cross_leg_right,1
1666,1786866444.173545,693,814,854,1036,850,775,667,807,775,733,0,0,383,447,472,518,0,309,818,681,747,701,619,475,0,0,0,0,739,1017,125,0,aro,cross_leg_right,1
1667,1786866444.194134,693,823,855,1039,849,775,666,806,776,732,0,0,380,446,473,519,0,306,817,682,745,701,620,473,0,0,0,0,734,1019,125,0,aro,cross_leg_right,1
1668,1786866444.214096,695,824,855,1039,847,774,666,805,777,733,0,0,388,448,473,518,0,309,815,679,745,701,619,475,0,0,0,0,734,1017,123,0,aro,cross_leg_right,1
1669,1786866444.234079,696,823,854,1041,853,775,665,806,775,732,0,0,383,443,473,519,0,309,815,681,747,701,621,475,0,0,0,0,733,1015,124,0,aro,cross_leg_right,1
1670,1786866444.254081,695,825,855,1039,849,774,667,807,765,732,0,0,390,461,473,521,0,309,816,681,745,695,618,475,0,0,0,0,735,998,123,0,aro,cross_leg_right,1
1671,1786866444.274042,694,823,853,1039,851,775,667,807,777,731,0,0,381,447,473,517,0,309,819,681,745,697,619,475,0,0,0,0,735,1016,124,0,aro,cross_leg_right,1
1672,1786866444.294066,695,841,855,1039,851,774,667,807,775,733,0,0,383,445,473,517,0,309,815,679,747,697,619,475,0,0,0,0,733,1020,125,0,aro,cross_leg_right,1
1673,1786866444.314070,695,823,852,1035,851,767,663,807,773,730,0,0,389,443,473,518,0,303,815,678,743,699,621,473,0,0,0,0,729,1017,123,0,aro,cross_leg_right,1
1674,1786866444.334068,695,823,855,1041,849,774,667,807,775,733,0,0,383,439,473,519,0,309,819,679,747,699,620,475,0,0,0,0,734,1016,125,0,aro,cross_leg_right,1
1675,1786866444.354031,695,823,853,1037,851,774,665,807,778,732,0,0,383,443,473,518,0,307,816,679,746,701,621,475,0,0,0,0,737,1017,125,0,aro,cross_leg_right,1
1676,1786866444.374078,693,825,853,1049,851,774,667,807,777,733,0,0,383,444,471,518,0,309,815,677,745,699,617,475,0,0,0,0,724,1013,123,0,aro,cross_leg_right,1
1677,1786866444.394030,695,825,855,1035,854,773,666,807,776,737,0,0,389,453,474,519,0,307,816,680,737,701,617,475,0,0,0,0,733,1016,125,0,aro,cross_leg_right,1
1678,1786866444.414051,697,825,854,1039,851,774,665,807,774,733,0,0,381,441,472,518,0,307,817,680,745,697,621,475,0,0,0,0,735,1017,123,0,aro,cross_leg_right,1
1679,1786866444.434040,695,823,853,1039,850,775,666,807,777,731,0,0,389,442,475,511,0,307,815,680,749,700,619,475,0,0,0,0,731,1021,125,0,aro,cross_leg_right,1
1680,1786866444.453407,695,823,853,1039,851,775,665,807,776,727,0,0,383,452,473,517,0,309,815,679,739,699,623,475,0,0,0,0,733,1019,125,0,aro,cross_leg_right,1
1681,1786866444.474085,695,825,854,1039,851,775,665,806,777,732,0,0,383,445,474,517,0,308,815,680,746,700,620,477,0,0,0,0,735,1017,121,0,aro,cross_leg_right,1
1682,1786866444.494051,693,821,853,1035,853,773,667,805,776,733,0,0,383,442,475,517,0,306,816,679,747,702,619,477,0,0,0,0,739,1017,124,0,aro,cross_leg_right,1
1683,1786866444.514087,695,825,853,1039,851,774,664,807,775,735,0,0,381,447,473,517,0,307,815,681,746,699,620,475,0,0,0,0,733,1017,124,0,aro,cross_leg_right,1
1684,1786866444.534040,697,823,853,1039,851,775,665,807,775,733,0,0,382,447,473,519,0,309,815,685,743,693,618,475,0,0,0,0,739,1017,123,0,aro,cross_leg_right,1
1685,1786866444.554049,696,824,855,1039,852,773,667,807,776,733,0,0,383,446,473,517,0,308,815,681,745,695,619,475,0,0,0,0,735,1015,123,0,aro,cross_leg_right,1
1686,1786866444.574114,695,823,853,1031,847,775,661,807,773,732,0,0,381,446,473,517,0,308,815,681,745,695,619,477,0,0,0,0,731,1015,121,0,aro,cross_leg_right,1
1687,1786866444.594167,695,825,853,1039,851,767,665,806,777,730,0,0,383,446,472,518,0,307,813,691,744,693,621,474,0,0,0,0,733,1019,122,0,aro,cross_leg_right,1
1688,1786866444.614074,694,823,855,1043,853,773,667,808,775,731,0,0,383,443,472,519,0,299,815,681,742,695,619,475,0,0,0,0,727,1017,121,0,aro,cross_leg_right,1
1689,1786866444.634069,695,822,854,1039,851,776,667,805,779,733,0,0,389,446,473,519,0,308,819,685,745,701,619,476,0,0,0,0,733,1017,121,0,aro,cross_leg_right,1
1690,1786866444.654066,696,825,854,1039,850,775,665,808,775,731,0,0,389,447,473,518,0,308,815,680,743,699,620,475,0,0,0,0,735,1014,121,0,aro,cross_leg_right,1
1691,1786866444.674041,697,823,853,1039,851,775,665,807,760,731,0,0,381,445,472,519,0,309,814,679,745,699,617,475,0,0,0,0,733,1017,121,0,aro,cross_leg_right,1
1692,1786866444.693726,697,824,853,1035,851,775,665,807,776,732,0,0,381,443,473,519,0,325,815,680,746,699,621,475,0,0,0,0,726,1012,120,0,aro,cross_leg_right,1
1693,1786866444.714094,695,823,854,1035,846,775,665,807,779,733,0,0,381,445,474,519,0,307,819,682,745,700,618,475,0,0,0,0,739,1015,120,0,aro,cross_leg_right,1
1694,1786866444.734034,697,825,855,1035,851,775,667,805,763,735,0,0,382,445,474,510,0,307,817,681,743,697,621,475,0,0,0,0,731,1016,119,0,aro,cross_leg_right,1
1695,1786866444.754027,697,824,855,1041,851,776,667,807,775,731,0,0,381,445,473,517,0,308,815,678,751,699,619,475,0,0,0,0,731,1016,119,0,aro,cross_leg_right,1
1696,1786866444.774084,695,819,854,1036,847,774,667,805,777,732,0,0,390,447,471,519,0,301,813,680,743,700,631,474,0,0,0,0,738,1017,118,0,aro,cross_leg_right,1
1697,1786866444.794029,693,821,853,1039,850,774,667,807,775,735,0,0,383,452,475,518,0,307,813,683,739,697,619,473,0,0,0,0,735,1013,119,0,aro,cross_leg_right,1
1698,1786866444.814015,697,827,855,1039,851,774,665,807,778,728,0,0,382,443,473,517,0,307,815,681,745,697,617,474,0,0,0,0,747,1017,118,0,aro,cross_leg_right,1
1699,1786866444.834097,697,815,853,1039,853,775,665,807,775,734,0,0,383,447,474,519,0,308,813,677,750,695,611,475,0,0,0,0,729,1016,119,0,aro,cross_leg_right,1
1700,1786866444.854021,697,826,855,1039,851,775,664,807,775,723,0,0,383,447,474,517,0,311,815,677,740,699,619,474,0,0,0,0,725,1011,119,0,aro,cross_leg_right,1
1701,1786866444.874086,696,823,855,1039,851,773,660,805,776,732,0,0,383,446,474,518,0,307,818,679,745,697,619,475,0,0,0,0,735,1017,117,0,aro,cross_leg_right,1
1702,1786866444.894083,695,824,855,1041,851,775,666,809,776,733,0,0,377,447,475,520,0,307,821,679,759,699,619,461,0,0,0,0,734,1017,121,0,aro,cross_leg_right,1
1703,1786866444.914016,696,825,855,1039,851,773,664,807,779,740,0,0,391,447,475,518,0,309,819,680,743,699,632,475,0,0,0,0,733,1014,117,0,aro,cross_leg_right,1
1704,1786866444.934009,695,825,854,1041,847,773,677,807,774,731,0,0,383,443,475,519,0,315,815,679,749,699,619,475,0,0,0,0,743,1016,118,0,aro,cross_leg_right,1
1705,1786866444.953333,695,827,853,1041,850,767,664,807,775,729,0,0,390,443,472,519,0,307,815,679,744,695,631,474,0,0,0,0,729,1015,116,0,aro,cross_leg_right,1
1706,1786866444.974110,696,823,854,1041,853,775,664,807,776,730,0,0,381,444,473,519,0,307,815,681,745,697,618,475,0,0,0,0,733,1016,117,0,aro,cross_leg_right,1
1707,1786866444.994021,694,813,854,1039,853,777,665,805,777,735,0,0,389,454,473,518,0,311,819,681,755,701,618,475,0,0,0,0,733,1020,117,0,aro,cross_leg_right,1
1708,1786866445.014023,697,839,855,1039,855,775,664,807,777,741,0,0,389,443,473,519,0,307,819,681,745,699,621,476,0,0,0,0,733,1017,117,0,aro,cross_leg_right,1
1709,1786866445.034051,695,824,855,1043,851,775,669,805,773,735,0,0,381,453,471,518,0,306,818,679,743,699,617,475,0,0,0,0,739,1016,119,0,aro,cross_leg_right,1
1710,1786866445.053998,696,825,855,1039,851,775,665,807,774,731,0,0,383,447,473,517,0,307,819,677,747,699,621,475,0,0,0,0,733,1017,119,0,aro,cross_leg_right,1
1711,1786866445.074047,697,825,855,1039,853,775,667,807,779,731,0,0,382,447,475,519,0,304,819,683,745,701,621,477,0,0,0,0,738,1015,116,0,aro,cross_leg_right,1
1712,1786866445.094071,696,823,855,1039,851,775,659,809,777,733,0,0,390,445,471,519,0,305,815,679,747,703,620,475,0,0,0,0,748,1015,117,0,aro,cross_leg_right,1
1713,1786866445.114032,694,824,854,1039,851,775,665,807,777,732,0,0,383,456,473,518,0,307,813,677,745,699,621,474,0,0,0,0,732,1014,117,0,aro,cross_leg_right,1
1714,1786866445.134068,696,826,855,1043,853,765,665,807,778,731,0,0,383,457,472,519,0,309,813,680,745,703,621,476,0,0,0,0,732,1017,115,0,aro,cross_leg_right,1
1715,1786866445.154085,696,824,851,1041,851,763,662,805,776,733,0,0,395,445,473,518,0,307,814,671,744,685,616,474,0,0,0,0,729,1031,116,0,aro,cross_leg_right,1
1716,1786866445.174087,696,822,853,1039,853,764,667,806,778,733,0,0,382,435,474,518,0,311,815,681,745,697,619,473,0,0,0,0,734,1012,115,0,aro,cross_leg_right,1
1717,1786866445.194057,711,824,855,1041,851,767,667,807,779,733,0,0,382,445,472,509,0,309,815,693,745,690,616,474,0,0,0,0,739,1015,117,0,aro,cross_leg_right,1
1718,1786866445.214092,697,823,853,1039,851,773,663,808,776,731,0,0,389,455,473,518,0,309,814,678,751,699,621,461,0,0,0,0,729,1017,117,0,aro,cross_leg_right,1
1719,1786866445.234119,695,824,854,1036,852,777,666,807,775,739,0,0,381,446,474,519,0,308,813,679,733,700,620,474,0,0,0,0,737,1019,115,0,aro,cross_leg_right,1
1720,1786866445.254124,700,823,855,1039,853,777,665,808,775,733,0,0,391,446,473,517,0,309,818,665,745,709,619,475,0,0,0,0,733,1021,115,0,aro,cross_leg_right,1
1721,1786866445.274117,697,825,855,1046,854,775,669,807,779,733,0,0,383,447,471,511,0,309,809,679,743,699,623,475,0,0,0,0,738,1015,115,0,aro,cross_leg_right,1
1722,1786866445.294066,695,822,853,1039,851,775,665,806,774,741,0,0,382,443,472,519,0,311,815,679,744,684,621,475,0,0,0,0,731,1013,115,0,aro,cross_leg_right,1
1723,1786866445.314050,692,824,855,1039,861,777,667,807,765,735,0,0,379,443,475,521,0,308,819,680,745,709,617,475,0,0,0,0,725,1017,117,0,aro,cross_leg_right,1
1724,1786866445.334053,700,824,855,1039,846,773,665,807,766,730,0,0,380,447,473,520,0,309,819,681,745,697,619,473,0,0,0,0,749,1021,115,0,aro,cross_leg_right,1
1725,1786866445.354053,695,823,855,1035,852,775,665,807,777,724,0,0,383,453,473,519,0,309,814,681,745,699,621,475,0,0,0,0,731,1015,115,0,aro,cross_leg_right,1
1726,1786866445.374034,696,821,855,1039,844,773,665,807,772,733,0,0,389,453,473,519,0,325,813,679,744,699,619,475,0,0,0,0,750,1013,111,0,aro,cross_leg_right,1
1727,1786866445.394028,695,824,855,1041,852,777,661,807,777,743,0,0,382,445,471,520,0,309,822,679,745,699,613,477,0,0,0,0,733,1016,111,0,aro,cross_leg_right,1
1728,1786866445.414065,697,825,855,1041,855,775,663,807,776,733,0,0,383,445,475,518,0,317,819,680,747,701,615,476,0,0,0,0,746,1015,110,0,aro,cross_leg_right,1
1729,1786866445.434043,696,824,855,1039,853,776,665,807,775,743,0,0,389,447,475,520,0,309,815,675,741,697,619,473,0,0,0,0,741,1018,111,0,aro,cross_leg_right,1
1730,1786866445.454010,695,824,856,1041,857,775,666,807,773,731,0,0,393,455,472,519,0,303,813,679,745,697,619,475,0,0,0,0,739,1013,111,0,aro,cross_leg_right,1
1731,1786866445.474086,695,825,855,1039,851,774,677,807,777,733,0,0,390,445,471,519,0,309,819,681,745,699,605,475,0,0,0,0,743,1015,115,0,aro,cross_leg_right,1
1732,1786866445.494034,695,824,855,1039,853,783,665,807,776,733,0,0,372,445,469,519,0,307,815,679,745,700,617,475,0,0,0,0,734,1016,114,0,aro,cross_leg_right,1
1733,1786866445.514059,697,823,854,1039,854,777,665,807,779,733,0,0,383,447,473,520,0,309,818,681,728,699,617,473,0,0,0,0,733,1013,114,0,aro,cross_leg_right,1
1734,1786866445.534069,695,824,855,1039,852,776,658,805,777,733,0,0,381,445,473,520,0,303,811,679,745,699,613,473,0,0,0,0,727,1017,111,0,aro,cross_leg_right,1
1735,1786866445.554023,695,825,855,1041,859,775,668,809,778,733,0,0,382,447,473,510,0,311,809,679,743,699,621,473,0,0,0,0,731,1015,112,0,aro,cross_leg_right,1
1736,1786866445.573190,695,824,855,1039,853,775,664,807,777,734,0,0,391,445,473,520,0,310,815,679,745,698,621,475,0,0,0,0,747,1015,111,0,aro,cross_leg_right,1
1737,1786866445.593393,692,823,855,1041,854,773,664,808,776,734,0,0,381,443,475,519,0,309,818,679,744,698,619,475,0,0,0,0,735,1015,110,0,aro,cross_leg_right,1
1738,1786866445.614005,695,825,855,1039,852,765,670,807,776,733,0,0,383,445,472,517,0,309,814,680,744,699,619,477,0,0,0,0,731,1015,109,0,aro,cross_leg_right,1
1739,1786866445.634118,697,824,856,1039,853,776,665,805,776,731,0,0,389,447,477,519,0,311,807,679,745,700,620,476,0,0,0,0,731,1015,111,0,aro,cross_leg_right,1
1740,1786866445.654073,697,825,855,1041,853,777,663,804,777,735,0,0,384,445,473,509,0,310,815,679,745,699,615,473,0,0,0,0,735,1013,107,0,aro,cross_leg_right,1
1741,1786866445.674088,696,824,855,1041,843,776,668,809,774,733,0,0,384,447,475,519,0,308,815,677,740,693,617,475,0,0,0,0,735,1015,111,0,aro,cross_leg_right,1
1742,1786866445.694038,695,825,856,1039,853,775,665,807,777,733,0,0,391,445,475,505,0,307,821,679,745,699,627,473,0,0,0,0,733,1015,107,0,aro,cross_leg_right,1
1743,1786866445.714038,695,824,855,1039,853,775,679,808,777,727,0,0,380,446,473,519,0,297,815,679,745,698,616,473,0,0,0,0,743,1013,111,0,aro,cross_leg_right,1
1744,1786866445.734086,697,825,855,1041,851,777,660,807,776,735,0,0,391,447,473,519,0,302,815,679,743,699,623,475,0,0,0,0,743,1015,109,0,aro,cross_leg_right,1
