frame,timestamp,ch0,ch1,ch2,ch3,ch4,ch5,ch6,ch7,ch8,ch9,ch10,ch11,ch12,ch13,ch14,ch15,ch16,ch17,ch18,ch19,ch20,ch21,ch22,ch23,ch24,ch25,ch26,ch27,ch28,ch29,ch30,ch31,person,posture,trial
0,1786866472.519901,767,861,923,1102,858,854,686,873,743,445,605,651,727,538,313,564,43,399,623,525,535,139,0,0,0,892,772,334,0,0,0,0,aro,cross_leg_left,1
1,1786866472.521211,775,861,926,1107,859,851,691,871,744,457,605,651,727,538,313,565,51,403,626,520,536,140,0,0,0,889,765,344,0,0,0,0,aro,cross_leg_left,1
2,1786866472.522087,775,863,926,1109,859,855,691,875,745,459,606,651,727,539,314,565,45,403,621,523,541,140,0,0,0,891,773,351,0,0,0,0,aro,cross_leg_left,1
3,1786866472.522906,775,865,932,1111,861,855,696,873,745,461,605,652,729,539,314,565,47,403,623,529,537,141,0,0,0,890,778,370,0,0,0,0,aro,cross_leg_left,1
4,1786866472.523658,775,864,941,1113,861,853,691,873,746,459,605,652,728,539,309,567,47,404,621,523,537,139,0,0,0,887,777,391,0,0,0,0,aro,cross_leg_left,1
5,1786866472.524409,774,865,933,1113,861,855,683,873,743,455,605,651,727,535,314,568,46,405,628,523,535,132,0,0,0,879,786,395,0,0,0,0,aro,cross_leg_left,1
6,1786866472.525173,779,869,935,1123,863,855,683,872,747,444,605,653,727,537,317,567,53,415,621,521,536,111,0,0,0,887,789,405,0,0,0,0,aro,cross_leg_left,1
7,1786866472.525909,781,871,938,1123,867,853,686,873,745,425,605,654,730,537,313,569,47,395,619,523,533,108,0,0,0,885,787,405,0,0,0,0,aro,cross_leg_left,1
8,1786866472.526638,781,872,941,1123,867,856,684,871,745,413,605,653,731,539,312,569,47,406,623,521,530,105,0,0,0,885,791,395,0,0,0,0,aro,cross_leg_left,1
9,1786866472.527291,789,871,936,1124,867,855,685,873,743,405,610,654,731,538,325,569,46,407,612,520,524,105,0,0,0,903,789,405,0,0,0,0,aro,cross_leg_left,1
10,1786866472.527943,789,871,929,1125,869,851,685,871,743,399,607,659,731,541,316,570,47,407,627,520,525,104,0,0,0,895,787,405,0,0,0,0,aro,cross_leg_left,1
11,1786866472.528593,787,875,935,1125,868,855,692,871,741,395,611,659,731,539,328,570,47,408,619,520,525,105,0,0,0,926,793,407,0,0,0,0,aro,cross_leg_left,1
12,1786866472.529256,788,874,938,1125,867,856,691,871,741,383,612,657,731,539,327,570,47,409,621,522,527,107,0,0,0,941,793,413,0,0,0,0,aro,cross_leg_left,1
13,1786866472.530063,789,877,937,1125,870,850,690,871,739,376,613,659,732,539,317,569,46,409,622,521,531,119,0,0,0,955,792,423,0,0,0,0,aro,cross_leg_left,1
14,1786866472.530699,791,874,938,1125,869,855,691,871,739,376,613,659,732,540,329,569,43,422,620,521,533,136,0,0,0,957,791,407,0,0,0,0,aro,cross_leg_left,1
15,1786866472.531344,789,873,937,1119,869,853,693,869,739,380,611,659,732,541,327,569,45,409,622,522,533,139,0,0,0,957,791,407,0,0,0,0,aro,cross_leg_left,1
16,1786866472.531987,789,869,935,1118,875,853,693,871,741,392,615,655,731,541,327,568,44,408,627,523,537,139,0,0,0,959,791,395,0,0,0,0,aro,cross_leg_left,1
17,1786866472.532636,788,867,931,1115,869,855,695,871,741,397,613,657,731,541,319,567,45,405,623,524,536,136,0,0,0,952,791,396,0,0,0,0,aro,cross_leg_left,1
18,1786866472.533268,789,865,933,1113,869,855,691,871,741,397,599,658,731,541,319,565,43,403,623,523,537,139,0,0,0,936,791,384,0,0,0,0,aro,cross_leg_left,1
19,1786866472.533902,787,867,932,1112,867,859,691,867,739,393,614,657,731,539,315,565,45,399,621,523,536,140,0,0,0,951,789,380,0,0,0,0,aro,cross_leg_left,1
20,1786866472.534536,789,863,933,1113,869,853,693,869,738,379,613,658,730,539,315,563,43,394,620,524,537,141,0,0,0,949,783,375,0,0,0,0,aro,cross_leg_left,1
21,1786866472.535170,787,869,933,1114,869,859,693,869,735,376,614,659,730,539,315,563,45,395,623,524,539,139,0,0,0,967,787,362,0,0,0,0,aro,cross_leg_left,1
22,1786866472.535803,789,871,935,1115,870,854,694,869,733,375,613,657,729,538,309,563,45,395,621,525,538,140,0,0,0,951,781,339,0,0,0,0,aro,cross_leg_left,1
23,1786866472.536459,789,870,942,1115,869,853,693,870,739,378,613,654,730,539,309,563,45,395,616,527,539,141,0,0,0,941,777,325,0,0,0,0,aro,cross_leg_left,1
24,1786866472.537034,791,869,935,1115,871,855,696,871,735,375,613,655,730,536,311,559,45,397,622,525,541,141,0,0,0,947,779,331,0,0,0,0,aro,cross_leg_left,1
25,1786866472.537604,790,867,936,1112,867,857,695,869,739,383,607,652,726,536,310,557,45,396,627,523,537,143,0,0,0,967,776,327,0,0,0,0,aro,cross_leg_left,1
26,1786866472.538176,787,869,935,1115,871,856,688,871,739,390,612,651,727,537,307,558,45,397,621,523,541,146,0,0,0,946,773,328,0,0,0,0,aro,cross_leg_left,1
27,1786866472.538924,789,867,935,1113,870,855,697,869,739,396,613,652,731,537,301,557,48,395,622,525,543,147,0,0,0,943,767,319,0,0,0,0,aro,cross_leg_left,1
28,1786866472.539625,789,868,935,1115,869,857,697,871,739,403,611,653,728,536,286,557,45,394,621,523,541,150,0,0,0,941,763,318,0,0,0,0,aro,cross_leg_left,1
29,1786866472.540320,789,869,936,1114,868,854,695,871,739,405,613,652,728,538,297,557,45,393,621,529,541,156,0,0,0,941,764,303,0,0,0,0,aro,cross_leg_left,1
30,1786866472.540905,787,867,935,1115,871,856,695,871,739,403,615,650,727,536,282,555,45,393,622,527,540,159,0,0,0,940,763,313,0,0,0,0,aro,cross_leg_left,1
31,1786866472.541474,789,867,936,1115,869,857,693,871,741,403,607,651,727,536,271,553,44,391,623,527,544,167,0,0,0,941,759,313,0,0,0,0,aro,cross_leg_left,1
32,1786866472.542062,789,868,935,1115,870,857,693,873,741,397,611,652,727,537,267,553,45,392,623,529,543,168,0,0,0,943,761,312,0,0,0,0,aro,cross_leg_left,1
33,1786866472.542626,789,867,937,1117,869,855,701,871,738,395,610,649,726,535,255,553,45,391,627,530,543,171,0,0,0,942,759,311,0,0,0,0,aro,cross_leg_left,1
34,1786866472.543201,789,869,936,1115,871,857,693,871,739,394,611,653,727,535,254,552,45,391,621,529,540,172,0,0,0,941,759,313,0,0,0,0,aro,cross_leg_left,1
35,1786866472.543790,789,869,936,1115,869,857,695,871,739,389,612,651,727,535,246,553,43,393,621,530,543,174,0,0,0,941,760,300,0,0,0,0,aro,cross_leg_left,1
36,1786866472.544362,789,868,935,1116,869,855,697,873,739,383,611,651,725,535,251,553,45,393,621,529,539,174,0,0,0,941,757,297,0,0,0,0,aro,cross_leg_left,1
37,1786866472.544921,788,868,935,1115,870,856,685,871,740,390,611,651,726,536,252,551,40,392,623,529,543,175,0,0,0,941,757,300,0,0,0,0,aro,cross_leg_left,1
38,1786866472.545474,789,869,937,1115,869,857,695,872,740,389,610,651,725,535,243,551,45,393,623,531,544,179,0,0,0,942,757,317,0,0,0,0,aro,cross_leg_left,1
39,1786866472.546039,787,868,937,1114,869,856,695,873,743,389,611,651,725,533,246,549,47,392,623,525,544,181,0,0,0,942,755,313,0,0,0,0,aro,cross_leg_left,1
40,1786866472.546599,791,868,937,1115,869,856,694,871,741,389,607,651,725,534,251,549,43,393,623,531,547,181,0,0,0,941,759,311,0,0,0,0,aro,cross_leg_left,1
41,1786866472.547164,787,867,937,1112,871,857,691,869,743,391,611,648,719,533,249,549,43,389,621,527,543,181,0,0,0,943,760,304,0,0,0,0,aro,cross_leg_left,1
42,1786866472.547719,790,867,937,1116,869,857,697,872,742,391,607,651,724,543,249,553,43,392,623,529,543,181,0,0,0,943,757,303,0,0,0,0,aro,cross_leg_left,1
43,1786866472.548284,787,867,936,1116,872,855,696,871,742,393,611,651,723,535,249,550,43,393,623,532,548,183,0,0,0,943,759,303,0,0,0,0,aro,cross_leg_left,1
44,1786866472.548784,791,869,937,1115,871,857,695,871,740,395,607,652,724,534,251,551,43,393,623,530,550,184,0,0,0,941,756,299,0,0,0,0,aro,cross_leg_left,1
45,1786866472.549274,789,869,937,1116,870,857,694,873,743,397,607,649,723,535,248,551,43,393,622,531,547,186,0,0,0,941,755,297,0,0,0,0,aro,cross_leg_left,1
46,1786866472.549757,787,869,937,1117,869,857,693,873,745,401,606,649,724,534,248,551,43,393,622,531,543,187,0,0,0,941,755,299,0,0,0,0,aro,cross_leg_left,1
47,1786866472.550239,789,870,938,1117,869,857,695,871,745,402,611,651,725,533,249,551,43,392,623,531,549,187,0,0,0,941,755,299,0,0,0,0,aro,cross_leg_left,1
48,1786866472.550734,789,871,937,1118,871,856,696,872,744,399,610,651,723,535,249,549,43,393,623,531,543,189,0,0,0,941,757,303,0,0,0,0,aro,cross_leg_left,1
49,1786866472.551218,790,868,937,1119,873,857,695,873,745,399,605,651,724,535,251,549,42,393,623,531,550,188,0,0,0,943,749,303,0,0,0,0,aro,cross_leg_left,1
50,1786866472.551709,789,871,937,1119,872,857,695,872,744,395,606,651,724,535,249,551,43,393,623,529,543,189,0,0,0,947,758,301,0,0,0,0,aro,cross_leg_left,1
51,1786866472.552205,791,865,937,1117,868,857,696,871,746,391,605,649,721,531,248,549,43,393,626,529,543,187,0,0,0,949,762,303,0,0,0,0,aro,cross_leg_left,1
52,1786866472.552723,789,871,937,1119,871,857,695,871,742,381,611,650,725,533,249,547,43,393,623,531,549,184,0,0,0,950,751,309,0,0,0,0,aro,cross_leg_left,1
53,1786866472.553211,791,871,937,1121,871,856,695,871,740,377,611,651,725,535,248,547,41,393,623,531,547,184,0,0,0,951,755,304,0,0,0,0,aro,cross_leg_left,1
54,1786866472.553710,789,871,937,1119,871,857,695,869,735,373,607,652,725,536,249,547,45,393,623,531,547,186,0,0,0,951,752,311,0,0,0,0,aro,cross_leg_left,1
55,1786866472.554189,792,869,938,1123,871,856,696,871,736,365,607,649,723,535,247,546,41,393,623,531,549,185,0,0,0,951,743,309,0,0,0,0,aro,cross_leg_left,1
56,1786866472.554628,793,871,939,1122,870,855,694,869,737,361,605,651,725,535,249,543,41,393,623,531,549,185,0,0,0,952,747,304,0,0,0,0,aro,cross_leg_left,1
57,1786866472.555069,791,870,939,1124,871,857,693,869,735,357,606,651,725,534,249,543,42,393,623,532,549,186,0,0,0,951,755,303,0,0,0,0,aro,cross_leg_left,1
58,1786866472.555506,791,871,939,1125,869,856,695,868,723,351,612,651,727,535,250,543,41,393,626,531,548,187,0,0,0,952,752,307,0,0,0,0,aro,cross_leg_left,1
59,1786866472.555947,791,873,940,1123,871,855,695,867,733,348,611,652,725,534,249,543,41,393,623,531,549,185,0,0,0,952,751,303,0,0,0,0,aro,cross_leg_left,1
60,1786866472.556379,789,871,939,1125,870,856,694,867,732,349,607,651,725,535,249,544,41,392,623,533,547,184,0,0,0,953,751,309,0,0,0,0,aro,cross_leg_left,1
61,1786866472.556821,791,872,947,1126,869,855,695,863,731,344,611,639,726,531,250,543,41,391,627,538,549,175,0,0,0,953,757,307,0,0,0,0,aro,cross_leg_left,1
62,1786866472.557250,791,873,939,1127,870,857,693,868,733,347,605,651,725,536,249,543,41,391,622,531,547,187,0,0,0,955,751,307,0,0,0,0,aro,cross_leg_left,1
63,1786866472.557682,792,873,940,1127,871,857,693,867,732,343,613,653,725,537,249,543,41,391,623,531,548,187,0,0,0,953,783,309,0,0,0,0,aro,cross_leg_left,1
64,1786866472.558122,797,874,941,1127,868,855,693,867,733,341,607,651,725,536,249,543,42,391,623,532,549,188,0,0,0,956,752,307,0,0,0,0,aro,cross_leg_left,1
65,1786866472.558553,789,871,939,1127,869,856,693,863,730,338,610,653,725,537,250,543,41,391,623,531,547,189,0,0,0,956,741,309,0,0,0,0,aro,cross_leg_left,1
66,1786866472.558992,793,869,937,1127,869,856,692,863,731,332,613,651,723,536,250,546,42,391,623,532,544,187,0,0,0,957,758,311,0,0,0,0,aro,cross_leg_left,1
67,1786866472.559420,791,875,939,1127,871,857,693,861,732,317,607,652,724,536,249,546,42,391,623,532,557,187,0,0,0,957,759,312,0,0,0,0,aro,cross_leg_left,1
68,1786866472.559852,792,871,941,1125,869,856,691,863,733,311,610,651,725,536,249,547,43,392,627,531,542,185,0,0,0,958,757,313,0,0,0,0,aro,cross_leg_left,1
69,1786866472.560262,791,867,940,1125,873,855,692,861,731,306,611,655,727,537,249,547,41,392,624,529,549,181,0,0,0,959,757,309,0,0,0,0,aro,cross_leg_left,1
70,1786866472.560643,793,882,942,1127,869,856,691,860,728,309,607,653,725,537,251,547,41,392,625,530,544,182,0,0,0,959,747,309,0,0,0,0,aro,cross_leg_left,1
71,1786866472.561026,789,877,939,1128,869,853,690,861,727,309,611,651,727,538,249,547,40,392,625,531,549,184,0,0,0,958,755,307,0,0,0,0,aro,cross_leg_left,1
72,1786866472.561404,793,876,941,1129,870,856,693,861,731,318,611,651,727,539,251,549,41,392,627,532,547,185,0,0,0,959,755,307,0,0,0,0,aro,cross_leg_left,1
73,1786866472.561786,791,886,941,1128,871,856,693,863,729,331,611,651,727,537,251,549,43,393,626,527,547,184,0,0,0,959,756,303,0,0,0,0,aro,cross_leg_left,1
74,1786866472.562162,795,875,939,1127,870,856,693,863,730,335,607,651,726,537,249,549,43,391,626,529,547,187,0,0,0,957,751,303,0,0,0,0,aro,cross_leg_left,1
75,1786866472.562541,790,875,940,1129,869,857,693,863,727,343,611,650,727,536,248,549,41,391,627,531,548,187,0,0,0,955,757,301,0,0,0,0,aro,cross_leg_left,1
76,1786866472.562920,789,877,939,1127,869,856,693,863,729,345,613,655,725,537,248,548,41,391,623,527,543,183,0,0,0,955,751,301,0,0,0,0,aro,cross_leg_left,1
77,1786866472.563298,793,871,942,1127,869,856,693,867,728,341,613,650,724,537,249,549,43,383,623,529,555,180,0,0,0,955,759,302,0,0,0,0,aro,cross_leg_left,1
78,1786866472.563683,792,865,941,1126,867,857,693,861,729,347,606,651,723,533,249,548,42,389,628,525,543,185,0,0,0,957,760,302,0,0,0,0,aro,cross_leg_left,1
79,1786866472.564061,791,873,939,1128,871,856,692,865,728,347,611,649,725,536,251,549,43,389,627,533,551,187,0,0,0,955,756,303,0,0,0,0,aro,cross_leg_left,1
80,1786866472.564442,791,871,941,1129,869,856,693,863,729,350,605,653,725,537,249,549,42,390,627,532,543,185,0,0,0,955,749,303,0,0,0,0,aro,cross_leg_left,1
81,1786866472.564818,789,872,939,1125,868,855,690,863,726,355,611,652,724,535,249,549,43,391,627,533,538,187,0,0,0,957,751,307,0,0,0,0,aro,cross_leg_left,1
82,1786866472.565202,795,874,941,1127,870,855,693,862,727,348,611,651,723,551,251,549,41,393,627,531,547,189,0,0,0,959,751,307,0,0,0,0,aro,cross_leg_left,1
83,1786866472.565618,791,874,941,1127,869,857,693,863,731,345,607,652,717,538,249,548,42,391,628,536,551,201,0,0,0,955,757,308,0,0,0,0,aro,cross_leg_left,1
84,1786866472.566017,791,875,941,1130,868,851,693,861,728,345,610,653,702,537,244,549,41,391,626,530,544,187,0,0,0,956,756,309,0,0,0,0,aro,cross_leg_left,1
85,1786866472.566423,791,875,941,1129,867,856,692,861,727,341,611,653,727,537,249,549,44,395,628,532,544,185,0,0,0,959,755,309,0,0,0,0,aro,cross_leg_left,1
86,1786866472.566832,791,877,941,1129,868,855,693,861,729,342,609,653,729,537,249,550,43,391,627,531,543,183,0,0,0,964,752,308,0,0,0,0,aro,cross_leg_left,1
87,1786866472.567231,789,875,941,1131,868,855,693,861,729,339,607,650,723,537,251,550,41,395,627,532,547,185,0,0,0,967,755,309,0,0,0,0,aro,cross_leg_left,1
88,1786866472.567615,792,876,940,1129,867,855,693,860,730,343,611,651,727,539,251,551,43,396,627,531,547,183,0,0,0,966,757,313,0,0,0,0,aro,cross_leg_left,1
89,1786866472.568001,791,877,941,1129,868,855,693,850,731,341,611,657,725,539,249,551,41,395,627,531,551,185,0,0,0,967,758,312,0,0,0,0,aro,cross_leg_left,1
90,1786866472.568355,794,875,941,1130,867,855,693,861,729,357,611,651,728,539,249,551,41,395,627,532,549,185,0,0,0,967,756,313,0,0,0,0,aro,cross_leg_left,1
91,1786866472.568711,788,877,941,1132,863,855,691,861,731,345,611,651,725,538,249,553,41,396,629,531,547,185,0,0,0,967,745,312,0,0,0,0,aro,cross_leg_left,1
92,1786866472.569069,791,877,937,1131,866,855,693,859,729,349,611,668,725,540,239,553,40,398,627,531,548,185,0,0,0,967,757,311,0,0,0,0,aro,cross_leg_left,1
93,1786866472.569422,791,876,943,1131,867,855,691,859,729,350,612,659,729,539,251,552,41,396,629,533,549,185,0,0,0,967,757,312,0,0,0,0,aro,cross_leg_left,1
94,1786866472.569780,785,876,941,1132,854,853,690,861,729,349,613,653,727,540,251,552,41,398,627,534,547,181,0,0,0,966,739,313,0,0,0,0,aro,cross_leg_left,1
95,1786866472.570133,790,876,943,1133,863,858,687,861,728,357,612,665,729,541,250,553,41,399,629,531,549,187,0,0,0,965,756,312,0,0,0,0,aro,cross_leg_left,1
96,1786866472.570482,791,877,943,1134,867,855,687,861,729,363,611,652,727,539,251,553,41,399,629,533,548,189,0,0,0,965,757,311,0,0,0,0,aro,cross_leg_left,1
97,1786866472.570838,792,876,943,1133,875,855,686,865,732,372,606,649,725,538,251,555,42,405,629,532,549,199,0,0,0,958,745,312,0,0,0,0,aro,cross_leg_left,1
98,1786866472.571188,778,875,943,1133,870,854,687,862,733,379,607,653,728,538,251,557,40,406,631,533,551,198,0,0,0,957,759,313,0,0,0,0,aro,cross_leg_left,1
99,1786866472.571549,779,877,941,1132,869,855,685,861,731,391,599,661,725,539,251,555,41,405,629,534,549,201,0,0,0,954,775,315,0,0,0,0,aro,cross_leg_left,1
100,1786866472.571901,787,871,946,1133,870,855,685,859,733,393,605,658,725,537,251,555,41,407,630,533,553,199,0,0,0,957,765,313,0,0,0,0,aro,cross_leg_left,1
101,1786866472.572331,797,877,941,1131,868,854,685,871,743,399,610,658,725,539,251,555,41,403,631,533,553,202,0,0,0,953,767,313,0,0,0,0,aro,cross_leg_left,1
102,1786866472.572691,788,875,942,1131,867,854,684,874,745,408,587,653,724,535,251,555,43,405,629,535,549,201,0,0,0,955,766,313,0,0,0,0,aro,cross_leg_left,1
103,1786866472.573042,789,873,945,1128,870,855,686,866,748,421,600,659,724,535,252,556,39,407,630,539,549,203,0,0,0,952,763,312,0,0,0,0,aro,cross_leg_left,1
104,1786866472.573403,780,875,943,1131,869,855,687,871,747,435,611,653,725,537,251,556,40,408,633,535,553,200,0,0,0,955,743,315,0,0,0,0,aro,cross_leg_left,1
105,1786866472.573764,787,887,947,1123,869,855,687,869,749,445,611,653,724,536,251,555,40,407,633,535,549,203,0,0,0,949,757,311,0,0,0,0,aro,cross_leg_left,1
106,1786866472.574109,787,869,943,1132,870,857,691,877,752,453,605,652,723,535,251,555,41,405,631,534,553,205,0,0,0,951,755,307,0,0,0,0,aro,cross_leg_left,1
107,1786866472.574437,787,878,943,1126,873,855,691,871,749,455,605,653,724,535,249,553,43,407,631,535,553,205,0,0,0,949,755,309,0,0,0,0,aro,cross_leg_left,1
108,1786866472.574766,783,872,941,1129,871,855,691,868,751,463,611,649,723,533,248,555,40,407,632,537,553,205,0,0,0,941,754,303,0,0,0,0,aro,cross_leg_left,1
109,1786866472.575105,785,872,943,1131,871,856,691,871,755,467,609,647,726,533,248,552,41,407,633,537,555,215,0,0,0,949,755,303,0,0,0,0,aro,cross_leg_left,1
110,1786866472.575431,785,869,941,1135,871,857,691,874,757,474,605,653,726,533,249,552,42,408,631,535,551,213,0,0,0,947,751,301,0,0,0,0,aro,cross_leg_left,1
111,1786866472.575768,787,875,941,1129,873,857,694,877,752,477,607,649,725,531,249,553,43,406,635,537,549,215,0,0,0,943,755,302,0,0,0,0,aro,cross_leg_left,1
112,1786866472.576095,779,877,943,1127,872,859,693,877,757,485,616,655,723,531,250,552,41,408,634,541,557,215,0,0,0,941,755,303,0,0,0,0,aro,cross_leg_left,1
113,1786866472.576429,787,871,941,1125,869,857,694,885,759,487,611,652,724,531,250,551,43,407,633,536,557,213,0,0,0,940,755,299,0,0,0,0,aro,cross_leg_left,1
114,1786866472.576762,787,868,940,1125,871,857,695,878,760,489,610,647,722,531,251,551,42,405,633,537,556,215,0,0,0,943,751,299,0,0,0,0,aro,cross_leg_left,1
115,1786866472.577107,787,873,939,1133,873,859,697,879,759,488,609,651,719,531,247,551,39,407,632,538,556,221,0,0,0,941,754,305,0,0,0,0,aro,cross_leg_left,1
116,1786866472.577449,785,873,942,1126,871,856,697,879,761,491,605,650,723,531,243,551,47,403,627,538,552,215,0,0,0,937,757,303,0,0,0,0,aro,cross_leg_left,1
117,1786866472.577774,787,873,939,1125,870,859,695,877,759,491,611,650,724,530,249,552,41,403,635,540,559,201,0,0,0,942,755,308,0,0,0,0,aro,cross_leg_left,1
118,1786866472.578105,783,873,939,1119,873,859,695,879,759,501,603,649,721,530,247,551,39,405,633,525,553,229,0,0,0,937,755,302,0,0,0,0,aro,cross_leg_left,1
119,1786866472.578430,785,869,941,1115,868,859,696,879,759,487,604,647,717,529,249,552,43,403,635,539,553,211,0,0,0,937,755,303,0,0,0,0,aro,cross_leg_left,1
120,1786866472.578755,785,871,939,1111,871,859,695,877,758,479,611,653,719,529,246,552,43,401,634,539,571,205,0,0,0,932,755,302,0,0,0,0,aro,cross_leg_left,1
121,1786866472.579085,783,873,938,1113,870,859,697,879,759,476,611,653,723,530,245,551,43,397,633,539,555,212,0,0,0,935,756,303,0,0,0,0,aro,cross_leg_left,1
122,1786866472.579410,786,869,940,1117,863,854,699,877,759,479,602,649,723,531,245,551,41,397,633,543,549,213,0,0,0,936,757,307,0,0,0,0,aro,cross_leg_left,1
123,1786866472.579744,786,872,937,1117,870,861,696,879,759,465,607,647,701,531,245,553,40,395,633,549,553,217,0,0,0,939,756,315,0,0,0,0,aro,cross_leg_left,1
124,1786866472.580049,785,872,939,1123,869,859,696,875,751,416,611,658,724,531,247,553,44,406,638,536,553,222,0,0,0,947,757,317,0,0,0,0,aro,cross_leg_left,1
125,1786866472.580357,787,871,939,1117,869,857,697,873,748,398,615,647,718,531,249,553,41,405,633,539,555,223,0,0,0,943,759,324,0,0,0,0,aro,cross_leg_left,1
126,1786866472.580663,787,870,937,1111,868,857,695,871,741,381,611,653,729,530,249,553,43,393,639,543,566,201,0,0,0,943,759,319,0,0,0,0,aro,cross_leg_left,1
127,1786866472.580998,787,869,937,1109,867,857,695,868,738,383,604,654,733,529,247,553,44,379,635,537,551,189,0,0,0,939,759,316,0,0,0,0,aro,cross_leg_left,1
128,1786866472.581339,786,871,939,1108,856,859,695,869,728,378,607,655,725,530,244,553,43,379,633,541,551,189,0,0,0,931,758,311,0,0,0,0,aro,cross_leg_left,1
129,1786866472.581673,786,869,934,1109,863,859,697,871,741,379,609,653,730,531,245,554,45,381,635,539,551,187,0,0,0,936,759,315,0,0,0,0,aro,cross_leg_left,1
130,1786866472.581994,786,867,935,1111,871,863,699,875,741,391,611,639,723,531,247,552,41,390,634,539,551,189,0,0,0,937,762,314,0,0,0,0,aro,cross_leg_left,1
131,1786866472.582309,786,871,925,1112,869,861,699,873,741,392,605,671,729,531,247,552,41,383,637,539,551,197,0,0,0,947,760,314,0,0,0,0,aro,cross_leg_left,1
132,1786866472.582621,788,873,935,1112,873,861,699,874,741,391,611,651,723,531,247,553,29,379,637,541,551,201,0,0,0,947,760,317,0,0,0,0,aro,cross_leg_left,1
133,1786866472.582944,789,872,943,1119,871,867,700,873,728,379,613,662,717,529,245,553,43,381,635,547,552,197,0,0,0,953,759,319,0,0,0,0,aro,cross_leg_left,1
134,1786866472.583255,791,873,936,1121,886,863,699,871,747,365,611,652,727,527,246,553,41,379,633,543,551,186,0,0,0,957,761,319,0,0,0,0,aro,cross_leg_left,1
135,1786866472.583573,789,873,937,1123,875,863,699,869,733,363,612,652,725,527,244,553,55,377,633,541,551,180,0,0,0,955,761,325,0,0,0,0,aro,cross_leg_left,1
136,1786866472.583885,789,873,934,1117,875,862,700,867,734,361,612,651,726,529,244,553,41,375,633,537,547,175,0,0,0,951,757,315,0,0,0,0,aro,cross_leg_left,1
137,1786866472.584200,789,872,939,1112,870,865,699,875,735,364,612,649,725,525,247,553,41,376,635,539,549,168,0,0,0,953,752,317,0,0,0,0,aro,cross_leg_left,1
138,1786866472.584521,787,868,925,1107,871,863,699,867,731,365,613,663,717,529,245,552,43,373,632,541,551,155,0,0,0,951,761,315,0,0,0,0,aro,cross_leg_left,1
139,1786866472.584829,788,872,933,1111,873,867,701,869,732,370,611,649,729,533,244,551,41,373,634,540,549,157,0,0,0,950,755,315,0,0,0,0,aro,cross_leg_left,1
140,1786866472.585147,787,868,935,1111,869,863,699,873,733,367,610,653,725,525,246,551,41,373,635,539,550,174,0,0,0,951,741,314,0,0,0,0,aro,cross_leg_left,1
141,1786866472.585458,789,871,933,1109,875,867,699,879,733,367,611,650,725,525,245,551,41,375,635,539,551,179,0,0,0,952,758,315,0,0,0,0,aro,cross_leg_left,1
142,1786866472.585772,793,869,938,1109,871,859,697,867,732,365,612,650,723,525,243,551,40,372,632,541,550,181,0,0,0,960,767,315,0,0,0,0,aro,cross_leg_left,1
143,1786866472.586085,788,869,935,1109,871,869,693,868,733,362,611,649,724,529,245,551,44,375,636,540,550,183,0,0,0,951,761,316,0,0,0,0,aro,cross_leg_left,1
144,1786866472.586395,779,869,933,1109,871,861,698,871,733,361,611,653,723,527,247,551,41,377,635,541,551,183,0,0,0,953,767,314,0,0,0,0,aro,cross_leg_left,1
145,1786866472.586706,787,872,934,1111,861,862,698,869,733,359,615,653,723,536,239,551,40,375,633,539,552,191,0,0,0,951,759,317,0,0,0,0,aro,cross_leg_left,1
146,1786866472.587016,789,871,937,1113,861,863,699,869,732,357,611,655,725,527,245,553,40,373,636,539,552,183,0,0,0,953,776,319,0,0,0,0,aro,cross_leg_left,1
147,1786866472.587332,789,869,937,1111,873,861,697,867,733,356,613,651,722,531,245,553,45,375,636,541,551,185,0,0,0,953,766,317,0,0,0,0,aro,cross_leg_left,1
148,1786866472.587638,786,872,937,1109,867,861,698,867,735,356,614,653,723,530,248,553,43,374,637,532,551,185,0,0,0,947,759,323,0,0,0,0,aro,cross_leg_left,1
149,1786866472.587936,793,872,939,1111,871,861,697,867,733,358,612,655,718,529,245,553,41,375,632,540,551,189,0,0,0,949,757,317,0,0,0,0,aro,cross_leg_left,1
150,1786866472.588239,791,871,937,1112,878,862,697,867,733,361,610,652,723,529,244,555,43,380,635,541,551,189,0,0,0,951,750,318,0,0,0,0,aro,cross_leg_left,1
151,1786866472.588530,782,871,941,1113,875,861,696,866,735,359,611,651,721,529,245,554,43,375,635,541,551,187,0,0,0,959,761,325,0,0,0,0,aro,cross_leg_left,1
152,1786866472.588837,785,871,939,1111,870,861,697,861,733,361,611,651,726,529,246,553,45,375,637,541,551,189,0,0,0,943,761,325,0,0,0,0,aro,cross_leg_left,1
153,1786866472.589131,787,869,938,1117,873,859,697,867,734,363,611,659,727,531,247,555,43,380,635,542,552,191,0,0,0,959,761,325,0,0,0,0,aro,cross_leg_left,1
154,1786866472.589424,783,867,938,1117,871,859,697,866,734,365,612,652,721,531,244,555,40,376,637,541,551,191,0,0,0,957,760,326,0,0,0,0,aro,cross_leg_left,1
155,1786866472.589728,782,872,935,1109,869,866,697,867,735,374,613,648,723,531,247,555,44,381,637,540,552,197,0,0,0,943,760,327,0,0,0,0,aro,cross_leg_left,1
156,1786866472.590018,792,868,938,1111,877,861,695,867,745,379,610,649,719,530,244,557,41,379,636,541,555,203,0,0,0,950,762,326,0,0,0,0,aro,cross_leg_left,1
157,1786866472.590325,794,873,935,1113,875,858,695,868,729,381,611,652,722,531,247,555,43,389,635,542,555,205,0,0,0,948,765,319,0,0,0,0,aro,cross_leg_left,1
158,1786866472.590616,782,872,939,1113,870,861,695,868,731,383,611,653,729,531,245,556,45,389,637,541,539,205,0,0,0,965,761,327,0,0,0,0,aro,cross_leg_left,1
159,1786866472.590908,789,868,935,1108,873,861,697,863,738,393,612,655,722,531,245,555,41,393,647,541,553,205,0,0,0,951,761,317,0,0,0,0,aro,cross_leg_left,1
160,1786866472.591212,789,868,934,1107,873,861,695,869,739,393,612,649,722,531,247,554,40,389,645,541,553,211,0,0,0,974,761,329,0,0,0,0,aro,cross_leg_left,1
161,1786866472.591505,789,871,935,1109,871,859,695,867,743,395,610,651,723,531,233,555,41,395,638,541,555,211,0,0,0,950,761,319,0,0,0,0,aro,cross_leg_left,1
162,1786866472.591803,787,871,935,1109,871,871,695,869,739,395,611,648,724,529,248,555,42,393,639,543,553,211,0,0,0,951,761,325,0,0,0,0,aro,cross_leg_left,1
163,1786866472.592103,788,867,935,1109,871,863,699,869,739,393,611,649,727,531,232,557,40,396,637,542,553,212,0,0,0,957,762,329,0,0,0,0,aro,cross_leg_left,1
164,1786866472.592393,788,873,938,1109,871,861,697,869,739,391,613,649,727,531,245,555,43,397,635,543,553,211,0,0,0,956,762,327,0,0,0,0,aro,cross_leg_left,1
165,1786866472.592705,789,877,933,1109,872,869,699,869,733,391,612,657,718,531,249,554,41,396,645,547,553,211,0,0,0,951,761,329,0,0,0,0,aro,cross_leg_left,1
166,1786866472.592999,788,870,937,1117,871,862,699,874,739,390,611,652,725,531,246,554,39,397,637,543,554,211,0,0,0,978,762,329,0,0,0,0,aro,cross_leg_left,1
167,1786866472.593302,789,871,949,1109,872,868,699,869,739,388,612,651,728,531,251,556,43,399,645,543,555,213,0,0,0,947,763,311,0,0,0,0,aro,cross_leg_left,1
168,1786866472.593612,789,872,937,1110,875,871,697,871,741,389,613,650,725,531,267,555,43,391,639,543,555,215,0,0,0,955,763,328,0,0,0,0,aro,cross_leg_left,1
169,1786866472.593909,788,873,935,1109,871,867,701,872,740,391,611,653,724,531,246,555,45,399,644,544,553,215,0,0,0,954,761,316,0,0,0,0,aro,cross_leg_left,1
170,1786866472.594203,788,871,926,1108,872,866,701,871,740,391,612,652,723,531,247,555,41,381,649,543,553,213,0,0,0,953,761,329,0,0,0,0,aro,cross_leg_left,1
171,1786866472.594492,787,868,935,1109,871,869,699,871,743,393,612,666,717,531,248,554,39,403,648,543,554,215,0,0,0,951,763,331,0,0,0,0,aro,cross_leg_left,1
172,1786866472.594786,789,875,927,1107,872,867,698,870,739,393,612,651,719,531,251,555,40,402,645,543,554,213,0,0,0,955,762,327,0,0,0,0,aro,cross_leg_left,1
173,1786866472.595073,788,873,936,1107,873,861,700,869,741,393,612,659,723,529,249,555,44,397,637,543,555,213,0,0,0,955,762,341,0,0,0,0,aro,cross_leg_left,1
174,1786866472.595364,788,870,935,1107,875,859,703,871,739,391,613,651,724,529,247,555,41,382,645,542,554,213,0,0,0,956,761,329,0,0,0,0,aro,cross_leg_left,1
175,1786866472.595644,787,871,927,1108,871,863,698,873,741,383,612,651,723,530,246,555,43,398,647,543,554,213,0,0,0,957,761,332,0,0,0,0,aro,cross_leg_left,1
176,1786866472.595920,789,871,927,1108,872,863,699,870,741,383,612,653,725,531,249,555,51,403,645,544,555,213,0,0,0,953,763,318,0,0,0,0,aro,cross_leg_left,1
177,1786866472.596204,788,870,940,1109,873,863,699,870,739,379,612,652,724,529,249,555,31,398,647,543,554,211,0,0,0,956,761,325,0,0,0,0,aro,cross_leg_left,1
178,1786866472.596481,789,871,935,1109,872,865,699,871,735,377,611,653,723,532,248,553,54,399,647,543,554,211,0,0,0,957,762,331,0,0,0,0,aro,cross_leg_left,1
179,1786866472.596765,789,870,937,1109,875,865,699,869,739,373,612,653,724,529,248,555,39,399,648,543,555,207,0,0,0,958,763,331,0,0,0,0,aro,cross_leg_left,1
180,1786866472.597044,789,871,936,1111,872,863,699,870,739,367,613,655,725,530,249,555,37,399,637,547,553,207,0,0,0,959,763,328,0,0,0,0,aro,cross_leg_left,1
181,1786866472.597318,789,871,937,1111,875,861,699,869,741,361,612,653,725,531,249,555,40,403,635,543,554,205,0,0,0,960,763,331,0,0,0,0,aro,cross_leg_left,1
182,1786866472.597601,789,871,937,1112,875,865,699,869,735,359,613,653,723,531,248,555,30,401,636,547,553,205,0,0,0,958,763,329,0,0,0,0,aro,cross_leg_left,1
183,1786866472.597901,790,872,937,1112,877,861,695,869,739,356,613,653,725,535,247,555,39,399,655,543,552,203,0,0,0,957,763,331,0,0,0,0,aro,cross_leg_left,1
184,1786866472.598212,788,873,936,1111,875,861,696,869,739,357,615,653,725,531,251,553,35,397,646,543,554,204,0,0,0,955,763,325,0,0,0,0,aro,cross_leg_left,1
185,1786866472.598510,789,871,937,1112,875,861,699,869,735,357,613,653,725,529,248,556,42,399,661,543,553,203,0,0,0,967,762,328,0,0,0,0,aro,cross_leg_left,1
186,1786866472.598796,787,873,937,1111,877,860,697,868,739,356,613,653,725,531,249,556,41,401,639,543,553,202,0,0,0,959,760,329,0,0,0,0,aro,cross_leg_left,1
187,1786866472.599078,789,873,937,1112,875,863,699,868,733,351,609,653,725,531,249,555,43,400,662,543,553,201,0,0,0,971,763,335,0,0,0,0,aro,cross_leg_left,1
188,1786866472.599358,791,872,937,1112,875,863,695,868,738,351,613,652,725,531,249,556,43,405,648,544,554,201,0,0,0,965,763,333,0,0,0,0,aro,cross_leg_left,1
189,1786866472.599647,791,871,936,1113,875,856,697,868,735,351,613,653,723,532,249,555,41,403,647,543,551,201,0,0,0,965,763,330,0,0,0,0,aro,cross_leg_left,1
190,1786866472.599930,791,872,939,1112,877,859,699,868,739,351,612,653,725,531,249,555,41,403,645,543,554,201,0,0,0,983,765,326,0,0,0,0,aro,cross_leg_left,1
191,1786866472.600219,789,869,937,1113,875,863,698,868,735,350,613,655,725,527,247,555,41,402,644,543,553,201,0,0,0,979,763,330,0,0,0,0,aro,cross_leg_left,1
192,1786866472.600503,789,871,937,1113,875,861,698,867,735,349,607,654,728,523,250,556,43,403,639,541,553,201,0,0,0,960,762,330,0,0,0,0,aro,cross_leg_left,1
193,1786866472.600784,788,873,938,1112,876,861,703,868,739,347,613,653,725,531,249,556,43,403,645,543,553,202,0,0,0,967,766,331,0,0,0,0,aro,cross_leg_left,1
194,1786866472.601075,791,871,939,1112,877,870,696,869,740,349,613,653,725,525,261,556,43,403,645,547,553,203,0,0,0,970,765,329,0,0,0,0,aro,cross_leg_left,1
195,1786866472.601358,791,871,938,1113,875,863,697,869,735,348,613,653,727,529,253,555,42,404,639,546,552,201,0,0,0,971,761,331,0,0,0,0,aro,cross_leg_left,1
196,1786866472.601643,787,872,937,1113,875,859,701,869,735,349,613,653,725,531,249,556,41,403,647,543,553,201,0,0,0,953,765,330,0,0,0,0,aro,cross_leg_left,1
197,1786866472.601927,790,872,937,1113,873,869,699,867,733,351,613,654,725,527,248,555,41,403,639,543,555,203,0,0,0,983,765,341,0,0,0,0,aro,cross_leg_left,1
198,1786866472.602211,791,869,938,1113,876,863,696,867,735,351,613,653,725,527,251,555,42,403,646,543,555,207,0,0,0,983,763,331,0,0,0,0,aro,cross_leg_left,1
199,1786866472.602500,789,871,937,1113,875,862,697,868,739,355,612,653,725,525,250,557,42,403,645,547,555,205,0,0,0,956,764,334,0,0,0,0,aro,cross_leg_left,1
200,1786866472.602783,789,873,938,1113,875,873,697,869,735,357,613,653,725,529,237,555,41,403,645,544,553,205,0,0,0,968,766,313,0,0,0,0,aro,cross_leg_left,1
201,1786866472.603067,791,871,938,1113,875,857,697,868,737,361,613,653,725,529,236,557,42,405,647,544,551,205,0,0,0,967,763,318,0,0,0,0,aro,cross_leg_left,1
202,1786866472.603350,790,875,937,1113,877,862,701,869,739,363,613,653,725,529,251,556,41,404,649,543,555,209,0,0,0,972,765,331,0,0,0,0,aro,cross_leg_left,1
203,1786866472.603620,791,873,939,1115,877,859,699,863,739,373,611,653,726,529,249,556,45,401,647,541,543,211,0,0,0,967,761,349,0,0,0,0,aro,cross_leg_left,1
204,1786866472.603898,791,873,939,1115,878,861,695,869,738,375,613,653,727,530,255,557,41,405,647,547,555,211,0,0,0,981,765,330,0,0,0,0,aro,cross_leg_left,1
205,1786866472.604167,789,873,937,1115,878,861,691,869,739,376,613,653,725,529,251,556,43,406,646,543,555,215,0,0,0,967,765,335,0,0,0,0,aro,cross_leg_left,1
206,1786866472.604445,791,873,939,1115,877,861,699,870,739,378,611,653,725,525,252,555,41,404,652,543,553,211,0,0,0,955,765,345,0,0,0,0,aro,cross_leg_left,1
207,1786866472.604715,791,875,939,1115,874,867,700,869,738,377,613,652,726,530,251,556,41,407,647,544,553,213,0,0,0,969,765,334,0,0,0,0,aro,cross_leg_left,1
208,1786866472.604985,790,873,939,1115,875,863,699,869,740,377,612,653,727,529,249,555,42,405,646,544,556,215,0,0,0,967,775,335,0,0,0,0,aro,cross_leg_left,1
209,1786866472.605269,789,873,939,1115,875,859,699,870,739,377,613,652,725,531,236,555,41,406,647,547,553,214,0,0,0,968,765,339,0,0,0,0,aro,cross_leg_left,1
210,1786866472.605540,791,873,939,1115,873,861,696,870,740,375,613,655,725,531,251,557,42,405,647,543,553,212,0,0,0,967,767,339,0,0,0,0,aro,cross_leg_left,1
211,1786866472.605819,789,873,939,1115,875,862,713,867,741,377,613,654,725,532,250,558,43,405,646,543,555,211,0,0,0,967,763,338,0,0,0,0,aro,cross_leg_left,1
212,1786866472.606096,793,872,939,1115,875,860,700,869,739,376,613,655,725,531,250,556,41,405,647,543,555,215,0,0,0,967,767,338,0,0,0,0,aro,cross_leg_left,1
213,1786866472.606370,791,873,939,1115,875,861,693,869,741,379,613,655,725,529,251,557,43,405,646,547,554,215,0,0,0,967,763,343,0,0,0,0,aro,cross_leg_left,1
214,1786866472.606660,790,873,939,1115,875,859,697,867,741,379,611,653,724,527,245,557,41,406,635,547,555,217,0,0,0,967,772,340,0,0,0,0,aro,cross_leg_left,1
215,1786866472.606932,790,874,939,1115,875,863,700,877,738,380,613,653,725,531,241,557,41,405,650,547,555,215,0,0,0,969,763,340,0,0,0,0,aro,cross_leg_left,1
216,1786866472.607208,791,871,939,1115,875,860,700,871,741,383,613,654,725,527,249,557,43,406,647,547,555,217,0,0,0,967,773,339,0,0,0,0,aro,cross_leg_left,1
217,1786866472.607483,792,873,940,1117,876,861,703,871,739,391,613,654,727,527,255,557,44,406,647,548,555,217,0,0,0,967,764,339,0,0,0,0,aro,cross_leg_left,1
218,1786866472.607755,791,873,939,1114,878,861,693,871,742,391,613,653,725,531,252,557,42,405,648,546,554,217,0,0,0,967,765,339,0,0,0,0,aro,cross_leg_left,1
219,1786866472.608038,789,873,939,1113,878,862,699,871,740,393,612,655,725,531,251,557,44,407,647,547,555,219,0,0,0,967,763,339,0,0,0,0,aro,cross_leg_left,1
220,1786866472.608310,789,871,939,1115,877,863,699,871,741,392,613,653,725,531,239,557,45,406,647,547,555,219,0,0,0,965,763,338,0,0,0,0,aro,cross_leg_left,1
221,1786866472.608592,790,872,939,1115,877,859,695,871,742,393,614,653,725,531,251,557,44,405,647,547,555,219,0,0,0,967,765,334,0,0,0,0,aro,cross_leg_left,1
222,1786866472.608864,791,872,939,1114,877,863,699,871,743,391,613,654,726,527,251,557,29,405,647,547,555,220,0,0,0,966,765,335,0,0,0,0,aro,cross_leg_left,1
223,1786866472.609136,789,873,939,1113,877,861,698,870,741,392,615,657,726,535,251,557,36,405,649,543,557,219,0,0,0,965,766,339,0,0,0,0,aro,cross_leg_left,1
224,1786866472.609418,789,873,939,1114,877,862,699,871,739,393,613,654,725,529,251,557,41,407,649,549,555,221,0,0,0,966,765,339,0,0,0,0,aro,cross_leg_left,1
225,1786866472.609690,791,872,938,1115,877,862,699,871,740,393,612,651,727,529,251,557,42,405,645,547,553,219,0,0,0,965,767,339,0,0,0,0,aro,cross_leg_left,1
226,1786866472.609971,791,870,939,1111,877,863,699,870,741,393,611,653,725,531,251,557,41,406,647,543,553,219,0,0,0,967,763,339,0,0,0,0,aro,cross_leg_left,1
227,1786866472.610244,788,873,939,1113,877,862,699,871,740,391,613,653,725,532,251,557,41,406,647,543,554,219,0,0,0,967,765,339,0,0,0,0,aro,cross_leg_left,1
228,1786866472.610535,791,872,939,1115,879,862,699,871,741,390,613,653,725,527,251,557,37,405,649,544,554,223,0,0,0,967,765,337,0,0,0,0,aro,cross_leg_left,1
229,1786866472.610810,791,875,939,1115,877,863,699,872,741,389,613,652,725,530,251,557,42,407,647,543,551,219,0,0,0,967,767,338,0,0,0,0,aro,cross_leg_left,1
230,1786866472.611078,789,873,939,1115,878,863,698,871,741,383,611,653,725,532,249,557,41,405,647,547,556,219,0,0,0,966,757,338,0,0,0,0,aro,cross_leg_left,1
231,1786866472.611356,789,873,939,1114,879,861,698,871,739,384,613,655,726,525,251,557,41,405,646,547,555,219,0,0,0,967,777,337,0,0,0,0,aro,cross_leg_left,1
232,1786866472.611624,791,873,939,1115,879,861,699,871,742,382,613,653,726,529,251,556,41,405,647,547,557,218,0,0,0,967,756,339,0,0,0,0,aro,cross_leg_left,1
233,1786866472.611893,793,871,938,1115,877,861,699,871,740,379,613,653,726,525,251,556,42,405,647,547,556,219,0,0,0,967,767,339,0,0,0,0,aro,cross_leg_left,1
234,1786866472.612171,793,867,939,1116,875,862,699,871,743,381,613,655,727,531,252,556,41,405,647,542,554,219,0,0,0,967,777,338,0,0,0,0,aro,cross_leg_left,1
235,1786866472.612440,793,873,939,1113,877,861,699,869,739,379,613,655,725,525,251,557,41,405,648,546,553,219,0,0,0,967,763,339,0,0,0,0,aro,cross_leg_left,1
236,1786866472.612716,791,873,939,1115,879,861,699,871,741,379,613,652,725,508,253,557,41,405,647,547,557,219,0,0,0,967,765,340,0,0,0,0,aro,cross_leg_left,1
237,1786866472.612988,790,871,939,1113,878,861,699,871,739,377,611,651,725,523,251,557,41,404,647,543,553,219,0,0,0,967,781,339,0,0,0,0,aro,cross_leg_left,1
238,1786866472.613257,792,873,939,1115,877,863,699,871,743,375,613,653,726,525,251,559,41,405,651,543,555,220,0,0,0,967,750,341,0,0,0,0,aro,cross_leg_left,1
239,1786866472.613530,793,879,941,1114,877,863,698,873,740,374,613,649,728,527,251,556,39,401,648,548,552,219,0,0,0,970,764,341,0,0,0,0,aro,cross_leg_left,1
240,1786866472.613797,787,875,939,1113,879,861,698,871,739,377,613,653,726,533,251,557,41,404,647,544,557,221,0,0,0,965,794,341,0,0,0,0,aro,cross_leg_left,1
241,1786866472.614090,787,874,939,1115,879,861,699,871,741,377,613,653,727,529,251,556,41,404,647,547,553,219,0,0,0,966,766,341,0,0,0,0,aro,cross_leg_left,1
242,1786866472.614367,788,875,933,1113,877,862,699,869,741,377,609,653,725,531,251,558,41,411,647,541,555,219,0,0,0,967,771,341,0,0,0,0,aro,cross_leg_left,1
243,1786866472.614651,790,875,939,1113,885,861,699,869,741,382,613,667,724,529,251,556,39,405,647,543,557,218,0,0,0,966,775,342,0,0,0,0,aro,cross_leg_left,1
244,1786866472.614929,794,872,939,1113,879,861,699,871,741,379,613,654,726,527,251,557,41,405,647,543,554,219,0,0,0,965,777,341,0,0,0,0,aro,cross_leg_left,1
245,1786866472.615196,790,867,938,1114,878,861,699,871,741,380,613,651,727,527,252,557,42,405,647,548,556,223,0,0,0,965,775,341,0,0,0,0,aro,cross_leg_left,1
246,1786866472.615463,790,859,939,1113,883,863,699,871,741,382,613,651,725,529,251,557,43,405,648,543,555,219,0,0,0,967,765,342,0,0,0,0,aro,cross_leg_left,1
247,1786866472.615726,791,873,939,1113,877,861,699,871,743,381,613,653,727,531,253,557,42,405,647,547,557,217,0,0,0,967,777,341,0,0,0,0,aro,cross_leg_left,1
248,1786866472.615990,791,874,939,1114,879,862,699,871,741,381,613,653,725,527,250,557,41,405,647,547,555,219,0,0,0,965,780,342,0,0,0,0,aro,cross_leg_left,1
249,1786866472.616253,789,877,939,1115,877,861,700,871,741,389,613,658,728,523,251,557,42,405,647,547,555,221,0,0,0,967,773,342,0,0,0,0,aro,cross_leg_left,1
250,1786866472.632747,791,871,939,1113,877,861,699,873,743,383,613,653,726,529,252,557,41,405,648,544,555,221,0,0,0,965,773,341,0,0,0,0,aro,cross_leg_left,1
251,1786866472.652751,792,873,941,1113,879,862,699,871,739,383,613,655,726,529,253,557,41,407,648,547,559,222,0,0,0,965,766,343,0,0,0,0,aro,cross_leg_left,1
252,1786866472.672796,790,871,937,1115,878,862,698,871,741,389,613,658,723,531,251,556,42,408,647,537,555,221,0,0,0,965,773,341,0,0,0,0,aro,cross_leg_left,1
253,1786866472.692773,792,873,939,1113,879,861,699,871,741,389,613,653,725,523,251,557,42,405,649,548,557,223,0,0,0,967,767,341,0,0,0,0,aro,cross_leg_left,1
254,1786866472.712833,789,872,940,1117,878,861,699,871,744,383,611,654,727,531,252,557,41,405,648,543,559,221,0,0,0,967,773,343,0,0,0,0,aro,cross_leg_left,1
255,1786866472.732859,791,873,942,1113,879,861,699,872,740,396,612,654,726,519,250,557,41,404,647,549,557,211,0,0,0,966,775,342,0,0,0,0,aro,cross_leg_left,1
256,1786866472.752865,791,874,939,1115,877,861,699,871,741,391,613,653,723,524,252,557,41,403,647,543,552,223,0,0,0,965,767,341,0,0,0,0,aro,cross_leg_left,1
257,1786866472.772839,791,875,937,1112,877,861,699,871,743,395,613,655,727,525,251,557,43,407,647,547,555,222,0,0,0,965,767,343,0,0,0,0,aro,cross_leg_left,1
258,1786866472.792865,793,872,937,1113,876,861,699,873,741,391,613,651,729,519,251,556,41,406,647,547,556,211,0,0,0,965,766,342,0,0,0,0,aro,cross_leg_left,1
259,1786866472.813887,791,869,937,1115,879,863,698,873,741,395,613,661,725,535,251,557,42,408,648,550,557,229,0,0,0,965,773,343,0,0,0,0,aro,cross_leg_left,1
260,1786866472.833860,789,872,939,1113,878,863,699,873,743,395,612,653,727,526,252,557,41,407,647,547,559,227,0,0,0,964,775,342,0,0,0,0,aro,cross_leg_left,1
261,1786866472.853798,792,869,937,1113,878,861,699,871,742,395,613,655,725,507,252,558,41,405,647,547,555,231,0,0,0,964,773,343,0,0,0,0,aro,cross_leg_left,1
262,1786866472.873961,790,870,939,1119,879,860,699,869,741,396,612,651,725,530,251,557,38,405,648,551,553,230,0,0,0,959,768,343,0,0,0,0,aro,cross_leg_left,1
263,1786866472.893814,791,875,940,1116,883,861,699,872,743,399,613,655,726,536,251,557,41,407,649,549,556,230,0,0,0,960,775,344,0,0,0,0,aro,cross_leg_left,1
264,1786866472.913857,789,875,937,1115,874,862,699,872,735,403,611,649,727,527,253,557,41,409,648,547,559,231,0,0,0,965,773,343,0,0,0,0,aro,cross_leg_left,1
265,1786866472.933844,788,870,939,1113,881,862,699,873,743,408,611,657,723,527,251,557,41,405,648,548,557,229,0,0,0,965,767,343,0,0,0,0,aro,cross_leg_left,1
266,1786866472.953809,793,871,939,1113,879,863,699,871,743,403,613,669,727,518,252,557,45,402,648,547,557,228,0,0,0,963,776,342,0,0,0,0,aro,cross_leg_left,1
267,1786866472.973789,789,871,938,1115,879,863,699,872,745,405,613,652,724,533,251,557,41,403,647,547,556,227,0,0,0,958,773,343,0,0,0,0,aro,cross_leg_left,1
268,1786866472.993814,791,875,939,1115,877,863,699,872,741,404,611,639,725,529,251,557,41,397,645,547,555,219,0,0,0,959,767,343,0,0,0,0,aro,cross_leg_left,1
269,1786866473.013842,791,873,938,1113,877,861,699,872,743,402,613,646,725,525,251,557,41,395,648,544,559,217,0,0,0,957,779,343,0,0,0,0,aro,cross_leg_left,1
270,1786866473.033835,790,871,939,1116,878,861,697,871,741,407,613,649,725,523,251,557,40,395,647,541,553,217,0,0,0,955,774,343,0,0,0,0,aro,cross_leg_left,1
271,1786866473.053765,790,871,939,1116,887,861,698,871,743,403,615,653,727,527,251,559,39,389,646,547,555,220,0,0,0,954,771,343,0,0,0,0,aro,cross_leg_left,1
272,1786866473.073841,794,869,939,1115,889,861,698,871,743,407,612,648,725,520,251,558,41,390,647,547,555,215,0,0,0,953,775,343,0,0,0,0,aro,cross_leg_left,1
273,1786866473.092922,791,875,937,1112,879,861,699,873,738,411,611,665,729,527,251,559,42,392,647,546,555,215,0,0,0,954,779,343,0,0,0,0,aro,cross_leg_left,1
274,1786866473.113916,793,874,939,1115,883,861,698,871,743,405,613,653,729,529,251,559,41,393,648,543,557,203,0,0,0,955,767,345,0,0,0,0,aro,cross_leg_left,1
275,1786866473.133431,789,873,939,1115,879,863,699,871,743,411,611,655,725,529,252,559,41,393,647,543,555,221,0,0,0,954,785,345,0,0,0,0,aro,cross_leg_left,1
276,1786866473.153223,791,871,941,1117,879,861,699,872,746,421,617,659,725,522,251,559,41,397,647,548,557,219,0,0,0,957,779,347,0,0,0,0,aro,cross_leg_left,1
277,1786866473.173966,792,872,939,1115,883,863,699,871,745,431,613,655,727,533,251,559,40,395,645,549,557,227,0,0,0,951,779,345,0,0,0,0,aro,cross_leg_left,1
278,1786866473.193890,791,873,940,1115,883,861,699,871,745,436,617,655,725,530,253,559,43,396,647,549,553,223,0,0,0,954,777,347,0,0,0,0,aro,cross_leg_left,1
279,1786866473.213876,791,874,939,1113,879,861,698,871,743,435,609,654,728,542,250,559,41,397,647,547,557,238,0,0,0,955,776,347,0,0,0,0,aro,cross_leg_left,1
280,1786866473.233852,792,871,937,1115,879,859,697,871,745,431,616,658,723,525,251,562,41,401,635,543,555,229,0,0,0,953,779,348,0,0,0,0,aro,cross_leg_left,1
281,1786866473.253877,788,870,937,1110,874,859,695,858,743,426,611,653,727,525,251,558,41,396,646,547,559,221,0,0,0,953,779,348,0,0,0,0,aro,cross_leg_left,1
282,1786866473.273865,799,872,939,1115,871,861,699,873,744,423,612,652,728,529,251,559,40,395,647,549,555,223,0,0,0,953,787,345,0,0,0,0,aro,cross_leg_left,1
283,1786866473.293823,791,884,937,1116,879,861,699,872,745,424,611,653,727,529,251,558,39,396,647,549,556,221,0,0,0,951,777,347,0,0,0,0,aro,cross_leg_left,1
284,1786866473.314039,787,874,939,1115,876,861,699,874,744,421,613,654,724,529,251,559,41,395,645,547,559,229,0,0,0,952,781,346,0,0,0,0,aro,cross_leg_left,1
285,1786866473.333333,793,877,939,1115,877,861,699,873,747,421,613,651,724,529,251,559,43,397,646,547,555,221,0,0,0,956,775,350,0,0,0,0,aro,cross_leg_left,1
286,1786866473.353391,791,873,941,1115,883,861,699,871,745,419,612,655,726,529,253,559,41,399,645,548,548,227,0,0,0,951,777,345,0,0,0,0,aro,cross_leg_left,1
287,1786866473.373859,793,872,937,1115,877,861,699,875,745,425,613,651,724,529,253,559,41,395,648,544,555,219,0,0,0,951,776,344,0,0,0,0,aro,cross_leg_left,1
288,1786866473.393850,792,875,939,1119,883,866,700,874,746,435,613,658,723,529,253,558,42,398,647,551,555,223,0,0,0,955,778,345,0,0,0,0,aro,cross_leg_left,1
289,1786866473.413982,793,866,940,1115,880,862,699,871,747,439,613,653,725,529,252,559,41,398,649,547,553,235,0,0,0,953,780,346,0,0,0,0,aro,cross_leg_left,1
290,1786866473.433830,792,886,939,1115,883,863,700,874,746,445,614,653,726,529,251,557,41,396,645,547,559,223,0,0,0,951,778,347,0,0,0,0,aro,cross_leg_left,1
291,1786866473.453881,789,876,939,1099,884,867,698,884,742,453,612,653,722,525,251,559,41,395,647,547,557,226,0,0,0,956,777,348,0,0,0,0,aro,cross_leg_left,1
292,1786866473.473884,793,873,938,1127,879,866,700,875,747,455,611,653,725,529,253,559,40,397,647,542,557,229,0,0,0,950,778,348,0,0,0,0,aro,cross_leg_left,1
293,1786866473.493833,792,873,943,1118,883,866,700,873,748,458,615,655,723,529,251,562,55,392,648,549,555,227,0,0,0,953,778,345,0,0,0,0,aro,cross_leg_left,1
294,1786866473.513852,793,874,941,1117,883,866,701,876,749,459,615,651,725,530,252,559,40,395,645,544,567,223,0,0,0,951,777,347,0,0,0,0,aro,cross_leg_left,1
295,1786866473.533852,792,873,939,1135,882,863,701,876,749,467,615,653,728,529,251,559,41,397,647,549,565,227,0,0,0,951,778,349,0,0,0,0,aro,cross_leg_left,1
296,1786866473.553817,791,874,939,1125,884,867,699,875,747,458,612,661,727,529,253,559,41,396,648,537,553,227,0,0,0,958,779,350,0,0,0,0,aro,cross_leg_left,1
297,1786866473.573836,793,875,940,1127,879,862,700,873,747,447,613,653,728,526,251,560,39,395,648,549,555,217,0,0,0,955,779,347,0,0,0,0,aro,cross_leg_left,1
298,1786866473.593291,792,873,939,1117,885,865,701,871,746,421,616,652,729,529,251,562,41,394,647,549,555,215,0,0,0,956,780,347,0,0,0,0,aro,cross_leg_left,1
299,1786866473.613851,791,873,939,1115,883,861,699,873,745,410,613,659,728,527,253,559,40,396,645,551,558,207,0,0,0,955,777,345,0,0,0,0,aro,cross_leg_left,1
300,1786866473.633839,793,885,937,1116,880,861,697,875,744,398,615,659,727,529,253,559,42,394,645,542,553,207,0,0,0,955,781,347,0,0,0,0,aro,cross_leg_left,1
301,1786866473.653866,795,875,939,1101,882,861,698,871,744,399,613,655,727,531,251,562,40,393,645,547,541,210,0,0,0,956,781,349,0,0,0,0,aro,cross_leg_left,1
302,1786866473.673867,791,873,937,1111,885,861,697,873,745,395,617,658,727,527,263,559,41,397,648,543,555,205,0,0,0,953,776,347,0,0,0,0,aro,cross_leg_left,1
303,1786866473.693793,791,873,941,1117,879,862,701,871,746,407,613,653,699,529,253,559,41,397,645,539,554,203,0,0,0,953,780,355,0,0,0,0,aro,cross_leg_left,1
304,1786866473.713843,791,872,939,1116,871,862,701,871,745,410,614,660,723,529,251,560,41,397,647,551,553,217,0,0,0,954,779,353,0,0,0,0,aro,cross_leg_left,1
305,1786866473.733962,792,873,941,1115,878,863,701,871,747,421,615,652,717,529,251,559,43,397,648,544,556,221,0,0,0,955,779,351,0,0,0,0,aro,cross_leg_left,1
306,1786866473.753851,791,873,939,1117,886,861,699,875,747,431,613,653,728,529,253,559,42,393,647,543,557,221,0,0,0,954,780,349,0,0,0,0,aro,cross_leg_left,1
307,1786866473.773869,791,872,938,1115,885,862,700,873,747,453,613,655,725,529,252,563,44,393,645,549,557,229,0,0,0,955,779,351,0,0,0,0,aro,cross_leg_left,1
308,1786866473.793858,792,873,949,1113,877,862,701,871,747,460,615,653,725,529,251,563,41,397,647,549,555,231,0,0,0,952,780,356,0,0,0,0,aro,cross_leg_left,1
309,1786866473.813867,791,873,941,1117,887,865,699,875,748,463,613,659,729,529,253,559,51,397,647,547,557,232,0,0,0,951,781,351,0,0,0,0,aro,cross_leg_left,1
310,1786866473.833845,791,873,941,1119,875,863,703,875,749,465,613,658,727,529,251,559,31,405,647,543,557,233,0,0,0,949,779,354,0,0,0,0,aro,cross_leg_left,1
311,1786866473.853829,792,871,939,1115,885,863,703,873,747,461,611,659,732,531,251,562,30,394,647,549,557,232,0,0,0,953,779,359,0,0,0,0,aro,cross_leg_left,1
312,1786866473.873849,791,873,936,1115,883,863,700,873,749,453,635,654,727,529,253,563,41,391,650,549,557,229,0,0,0,949,780,355,0,0,0,0,aro,cross_leg_left,1
313,1786866473.893829,792,874,936,1115,891,861,699,875,749,435,613,669,725,529,253,563,41,397,647,533,568,227,0,0,0,951,781,355,0,0,0,0,aro,cross_leg_left,1
314,1786866473.913870,792,873,940,1118,881,863,701,873,749,424,623,657,729,529,253,563,45,395,648,548,557,223,0,0,0,949,780,358,0,0,0,0,aro,cross_leg_left,1
315,1786866473.933796,792,873,941,1115,883,862,699,872,746,415,613,653,725,531,253,562,37,393,645,547,557,221,0,0,0,951,779,357,0,0,0,0,aro,cross_leg_left,1
316,1786866473.953786,791,874,941,1117,880,863,699,877,747,412,610,657,728,529,254,563,41,397,654,549,556,219,0,0,0,952,781,357,0,0,0,0,aro,cross_leg_left,1
317,1786866473.973860,793,873,954,1117,885,860,697,873,746,412,615,651,727,529,253,563,40,395,647,553,555,218,0,0,0,957,781,359,0,0,0,0,aro,cross_leg_left,1
318,1786866473.993811,792,873,941,1116,883,861,699,873,747,412,603,658,731,530,254,563,39,395,647,543,556,219,0,0,0,957,781,356,0,0,0,0,aro,cross_leg_left,1
319,1786866474.013820,792,875,941,1117,883,861,700,869,747,415,605,657,728,529,255,563,41,395,644,548,557,218,0,0,0,953,781,351,0,0,0,0,aro,cross_leg_left,1
320,1786866474.033838,791,873,939,1117,879,867,699,874,745,421,614,655,728,525,252,563,39,395,647,549,555,221,0,0,0,955,783,355,0,0,0,0,aro,cross_leg_left,1
321,1786866474.053809,792,875,938,1118,883,861,701,866,749,425,619,659,725,531,254,563,43,397,651,548,555,225,0,0,0,956,780,357,0,0,0,0,aro,cross_leg_left,1
322,1786866474.073209,791,875,943,1115,889,861,701,876,747,429,605,659,727,530,253,563,43,395,647,547,562,223,0,0,0,958,777,360,0,0,0,0,aro,cross_leg_left,1
323,1786866474.093854,791,875,939,1117,879,863,700,875,747,434,615,655,725,521,253,563,42,383,645,548,556,216,0,0,0,957,777,359,0,0,0,0,aro,cross_leg_left,1
324,1786866474.113879,793,873,935,1115,877,863,697,875,749,430,615,655,729,529,253,562,43,395,647,549,555,227,0,0,0,956,785,351,0,0,0,0,aro,cross_leg_left,1
325,1786866474.133903,791,871,941,1115,879,861,701,873,749,431,615,659,727,527,253,563,41,393,647,550,558,222,0,0,0,964,773,358,0,0,0,0,aro,cross_leg_left,1
326,1786866474.153863,792,873,941,1113,880,865,699,874,747,430,619,655,723,529,255,563,41,391,647,550,557,231,0,0,0,952,782,359,0,0,0,0,aro,cross_leg_left,1
327,1786866474.173939,791,872,938,1113,883,863,699,873,749,430,611,656,731,527,253,563,37,392,647,541,556,227,0,0,0,956,782,357,0,0,0,0,aro,cross_leg_left,1
328,1786866474.193855,793,872,939,1116,883,867,699,876,747,429,615,657,728,529,253,563,40,395,649,547,555,226,0,0,0,957,781,357,0,0,0,0,aro,cross_leg_left,1
329,1786866474.213846,792,873,941,1119,885,861,700,883,747,429,614,657,727,527,252,563,38,393,653,543,556,225,0,0,0,953,781,361,0,0,0,0,aro,cross_leg_left,1
330,1786866474.233874,791,873,936,1115,882,863,699,875,748,430,621,654,725,529,252,558,40,395,647,541,556,222,0,0,0,953,782,358,0,0,0,0,aro,cross_leg_left,1
331,1786866474.253835,792,873,941,1115,880,860,701,875,749,430,613,658,731,531,253,564,43,393,648,551,555,225,0,0,0,954,781,361,0,0,0,0,aro,cross_leg_left,1
332,1786866474.273844,792,873,951,1118,884,861,700,873,746,428,613,657,745,531,247,563,42,395,644,551,557,225,0,0,0,951,781,381,0,0,0,0,aro,cross_leg_left,1
333,1786866474.293845,792,873,941,1119,883,863,701,872,748,429,599,658,725,529,251,565,43,395,657,547,557,226,0,0,0,953,782,359,0,0,0,0,aro,cross_leg_left,1
334,1786866474.313864,791,874,937,1114,883,861,699,873,745,428,615,659,715,529,253,563,40,393,647,547,556,223,0,0,0,956,785,367,0,0,0,0,aro,cross_leg_left,1
335,1786866474.333830,791,873,937,1112,883,861,700,873,746,428,613,658,731,529,268,563,44,395,649,551,556,227,0,0,0,953,783,371,0,0,0,0,aro,cross_leg_left,1
336,1786866474.353811,792,872,942,1112,879,862,702,875,748,427,613,657,727,529,249,563,39,393,647,551,556,227,0,0,0,953,783,358,0,0,0,0,aro,cross_leg_left,1
337,1786866474.373854,791,873,936,1118,883,861,701,874,747,429,615,655,729,529,253,563,43,393,648,551,556,227,0,0,0,939,781,362,0,0,0,0,aro,cross_leg_left,1
338,1786866474.393849,793,872,939,1117,883,867,699,873,741,429,617,657,727,531,233,563,41,399,647,539,559,227,0,0,0,955,783,359,0,0,0,0,aro,cross_leg_left,1
339,1786866474.413840,792,873,939,1115,883,862,701,874,747,429,615,660,727,531,253,563,39,397,648,539,557,227,0,0,0,927,783,361,0,0,0,0,aro,cross_leg_left,1
340,1786866474.433847,792,873,941,1115,880,870,701,875,748,429,612,655,731,530,253,563,41,397,647,543,556,227,0,0,0,957,785,359,0,0,0,0,aro,cross_leg_left,1
341,1786866474.453831,792,875,941,1124,883,863,699,867,747,429,614,653,729,529,253,564,42,396,647,547,555,228,0,0,0,948,781,361,0,0,0,0,aro,cross_leg_left,1
342,1786866474.473834,791,873,939,1115,883,866,701,875,748,431,615,659,728,531,253,563,41,396,647,548,558,229,0,0,0,955,781,359,0,0,0,0,aro,cross_leg_left,1
343,1786866474.493841,792,873,939,1116,880,860,700,873,745,429,606,655,727,530,253,564,42,397,647,548,557,229,0,0,0,956,783,361,0,0,0,0,aro,cross_leg_left,1
344,1786866474.513848,792,875,932,1117,883,863,701,873,743,429,615,659,729,530,251,563,42,381,649,547,557,227,0,0,0,956,782,357,0,0,0,0,aro,cross_leg_left,1
345,1786866474.533842,791,873,943,1113,884,863,699,875,746,429,613,655,733,531,253,563,38,395,639,550,557,228,0,0,0,955,783,363,0,0,0,0,aro,cross_leg_left,1
346,1786866474.553846,792,874,941,1115,879,865,701,873,744,427,615,652,726,531,251,563,40,397,635,549,559,234,0,0,0,955,782,359,0,0,0,0,aro,cross_leg_left,1
347,1786866474.573832,791,874,945,1117,883,866,699,873,747,426,613,658,711,529,251,564,39,405,647,549,556,228,0,0,0,957,785,359,0,0,0,0,aro,cross_leg_left,1
348,1786866474.593807,792,873,938,1116,883,863,698,873,745,427,619,658,728,531,253,565,41,399,649,549,557,229,0,0,0,955,787,359,0,0,0,0,aro,cross_leg_left,1
349,1786866474.613910,789,871,939,1113,880,863,693,873,745,423,603,657,727,529,252,563,35,403,647,547,557,227,0,0,0,958,785,355,0,0,0,0,aro,cross_leg_left,1
350,1786866474.634016,793,873,939,1116,882,861,709,875,748,422,611,655,728,529,253,563,42,397,648,565,559,229,0,0,0,956,782,360,0,0,0,0,aro,cross_leg_left,1
351,1786866474.653844,793,875,939,1115,883,861,697,873,744,421,611,659,727,529,251,563,53,395,651,544,555,227,0,0,0,951,781,361,0,0,0,0,aro,cross_leg_left,1
352,1786866474.673868,793,873,926,1116,883,860,700,872,749,419,615,658,732,529,252,564,43,395,639,539,557,228,0,0,0,955,787,359,0,0,0,0,aro,cross_leg_left,1
353,1786866474.693831,793,873,939,1116,879,861,698,873,745,415,617,659,728,529,253,563,27,396,647,548,555,227,0,0,0,956,785,365,0,0,0,0,aro,cross_leg_left,1
354,1786866474.713865,792,873,939,1116,883,863,695,875,747,411,613,655,729,530,255,564,42,393,651,548,557,227,0,0,0,953,785,365,0,0,0,0,aro,cross_leg_left,1
355,1786866474.733824,792,873,941,1117,883,867,699,874,743,409,615,657,728,525,253,563,31,395,645,547,557,225,0,0,0,958,786,359,0,0,0,0,aro,cross_leg_left,1
356,1786866474.753863,793,871,935,1115,883,869,701,879,744,407,617,659,725,527,253,564,43,397,647,541,558,222,0,0,0,956,785,356,0,0,0,0,aro,cross_leg_left,1
357,1786866474.773832,792,873,939,1115,885,861,699,870,746,404,621,655,727,530,254,564,38,397,635,548,556,221,0,0,0,952,785,359,0,0,0,0,aro,cross_leg_left,1
358,1786866474.793842,793,873,940,1116,883,862,699,871,744,399,603,659,728,529,267,564,43,397,647,549,556,221,0,0,0,958,785,357,0,0,0,0,aro,cross_leg_left,1
359,1786866474.813852,792,873,939,1115,885,862,709,873,744,399,619,657,727,529,235,563,39,397,647,548,555,221,0,0,0,959,783,359,0,0,0,0,aro,cross_leg_left,1
360,1786866474.833846,793,873,939,1115,883,862,702,873,744,398,613,659,727,529,253,563,41,395,648,547,555,219,0,0,0,941,783,356,0,0,0,0,aro,cross_leg_left,1
361,1786866474.853786,791,875,939,1115,883,860,699,872,745,398,603,655,728,527,251,563,42,397,639,548,555,219,0,0,0,955,788,355,0,0,0,0,aro,cross_leg_left,1
362,1786866474.873838,791,873,939,1115,884,863,699,872,747,401,598,655,728,530,252,563,41,397,636,548,555,219,0,0,0,957,781,365,0,0,0,0,aro,cross_leg_left,1
363,1786866474.893869,792,873,937,1115,880,867,697,873,747,399,603,659,727,524,253,563,42,397,647,548,556,219,0,0,0,958,780,371,0,0,0,0,aro,cross_leg_left,1
364,1786866474.913798,792,874,938,1115,883,865,701,873,745,397,617,658,727,529,255,563,44,395,649,549,555,221,0,0,0,953,782,363,0,0,0,0,aro,cross_leg_left,1
365,1786866474.933827,792,872,938,1115,884,861,699,873,743,399,611,658,728,529,253,563,40,393,649,548,556,221,0,0,0,955,779,369,0,0,0,0,aro,cross_leg_left,1
366,1786866474.953807,791,874,939,1115,880,861,697,871,747,401,613,659,728,527,253,564,40,395,646,549,555,221,0,0,0,969,781,360,0,0,0,0,aro,cross_leg_left,1
367,1786866474.973824,792,873,937,1115,883,861,699,873,745,401,611,657,727,525,251,563,41,395,647,541,556,219,0,0,0,971,783,367,0,0,0,0,aro,cross_leg_left,1
368,1786866474.993795,791,873,939,1114,883,867,701,872,745,399,615,658,728,529,254,565,40,391,648,547,555,219,0,0,0,956,785,363,0,0,0,0,aro,cross_leg_left,1
369,1786866475.013858,791,873,939,1114,879,859,699,872,746,395,605,658,727,527,253,563,43,391,647,549,555,218,0,0,0,969,787,360,0,0,0,0,aro,cross_leg_left,1
370,1786866475.033816,793,873,939,1113,882,859,699,871,747,393,615,659,727,525,251,563,41,394,647,543,555,217,0,0,0,959,780,374,0,0,0,0,aro,cross_leg_left,1
371,1786866475.053793,792,873,937,1114,879,861,700,875,745,389,615,659,728,529,260,563,41,393,647,547,556,215,0,0,0,949,787,361,0,0,0,0,aro,cross_leg_left,1
372,1786866475.073883,793,873,939,1113,879,861,699,872,743,379,627,659,729,531,253,563,37,392,647,547,554,213,0,0,0,968,785,365,0,0,0,0,aro,cross_leg_left,1
373,1786866475.093829,792,873,937,1113,879,863,699,870,741,375,616,659,727,530,253,564,41,391,653,548,555,211,0,0,0,959,786,365,0,0,0,0,aro,cross_leg_left,1
374,1786866475.113832,792,872,937,1113,879,867,697,869,743,371,615,659,729,530,266,563,41,393,647,544,555,211,0,0,0,965,787,357,0,0,0,0,aro,cross_leg_left,1
375,1786866475.133913,792,873,938,1114,879,869,701,869,738,365,613,658,727,530,253,559,41,393,647,548,555,211,0,0,0,965,785,364,0,0,0,0,aro,cross_leg_left,1
376,1786866475.153862,792,873,939,1114,885,859,701,869,739,361,615,658,725,531,253,563,45,393,647,548,555,211,0,0,0,967,789,390,0,0,0,0,aro,cross_leg_left,1
377,1786866475.173873,791,873,939,1113,879,870,698,869,733,358,615,659,728,531,253,563,43,392,647,548,555,211,0,0,0,968,787,366,0,0,0,0,aro,cross_leg_left,1
378,1786866475.193841,793,872,939,1113,879,861,699,869,727,358,613,659,729,525,255,559,40,393,649,547,557,210,0,0,0,969,781,363,0,0,0,0,aro,cross_leg_left,1
379,1786866475.213866,793,873,939,1113,879,859,699,869,741,355,615,659,729,529,253,560,41,392,647,547,555,211,0,0,0,971,787,366,0,0,0,0,aro,cross_leg_left,1
380,1786866475.233851,792,873,937,1114,879,863,699,869,729,354,616,655,728,525,263,559,41,391,647,548,555,207,0,0,0,971,785,349,0,0,0,0,aro,cross_leg_left,1
381,1786866475.253823,792,875,939,1114,880,862,701,869,735,354,616,656,728,529,264,559,42,393,648,547,557,210,0,0,0,971,785,347,0,0,0,0,aro,cross_leg_left,1
382,1786866475.273876,793,873,938,1115,879,861,699,867,741,351,615,657,728,533,253,558,40,392,649,549,555,206,0,0,0,973,786,373,0,0,0,0,aro,cross_leg_left,1
383,1786866475.293807,792,872,939,1115,879,860,697,867,731,349,615,658,727,531,237,558,41,392,647,547,555,207,0,0,0,973,787,381,0,0,0,0,aro,cross_leg_left,1
384,1786866475.313844,792,874,938,1115,881,867,699,867,735,348,615,658,727,525,263,557,41,391,648,549,555,207,0,0,0,973,786,365,0,0,0,0,aro,cross_leg_left,1
385,1786866475.333824,793,874,939,1115,879,862,701,865,729,347,615,659,727,527,253,557,43,392,647,547,555,206,0,0,0,973,787,362,0,0,0,0,aro,cross_leg_left,1
386,1786866475.353794,793,873,939,1115,880,863,701,867,735,349,615,659,729,529,265,559,41,391,649,548,556,205,0,0,0,973,785,354,0,0,0,0,aro,cross_leg_left,1
387,1786866475.373833,791,873,939,1115,879,861,699,867,731,347,616,658,728,531,253,557,37,392,649,547,555,206,0,0,0,980,786,367,0,0,0,0,aro,cross_leg_left,1
388,1786866475.393837,793,871,939,1112,877,861,699,863,732,349,613,651,726,529,254,557,41,391,648,543,553,203,0,0,0,973,782,355,0,0,0,0,aro,cross_leg_left,1
389,1786866475.413827,795,875,939,1115,882,863,711,867,733,348,615,654,728,525,252,557,41,392,649,549,556,205,0,0,0,973,781,363,0,0,0,0,aro,cross_leg_left,1
390,1786866475.433999,793,875,939,1115,880,861,697,869,732,347,615,659,728,529,262,557,41,391,650,548,554,204,0,0,0,973,781,363,0,0,0,0,aro,cross_leg_left,1
391,1786866475.453938,792,873,938,1114,883,853,693,867,733,349,615,658,728,527,255,557,40,391,649,547,555,205,0,0,0,975,786,362,0,0,0,0,aro,cross_leg_left,1
392,1786866475.473878,791,875,939,1115,879,861,703,867,735,350,615,654,727,531,253,557,41,391,650,548,555,205,0,0,0,973,787,357,0,0,0,0,aro,cross_leg_left,1
393,1786866475.493802,789,871,939,1115,883,862,699,868,735,349,616,659,727,525,253,556,40,391,649,548,555,205,0,0,0,971,785,357,0,0,0,0,aro,cross_leg_left,1
394,1786866475.513799,791,875,939,1115,878,861,690,868,738,355,616,659,727,533,252,556,41,393,649,549,554,205,0,0,0,973,781,357,0,0,0,0,aro,cross_leg_left,1
395,1786866475.533836,793,874,937,1115,882,861,698,869,735,350,615,657,727,529,253,557,40,391,649,549,553,205,0,0,0,971,783,357,0,0,0,0,aro,cross_leg_left,1
396,1786866475.553689,792,873,941,1117,883,862,695,867,735,357,616,659,728,527,253,558,41,391,651,549,555,207,0,0,0,971,785,357,0,0,0,0,aro,cross_leg_left,1
397,1786866475.573846,793,873,939,1115,885,861,701,869,735,357,615,655,727,531,253,556,41,393,650,549,555,207,0,0,0,971,781,355,0,0,0,0,aro,cross_leg_left,1
398,1786866475.593847,791,873,939,1113,879,858,701,869,732,359,615,659,725,529,253,557,41,391,649,549,557,211,0,0,0,971,787,355,0,0,0,0,aro,cross_leg_left,1
399,1786866475.613850,791,873,940,1115,879,861,699,869,735,360,617,659,729,527,252,557,41,393,651,549,557,213,0,0,0,971,781,355,0,0,0,0,aro,cross_leg_left,1
400,1786866475.633820,792,873,939,1116,882,861,711,869,737,360,615,658,728,530,251,555,43,392,653,549,556,211,0,0,0,969,781,355,0,0,0,0,aro,cross_leg_left,1
401,1786866475.653144,791,871,939,1113,879,862,697,869,733,361,615,654,727,525,253,555,45,393,649,550,555,215,0,0,0,970,783,355,0,0,0,0,aro,cross_leg_left,1
402,1786866475.673907,793,877,939,1116,879,862,699,871,735,363,616,655,728,529,253,556,41,392,653,549,556,216,0,0,0,969,781,355,0,0,0,0,aro,cross_leg_left,1
403,1786866475.693810,793,874,939,1114,883,874,695,869,738,365,619,655,729,531,253,555,44,393,651,549,557,215,0,0,0,969,783,352,0,0,0,0,aro,cross_leg_left,1
404,1786866475.713849,793,873,939,1115,883,866,699,869,741,367,614,653,727,527,255,555,39,392,652,549,555,216,0,0,0,969,785,357,0,0,0,0,aro,cross_leg_left,1
405,1786866475.733839,794,875,939,1116,879,863,697,869,739,371,615,659,727,524,253,557,41,391,651,550,555,216,0,0,0,969,783,355,0,0,0,0,aro,cross_leg_left,1
406,1786866475.753807,795,874,940,1119,883,863,699,870,739,376,615,659,727,535,255,556,41,391,653,549,555,217,0,0,0,969,787,351,0,0,0,0,aro,cross_leg_left,1
407,1786866475.773820,793,872,941,1118,883,863,701,871,739,379,615,659,728,509,253,557,42,393,653,549,558,217,0,0,0,968,781,355,0,0,0,0,aro,cross_leg_left,1
408,1786866475.793853,791,875,939,1118,883,862,699,871,739,389,615,657,729,529,255,557,41,394,653,550,553,220,0,0,0,969,773,353,0,0,0,0,aro,cross_leg_left,1
409,1786866475.813845,793,875,939,1117,880,862,700,869,739,383,615,657,728,522,254,556,41,395,653,550,554,219,0,0,0,967,781,351,0,0,0,0,aro,cross_leg_left,1
410,1786866475.833829,794,874,939,1119,883,863,699,869,741,389,615,654,727,525,254,555,41,394,651,549,555,219,0,0,0,967,787,351,0,0,0,0,aro,cross_leg_left,1
411,1786866475.853930,795,873,941,1121,883,861,701,871,741,390,615,661,727,529,253,555,41,394,653,549,557,220,0,0,0,967,785,351,0,0,0,0,aro,cross_leg_left,1
412,1786866475.873850,795,875,941,1119,883,862,699,871,743,391,615,659,727,531,253,555,39,395,653,550,556,221,0,0,0,965,781,348,0,0,0,0,aro,cross_leg_left,1
413,1786866475.893785,793,874,940,1118,883,862,699,871,743,391,615,657,728,531,253,557,36,393,655,549,556,219,0,0,0,967,789,351,0,0,0,0,aro,cross_leg_left,1
414,1786866475.913787,795,875,941,1119,883,861,699,871,743,391,615,659,727,529,253,557,40,395,653,548,557,221,0,0,0,967,781,351,0,0,0,0,aro,cross_leg_left,1
415,1786866475.933831,795,877,939,1116,883,862,699,871,744,391,616,658,727,529,253,557,41,395,651,549,555,219,0,0,0,965,787,354,0,0,0,0,aro,cross_leg_left,1
416,1786866475.953768,793,877,939,1121,884,863,698,871,743,389,615,653,729,529,254,557,41,393,654,549,555,221,0,0,0,967,791,350,0,0,0,0,aro,cross_leg_left,1
417,1786866475.973826,793,873,939,1119,883,862,700,869,743,390,615,657,727,529,253,557,41,395,653,551,555,221,0,0,0,967,787,353,0,0,0,0,aro,cross_leg_left,1
418,1786866475.993822,796,875,941,1121,883,863,699,871,743,391,615,659,727,525,255,556,40,395,654,549,555,219,0,0,0,967,781,351,0,0,0,0,aro,cross_leg_left,1
419,1786866476.013955,792,877,940,1118,883,862,700,869,743,383,615,661,728,524,253,555,41,396,653,550,555,221,0,0,0,967,781,353,0,0,0,0,aro,cross_leg_left,1
420,1786866476.033225,792,875,941,1122,884,861,699,869,744,382,615,658,729,525,253,558,39,396,653,551,555,220,0,0,0,967,780,355,0,0,0,0,aro,cross_leg_left,1
421,1786866476.053830,792,875,941,1117,885,863,700,870,743,381,616,657,729,531,251,557,39,395,653,551,557,223,0,0,0,967,787,355,0,0,0,0,aro,cross_leg_left,1
422,1786866476.073830,791,867,941,1124,883,862,700,871,743,381,615,659,731,525,253,557,40,397,653,549,556,221,0,0,0,967,785,351,0,0,0,0,aro,cross_leg_left,1
423,1786866476.093816,792,875,941,1115,883,863,699,871,744,379,615,658,729,531,253,557,41,395,653,549,557,221,0,0,0,967,782,351,0,0,0,0,aro,cross_leg_left,1
424,1786866476.113835,791,873,940,1124,883,861,699,871,743,378,614,658,727,531,253,557,41,397,653,549,556,219,0,0,0,968,783,351,0,0,0,0,aro,cross_leg_left,1
425,1786866476.133820,793,876,941,1121,885,861,699,870,743,380,616,658,729,535,253,557,41,393,651,547,555,219,0,0,0,968,785,349,0,0,0,0,aro,cross_leg_left,1
426,1786866476.153802,792,875,939,1123,885,861,699,871,743,381,616,660,727,531,254,556,41,397,654,551,556,221,0,0,0,967,789,345,0,0,0,0,aro,cross_leg_left,1
427,1786866476.173221,791,877,939,1123,885,863,700,871,743,378,615,655,729,533,259,557,38,397,651,551,555,221,0,0,0,967,786,345,0,0,0,0,aro,cross_leg_left,1
428,1786866476.193885,796,877,942,1123,885,861,701,872,745,382,615,653,728,531,254,557,38,399,653,550,555,221,0,0,0,967,781,346,0,0,0,0,aro,cross_leg_left,1
429,1786866476.213822,794,890,941,1123,884,861,701,872,743,382,615,655,725,525,253,557,41,397,653,547,555,222,0,0,0,967,779,347,0,0,0,0,aro,cross_leg_left,1
430,1786866476.233863,791,876,938,1123,883,859,697,872,741,381,615,653,727,532,253,557,38,397,657,549,559,216,0,0,0,969,787,345,0,0,0,0,aro,cross_leg_left,1
431,1786866476.253859,794,875,940,1123,883,863,701,873,743,381,616,655,727,531,260,555,40,399,651,547,556,221,0,0,0,969,783,347,0,0,0,0,aro,cross_leg_left,1
432,1786866476.273880,789,875,941,1123,883,861,701,871,743,381,615,658,727,529,253,557,40,397,653,551,556,220,0,0,0,967,786,347,0,0,0,0,aro,cross_leg_left,1
433,1786866476.293898,795,875,939,1123,884,861,701,869,743,376,617,655,729,531,253,557,40,395,652,548,565,220,0,0,0,969,787,347,0,0,0,0,aro,cross_leg_left,1
434,1786866476.313836,793,875,941,1123,879,861,700,872,743,381,615,655,727,525,253,557,41,397,653,548,555,221,0,0,0,967,782,346,0,0,0,0,aro,cross_leg_left,1
435,1786866476.333813,792,876,943,1124,883,861,701,871,743,381,615,659,725,529,253,556,40,401,655,555,557,220,0,0,0,968,787,347,0,0,0,0,aro,cross_leg_left,1
436,1786866476.353803,793,875,942,1122,884,861,699,871,743,381,617,655,728,532,255,556,40,399,653,552,557,220,0,0,0,967,781,345,0,0,0,0,aro,cross_leg_left,1
437,1786866476.373866,793,873,941,1125,885,862,699,869,743,382,615,661,729,518,253,556,41,397,655,549,554,219,0,0,0,969,789,346,0,0,0,0,aro,cross_leg_left,1
438,1786866476.393833,794,875,941,1125,885,861,699,872,743,373,613,659,743,529,255,556,39,396,653,551,555,219,0,0,0,969,781,347,0,0,0,0,aro,cross_leg_left,1
439,1786866476.413841,797,876,939,1123,885,862,700,871,743,381,615,660,727,532,253,556,40,397,653,551,557,221,0,0,0,969,781,347,0,0,0,0,aro,cross_leg_left,1
440,1786866476.433852,792,875,942,1123,885,861,701,871,743,381,615,667,728,532,254,556,41,396,653,549,555,219,0,0,0,969,789,345,0,0,0,0,aro,cross_leg_left,1
441,1786866476.453799,794,875,942,1125,885,862,700,872,743,373,615,658,729,525,253,557,41,398,653,551,557,219,0,0,0,969,781,346,0,0,0,0,aro,cross_leg_left,1
442,1786866476.473813,794,876,947,1124,885,861,700,873,751,382,614,659,729,525,253,555,41,397,653,539,556,219,0,0,0,967,785,347,0,0,0,0,aro,cross_leg_left,1
443,1786866476.493829,793,877,941,1124,885,863,701,871,743,383,616,661,730,530,252,556,42,395,655,551,555,219,0,0,0,971,783,346,0,0,0,0,aro,cross_leg_left,1
444,1786866476.513809,793,877,941,1123,886,861,700,871,743,392,615,659,727,533,254,555,41,397,653,549,556,219,0,0,0,969,791,347,0,0,0,0,aro,cross_leg_left,1
445,1786866476.533818,794,876,943,1125,883,863,701,873,743,378,615,633,729,521,253,556,37,397,653,548,557,221,0,0,0,968,788,346,0,0,0,0,aro,cross_leg_left,1
446,1786866476.553799,796,877,939,1123,886,861,700,871,743,377,615,677,727,525,255,557,40,397,653,549,557,221,0,0,0,969,787,348,0,0,0,0,aro,cross_leg_left,1
447,1786866476.573854,793,877,942,1125,886,861,700,872,743,389,617,659,727,521,261,556,41,399,651,547,555,207,0,0,0,971,781,347,0,0,0,0,aro,cross_leg_left,1
448,1786866476.593784,795,875,941,1123,885,861,701,871,743,379,615,662,729,539,251,557,40,397,653,549,557,219,0,0,0,969,787,347,0,0,0,0,aro,cross_leg_left,1
449,1786866476.613815,788,877,941,1125,887,861,701,867,743,383,613,659,727,531,255,556,40,399,653,550,560,219,0,0,0,972,804,347,0,0,0,0,aro,cross_leg_left,1
450,1786866476.633885,795,875,941,1123,879,861,700,872,743,379,615,654,729,529,252,555,40,398,652,551,549,217,0,0,0,971,789,347,0,0,0,0,aro,cross_leg_left,1
451,1786866476.653796,795,873,941,1124,886,863,700,871,743,381,615,647,729,540,253,557,43,403,653,551,555,219,0,0,0,970,779,347,0,0,0,0,aro,cross_leg_left,1
452,1786866476.673820,793,875,941,1123,883,863,700,873,743,381,616,665,729,537,255,557,40,397,652,549,558,219,0,0,0,969,781,346,0,0,0,0,aro,cross_leg_left,1
453,1786866476.693585,794,873,940,1127,883,861,699,875,743,383,615,658,728,529,261,555,27,403,653,559,563,219,0,0,0,969,783,344,0,0,0,0,aro,cross_leg_left,1
454,1786866476.713822,789,877,941,1123,877,863,699,873,743,381,615,649,727,525,253,556,39,399,653,551,559,219,0,0,0,969,799,347,0,0,0,0,aro,cross_leg_left,1
455,1786866476.733877,805,876,940,1124,887,862,699,871,743,381,617,660,729,531,253,557,40,397,653,549,559,219,0,0,0,971,763,349,0,0,0,0,aro,cross_leg_left,1
456,1786866476.753818,793,887,940,1125,883,869,701,873,743,381,616,661,727,531,253,556,40,399,653,551,557,219,0,0,0,971,783,349,0,0,0,0,aro,cross_leg_left,1
457,1786866476.773839,793,877,941,1123,883,866,700,873,743,383,617,659,728,531,253,557,40,397,657,549,559,223,0,0,0,969,803,349,0,0,0,0,aro,cross_leg_left,1
458,1786866476.793798,797,876,942,1123,883,866,701,873,744,391,613,651,729,531,254,556,41,396,653,555,555,219,0,0,0,967,793,349,0,0,0,0,aro,cross_leg_left,1
459,1786866476.813817,797,875,943,1123,885,862,701,875,745,381,616,653,727,529,253,555,41,403,652,551,566,219,0,0,0,969,782,353,0,0,0,0,aro,cross_leg_left,1
460,1786866476.833846,793,875,941,1123,885,866,701,877,743,380,615,652,729,530,254,557,42,397,651,551,555,229,0,0,0,969,785,346,0,0,0,0,aro,cross_leg_left,1
461,1786866476.853786,795,869,941,1126,885,863,701,871,743,382,613,661,729,530,253,557,41,399,653,549,558,219,0,0,0,971,787,351,0,0,0,0,aro,cross_leg_left,1
462,1786866476.873834,789,876,939,1123,887,861,701,873,743,381,615,659,728,531,253,557,39,399,654,551,561,221,0,0,0,973,777,349,0,0,0,0,aro,cross_leg_left,1
463,1786866476.893829,796,884,941,1123,883,862,701,873,743,381,615,659,729,531,251,557,41,399,653,549,559,223,0,0,0,969,781,349,0,0,0,0,aro,cross_leg_left,1
464,1786866476.913764,794,890,941,1124,885,863,701,874,743,381,616,655,725,531,253,557,39,399,653,552,560,221,0,0,0,971,786,354,0,0,0,0,aro,cross_leg_left,1
465,1786866476.933831,793,873,941,1125,885,861,701,870,742,389,616,653,730,526,253,557,39,395,653,549,553,220,0,0,0,969,783,351,0,0,0,0,aro,cross_leg_left,1
466,1786866476.953822,793,889,940,1125,885,859,699,873,742,383,617,659,725,529,253,557,39,399,652,548,555,219,0,0,0,967,783,355,0,0,0,0,aro,cross_leg_left,1
467,1786866476.973819,787,875,940,1127,883,862,701,871,744,389,613,660,729,530,255,557,40,403,655,553,557,221,0,0,0,970,781,349,0,0,0,0,aro,cross_leg_left,1
468,1786866476.993779,793,875,940,1127,885,862,701,877,744,383,614,659,727,534,254,557,41,399,654,549,555,221,0,0,0,967,805,350,0,0,0,0,aro,cross_leg_left,1
469,1786866477.013839,794,877,939,1123,881,860,699,872,742,381,617,659,721,532,253,555,40,397,653,547,559,221,0,0,0,971,779,349,0,0,0,0,aro,cross_leg_left,1
470,1786866477.033858,793,876,939,1115,885,862,703,873,741,383,617,655,729,530,255,557,41,397,653,551,555,221,0,0,0,968,785,348,0,0,0,0,aro,cross_leg_left,1
471,1786866477.053781,793,875,941,1123,884,863,701,873,745,377,617,667,725,531,253,555,39,396,653,556,553,221,0,0,0,968,785,354,0,0,0,0,aro,cross_leg_left,1
472,1786866477.072850,793,878,943,1119,886,862,701,873,745,391,614,657,727,531,253,557,42,399,653,552,548,220,0,0,0,972,785,349,0,0,0,0,aro,cross_leg_left,1
473,1786866477.093893,794,875,939,1117,885,861,699,873,741,383,615,661,729,530,247,556,38,398,653,549,557,221,0,0,0,971,785,349,0,0,0,0,aro,cross_leg_left,1
474,1786866477.113844,793,877,941,1128,884,863,701,873,741,384,615,658,729,530,252,557,38,397,652,548,549,221,0,0,0,970,782,349,0,0,0,0,aro,cross_leg_left,1
475,1786866477.133653,793,875,942,1119,883,861,700,873,743,379,613,661,729,531,253,555,40,401,653,559,557,221,0,0,0,971,785,355,0,0,0,0,aro,cross_leg_left,1
476,1786866477.153841,795,873,943,1129,879,861,699,873,743,382,613,655,731,530,254,556,41,397,653,551,555,220,0,0,0,969,785,349,0,0,0,0,aro,cross_leg_left,1
477,1786866477.173839,795,875,947,1117,883,859,701,871,743,377,616,659,729,527,253,556,40,404,653,551,557,221,0,0,0,971,782,355,0,0,0,0,aro,cross_leg_left,1
478,1786866477.193838,791,877,945,1123,887,861,701,872,743,381,619,655,731,530,261,557,40,397,653,551,556,221,0,0,0,969,779,349,0,0,0,0,aro,cross_leg_left,1
479,1786866477.213456,791,875,946,1119,873,863,696,873,741,381,615,648,723,529,261,556,39,395,652,551,555,220,0,0,0,971,783,347,0,0,0,0,aro,cross_leg_left,1
480,1786866477.233642,793,879,951,1123,875,862,700,873,742,381,617,664,742,530,255,557,41,399,654,551,554,221,0,0,0,973,783,347,0,0,0,0,aro,cross_leg_left,1
481,1786866477.253848,794,876,937,1123,888,861,701,871,743,383,615,638,730,531,253,556,41,399,653,553,557,221,0,0,0,968,783,348,0,0,0,0,aro,cross_leg_left,1
482,1786866477.273833,793,875,940,1127,889,862,701,874,743,391,615,652,717,531,252,557,41,401,653,542,557,221,0,0,0,971,785,347,0,0,0,0,aro,cross_leg_left,1
483,1786866477.293831,793,877,947,1123,877,860,699,874,742,381,616,651,728,531,255,556,42,398,655,551,555,221,0,0,0,971,783,349,0,0,0,0,aro,cross_leg_left,1
484,1786866477.313802,793,875,939,1123,889,859,700,872,743,381,617,663,725,531,253,557,41,399,659,549,553,221,0,0,0,967,786,351,0,0,0,0,aro,cross_leg_left,1
485,1786866477.333773,795,875,941,1123,885,863,701,871,744,381,613,651,727,529,253,555,41,397,653,547,559,219,0,0,0,969,785,349,0,0,0,0,aro,cross_leg_left,1
486,1786866477.353823,793,878,942,1119,883,863,700,874,745,381,613,659,725,525,253,557,39,397,654,551,555,209,0,0,0,970,788,354,0,0,0,0,aro,cross_leg_left,1
487,1786866477.373691,793,877,941,1123,885,861,701,883,744,381,613,659,731,537,253,555,42,397,653,553,556,220,0,0,0,973,783,351,0,0,0,0,aro,cross_leg_left,1
488,1786866477.393865,793,876,941,1124,887,861,701,872,745,382,612,657,729,509,260,556,39,403,653,553,555,221,0,0,0,966,787,351,0,0,0,0,aro,cross_leg_left,1
489,1786866477.413870,793,877,937,1123,883,861,700,872,743,381,616,665,726,531,251,557,37,397,650,551,544,219,0,0,0,969,785,349,0,0,0,0,aro,cross_leg_left,1
490,1786866477.433796,793,875,941,1125,891,863,701,871,742,382,617,669,728,530,253,556,42,403,653,549,568,218,0,0,0,969,783,349,0,0,0,0,aro,cross_leg_left,1
491,1786866477.453811,793,875,939,1126,885,862,699,869,745,381,616,659,727,531,253,555,30,403,652,552,556,219,0,0,0,967,783,351,0,0,0,0,aro,cross_leg_left,1
492,1786866477.473879,791,877,943,1125,876,862,700,871,743,381,616,653,729,529,255,557,40,395,653,547,557,218,0,0,0,971,764,347,0,0,0,0,aro,cross_leg_left,1
493,1786866477.493805,795,876,939,1117,885,861,701,873,745,381,615,658,726,531,253,557,38,397,653,547,557,219,0,0,0,977,785,349,0,0,0,0,aro,cross_leg_left,1
494,1786866477.513821,795,877,941,1122,885,862,700,871,745,381,615,659,725,531,259,557,45,397,652,549,556,219,0,0,0,971,783,351,0,0,0,0,aro,cross_leg_left,1
495,1786866477.533842,794,875,941,1125,889,861,699,876,741,379,615,661,727,531,253,557,41,399,653,551,557,219,0,0,0,975,785,354,0,0,0,0,aro,cross_leg_left,1
496,1786866477.553832,797,870,939,1123,879,861,701,873,743,379,613,663,723,533,254,557,40,402,651,552,557,219,0,0,0,959,773,355,0,0,0,0,aro,cross_leg_left,1
497,1786866477.573828,794,875,939,1115,885,871,700,871,744,379,614,659,727,531,255,557,41,403,653,557,557,219,0,0,0,973,786,349,0,0,0,0,aro,cross_leg_left,1
498,1786866477.593805,793,876,940,1123,885,861,700,871,745,379,613,660,729,533,253,557,51,403,653,554,557,219,0,0,0,970,785,349,0,0,0,0,aro,cross_leg_left,1
499,1786866477.613851,793,878,941,1126,884,867,702,870,745,379,617,659,724,531,251,557,33,399,653,549,557,219,0,0,0,969,783,351,0,0,0,0,aro,cross_leg_left,1
500,1786866477.633798,800,876,939,1125,887,861,701,872,743,379,618,658,727,531,254,557,41,397,653,550,556,219,0,0,0,971,789,354,0,0,0,0,aro,cross_leg_left,1
501,1786866477.653777,793,877,941,1127,879,863,699,872,743,379,617,661,727,530,254,557,27,403,653,551,557,219,0,0,0,969,787,355,0,0,0,0,aro,cross_leg_left,1
502,1786866477.673854,793,870,941,1127,883,862,699,879,743,379,607,659,725,531,252,558,40,403,653,551,557,219,0,0,0,968,785,347,0,0,0,0,aro,cross_leg_left,1
503,1786866477.693816,793,877,943,1124,884,861,699,874,741,377,611,659,731,531,255,557,45,397,653,551,554,221,0,0,0,971,787,349,0,0,0,0,aro,cross_leg_left,1
504,1786866477.713830,795,877,947,1123,891,861,701,871,743,379,613,657,729,531,253,557,40,401,653,549,557,219,0,0,0,967,783,349,0,0,0,0,aro,cross_leg_left,1
505,1786866477.733828,795,875,940,1125,885,867,701,871,745,378,615,657,728,530,251,557,37,399,653,551,557,219,0,0,0,971,788,347,0,0,0,0,aro,cross_leg_left,1
506,1786866477.753823,795,877,942,1125,885,860,701,884,743,379,629,659,727,529,253,558,34,403,653,547,557,219,0,0,0,973,783,347,0,0,0,0,aro,cross_leg_left,1
507,1786866477.773843,793,876,941,1123,884,861,703,869,743,379,611,659,732,529,253,557,39,397,652,551,555,219,0,0,0,970,785,350,0,0,0,0,aro,cross_leg_left,1
508,1786866477.793807,795,877,939,1127,885,863,701,873,744,379,611,659,725,531,253,556,44,397,653,549,557,220,0,0,0,981,786,347,0,0,0,0,aro,cross_leg_left,1
509,1786866477.813868,793,874,942,1127,883,860,703,872,743,380,617,658,726,530,251,557,47,398,655,551,556,219,0,0,0,967,786,345,0,0,0,0,aro,cross_leg_left,1
510,1786866477.833810,793,876,941,1128,885,861,702,873,744,379,613,659,730,532,255,557,41,401,655,543,556,219,0,0,0,957,782,347,0,0,0,0,aro,cross_leg_left,1
511,1786866477.853753,793,876,940,1123,885,859,702,873,745,381,615,659,727,531,259,556,37,398,653,551,557,219,0,0,0,965,787,349,0,0,0,0,aro,cross_leg_left,1
512,1786866477.873849,793,875,940,1127,885,866,702,869,745,381,613,658,733,531,261,555,39,397,653,548,553,220,0,0,0,969,783,357,0,0,0,0,aro,cross_leg_left,1
513,1786866477.893786,791,877,943,1131,884,861,701,871,744,380,613,661,725,531,255,556,41,401,655,553,555,219,0,0,0,966,785,347,0,0,0,0,aro,cross_leg_left,1
514,1786866477.913790,796,875,947,1131,885,859,701,871,751,381,615,657,727,531,253,559,41,395,653,539,556,220,0,0,0,968,785,347,0,0,0,0,aro,cross_leg_left,1
515,1786866477.933805,793,877,942,1125,884,861,701,871,743,379,615,659,728,529,255,557,40,399,657,551,556,220,0,0,0,969,787,337,0,0,0,0,aro,cross_leg_left,1
516,1786866477.953752,793,877,942,1126,885,861,703,872,740,380,613,659,715,531,255,557,38,405,653,543,557,221,0,0,0,972,783,347,0,0,0,0,aro,cross_leg_left,1
517,1786866477.973787,794,877,944,1125,883,861,701,873,745,379,616,661,729,531,265,557,39,401,653,557,557,221,0,0,0,971,787,334,0,0,0,0,aro,cross_leg_left,1
518,1786866477.993764,793,877,934,1125,887,861,695,873,745,379,617,653,728,531,253,556,39,403,653,551,556,221,0,0,0,970,787,332,0,0,0,0,aro,cross_leg_left,1
519,1786866478.013865,793,876,943,1125,883,862,700,871,745,377,616,659,737,530,247,555,37,397,653,553,557,221,0,0,0,966,783,347,0,0,0,0,aro,cross_leg_left,1
520,1786866478.033773,794,876,937,1125,884,863,698,874,744,377,611,658,743,531,254,555,41,398,653,550,554,220,0,0,0,968,783,345,0,0,0,0,aro,cross_leg_left,1
521,1786866478.053772,793,877,938,1125,885,860,701,871,741,376,615,659,725,530,253,557,38,399,653,548,553,221,0,0,0,969,782,339,0,0,0,0,aro,cross_leg_left,1
522,1786866478.073880,795,877,940,1128,883,863,701,872,742,376,613,652,728,530,251,557,41,401,654,550,557,223,0,0,0,991,783,345,0,0,0,0,aro,cross_leg_left,1
523,1786866478.093775,795,875,942,1125,878,863,700,872,743,378,616,651,729,531,253,557,42,401,653,551,556,221,0,0,0,970,786,345,0,0,0,0,aro,cross_leg_left,1
524,1786866478.113765,793,875,931,1125,887,861,701,872,745,379,616,662,727,531,253,557,39,395,655,551,557,220,0,0,0,969,783,343,0,0,0,0,aro,cross_leg_left,1
525,1786866478.133828,794,875,947,1125,885,863,701,873,743,379,615,659,728,530,253,556,39,402,654,541,557,221,0,0,0,972,785,343,0,0,0,0,aro,cross_leg_left,1
526,1786866478.153812,793,875,947,1124,885,861,689,871,741,379,615,657,727,531,254,556,38,393,653,551,557,222,0,0,0,973,783,344,0,0,0,0,aro,cross_leg_left,1
527,1786866478.173847,793,876,941,1125,885,865,709,873,745,379,616,659,729,531,254,556,38,407,653,551,557,223,0,0,0,969,781,342,0,0,0,0,aro,cross_leg_left,1
528,1786866478.193829,791,873,955,1123,883,862,701,871,747,381,614,653,726,529,254,556,43,397,649,551,555,220,0,0,0,967,783,347,0,0,0,0,aro,cross_leg_left,1
529,1786866478.213866,793,875,939,1125,883,862,703,872,747,381,617,658,725,531,253,556,43,402,657,553,554,221,0,0,0,973,783,345,0,0,0,0,aro,cross_leg_left,1
530,1786866478.233823,793,875,941,1125,885,861,701,871,744,382,616,667,727,531,253,557,41,399,654,550,557,223,0,0,0,967,785,356,0,0,0,0,aro,cross_leg_left,1
531,1786866478.253081,795,876,941,1125,885,862,701,872,743,383,625,659,727,530,253,557,41,399,654,550,557,221,0,0,0,970,783,347,0,0,0,0,aro,cross_leg_left,1
532,1786866478.273903,793,875,942,1124,884,866,709,872,741,383,616,659,728,531,253,556,35,404,653,550,557,225,0,0,0,967,783,347,0,0,0,0,aro,cross_leg_left,1
533,1786866478.293810,794,875,942,1124,885,863,703,873,744,382,617,659,729,529,254,557,41,401,653,551,557,222,0,0,0,956,785,348,0,0,0,0,aro,cross_leg_left,1
534,1786866478.313835,791,876,941,1125,885,863,699,873,743,381,615,656,728,533,255,557,41,399,653,551,557,223,0,0,0,966,783,355,0,0,0,0,aro,cross_leg_left,1
535,1786866478.333846,793,876,947,1125,885,860,709,873,746,381,613,658,727,531,254,555,42,409,653,551,558,225,0,0,0,971,783,345,0,0,0,0,aro,cross_leg_left,1
536,1786866478.353375,795,872,943,1125,887,869,703,873,743,381,615,659,728,526,254,557,41,393,654,550,557,223,0,0,0,971,785,346,0,0,0,0,aro,cross_leg_left,1
537,1786866478.373881,795,875,940,1125,886,861,696,871,743,380,621,659,728,529,255,557,41,393,653,550,557,222,0,0,0,958,783,350,0,0,0,0,aro,cross_leg_left,1
538,1786866478.393832,793,877,941,1125,885,861,701,872,744,379,616,659,728,533,255,557,41,403,654,551,556,223,0,0,0,969,787,346,0,0,0,0,aro,cross_leg_left,1
539,1786866478.413783,793,876,941,1125,885,863,709,874,744,380,616,660,729,526,253,556,42,402,654,551,557,223,0,0,0,970,787,346,0,0,0,0,aro,cross_leg_left,1
540,1786866478.433818,795,877,941,1125,885,868,702,873,743,379,619,659,727,527,255,557,40,401,653,551,557,225,0,0,0,970,787,349,0,0,0,0,aro,cross_leg_left,1
541,1786866478.453174,793,879,943,1125,885,861,701,872,743,380,616,659,728,530,255,559,39,403,655,550,557,227,0,0,0,967,783,350,0,0,0,0,aro,cross_leg_left,1
542,1786866478.473873,795,876,942,1125,885,860,700,872,745,380,615,660,727,530,254,557,41,403,654,550,557,228,0,0,0,972,786,344,0,0,0,0,aro,cross_leg_left,1
543,1786866478.493786,792,877,942,1125,885,863,713,872,743,382,616,654,728,529,253,557,40,403,653,551,557,227,0,0,0,971,782,347,0,0,0,0,aro,cross_leg_left,1
544,1786866478.513803,793,876,941,1125,885,867,701,883,741,381,616,659,728,531,253,557,40,403,654,551,558,223,0,0,0,985,787,339,0,0,0,0,aro,cross_leg_left,1
545,1786866478.533826,793,873,943,1124,884,867,703,877,743,381,615,657,727,529,255,557,40,402,653,551,557,227,0,0,0,966,783,343,0,0,0,0,aro,cross_leg_left,1
546,1786866478.553761,794,875,941,1125,889,863,703,872,744,381,606,659,727,531,253,557,40,403,653,551,557,227,0,0,0,969,782,345,0,0,0,0,aro,cross_leg_left,1
547,1786866478.573811,794,875,941,1125,885,865,703,873,744,383,616,659,729,531,253,557,40,402,655,553,557,227,0,0,0,971,783,349,0,0,0,0,aro,cross_leg_left,1
548,1786866478.593830,793,876,941,1126,885,863,701,875,744,383,615,657,728,533,255,557,41,399,657,549,543,229,0,0,0,971,783,347,0,0,0,0,aro,cross_leg_left,1
549,1786866478.613800,793,877,942,1125,887,863,702,873,743,381,616,659,727,529,254,557,40,402,655,552,557,227,0,0,0,985,789,349,0,0,0,0,aro,cross_leg_left,1
550,1786866478.633837,793,876,941,1125,887,862,701,873,741,381,615,659,728,531,255,557,40,401,653,551,556,227,0,0,0,965,784,349,0,0,0,0,aro,cross_leg_left,1
551,1786866478.654253,795,876,941,1125,883,869,703,873,744,381,616,659,727,533,253,557,39,402,655,551,553,223,0,0,0,973,783,357,0,0,0,0,aro,cross_leg_left,1
552,1786866478.673690,796,877,941,1125,885,858,701,873,747,379,615,659,728,531,255,557,40,399,654,551,557,229,0,0,0,969,785,351,0,0,0,0,aro,cross_leg_left,1
553,1786866478.693838,795,876,943,1125,885,861,701,867,737,379,615,659,729,531,254,557,39,403,653,551,556,227,0,0,0,989,787,355,0,0,0,0,aro,cross_leg_left,1
554,1786866478.713788,794,875,940,1124,887,859,700,873,744,379,615,659,728,529,255,557,39,401,653,551,558,227,0,0,0,969,783,343,0,0,0,0,aro,cross_leg_left,1
555,1786866478.733832,794,876,941,1125,885,859,699,872,744,380,616,659,729,531,251,557,42,403,653,549,556,226,0,0,0,971,783,341,0,0,0,0,aro,cross_leg_left,1
556,1786866478.753063,794,875,941,1124,885,861,702,873,744,379,616,658,728,531,253,557,39,401,654,550,557,228,0,0,0,973,783,339,0,0,0,0,aro,cross_leg_left,1
557,1786866478.773888,793,876,941,1125,887,860,713,873,743,382,616,657,727,531,253,557,40,402,653,551,556,229,0,0,0,969,788,344,0,0,0,0,aro,cross_leg_left,1
558,1786866478.793836,794,876,941,1126,885,858,700,873,739,380,615,659,729,530,253,557,39,402,653,551,557,229,0,0,0,969,787,351,0,0,0,0,aro,cross_leg_left,1
559,1786866478.813817,791,877,941,1125,886,863,702,873,743,379,615,659,728,531,254,557,40,403,655,551,559,228,0,0,0,969,783,347,0,0,0,0,aro,cross_leg_left,1
560,1786866478.833792,795,876,941,1123,885,865,703,871,748,379,617,659,727,532,253,557,40,403,655,551,559,227,0,0,0,970,787,347,0,0,0,0,aro,cross_leg_left,1
561,1786866478.853815,793,873,941,1119,880,862,703,871,733,381,615,655,726,529,255,557,40,401,653,549,556,223,0,0,0,971,783,348,0,0,0,0,aro,cross_leg_left,1
562,1786866478.873805,794,877,941,1124,885,863,709,873,744,383,616,659,728,531,254,557,41,403,653,551,557,229,0,0,0,971,783,357,0,0,0,0,aro,cross_leg_left,1
563,1786866478.893772,797,877,941,1125,886,861,700,873,745,383,616,659,729,531,253,557,41,402,655,549,562,223,0,0,0,971,781,347,0,0,0,0,aro,cross_leg_left,1
564,1786866478.913804,794,875,941,1125,886,869,702,872,744,381,615,662,728,533,253,556,39,403,654,551,558,228,0,0,0,969,783,348,0,0,0,0,aro,cross_leg_left,1
565,1786866478.933808,793,876,943,1125,885,861,702,871,744,378,615,653,728,533,254,557,40,399,653,551,559,226,0,0,0,971,787,345,0,0,0,0,aro,cross_leg_left,1
566,1786866478.953737,794,876,941,1127,886,862,699,872,743,378,616,659,727,530,253,557,39,403,654,549,557,227,0,0,0,970,785,345,0,0,0,0,aro,cross_leg_left,1
567,1786866478.973765,793,877,942,1125,887,867,709,872,744,379,615,659,728,531,255,557,40,403,654,551,559,223,0,0,0,970,785,346,0,0,0,0,aro,cross_leg_left,1
568,1786866478.993820,793,874,943,1123,879,860,701,871,743,381,615,657,725,529,255,557,41,403,655,549,556,223,0,0,0,971,787,346,0,0,0,0,aro,cross_leg_left,1
569,1786866479.013773,795,877,943,1124,886,860,711,872,743,379,616,659,728,530,255,557,41,403,653,551,557,227,0,0,0,971,783,347,0,0,0,0,aro,cross_leg_left,1
570,1786866479.033784,793,877,941,1123,887,868,701,871,744,379,616,658,730,531,254,555,42,403,653,550,559,226,0,0,0,969,783,361,0,0,0,0,aro,cross_leg_left,1
571,1786866479.053753,794,877,941,1124,887,861,701,873,743,379,616,661,728,535,255,557,40,403,653,551,557,228,0,0,0,971,782,346,0,0,0,0,aro,cross_leg_left,1
572,1786866479.073858,795,876,942,1125,887,861,712,873,743,381,616,659,728,533,254,559,41,403,654,551,557,227,0,0,0,971,789,345,0,0,0,0,aro,cross_leg_left,1
573,1786866479.093797,794,877,943,1125,886,867,696,872,745,379,617,658,727,533,255,556,41,403,653,551,559,222,0,0,0,971,789,347,0,0,0,0,aro,cross_leg_left,1
574,1786866479.113802,796,876,941,1124,885,862,701,873,743,379,615,659,729,531,254,557,40,403,653,551,557,221,0,0,0,971,787,346,0,0,0,0,aro,cross_leg_left,1
575,1786866479.133819,793,876,941,1125,884,862,701,873,743,380,617,652,727,533,255,557,41,403,654,551,559,222,0,0,0,970,785,347,0,0,0,0,aro,cross_leg_left,1
576,1786866479.153786,793,877,939,1125,885,862,703,872,743,379,615,655,727,533,254,557,41,403,653,552,559,223,0,0,0,971,783,347,0,0,0,0,aro,cross_leg_left,1
577,1786866479.173351,795,876,941,1125,885,863,699,873,745,381,615,659,727,529,255,557,47,403,653,551,559,227,0,0,0,972,783,347,0,0,0,0,aro,cross_leg_left,1
578,1786866479.193858,794,875,941,1127,885,860,703,872,743,379,616,657,729,535,253,557,39,403,655,551,559,227,0,0,0,971,787,347,0,0,0,0,aro,cross_leg_left,1
579,1786866479.213809,795,879,941,1125,887,861,701,871,743,381,616,661,729,531,253,557,40,403,654,550,563,229,0,0,0,971,785,347,0,0,0,0,aro,cross_leg_left,1
580,1786866479.233797,793,877,941,1125,885,855,710,872,745,380,617,653,729,533,254,557,39,403,654,549,554,221,0,0,0,970,787,347,0,0,0,0,aro,cross_leg_left,1
581,1786866479.253091,795,875,942,1125,886,861,701,873,743,379,615,655,729,531,255,557,39,401,654,551,557,227,0,0,0,971,779,347,0,0,0,0,aro,cross_leg_left,1
582,1786866479.273835,797,877,941,1127,884,861,702,872,743,377,617,656,728,521,255,557,39,403,655,551,556,227,0,0,0,970,789,347,0,0,0,0,aro,cross_leg_left,1
583,1786866479.293785,795,877,942,1125,887,861,703,873,743,379,615,659,729,523,253,557,40,403,653,552,559,228,0,0,0,971,783,348,0,0,0,0,aro,cross_leg_left,1
584,1786866479.313870,795,874,941,1119,880,862,713,871,742,379,615,653,725,533,254,557,38,403,653,549,555,222,0,0,0,971,781,349,0,0,0,0,aro,cross_leg_left,1
585,1786866479.333804,795,874,943,1125,886,861,701,871,743,379,615,660,729,531,253,557,39,403,649,551,557,228,0,0,0,971,787,347,0,0,0,0,aro,cross_leg_left,1
586,1786866479.353755,795,877,943,1125,887,863,703,871,743,379,615,654,729,539,255,557,40,401,652,551,559,216,0,0,0,971,781,346,0,0,0,0,aro,cross_leg_left,1
587,1786866479.373822,795,877,940,1125,884,859,699,872,741,377,617,659,728,539,255,557,39,403,654,551,555,221,0,0,0,970,783,347,0,0,0,0,aro,cross_leg_left,1
588,1786866479.393769,780,876,941,1125,885,861,702,873,744,381,617,661,728,533,255,557,39,403,654,551,555,227,0,0,0,971,781,347,0,0,0,0,aro,cross_leg_left,1
589,1786866479.413792,789,877,941,1125,886,861,703,874,745,381,616,659,728,531,254,557,39,403,655,552,554,217,0,0,0,971,775,347,0,0,0,0,aro,cross_leg_left,1
590,1786866479.433781,793,877,941,1127,885,861,702,872,743,380,616,661,729,535,261,557,39,403,654,550,556,223,0,0,0,971,792,347,0,0,0,0,aro,cross_leg_left,1
591,1786866479.453837,795,877,941,1124,885,861,703,873,744,380,617,659,728,524,254,557,41,403,655,551,557,227,0,0,0,971,790,346,0,0,0,0,aro,cross_leg_left,1
592,1786866479.473837,795,883,942,1128,883,861,702,873,745,380,619,667,729,517,255,558,39,399,655,551,559,227,0,0,0,971,787,347,0,0,0,0,aro,cross_leg_left,1
593,1786866479.493787,793,875,941,1125,885,861,701,871,744,378,615,655,729,530,261,557,39,404,652,550,558,223,0,0,0,971,780,346,0,0,0,0,aro,cross_leg_left,1
594,1786866479.513838,795,879,942,1125,883,861,703,873,743,380,616,659,729,533,253,557,40,403,653,551,557,235,0,0,0,971,789,348,0,0,0,0,aro,cross_leg_left,1
595,1786866479.533807,794,877,941,1125,885,861,703,873,743,379,616,653,729,535,255,557,40,397,653,551,557,227,0,0,0,971,787,346,0,0,0,0,aro,cross_leg_left,1
596,1786866479.553818,793,877,943,1124,884,862,702,872,744,379,616,659,728,531,253,556,40,403,654,555,561,227,0,0,0,971,789,346,0,0,0,0,aro,cross_leg_left,1
597,1786866479.573825,793,877,941,1126,883,863,702,872,744,379,617,659,729,530,254,557,40,403,655,550,558,228,0,0,0,971,786,347,0,0,0,0,aro,cross_leg_left,1
598,1786866479.593792,789,877,940,1123,885,863,701,872,743,382,616,658,729,527,255,557,39,403,655,551,558,229,0,0,0,971,787,349,0,0,0,0,aro,cross_leg_left,1
599,1786866479.613821,793,875,941,1124,886,861,701,872,744,379,616,659,728,529,252,557,41,403,654,551,556,228,0,0,0,969,781,347,0,0,0,0,aro,cross_leg_left,1
600,1786866479.633791,796,879,942,1125,886,858,701,873,743,379,616,657,729,536,254,557,39,403,655,552,559,227,0,0,0,971,781,347,0,0,0,0,aro,cross_leg_left,1
601,1786866479.653819,791,877,941,1125,883,861,702,872,744,379,617,655,728,531,255,559,41,403,653,551,558,229,0,0,0,971,783,347,0,0,0,0,aro,cross_leg_left,1
602,1786866479.673797,797,875,943,1128,886,863,702,873,743,379,615,658,730,531,255,559,40,401,653,550,564,223,0,0,0,971,787,347,0,0,0,0,aro,cross_leg_left,1
603,1786866479.693779,792,879,942,1124,885,861,701,873,743,379,616,659,728,533,254,558,40,403,655,553,557,227,0,0,0,971,788,348,0,0,0,0,aro,cross_leg_left,1
604,1786866479.713830,793,875,942,1125,885,861,702,872,744,379,617,655,729,531,255,557,39,403,654,552,559,228,0,0,0,973,779,347,0,0,0,0,aro,cross_leg_left,1
605,1786866479.733770,795,878,941,1125,886,861,701,872,743,377,616,653,728,535,261,557,41,403,654,549,557,223,0,0,0,971,779,347,0,0,0,0,aro,cross_leg_left,1
606,1786866479.753769,793,877,942,1127,885,862,701,872,743,378,617,658,727,533,255,559,41,403,657,553,557,226,0,0,0,971,790,347,0,0,0,0,aro,cross_leg_left,1
607,1786866479.773167,795,879,943,1129,883,861,701,872,744,379,615,659,729,531,261,558,39,404,654,552,559,227,0,0,0,972,781,349,0,0,0,0,aro,cross_leg_left,1
608,1786866479.793828,793,878,943,1127,886,861,701,871,743,379,617,661,729,531,255,557,41,405,653,552,557,227,0,0,0,971,791,349,0,0,0,0,aro,cross_leg_left,1
609,1786866479.813802,792,876,941,1125,887,861,701,872,743,380,616,661,727,533,253,557,40,403,657,552,569,227,0,0,0,971,782,348,0,0,0,0,aro,cross_leg_left,1
610,1786866479.833805,793,877,941,1125,884,861,701,873,743,379,615,659,728,530,254,558,40,403,657,551,557,223,0,0,0,971,789,349,0,0,0,0,aro,cross_leg_left,1
611,1786866479.853748,797,879,941,1123,886,862,701,872,743,381,616,661,728,531,252,557,41,403,655,551,559,223,0,0,0,971,781,347,0,0,0,0,aro,cross_leg_left,1
612,1786866479.872806,795,876,943,1125,885,862,701,873,745,379,616,659,726,535,255,557,37,405,655,553,557,227,0,0,0,971,787,348,0,0,0,0,aro,cross_leg_left,1
613,1786866479.893810,793,875,941,1127,886,861,703,873,744,381,615,661,727,537,254,557,39,403,653,553,558,227,0,0,0,972,781,349,0,0,0,0,aro,cross_leg_left,1
614,1786866479.913786,793,879,943,1125,885,861,702,872,744,390,615,665,729,535,255,559,43,401,653,552,559,228,0,0,0,971,787,347,0,0,0,0,aro,cross_leg_left,1
615,1786866479.933786,793,875,943,1127,887,861,703,872,745,381,617,661,733,531,255,557,41,403,655,551,559,226,0,0,0,971,787,347,0,0,0,0,aro,cross_leg_left,1
616,1786866479.953798,795,877,941,1125,885,861,701,873,744,379,619,659,727,543,255,557,41,402,655,551,551,227,0,0,0,971,787,349,0,0,0,0,aro,cross_leg_left,1
617,1786866479.973774,793,877,942,1127,878,863,702,873,744,380,615,645,729,533,259,559,41,403,653,544,559,229,0,0,0,971,789,348,0,0,0,0,aro,cross_leg_left,1
618,1786866479.993771,791,877,942,1125,886,863,703,873,744,393,619,667,728,544,261,557,39,401,653,550,555,227,0,0,0,971,790,349,0,0,0,0,aro,cross_leg_left,1
619,1786866480.013887,797,874,942,1122,883,863,702,871,743,377,614,651,727,536,253,557,40,404,654,550,555,227,0,0,0,971,789,347,0,0,0,0,aro,cross_leg_left,1
620,1786866480.033577,796,877,942,1127,887,863,701,871,743,381,615,658,729,535,254,557,40,403,653,551,557,228,0,0,0,971,781,348,0,0,0,0,aro,cross_leg_left,1
621,1786866480.053760,795,873,943,1125,885,863,701,871,744,381,617,661,726,535,253,559,39,402,655,551,555,231,0,0,0,971,787,349,0,0,0,0,aro,cross_leg_left,1
622,1786866480.073818,798,876,942,1125,885,861,701,873,743,378,617,665,727,540,255,558,41,399,653,549,557,227,0,0,0,971,787,351,0,0,0,0,aro,cross_leg_left,1
623,1786866480.093823,797,877,941,1125,885,861,701,871,743,373,615,653,729,525,255,557,40,402,651,551,561,223,0,0,0,972,788,351,0,0,0,0,aro,cross_leg_left,1
624,1786866480.113806,794,875,942,1127,902,861,701,870,743,381,617,657,727,543,251,557,39,404,652,551,554,217,0,0,0,972,789,351,0,0,0,0,aro,cross_leg_left,1
625,1786866480.133815,797,877,942,1126,888,861,700,873,743,377,617,661,729,529,252,557,40,404,659,549,563,237,0,0,0,973,773,349,0,0,0,0,aro,cross_leg_left,1
626,1786866480.153818,795,875,940,1125,885,855,701,871,745,377,617,659,728,537,261,558,40,403,652,553,559,239,0,0,0,971,791,349,0,0,0,0,aro,cross_leg_left,1
627,1786866480.173826,792,877,942,1125,885,861,702,871,743,377,615,659,729,523,259,557,41,403,657,551,556,227,0,0,0,971,789,349,0,0,0,0,aro,cross_leg_left,1
628,1786866480.193793,795,879,941,1123,885,863,701,871,743,367,618,647,727,535,253,559,41,408,651,553,558,227,0,0,0,971,787,348,0,0,0,0,aro,cross_leg_left,1
629,1786866480.213812,795,877,941,1125,891,861,701,871,743,379,614,654,725,537,259,557,37,406,653,551,557,229,0,0,0,971,775,348,0,0,0,0,aro,cross_leg_left,1
630,1786866480.233790,791,882,943,1127,885,861,701,871,744,375,617,659,728,532,253,557,39,403,655,553,557,229,0,0,0,969,799,349,0,0,0,0,aro,cross_leg_left,1
631,1786866480.253784,791,873,943,1127,885,861,709,859,743,376,617,655,727,533,253,558,39,403,655,549,556,227,0,0,0,973,783,348,0,0,0,0,aro,cross_leg_left,1
632,1786866480.273789,795,875,943,1127,887,861,701,872,743,377,617,659,727,533,255,559,39,403,652,553,557,227,0,0,0,971,783,349,0,0,0,0,aro,cross_leg_left,1
633,1786866480.292885,795,879,941,1125,885,861,701,873,743,376,617,660,729,537,255,557,39,405,655,553,557,229,0,0,0,972,787,347,0,0,0,0,aro,cross_leg_left,1
634,1786866480.313808,793,871,942,1124,885,861,700,875,743,379,617,656,729,535,255,557,39,405,651,553,563,227,0,0,0,971,788,347,0,0,0,0,aro,cross_leg_left,1
635,1786866480.333857,797,874,943,1130,885,861,700,879,745,378,615,655,729,535,254,557,40,405,653,552,555,227,0,0,0,984,776,347,0,0,0,0,aro,cross_leg_left,1
636,1786866480.352811,795,877,940,1127,879,862,701,873,743,377,613,653,727,533,255,557,39,405,661,553,559,229,0,0,0,971,787,349,0,0,0,0,aro,cross_leg_left,1
637,1786866480.373777,793,875,943,1127,885,861,701,871,743,377,615,661,727,534,251,558,37,404,647,550,559,227,0,0,0,973,777,350,0,0,0,0,aro,cross_leg_left,1
638,1786866480.393783,795,873,941,1127,887,861,701,873,743,381,616,658,729,533,254,559,39,403,655,553,554,227,0,0,0,973,787,351,0,0,0,0,aro,cross_leg_left,1
639,1786866480.413846,793,875,941,1119,883,862,701,870,743,377,613,660,725,533,252,557,40,405,650,551,557,235,0,0,0,967,783,354,0,0,0,0,aro,cross_leg_left,1
640,1786866480.433823,792,874,941,1126,887,863,701,872,745,377,617,655,727,536,255,559,39,405,653,551,559,219,0,0,0,974,793,349,0,0,0,0,aro,cross_leg_left,1
641,1786866480.453785,795,879,941,1124,886,861,700,875,743,379,613,660,729,533,255,557,40,405,659,549,565,227,0,0,0,975,793,355,0,0,0,0,aro,cross_leg_left,1
642,1786866480.473856,795,871,940,1115,879,860,701,868,744,375,616,660,728,533,253,557,40,399,652,550,560,227,0,0,0,973,787,349,0,0,0,0,aro,cross_leg_left,1
643,1786866480.493795,793,883,940,1127,887,866,701,873,743,376,617,658,729,532,253,557,40,401,653,549,558,227,0,0,0,967,783,351,0,0,0,0,aro,cross_leg_left,1
644,1786866480.513802,795,879,940,1125,888,861,701,871,743,372,615,653,715,532,265,559,37,403,653,543,555,226,0,0,0,974,787,351,0,0,0,0,aro,cross_leg_left,1
645,1786866480.533801,795,885,937,1125,883,859,699,873,740,373,615,652,728,534,255,558,40,403,651,551,552,222,0,0,0,969,787,349,0,0,0,0,aro,cross_leg_left,1
646,1786866480.553876,795,877,941,1124,884,863,700,873,741,375,619,660,729,534,252,557,41,403,651,553,558,227,0,0,0,974,782,349,0,0,0,0,aro,cross_leg_left,1
647,1786866480.573791,796,879,941,1125,885,861,701,871,744,377,613,657,729,531,260,559,41,402,655,549,557,229,0,0,0,968,781,346,0,0,0,0,aro,cross_leg_left,1
648,1786866480.593763,794,877,941,1127,887,861,701,872,744,376,617,654,730,535,255,559,40,399,655,538,573,227,0,0,0,979,787,348,0,0,0,0,aro,cross_leg_left,1
649,1786866480.613810,795,875,943,1123,887,861,701,871,743,375,615,661,729,535,261,559,39,399,655,548,551,225,0,0,0,972,786,349,0,0,0,0,aro,cross_leg_left,1
650,1786866480.633790,795,877,943,1139,885,861,700,874,743,375,615,661,727,533,255,558,40,403,659,548,549,227,0,0,0,973,785,353,0,0,0,0,aro,cross_leg_left,1
651,1786866480.653767,793,874,943,1119,884,863,703,871,745,373,615,659,725,533,261,559,42,413,652,553,553,230,0,0,0,972,787,351,0,0,0,0,aro,cross_leg_left,1
652,1786866480.673812,795,879,944,1125,889,863,701,872,744,375,615,659,728,533,255,559,41,402,655,549,557,223,0,0,0,973,787,351,0,0,0,0,aro,cross_leg_left,1
653,1786866480.693790,797,879,941,1129,885,863,701,871,745,377,617,659,730,534,253,558,41,401,653,559,555,215,0,0,0,974,787,351,0,0,0,0,aro,cross_leg_left,1
654,1786866480.713793,791,876,943,1125,886,863,703,871,743,383,614,659,731,529,255,557,40,404,652,538,559,228,0,0,0,969,787,356,0,0,0,0,aro,cross_leg_left,1
655,1786866480.733823,795,875,944,1125,883,861,702,874,744,377,616,661,727,533,250,558,41,398,653,547,548,223,0,0,0,973,787,351,0,0,0,0,aro,cross_leg_left,1
656,1786866480.753766,793,879,943,1123,885,861,701,873,744,377,617,662,727,535,252,559,35,407,653,551,559,227,0,0,0,972,783,357,0,0,0,0,aro,cross_leg_left,1
657,1786866480.773788,794,878,942,1128,883,863,701,874,747,380,615,661,738,533,254,559,37,405,655,551,559,226,0,0,0,973,786,357,0,0,0,0,aro,cross_leg_left,1
658,1786866480.793848,793,874,943,1123,892,861,698,873,742,379,614,651,728,531,255,557,40,401,638,552,556,223,0,0,0,975,786,355,0,0,0,0,aro,cross_leg_left,1
659,1786866480.813811,795,876,943,1123,883,862,703,869,744,376,615,659,728,533,253,559,39,406,657,548,559,227,0,0,0,969,788,353,0,0,0,0,aro,cross_leg_left,1
660,1786866480.833762,795,875,936,1125,885,861,701,871,743,383,616,661,729,536,254,559,39,383,653,550,557,223,0,0,0,971,787,355,0,0,0,0,aro,cross_leg_left,1
661,1786866480.853733,795,875,939,1125,887,861,701,867,743,379,613,657,728,543,254,559,37,407,655,553,559,221,0,0,0,977,789,354,0,0,0,0,aro,cross_leg_left,1
662,1786866480.872884,795,875,943,1127,883,863,701,872,743,381,613,657,729,534,253,559,39,403,651,555,547,222,0,0,0,973,787,355,0,0,0,0,aro,cross_leg_left,1
663,1786866480.893778,795,879,935,1126,889,861,701,871,743,379,615,675,729,533,262,559,41,407,657,551,557,223,0,0,0,973,787,357,0,0,0,0,aro,cross_leg_left,1
664,1786866480.913774,795,876,947,1125,893,861,701,871,744,377,617,649,731,533,255,559,40,405,660,551,557,222,0,0,0,973,786,355,0,0,0,0,aro,cross_leg_left,1
665,1786866480.933804,793,876,942,1125,879,862,702,871,743,379,613,659,728,533,253,558,41,405,653,558,558,223,0,0,0,971,785,355,0,0,0,0,aro,cross_leg_left,1
666,1786866480.953723,793,877,939,1125,885,861,701,872,745,377,616,660,725,537,254,557,40,405,655,555,555,227,0,0,0,973,781,354,0,0,0,0,aro,cross_leg_left,1
667,1786866480.973761,795,875,943,1125,886,859,702,878,744,370,617,671,717,531,251,557,39,404,659,551,552,223,0,0,0,975,789,351,0,0,0,0,aro,cross_leg_left,1
668,1786866480.993779,795,879,939,1127,885,861,702,872,745,377,617,659,730,534,263,558,39,405,663,553,557,223,0,0,0,973,787,355,0,0,0,0,aro,cross_leg_left,1
669,1786866481.013759,795,879,943,1124,880,861,703,872,745,380,617,659,729,533,263,557,25,403,659,553,558,226,0,0,0,977,787,349,0,0,0,0,aro,cross_leg_left,1
670,1786866481.033866,794,885,941,1127,885,866,701,874,742,379,623,659,729,534,263,559,43,399,659,550,558,227,0,0,0,975,787,351,0,0,0,0,aro,cross_leg_left,1
671,1786866481.053790,795,877,940,1125,885,860,701,873,741,377,617,659,729,534,251,558,41,405,654,553,559,227,0,0,0,966,786,354,0,0,0,0,aro,cross_leg_left,1
672,1786866481.073847,794,878,938,1125,885,861,703,871,745,375,617,665,728,533,255,559,39,413,655,551,558,225,0,0,0,974,787,351,0,0,0,0,aro,cross_leg_left,1
673,1786866481.093769,793,877,943,1127,879,861,701,873,745,379,616,658,725,533,253,559,43,403,653,551,557,227,0,0,0,975,786,351,0,0,0,0,aro,cross_leg_left,1
674,1786866481.113769,794,874,941,1126,887,863,701,871,743,379,622,659,731,534,255,559,40,407,653,550,557,227,0,0,0,974,786,349,0,0,0,0,aro,cross_leg_left,1
675,1786866481.133823,795,879,942,1130,885,861,699,869,745,380,615,659,729,533,252,559,39,396,651,555,559,226,0,0,0,969,787,351,0,0,0,0,aro,cross_leg_left,1
676,1786866481.153787,793,875,939,1127,886,861,701,873,743,379,617,659,724,534,255,557,55,403,655,553,555,225,0,0,0,979,786,352,0,0,0,0,aro,cross_leg_left,1
677,1786866481.173801,794,875,943,1127,886,863,699,875,744,379,615,658,727,534,253,559,42,407,653,551,558,228,0,0,0,977,787,355,0,0,0,0,aro,cross_leg_left,1
678,1786866481.193818,795,891,941,1123,885,859,701,873,743,379,611,659,729,533,251,559,40,407,664,553,559,229,0,0,0,971,785,355,0,0,0,0,aro,cross_leg_left,1
679,1786866481.213793,794,876,942,1126,903,861,701,873,743,379,619,654,725,533,262,558,39,405,657,552,557,227,0,0,0,973,795,351,0,0,0,0,aro,cross_leg_left,1
680,1786866481.233776,795,883,945,1126,887,861,702,872,745,379,607,659,729,533,262,557,38,407,655,549,557,227,0,0,0,969,787,351,0,0,0,0,aro,cross_leg_left,1
681,1786866481.253820,795,877,942,1129,885,860,702,871,746,379,611,659,728,535,262,558,39,405,637,551,557,227,0,0,0,977,787,355,0,0,0,0,aro,cross_leg_left,1
682,1786866481.273813,793,877,943,1127,885,861,701,873,743,379,615,659,727,533,249,559,41,408,653,552,557,227,0,0,0,968,787,355,0,0,0,0,aro,cross_leg_left,1
683,1786866481.293844,794,877,943,1115,885,861,700,872,745,379,611,655,728,534,255,558,38,407,655,547,558,227,0,0,0,979,787,355,0,0,0,0,aro,cross_leg_left,1
684,1786866481.313686,795,877,942,1125,885,863,701,871,744,379,615,659,728,535,252,559,40,401,651,552,557,227,0,0,0,973,788,349,0,0,0,0,aro,cross_leg_left,1
685,1786866481.333919,791,879,944,1128,883,861,700,871,743,379,619,661,728,533,255,559,40,405,648,551,559,227,0,0,0,973,795,351,0,0,0,0,aro,cross_leg_left,1
686,1786866481.353789,795,877,942,1125,885,858,701,871,743,377,613,659,723,535,253,557,41,403,655,551,557,227,0,0,0,965,787,350,0,0,0,0,aro,cross_leg_left,1
687,1786866481.373830,794,875,943,1127,885,863,701,873,743,379,617,659,731,533,263,557,37,405,653,551,557,227,0,0,0,973,789,348,0,0,0,0,aro,cross_leg_left,1
688,1786866481.393805,794,878,947,1114,885,863,702,869,743,378,611,659,729,534,261,559,38,404,652,549,557,227,0,0,0,975,787,350,0,0,0,0,aro,cross_leg_left,1
689,1786866481.413780,795,877,942,1129,886,859,703,872,751,377,616,658,718,534,255,559,38,409,655,568,558,229,0,0,0,975,786,341,0,0,0,0,aro,cross_leg_left,1
690,1786866481.433762,794,876,949,1125,885,863,700,875,744,377,619,655,739,534,261,559,39,409,657,555,563,227,0,0,0,973,787,340,0,0,0,0,aro,cross_leg_left,1
691,1786866481.453789,799,877,941,1128,885,867,703,872,745,377,615,661,729,533,253,559,39,404,653,555,558,229,0,0,0,975,783,349,0,0,0,0,aro,cross_leg_left,1
692,1786866481.473793,788,878,943,1127,886,863,701,871,745,379,616,655,729,536,255,558,39,407,651,551,557,223,0,0,0,974,789,350,0,0,0,0,aro,cross_leg_left,1
693,1786866481.493765,793,877,941,1126,885,861,703,872,745,378,617,659,728,535,255,559,40,405,653,551,559,227,0,0,0,982,789,349,0,0,0,0,aro,cross_leg_left,1
694,1786866481.513801,795,877,943,1129,885,871,701,874,743,379,617,659,728,534,255,559,40,404,657,555,557,229,0,0,0,985,783,355,0,0,0,0,aro,cross_leg_left,1
695,1786866481.533778,795,877,943,1125,885,863,701,873,747,379,613,659,728,537,254,559,31,407,653,551,558,229,0,0,0,978,787,348,0,0,0,0,aro,cross_leg_left,1
696,1786866481.553752,795,876,941,1126,887,863,700,873,745,379,618,659,713,533,263,557,43,407,659,553,559,229,0,0,0,972,786,349,0,0,0,0,aro,cross_leg_left,1
697,1786866481.573800,795,873,939,1125,877,862,701,869,740,379,617,651,727,534,265,558,39,406,655,551,557,227,0,0,0,971,787,353,0,0,0,0,aro,cross_leg_left,1
698,1786866481.593754,796,876,943,1125,886,861,702,871,744,379,617,659,739,533,253,558,39,405,654,553,557,229,0,0,0,971,786,355,0,0,0,0,aro,cross_leg_left,1
699,1786866481.613774,795,877,949,1127,887,867,701,873,740,379,613,659,723,534,255,559,39,409,655,550,557,229,0,0,0,969,786,347,0,0,0,0,aro,cross_leg_left,1
700,1786866481.633742,795,877,943,1125,886,862,699,872,745,377,615,659,728,531,255,557,30,405,653,552,559,228,0,0,0,971,787,349,0,0,0,0,aro,cross_leg_left,1
701,1786866481.653789,795,876,941,1125,885,867,695,872,745,378,617,657,727,536,251,557,40,397,655,551,557,228,0,0,0,971,787,355,0,0,0,0,aro,cross_leg_left,1
702,1786866481.673757,795,877,941,1125,887,867,702,873,743,376,605,659,728,533,255,557,50,405,645,553,557,228,0,0,0,972,787,349,0,0,0,0,aro,cross_leg_left,1
703,1786866481.693813,795,877,941,1126,888,859,699,872,741,377,612,658,728,535,253,557,40,416,653,552,559,228,0,0,0,967,787,354,0,0,0,0,aro,cross_leg_left,1
704,1786866481.713797,795,877,943,1125,885,861,703,871,744,377,627,660,729,531,253,557,40,402,653,551,557,227,0,0,0,974,787,349,0,0,0,0,aro,cross_leg_left,1
705,1786866481.733764,795,877,943,1127,886,867,695,871,743,374,613,659,729,535,254,559,45,407,655,551,559,227,0,0,0,980,787,348,0,0,0,0,aro,cross_leg_left,1
706,1786866481.753780,795,877,941,1125,887,861,703,872,743,375,605,658,728,535,255,557,37,398,654,551,558,228,0,0,0,981,787,351,0,0,0,0,aro,cross_leg_left,1
707,1786866481.773826,792,875,945,1123,884,863,709,872,740,373,619,657,725,533,253,559,40,396,655,552,559,227,0,0,0,969,787,351,0,0,0,0,aro,cross_leg_left,1
708,1786866481.793781,795,877,942,1126,885,865,701,873,743,374,620,659,728,533,255,559,41,408,655,543,559,228,0,0,0,973,786,351,0,0,0,0,aro,cross_leg_left,1
709,1786866481.813775,795,877,941,1127,887,861,697,869,745,373,615,663,741,535,255,557,37,407,651,551,558,228,0,0,0,975,787,345,0,0,0,0,aro,cross_leg_left,1
710,1786866481.833049,795,876,941,1125,875,867,710,871,747,373,615,651,727,535,262,557,41,407,654,551,558,227,0,0,0,974,786,363,0,0,0,0,aro,cross_leg_left,1
711,1786866481.853791,795,876,943,1126,885,863,701,871,745,373,615,659,727,535,253,563,39,405,653,551,558,227,0,0,0,985,785,355,0,0,0,0,aro,cross_leg_left,1
712,1786866481.872760,795,876,941,1127,886,860,701,871,743,373,620,659,728,535,255,559,39,406,655,552,557,229,0,0,0,975,782,349,0,0,0,0,aro,cross_leg_left,1
713,1786866481.893794,794,877,943,1127,885,861,701,873,743,373,627,659,729,536,253,559,39,407,655,552,559,228,0,0,0,972,787,357,0,0,0,0,aro,cross_leg_left,1
714,1786866481.913895,795,876,945,1127,885,863,701,871,741,374,619,659,729,536,259,557,39,403,652,553,567,229,0,0,0,981,788,351,0,0,0,0,aro,cross_leg_left,1
715,1786866481.934149,795,877,943,1127,888,862,699,870,741,373,615,659,729,535,264,558,41,407,653,553,559,229,0,0,0,974,787,349,0,0,0,0,aro,cross_leg_left,1
716,1786866481.953715,793,877,943,1127,887,863,701,872,743,373,615,659,729,533,254,559,39,407,653,551,557,227,0,0,0,957,789,354,0,0,0,0,aro,cross_leg_left,1
717,1786866481.973866,794,877,943,1125,880,863,695,871,744,371,611,657,726,536,253,557,40,407,653,553,557,229,0,0,0,971,788,348,0,0,0,0,aro,cross_leg_left,1
718,1786866481.993769,793,877,942,1126,886,859,699,871,743,373,616,659,728,535,254,557,39,407,654,551,558,228,0,0,0,989,783,335,0,0,0,0,aro,cross_leg_left,1
719,1786866482.013795,796,875,941,1125,886,863,701,872,745,373,619,659,729,535,253,558,41,408,654,552,558,229,0,0,0,969,785,349,0,0,0,0,aro,cross_leg_left,1
720,1786866482.033774,793,874,943,1123,883,861,701,871,741,371,615,657,726,534,255,556,39,406,655,551,555,227,0,0,0,999,786,347,0,0,0,0,aro,cross_leg_left,1
721,1786866482.053752,795,877,943,1126,885,863,701,872,743,373,616,660,727,533,261,563,40,406,655,551,557,228,0,0,0,974,787,347,0,0,0,0,aro,cross_leg_left,1
722,1786866482.073784,795,877,943,1125,885,859,701,871,739,371,615,657,729,535,255,557,39,406,654,552,558,229,0,0,0,973,787,349,0,0,0,0,aro,cross_leg_left,1
723,1786866482.093801,793,876,939,1124,885,857,698,871,740,368,615,659,729,535,254,562,39,405,653,552,557,227,0,0,0,985,787,349,0,0,0,0,aro,cross_leg_left,1
724,1786866482.113784,794,877,943,1127,885,863,697,871,745,371,616,659,730,534,254,557,39,406,655,551,557,231,0,0,0,971,787,348,0,0,0,0,aro,cross_leg_left,1
725,1786866482.133899,795,876,942,1125,885,857,709,872,747,367,615,659,728,533,254,557,39,407,655,551,559,229,0,0,0,975,787,354,0,0,0,0,aro,cross_leg_left,1
726,1786866482.153082,795,877,946,1125,884,859,701,869,743,367,615,659,728,535,255,558,39,407,653,553,559,229,0,0,0,974,787,339,0,0,0,0,aro,cross_leg_left,1
727,1786866482.173608,795,877,942,1125,885,861,700,871,742,367,616,659,728,535,260,563,40,407,655,552,559,229,0,0,0,981,785,348,0,0,0,0,aro,cross_leg_left,1
728,1786866482.193793,795,875,943,1125,885,872,709,872,732,367,616,659,728,533,253,557,39,407,654,552,556,229,0,0,0,979,789,364,0,0,0,0,aro,cross_leg_left,1
729,1786866482.213814,795,877,943,1126,885,863,699,872,741,367,616,658,727,536,255,559,41,405,654,551,563,230,0,0,0,974,785,339,0,0,0,0,aro,cross_leg_left,1
730,1786866482.233782,794,877,942,1125,886,861,701,871,731,365,615,659,727,539,255,557,40,407,653,552,559,231,0,0,0,979,789,349,0,0,0,0,aro,cross_leg_left,1
731,1786866482.253754,795,877,943,1125,885,869,701,872,749,365,616,658,727,536,255,559,39,407,653,552,557,229,0,0,0,977,788,351,0,0,0,0,aro,cross_leg_left,1
732,1786866482.273785,794,877,942,1124,885,862,701,872,741,365,616,659,728,535,251,559,41,406,655,552,558,228,0,0,0,973,787,359,0,0,0,0,aro,cross_leg_left,1
733,1786866482.293805,795,877,942,1127,885,863,703,872,735,367,616,661,729,535,255,559,39,405,653,553,559,227,0,0,0,974,787,349,0,0,0,0,aro,cross_leg_left,1
734,1786866482.313769,791,877,943,1125,887,861,697,872,743,371,617,657,727,537,254,558,39,407,654,552,560,231,0,0,0,975,787,355,0,0,0,0,aro,cross_leg_left,1
735,1786866482.333786,793,875,941,1125,885,861,701,871,739,365,615,659,728,535,255,557,39,407,655,552,559,229,0,0,0,975,782,349,0,0,0,0,aro,cross_leg_left,1
736,1786866482.353079,793,877,943,1125,885,867,701,872,749,367,616,659,728,533,255,559,39,407,655,551,557,231,0,0,0,975,787,349,0,0,0,0,aro,cross_leg_left,1
737,1786866482.373832,794,877,943,1126,887,863,713,872,741,369,617,663,728,535,253,557,39,407,655,553,559,232,0,0,0,977,786,349,0,0,0,0,aro,cross_leg_left,1
738,1786866482.393809,796,876,942,1127,885,861,699,871,735,369,617,659,729,535,251,557,37,407,655,552,557,231,0,0,0,974,787,351,0,0,0,0,aro,cross_leg_left,1
739,1786866482.413783,795,877,943,1126,885,861,701,871,749,367,616,659,727,535,262,556,39,407,655,551,558,231,0,0,0,974,787,349,0,0,0,0,aro,cross_leg_left,1
740,1786866482.433779,793,877,941,1125,884,861,703,871,741,365,615,659,728,535,254,557,41,408,653,553,560,231,0,0,0,975,788,348,0,0,0,0,aro,cross_leg_left,1
741,1786866482.453745,794,877,943,1125,885,867,710,872,745,367,617,661,729,537,255,557,40,407,654,552,562,231,0,0,0,978,787,349,0,0,0,0,aro,cross_leg_left,1
742,1786866482.473769,793,875,942,1131,885,861,701,875,741,368,617,658,729,535,254,558,39,407,652,550,559,228,0,0,0,973,787,349,0,0,0,0,aro,cross_leg_left,1
743,1786866482.493794,787,877,942,1127,885,861,701,872,743,367,615,661,729,533,253,559,39,407,653,552,558,231,0,0,0,975,797,349,0,0,0,0,aro,cross_leg_left,1
744,1786866482.513762,795,875,941,1126,887,861,701,871,743,368,616,659,728,535,255,557,41,406,657,553,557,231,0,0,0,974,786,341,0,0,0,0,aro,cross_leg_left,1
745,1786866482.533768,794,875,942,1125,887,861,711,871,743,371,617,658,727,537,253,557,40,407,658,551,558,231,0,0,0,975,781,349,0,0,0,0,aro,cross_leg_left,1
746,1786866482.553770,796,877,943,1125,883,861,703,871,743,367,615,658,729,522,255,558,39,407,652,552,559,231,0,0,0,977,787,349,0,0,0,0,aro,cross_leg_left,1
747,1786866482.573748,795,877,942,1125,887,862,701,870,743,367,617,659,728,523,255,557,39,407,658,551,557,231,0,0,0,973,785,348,0,0,0,0,aro,cross_leg_left,1
748,1786866482.593804,795,877,943,1127,887,863,703,871,743,371,615,661,727,539,254,559,41,407,655,551,558,232,0,0,0,971,787,349,0,0,0,0,aro,cross_leg_left,1
749,1786866482.613829,793,878,943,1126,884,863,703,871,745,370,617,657,729,537,254,557,39,407,655,553,558,232,0,0,0,979,785,349,0,0,0,0,aro,cross_leg_left,1
750,1786866482.633751,795,876,943,1125,885,863,701,871,741,367,615,659,727,535,255,557,43,407,654,552,557,229,0,0,0,975,786,349,0,0,0,0,aro,cross_leg_left,1
751,1786866482.653734,794,876,942,1125,887,863,701,871,743,367,616,660,728,533,254,558,40,407,657,552,559,230,0,0,0,977,787,348,0,0,0,0,aro,cross_leg_left,1
752,1786866482.673838,793,877,943,1125,885,863,701,871,743,371,617,658,729,535,253,557,40,407,655,553,557,231,0,0,0,974,783,349,0,0,0,0,aro,cross_leg_left,1
753,1786866482.693752,793,877,942,1126,887,863,700,871,743,367,615,655,728,505,255,558,40,406,655,552,559,233,0,0,0,975,781,350,0,0,0,0,aro,cross_leg_left,1
754,1786866482.713771,793,877,941,1125,885,862,700,871,743,371,615,659,727,540,255,559,39,407,655,552,559,233,0,0,0,977,765,351,0,0,0,0,aro,cross_leg_left,1
755,1786866482.733783,795,878,941,1126,884,863,700,871,743,371,616,657,728,535,255,559,38,405,657,551,559,232,0,0,0,975,783,354,0,0,0,0,aro,cross_leg_left,1
756,1786866482.753743,795,877,942,1125,886,861,703,872,743,370,617,661,728,537,255,559,39,407,654,552,557,233,0,0,0,974,785,351,0,0,0,0,aro,cross_leg_left,1
757,1786866482.773754,795,879,943,1125,883,861,701,873,743,371,616,659,728,531,254,557,40,407,653,552,555,233,0,0,0,975,787,351,0,0,0,0,aro,cross_leg_left,1
758,1786866482.793785,782,875,942,1125,885,861,703,873,743,373,617,660,729,536,255,558,40,407,653,551,559,233,0,0,0,975,795,350,0,0,0,0,aro,cross_leg_left,1
759,1786866482.813749,795,877,942,1125,885,862,701,871,743,371,615,659,728,541,254,558,40,407,655,551,559,234,0,0,0,975,781,349,0,0,0,0,aro,cross_leg_left,1
760,1786866482.833746,795,876,943,1125,886,863,703,873,743,372,616,658,728,507,253,557,39,407,653,552,559,233,0,0,0,975,781,349,0,0,0,0,aro,cross_leg_left,1
761,1786866482.853768,794,877,941,1125,885,859,699,871,741,369,615,659,728,532,255,559,40,407,653,551,558,235,0,0,0,975,783,348,0,0,0,0,aro,cross_leg_left,1
762,1786866482.873103,795,879,943,1123,885,862,701,872,743,373,615,659,729,535,254,559,40,407,653,553,557,232,0,0,0,975,787,349,0,0,0,0,aro,cross_leg_left,1
763,1786866482.893785,795,879,943,1125,885,861,701,871,743,371,617,659,727,525,254,557,41,407,655,551,559,235,0,0,0,977,788,349,0,0,0,0,aro,cross_leg_left,1
764,1786866482.913778,794,877,943,1125,885,863,701,871,743,369,616,659,728,533,255,559,39,407,659,553,559,237,0,0,0,974,775,349,0,0,0,0,aro,cross_leg_left,1
765,1786866482.933772,791,877,941,1125,885,862,701,872,742,369,615,659,728,535,255,556,39,408,655,552,559,235,0,0,0,977,759,348,0,0,0,0,aro,cross_leg_left,1
766,1786866482.953716,795,878,943,1125,887,861,701,871,743,367,615,659,728,537,255,557,39,407,654,553,557,233,0,0,0,974,773,347,0,0,0,0,aro,cross_leg_left,1
767,1786866482.973742,792,875,943,1125,887,861,701,872,743,371,615,659,727,535,254,558,39,407,655,553,557,235,0,0,0,975,785,349,0,0,0,0,aro,cross_leg_left,1
768,1786866482.993752,803,877,942,1127,885,861,701,872,743,373,616,653,729,536,254,563,40,407,659,553,563,235,0,0,0,975,773,349,0,0,0,0,aro,cross_leg_left,1
769,1786866483.013768,789,879,941,1127,887,861,701,873,743,371,615,659,729,537,253,557,39,407,657,552,557,236,0,0,0,975,777,349,0,0,0,0,aro,cross_leg_left,1
770,1786866483.033818,795,877,941,1125,888,862,702,871,743,371,615,663,728,531,253,558,39,407,657,555,557,233,0,0,0,975,786,349,0,0,0,0,aro,cross_leg_left,1
771,1786866483.053789,797,877,943,1126,887,862,701,871,743,371,617,655,729,535,251,558,41,408,655,553,559,237,0,0,0,975,787,349,0,0,0,0,aro,cross_leg_left,1
772,1786866483.073764,793,877,941,1125,887,861,701,873,743,372,615,660,727,535,254,558,39,408,655,554,559,229,0,0,0,977,787,349,0,0,0,0,aro,cross_leg_left,1
773,1786866483.093745,790,877,943,1125,887,863,700,872,743,371,617,661,728,533,255,559,39,408,655,553,558,249,0,0,0,975,789,348,0,0,0,0,aro,cross_leg_left,1
774,1786866483.113785,792,876,943,1125,887,860,701,869,743,371,613,659,727,535,253,560,39,407,651,553,568,238,0,0,0,978,783,349,0,0,0,0,aro,cross_leg_left,1
775,1786866483.133779,793,877,941,1125,885,861,701,871,743,369,617,659,724,536,253,552,40,408,659,554,559,228,0,0,0,975,783,349,0,0,0,0,aro,cross_leg_left,1
776,1786866483.153748,793,877,942,1127,885,861,701,872,743,370,616,661,728,539,261,557,40,407,654,555,557,245,0,0,0,979,787,348,0,0,0,0,aro,cross_leg_left,1
777,1786866483.173837,793,876,943,1126,887,861,700,871,743,367,613,659,727,539,253,557,40,407,654,552,559,235,0,0,0,975,788,349,0,0,0,0,aro,cross_leg_left,1
778,1786866483.193798,797,875,943,1125,884,861,701,871,741,368,617,661,728,533,259,559,39,408,654,553,561,226,0,0,0,977,783,348,0,0,0,0,aro,cross_leg_left,1
779,1786866483.213789,793,877,943,1126,884,861,701,872,743,367,615,657,729,531,253,558,40,408,655,549,557,237,0,0,0,977,787,348,0,0,0,0,aro,cross_leg_left,1
780,1786866483.233759,792,877,942,1126,888,861,701,873,741,374,616,655,727,532,253,557,40,407,654,554,555,233,0,0,0,978,790,349,0,0,0,0,aro,cross_leg_left,1
781,1786866483.253785,795,876,943,1124,887,861,701,873,743,373,615,658,728,531,253,559,39,405,655,552,558,234,0,0,0,977,781,349,0,0,0,0,aro,cross_leg_left,1
782,1786866483.273768,797,875,943,1127,885,861,701,871,743,369,615,659,728,535,255,558,41,407,657,553,559,235,0,0,0,979,787,348,0,0,0,0,aro,cross_leg_left,1
783,1786866483.293768,795,877,943,1125,885,861,701,872,743,367,615,660,728,537,253,558,39,408,655,553,557,234,0,0,0,979,787,348,0,0,0,0,aro,cross_leg_left,1
784,1786866483.313795,793,878,942,1127,886,862,701,871,742,372,617,659,732,535,255,562,39,407,659,553,557,236,0,0,0,977,781,347,0,0,0,0,aro,cross_leg_left,1
785,1786866483.333766,793,875,943,1125,887,862,700,871,742,372,617,654,728,534,251,558,40,407,654,552,564,235,0,0,0,975,783,348,0,0,0,0,aro,cross_leg_left,1
786,1786866483.353722,792,877,941,1125,885,863,701,871,745,371,617,655,728,536,253,559,41,407,653,553,557,229,0,0,0,975,783,349,0,0,0,0,aro,cross_leg_left,1
787,1786866483.373113,795,879,944,1126,873,861,701,871,743,377,617,663,726,531,255,557,39,406,659,553,557,231,0,0,0,977,789,348,0,0,0,0,aro,cross_leg_left,1
788,1786866483.393781,793,878,943,1125,885,861,701,871,743,367,616,659,729,533,254,557,40,406,659,551,559,235,0,0,0,977,780,351,0,0,0,0,aro,cross_leg_left,1
789,1786866483.413786,794,877,942,1125,885,861,701,871,742,371,617,658,739,537,255,557,41,409,658,553,560,231,0,0,0,975,783,350,0,0,0,0,aro,cross_leg_left,1
790,1786866483.433779,795,879,943,1125,885,861,703,875,742,360,613,647,724,537,253,557,39,407,655,552,558,235,0,0,0,973,782,351,0,0,0,0,aro,cross_leg_left,1
791,1786866483.453857,795,879,943,1127,884,862,701,871,743,371,616,663,727,549,255,559,39,407,655,553,558,237,0,0,0,978,781,351,0,0,0,0,aro,cross_leg_left,1
792,1786866483.473834,793,875,942,1127,887,856,701,871,730,367,615,659,729,535,255,557,40,409,658,550,557,235,0,0,0,979,787,351,0,0,0,0,aro,cross_leg_left,1
793,1786866483.493797,796,876,941,1123,891,863,701,870,741,367,615,657,723,537,255,557,39,409,658,553,557,233,0,0,0,973,787,351,0,0,0,0,aro,cross_leg_left,1
794,1786866483.513759,795,872,943,1127,887,859,702,874,743,365,611,659,729,531,254,558,39,407,653,551,563,239,0,0,0,973,781,351,0,0,0,0,aro,cross_leg_left,1
795,1786866483.533767,797,875,941,1127,887,861,700,869,743,375,615,661,727,537,255,557,39,407,653,551,557,233,0,0,0,975,791,351,0,0,0,0,aro,cross_leg_left,1
796,1786866483.553744,793,878,943,1127,885,863,701,871,743,365,617,672,728,536,255,558,40,408,655,553,559,232,0,0,0,974,785,351,0,0,0,0,aro,cross_leg_left,1
797,1786866483.573823,795,871,942,1127,885,859,701,875,742,363,615,663,729,536,255,559,39,409,663,554,559,239,0,0,0,974,791,356,0,0,0,0,aro,cross_leg_left,1
798,1786866483.593764,805,876,941,1125,889,861,701,871,742,365,615,661,728,537,255,557,41,409,655,555,563,227,0,0,0,979,780,354,0,0,0,0,aro,cross_leg_left,1
799,1786866483.613785,793,877,943,1125,888,861,701,871,743,363,616,659,728,535,255,559,39,409,657,544,559,233,0,0,0,978,782,351,0,0,0,0,aro,cross_leg_left,1
800,1786866483.633799,799,867,943,1128,887,861,701,871,743,363,615,662,723,535,255,558,39,406,655,555,559,233,0,0,0,979,778,355,0,0,0,0,aro,cross_leg_left,1
801,1786866483.653741,794,875,941,1125,885,861,701,871,741,361,613,655,729,539,261,558,41,408,653,552,559,233,0,0,0,975,791,355,0,0,0,0,aro,cross_leg_left,1
802,1786866483.673756,793,878,941,1127,886,861,701,871,741,362,618,660,728,534,255,559,41,407,663,554,558,235,0,0,0,975,788,355,0,0,0,0,aro,cross_leg_left,1
803,1786866483.693804,792,867,943,1119,884,861,701,871,743,361,615,655,727,536,255,557,39,409,653,549,557,235,0,0,0,979,789,355,0,0,0,0,aro,cross_leg_left,1
804,1786866483.713777,793,879,943,1125,887,860,701,872,741,361,619,665,728,549,255,559,39,399,660,551,561,235,0,0,0,977,787,353,0,0,0,0,aro,cross_leg_left,1
805,1786866483.733766,792,877,941,1127,887,861,701,871,743,361,618,658,728,537,254,557,40,407,660,553,563,232,0,0,0,975,789,354,0,0,0,0,aro,cross_leg_left,1
806,1786866483.753743,789,875,941,1126,887,861,702,871,743,363,617,661,729,537,260,558,39,410,661,553,556,233,0,0,0,979,787,354,0,0,0,0,aro,cross_leg_left,1
807,1786866483.773819,799,873,943,1125,885,859,701,871,742,361,615,653,729,537,251,559,39,409,650,553,558,233,0,0,0,973,795,356,0,0,0,0,aro,cross_leg_left,1
808,1786866483.793728,794,877,941,1127,887,861,701,871,743,361,615,664,727,537,259,558,40,408,675,553,558,232,0,0,0,977,811,355,0,0,0,0,aro,cross_leg_left,1
809,1786866483.813751,795,869,943,1127,885,861,700,875,743,360,616,658,728,536,255,557,39,406,655,555,559,235,0,0,0,981,787,351,0,0,0,0,aro,cross_leg_left,1
810,1786866483.833765,793,876,943,1127,885,861,702,872,743,364,617,663,729,537,261,559,39,408,639,553,564,237,0,0,0,972,791,351,0,0,0,0,aro,cross_leg_left,1
811,1786866483.853708,792,883,944,1125,887,861,701,872,742,361,617,657,727,536,254,559,39,407,653,553,563,233,0,0,0,973,787,351,0,0,0,0,aro,cross_leg_left,1
812,1786866483.873319,793,873,947,1127,885,862,701,873,741,361,617,659,727,535,261,559,39,409,654,553,557,231,0,0,0,975,787,355,0,0,0,0,aro,cross_leg_left,1
813,1786866483.893771,793,883,941,1127,883,863,701,871,743,363,612,660,728,537,255,557,39,407,658,553,557,237,0,0,0,973,788,355,0,0,0,0,aro,cross_leg_left,1
814,1786866483.913767,795,879,941,1117,889,861,701,870,742,363,616,653,728,537,255,557,39,407,656,553,557,227,0,0,0,975,787,355,0,0,0,0,aro,cross_leg_left,1
815,1786866483.933519,795,869,941,1127,887,861,701,870,741,363,615,654,728,541,253,559,41,405,652,551,557,238,0,0,0,979,790,355,0,0,0,0,aro,cross_leg_left,1
816,1786866483.953702,794,875,941,1124,887,861,702,871,741,363,617,655,727,537,255,557,39,405,654,553,553,235,0,0,0,978,786,355,0,0,0,0,aro,cross_leg_left,1
817,1786866483.973769,795,877,942,1123,881,861,701,871,741,361,617,662,721,536,262,563,39,409,657,551,559,233,0,0,0,981,787,355,0,0,0,0,aro,cross_leg_left,1
818,1786866483.993717,795,875,943,1113,889,863,702,869,740,363,615,658,728,536,253,559,40,408,657,554,564,236,0,0,0,981,787,357,0,0,0,0,aro,cross_leg_left,1
819,1786866484.013759,795,879,945,1127,885,861,701,872,743,365,615,661,728,536,254,557,39,405,660,553,559,233,0,0,0,980,787,355,0,0,0,0,aro,cross_leg_left,1
820,1786866484.033779,797,874,943,1127,885,863,702,871,743,361,617,664,729,537,254,558,40,408,659,558,559,247,0,0,0,973,783,353,0,0,0,0,aro,cross_leg_left,1
821,1786866484.053713,795,877,943,1125,885,862,701,873,742,359,619,660,715,541,255,558,39,409,661,555,554,234,0,0,0,977,792,353,0,0,0,0,aro,cross_leg_left,1
822,1786866484.073546,794,879,941,1117,885,861,701,871,741,361,616,661,728,534,253,559,40,406,655,554,558,237,0,0,0,974,788,353,0,0,0,0,aro,cross_leg_left,1
823,1786866484.093775,795,879,943,1127,884,861,701,871,741,361,617,651,729,536,255,559,40,405,655,547,557,237,0,0,0,973,789,355,0,0,0,0,aro,cross_leg_left,1
824,1786866484.113752,795,877,939,1118,885,861,701,871,742,365,619,659,727,535,253,557,40,407,658,549,567,236,0,0,0,975,787,350,0,0,0,0,aro,cross_leg_left,1
825,1786866484.133772,793,877,942,1127,887,861,701,871,741,359,618,659,728,536,255,558,39,406,659,552,557,236,0,0,0,973,787,349,0,0,0,0,aro,cross_leg_left,1
826,1786866484.153773,795,875,942,1125,887,859,701,869,743,355,615,660,730,533,253,559,39,407,659,543,557,235,0,0,0,979,786,349,0,0,0,0,aro,cross_leg_left,1
827,1786866484.173772,795,877,941,1127,888,861,701,869,743,361,613,659,727,537,254,559,39,406,660,554,558,231,0,0,0,975,789,349,0,0,0,0,aro,cross_leg_left,1
828,1786866484.193761,795,876,940,1123,884,862,701,869,743,359,614,672,728,536,279,557,40,389,661,555,559,236,0,0,0,979,785,349,0,0,0,0,aro,cross_leg_left,1
829,1786866484.213828,794,871,947,1123,887,859,700,870,741,359,612,654,724,535,266,556,39,407,655,557,549,236,0,0,0,977,787,357,0,0,0,0,aro,cross_leg_left,1
830,1786866484.233760,795,873,941,1129,884,861,701,871,741,361,617,659,721,536,261,559,38,408,655,551,565,237,0,0,0,980,788,351,0,0,0,0,aro,cross_leg_left,1
831,1786866484.253723,795,875,951,1127,891,861,701,871,742,361,617,659,728,535,263,557,40,412,667,552,558,236,0,0,0,975,787,354,0,0,0,0,aro,cross_leg_left,1
832,1786866484.273739,795,879,947,1125,884,869,701,872,743,361,615,665,728,535,259,558,39,405,660,541,559,237,0,0,0,974,787,355,0,0,0,0,aro,cross_leg_left,1
833,1786866484.293748,797,877,938,1125,885,862,701,871,743,361,621,664,727,537,254,555,40,407,659,551,555,237,0,0,0,981,787,351,0,0,0,0,aro,cross_leg_left,1
834,1786866484.313438,795,877,951,1126,877,861,701,869,741,361,616,644,729,536,261,557,39,405,659,549,559,237,0,0,0,979,789,350,0,0,0,0,aro,cross_leg_left,1
835,1786866484.333766,794,877,935,1126,886,863,699,871,741,371,616,659,727,533,253,557,41,405,653,555,549,239,0,0,0,979,781,350,0,0,0,0,aro,cross_leg_left,1
836,1786866484.353762,793,873,942,1123,887,861,701,871,741,358,618,665,727,533,270,559,39,409,655,541,572,235,0,0,0,981,787,349,0,0,0,0,aro,cross_leg_left,1
837,1786866484.373765,795,876,957,1123,889,862,701,871,740,361,619,661,729,535,255,557,40,405,660,552,567,235,0,0,0,973,787,349,0,0,0,0,aro,cross_leg_left,1
838,1786866484.393022,795,877,943,1123,885,860,704,875,743,362,615,658,727,535,261,558,40,405,657,553,559,236,0,0,0,979,788,349,0,0,0,0,aro,cross_leg_left,1
839,1786866484.413816,795,878,941,1125,884,861,703,871,743,362,615,661,728,535,253,563,39,415,659,551,559,237,0,0,0,975,787,349,0,0,0,0,aro,cross_leg_left,1
840,1786866484.433760,795,877,947,1123,902,860,701,871,741,364,618,655,729,529,261,557,40,405,659,550,555,236,0,0,0,977,783,351,0,0,0,0,aro,cross_leg_left,1
841,1786866484.453714,797,883,946,1126,890,862,702,871,741,361,616,659,729,537,253,557,39,407,654,555,559,236,0,0,0,980,781,349,0,0,0,0,aro,cross_leg_left,1
842,1786866484.473775,793,875,943,1125,888,863,713,872,742,361,616,658,729,535,255,559,40,406,657,553,563,237,0,0,0,978,788,349,0,0,0,0,aro,cross_leg_left,1
843,1786866484.493769,795,877,947,1126,886,861,700,871,739,360,617,659,729,537,250,559,39,409,655,539,559,236,0,0,0,977,787,340,0,0,0,0,aro,cross_leg_left,1
844,1786866484.513745,795,878,943,1123,887,861,701,869,741,359,615,659,727,536,255,558,39,408,655,559,559,237,0,0,0,974,787,347,0,0,0,0,aro,cross_leg_left,1
845,1786866484.533739,795,875,939,1125,895,861,703,871,741,357,615,661,727,533,253,557,39,405,655,541,559,235,0,0,0,979,783,349,0,0,0,0,aro,cross_leg_left,1
846,1786866484.553767,793,871,941,1129,885,861,701,870,742,361,613,663,726,540,255,563,39,407,657,551,559,235,0,0,0,979,781,350,0,0,0,0,aro,cross_leg_left,1
847,1786866484.573745,795,881,943,1128,885,861,701,867,743,361,611,659,727,535,255,557,38,407,659,551,559,237,0,0,0,973,787,349,0,0,0,0,aro,cross_leg_left,1
848,1786866484.593737,796,877,949,1127,887,863,703,870,741,361,623,659,728,533,262,557,39,405,659,553,559,236,0,0,0,981,787,349,0,0,0,0,aro,cross_leg_left,1
849,1786866484.613784,795,879,939,1128,887,863,701,872,742,361,628,661,728,536,252,555,40,408,647,553,559,236,0,0,0,975,787,350,0,0,0,0,aro,cross_leg_left,1
850,1786866484.633740,795,867,943,1129,886,861,701,871,739,360,614,659,727,535,255,558,40,411,649,555,581,233,0,0,0,979,787,348,0,0,0,0,aro,cross_leg_left,1
851,1786866484.653729,796,867,942,1125,887,859,701,871,743,359,605,661,727,533,252,557,39,409,655,553,559,235,0,0,0,975,777,349,0,0,0,0,aro,cross_leg_left,1
852,1786866484.673798,795,889,947,1127,885,861,702,870,743,360,617,660,728,533,253,550,39,397,661,554,559,236,0,0,0,979,787,347,0,0,0,0,aro,cross_leg_left,1
853,1786866484.693733,795,883,947,1128,887,862,701,869,739,360,615,659,727,535,253,557,40,404,655,559,559,237,0,0,0,981,787,347,0,0,0,0,aro,cross_leg_left,1
854,1786866484.713729,795,875,944,1127,887,861,703,874,744,361,620,660,728,536,255,558,40,407,659,552,558,237,0,0,0,979,787,348,0,0,0,0,aro,cross_leg_left,1
855,1786866484.733818,794,877,947,1125,886,861,703,875,741,359,615,661,718,535,262,557,39,407,651,553,562,233,0,0,0,975,787,347,0,0,0,0,aro,cross_leg_left,1
856,1786866484.753712,793,875,943,1125,886,856,702,871,742,359,615,658,728,535,259,559,39,408,655,551,559,236,0,0,0,983,789,349,0,0,0,0,aro,cross_leg_left,1
857,1786866484.773751,795,881,943,1133,887,852,702,871,741,359,614,658,729,535,262,557,39,410,657,552,559,235,0,0,0,978,789,349,0,0,0,0,aro,cross_leg_left,1
858,1786866484.793835,795,879,943,1130,886,858,701,871,741,359,618,659,729,536,252,559,41,405,655,551,559,236,0,0,0,988,787,348,0,0,0,0,aro,cross_leg_left,1
859,1786866484.813811,795,879,939,1126,885,861,701,869,743,359,616,659,728,535,255,557,39,410,658,551,559,235,0,0,0,973,789,345,0,0,0,0,aro,cross_leg_left,1
860,1786866484.833756,796,877,943,1126,887,859,699,873,741,359,615,660,729,535,253,557,39,409,658,554,563,239,0,0,0,979,787,349,0,0,0,0,aro,cross_leg_left,1
861,1786866484.853702,795,875,949,1125,888,863,703,869,738,359,617,663,727,535,261,559,40,409,655,554,559,235,0,0,0,979,787,349,0,0,0,0,aro,cross_leg_left,1
862,1786866484.873532,795,875,947,1127,886,861,701,867,741,361,620,659,729,536,262,556,39,408,657,556,559,236,0,0,0,979,787,351,0,0,0,0,aro,cross_leg_left,1
863,1786866484.893709,795,877,941,1125,887,861,703,871,741,359,617,659,729,536,263,559,39,408,658,552,559,235,0,0,0,982,787,349,0,0,0,0,aro,cross_leg_left,1
864,1786866484.913746,795,876,947,1128,888,860,701,869,749,359,616,659,729,535,254,557,39,403,655,548,559,235,0,0,0,981,787,349,0,0,0,0,aro,cross_leg_left,1
865,1786866484.933773,799,877,943,1123,885,861,701,868,740,359,616,660,727,535,255,559,39,403,660,555,559,234,0,0,0,959,787,349,0,0,0,0,aro,cross_leg_left,1
866,1786866484.953830,795,877,949,1129,887,863,699,869,739,361,618,659,729,535,247,557,40,402,659,551,559,235,0,0,0,977,787,351,0,0,0,0,aro,cross_leg_left,1
867,1786866484.973738,795,877,939,1127,887,861,701,869,741,358,613,659,728,535,267,558,39,409,657,553,559,236,0,0,0,978,788,355,0,0,0,0,aro,cross_leg_left,1
868,1786866484.993771,793,873,943,1123,885,861,701,867,739,357,611,661,727,533,255,559,39,405,657,553,559,235,0,0,0,971,788,364,0,0,0,0,aro,cross_leg_left,1
869,1786866485.013785,795,877,940,1125,887,863,701,867,739,355,617,659,728,535,262,557,39,419,659,555,559,236,0,0,0,977,788,355,0,0,0,0,aro,cross_leg_left,1
870,1786866485.033745,795,877,942,1115,885,866,701,867,727,356,616,658,728,534,261,558,39,407,659,540,558,235,0,0,0,975,788,355,0,0,0,0,aro,cross_leg_left,1
871,1786866485.053758,793,873,940,1127,885,863,699,867,735,351,619,655,726,534,253,563,41,408,658,555,559,234,0,0,0,971,787,357,0,0,0,0,aro,cross_leg_left,1
872,1786866485.073794,795,876,941,1125,885,866,700,863,741,349,615,659,729,535,261,559,39,408,659,554,559,234,0,0,0,973,789,359,0,0,0,0,aro,cross_leg_left,1
873,1786866485.093750,795,875,941,1124,887,861,698,866,730,349,621,661,729,533,251,558,40,405,658,551,559,235,0,0,0,973,788,355,0,0,0,0,aro,cross_leg_left,1
874,1786866485.113745,795,877,941,1127,887,861,699,863,735,348,619,659,729,534,275,559,39,403,661,552,559,235,0,0,0,975,787,355,0,0,0,0,aro,cross_leg_left,1
875,1786866485.133771,795,877,947,1125,887,863,699,866,737,349,613,659,728,533,253,559,39,405,655,553,573,235,0,0,0,970,789,358,0,0,0,0,aro,cross_leg_left,1
876,1786866485.153758,795,877,938,1125,887,862,702,863,739,350,615,655,729,535,253,559,40,419,657,553,559,234,0,0,0,977,790,356,0,0,0,0,aro,cross_leg_left,1
877,1786866485.173773,795,877,941,1127,887,861,695,863,734,349,617,659,728,535,252,558,39,415,659,555,559,232,0,0,0,971,789,357,0,0,0,0,aro,cross_leg_left,1
878,1786866485.193789,794,877,943,1125,887,861,699,861,734,349,616,660,730,532,255,558,39,405,658,553,557,224,0,0,0,975,789,351,0,0,0,0,aro,cross_leg_left,1
879,1786866485.213743,795,877,941,1125,887,862,699,858,735,347,615,659,729,535,254,557,41,399,649,554,559,227,0,0,0,978,789,355,0,0,0,0,aro,cross_leg_left,1
880,1786866485.233725,795,877,947,1127,885,861,701,859,739,348,618,653,728,534,251,558,40,403,657,555,558,227,0,0,0,973,788,355,0,0,0,0,aro,cross_leg_left,1
881,1786866485.253769,795,877,942,1127,889,862,701,859,735,347,606,659,729,533,255,557,40,403,659,555,559,227,0,0,0,981,790,357,0,0,0,0,aro,cross_leg_left,1
882,1786866485.273833,796,878,943,1125,888,863,700,859,734,346,619,659,729,535,255,558,41,407,660,554,559,227,0,0,0,977,789,357,0,0,0,0,aro,cross_leg_left,1
883,1786866485.293808,795,877,941,1125,887,862,697,858,738,347,617,659,729,535,254,559,41,405,659,553,559,227,0,0,0,981,791,357,0,0,0,0,aro,cross_leg_left,1
884,1786866485.312767,795,877,941,1125,887,862,698,868,739,345,601,659,729,532,254,558,39,399,659,553,559,227,0,0,0,979,789,356,0,0,0,0,aro,cross_leg_left,1
885,1786866485.333716,795,875,941,1119,875,859,701,855,734,345,617,651,728,535,249,544,39,402,655,553,559,226,0,0,0,973,789,359,0,0,0,0,aro,cross_leg_left,1
886,1786866485.353042,794,875,941,1119,887,863,699,856,738,343,617,659,729,535,255,559,39,404,659,555,558,223,0,0,0,979,788,356,0,0,0,0,aro,cross_leg_left,1
887,1786866485.373732,796,877,940,1117,887,867,701,855,735,343,611,659,728,533,255,559,39,403,658,555,559,220,0,0,0,969,787,356,0,0,0,0,aro,cross_leg_left,1
888,1786866485.393786,793,877,941,1118,885,867,697,853,739,343,607,659,729,531,261,563,40,407,661,553,558,227,0,0,0,971,789,357,0,0,0,0,aro,cross_leg_left,1
889,1786866485.413739,794,875,941,1119,887,867,701,853,733,343,601,659,727,532,261,559,39,403,662,555,559,227,0,0,0,969,791,357,0,0,0,0,aro,cross_leg_left,1
890,1786866485.433053,795,877,939,1117,887,865,697,859,737,345,616,660,729,534,263,558,39,403,661,555,557,228,0,0,0,973,789,356,0,0,0,0,aro,cross_leg_left,1
891,1786866485.453812,795,875,940,1116,887,861,699,852,732,345,616,659,728,533,255,558,39,403,662,555,559,229,0,0,0,967,789,356,0,0,0,0,aro,cross_leg_left,1
892,1786866485.473655,795,873,937,1115,892,866,699,852,739,351,615,659,725,533,253,557,39,405,661,555,565,225,0,0,0,972,794,357,0,0,0,0,aro,cross_leg_left,1
893,1786866485.493757,793,875,939,1116,885,866,713,853,735,343,617,659,728,535,254,563,39,403,663,555,559,231,0,0,0,971,791,357,0,0,0,0,aro,cross_leg_left,1
894,1786866485.513832,793,871,937,1112,885,867,697,851,735,345,614,657,727,535,261,559,39,403,662,553,557,229,0,0,0,954,790,357,0,0,0,0,aro,cross_leg_left,1
895,1786866485.533764,795,873,937,1113,889,858,701,853,745,345,616,659,729,533,261,560,39,403,662,555,559,231,0,0,0,971,789,357,0,0,0,0,aro,cross_leg_left,1
896,1786866485.553715,795,874,937,1114,889,867,697,853,738,345,617,659,729,533,253,558,39,403,675,556,559,231,0,0,0,969,787,357,0,0,0,0,aro,cross_leg_left,1
897,1786866485.573857,795,874,935,1114,888,861,697,853,730,345,617,659,729,531,255,557,40,403,662,554,557,230,0,0,0,971,791,357,0,0,0,0,aro,cross_leg_left,1
898,1786866485.593758,795,876,938,1115,889,867,701,851,735,347,617,660,730,531,255,559,39,401,663,557,559,232,0,0,0,971,789,357,0,0,0,0,aro,cross_leg_left,1
899,1786866485.613741,795,875,937,1115,891,873,700,853,732,349,616,660,729,533,262,562,39,403,661,557,559,232,0,0,0,972,789,355,0,0,0,0,aro,cross_leg_left,1
900,1786866485.633695,795,875,937,1115,889,868,699,853,733,350,617,658,728,534,260,557,39,403,662,556,559,232,0,0,0,971,789,356,0,0,0,0,aro,cross_leg_left,1
901,1786866485.653754,795,876,939,1117,888,867,697,853,738,351,615,659,728,533,255,559,39,403,662,556,558,231,0,0,0,953,789,355,0,0,0,0,aro,cross_leg_left,1
902,1786866485.673748,793,876,937,1115,892,865,697,853,734,350,617,659,731,533,255,563,39,403,662,556,559,233,0,0,0,972,789,351,0,0,0,0,aro,cross_leg_left,1
903,1786866485.693727,795,875,938,1115,891,867,699,857,735,350,616,659,727,535,262,557,39,401,664,557,559,231,0,0,0,971,791,357,0,0,0,0,aro,cross_leg_left,1
904,1786866485.713788,795,877,939,1114,890,871,699,853,730,350,616,659,729,535,251,559,37,403,663,557,558,229,0,0,0,953,789,349,0,0,0,0,aro,cross_leg_left,1
905,1786866485.733728,795,875,937,1115,889,866,695,854,741,351,615,660,727,533,254,558,39,403,664,557,562,231,0,0,0,971,789,356,0,0,0,0,aro,cross_leg_left,1
906,1786866485.753742,796,877,937,1115,891,867,700,854,733,355,615,659,727,533,255,557,40,403,663,555,563,233,0,0,0,971,790,355,0,0,0,0,aro,cross_leg_left,1
907,1786866485.773785,793,877,939,1116,891,871,698,857,735,359,615,659,727,536,255,558,39,403,663,558,557,232,0,0,0,971,791,355,0,0,0,0,aro,cross_leg_left,1
908,1786866485.793743,793,878,938,1117,891,867,701,858,739,359,615,659,729,535,249,557,39,403,663,557,559,234,0,0,0,973,789,355,0,0,0,0,aro,cross_leg_left,1
909,1786866485.813722,795,877,939,1117,892,867,699,857,731,360,617,659,729,535,253,559,39,403,663,557,559,233,0,0,0,971,788,354,0,0,0,0,aro,cross_leg_left,1
910,1786866485.833767,795,875,939,1116,891,867,702,857,737,364,616,659,727,536,255,557,39,403,663,557,559,233,0,0,0,971,790,353,0,0,0,0,aro,cross_leg_left,1
911,1786866485.853888,795,875,939,1115,891,868,699,859,743,365,615,659,729,537,255,557,37,403,665,557,563,234,0,0,0,971,787,351,0,0,0,0,aro,cross_leg_left,1
912,1786866485.873738,795,876,938,1115,889,868,701,859,739,367,615,658,731,535,254,560,39,404,665,555,563,237,0,0,0,971,787,355,0,0,0,0,aro,cross_leg_left,1
913,1786866485.893760,794,874,938,1115,889,867,702,860,739,373,617,659,729,535,263,559,39,403,665,557,559,239,0,0,0,981,790,355,0,0,0,0,aro,cross_leg_left,1
914,1786866485.913755,793,875,938,1115,889,863,696,859,743,375,616,659,731,536,255,557,37,405,665,557,557,239,0,0,0,969,787,355,0,0,0,0,aro,cross_leg_left,1
915,1786866485.933733,795,875,937,1115,891,869,703,860,741,377,615,660,730,533,261,557,39,403,665,557,559,239,0,0,0,969,791,355,0,0,0,0,aro,cross_leg_left,1
916,1786866485.953773,792,875,935,1115,890,863,693,859,741,377,615,661,729,537,253,559,38,403,665,555,557,239,0,0,0,969,791,351,0,0,0,0,aro,cross_leg_left,1
917,1786866485.973769,795,875,939,1115,889,868,702,860,742,382,615,659,729,534,239,559,37,405,665,557,559,244,0,0,0,968,792,351,0,0,0,0,aro,cross_leg_left,1
918,1786866485.993736,793,878,937,1115,891,867,703,861,743,391,617,659,729,536,260,563,38,407,667,557,558,245,0,0,0,968,789,350,0,0,0,0,aro,cross_leg_left,1
919,1786866486.013735,792,876,937,1113,891,869,702,861,743,393,616,659,727,534,255,559,39,407,663,559,562,247,0,0,0,967,792,350,0,0,0,0,aro,cross_leg_left,1
920,1786866486.033749,793,875,939,1115,889,868,701,862,744,395,615,657,729,526,255,557,39,407,667,557,564,247,0,0,0,967,791,349,0,0,0,0,aro,cross_leg_left,1
921,1786866486.053693,795,875,937,1115,888,867,702,863,744,395,616,655,730,539,261,557,38,407,665,555,563,245,0,0,0,968,789,349,0,0,0,0,aro,cross_leg_left,1
922,1786866486.073721,795,876,937,1115,892,867,703,863,744,399,615,660,728,535,255,558,37,407,665,558,563,247,0,0,0,968,788,349,0,0,0,0,aro,cross_leg_left,1
923,1786866486.093730,795,875,939,1115,889,868,699,867,745,403,617,659,727,536,250,559,39,407,665,557,563,247,0,0,0,968,790,347,0,0,0,0,aro,cross_leg_left,1
924,1786866486.113733,795,875,937,1115,891,869,703,866,745,405,616,657,729,537,255,563,37,408,663,557,563,249,0,0,0,969,783,350,0,0,0,0,aro,cross_leg_left,1
925,1786866486.133737,793,875,939,1115,890,869,703,867,745,408,617,659,729,536,255,559,39,409,665,557,563,249,0,0,0,969,792,349,0,0,0,0,aro,cross_leg_left,1
926,1786866486.153639,793,873,938,1113,888,869,701,866,744,408,615,655,727,537,255,557,37,408,667,555,559,245,0,0,0,968,791,349,0,0,0,0,aro,cross_leg_left,1
927,1786866486.173788,795,877,937,1115,891,869,703,867,746,408,617,660,728,535,255,557,38,408,667,557,563,248,0,0,0,968,790,351,0,0,0,0,aro,cross_leg_left,1
928,1786866486.193759,796,875,937,1115,891,867,703,869,745,409,617,657,731,529,255,559,37,405,665,557,559,248,0,0,0,969,805,355,0,0,0,0,aro,cross_leg_left,1
929,1786866486.213743,793,875,937,1115,890,869,701,867,745,407,617,658,731,525,255,560,39,407,665,557,562,247,0,0,0,968,789,357,0,0,0,0,aro,cross_leg_left,1
930,1786866486.233753,793,875,937,1115,891,867,702,867,746,409,617,659,728,533,255,559,39,406,665,557,563,249,0,0,0,969,789,357,0,0,0,0,aro,cross_leg_left,1
931,1786866486.253744,795,876,939,1115,890,868,703,867,745,411,616,659,727,535,255,559,37,407,665,557,563,249,0,0,0,967,779,357,0,0,0,0,aro,cross_leg_left,1
932,1786866486.273747,793,875,937,1115,890,868,702,863,745,411,615,659,728,535,261,558,39,407,667,557,562,246,0,0,0,969,788,357,0,0,0,0,aro,cross_leg_left,1
933,1786866486.293947,794,875,939,1117,889,869,703,868,747,411,615,657,727,531,260,558,38,407,667,559,565,247,0,0,0,967,789,357,0,0,0,0,aro,cross_leg_left,1
934,1786866486.313754,796,873,938,1115,890,868,703,866,747,413,617,659,729,529,255,559,37,408,665,558,565,251,0,0,0,969,788,355,0,0,0,0,aro,cross_leg_left,1
935,1786866486.333748,789,875,938,1112,890,867,701,867,747,413,617,659,729,527,256,556,38,409,667,558,563,251,0,0,0,969,789,349,0,0,0,0,aro,cross_leg_left,1
936,1786866486.353763,795,875,939,1109,889,869,701,867,747,415,617,659,742,537,251,563,37,407,664,559,563,245,0,0,0,968,791,348,0,0,0,0,aro,cross_leg_left,1
937,1786866486.373730,793,875,939,1115,889,869,703,867,747,416,615,661,730,539,256,563,38,409,665,559,565,251,0,0,0,967,791,349,0,0,0,0,aro,cross_leg_left,1
938,1786866486.393716,795,874,939,1115,891,869,702,869,750,419,616,659,728,533,255,559,39,409,667,559,563,247,0,0,0,967,793,351,0,0,0,0,aro,cross_leg_left,1
939,1786866486.413718,794,876,938,1115,890,869,701,867,747,419,617,660,731,537,255,556,37,409,665,558,564,251,0,0,0,968,787,353,0,0,0,0,aro,cross_leg_left,1
940,1786866486.433763,795,877,937,1117,889,868,702,869,747,422,615,659,729,535,255,559,39,408,666,558,563,249,0,0,0,967,762,355,0,0,0,0,aro,cross_leg_left,1
941,1786866486.453005,795,875,939,1116,891,869,703,869,745,425,617,659,728,535,255,559,38,409,665,559,559,248,0,0,0,967,789,357,0,0,0,0,aro,cross_leg_left,1
942,1786866486.473821,795,873,937,1115,891,867,701,867,747,425,615,659,730,536,255,559,39,405,671,557,564,251,0,0,0,968,789,357,0,0,0,0,aro,cross_leg_left,1
943,1786866486.493778,793,877,939,1113,889,868,703,867,747,425,617,661,727,529,255,557,39,407,667,557,564,247,0,0,0,967,791,359,0,0,0,0,aro,cross_leg_left,1
944,1786866486.513759,793,876,937,1115,890,868,703,868,747,423,615,660,729,537,255,547,39,409,665,559,559,269,0,0,0,967,789,355,0,0,0,0,aro,cross_leg_left,1
945,1786866486.533735,797,875,938,1116,890,869,703,867,747,421,615,657,728,534,260,559,38,407,665,557,559,248,0,0,0,967,791,355,0,0,0,0,aro,cross_leg_left,1
946,1786866486.553789,794,875,938,1115,887,868,702,867,747,423,615,657,729,540,254,556,38,409,665,559,565,249,0,0,0,967,790,350,0,0,0,0,aro,cross_leg_left,1
947,1786866486.573753,792,874,939,1115,888,867,703,868,746,425,616,659,731,536,256,559,39,409,668,557,562,245,0,0,0,969,795,349,0,0,0,0,aro,cross_leg_left,1
948,1786866486.593762,793,875,939,1117,889,869,703,869,747,425,615,660,727,537,261,557,38,409,665,557,565,255,0,0,0,968,793,349,0,0,0,0,aro,cross_leg_left,1
949,1786866486.613757,795,877,939,1115,889,869,703,870,749,431,617,661,729,537,260,557,37,409,667,558,563,251,0,0,0,967,791,349,0,0,0,0,aro,cross_leg_left,1
950,1786866486.633774,796,876,941,1117,889,867,703,869,748,452,615,659,728,533,261,559,37,411,667,561,557,248,0,0,0,969,791,349,0,0,0,0,aro,cross_leg_left,1
951,1786866486.653737,793,876,941,1119,889,869,702,869,749,447,617,661,743,539,260,557,37,411,667,557,563,249,0,0,0,971,791,349,0,0,0,0,aro,cross_leg_left,1
952,1786866486.673738,793,877,941,1119,890,869,703,870,748,441,616,661,727,539,261,569,37,411,667,558,565,251,0,0,0,970,791,349,0,0,0,0,aro,cross_leg_left,1
953,1786866486.693755,795,875,940,1119,888,869,703,869,748,433,617,659,728,533,261,563,37,411,665,559,567,251,0,0,0,970,783,351,0,0,0,0,aro,cross_leg_left,1
954,1786866486.713747,795,876,939,1117,890,869,701,869,748,423,614,660,727,537,255,563,39,409,667,559,563,251,0,0,0,969,791,351,0,0,0,0,aro,cross_leg_left,1
955,1786866486.733745,795,876,937,1115,889,869,703,869,749,415,616,661,730,536,262,555,37,409,669,563,559,247,0,0,0,969,787,355,0,0,0,0,aro,cross_leg_left,1
956,1786866486.753763,795,874,941,1117,885,871,701,867,747,405,613,659,730,539,254,558,37,409,667,559,563,247,0,0,0,965,787,357,0,0,0,0,aro,cross_leg_left,1
957,1786866486.773750,795,875,939,1115,888,867,701,869,745,399,616,658,702,536,263,555,38,408,667,563,564,245,0,0,0,969,789,357,0,0,0,0,aro,cross_leg_left,1
958,1786866486.793754,794,873,939,1113,890,868,702,868,746,401,616,659,733,533,261,563,39,409,665,559,563,245,0,0,0,968,790,349,0,0,0,0,aro,cross_leg_left,1
959,1786866486.813789,790,874,940,1115,887,867,700,868,744,389,617,655,724,535,255,563,38,408,667,557,563,244,0,0,0,967,791,351,0,0,0,0,aro,cross_leg_left,1
960,1786866486.833748,792,874,939,1114,889,867,702,868,746,401,616,660,725,537,260,557,38,409,669,557,563,251,0,0,0,969,792,351,0,0,0,0,aro,cross_leg_left,1
961,1786866486.853692,797,875,941,1115,887,868,701,871,745,399,616,660,728,531,254,559,38,411,667,559,564,246,0,0,0,968,789,348,0,0,0,0,aro,cross_leg_left,1
962,1786866486.873746,793,876,939,1115,888,867,699,869,744,395,615,657,729,541,256,565,39,407,666,557,563,239,0,0,0,969,791,351,0,0,0,0,aro,cross_leg_left,1
963,1786866486.893760,795,875,939,1115,889,869,701,867,745,396,615,657,728,529,261,561,39,409,664,558,557,244,0,0,0,969,791,357,0,0,0,0,aro,cross_leg_left,1
964,1786866486.913716,793,877,941,1117,891,869,701,867,747,391,614,661,729,537,255,563,39,407,668,558,558,239,0,0,0,969,791,357,0,0,0,0,aro,cross_leg_left,1
965,1786866486.933741,799,877,941,1122,889,868,701,869,747,397,615,649,725,531,261,559,39,408,671,557,557,245,0,0,0,969,787,355,0,0,0,0,aro,cross_leg_left,1
966,1786866486.953039,794,878,940,1118,891,869,702,868,747,401,616,671,727,532,261,559,38,411,668,559,568,239,0,0,0,969,790,357,0,0,0,0,aro,cross_leg_left,1
967,1786866486.973740,807,878,940,1119,891,869,703,868,747,407,617,660,731,537,261,563,37,411,665,563,565,239,0,0,0,969,796,359,0,0,0,0,aro,cross_leg_left,1
968,1786866486.993711,795,871,939,1115,892,867,701,867,745,403,621,661,730,535,256,558,39,407,669,559,563,239,0,0,0,971,789,359,0,0,0,0,aro,cross_leg_left,1
969,1786866487.013764,795,873,939,1115,890,868,703,868,746,399,617,659,733,539,254,560,38,408,665,559,557,231,0,0,0,971,788,357,0,0,0,0,aro,cross_leg_left,1
970,1786866487.033693,793,875,939,1115,889,869,702,873,747,397,615,663,731,523,253,559,39,409,667,563,559,244,0,0,0,969,795,357,0,0,0,0,aro,cross_leg_left,1
971,1786866487.053727,793,874,941,1121,889,869,702,869,746,407,615,657,729,553,260,559,39,407,667,559,557,244,0,0,0,971,787,361,0,0,0,0,aro,cross_leg_left,1
972,1786866487.073773,795,877,939,1119,891,868,703,870,746,419,617,658,729,533,261,559,39,411,667,559,564,245,0,0,0,971,791,360,0,0,0,0,aro,cross_leg_left,1
973,1786866487.093722,796,875,941,1117,888,869,709,870,747,421,616,659,729,537,261,557,38,409,667,559,567,247,0,0,0,970,787,359,0,0,0,0,aro,cross_leg_left,1
974,1786866487.113728,791,875,941,1117,887,869,702,872,747,427,617,662,731,535,261,559,38,409,667,559,565,245,0,0,0,967,791,361,0,0,0,0,aro,cross_leg_left,1
975,1786866487.133744,793,874,941,1118,904,869,703,870,747,426,615,669,727,543,261,563,39,408,667,559,553,247,0,0,0,969,793,357,0,0,0,0,aro,cross_leg_left,1
976,1786866487.153734,795,877,940,1119,888,869,701,870,747,427,615,652,728,539,256,559,38,409,664,560,557,248,0,0,0,969,794,360,0,0,0,0,aro,cross_leg_left,1
977,1786866487.173746,795,876,942,1117,889,868,701,867,749,423,617,659,731,537,263,559,39,409,665,559,560,249,0,0,0,971,792,359,0,0,0,0,aro,cross_leg_left,1
978,1786866487.193794,797,877,939,1123,889,868,703,869,747,425,616,659,729,534,261,559,39,409,665,559,564,247,0,0,0,971,783,361,0,0,0,0,aro,cross_leg_left,1
979,1786866487.213737,797,878,939,1123,887,869,704,869,749,427,617,654,734,536,261,559,38,409,666,559,559,247,0,0,0,969,791,357,0,0,0,0,aro,cross_leg_left,1
980,1786866487.233727,788,877,941,1123,889,869,701,869,746,427,619,655,726,538,261,563,39,412,667,559,565,249,0,0,0,971,777,359,0,0,0,0,aro,cross_leg_left,1
981,1786866487.253757,795,877,933,1122,888,870,701,869,746,424,617,671,729,537,248,559,37,411,664,559,563,247,0,0,0,969,791,359,0,0,0,0,aro,cross_leg_left,1
982,1786866487.273720,795,883,941,1123,889,869,703,869,749,426,616,659,727,537,261,563,39,409,669,563,563,255,0,0,0,971,790,361,0,0,0,0,aro,cross_leg_left,1
983,1786866487.293716,795,877,941,1117,888,869,703,861,748,420,615,658,731,537,254,563,39,410,663,559,559,243,0,0,0,973,794,357,0,0,0,0,aro,cross_leg_left,1
984,1786866487.312826,793,877,939,1123,889,869,703,869,748,412,618,663,725,536,263,564,39,409,666,560,563,237,0,0,0,973,792,359,0,0,0,0,aro,cross_leg_left,1
985,1786866487.333871,794,875,941,1117,889,869,702,870,746,405,617,659,725,537,255,558,39,403,665,563,563,243,0,0,0,972,791,359,0,0,0,0,aro,cross_leg_left,1
986,1786866487.353747,795,879,941,1117,887,868,702,869,747,407,617,653,731,533,263,559,39,410,665,563,563,247,0,0,0,971,791,365,0,0,0,0,aro,cross_leg_left,1
987,1786866487.373739,795,875,941,1117,889,869,703,868,746,403,617,653,730,535,261,565,39,409,672,559,565,245,0,0,0,973,791,366,0,0,0,0,aro,cross_leg_left,1
988,1786866487.393735,795,875,939,1118,886,869,703,869,747,405,616,663,728,534,253,563,38,411,668,557,566,248,0,0,0,971,791,363,0,0,0,0,aro,cross_leg_left,1
989,1786866487.413732,795,879,940,1117,886,867,703,869,745,405,617,664,741,535,255,565,40,406,669,564,565,249,0,0,0,969,791,360,0,0,0,0,aro,cross_leg_left,1
990,1786866487.433715,797,875,941,1118,886,867,701,867,749,405,616,662,735,531,254,563,39,407,665,563,564,249,0,0,0,969,795,361,0,0,0,0,aro,cross_leg_left,1
991,1786866487.453046,793,877,937,1117,889,869,703,869,747,411,617,665,728,535,252,559,37,408,677,559,561,252,0,0,0,969,791,361,0,0,0,0,aro,cross_leg_left,1
992,1786866487.473797,796,875,940,1117,888,867,703,868,747,412,617,660,731,536,261,566,39,409,667,559,565,249,0,0,0,985,793,363,0,0,0,0,aro,cross_leg_left,1
993,1786866487.493765,795,871,940,1117,889,870,703,868,747,411,613,661,729,535,253,553,39,409,668,565,565,248,0,0,0,972,791,363,0,0,0,0,aro,cross_leg_left,1
994,1786866487.513745,798,875,941,1117,891,868,703,867,747,412,614,659,728,534,253,563,40,409,668,559,563,248,0,0,0,967,791,365,0,0,0,0,aro,cross_leg_left,1
995,1786866487.533533,795,878,955,1119,884,867,708,869,745,412,619,663,730,535,269,563,39,409,669,557,567,247,0,0,0,968,792,365,0,0,0,0,aro,cross_leg_left,1
996,1786866487.553719,795,877,950,1117,892,867,700,869,747,409,617,651,729,535,249,559,39,412,668,558,564,245,0,0,0,967,793,371,0,0,0,0,aro,cross_leg_left,1
997,1786866487.573751,795,875,940,1121,892,867,703,869,744,396,615,659,727,535,263,559,39,407,666,543,560,245,0,0,0,972,792,373,0,0,0,0,aro,cross_leg_left,1
998,1786866487.593721,795,879,940,1118,887,869,703,869,745,407,619,661,732,535,261,555,39,409,667,553,563,249,0,0,0,972,793,373,0,0,0,0,aro,cross_leg_left,1
999,1786866487.613731,793,876,939,1117,892,869,704,869,747,405,613,659,711,536,253,560,39,409,664,555,559,245,0,0,0,969,792,371,0,0,0,0,aro,cross_leg_left,1
1000,1786866487.633717,795,875,941,1113,891,870,709,867,747,396,616,662,735,534,261,565,39,409,665,563,552,246,0,0,0,973,792,371,0,0,0,0,aro,cross_leg_left,1
1001,1786866487.653722,795,878,942,1119,893,868,703,867,746,408,617,654,743,535,263,563,38,409,667,557,563,255,0,0,0,971,793,367,0,0,0,0,aro,cross_leg_left,1
1002,1786866487.673741,795,875,941,1116,893,867,703,869,747,408,616,659,733,535,263,559,39,411,667,559,559,237,0,0,0,973,791,371,0,0,0,0,aro,cross_leg_left,1
1003,1786866487.693742,793,874,941,1123,889,869,703,871,745,409,614,659,730,533,253,563,39,414,661,563,563,243,0,0,0,971,791,373,0,0,0,0,aro,cross_leg_left,1
1004,1786866487.713788,795,874,940,1123,885,869,701,867,747,410,617,657,729,537,255,562,39,409,667,571,566,246,0,0,0,971,792,362,0,0,0,0,aro,cross_leg_left,1
1005,1786866487.733728,795,875,941,1119,889,869,703,871,745,403,617,659,731,537,253,563,39,409,669,558,564,247,0,0,0,972,792,360,0,0,0,0,aro,cross_leg_left,1
1006,1786866487.753720,795,875,941,1117,882,869,703,869,747,412,615,659,729,537,262,563,38,410,667,559,568,247,0,0,0,971,792,348,0,0,0,0,aro,cross_leg_left,1
1007,1786866487.773785,795,879,939,1115,889,871,703,871,747,410,613,659,729,539,263,555,38,411,668,563,573,247,0,0,0,973,790,362,0,0,0,0,aro,cross_leg_left,1
1008,1786866487.793718,795,877,950,1122,887,869,709,870,749,420,617,652,729,537,270,564,39,395,667,565,564,249,0,0,0,975,792,349,0,0,0,0,aro,cross_leg_left,1
1009,1786866487.813728,795,876,937,1119,883,868,701,867,747,419,615,665,729,537,253,563,40,409,667,559,564,248,0,0,0,971,791,373,0,0,0,0,aro,cross_leg_left,1
1010,1786866487.833835,795,875,942,1117,904,867,703,869,749,419,615,665,729,535,252,561,39,424,677,563,563,247,0,0,0,972,791,367,0,0,0,0,aro,cross_leg_left,1
1011,1786866487.853725,795,873,935,1119,887,869,701,871,747,413,616,659,725,536,254,563,39,411,667,557,564,249,0,0,0,973,793,365,0,0,0,0,aro,cross_leg_left,1
1012,1786866487.873726,793,876,942,1117,886,869,702,870,748,420,615,663,731,535,265,562,39,409,670,554,550,246,0,0,0,969,792,363,0,0,0,0,aro,cross_leg_left,1
1013,1786866487.893727,795,876,943,1124,885,869,700,871,748,421,619,660,731,536,261,563,39,413,663,557,565,247,0,0,0,972,793,357,0,0,0,0,aro,cross_leg_left,1
1014,1786866487.913773,793,874,941,1119,888,869,703,870,747,422,617,659,729,537,263,557,39,412,663,556,565,247,0,0,0,971,792,361,0,0,0,0,aro,cross_leg_left,1
1015,1786866487.933706,795,871,939,1115,895,868,701,871,747,429,615,661,729,537,251,572,37,409,667,557,560,247,0,0,0,971,792,361,0,0,0,0,aro,cross_leg_left,1
1016,1786866487.953690,797,876,941,1118,887,871,701,875,747,429,619,659,727,535,263,559,39,409,668,563,564,249,0,0,0,979,797,361,0,0,0,0,aro,cross_leg_left,1
1017,1786866487.973769,795,872,940,1113,885,868,703,867,749,443,614,659,727,535,263,559,37,403,671,558,559,249,0,0,0,977,792,349,0,0,0,0,aro,cross_leg_left,1
1018,1786866487.993724,794,875,941,1121,889,870,703,874,751,447,617,659,729,536,261,543,36,411,667,557,560,251,0,0,0,971,791,365,0,0,0,0,aro,cross_leg_left,1
1019,1786866488.013781,795,871,939,1117,889,869,709,870,751,453,621,659,728,537,263,559,39,413,669,559,563,247,0,0,0,967,792,361,0,0,0,0,aro,cross_leg_left,1
1020,1786866488.033718,792,875,937,1118,887,868,708,870,749,455,623,654,731,533,264,559,37,405,681,559,564,252,0,0,0,967,786,360,0,0,0,0,aro,cross_leg_left,1
1021,1786866488.053737,795,879,943,1123,889,871,703,871,751,455,615,659,730,536,263,562,38,415,679,563,563,255,0,0,0,971,791,357,0,0,0,0,aro,cross_leg_left,1
1022,1786866488.073779,795,875,939,1116,887,869,711,872,751,455,617,660,729,537,263,554,37,405,669,559,565,261,0,0,0,973,792,363,0,0,0,0,aro,cross_leg_left,1
1023,1786866488.093705,795,872,941,1118,889,869,703,868,749,447,617,659,729,535,255,564,38,415,669,563,564,261,0,0,0,967,791,363,0,0,0,0,aro,cross_leg_left,1
1024,1786866488.113786,793,877,940,1115,888,869,703,870,749,441,605,655,734,537,255,559,37,409,668,559,565,261,0,0,0,968,782,361,0,0,0,0,aro,cross_leg_left,1
1025,1786866488.133718,793,873,938,1129,888,868,703,875,749,428,621,660,729,536,253,557,38,411,668,555,563,254,0,0,0,985,792,365,0,0,0,0,aro,cross_leg_left,1
1026,1786866488.153698,795,876,939,1117,888,873,708,871,750,425,617,659,730,535,255,563,39,412,669,569,565,253,0,0,0,955,793,363,0,0,0,0,aro,cross_leg_left,1
1027,1786866488.173782,793,875,939,1116,889,871,703,871,749,411,618,662,731,536,261,563,38,412,669,560,565,253,0,0,0,971,793,365,0,0,0,0,aro,cross_leg_left,1
1028,1786866488.193736,783,874,940,1117,887,867,703,871,748,425,617,659,729,537,261,567,38,411,669,565,567,253,0,0,0,969,799,365,0,0,0,0,aro,cross_leg_left,1
1029,1786866488.213711,793,875,941,1113,888,869,709,871,749,426,619,661,729,535,251,563,38,412,669,563,565,255,0,0,0,968,791,367,0,0,0,0,aro,cross_leg_left,1
1030,1786866488.233699,794,873,940,1109,887,870,700,871,749,427,617,659,729,536,262,559,35,413,671,557,564,253,0,0,0,968,792,371,0,0,0,0,aro,cross_leg_left,1
1031,1786866488.253785,794,874,939,1121,887,869,709,869,751,427,615,660,729,537,255,566,36,412,668,567,565,253,0,0,0,971,791,363,0,0,0,0,aro,cross_leg_left,1
1032,1786866488.273711,794,874,939,1113,889,869,701,871,747,427,617,655,728,536,261,565,37,411,669,557,565,253,0,0,0,981,791,363,0,0,0,0,aro,cross_leg_left,1
1033,1786866488.293712,793,873,936,1117,891,863,704,871,749,437,619,660,729,537,263,564,38,413,669,573,565,260,0,0,0,969,793,365,0,0,0,0,aro,cross_leg_left,1
1034,1786866488.313750,793,874,940,1109,890,870,703,873,749,443,616,660,729,537,254,556,38,413,669,564,565,261,0,0,0,978,792,365,0,0,0,0,aro,cross_leg_left,1
1035,1786866488.333719,794,873,934,1114,891,869,703,871,749,443,614,660,729,537,254,558,39,419,669,563,565,263,0,0,0,967,793,373,0,0,0,0,aro,cross_leg_left,1
1036,1786866488.353701,794,875,941,1109,891,869,709,859,755,443,613,660,729,536,263,559,39,408,675,560,566,263,0,0,0,983,792,367,0,0,0,0,aro,cross_leg_left,1
1037,1786866488.373771,803,872,937,1113,890,875,703,879,749,441,615,664,719,537,260,568,39,413,671,565,565,263,0,0,0,969,792,373,0,0,0,0,aro,cross_leg_left,1
1038,1786866488.393703,794,873,935,1117,889,869,703,883,749,441,615,660,729,536,265,563,39,410,670,565,565,262,0,0,0,965,792,375,0,0,0,0,aro,cross_leg_left,1
1039,1786866488.413708,794,873,937,1125,891,869,709,871,749,443,621,661,729,537,265,558,39,412,669,565,565,263,0,0,0,955,793,374,0,0,0,0,aro,cross_leg_left,1
1040,1786866488.433707,794,873,936,1115,891,869,703,871,757,443,615,659,729,537,265,565,39,413,667,555,565,263,0,0,0,967,793,373,0,0,0,0,aro,cross_leg_left,1
1041,1786866488.453746,792,874,940,1116,889,869,701,871,751,443,611,659,729,537,261,558,38,411,671,571,565,261,0,0,0,965,791,367,0,0,0,0,aro,cross_leg_left,1
1042,1786866488.473731,793,871,939,1115,890,868,703,871,749,441,617,661,731,534,262,563,38,411,671,565,566,263,0,0,0,969,793,375,0,0,0,0,aro,cross_leg_left,1
1043,1786866488.493741,793,875,936,1115,891,873,711,871,749,437,617,661,729,536,255,563,37,411,669,563,565,260,0,0,0,974,792,371,0,0,0,0,aro,cross_leg_left,1
1044,1786866488.513865,794,874,939,1115,889,869,703,871,743,435,619,660,730,536,271,563,39,409,669,558,565,263,0,0,0,965,793,365,0,0,0,0,aro,cross_leg_left,1
1045,1786866488.533513,794,873,933,1114,890,871,703,870,745,436,612,660,728,536,261,563,39,411,668,557,567,263,0,0,0,971,791,372,0,0,0,0,aro,cross_leg_left,1
1046,1786866488.553700,794,873,943,1113,891,871,702,871,747,434,620,660,729,537,264,560,38,409,670,565,563,263,0,0,0,971,793,378,0,0,0,0,aro,cross_leg_left,1
1047,1786866488.573777,795,873,936,1115,891,869,701,871,747,429,613,661,729,536,263,559,39,411,671,563,565,255,0,0,0,971,792,377,0,0,0,0,aro,cross_leg_left,1
1048,1786866488.593721,795,873,935,1113,890,870,709,871,749,429,616,661,729,533,261,559,39,406,670,563,565,260,0,0,0,969,793,371,0,0,0,0,aro,cross_leg_left,1
1049,1786866488.613750,795,874,947,1115,891,862,702,871,749,429,613,660,729,535,267,565,39,407,669,564,563,254,0,0,0,968,793,373,0,0,0,0,aro,cross_leg_left,1
1050,1786866488.633797,794,875,937,1115,887,867,708,871,745,427,605,657,727,535,254,562,39,411,669,562,565,253,0,0,0,967,795,367,0,0,0,0,aro,cross_leg_left,1
1051,1786866488.653702,795,875,947,1115,891,867,709,869,749,425,615,661,729,536,265,559,39,408,670,560,564,251,0,0,0,971,793,365,0,0,0,0,aro,cross_leg_left,1
1052,1786866488.673696,795,875,943,1115,893,871,701,870,740,420,619,661,729,535,265,559,39,411,671,559,565,247,0,0,0,969,793,379,0,0,0,0,aro,cross_leg_left,1
1053,1786866488.693729,795,876,933,1115,893,869,701,869,751,411,621,659,729,533,263,562,39,407,675,573,567,249,0,0,0,968,795,381,0,0,0,0,aro,cross_leg_left,1
1054,1786866488.713735,795,875,936,1115,891,869,709,869,749,409,617,661,731,533,279,562,38,408,669,559,565,245,0,0,0,967,792,375,0,0,0,0,aro,cross_leg_left,1
1055,1786866488.733716,795,875,938,1115,891,873,709,869,747,411,617,660,729,534,261,571,39,406,669,560,563,246,0,0,0,964,793,375,0,0,0,0,aro,cross_leg_left,1
1056,1786866488.753712,795,875,937,1116,891,870,699,869,747,411,621,661,728,533,255,556,39,415,671,562,564,246,0,0,0,973,793,379,0,0,0,0,aro,cross_leg_left,1
1057,1786866488.773779,795,875,938,1115,889,870,703,871,746,419,622,661,731,537,255,563,39,407,670,563,565,247,0,0,0,975,795,391,0,0,0,0,aro,cross_leg_left,1
1058,1786866488.793689,792,875,938,1115,890,869,702,870,750,415,621,659,729,535,261,567,39,409,669,559,563,251,0,0,0,965,793,368,0,0,0,0,aro,cross_leg_left,1
1059,1786866488.813696,795,875,939,1115,890,867,702,871,749,421,618,659,729,534,261,564,39,414,669,558,563,247,0,0,0,967,793,367,0,0,0,0,aro,cross_leg_left,1
1060,1786866488.833766,795,875,939,1115,888,867,700,871,747,421,623,659,729,535,261,563,38,407,669,559,563,247,0,0,0,965,793,363,0,0,0,0,aro,cross_leg_left,1
1061,1786866488.853662,793,875,941,1117,888,867,703,871,751,424,617,661,729,535,263,565,39,407,668,554,559,247,0,0,0,971,792,370,0,0,0,0,aro,cross_leg_left,1
1062,1786866488.873707,795,875,939,1117,888,868,703,871,749,425,628,661,729,535,261,566,39,413,670,562,564,247,0,0,0,973,794,391,0,0,0,0,aro,cross_leg_left,1
1063,1786866488.893721,797,876,937,1119,888,865,703,871,748,424,615,661,729,536,262,563,39,409,669,558,560,245,0,0,0,953,793,373,0,0,0,0,aro,cross_leg_left,1
1064,1786866488.913728,794,875,940,1117,887,872,701,871,747,423,602,660,731,536,261,563,37,411,669,562,565,245,0,0,0,973,793,373,0,0,0,0,aro,cross_leg_left,1
1065,1786866488.933698,795,876,939,1117,887,867,703,871,747,423,618,661,729,537,261,559,39,407,669,559,563,247,0,0,0,964,793,363,0,0,0,0,aro,cross_leg_left,1
1066,1786866488.953722,795,875,939,1118,888,866,703,870,749,420,617,661,729,536,253,563,39,407,671,559,565,245,0,0,0,971,793,366,0,0,0,0,aro,cross_leg_left,1
1067,1786866488.973750,793,877,940,1119,887,869,700,871,747,425,617,660,729,537,262,563,37,409,667,558,563,242,0,0,0,982,795,362,0,0,0,0,aro,cross_leg_left,1
1068,1786866488.993724,795,875,940,1118,887,867,703,872,749,427,618,660,729,539,254,563,38,409,667,561,563,245,0,0,0,965,791,361,0,0,0,0,aro,cross_leg_left,1
1069,1786866489.013257,794,876,940,1118,888,869,703,871,749,429,621,660,729,537,261,560,39,409,667,559,563,244,0,0,0,987,792,362,0,0,0,0,aro,cross_leg_left,1
1070,1786866489.033894,794,876,939,1119,887,868,703,873,755,429,619,659,729,537,265,559,37,408,667,559,565,245,0,0,0,982,792,361,0,0,0,0,aro,cross_leg_left,1
1071,1786866489.053737,794,877,940,1122,888,869,702,872,748,429,618,659,730,537,261,559,39,409,667,559,564,243,0,0,0,973,792,361,0,0,0,0,aro,cross_leg_left,1
1072,1786866489.073716,797,877,941,1122,888,871,709,873,747,431,617,661,731,539,261,563,39,409,668,559,563,244,0,0,0,975,793,360,0,0,0,0,aro,cross_leg_left,1
1073,1786866489.093759,795,877,941,1123,888,870,703,873,747,429,619,662,730,537,261,563,39,409,668,563,563,243,0,0,0,979,795,361,0,0,0,0,aro,cross_leg_left,1
1074,1786866489.113715,796,877,941,1123,889,859,711,872,751,426,619,660,729,536,261,565,39,409,667,559,564,243,0,0,0,980,791,363,0,0,0,0,aro,cross_leg_left,1
1075,1786866489.133704,795,877,941,1117,889,862,702,872,741,419,619,660,729,536,261,563,37,409,667,562,559,242,0,0,0,973,792,365,0,0,0,0,aro,cross_leg_left,1
1076,1786866489.153734,795,876,941,1123,887,873,710,872,747,405,618,660,731,538,261,563,39,408,668,559,563,239,0,0,0,979,796,365,0,0,0,0,aro,cross_leg_left,1
1077,1786866489.173755,795,875,940,1119,888,869,703,871,747,402,619,659,733,538,263,562,38,408,667,561,560,239,0,0,0,974,792,360,0,0,0,0,aro,cross_leg_left,1
1078,1786866489.193708,794,875,939,1117,883,869,701,871,745,399,618,660,729,537,253,562,38,409,667,559,563,239,0,0,0,975,792,363,0,0,0,0,aro,cross_leg_left,1
1079,1786866489.213772,795,877,941,1119,888,867,701,871,741,399,619,659,731,537,255,563,39,411,668,559,560,241,0,0,0,973,793,370,0,0,0,0,aro,cross_leg_left,1
1080,1786866489.233740,796,875,941,1117,887,867,703,871,747,403,617,661,730,535,261,563,37,409,668,559,563,243,0,0,0,973,796,363,0,0,0,0,aro,cross_leg_left,1
1081,1786866489.253693,795,877,941,1119,889,867,711,871,741,405,619,661,727,536,262,560,39,409,667,563,563,239,0,0,0,973,791,363,0,0,0,0,aro,cross_leg_left,1
1082,1786866489.273712,795,876,939,1117,889,868,711,871,750,407,619,661,731,539,253,561,39,411,669,561,563,243,0,0,0,974,796,363,0,0,0,0,aro,cross_leg_left,1
1083,1786866489.293714,795,877,941,1119,887,867,709,871,751,411,617,662,729,537,260,563,40,409,669,559,563,245,0,0,0,974,793,367,0,0,0,0,aro,cross_leg_left,1
1084,1786866489.313715,793,875,941,1119,889,869,703,871,749,419,617,661,731,536,261,563,39,409,669,559,565,243,0,0,0,973,796,367,0,0,0,0,aro,cross_leg_left,1
1085,1786866489.333719,793,876,941,1119,889,868,710,873,742,425,617,659,731,535,261,563,39,409,667,559,563,247,0,0,0,974,792,372,0,0,0,0,aro,cross_leg_left,1
1086,1786866489.353757,795,875,941,1117,888,869,711,873,749,428,618,660,730,536,263,564,38,409,667,561,563,248,0,0,0,974,793,373,0,0,0,0,aro,cross_leg_left,1
1087,1786866489.373713,793,875,941,1117,889,868,709,873,751,429,617,664,730,536,261,563,39,409,668,562,566,249,0,0,0,974,793,373,0,0,0,0,aro,cross_leg_left,1
1088,1786866489.393673,795,875,941,1117,890,869,713,871,749,429,617,659,729,535,260,564,39,409,669,559,565,250,0,0,0,973,795,375,0,0,0,0,aro,cross_leg_left,1
1089,1786866489.413768,795,875,941,1119,889,868,703,872,749,427,619,663,731,537,261,563,38,409,668,563,563,249,0,0,0,973,793,373,0,0,0,0,aro,cross_leg_left,1
1090,1786866489.433702,795,875,939,1117,890,869,709,871,749,421,619,662,731,537,261,563,37,409,669,563,564,247,0,0,0,972,795,374,0,0,0,0,aro,cross_leg_left,1
1091,1786866489.453685,795,875,941,1117,888,869,699,871,748,419,619,661,729,536,249,563,38,409,669,559,563,245,0,0,0,973,793,372,0,0,0,0,aro,cross_leg_left,1
1092,1786866489.473752,793,875,941,1115,891,869,701,871,749,421,615,661,731,537,263,555,39,407,671,560,573,245,0,0,0,973,793,376,0,0,0,0,aro,cross_leg_left,1
1093,1786866489.493730,790,875,940,1119,887,867,703,870,749,419,618,662,729,535,255,563,39,409,670,563,559,247,0,0,0,973,789,375,0,0,0,0,aro,cross_leg_left,1
1094,1786866489.513725,794,875,941,1117,890,867,699,871,747,413,617,663,731,539,260,563,37,409,669,563,564,245,0,0,0,973,792,373,0,0,0,0,aro,cross_leg_left,1
1095,1786866489.533723,795,875,940,1117,889,868,703,871,748,413,619,659,729,539,261,564,37,409,670,563,563,247,0,0,0,972,793,356,0,0,0,0,aro,cross_leg_left,1
1096,1786866489.553754,795,875,941,1117,888,867,703,871,747,411,617,659,729,533,261,564,38,409,670,563,564,246,0,0,0,973,795,375,0,0,0,0,aro,cross_leg_left,1
1097,1786866489.573737,793,877,941,1117,888,867,709,872,747,409,619,659,731,531,263,563,38,407,669,563,567,245,0,0,0,973,795,374,0,0,0,0,aro,cross_leg_left,1
1098,1786866489.593728,795,874,939,1116,887,868,701,870,747,405,619,659,729,538,261,565,39,409,669,562,565,245,0,0,0,971,795,375,0,0,0,0,aro,cross_leg_left,1
1099,1786866489.613774,795,874,939,1117,887,868,709,872,747,409,615,661,730,537,262,563,39,409,667,564,564,249,0,0,0,973,795,373,0,0,0,0,aro,cross_leg_left,1
1100,1786866489.633701,793,875,940,1117,889,869,703,869,748,408,617,661,729,525,261,563,39,408,668,559,562,251,0,0,0,972,795,375,0,0,0,0,aro,cross_leg_left,1
1101,1786866489.653692,796,875,939,1116,891,867,703,871,748,411,618,662,731,533,261,564,39,409,670,563,566,249,0,0,0,973,794,375,0,0,0,0,aro,cross_leg_left,1
1102,1786866489.673737,795,876,940,1117,888,863,713,870,746,421,618,661,729,537,262,563,39,412,669,563,565,251,0,0,0,973,795,373,0,0,0,0,aro,cross_leg_left,1
1103,1786866489.693707,793,875,939,1118,889,867,703,871,747,424,617,659,728,535,261,563,39,413,669,563,559,249,0,0,0,973,793,382,0,0,0,0,aro,cross_leg_left,1
1104,1786866489.713725,795,877,939,1118,887,869,703,871,749,428,617,659,729,543,261,563,39,411,669,562,564,251,0,0,0,973,794,375,0,0,0,0,aro,cross_leg_left,1
1105,1786866489.733740,795,875,940,1118,889,867,703,872,749,436,619,661,729,537,262,563,39,412,669,563,563,252,0,0,0,973,795,373,0,0,0,0,aro,cross_leg_left,1
1106,1786866489.753755,795,876,939,1119,889,869,697,872,749,440,619,663,729,531,261,563,39,411,670,563,565,255,0,0,0,973,791,372,0,0,0,0,aro,cross_leg_left,1
1107,1786866489.773732,796,877,941,1117,889,869,703,875,749,457,619,661,730,539,261,563,39,415,671,563,567,265,0,0,0,973,797,375,0,0,0,0,aro,cross_leg_left,1
1108,1786866489.793687,789,875,939,1117,891,869,703,874,748,459,619,662,727,535,261,563,37,413,671,563,563,267,0,0,0,972,791,373,0,0,0,0,aro,cross_leg_left,1
1109,1786866489.813760,788,875,939,1116,888,869,709,875,751,463,617,660,732,540,261,562,38,412,671,563,565,267,0,0,0,969,791,373,0,0,0,0,aro,cross_leg_left,1
1110,1786866489.833687,791,873,937,1112,887,868,708,873,751,467,617,657,729,537,261,559,38,412,671,564,565,265,0,0,0,969,787,373,0,0,0,0,aro,cross_leg_left,1
1111,1786866489.853712,793,875,939,1114,888,869,709,873,751,467,615,662,729,536,261,563,38,413,669,563,565,265,0,0,0,971,793,371,0,0,0,0,aro,cross_leg_left,1
1112,1786866489.873740,793,875,936,1112,887,869,703,873,755,471,617,661,727,538,261,559,37,414,671,565,565,269,0,0,0,967,789,372,0,0,0,0,aro,cross_leg_left,1
1113,1786866489.893691,792,872,936,1116,885,869,709,875,751,476,616,663,729,533,256,561,37,414,669,567,565,261,0,0,0,967,787,373,0,0,0,0,aro,cross_leg_left,1
1114,1786866489.913679,795,875,936,1113,887,869,709,876,757,477,616,660,727,531,253,557,37,415,671,565,565,269,0,0,0,965,791,372,0,0,0,0,aro,cross_leg_left,1
1115,1786866489.933738,793,874,937,1103,887,871,703,877,757,477,616,659,728,536,261,555,37,415,671,565,564,268,0,0,0,965,793,365,0,0,0,0,aro,cross_leg_left,1
1116,1786866489.953661,785,873,937,1113,885,870,703,877,757,480,616,655,725,535,260,556,37,415,675,565,563,271,0,0,0,966,789,365,0,0,0,0,aro,cross_leg_left,1
1117,1786866489.973769,797,873,937,1111,888,869,708,877,756,479,616,662,729,536,255,556,37,418,669,565,566,277,0,0,0,967,790,365,0,0,0,0,aro,cross_leg_left,1
1118,1786866489.993820,792,875,937,1113,886,869,703,877,759,477,616,659,727,534,261,558,37,415,671,565,567,273,0,0,0,967,790,367,0,0,0,0,aro,cross_leg_left,1
1119,1786866490.013784,793,872,936,1112,887,870,709,879,759,483,618,660,729,536,261,556,37,415,671,563,565,274,0,0,0,967,792,373,0,0,0,0,aro,cross_leg_left,1
1120,1786866490.033313,794,875,937,1113,889,869,703,879,757,483,617,659,730,538,253,558,36,419,675,563,566,277,0,0,0,969,793,372,0,0,0,0,aro,cross_leg_left,1
1121,1786866490.053835,792,875,937,1112,887,871,709,878,757,477,616,655,730,535,255,557,35,415,675,565,568,264,0,0,0,968,792,373,0,0,0,0,aro,cross_leg_left,1
1122,1786866490.073319,790,874,937,1111,887,871,709,877,757,473,617,659,727,536,261,558,35,416,671,565,565,270,0,0,0,969,793,374,0,0,0,0,aro,cross_leg_left,1
1123,1786866490.093798,793,873,936,1107,887,870,703,875,757,475,617,658,728,538,255,558,36,415,671,565,568,279,0,0,0,967,793,373,0,0,0,0,aro,cross_leg_left,1
1124,1786866490.113884,793,874,935,1112,885,870,709,877,756,473,617,661,727,536,261,558,36,415,671,567,568,270,0,0,0,969,793,374,0,0,0,0,aro,cross_leg_left,1
1125,1786866490.133793,795,871,933,1112,885,869,703,878,757,479,617,655,729,535,261,559,37,415,670,563,567,274,0,0,0,967,797,374,0,0,0,0,aro,cross_leg_left,1
1126,1786866490.153716,793,873,935,1115,885,869,708,876,757,474,617,661,730,535,261,557,37,419,671,567,565,275,0,0,0,968,795,375,0,0,0,0,aro,cross_leg_left,1
1127,1786866490.173731,793,875,934,1113,885,869,709,876,757,475,616,660,728,535,261,557,38,419,671,565,568,275,0,0,0,967,795,374,0,0,0,0,aro,cross_leg_left,1
1128,1786866490.193760,793,873,933,1112,885,869,709,877,756,470,618,659,741,537,261,559,37,419,675,564,567,276,0,0,0,967,787,373,0,0,0,0,aro,cross_leg_left,1
1129,1786866490.213689,793,871,935,1111,884,870,704,877,756,474,617,661,727,534,263,557,35,415,669,563,568,273,0,0,0,967,792,373,0,0,0,0,aro,cross_leg_left,1
1130,1786866490.233680,795,873,936,1111,883,869,703,877,757,475,617,661,715,537,263,561,36,419,671,563,565,273,0,0,0,965,793,373,0,0,0,0,aro,cross_leg_left,1
1131,1786866490.253735,792,875,935,1112,882,869,703,876,758,487,618,660,729,536,261,563,37,415,676,565,567,271,0,0,0,967,792,375,0,0,0,0,aro,cross_leg_left,1
1132,1786866490.273694,795,873,938,1111,885,869,709,877,757,472,618,659,743,539,254,562,37,415,671,564,571,270,0,0,0,967,795,375,0,0,0,0,aro,cross_leg_left,1
1133,1786866490.292884,794,872,935,1111,885,869,709,876,757,474,617,655,727,534,254,557,39,419,671,565,569,281,0,0,0,967,795,375,0,0,0,0,aro,cross_leg_left,1
1134,1786866490.313205,793,873,937,1115,886,871,708,877,758,476,617,663,728,531,255,559,36,419,674,566,567,277,0,0,0,967,790,374,0,0,0,0,aro,cross_leg_left,1
1135,1786866490.333131,793,873,936,1112,883,869,702,877,758,477,619,666,731,536,255,563,36,419,676,565,563,279,0,0,0,967,793,376,0,0,0,0,aro,cross_leg_left,1
1136,1786866490.353723,792,872,937,1113,876,871,704,878,757,477,615,663,724,531,261,559,37,415,679,566,567,281,0,0,0,967,797,375,0,0,0,0,aro,cross_leg_left,1
1137,1786866490.373759,795,874,935,1113,885,871,709,877,759,479,617,658,723,531,261,559,37,420,671,569,567,278,0,0,0,968,793,375,0,0,0,0,aro,cross_leg_left,1
1138,1786866490.393699,791,875,937,1114,893,871,703,877,759,481,617,659,727,534,261,557,37,421,671,569,567,277,0,0,0,968,792,375,0,0,0,0,aro,cross_leg_left,1
1139,1786866490.413690,794,873,936,1112,889,869,703,875,759,479,620,653,729,533,261,556,37,422,685,565,565,271,0,0,0,968,791,375,0,0,0,0,aro,cross_leg_left,1
1140,1786866490.433680,795,873,935,1111,883,870,703,876,757,483,615,662,723,535,263,555,37,421,671,565,565,277,0,0,0,969,781,373,0,0,0,0,aro,cross_leg_left,1
1141,1786866490.453625,796,872,936,1113,885,869,703,879,757,479,621,653,730,531,253,556,36,419,675,566,564,275,0,0,0,968,795,374,0,0,0,0,aro,cross_leg_left,1
1142,1786866490.473691,794,873,949,1112,885,868,703,878,757,483,619,660,729,533,276,559,37,423,671,559,567,280,0,0,0,968,793,371,0,0,0,0,aro,cross_leg_left,1
1143,1786866490.493833,785,875,937,1114,884,869,703,877,758,483,618,659,731,539,261,553,36,419,669,585,567,281,0,0,0,967,792,373,0,0,0,0,aro,cross_leg_left,1
1144,1786866490.513791,793,872,936,1111,885,869,709,877,759,487,619,656,728,529,261,559,37,420,671,567,567,282,0,0,0,967,792,378,0,0,0,0,aro,cross_leg_left,1
1145,1786866490.533772,792,872,935,1112,877,871,703,877,757,482,617,661,728,523,261,559,37,419,671,568,567,277,0,0,0,967,789,375,0,0,0,0,aro,cross_leg_left,1
1146,1786866490.553688,796,875,935,1112,884,871,709,871,759,483,618,658,725,539,255,559,37,419,671,567,568,283,0,0,0,969,799,377,0,0,0,0,aro,cross_leg_left,1
1147,1786866490.573814,795,873,937,1113,885,871,710,877,755,479,616,658,733,535,263,563,37,420,671,566,567,279,0,0,0,970,795,375,0,0,0,0,aro,cross_leg_left,1
1148,1786866490.593718,793,873,936,1109,895,869,709,877,759,485,616,665,729,536,261,559,37,415,677,567,571,281,0,0,0,969,782,373,0,0,0,0,aro,cross_leg_left,1
1149,1786866490.613721,793,877,935,1109,883,869,709,881,759,479,619,661,725,536,263,559,37,419,675,565,568,269,0,0,0,969,795,371,0,0,0,0,aro,cross_leg_left,1
1150,1786866490.633766,793,871,935,1110,878,870,709,877,759,483,615,658,727,534,255,562,37,419,671,563,567,278,0,0,0,968,791,375,0,0,0,0,aro,cross_leg_left,1
1151,1786866490.653686,795,874,935,1112,887,870,711,879,759,487,621,654,731,536,255,563,37,419,679,567,564,285,0,0,0,967,791,375,0,0,0,0,aro,cross_leg_left,1
1152,1786866490.673697,796,877,935,1113,883,869,709,885,759,485,617,660,731,537,260,559,37,421,671,567,568,283,0,0,0,969,798,375,0,0,0,0,aro,cross_leg_left,1
1153,1786866490.693685,795,876,937,1111,883,868,709,882,759,483,617,658,728,535,263,562,39,419,676,565,567,275,0,0,0,969,791,377,0,0,0,0,aro,cross_leg_left,1
1154,1786866490.713753,797,883,937,1111,885,871,709,878,759,483,619,662,728,531,255,559,37,415,671,568,565,280,0,0,0,969,792,375,0,0,0,0,aro,cross_leg_left,1
1155,1786866490.733685,793,873,937,1112,884,868,704,877,761,479,617,661,731,535,262,569,37,415,671,567,562,283,0,0,0,967,793,376,0,0,0,0,aro,cross_leg_left,1
1156,1786866490.753679,793,873,935,1109,886,871,709,879,759,478,615,658,731,535,261,555,37,423,675,566,557,281,0,0,0,967,791,373,0,0,0,0,aro,cross_leg_left,1
1157,1786866490.773733,797,873,935,1109,884,868,710,879,759,479,618,662,727,535,263,559,36,419,659,567,567,283,0,0,0,968,793,376,0,0,0,0,aro,cross_leg_left,1
1158,1786866490.793656,791,877,935,1112,885,868,709,877,757,475,618,659,731,541,260,557,37,419,677,569,567,277,0,0,0,971,792,376,0,0,0,0,aro,cross_leg_left,1
1159,1786866490.813687,793,873,935,1110,887,871,703,875,757,477,615,663,729,535,253,559,37,419,675,563,565,275,0,0,0,969,797,375,0,0,0,0,aro,cross_leg_left,1
1160,1786866490.833673,793,873,933,1115,885,871,709,879,758,471,617,661,723,535,261,565,37,423,671,567,581,276,0,0,0,969,793,375,0,0,0,0,aro,cross_leg_left,1
1161,1786866490.853704,795,873,937,1107,884,871,703,873,757,471,616,659,727,534,261,560,38,420,674,568,557,286,0,0,0,969,793,372,0,0,0,0,aro,cross_leg_left,1
1162,1786866490.873702,794,877,937,1110,887,871,709,877,757,470,619,661,731,533,261,563,37,421,675,567,567,275,0,0,0,971,796,376,0,0,0,0,aro,cross_leg_left,1
1163,1786866490.893680,794,873,935,1115,885,869,703,893,756,472,615,662,735,534,261,560,39,419,669,564,563,275,0,0,0,971,794,375,0,0,0,0,aro,cross_leg_left,1
1164,1786866490.913721,793,871,935,1112,883,870,709,876,755,469,619,658,735,535,254,563,37,421,677,567,559,268,0,0,0,972,793,377,0,0,0,0,aro,cross_leg_left,1
1165,1786866490.933685,795,870,937,1112,888,869,703,879,756,483,615,659,727,535,279,559,36,415,677,569,567,269,0,0,0,971,795,377,0,0,0,0,aro,cross_leg_left,1
1166,1786866490.953665,793,870,937,1113,887,871,703,879,757,473,619,661,731,537,261,559,37,420,671,569,567,275,0,0,0,967,803,377,0,0,0,0,aro,cross_leg_left,1
1167,1786866490.973707,793,873,935,1113,885,871,703,879,759,471,619,663,728,535,254,557,37,421,677,567,571,275,0,0,0,971,795,375,0,0,0,0,aro,cross_leg_left,1
1168,1786866490.993656,795,873,937,1115,886,871,709,879,757,461,621,662,719,533,265,583,37,414,671,568,569,275,0,0,0,973,793,375,0,0,0,0,aro,cross_leg_left,1
1169,1786866491.013669,794,872,935,1112,887,871,710,878,756,467,615,663,735,535,255,550,37,419,675,566,567,277,0,0,0,970,795,378,0,0,0,0,aro,cross_leg_left,1
1170,1786866491.033719,793,872,937,1110,883,869,708,875,755,461,619,654,727,533,261,567,37,415,671,573,565,269,0,0,0,970,794,376,0,0,0,0,aro,cross_leg_left,1
1171,1786866491.053694,794,871,937,1111,887,869,710,877,751,453,620,645,729,533,274,559,38,413,675,559,567,269,0,0,0,973,793,381,0,0,0,0,aro,cross_leg_left,1
1172,1786866491.073721,795,874,936,1113,888,869,709,878,755,436,618,663,731,535,261,568,37,420,671,567,563,267,0,0,0,969,795,376,0,0,0,0,aro,cross_leg_left,1
1173,1786866491.093704,795,873,937,1112,889,870,703,875,755,441,618,660,731,535,255,553,39,419,676,567,571,267,0,0,0,971,795,379,0,0,0,0,aro,cross_leg_left,1
1174,1786866491.113727,793,875,938,1113,886,868,711,877,751,431,617,661,719,531,255,549,37,415,677,567,568,267,0,0,0,978,793,377,0,0,0,0,aro,cross_leg_left,1
1175,1786866491.133703,793,872,937,1110,887,867,709,877,751,438,617,660,735,533,261,555,36,415,672,567,569,268,0,0,0,972,795,374,0,0,0,0,aro,cross_leg_left,1
1176,1786866491.153691,793,875,937,1115,887,869,703,878,755,440,617,661,743,534,263,542,37,415,675,567,569,277,0,0,0,971,795,377,0,0,0,0,aro,cross_leg_left,1
1177,1786866491.173755,795,875,939,1113,887,869,704,877,756,448,619,665,727,534,263,559,37,419,674,565,567,269,0,0,0,969,795,375,0,0,0,0,aro,cross_leg_left,1
1178,1786866491.193704,792,873,937,1112,889,871,711,877,757,455,621,664,733,533,261,559,39,415,670,567,558,269,0,0,0,970,793,377,0,0,0,0,aro,cross_leg_left,1
1179,1786866491.213707,793,875,932,1112,888,867,711,879,757,470,618,667,729,534,254,557,37,420,672,565,557,273,0,0,0,969,795,378,0,0,0,0,aro,cross_leg_left,1
1180,1786866491.233710,795,869,947,1113,888,869,709,875,757,472,617,665,729,535,279,558,39,419,671,569,568,275,0,0,0,973,793,376,0,0,0,0,aro,cross_leg_left,1
1181,1786866491.253665,793,873,938,1113,888,871,709,879,757,474,617,658,731,533,255,563,38,421,675,565,565,274,0,0,0,973,795,377,0,0,0,0,aro,cross_leg_left,1
1182,1786866491.273690,794,873,949,1116,887,871,711,877,759,475,619,663,725,539,263,559,37,415,671,575,564,274,0,0,0,969,796,377,0,0,0,0,aro,cross_leg_left,1
1183,1786866491.293730,796,869,935,1115,886,868,711,873,758,473,619,661,729,535,263,559,37,423,676,567,567,276,0,0,0,974,795,383,0,0,0,0,aro,cross_leg_left,1
1184,1786866491.313675,793,873,939,1111,887,868,710,877,757,475,617,660,730,534,261,563,38,415,661,565,567,274,0,0,0,975,793,377,0,0,0,0,aro,cross_leg_left,1
1185,1786866491.333720,795,875,941,1112,887,869,709,879,755,483,617,667,729,533,249,559,37,415,676,567,566,275,0,0,0,969,795,377,0,0,0,0,aro,cross_leg_left,1
1186,1786866491.353738,797,873,936,1113,886,867,703,879,751,472,623,661,729,547,255,559,37,398,677,568,560,269,0,0,0,975,795,379,0,0,0,0,aro,cross_leg_left,1
1187,1786866491.373752,795,870,939,1114,886,871,712,879,757,469,611,661,729,535,255,557,38,422,675,566,565,269,0,0,0,971,795,370,0,0,0,0,aro,cross_leg_left,1
1188,1786866491.393676,795,874,937,1113,889,870,711,877,759,466,619,662,731,534,253,557,37,426,669,568,566,271,0,0,0,973,795,376,0,0,0,0,aro,cross_leg_left,1
1189,1786866491.413694,795,875,931,1114,891,871,711,879,756,461,618,659,729,535,261,565,37,415,671,565,565,269,0,0,0,971,795,393,0,0,0,0,aro,cross_leg_left,1
1190,1786866491.433872,793,876,940,1115,875,871,709,877,755,461,617,659,730,535,265,558,37,413,676,567,567,269,0,0,0,973,795,368,0,0,0,0,aro,cross_leg_left,1
1191,1786866491.453695,795,871,940,1111,887,869,711,875,756,460,616,661,729,535,253,563,37,413,669,566,567,269,0,0,0,971,795,379,0,0,0,0,aro,cross_leg_left,1
1192,1786866491.473696,794,872,937,1114,887,869,709,879,755,460,619,662,731,544,261,559,37,415,671,567,567,271,0,0,0,973,795,377,0,0,0,0,aro,cross_leg_left,1
1193,1786866491.493741,793,873,937,1114,884,869,700,877,756,460,623,660,728,535,261,559,38,415,671,561,565,269,0,0,0,983,795,379,0,0,0,0,aro,cross_leg_left,1
1194,1786866491.513698,795,876,939,1113,887,873,711,873,757,459,627,661,731,535,265,563,37,415,671,565,565,275,0,0,0,973,795,391,0,0,0,0,aro,cross_leg_left,1
1195,1786866491.533695,794,873,939,1111,887,869,703,879,756,457,619,661,728,535,264,557,39,414,670,566,565,269,0,0,0,975,795,373,0,0,0,0,aro,cross_leg_left,1
1196,1786866491.553727,794,874,938,1115,886,869,711,878,757,467,617,660,731,535,265,556,37,415,671,563,563,267,0,0,0,985,795,379,0,0,0,0,aro,cross_leg_left,1
1197,1786866491.573024,795,872,934,1113,885,871,704,873,751,459,619,651,730,535,261,559,37,414,671,565,567,267,0,0,0,975,796,367,0,0,0,0,aro,cross_leg_left,1
1198,1786866491.593715,794,884,938,1115,886,869,710,883,756,457,619,660,729,534,265,563,37,405,669,565,566,267,0,0,0,975,795,383,0,0,0,0,aro,cross_leg_left,1
1199,1786866491.613762,793,875,939,1116,888,869,711,880,757,458,617,661,729,533,265,559,39,413,670,568,559,268,0,0,0,977,797,375,0,0,0,0,aro,cross_leg_left,1
1200,1786866491.633678,795,871,938,1113,887,868,711,871,757,461,619,663,730,533,264,564,37,413,671,568,566,268,0,0,0,971,796,377,0,0,0,0,aro,cross_leg_left,1
1201,1786866491.653658,793,871,938,1114,887,869,711,877,757,459,616,647,731,536,263,565,37,411,675,566,567,271,0,0,0,978,795,376,0,0,0,0,aro,cross_leg_left,1
1202,1786866491.673696,795,874,937,1113,887,867,711,876,761,453,615,660,729,533,247,564,38,413,671,566,567,265,0,0,0,971,796,377,0,0,0,0,aro,cross_leg_left,1
1203,1786866491.693699,795,874,935,1118,883,867,712,873,757,453,621,661,730,533,263,559,39,410,671,565,569,266,0,0,0,973,795,381,0,0,0,0,aro,cross_leg_left,1
1204,1786866491.713703,795,873,938,1115,887,869,712,883,756,447,616,663,731,531,255,557,39,408,669,565,565,266,0,0,0,983,796,375,0,0,0,0,aro,cross_leg_left,1
1205,1786866491.733690,789,874,935,1114,886,869,710,878,755,443,619,661,731,533,261,551,37,409,671,567,566,265,0,0,0,980,799,381,0,0,0,0,aro,cross_leg_left,1
1206,1786866491.753715,795,875,940,1115,883,867,711,877,765,433,619,661,731,533,254,563,37,415,671,569,567,261,0,0,0,977,795,381,0,0,0,0,aro,cross_leg_left,1
1207,1786866491.773712,795,874,935,1115,887,868,711,875,756,427,613,661,731,534,267,559,39,423,670,565,565,261,0,0,0,977,795,377,0,0,0,0,aro,cross_leg_left,1
1208,1786866491.793663,794,874,937,1113,887,867,701,879,751,421,615,661,729,533,263,565,38,408,669,565,565,254,0,0,0,987,796,376,0,0,0,0,aro,cross_leg_left,1
1209,1786866491.813747,794,875,943,1113,879,866,710,875,751,413,619,661,730,533,253,559,38,406,669,557,565,249,0,0,0,983,796,383,0,0,0,0,aro,cross_leg_left,1
1210,1786866491.833663,795,875,940,1116,886,867,711,873,750,411,623,661,729,533,254,553,37,412,669,567,567,247,0,0,0,959,797,381,0,0,0,0,aro,cross_leg_left,1
1211,1786866491.853650,794,875,951,1114,886,868,710,873,751,409,621,661,731,532,269,563,37,401,670,563,565,247,0,0,0,975,795,391,0,0,0,0,aro,cross_leg_left,1
1212,1786866491.873707,795,875,937,1117,886,867,703,879,751,405,627,659,728,532,263,549,37,412,670,565,567,251,0,0,0,979,795,377,0,0,0,0,aro,cross_leg_left,1
1213,1786866491.893740,793,873,941,1115,887,869,709,874,757,405,622,661,730,532,250,563,37,413,671,553,567,247,0,0,0,978,797,379,0,0,0,0,aro,cross_leg_left,1
1214,1786866491.913672,795,875,932,1115,887,871,709,875,761,403,621,661,730,531,254,563,38,409,671,557,565,249,0,0,0,981,796,391,0,0,0,0,aro,cross_leg_left,1
1215,1786866491.933484,795,875,937,1114,887,868,701,873,754,399,622,661,730,532,261,563,39,411,669,565,566,247,0,0,0,983,797,392,0,0,0,0,aro,cross_leg_left,1
1216,1786866491.953692,793,874,938,1115,891,867,709,875,751,398,619,663,730,533,253,563,38,411,670,563,565,247,0,0,0,995,797,379,0,0,0,0,aro,cross_leg_left,1
1217,1786866491.973663,795,874,935,1115,887,865,709,873,746,397,617,663,731,533,275,563,37,409,669,559,565,247,0,0,0,981,797,391,0,0,0,0,aro,cross_leg_left,1
1218,1786866491.992689,795,873,938,1113,887,863,713,874,751,395,645,661,729,534,262,563,37,411,669,564,565,247,0,0,0,984,796,389,0,0,0,0,aro,cross_leg_left,1
1219,1786866492.013728,791,875,939,1115,884,862,713,871,748,395,621,663,730,533,261,562,37,409,669,552,567,247,0,0,0,975,796,379,0,0,0,0,aro,cross_leg_left,1
1220,1786866492.033662,795,873,939,1111,887,868,709,873,751,395,623,654,727,531,269,559,37,411,668,563,567,246,0,0,0,984,795,389,0,0,0,0,aro,cross_leg_left,1
1221,1786866492.053965,795,874,939,1115,887,865,709,873,749,393,618,662,729,529,261,563,37,423,668,563,565,247,0,0,0,983,797,383,0,0,0,0,aro,cross_leg_left,1
1222,1786866492.072889,796,873,938,1114,887,869,709,873,746,395,630,661,731,531,261,563,37,410,669,564,565,247,0,0,0,985,793,403,0,0,0,0,aro,cross_leg_left,1
1223,1786866492.093049,797,874,939,1115,887,867,709,876,747,393,607,661,729,533,263,561,37,399,664,563,565,246,0,0,0,981,799,408,0,0,0,0,aro,cross_leg_left,1
1224,1786866492.113145,795,875,937,1115,887,867,701,873,747,391,621,650,730,532,263,563,37,409,671,563,565,245,0,0,0,981,797,392,0,0,0,0,aro,cross_leg_left,1
1225,1786866492.133784,795,875,937,1113,885,867,709,871,749,391,620,659,727,531,255,563,39,410,670,564,564,253,0,0,0,978,797,403,0,0,0,0,aro,cross_leg_left,1
1226,1786866492.153731,795,873,937,1113,887,869,709,872,748,384,627,661,730,533,261,562,37,411,667,563,564,245,0,0,0,988,796,373,0,0,0,0,aro,cross_leg_left,1
1227,1786866492.173766,794,873,937,1113,887,868,703,872,748,382,631,661,731,533,261,563,38,396,658,564,565,245,0,0,0,983,796,401,0,0,0,0,aro,cross_leg_left,1
1228,1786866492.193642,795,873,939,1114,887,865,703,873,747,381,619,651,731,531,261,560,38,408,667,562,565,245,0,0,0,987,798,395,0,0,0,0,aro,cross_leg_left,1
1229,1786866492.213474,797,874,937,1113,885,867,708,872,751,383,604,660,731,529,261,562,38,409,668,563,565,245,0,0,0,981,797,381,0,0,0,0,aro,cross_leg_left,1
1230,1786866492.233452,795,874,937,1114,885,869,711,872,748,384,611,662,727,531,262,563,37,407,667,563,564,245,0,0,0,985,799,383,0,0,0,0,aro,cross_leg_left,1
1231,1786866492.253589,794,873,938,1114,887,867,703,871,747,389,623,661,731,530,261,559,37,405,663,563,565,245,0,0,0,989,795,393,0,0,0,0,aro,cross_leg_left,1
1232,1786866492.273785,796,873,939,1114,886,867,703,871,746,383,621,662,729,531,262,561,37,412,667,563,565,245,0,0,0,984,797,392,0,0,0,0,aro,cross_leg_left,1
1233,1786866492.293519,793,873,937,1115,887,861,709,872,747,389,620,660,731,530,262,563,38,409,667,563,565,245,0,0,0,991,799,393,0,0,0,0,aro,cross_leg_left,1
1234,1786866492.312822,795,875,939,1115,887,861,703,873,747,390,637,661,731,531,263,562,37,401,667,562,563,245,0,0,0,979,797,397,0,0,0,0,aro,cross_leg_left,1
1235,1786866492.333072,796,875,938,1115,885,863,703,871,747,391,622,661,728,533,263,563,37,409,665,563,563,245,0,0,0,991,798,396,0,0,0,0,aro,cross_leg_left,1
1236,1786866492.353499,797,874,939,1115,887,859,703,873,749,391,619,662,730,532,261,562,37,410,667,563,565,245,0,0,0,987,797,393,0,0,0,0,aro,cross_leg_left,1
1237,1786866492.373440,795,875,939,1115,887,871,711,873,750,392,619,661,729,530,262,563,37,409,667,563,565,244,0,0,0,989,799,393,0,0,0,0,aro,cross_leg_left,1
1238,1786866492.393524,798,874,939,1116,887,868,703,873,750,391,626,661,730,536,261,562,38,408,663,565,565,246,0,0,0,981,799,395,0,0,0,0,aro,cross_leg_left,1
1239,1786866492.413050,795,874,939,1115,887,867,702,872,751,391,619,661,731,532,253,560,38,410,667,563,564,245,0,0,0,984,795,382,0,0,0,0,aro,cross_leg_left,1
1240,1786866492.433026,796,875,938,1115,887,868,711,873,749,393,618,659,730,531,262,563,37,409,667,563,565,243,0,0,0,980,799,391,0,0,0,0,aro,cross_leg_left,1
1241,1786866492.453739,794,875,938,1115,887,867,709,872,751,393,621,661,731,531,263,563,37,409,667,563,565,245,0,0,0,985,797,395,0,0,0,0,aro,cross_leg_left,1
1242,1786866492.473748,797,883,939,1115,887,867,704,873,749,395,619,661,732,531,261,562,37,409,668,563,565,247,0,0,0,985,795,393,0,0,0,0,aro,cross_leg_left,1
1243,1786866492.493720,793,875,937,1115,887,867,709,873,749,406,619,661,731,531,263,563,37,409,664,563,565,243,0,0,0,985,797,391,0,0,0,0,aro,cross_leg_left,1
1244,1786866492.513803,795,875,939,1116,887,862,709,873,749,396,619,661,731,532,261,563,37,408,667,560,565,243,0,0,0,985,797,393,0,0,0,0,aro,cross_leg_left,1
1245,1786866492.533008,794,873,939,1115,887,857,702,873,755,393,620,661,728,531,262,563,37,409,667,563,564,247,0,0,0,983,797,393,0,0,0,0,aro,cross_leg_left,1
1246,1786866492.553568,794,875,938,1116,887,867,709,873,755,393,619,660,729,533,262,562,37,409,667,564,565,245,0,0,0,988,799,393,0,0,0,0,aro,cross_leg_left,1
1247,1786866492.573049,795,875,937,1117,887,869,710,873,751,393,619,663,730,531,261,563,38,409,667,563,565,244,0,0,0,983,797,393,0,0,0,0,aro,cross_leg_left,1
1248,1786866492.593069,795,874,939,1117,885,873,709,873,748,401,619,661,731,531,261,563,37,409,667,563,565,247,0,0,0,985,799,393,0,0,0,0,aro,cross_leg_left,1
1249,1786866492.613047,794,873,939,1116,887,862,711,873,747,393,619,661,733,532,262,563,37,409,667,562,563,240,0,0,0,983,799,394,0,0,0,0,aro,cross_leg_left,1
1250,1786866492.633430,793,875,939,1115,886,863,703,873,750,393,617,661,730,532,255,562,36,410,667,563,565,243,0,0,0,975,799,393,0,0,0,0,aro,cross_leg_left,1
1251,1786866492.654046,794,875,939,1116,885,867,703,874,751,393,619,661,729,532,261,563,37,409,667,563,564,244,0,0,0,984,799,395,0,0,0,0,aro,cross_leg_left,1
1252,1786866492.673731,795,874,939,1116,887,869,701,872,748,392,619,661,730,532,261,563,37,409,667,563,565,243,0,0,0,985,796,394,0,0,0,0,aro,cross_leg_left,1
1253,1786866492.693670,796,875,939,1116,887,870,711,873,755,396,619,662,731,532,261,563,37,409,667,563,565,243,0,0,0,985,797,383,0,0,0,0,aro,cross_leg_left,1
1254,1786866492.713751,795,874,939,1117,887,867,711,873,748,393,619,661,731,533,269,559,38,409,666,559,565,242,0,0,0,987,797,383,0,0,0,0,aro,cross_leg_left,1
1255,1786866492.733672,795,875,939,1115,887,867,709,873,751,395,619,663,731,532,261,563,37,411,667,563,563,247,0,0,0,985,799,393,0,0,0,0,aro,cross_leg_left,1
1256,1786866492.753686,795,875,939,1115,887,867,711,873,749,395,619,665,729,533,263,563,39,411,667,564,565,243,0,0,0,985,795,395,0,0,0,0,aro,cross_leg_left,1
1257,1786866492.773718,795,875,939,1117,885,867,703,872,747,393,619,661,730,533,263,558,37,410,677,565,568,239,0,0,0,987,803,393,0,0,0,0,aro,cross_leg_left,1
1258,1786866492.793662,796,875,939,1115,887,867,703,873,749,393,619,660,731,533,261,563,39,410,667,563,565,244,0,0,0,987,798,393,0,0,0,0,aro,cross_leg_left,1
1259,1786866492.813684,797,875,939,1116,887,867,700,873,749,395,619,663,727,535,263,563,37,410,665,563,565,245,0,0,0,985,797,394,0,0,0,0,aro,cross_leg_left,1
1260,1786866492.833685,796,875,939,1116,887,866,704,872,749,395,619,663,728,535,263,563,37,410,667,564,565,240,0,0,0,987,797,395,0,0,0,0,aro,cross_leg_left,1
1261,1786866492.853711,795,873,937,1116,887,862,711,875,747,393,619,661,731,531,263,563,39,415,671,563,565,243,0,0,0,977,797,395,0,0,0,0,aro,cross_leg_left,1
1262,1786866492.873657,796,875,939,1116,888,867,710,873,749,384,621,663,732,533,261,564,38,410,667,563,565,245,0,0,0,986,797,395,0,0,0,0,aro,cross_leg_left,1
1263,1786866492.893698,795,873,939,1115,887,867,713,873,752,391,619,663,729,535,262,563,37,409,667,563,565,245,0,0,0,987,799,395,0,0,0,0,aro,cross_leg_left,1
1264,1786866492.913723,797,875,939,1116,886,866,700,873,749,394,620,659,730,531,261,563,37,409,668,563,565,243,0,0,0,987,804,395,0,0,0,0,aro,cross_leg_left,1
1265,1786866492.933002,796,875,939,1115,887,867,701,875,755,395,619,661,728,533,263,560,39,409,666,563,565,243,0,0,0,985,799,395,0,0,0,0,aro,cross_leg_left,1
1266,1786866492.953524,795,875,939,1115,887,867,709,873,749,397,619,661,729,533,263,563,37,410,665,562,565,244,0,0,0,985,799,395,0,0,0,0,aro,cross_leg_left,1
1267,1786866492.973068,796,873,939,1115,887,867,703,873,749,394,619,662,731,547,263,563,39,409,667,563,565,248,0,0,0,985,795,393,0,0,0,0,aro,cross_leg_left,1
1268,1786866492.993549,795,873,939,1115,888,867,709,873,749,393,619,663,731,555,262,563,37,409,668,563,565,243,0,0,0,987,799,395,0,0,0,0,aro,cross_leg_left,1
1269,1786866493.013135,795,874,939,1115,887,867,709,873,749,393,620,661,729,533,263,560,37,409,665,563,565,244,0,0,0,986,798,379,0,0,0,0,aro,cross_leg_left,1
1270,1786866493.032806,798,875,938,1115,886,867,703,873,749,392,619,661,727,535,263,563,39,409,668,564,563,245,0,0,0,985,797,394,0,0,0,0,aro,cross_leg_left,1
1271,1786866493.052755,796,875,939,1115,887,867,703,873,748,393,619,662,731,535,261,563,37,409,665,563,565,243,0,0,0,987,799,395,0,0,0,0,aro,cross_leg_left,1
1272,1786866493.072846,793,873,937,1116,887,867,708,874,749,399,619,659,731,535,261,563,37,411,667,563,564,243,0,0,0,986,803,395,0,0,0,0,aro,cross_leg_left,1
1273,1786866493.093066,797,873,939,1115,887,866,703,873,749,393,619,661,731,531,263,563,37,410,665,563,565,243,0,0,0,987,797,401,0,0,0,0,aro,cross_leg_left,1
1274,1786866493.112768,795,874,938,1115,887,866,709,873,749,395,619,661,730,535,261,563,37,410,668,562,563,245,0,0,0,985,796,395,0,0,0,0,aro,cross_leg_left,1
1275,1786866493.132784,795,875,939,1115,887,868,703,874,749,395,620,660,729,531,263,563,39,409,667,564,565,245,0,0,0,987,797,395,0,0,0,0,aro,cross_leg_left,1
1276,1786866493.152795,795,875,938,1111,887,866,703,872,749,395,619,661,745,531,262,582,39,411,666,563,567,237,0,0,0,987,790,392,0,0,0,0,aro,cross_leg_left,1
1277,1786866493.173075,793,874,939,1114,887,867,709,875,749,396,619,659,731,529,261,563,37,411,667,563,565,247,0,0,0,986,799,394,0,0,0,0,aro,cross_leg_left,1
1278,1786866493.193167,796,875,939,1116,887,867,703,873,749,398,619,660,733,537,263,565,38,410,667,563,563,245,0,0,0,985,795,394,0,0,0,0,aro,cross_leg_left,1
1279,1786866493.213631,792,875,939,1116,888,867,709,873,749,403,619,661,733,532,261,563,39,409,665,563,563,244,0,0,0,985,789,393,0,0,0,0,aro,cross_leg_left,1
1280,1786866493.233721,795,875,938,1115,886,867,711,873,749,403,618,661,731,533,263,559,38,409,667,563,565,246,0,0,0,984,795,393,0,0,0,0,aro,cross_leg_left,1
1281,1786866493.253673,795,873,939,1115,887,866,709,873,750,405,619,662,732,533,261,563,37,411,665,563,565,247,0,0,0,985,798,393,0,0,0,0,aro,cross_leg_left,1
1282,1786866493.273696,795,875,937,1115,887,867,709,874,749,407,619,661,733,535,261,564,37,409,667,564,565,247,0,0,0,986,795,393,0,0,0,0,aro,cross_leg_left,1
1283,1786866493.293779,795,873,938,1115,887,867,704,873,751,409,619,660,729,534,263,564,37,409,667,564,566,249,0,0,0,985,797,394,0,0,0,0,aro,cross_leg_left,1
1284,1786866493.313049,793,873,937,1113,887,867,703,873,750,408,619,661,729,533,262,564,37,410,667,565,565,247,0,0,0,985,800,395,0,0,0,0,aro,cross_leg_left,1
1285,1786866493.333104,791,876,939,1117,887,867,709,873,750,409,619,662,732,532,262,563,38,409,667,564,565,245,0,0,0,985,797,395,0,0,0,0,aro,cross_leg_left,1
1286,1786866493.352794,797,873,939,1115,887,867,708,873,751,413,620,663,732,536,263,564,37,409,667,563,566,248,0,0,0,985,795,395,0,0,0,0,aro,cross_leg_left,1
1287,1786866493.373113,791,875,938,1115,887,867,703,873,751,413,617,664,731,533,263,565,37,409,667,563,566,247,0,0,0,985,792,395,0,0,0,0,aro,cross_leg_left,1
1288,1786866493.393442,794,875,938,1115,888,867,709,872,751,420,621,661,731,533,261,564,39,410,669,563,565,245,0,0,0,987,795,395,0,0,0,0,aro,cross_leg_left,1
1289,1786866493.413775,795,874,939,1115,887,868,710,873,750,419,619,660,727,535,261,559,37,409,668,563,565,249,0,0,0,985,798,395,0,0,0,0,aro,cross_leg_left,1
1290,1786866493.433083,795,873,937,1117,888,868,709,875,751,423,619,658,733,535,261,565,37,411,665,563,563,247,0,0,0,988,797,393,0,0,0,0,aro,cross_leg_left,1
1291,1786866493.453419,795,874,937,1114,887,867,710,874,751,423,619,663,729,533,261,562,38,411,667,565,565,249,0,0,0,985,797,393,0,0,0,0,aro,cross_leg_left,1
1292,1786866493.473086,795,873,937,1115,884,863,709,872,749,424,615,659,730,535,261,565,37,410,667,565,564,252,0,0,0,982,797,393,0,0,0,0,aro,cross_leg_left,1
1293,1786866493.493055,799,875,939,1113,887,867,708,873,751,421,618,659,729,539,261,563,37,409,667,564,565,251,0,0,0,984,796,395,0,0,0,0,aro,cross_leg_left,1
1294,1786866493.513433,795,872,938,1113,887,868,709,875,751,425,619,661,731,533,261,559,36,412,667,565,565,252,0,0,0,984,799,393,0,0,0,0,aro,cross_leg_left,1
1295,1786866493.533047,793,875,937,1115,888,866,709,873,751,427,619,661,731,533,261,559,37,409,666,563,558,251,0,0,0,984,798,394,0,0,0,0,aro,cross_leg_left,1
1296,1786866493.553701,797,874,937,1113,887,867,709,874,750,425,619,663,728,531,263,563,37,411,669,564,565,252,0,0,0,983,799,394,0,0,0,0,aro,cross_leg_left,1
1297,1786866493.573762,795,875,938,1113,887,867,709,872,751,427,619,662,731,533,261,563,38,411,667,565,565,254,0,0,0,986,798,395,0,0,0,0,aro,cross_leg_left,1
1298,1786866493.593710,793,874,938,1115,888,867,709,873,751,429,619,658,731,531,260,563,36,411,667,564,565,253,0,0,0,985,799,392,0,0,0,0,aro,cross_leg_left,1
1299,1786866493.613768,795,873,937,1116,886,867,710,873,751,428,619,661,729,533,261,563,37,411,669,565,563,251,0,0,0,983,797,393,0,0,0,0,aro,cross_leg_left,1
1300,1786866493.633433,798,875,938,1115,887,867,709,874,751,429,619,661,726,534,263,559,37,411,667,564,563,253,0,0,0,983,803,393,0,0,0,0,aro,cross_leg_left,1
1301,1786866493.653686,795,875,937,1113,887,868,709,875,751,435,619,661,726,535,261,563,37,411,668,566,568,263,0,0,0,984,806,391,0,0,0,0,aro,cross_leg_left,1
1302,1786866493.673717,795,875,939,1115,887,867,709,875,751,437,618,662,729,536,261,563,37,411,668,565,565,262,0,0,0,984,797,395,0,0,0,0,aro,cross_leg_left,1
1303,1786866493.693660,793,877,937,1115,887,867,709,875,751,439,621,660,729,531,263,562,37,410,669,565,568,261,0,0,0,984,797,393,0,0,0,0,aro,cross_leg_left,1
1304,1786866493.713681,797,875,937,1115,887,867,709,875,749,443,618,663,723,533,263,559,37,412,668,565,567,255,0,0,0,983,795,393,0,0,0,0,aro,cross_leg_left,1
1305,1786866493.733701,793,875,937,1115,886,868,703,875,751,441,621,658,731,531,265,558,37,411,669,563,569,263,0,0,0,985,799,391,0,0,0,0,aro,cross_leg_left,1
1306,1786866493.753646,795,876,937,1115,888,867,709,875,751,441,619,663,733,532,262,562,37,411,666,564,563,263,0,0,0,983,797,393,0,0,0,0,aro,cross_leg_left,1
1307,1786866493.773036,797,875,939,1114,887,867,709,875,754,456,619,661,723,535,256,563,37,413,668,564,565,263,0,0,0,984,800,393,0,0,0,0,aro,cross_leg_left,1
1308,1786866493.793084,795,875,939,1115,887,868,711,875,751,442,621,659,733,523,262,563,37,411,667,565,563,263,0,0,0,983,795,393,0,0,0,0,aro,cross_leg_left,1
1309,1786866493.812839,795,875,937,1115,885,867,709,875,751,441,621,653,731,527,264,563,37,411,669,564,565,264,0,0,0,984,793,393,0,0,0,0,aro,cross_leg_left,1
1310,1786866493.832764,795,874,939,1115,889,868,709,875,751,443,616,661,729,533,263,563,37,410,675,563,567,265,0,0,0,983,799,392,0,0,0,0,aro,cross_leg_left,1
1311,1786866493.852956,794,875,936,1113,886,867,711,875,749,441,619,650,730,534,261,565,37,410,669,566,564,265,0,0,0,984,797,391,0,0,0,0,aro,cross_leg_left,1
1312,1786866493.872835,793,873,937,1116,888,867,710,877,751,443,620,660,730,533,261,561,37,411,668,563,566,265,0,0,0,983,813,394,0,0,0,0,aro,cross_leg_left,1
1313,1786866493.893436,794,875,937,1115,888,868,709,875,749,441,618,678,733,522,261,564,37,412,669,563,563,263,0,0,0,983,799,393,0,0,0,0,aro,cross_leg_left,1
1314,1786866493.913437,793,875,937,1113,887,869,710,875,751,439,620,681,735,531,262,563,37,411,671,563,563,261,0,0,0,983,803,391,0,0,0,0,aro,cross_leg_left,1
1315,1786866493.933928,799,875,937,1115,885,866,704,875,751,443,621,654,739,536,255,559,37,421,665,559,565,263,0,0,0,984,792,383,0,0,0,0,aro,cross_leg_left,1
1316,1786866493.953681,797,874,937,1117,887,869,709,875,751,443,617,665,733,524,262,565,38,411,679,567,567,263,0,0,0,985,788,392,0,0,0,0,aro,cross_leg_left,1
1317,1786866493.973681,795,871,939,1114,888,867,709,875,751,441,621,655,733,537,263,559,37,412,671,563,568,265,0,0,0,983,810,391,0,0,0,0,aro,cross_leg_left,1
1318,1786866493.993691,795,873,937,1113,885,867,709,875,751,441,619,661,731,530,261,566,37,411,669,563,566,263,0,0,0,981,798,391,0,0,0,0,aro,cross_leg_left,1
1319,1786866494.013678,795,875,939,1115,889,867,711,875,751,441,619,665,735,533,255,565,37,411,667,567,565,264,0,0,0,980,807,390,0,0,0,0,aro,cross_leg_left,1
1320,1786866494.033650,797,872,937,1113,888,867,709,875,751,442,619,661,728,533,263,565,37,410,675,563,569,264,0,0,0,982,797,392,0,0,0,0,aro,cross_leg_left,1
1321,1786866494.053694,795,873,939,1115,885,868,711,875,751,441,619,659,726,548,261,559,37,411,668,565,566,261,0,0,0,983,794,390,0,0,0,0,aro,cross_leg_left,1
1322,1786866494.072971,797,875,939,1114,888,868,709,873,751,442,618,661,727,534,263,563,37,412,669,565,566,262,0,0,0,984,812,391,0,0,0,0,aro,cross_leg_left,1
1323,1786866494.092995,795,879,939,1119,888,867,709,871,753,445,617,663,730,533,255,562,37,413,667,563,566,251,0,0,0,987,793,390,0,0,0,0,aro,cross_leg_left,1
1324,1786866494.113702,795,873,937,1115,888,867,709,875,751,443,618,663,735,533,263,559,37,412,668,563,567,265,0,0,0,987,799,390,0,0,0,0,aro,cross_leg_left,1
1325,1786866494.133715,795,873,936,1113,885,869,709,876,751,445,619,662,725,522,261,565,37,411,667,567,568,249,0,0,0,984,797,389,0,0,0,0,aro,cross_leg_left,1
1326,1786866494.153665,794,870,937,1115,889,867,710,875,750,443,619,659,729,533,263,565,37,411,667,566,567,264,0,0,0,982,797,391,0,0,0,0,aro,cross_leg_left,1
1327,1786866494.172666,799,873,940,1115,887,868,709,879,752,443,618,663,727,533,263,565,37,409,667,565,564,261,0,0,0,985,781,389,0,0,0,0,aro,cross_leg_left,1
1328,1786866494.192700,794,873,939,1115,887,868,709,875,751,443,621,664,731,533,261,563,38,410,669,559,565,265,0,0,0,983,796,394,0,0,0,0,aro,cross_leg_left,1
1329,1786866494.212808,789,871,939,1117,887,867,709,870,755,443,621,661,729,533,255,567,37,413,667,563,565,255,0,0,0,983,804,383,0,0,0,0,aro,cross_leg_left,1
1330,1786866494.233051,787,871,939,1115,888,868,711,875,751,443,619,660,727,533,263,563,37,411,669,563,567,265,0,0,0,984,795,390,0,0,0,0,aro,cross_leg_left,1
1331,1786866494.253600,796,873,937,1117,886,869,710,876,751,443,617,664,733,533,255,565,39,411,669,563,564,255,0,0,0,984,799,390,0,0,0,0,aro,cross_leg_left,1
1332,1786866494.273691,805,871,940,1114,888,868,710,873,755,444,619,661,730,535,265,567,37,411,669,567,570,264,0,0,0,984,794,391,0,0,0,0,aro,cross_leg_left,1
1333,1786866494.293503,795,875,936,1116,886,869,709,876,752,445,619,659,725,533,255,569,37,411,671,565,565,263,0,0,0,985,799,389,0,0,0,0,aro,cross_leg_left,1
1334,1786866494.313698,795,874,939,1125,889,869,709,875,751,445,617,659,731,533,265,567,37,409,670,557,562,263,0,0,0,983,797,390,0,0,0,0,aro,cross_leg_left,1
1335,1786866494.333680,795,876,935,1117,885,865,711,875,751,445,619,659,740,533,254,564,37,412,666,567,563,263,0,0,0,983,797,391,0,0,0,0,aro,cross_leg_left,1
1336,1786866494.353669,799,872,935,1125,877,868,709,875,751,447,617,662,723,533,261,559,37,413,659,563,567,261,0,0,0,989,797,389,0,0,0,0,aro,cross_leg_left,1
1337,1786866494.373707,795,871,936,1111,889,867,709,875,751,453,617,663,732,533,261,565,38,411,664,563,568,260,0,0,0,981,796,391,0,0,0,0,aro,cross_leg_left,1
1338,1786866494.393687,795,877,949,1113,886,868,709,876,755,446,620,645,729,534,265,564,39,411,663,563,565,261,0,0,0,983,798,390,0,0,0,0,aro,cross_leg_left,1
1339,1786866494.413673,793,875,937,1115,886,868,709,873,755,453,618,663,731,533,261,563,37,409,665,564,564,261,0,0,0,982,797,390,0,0,0,0,aro,cross_leg_left,1
1340,1786866494.433689,794,874,939,1129,885,869,703,877,756,455,618,658,728,533,254,570,38,411,669,563,567,261,0,0,0,981,797,384,0,0,0,0,aro,cross_leg_left,1
1341,1786866494.453674,795,873,934,1115,885,867,711,875,754,455,617,665,731,533,269,561,37,410,666,563,564,255,0,0,0,983,797,383,0,0,0,0,aro,cross_leg_left,1
1342,1786866494.473687,795,875,938,1115,888,869,711,875,749,453,618,662,729,532,261,564,37,411,666,565,566,261,0,0,0,983,797,389,0,0,0,0,aro,cross_leg_left,1
1343,1786866494.493674,792,871,937,1111,889,869,711,871,751,454,616,667,728,531,263,565,37,414,667,560,563,255,0,0,0,985,795,389,0,0,0,0,aro,cross_leg_left,1
1344,1786866494.513669,795,876,940,1112,886,868,709,877,751,445,621,651,731,533,263,557,39,408,663,565,564,253,0,0,0,983,797,381,0,0,0,0,aro,cross_leg_left,1
1345,1786866494.533715,795,873,937,1115,887,867,709,873,752,445,623,661,728,533,262,565,38,411,663,566,566,253,0,0,0,985,797,389,0,0,0,0,aro,cross_leg_left,1
1346,1786866494.553660,795,876,937,1113,889,867,709,875,751,444,619,664,726,533,263,567,37,409,667,564,568,245,0,0,0,983,797,389,0,0,0,0,aro,cross_leg_left,1
1347,1786866494.573683,795,875,937,1115,888,869,709,877,751,445,622,663,731,533,263,564,37,409,663,559,567,253,0,0,0,985,797,390,0,0,0,0,aro,cross_leg_left,1
1348,1786866494.593696,797,875,940,1114,883,868,709,877,751,441,619,659,731,533,252,559,37,409,663,566,565,253,0,0,0,983,798,391,0,0,0,0,aro,cross_leg_left,1
1349,1786866494.613680,795,873,937,1117,887,867,709,879,749,439,619,659,731,533,264,557,38,403,659,564,563,251,0,0,0,979,797,381,0,0,0,0,aro,cross_leg_left,1
1350,1786866494.633697,795,874,935,1113,891,867,703,874,751,441,623,660,731,535,262,567,37,410,663,564,566,251,0,0,0,981,799,391,0,0,0,0,aro,cross_leg_left,1
1351,1786866494.653694,795,875,939,1115,886,869,709,877,751,441,619,663,727,531,255,563,39,411,663,565,557,251,0,0,0,983,793,383,0,0,0,0,aro,cross_leg_left,1
1352,1786866494.673703,795,876,931,1113,887,868,711,875,751,440,619,665,731,533,251,565,37,409,657,567,565,252,0,0,0,981,799,384,0,0,0,0,aro,cross_leg_left,1
1353,1786866494.693658,795,873,938,1116,889,868,709,875,751,443,600,661,731,533,266,565,37,408,657,563,567,251,0,0,0,986,797,371,0,0,0,0,aro,cross_leg_left,1
1354,1786866494.713661,797,875,941,1113,883,865,710,885,754,441,620,661,728,534,263,563,37,409,663,559,564,252,0,0,0,984,797,381,0,0,0,0,aro,cross_leg_left,1
1355,1786866494.733700,796,867,938,1113,888,867,711,875,751,440,619,661,730,535,261,559,37,410,663,566,565,249,0,0,0,983,797,356,0,0,0,0,aro,cross_leg_left,1
1356,1786866494.753664,795,872,937,1115,884,867,710,875,751,437,622,663,729,533,265,563,37,410,667,562,566,247,0,0,0,985,796,381,0,0,0,0,aro,cross_leg_left,1
1357,1786866494.773682,796,873,931,1115,886,867,709,875,751,431,619,659,730,533,261,563,38,411,663,565,563,243,0,0,0,983,797,397,0,0,0,0,aro,cross_leg_left,1
1358,1786866494.793687,795,873,938,1113,885,865,709,873,751,425,618,669,729,543,265,565,37,409,664,563,559,247,0,0,0,985,795,382,0,0,0,0,aro,cross_leg_left,1
1359,1786866494.813685,795,869,939,1113,888,863,703,873,751,423,615,661,731,534,253,563,37,409,663,562,570,245,0,0,0,985,797,395,0,0,0,0,aro,cross_leg_left,1
1360,1786866494.833645,794,875,937,1113,889,867,709,875,751,425,619,663,730,533,270,567,37,409,661,566,566,245,0,0,0,984,797,381,0,0,0,0,aro,cross_leg_left,1
1361,1786866494.853668,796,877,941,1117,885,868,709,873,754,427,618,653,727,531,261,559,37,411,677,564,564,243,0,0,0,985,799,381,0,0,0,0,aro,cross_leg_left,1
1362,1786866494.873639,796,873,939,1123,885,867,709,874,755,423,621,661,730,532,262,550,37,413,664,555,567,246,0,0,0,979,797,378,0,0,0,0,aro,cross_leg_left,1
1363,1786866494.893646,796,873,938,1117,889,867,711,874,751,425,615,661,730,533,259,566,37,406,664,564,565,247,0,0,0,984,799,377,0,0,0,0,aro,cross_leg_left,1
1364,1786866494.913658,797,874,936,1113,887,869,709,874,748,425,610,663,731,533,264,559,37,411,654,560,559,244,0,0,0,985,797,383,0,0,0,0,aro,cross_leg_left,1
1365,1786866494.933634,799,875,940,1119,887,869,703,874,759,427,617,663,731,533,263,565,38,411,665,559,565,247,0,0,0,985,797,379,0,0,0,0,aro,cross_leg_left,1
1366,1786866494.953621,795,871,937,1114,886,869,704,872,751,425,628,660,731,534,265,565,37,411,664,559,552,247,0,0,0,984,797,377,0,0,0,0,aro,cross_leg_left,1
1367,1786866494.973657,795,875,941,1109,887,861,710,876,750,427,619,663,731,534,255,583,38,410,665,563,573,247,0,0,0,986,797,381,0,0,0,0,aro,cross_leg_left,1
1368,1786866494.993607,795,873,939,1127,891,867,711,873,751,425,621,661,730,534,263,564,39,411,665,558,571,249,0,0,0,984,798,377,0,0,0,0,aro,cross_leg_left,1
1369,1786866495.013668,795,872,939,1119,890,865,704,877,754,425,613,661,729,533,255,566,37,413,664,567,574,247,0,0,0,985,799,381,0,0,0,0,aro,cross_leg_left,1
1370,1786866495.033673,795,872,939,1110,887,867,710,873,755,425,619,661,730,535,259,565,36,411,664,564,564,248,0,0,0,983,797,381,0,0,0,0,aro,cross_leg_left,1
1371,1786866495.053682,795,873,936,1116,887,869,711,875,750,427,601,661,731,533,262,567,38,411,671,565,563,248,0,0,0,984,797,381,0,0,0,0,aro,cross_leg_left,1
1372,1786866495.073681,795,869,940,1114,889,875,711,875,755,425,601,661,732,535,263,565,38,411,666,563,565,244,0,0,0,987,790,377,0,0,0,0,aro,cross_leg_left,1
1373,1786866495.093722,796,875,937,1119,888,863,710,872,751,427,619,661,731,533,263,564,38,410,663,565,565,248,0,0,0,984,797,380,0,0,0,0,aro,cross_leg_left,1
1374,1786866495.113258,796,873,939,1113,887,866,709,876,751,427,614,661,729,533,253,565,37,409,668,559,565,247,0,0,0,983,797,381,0,0,0,0,aro,cross_leg_left,1
1375,1786866495.133979,796,874,943,1125,887,873,710,876,751,427,617,661,731,533,255,563,37,407,660,571,565,249,0,0,0,985,797,379,0,0,0,0,aro,cross_leg_left,1
1376,1786866495.153711,795,876,937,1115,888,868,711,875,751,431,619,657,728,533,255,573,37,412,664,557,565,248,0,0,0,985,803,380,0,0,0,0,aro,cross_leg_left,1
1377,1786866495.173880,795,875,935,1115,888,873,709,876,757,431,622,661,730,533,269,561,38,411,665,563,556,249,0,0,0,985,798,383,0,0,0,0,aro,cross_leg_left,1
1378,1786866495.193965,795,875,937,1113,888,867,711,875,751,430,619,654,733,534,264,563,39,412,664,559,559,249,0,0,0,985,797,383,0,0,0,0,aro,cross_leg_left,1
1379,1786866495.213744,797,875,937,1113,888,866,711,871,751,431,620,655,729,534,263,563,37,407,661,559,564,239,0,0,0,979,795,383,0,0,0,0,aro,cross_leg_left,1
1380,1786866495.233730,795,875,936,1115,886,861,709,876,751,429,615,661,729,533,261,554,37,409,665,567,583,249,0,0,0,983,797,383,0,0,0,0,aro,cross_leg_left,1
1381,1786866495.253651,796,874,937,1115,886,867,701,875,749,429,618,661,729,533,275,563,38,413,665,564,563,249,0,0,0,983,797,382,0,0,0,0,aro,cross_leg_left,1
1382,1786866495.273672,795,875,936,1109,884,868,709,876,751,437,623,661,729,533,265,550,39,415,665,563,565,249,0,0,0,972,797,379,0,0,0,0,aro,cross_leg_left,1
1383,1786866495.293695,795,875,935,1123,884,863,711,875,749,437,619,659,745,533,261,565,38,409,665,559,553,248,0,0,0,981,797,383,0,0,0,0,aro,cross_leg_left,1
1384,1786866495.313637,796,875,933,1115,893,869,719,875,751,435,616,661,731,533,253,563,37,402,665,564,565,249,0,0,0,980,797,381,0,0,0,0,aro,cross_leg_left,1
1385,1786866495.333630,795,875,939,1115,889,867,711,876,765,437,627,663,731,533,263,565,37,419,664,564,565,249,0,0,0,981,797,380,0,0,0,0,aro,cross_leg_left,1
1386,1786866495.353673,795,873,936,1109,887,859,703,876,749,435,619,661,739,533,263,566,37,409,667,559,565,239,0,0,0,974,797,381,0,0,0,0,aro,cross_leg_left,1
1387,1786866495.373681,797,875,936,1115,887,869,711,875,757,433,621,661,729,533,253,555,37,411,665,562,563,249,0,0,0,983,797,381,0,0,0,0,aro,cross_leg_left,1
1388,1786866495.393671,796,873,935,1115,887,868,711,877,741,432,620,662,729,533,263,566,37,410,664,564,557,248,0,0,0,985,797,383,0,0,0,0,aro,cross_leg_left,1
1389,1786866495.413649,795,873,937,1115,894,869,700,875,755,435,627,661,729,535,265,563,37,409,663,563,565,249,0,0,0,985,797,377,0,0,0,0,aro,cross_leg_left,1
1390,1786866495.433694,795,873,938,1119,886,872,710,872,751,430,619,665,740,534,261,575,37,411,665,564,566,235,0,0,0,985,798,377,0,0,0,0,aro,cross_leg_left,1
1391,1786866495.453642,795,874,936,1115,888,867,711,875,744,431,620,660,729,535,255,559,38,410,664,563,569,249,0,0,0,985,797,379,0,0,0,0,aro,cross_leg_left,1
1392,1786866495.473670,796,875,937,1114,888,868,711,876,751,425,619,660,731,535,263,566,37,411,664,564,566,249,0,0,0,983,795,381,0,0,0,0,aro,cross_leg_left,1
1393,1786866495.493692,796,875,938,1115,888,869,709,875,751,425,630,661,731,534,263,563,39,412,652,565,564,250,0,0,0,984,797,380,0,0,0,0,aro,cross_leg_left,1
1394,1786866495.513686,795,875,939,1115,889,865,702,874,751,425,619,662,731,533,251,563,39,413,665,563,565,249,0,0,0,983,797,379,0,0,0,0,aro,cross_leg_left,1
1395,1786866495.533647,796,875,939,1115,903,867,711,875,753,424,621,661,730,533,263,565,38,411,665,563,563,249,0,0,0,980,797,377,0,0,0,0,aro,cross_leg_left,1
1396,1786866495.553679,795,874,938,1115,891,868,710,875,751,423,616,660,730,535,263,565,39,412,663,564,564,249,0,0,0,985,797,367,0,0,0,0,aro,cross_leg_left,1
1397,1786866495.573657,795,876,935,1116,888,869,711,873,750,425,619,661,729,532,255,565,37,411,657,563,565,249,0,0,0,987,797,397,0,0,0,0,aro,cross_leg_left,1
1398,1786866495.593640,795,875,939,1115,893,872,713,875,751,425,619,661,731,531,263,563,37,405,663,563,565,251,0,0,0,987,797,380,0,0,0,0,aro,cross_leg_left,1
1399,1786866495.613689,795,875,935,1115,885,866,703,875,749,422,603,659,731,531,262,564,37,411,665,565,563,248,0,0,0,983,799,403,0,0,0,0,aro,cross_leg_left,1
1400,1786866495.633011,796,875,939,1115,886,869,710,875,749,425,630,661,729,533,263,563,37,411,667,565,565,249,0,0,0,983,795,372,0,0,0,0,aro,cross_leg_left,1
1401,1786866495.653684,795,873,938,1115,887,867,711,875,751,424,619,651,730,533,263,564,37,411,663,564,566,249,0,0,0,983,797,377,0,0,0,0,aro,cross_leg_left,1
1402,1786866495.672987,795,873,938,1115,888,870,709,875,751,426,619,662,729,533,262,564,37,412,664,564,565,251,0,0,0,987,799,403,0,0,0,0,aro,cross_leg_left,1
1403,1786866495.693746,795,873,937,1115,887,867,711,876,752,427,639,661,731,533,263,565,37,413,657,563,565,250,0,0,0,985,793,375,0,0,0,0,aro,cross_leg_left,1
1404,1786866495.713567,796,873,927,1115,879,866,711,873,755,427,619,661,731,533,263,563,37,419,664,564,565,249,0,0,0,987,796,397,0,0,0,0,aro,cross_leg_left,1
1405,1786866495.733698,797,875,937,1115,887,858,711,875,751,427,628,661,731,535,261,565,39,417,664,570,565,249,0,0,0,987,795,377,0,0,0,0,aro,cross_leg_left,1
1406,1786866495.753682,796,873,939,1115,887,869,709,875,761,427,621,661,730,535,263,565,38,411,664,567,565,249,0,0,0,984,798,379,0,0,0,0,aro,cross_leg_left,1
1407,1786866495.773663,797,875,939,1115,888,867,709,877,756,435,620,663,731,535,262,564,37,412,665,563,565,247,0,0,0,991,799,377,0,0,0,0,aro,cross_leg_left,1
1408,1786866495.793634,796,874,937,1115,888,867,701,875,749,425,612,659,731,533,254,565,37,411,663,565,565,250,0,0,0,984,800,379,0,0,0,0,aro,cross_leg_left,1
1409,1786866495.813709,795,875,938,1115,888,871,710,875,749,421,621,661,730,533,261,563,37,413,664,564,565,248,0,0,0,983,793,376,0,0,0,0,aro,cross_leg_left,1
1410,1786866495.833634,795,875,939,1113,889,866,712,875,749,424,633,661,729,535,261,564,37,411,664,563,564,249,0,0,0,985,794,381,0,0,0,0,aro,cross_leg_left,1
1411,1786866495.853779,795,875,939,1115,888,867,715,875,750,423,619,663,730,535,261,565,38,408,655,563,565,249,0,0,0,981,794,381,0,0,0,0,aro,cross_leg_left,1
1412,1786866495.873689,795,873,939,1115,887,867,710,875,751,425,616,661,731,533,263,565,37,413,664,565,565,249,0,0,0,983,798,381,0,0,0,0,aro,cross_leg_left,1
1413,1786866495.893694,795,873,939,1115,889,866,701,875,759,425,619,661,731,535,261,563,37,413,664,564,565,249,0,0,0,987,796,379,0,0,0,0,aro,cross_leg_left,1
1414,1786866495.913613,795,873,937,1114,887,863,703,875,751,423,619,661,731,531,260,563,37,411,664,563,566,249,0,0,0,983,796,379,0,0,0,0,aro,cross_leg_left,1
1415,1786866495.933638,797,873,938,1115,888,867,711,887,755,429,646,661,731,531,255,564,38,412,667,564,565,251,0,0,0,984,799,379,0,0,0,0,aro,cross_leg_left,1
1416,1786866495.953650,795,873,938,1115,887,867,711,876,752,429,619,661,729,532,262,565,39,413,663,564,565,251,0,0,0,984,797,377,0,0,0,0,aro,cross_leg_left,1
1417,1786866495.973629,793,875,938,1115,889,867,703,875,751,431,620,661,729,533,262,564,38,413,665,565,567,251,0,0,0,972,799,379,0,0,0,0,aro,cross_leg_left,1
1418,1786866495.993622,795,875,938,1113,888,868,709,875,751,439,619,661,731,533,261,565,37,413,663,563,565,251,0,0,0,975,799,379,0,0,0,0,aro,cross_leg_left,1
1419,1786866496.013677,795,873,937,1115,887,867,711,877,760,426,621,661,731,533,255,565,37,412,664,563,565,253,0,0,0,985,798,378,0,0,0,0,aro,cross_leg_left,1
1420,1786866496.033663,796,875,937,1115,889,863,712,876,751,429,621,661,729,533,263,565,37,411,664,564,565,251,0,0,0,980,799,379,0,0,0,0,aro,cross_leg_left,1
1421,1786866496.053631,795,875,938,1115,887,861,711,875,751,427,619,663,729,533,263,565,37,413,665,563,565,254,0,0,0,984,799,379,0,0,0,0,aro,cross_leg_left,1
1422,1786866496.073703,795,873,937,1114,887,868,703,875,752,427,620,662,731,531,261,564,37,413,665,563,565,249,0,0,0,985,797,379,0,0,0,0,aro,cross_leg_left,1
1423,1786866496.093679,796,875,937,1115,888,868,711,875,757,427,619,659,731,535,262,563,37,413,663,565,565,253,0,0,0,984,799,379,0,0,0,0,aro,cross_leg_left,1
1424,1786866496.113682,797,875,937,1114,888,869,713,875,751,427,619,660,731,535,255,564,37,413,665,565,565,253,0,0,0,984,795,377,0,0,0,0,aro,cross_leg_left,1
1425,1786866496.133700,795,875,938,1114,888,869,703,877,750,428,619,660,731,534,262,564,38,407,665,564,565,251,0,0,0,985,796,379,0,0,0,0,aro,cross_leg_left,1
1426,1786866496.153791,796,873,938,1114,887,867,709,876,749,429,620,661,730,533,261,563,38,414,665,565,567,253,0,0,0,985,797,389,0,0,0,0,aro,cross_leg_left,1
1427,1786866496.173725,798,875,937,1114,888,868,697,875,751,429,619,661,730,535,262,564,37,413,663,563,563,253,0,0,0,985,799,380,0,0,0,0,aro,cross_leg_left,1
1428,1786866496.193683,795,873,937,1112,889,868,709,875,751,429,619,663,731,533,253,565,37,413,663,565,565,253,0,0,0,984,797,379,0,0,0,0,aro,cross_leg_left,1
1429,1786866496.213707,794,873,937,1115,884,868,709,876,750,429,617,659,727,535,255,564,37,413,663,559,563,261,0,0,0,981,795,381,0,0,0,0,aro,cross_leg_left,1
1430,1786866496.233451,793,875,937,1115,887,868,715,877,751,429,621,659,732,531,261,564,39,412,665,565,565,253,0,0,0,983,802,380,0,0,0,0,aro,cross_leg_left,1
1431,1786866496.254003,795,875,937,1114,887,867,717,877,751,430,619,665,732,535,262,564,38,413,665,565,565,252,0,0,0,983,797,381,0,0,0,0,aro,cross_leg_left,1
1432,1786866496.273077,795,875,938,1113,883,869,703,875,751,429,617,659,729,535,261,563,37,413,667,564,567,253,0,0,0,981,795,380,0,0,0,0,aro,cross_leg_left,1
1433,1786866496.293639,795,875,938,1114,888,868,709,876,751,430,619,661,730,535,262,563,39,413,664,564,565,254,0,0,0,985,797,379,0,0,0,0,aro,cross_leg_left,1
1434,1786866496.313695,795,874,939,1115,887,867,696,876,751,431,619,659,729,535,263,563,37,412,665,564,563,253,0,0,0,983,798,380,0,0,0,0,aro,cross_leg_left,1
1435,1786866496.333718,794,873,937,1115,887,861,711,867,751,429,618,661,731,540,255,565,36,409,665,565,566,249,0,0,0,985,799,380,0,0,0,0,aro,cross_leg_left,1
1436,1786866496.353669,795,873,937,1113,887,867,710,876,754,435,619,661,729,533,251,563,38,413,665,563,565,255,0,0,0,983,796,377,0,0,0,0,aro,cross_leg_left,1
1437,1786866496.373683,793,875,938,1113,888,867,703,877,752,436,619,661,733,533,264,565,37,413,665,564,565,255,0,0,0,983,796,380,0,0,0,0,aro,cross_leg_left,1
1438,1786866496.393672,795,874,938,1114,887,877,697,875,751,437,619,663,729,536,261,565,38,413,665,563,565,255,0,0,0,983,795,381,0,0,0,0,aro,cross_leg_left,1
1439,1786866496.413712,795,873,937,1115,885,867,710,876,753,436,619,662,730,523,261,564,37,413,664,565,565,255,0,0,0,983,799,381,0,0,0,0,aro,cross_leg_left,1
1440,1786866496.433632,795,875,939,1115,889,868,711,873,755,435,619,661,731,533,261,565,37,413,665,563,564,261,0,0,0,985,797,379,0,0,0,0,aro,cross_leg_left,1
1441,1786866496.453640,797,873,939,1115,887,868,712,877,755,436,619,656,731,535,263,565,37,413,665,564,565,255,0,0,0,985,802,381,0,0,0,0,aro,cross_leg_left,1
1442,1786866496.473697,796,877,938,1115,887,868,710,876,752,434,619,661,731,531,261,563,37,413,665,565,563,261,0,0,0,985,799,381,0,0,0,0,aro,cross_leg_left,1
1443,1786866496.493635,791,875,939,1113,888,868,709,877,755,434,619,662,729,531,263,565,37,412,663,564,565,260,0,0,0,983,797,381,0,0,0,0,aro,cross_leg_left,1
1444,1786866496.513646,796,876,937,1113,889,871,713,877,752,435,619,661,731,536,255,563,37,413,666,563,565,260,0,0,0,985,799,392,0,0,0,0,aro,cross_leg_left,1
1445,1786866496.533659,805,876,937,1116,885,867,711,877,751,431,618,661,731,532,263,565,36,412,664,565,565,263,0,0,0,985,794,389,0,0,0,0,aro,cross_leg_left,1
1446,1786866496.553631,795,875,937,1114,887,863,709,877,751,431,619,662,728,549,262,565,37,413,664,564,566,255,0,0,0,985,799,379,0,0,0,0,aro,cross_leg_left,1
1447,1786866496.573649,795,876,937,1116,889,869,711,877,754,433,619,661,731,535,262,565,37,413,664,564,565,255,0,0,0,985,797,381,0,0,0,0,aro,cross_leg_left,1
1448,1786866496.593001,795,870,937,1112,887,867,709,877,749,431,620,661,730,533,262,563,36,412,665,565,565,254,0,0,0,984,795,380,0,0,0,0,aro,cross_leg_left,1
1449,1786866496.613570,796,874,937,1115,887,867,711,877,752,431,619,659,731,530,262,564,37,413,663,564,567,261,0,0,0,985,795,380,0,0,0,0,aro,cross_leg_left,1
1450,1786866496.633894,787,873,937,1115,889,869,711,877,752,431,619,657,732,531,261,565,39,413,664,563,567,261,0,0,0,985,788,379,0,0,0,0,aro,cross_leg_left,1
1451,1786866496.653781,795,887,939,1115,889,868,711,875,751,431,621,663,729,531,262,564,37,415,667,563,565,263,0,0,0,983,797,381,0,0,0,0,aro,cross_leg_left,1
1452,1786866496.673746,796,877,938,1115,888,867,712,876,755,435,619,662,732,537,261,565,37,411,665,564,565,262,0,0,0,985,793,380,0,0,0,0,aro,cross_leg_left,1
1453,1786866496.693700,795,875,938,1115,887,867,711,875,754,435,619,661,731,529,262,563,37,413,665,563,567,261,0,0,0,985,795,379,0,0,0,0,aro,cross_leg_left,1
1454,1786866496.713697,797,875,937,1117,887,867,711,875,754,431,619,661,731,531,262,565,37,412,665,565,565,261,0,0,0,984,798,380,0,0,0,0,aro,cross_leg_left,1
1455,1786866496.733716,799,874,939,1117,887,867,711,876,751,434,618,661,731,533,263,565,37,412,664,565,568,262,0,0,0,985,804,380,0,0,0,0,aro,cross_leg_left,1
1456,1786866496.753643,791,874,938,1115,888,867,711,875,755,430,619,663,727,533,261,564,38,413,665,563,566,264,0,0,0,984,807,379,0,0,0,0,aro,cross_leg_left,1
1457,1786866496.773667,794,875,937,1114,889,867,711,876,751,429,620,659,728,529,261,565,37,411,664,565,567,262,0,0,0,984,805,379,0,0,0,0,aro,cross_leg_left,1
1458,1786866496.793672,795,874,937,1113,887,869,710,877,751,429,619,661,727,534,261,563,37,415,665,565,567,264,0,0,0,982,799,382,0,0,0,0,aro,cross_leg_left,1
1459,1786866496.813654,798,873,937,1117,887,867,711,875,752,428,619,661,729,529,261,563,37,413,665,565,565,262,0,0,0,984,794,380,0,0,0,0,aro,cross_leg_left,1
1460,1786866496.833627,796,874,938,1115,888,868,711,877,752,429,620,658,731,531,261,567,37,412,667,565,565,269,0,0,0,984,799,381,0,0,0,0,aro,cross_leg_left,1
1461,1786866496.853650,795,875,939,1115,885,867,710,873,751,429,617,659,727,531,260,560,38,424,665,565,567,263,0,0,0,983,799,379,0,0,0,0,aro,cross_leg_left,1
1462,1786866496.873625,793,875,937,1115,888,869,711,877,755,428,619,663,728,531,263,565,37,414,667,564,562,263,0,0,0,985,796,381,0,0,0,0,aro,cross_leg_left,1
1463,1786866496.893647,793,875,937,1115,888,867,711,877,751,428,619,661,735,530,262,565,37,413,669,562,563,261,0,0,0,984,797,380,0,0,0,0,aro,cross_leg_left,1
1464,1786866496.913678,797,873,937,1113,888,868,710,879,751,427,619,659,731,533,261,566,37,410,665,559,565,264,0,0,0,985,799,379,0,0,0,0,aro,cross_leg_left,1
1465,1786866496.933657,793,877,939,1112,885,867,711,877,755,425,622,661,729,535,263,565,39,415,667,563,567,263,0,0,0,985,795,380,0,0,0,0,aro,cross_leg_left,1
1466,1786866496.953619,797,876,938,1115,887,868,711,876,755,425,619,662,724,537,263,563,37,414,667,565,567,255,0,0,0,984,795,380,0,0,0,0,aro,cross_leg_left,1
1467,1786866496.973616,793,877,937,1115,887,869,711,875,755,425,621,659,729,537,263,563,40,415,667,564,565,263,0,0,0,985,799,381,0,0,0,0,aro,cross_leg_left,1
1468,1786866496.993677,795,874,939,1117,888,867,709,875,751,427,620,661,729,536,261,564,37,415,666,567,567,263,0,0,0,985,799,380,0,0,0,0,aro,cross_leg_left,1
1469,1786866497.013663,795,875,938,1115,887,867,711,873,755,424,623,663,740,537,263,563,37,413,665,565,563,261,0,0,0,984,795,380,0,0,0,0,aro,cross_leg_left,1
1470,1786866497.033664,796,875,937,1115,885,867,710,875,751,425,619,661,743,537,261,565,37,413,668,568,563,256,0,0,0,985,795,380,0,0,0,0,aro,cross_leg_left,1
1471,1786866497.053651,796,873,937,1115,885,869,710,876,751,425,619,661,719,533,263,560,37,413,667,559,566,261,0,0,0,985,803,381,0,0,0,0,aro,cross_leg_left,1
1472,1786866497.073676,793,875,935,1115,889,868,711,875,751,425,619,661,728,531,262,564,37,413,667,560,565,263,0,0,0,983,795,381,0,0,0,0,aro,cross_leg_left,1
1473,1786866497.093641,796,875,940,1116,887,867,711,875,751,425,619,663,741,533,265,563,37,413,669,563,565,260,0,0,0,985,797,380,0,0,0,0,aro,cross_leg_left,1
1474,1786866497.113683,794,871,938,1115,885,870,711,876,751,425,619,658,727,521,266,564,38,415,671,559,559,263,0,0,0,981,795,379,0,0,0,0,aro,cross_leg_left,1
1475,1786866497.133666,795,873,938,1115,887,868,709,875,753,425,619,661,729,535,261,559,37,413,667,564,565,261,0,0,0,985,797,379,0,0,0,0,aro,cross_leg_left,1
1476,1786866497.152953,795,875,938,1115,888,867,711,877,751,427,619,661,727,531,263,565,39,412,667,565,565,260,0,0,0,985,803,380,0,0,0,0,aro,cross_leg_left,1
1477,1786866497.173775,803,872,937,1112,887,869,709,875,750,427,617,660,728,533,261,566,38,421,667,563,564,253,0,0,0,985,796,381,0,0,0,0,aro,cross_leg_left,1
1478,1786866497.193719,803,875,935,1113,887,868,711,877,754,427,617,663,731,543,263,559,37,415,667,565,565,263,0,0,0,983,798,377,0,0,0,0,aro,cross_leg_left,1
1479,1786866497.213685,795,873,937,1115,887,868,709,875,751,427,620,663,729,525,261,564,39,414,669,564,565,267,0,0,0,984,804,379,0,0,0,0,aro,cross_leg_left,1
1480,1786866497.233694,796,875,939,1115,887,867,711,885,751,429,621,653,733,535,261,563,38,413,665,565,567,265,0,0,0,984,799,377,0,0,0,0,aro,cross_leg_left,1
1481,1786866497.253688,792,875,937,1113,887,868,711,876,751,429,619,658,732,541,263,564,39,415,667,559,565,262,0,0,0,984,786,383,0,0,0,0,aro,cross_leg_left,1
1482,1786866497.273655,795,875,939,1115,879,868,711,875,751,429,621,661,728,536,262,565,37,413,664,563,569,263,0,0,0,984,803,381,0,0,0,0,aro,cross_leg_left,1
1483,1786866497.293625,795,873,937,1115,889,867,710,875,751,427,618,660,731,535,262,567,37,413,671,561,566,261,0,0,0,984,796,379,0,0,0,0,aro,cross_leg_left,1
1484,1786866497.313685,804,873,938,1115,887,869,711,877,755,429,619,663,731,535,263,563,37,397,667,565,567,265,0,0,0,982,807,383,0,0,0,0,aro,cross_leg_left,1
1485,1786866497.333625,795,875,938,1113,887,867,711,875,751,429,620,661,729,525,262,567,35,413,679,565,569,266,0,0,0,983,803,381,0,0,0,0,aro,cross_leg_left,1
1486,1786866497.353621,797,875,937,1113,888,867,711,875,751,428,617,665,728,535,263,565,38,415,649,563,567,263,0,0,0,985,812,382,0,0,0,0,aro,cross_leg_left,1
1487,1786866497.373675,795,874,937,1115,886,867,709,876,751,429,619,661,728,535,263,565,37,415,667,565,564,267,0,0,0,983,793,381,0,0,0,0,aro,cross_leg_left,1
1488,1786866497.393659,797,874,938,1115,889,869,711,875,751,431,619,663,729,533,255,563,37,413,667,565,565,263,0,0,0,985,787,379,0,0,0,0,aro,cross_leg_left,1
1489,1786866497.413652,795,875,937,1118,887,867,711,874,750,430,607,661,731,539,261,562,37,413,675,565,565,262,0,0,0,986,797,381,0,0,0,0,aro,cross_leg_left,1
1490,1786866497.433636,797,873,937,1117,889,867,711,877,753,429,618,649,727,537,255,565,37,413,665,565,565,266,0,0,0,983,806,381,0,0,0,0,aro,cross_leg_left,1
1491,1786866497.453644,781,873,937,1115,886,867,712,875,753,429,618,662,733,538,263,565,36,420,670,565,563,265,0,0,0,987,805,379,0,0,0,0,aro,cross_leg_left,1
1492,1786866497.473653,794,874,938,1115,888,867,711,877,755,431,620,661,729,535,265,564,37,413,667,565,567,265,0,0,0,985,797,381,0,0,0,0,aro,cross_leg_left,1
1493,1786866497.493635,796,877,921,1116,887,869,711,873,751,431,620,670,729,535,262,565,37,413,668,571,566,265,0,0,0,984,799,383,0,0,0,0,aro,cross_leg_left,1
1494,1786866497.513695,795,875,940,1112,887,869,709,876,751,431,619,663,731,535,261,565,37,413,655,565,567,265,0,0,0,987,778,380,0,0,0,0,aro,cross_leg_left,1
1495,1786866497.533646,793,887,937,1115,889,869,711,875,751,431,621,663,734,534,265,564,37,413,668,563,567,267,0,0,0,983,799,381,0,0,0,0,aro,cross_leg_left,1
1496,1786866497.553614,796,877,939,1113,889,869,711,885,755,434,621,659,729,535,263,563,37,415,667,563,565,265,0,0,0,985,797,381,0,0,0,0,aro,cross_leg_left,1
1497,1786866497.573036,792,873,937,1113,888,868,711,876,752,432,621,657,731,534,260,565,37,413,668,565,567,269,0,0,0,983,792,381,0,0,0,0,aro,cross_leg_left,1
1498,1786866497.593676,799,871,939,1115,887,869,711,877,752,435,620,659,728,533,263,560,37,415,665,564,568,269,0,0,0,985,805,383,0,0,0,0,aro,cross_leg_left,1
1499,1786866497.613660,796,883,937,1114,889,870,711,879,751,432,617,662,731,535,254,562,39,413,669,565,563,265,0,0,0,983,796,381,0,0,0,0,aro,cross_leg_left,1
1500,1786866497.633679,796,873,937,1112,883,867,711,877,751,436,621,659,727,535,256,567,37,415,665,565,569,265,0,0,0,981,797,382,0,0,0,0,aro,cross_leg_left,1
1501,1786866497.652916,795,874,937,1115,888,869,711,872,754,435,619,658,727,535,255,559,37,415,664,559,579,271,0,0,0,984,797,381,0,0,0,0,aro,cross_leg_left,1
1502,1786866497.673683,796,873,937,1113,889,868,711,878,756,435,619,663,728,535,261,567,37,415,667,567,564,278,0,0,0,984,799,384,0,0,0,0,aro,cross_leg_left,1
1503,1786866497.693658,795,875,936,1117,889,869,711,877,755,435,617,661,725,535,261,564,37,413,664,566,564,269,0,0,0,983,797,378,0,0,0,0,aro,cross_leg_left,1
1504,1786866497.713682,797,865,937,1113,886,867,711,877,753,431,619,659,725,535,263,565,37,413,671,563,565,269,0,0,0,972,797,379,0,0,0,0,aro,cross_leg_left,1
1505,1786866497.733638,797,877,935,1112,886,867,711,875,755,435,621,663,725,535,261,556,37,413,668,563,565,269,0,0,0,984,798,381,0,0,0,0,aro,cross_leg_left,1
1506,1786866497.753614,795,871,940,1116,889,867,711,879,752,431,621,659,733,532,263,565,37,415,665,564,568,269,0,0,0,983,823,381,0,0,0,0,aro,cross_leg_left,1
1507,1786866497.773691,798,871,937,1113,887,868,710,875,755,437,623,661,735,535,249,563,37,423,669,582,564,269,0,0,0,984,798,379,0,0,0,0,aro,cross_leg_left,1
1508,1786866497.793651,795,879,939,1115,887,869,711,877,755,434,621,663,733,535,255,567,37,415,669,565,563,269,0,0,0,984,797,380,0,0,0,0,aro,cross_leg_left,1
1509,1786866497.813671,795,878,937,1116,887,868,711,878,755,431,619,661,729,535,261,563,37,415,661,565,567,270,0,0,0,985,797,381,0,0,0,0,aro,cross_leg_left,1
1510,1786866497.833651,797,876,939,1115,889,868,709,879,752,430,619,670,729,535,262,559,37,413,665,563,569,267,0,0,0,980,799,379,0,0,0,0,aro,cross_leg_left,1
1511,1786866497.853565,795,874,937,1117,887,867,711,869,749,428,617,655,729,534,255,564,37,415,671,567,567,275,0,0,0,985,797,379,0,0,0,0,aro,cross_leg_left,1
1512,1786866497.873621,796,875,939,1112,889,861,711,877,750,425,619,668,731,535,261,569,38,414,667,565,567,281,0,0,0,984,799,383,0,0,0,0,aro,cross_leg_left,1
1513,1786866497.893680,797,877,938,1115,889,863,709,875,752,423,611,661,731,533,262,565,38,413,667,563,565,265,0,0,0,986,787,378,0,0,0,0,aro,cross_leg_left,1
1514,1786866497.913604,796,875,936,1107,888,868,709,875,751,425,619,666,722,534,263,569,38,413,665,555,567,263,0,0,0,983,797,381,0,0,0,0,aro,cross_leg_left,1
1515,1786866497.933602,795,875,938,1118,887,869,709,876,755,423,617,668,731,536,248,561,38,413,670,565,569,263,0,0,0,984,799,379,0,0,0,0,aro,cross_leg_left,1
1516,1786866497.953595,795,871,939,1115,888,867,709,875,754,425,617,658,727,533,260,567,38,413,669,567,563,264,0,0,0,986,797,383,0,0,0,0,aro,cross_leg_left,1
1517,1786866497.973653,797,872,939,1115,887,868,711,875,751,425,619,659,739,536,263,565,37,414,670,567,564,263,0,0,0,984,797,383,0,0,0,0,aro,cross_leg_left,1
1518,1786866497.993609,796,872,934,1117,889,867,710,875,753,423,619,676,731,535,269,565,38,413,671,565,566,264,0,0,0,985,798,381,0,0,0,0,aro,cross_leg_left,1
1519,1786866498.013617,797,874,937,1113,883,867,709,875,754,424,619,664,731,535,262,567,37,413,674,565,566,268,0,0,0,985,799,380,0,0,0,0,aro,cross_leg_left,1
1520,1786866498.033650,796,875,937,1117,903,867,711,875,755,424,617,661,731,535,265,565,37,407,665,563,565,263,0,0,0,983,797,382,0,0,0,0,aro,cross_leg_left,1
1521,1786866498.053618,795,874,947,1113,883,867,710,877,752,425,617,661,730,535,264,564,37,413,668,559,569,263,0,0,0,985,798,381,0,0,0,0,aro,cross_leg_left,1
1522,1786866498.073675,795,877,940,1112,889,867,710,874,751,425,621,661,730,535,275,564,37,414,668,567,569,267,0,0,0,985,797,381,0,0,0,0,aro,cross_leg_left,1
1523,1786866498.093648,795,875,923,1115,888,867,709,875,751,425,617,663,730,531,261,567,37,411,667,568,565,264,0,0,0,983,799,381,0,0,0,0,aro,cross_leg_left,1
1524,1786866498.113660,795,874,939,1113,892,869,710,877,751,424,621,662,730,533,253,567,38,414,660,565,567,264,0,0,0,984,799,379,0,0,0,0,aro,cross_leg_left,1
1525,1786866498.133713,795,876,937,1115,888,867,710,873,751,425,621,661,731,534,261,563,37,413,675,565,565,263,0,0,0,985,797,389,0,0,0,0,aro,cross_leg_left,1
1526,1786866498.153779,797,877,923,1113,887,866,709,877,755,427,620,663,730,534,263,565,37,413,677,567,564,263,0,0,0,985,799,381,0,0,0,0,aro,cross_leg_left,1
1527,1786866498.173703,797,872,937,1115,892,867,709,877,751,426,618,662,731,534,263,567,37,413,668,567,567,265,0,0,0,985,799,379,0,0,0,0,aro,cross_leg_left,1
1528,1786866498.193682,797,874,935,1115,891,868,711,877,751,423,622,661,729,533,254,562,37,413,655,563,569,264,0,0,0,985,798,383,0,0,0,0,aro,cross_leg_left,1
1529,1786866498.213717,795,876,938,1113,887,869,711,871,751,425,621,663,729,535,264,564,39,413,663,565,566,264,0,0,0,985,797,393,0,0,0,0,aro,cross_leg_left,1
1530,1786866498.233701,795,875,937,1117,886,869,712,879,751,424,625,661,731,533,262,567,39,413,666,567,564,264,0,0,0,987,799,374,0,0,0,0,aro,cross_leg_left,1
1531,1786866498.253606,796,877,939,1117,887,869,711,879,755,424,621,660,731,535,262,562,39,413,662,565,568,264,0,0,0,985,797,380,0,0,0,0,aro,cross_leg_left,1
1532,1786866498.273642,796,867,940,1117,889,867,709,876,756,425,643,661,732,533,266,559,39,413,669,565,567,264,0,0,0,986,799,408,0,0,0,0,aro,cross_leg_left,1
1533,1786866498.293657,795,871,939,1117,888,867,717,867,755,425,619,659,728,533,262,565,37,413,669,567,567,263,0,0,0,985,793,383,0,0,0,0,aro,cross_leg_left,1
1534,1786866498.313640,795,869,936,1117,889,863,709,875,755,423,613,661,730,533,262,567,36,413,665,559,569,263,0,0,0,984,797,367,0,0,0,0,aro,cross_leg_left,1
1535,1786866498.333615,795,883,939,1118,887,869,710,877,751,424,623,661,730,535,255,563,37,414,668,565,557,264,0,0,0,985,798,365,0,0,0,0,aro,cross_leg_left,1
1536,1786866498.353651,796,875,941,1116,889,867,709,875,751,423,627,659,729,534,261,567,38,414,669,557,567,265,0,0,0,985,805,383,0,0,0,0,aro,cross_leg_left,1
1537,1786866498.373658,796,871,939,1113,887,868,709,885,751,425,619,663,730,535,255,565,37,414,667,567,568,263,0,0,0,984,799,393,0,0,0,0,aro,cross_leg_left,1
1538,1786866498.393632,795,884,939,1115,889,867,709,883,751,425,621,661,731,535,256,563,39,413,667,567,565,263,0,0,0,985,797,381,0,0,0,0,aro,cross_leg_left,1
1539,1786866498.413752,795,871,940,1116,885,867,711,873,751,423,619,661,730,535,254,561,37,411,667,564,562,252,0,0,0,989,797,367,0,0,0,0,aro,cross_leg_left,1
1540,1786866498.433623,796,885,938,1115,890,867,709,875,755,422,639,661,731,532,253,567,39,413,679,563,569,263,0,0,0,985,799,381,0,0,0,0,aro,cross_leg_left,1
1541,1786866498.453617,796,877,941,1117,888,867,709,877,751,424,607,661,729,535,255,563,37,415,667,559,560,263,0,0,0,985,798,391,0,0,0,0,aro,cross_leg_left,1
1542,1786866498.473666,795,875,938,1115,887,867,709,876,751,423,621,660,731,534,261,565,37,415,665,565,566,261,0,0,0,983,814,383,0,0,0,0,aro,cross_leg_left,1
1543,1786866498.493691,795,875,945,1116,883,866,703,875,754,425,623,661,730,535,269,565,37,413,667,564,564,263,0,0,0,989,799,381,0,0,0,0,aro,cross_leg_left,1
1544,1786866498.513656,795,874,938,1117,885,871,709,876,755,427,619,661,731,535,274,563,39,413,667,557,565,263,0,0,0,985,797,381,0,0,0,0,aro,cross_leg_left,1
1545,1786866498.533650,797,875,938,1116,889,867,710,877,755,426,621,662,730,534,255,573,38,415,667,567,564,263,0,0,0,987,797,382,0,0,0,0,aro,cross_leg_left,1
1546,1786866498.553664,796,872,937,1115,888,875,711,875,751,427,621,662,731,535,261,564,39,415,670,565,568,264,0,0,0,986,798,377,0,0,0,0,aro,cross_leg_left,1
1547,1786866498.573651,797,875,937,1116,889,867,711,877,747,426,619,665,731,535,261,567,37,413,667,572,567,264,0,0,0,987,797,381,0,0,0,0,aro,cross_leg_left,1
1548,1786866498.592937,796,875,943,1117,890,853,709,875,751,425,617,663,731,535,255,562,37,413,667,551,565,265,0,0,0,985,799,384,0,0,0,0,aro,cross_leg_left,1
1549,1786866498.613714,797,875,939,1118,889,867,709,880,751,426,623,661,731,535,255,559,37,413,667,556,565,263,0,0,0,985,798,381,0,0,0,0,aro,cross_leg_left,1
1550,1786866498.633686,797,874,938,1116,887,875,703,875,751,422,619,659,731,534,261,565,37,413,667,563,567,265,0,0,0,988,809,383,0,0,0,0,aro,cross_leg_left,1
1551,1786866498.653640,795,875,936,1122,885,866,709,876,755,425,621,661,730,535,264,575,37,415,667,565,566,263,0,0,0,985,797,389,0,0,0,0,aro,cross_leg_left,1
1552,1786866498.672979,795,875,927,1115,889,865,709,875,763,423,617,661,731,537,265,565,39,413,667,559,565,264,0,0,0,985,799,383,0,0,0,0,aro,cross_leg_left,1
1553,1786866498.693725,795,875,927,1116,885,867,711,875,747,424,625,661,737,535,263,563,37,407,665,565,565,265,0,0,0,980,799,382,0,0,0,0,aro,cross_leg_left,1
1554,1786866498.713684,795,875,943,1115,887,861,709,876,761,425,615,662,730,535,253,565,38,413,667,569,567,264,0,0,0,985,797,391,0,0,0,0,aro,cross_leg_left,1
1555,1786866498.733642,795,874,946,1117,889,867,710,875,751,426,617,660,731,535,267,565,37,413,667,565,567,265,0,0,0,985,799,383,0,0,0,0,aro,cross_leg_left,1
1556,1786866498.753645,795,875,938,1119,887,863,711,873,751,430,620,655,729,534,263,566,37,413,675,567,569,251,0,0,0,989,799,383,0,0,0,0,aro,cross_leg_left,1
1557,1786866498.773689,795,874,939,1115,885,862,710,876,756,425,615,660,731,535,261,565,37,414,667,565,566,266,0,0,0,986,799,379,0,0,0,0,aro,cross_leg_left,1
1558,1786866498.793643,795,875,935,1115,889,866,710,877,757,424,619,662,729,535,254,565,39,413,669,571,565,266,0,0,0,985,798,381,0,0,0,0,aro,cross_leg_left,1
1559,1786866498.813692,796,874,941,1115,889,868,710,875,747,428,620,661,731,534,264,565,39,415,669,568,565,265,0,0,0,985,797,381,0,0,0,0,aro,cross_leg_left,1
1560,1786866498.833597,796,875,939,1119,887,866,711,877,765,424,624,660,743,535,263,559,39,414,668,567,568,264,0,0,0,987,799,389,0,0,0,0,aro,cross_leg_left,1
1561,1786866498.853606,795,875,931,1115,889,869,711,875,755,425,615,661,731,533,269,564,37,413,668,567,565,265,0,0,0,985,799,383,0,0,0,0,aro,cross_leg_left,1
1562,1786866498.873174,795,873,937,1113,885,869,703,875,755,427,619,659,729,534,279,564,37,412,666,575,565,265,0,0,0,986,799,384,0,0,0,0,aro,cross_leg_left,1
1563,1786866498.892650,795,875,939,1113,879,863,711,877,749,425,621,663,731,535,236,565,38,413,668,564,566,265,0,0,0,991,799,383,0,0,0,0,aro,cross_leg_left,1
1564,1786866498.913620,795,875,947,1115,889,868,709,875,758,427,626,661,729,536,256,565,37,413,667,571,564,265,0,0,0,985,797,392,0,0,0,0,aro,cross_leg_left,1
1565,1786866498.932919,797,875,939,1115,892,869,709,877,755,427,621,663,731,537,261,564,37,413,667,565,565,265,0,0,0,985,799,395,0,0,0,0,aro,cross_leg_left,1
1566,1786866498.953643,795,874,938,1115,887,869,709,877,751,426,619,662,731,537,264,565,37,413,671,565,567,265,0,0,0,984,796,381,0,0,0,0,aro,cross_leg_left,1
1567,1786866498.973621,797,875,939,1115,888,869,711,877,751,428,623,661,731,535,262,565,37,414,667,575,567,267,0,0,0,987,798,391,0,0,0,0,aro,cross_leg_left,1
1568,1786866498.993618,797,873,939,1115,889,867,710,877,751,424,605,661,731,535,263,564,38,412,667,567,567,267,0,0,0,985,799,390,0,0,0,0,aro,cross_leg_left,1
1569,1786866499.013651,795,874,939,1115,887,868,709,877,757,431,621,661,731,535,261,565,37,412,661,564,566,267,0,0,0,986,797,395,0,0,0,0,aro,cross_leg_left,1
1570,1786866499.033604,797,875,938,1114,887,853,709,877,755,427,620,664,732,533,265,563,37,413,667,583,565,267,0,0,0,986,798,383,0,0,0,0,aro,cross_leg_left,1
1571,1786866499.053739,795,875,937,1116,893,869,711,876,751,427,619,661,730,531,261,563,37,413,667,565,565,266,0,0,0,986,799,377,0,0,0,0,aro,cross_leg_left,1
1572,1786866499.073734,795,875,937,1115,894,869,709,876,755,425,620,662,730,533,261,565,38,413,667,557,566,266,0,0,0,987,799,397,0,0,0,0,aro,cross_leg_left,1
1573,1786866499.093654,796,875,939,1117,889,867,711,875,755,425,627,671,731,535,261,565,37,412,667,566,566,266,0,0,0,985,799,391,0,0,0,0,aro,cross_leg_left,1
1574,1786866499.113661,797,877,938,1116,890,867,710,875,751,427,619,661,731,535,262,564,37,413,668,565,567,265,0,0,0,985,796,382,0,0,0,0,aro,cross_leg_left,1
1575,1786866499.133078,795,874,938,1115,887,867,715,875,750,420,617,661,731,535,263,565,39,413,667,565,567,264,0,0,0,985,797,390,0,0,0,0,aro,cross_leg_left,1
1576,1786866499.152825,796,875,938,1117,888,867,709,884,749,427,622,664,731,532,263,565,37,413,667,564,566,265,0,0,0,985,797,389,0,0,0,0,aro,cross_leg_left,1
1577,1786866499.173019,797,875,937,1115,889,869,711,875,757,427,619,663,731,535,263,563,39,413,667,565,566,265,0,0,0,986,799,403,0,0,0,0,aro,cross_leg_left,1
1578,1786866499.193743,797,875,939,1115,887,865,709,874,751,424,619,663,731,536,263,563,37,411,669,565,566,270,0,0,0,983,796,384,0,0,0,0,aro,cross_leg_left,1
1579,1786866499.213834,795,875,938,1115,887,865,703,877,755,428,621,661,731,533,263,565,37,414,663,565,567,265,0,0,0,985,798,389,0,0,0,0,aro,cross_leg_left,1
1580,1786866499.233380,795,874,939,1116,888,867,709,877,755,427,619,662,731,535,262,564,38,413,667,564,566,265,0,0,0,985,797,371,0,0,0,0,aro,cross_leg_left,1
1581,1786866499.253626,797,875,939,1115,889,867,711,875,749,431,619,661,731,533,263,564,37,413,667,565,566,267,0,0,0,986,797,381,0,0,0,0,aro,cross_leg_left,1
1582,1786866499.273684,795,874,937,1115,888,867,709,875,755,423,620,661,732,537,263,565,37,413,667,565,566,263,0,0,0,987,798,383,0,0,0,0,aro,cross_leg_left,1
1583,1786866499.293671,795,874,939,1116,887,867,710,875,755,427,619,661,729,535,263,565,37,413,667,563,563,265,0,0,0,986,798,391,0,0,0,0,aro,cross_leg_left,1
1584,1786866499.313675,795,875,937,1115,888,873,711,876,755,421,619,661,730,533,263,565,37,413,665,565,565,262,0,0,0,985,800,383,0,0,0,0,aro,cross_leg_left,1
1585,1786866499.332754,795,875,939,1117,887,867,710,877,748,426,619,661,731,536,263,564,38,413,667,565,566,265,0,0,0,986,799,384,0,0,0,0,aro,cross_leg_left,1
1586,1786866499.352701,795,873,939,1115,888,866,710,877,755,427,619,662,731,537,260,563,37,413,667,565,566,265,0,0,0,986,797,389,0,0,0,0,aro,cross_leg_left,1
1587,1786866499.373152,795,875,937,1115,887,869,709,875,753,423,615,662,731,536,263,565,37,413,667,565,566,265,0,0,0,987,798,390,0,0,0,0,aro,cross_leg_left,1
1588,1786866499.393547,797,875,939,1117,887,861,711,875,764,425,619,661,731,535,263,563,37,412,667,567,565,265,0,0,0,985,797,384,0,0,0,0,aro,cross_leg_left,1
1589,1786866499.413477,797,875,939,1115,887,857,709,874,748,427,619,663,731,533,262,564,38,413,665,565,567,264,0,0,0,986,797,383,0,0,0,0,aro,cross_leg_left,1
1590,1786866499.433820,796,875,939,1117,889,863,711,875,761,424,620,661,731,534,261,564,37,413,667,565,566,263,0,0,0,985,799,383,0,0,0,0,aro,cross_leg_left,1
1591,1786866499.453632,795,875,937,1115,888,866,711,876,755,421,620,662,731,536,262,565,37,414,667,565,565,267,0,0,0,985,798,389,0,0,0,0,aro,cross_leg_left,1
1592,1786866499.473050,797,875,937,1117,887,858,710,875,757,425,619,661,733,533,263,563,37,413,667,565,567,265,0,0,0,987,798,389,0,0,0,0,aro,cross_leg_left,1
1593,1786866499.493639,795,875,938,1115,889,867,711,876,751,424,621,663,731,535,261,565,37,413,667,566,565,265,0,0,0,985,798,396,0,0,0,0,aro,cross_leg_left,1
1594,1786866499.513613,796,873,937,1115,888,866,710,875,765,424,621,661,729,533,261,565,37,415,667,565,566,266,0,0,0,985,799,383,0,0,0,0,aro,cross_leg_left,1
1595,1786866499.533657,795,874,937,1115,887,867,709,875,751,424,621,663,731,535,262,563,37,415,667,565,565,265,0,0,0,986,795,391,0,0,0,0,aro,cross_leg_left,1
1596,1786866499.553835,795,875,938,1115,887,867,710,874,755,423,620,661,729,535,263,565,36,413,666,565,566,265,0,0,0,985,798,381,0,0,0,0,aro,cross_leg_left,1
1597,1786866499.573667,794,874,938,1116,887,867,711,877,751,423,619,663,732,536,263,565,37,412,667,565,566,265,0,0,0,984,803,384,0,0,0,0,aro,cross_leg_left,1
1598,1786866499.593698,794,872,936,1116,885,866,704,875,750,415,619,659,728,531,263,559,35,415,666,563,567,261,0,0,0,986,795,383,0,0,0,0,aro,cross_leg_left,1
1599,1786866499.613642,796,875,938,1115,889,867,709,876,751,419,620,659,729,531,261,564,37,413,665,565,565,265,0,0,0,985,795,389,0,0,0,0,aro,cross_leg_left,1
1600,1786866499.633612,796,875,939,1117,887,865,709,876,751,415,621,661,727,535,262,565,38,415,665,565,567,264,0,0,0,985,798,381,0,0,0,0,aro,cross_leg_left,1
1601,1786866499.653653,795,871,938,1113,886,862,703,877,751,415,621,655,729,533,261,564,38,413,666,565,566,265,0,0,0,985,797,391,0,0,0,0,aro,cross_leg_left,1
1602,1786866499.673667,797,874,939,1117,889,867,709,876,755,415,620,659,728,537,263,565,37,411,667,565,567,265,0,0,0,985,803,384,0,0,0,0,aro,cross_leg_left,1
1603,1786866499.692907,795,874,939,1117,887,867,709,875,751,414,619,661,731,535,244,566,37,415,667,565,565,266,0,0,0,986,797,381,0,0,0,0,aro,cross_leg_left,1
1604,1786866499.713650,795,875,937,1115,887,867,710,877,751,414,619,662,731,533,262,563,37,415,667,564,566,263,0,0,0,985,796,383,0,0,0,0,aro,cross_leg_left,1
1605,1786866499.733658,796,873,939,1117,887,867,709,876,755,415,620,661,731,536,262,563,39,415,667,566,566,267,0,0,0,986,799,389,0,0,0,0,aro,cross_leg_left,1
1606,1786866499.753635,797,875,939,1117,887,867,710,875,751,414,619,662,729,533,264,565,38,415,667,564,567,263,0,0,0,987,799,389,0,0,0,0,aro,cross_leg_left,1
1607,1786866499.773628,796,875,939,1115,889,867,709,876,751,415,619,661,731,529,264,564,37,415,667,565,565,267,0,0,0,985,797,389,0,0,0,0,aro,cross_leg_left,1
1608,1786866499.792990,795,873,939,1116,888,869,709,875,755,415,621,661,729,509,263,565,38,414,665,565,566,263,0,0,0,987,799,383,0,0,0,0,aro,cross_leg_left,1
1609,1786866499.813573,797,875,937,1115,889,867,709,875,752,416,620,661,731,535,262,565,37,413,667,564,566,265,0,0,0,987,798,389,0,0,0,0,aro,cross_leg_left,1
1610,1786866499.833597,798,875,937,1117,888,867,711,877,751,418,621,660,732,527,263,564,37,411,667,565,567,266,0,0,0,987,796,391,0,0,0,0,aro,cross_leg_left,1
1611,1786866499.853658,797,874,938,1115,885,867,716,877,751,415,618,661,726,547,255,563,39,413,667,567,559,266,0,0,0,983,794,391,0,0,0,0,aro,cross_leg_left,1
1612,1786866499.873615,795,876,939,1116,889,867,709,876,755,415,620,661,731,529,261,565,37,413,668,565,567,266,0,0,0,987,803,391,0,0,0,0,aro,cross_leg_left,1
1613,1786866499.892637,795,875,939,1117,887,873,711,876,754,415,623,661,730,535,263,565,37,413,668,566,567,266,0,0,0,987,798,391,0,0,0,0,aro,cross_leg_left,1
1614,1786866499.913658,795,872,938,1113,887,867,703,875,750,419,621,660,728,533,261,564,38,412,667,565,566,265,0,0,0,987,797,391,0,0,0,0,aro,cross_leg_left,1
1615,1786866499.933641,795,875,939,1117,887,867,711,875,751,419,619,663,728,533,262,563,37,413,667,565,565,267,0,0,0,983,797,389,0,0,0,0,aro,cross_leg_left,1
1616,1786866499.953582,795,874,939,1116,888,868,710,877,751,419,619,661,731,535,261,565,38,415,668,568,557,267,0,0,0,986,799,377,0,0,0,0,aro,cross_leg_left,1
1617,1786866499.973641,795,877,938,1116,889,867,710,877,751,419,622,661,731,535,261,563,37,412,669,566,567,269,0,0,0,987,799,391,0,0,0,0,aro,cross_leg_left,1
1618,1786866499.993611,797,873,939,1116,887,867,709,877,751,421,619,663,731,535,263,563,37,413,669,565,566,269,0,0,0,987,800,391,0,0,0,0,aro,cross_leg_left,1
1619,1786866500.013661,795,874,939,1116,889,867,711,875,753,419,620,661,731,541,261,563,37,413,667,565,565,268,0,0,0,985,799,391,0,0,0,0,aro,cross_leg_left,1
1620,1786866500.033603,796,873,939,1116,888,867,709,877,751,420,621,663,728,531,261,564,39,415,667,565,567,269,0,0,0,983,805,390,0,0,0,0,aro,cross_leg_left,1
1621,1786866500.053654,798,874,938,1116,888,867,709,877,752,420,620,658,729,533,262,565,37,415,669,565,566,267,0,0,0,987,804,391,0,0,0,0,aro,cross_leg_left,1
1622,1786866500.073656,797,874,937,1115,889,866,711,877,751,419,620,659,733,535,263,563,37,413,667,564,567,268,0,0,0,984,797,391,0,0,0,0,aro,cross_leg_left,1
1623,1786866500.093630,795,873,937,1115,888,868,709,877,751,420,617,661,731,534,262,563,38,412,669,565,569,267,0,0,0,985,804,392,0,0,0,0,aro,cross_leg_left,1
1624,1786866500.113667,797,876,939,1116,888,867,711,875,753,421,620,664,730,534,261,565,37,412,667,564,567,266,0,0,0,987,804,391,0,0,0,0,aro,cross_leg_left,1
1625,1786866500.133664,795,875,939,1118,889,867,709,877,755,421,619,659,731,536,263,563,37,412,665,567,567,268,0,0,0,987,796,391,0,0,0,0,aro,cross_leg_left,1
1626,1786866500.153655,797,874,938,1116,888,867,709,876,751,421,619,663,729,533,263,565,37,415,666,567,567,270,0,0,0,984,798,381,0,0,0,0,aro,cross_leg_left,1
1627,1786866500.173200,797,875,937,1116,888,861,709,874,751,423,621,661,731,532,263,564,36,415,669,563,567,267,0,0,0,987,822,392,0,0,0,0,aro,cross_leg_left,1
1628,1786866500.192928,797,876,938,1115,888,867,710,875,751,421,620,661,731,536,261,565,37,413,668,565,564,267,0,0,0,990,802,393,0,0,0,0,aro,cross_leg_left,1
1629,1786866500.213686,795,877,938,1117,888,867,709,876,751,420,619,663,731,533,261,564,37,418,667,565,567,271,0,0,0,987,799,392,0,0,0,0,aro,cross_leg_left,1
1630,1786866500.233650,797,875,938,1115,889,867,711,875,751,420,620,664,730,535,261,565,37,413,667,565,565,271,0,0,0,987,803,392,0,0,0,0,aro,cross_leg_left,1
1631,1786866500.253645,796,875,938,1117,887,868,709,875,754,421,620,663,731,535,263,565,37,414,669,565,565,269,0,0,0,985,795,393,0,0,0,0,aro,cross_leg_left,1
1632,1786866500.273596,797,873,939,1116,889,867,709,875,754,421,620,662,731,536,261,565,37,413,667,566,567,269,0,0,0,987,795,391,0,0,0,0,aro,cross_leg_left,1
1633,1786866500.293596,799,875,939,1117,889,867,710,876,754,419,621,661,729,535,263,565,38,413,667,563,567,269,0,0,0,987,794,394,0,0,0,0,aro,cross_leg_left,1
1634,1786866500.313652,796,877,939,1117,889,867,709,877,755,419,619,659,733,536,255,563,39,415,668,565,563,267,0,0,0,989,799,393,0,0,0,0,aro,cross_leg_left,1
1635,1786866500.333635,795,873,937,1115,888,867,711,875,755,419,619,659,733,533,261,563,38,415,667,564,564,270,0,0,0,989,803,393,0,0,0,0,aro,cross_leg_left,1
1636,1786866500.353612,795,874,939,1117,889,867,710,875,755,419,621,662,731,534,262,564,37,415,667,565,565,271,0,0,0,985,797,393,0,0,0,0,aro,cross_leg_left,1
1637,1786866500.372802,795,874,943,1115,888,866,712,872,751,416,623,659,731,532,262,557,39,409,666,567,568,270,0,0,0,988,795,393,0,0,0,0,aro,cross_leg_left,1
1638,1786866500.392808,797,875,937,1117,889,868,711,876,751,419,619,663,732,539,261,565,37,419,667,565,563,267,0,0,0,988,795,394,0,0,0,0,aro,cross_leg_left,1
1639,1786866500.412727,797,875,936,1115,889,868,711,876,753,415,621,663,733,537,261,564,37,421,665,566,565,274,0,0,0,987,797,393,0,0,0,0,aro,cross_leg_left,1
1640,1786866500.432809,797,875,937,1117,888,861,709,875,751,421,620,663,733,533,261,559,38,412,667,555,564,269,0,0,0,987,804,392,0,0,0,0,aro,cross_leg_left,1
1641,1786866500.453008,798,875,939,1116,887,866,710,877,751,420,620,661,733,532,263,565,39,413,668,565,563,263,0,0,0,987,797,391,0,0,0,0,aro,cross_leg_left,1
1642,1786866500.473448,795,875,941,1123,889,869,709,874,751,429,612,661,731,533,263,563,37,414,668,567,563,269,0,0,0,985,798,391,0,0,0,0,aro,cross_leg_left,1
1643,1786866500.493698,811,873,939,1117,886,867,711,875,751,421,620,662,727,537,263,567,37,415,667,567,563,274,0,0,0,985,809,396,0,0,0,0,aro,cross_leg_left,1
1644,1786866500.513868,797,875,937,1117,888,867,710,875,753,421,621,671,727,539,261,565,37,411,669,563,565,270,0,0,0,989,796,392,0,0,0,0,aro,cross_leg_left,1
1645,1786866500.532630,795,874,938,1115,887,867,709,876,751,421,618,663,729,541,261,563,37,415,667,565,565,267,0,0,0,986,803,391,0,0,0,0,aro,cross_leg_left,1
1646,1786866500.553296,795,875,936,1116,888,867,711,875,755,422,619,664,725,535,259,565,37,413,668,564,567,250,0,0,0,987,799,393,0,0,0,0,aro,cross_leg_left,1
1647,1786866500.572841,795,874,939,1117,886,867,710,877,755,423,625,659,729,544,263,566,38,413,667,564,563,275,0,0,0,983,794,394,0,0,0,0,aro,cross_leg_left,1
1648,1786866500.593369,797,875,936,1116,887,867,711,877,754,422,619,667,729,535,261,565,37,413,667,567,565,267,0,0,0,988,799,393,0,0,0,0,aro,cross_leg_left,1
1649,1786866500.613415,795,874,938,1115,887,867,710,875,754,423,620,659,731,535,263,565,37,411,669,566,567,269,0,0,0,987,799,393,0,0,0,0,aro,cross_leg_left,1
1650,1786866500.633102,795,877,939,1115,887,867,710,877,751,419,621,663,733,535,262,565,37,415,667,563,568,267,0,0,0,987,797,395,0,0,0,0,aro,cross_leg_left,1
1651,1786866500.653611,797,875,937,1117,887,867,710,875,751,419,619,662,725,541,261,565,38,411,668,567,565,276,0,0,0,986,807,391,0,0,0,0,aro,cross_leg_left,1
1652,1786866500.673633,796,876,939,1117,889,867,709,877,751,419,620,661,732,535,261,563,37,411,665,567,567,268,0,0,0,987,799,393,0,0,0,0,aro,cross_leg_left,1
1653,1786866500.693656,805,874,937,1116,889,868,711,877,755,419,617,659,731,541,262,563,38,425,669,565,566,270,0,0,0,989,799,395,0,0,0,0,aro,cross_leg_left,1
1654,1786866500.713190,799,875,939,1118,889,866,711,875,755,419,621,665,734,523,262,559,39,412,674,563,567,267,0,0,0,983,803,393,0,0,0,0,aro,cross_leg_left,1
1655,1786866500.733696,799,877,937,1111,891,868,709,877,750,419,619,661,731,533,262,559,39,415,667,566,565,269,0,0,0,986,799,392,0,0,0,0,aro,cross_leg_left,1
1656,1786866500.753625,804,871,941,1115,889,868,711,875,752,415,619,665,727,525,262,565,38,413,672,563,565,269,0,0,0,988,798,393,0,0,0,0,aro,cross_leg_left,1
1657,1786866500.773671,795,877,939,1117,888,869,711,875,751,414,619,663,728,535,261,563,39,414,667,567,566,273,0,0,0,987,797,393,0,0,0,0,aro,cross_leg_left,1
1658,1786866500.793592,791,873,938,1117,888,868,710,877,754,413,619,666,733,534,263,565,38,413,667,566,563,273,0,0,0,988,805,391,0,0,0,0,aro,cross_leg_left,1
1659,1786866500.813661,799,872,939,1122,893,868,711,875,751,415,621,663,728,531,261,564,37,415,666,567,565,268,0,0,0,987,799,393,0,0,0,0,aro,cross_leg_left,1
1660,1786866500.833656,799,879,937,1117,887,866,711,874,755,414,619,659,732,535,263,566,39,413,679,563,567,269,0,0,0,984,797,393,0,0,0,0,aro,cross_leg_left,1
1661,1786866500.853599,805,874,937,1117,889,868,710,878,755,414,620,663,733,552,263,563,38,414,666,565,567,270,0,0,0,987,791,391,0,0,0,0,aro,cross_leg_left,1
1662,1786866500.873634,795,872,937,1116,889,867,709,875,751,413,621,662,731,535,263,562,37,414,667,568,567,269,0,0,0,985,797,394,0,0,0,0,aro,cross_leg_left,1
1663,1786866500.892703,800,877,938,1117,887,867,711,875,751,415,621,659,733,536,262,563,37,413,669,566,563,267,0,0,0,987,809,392,0,0,0,0,aro,cross_leg_left,1
1664,1786866500.913624,791,876,936,1113,889,868,711,875,755,415,622,666,727,535,263,565,39,415,670,563,564,272,0,0,0,989,816,393,0,0,0,0,aro,cross_leg_left,1
1665,1786866500.933787,799,877,940,1117,890,867,710,874,750,415,617,662,728,535,263,567,38,415,667,565,565,256,0,0,0,987,796,392,0,0,0,0,aro,cross_leg_left,1
1666,1786866500.953678,792,875,939,1117,888,867,711,877,754,415,619,665,726,535,262,566,37,419,669,565,565,269,0,0,0,985,787,393,0,0,0,0,aro,cross_leg_left,1
1667,1786866500.972977,797,859,936,1117,887,865,710,871,751,415,619,655,734,535,264,562,39,415,665,565,551,281,0,0,0,988,793,394,0,0,0,0,aro,cross_leg_left,1
1668,1786866500.993789,794,874,941,1117,888,868,711,876,751,416,617,663,728,530,263,565,37,414,668,565,574,275,0,0,0,984,798,392,0,0,0,0,aro,cross_leg_left,1
1669,1786866501.013680,795,876,936,1115,887,863,709,875,749,415,621,660,732,533,263,559,38,415,670,567,565,269,0,0,0,987,800,393,0,0,0,0,aro,cross_leg_left,1
1670,1786866501.033702,797,875,939,1117,889,868,710,876,751,414,618,661,731,535,263,563,37,415,669,563,565,269,0,0,0,984,799,391,0,0,0,0,aro,cross_leg_left,1
1671,1786866501.053598,794,875,937,1117,890,868,711,876,752,416,621,662,731,536,263,567,37,412,669,565,566,271,0,0,0,985,787,393,0,0,0,0,aro,cross_leg_left,1
1672,1786866501.073741,796,876,936,1119,889,866,709,874,751,415,619,663,731,535,263,563,37,414,667,565,563,269,0,0,0,985,804,395,0,0,0,0,aro,cross_leg_left,1
1673,1786866501.093656,799,879,937,1117,888,867,711,878,751,420,620,658,727,534,261,563,37,414,668,563,566,281,0,0,0,987,799,393,0,0,0,0,aro,cross_leg_left,1
1674,1786866501.113629,795,877,936,1116,889,867,711,877,754,419,619,660,730,533,261,564,37,416,668,563,547,271,0,0,0,983,799,395,0,0,0,0,aro,cross_leg_left,1
1675,1786866501.133517,794,873,939,1117,887,863,711,875,755,415,621,665,731,533,261,562,39,412,665,564,571,269,0,0,0,989,795,392,0,0,0,0,aro,cross_leg_left,1
1676,1786866501.153677,797,875,937,1117,887,867,712,875,755,419,619,657,744,535,261,565,37,415,669,563,571,275,0,0,0,985,798,395,0,0,0,0,aro,cross_leg_left,1
1677,1786866501.173650,795,873,940,1113,891,867,711,878,755,416,619,657,745,535,255,561,38,413,668,567,563,267,0,0,0,987,799,391,0,0,0,0,aro,cross_leg_left,1
1678,1786866501.193632,798,877,939,1118,886,867,711,877,755,421,619,663,731,533,264,569,37,415,665,565,569,273,0,0,0,987,787,393,0,0,0,0,aro,cross_leg_left,1
1679,1786866501.213671,799,872,939,1116,889,869,711,877,751,421,622,655,727,535,263,563,37,414,664,566,563,267,0,0,0,995,798,397,0,0,0,0,aro,cross_leg_left,1
1680,1786866501.233732,796,871,939,1115,889,867,703,877,755,423,621,659,733,535,264,569,37,411,667,547,565,273,0,0,0,985,799,395,0,0,0,0,aro,cross_leg_left,1
1681,1786866501.253622,795,875,939,1115,889,869,711,876,755,423,619,665,733,533,263,565,38,412,667,579,567,265,0,0,0,989,808,393,0,0,0,0,aro,cross_leg_left,1
1682,1786866501.273674,797,877,936,1115,889,867,709,879,751,423,621,664,715,535,261,557,38,415,669,567,584,275,0,0,0,983,799,395,0,0,0,0,aro,cross_leg_left,1
1683,1786866501.293642,796,875,943,1117,889,867,709,876,755,423,617,647,731,535,237,563,37,421,668,567,566,273,0,0,0,989,799,395,0,0,0,0,aro,cross_leg_left,1
1684,1786866501.313599,794,875,939,1123,887,867,709,875,751,421,621,664,731,534,261,563,37,419,665,565,565,263,0,0,0,985,797,391,0,0,0,0,aro,cross_leg_left,1
1685,1786866501.333645,795,875,935,1117,891,867,703,877,751,423,619,662,730,535,262,555,37,413,669,563,563,271,0,0,0,991,797,394,0,0,0,0,aro,cross_leg_left,1
1686,1786866501.353650,795,875,936,1116,889,867,709,874,755,423,623,659,727,535,263,557,37,416,669,563,565,275,0,0,0,971,799,395,0,0,0,0,aro,cross_leg_left,1
1687,1786866501.373656,797,875,938,1117,889,868,711,877,752,425,619,655,729,535,263,557,38,419,666,564,571,269,0,0,0,987,799,393,0,0,0,0,aro,cross_leg_left,1
1688,1786866501.393623,795,873,939,1117,887,868,709,877,751,424,619,661,741,533,261,568,37,411,665,567,566,274,0,0,0,987,797,393,0,0,0,0,aro,cross_leg_left,1
1689,1786866501.413680,797,873,936,1115,885,867,711,875,755,424,623,647,729,535,262,575,37,415,671,565,557,274,0,0,0,997,799,395,0,0,0,0,aro,cross_leg_left,1
1690,1786866501.433634,795,873,937,1114,887,867,711,877,751,424,617,659,718,535,255,567,37,413,670,566,567,274,0,0,0,987,799,391,0,0,0,0,aro,cross_leg_left,1
1691,1786866501.453601,795,875,938,1115,888,867,711,875,755,425,613,660,727,527,263,563,37,414,655,566,563,273,0,0,0,987,793,390,0,0,0,0,aro,cross_leg_left,1
1692,1786866501.473629,798,875,937,1115,887,867,709,879,751,424,619,663,732,535,263,563,39,411,665,563,565,274,0,0,0,987,799,393,0,0,0,0,aro,cross_leg_left,1
1693,1786866501.493607,795,874,936,1110,889,867,710,877,756,412,618,661,729,535,260,557,37,413,668,563,557,274,0,0,0,987,799,393,0,0,0,0,aro,cross_leg_left,1
1694,1786866501.513611,791,875,938,1115,888,863,711,877,751,425,622,663,731,532,255,563,37,414,653,566,567,275,0,0,0,984,798,393,0,0,0,0,aro,cross_leg_left,1
1695,1786866501.533649,797,875,939,1115,884,867,711,875,751,426,631,659,727,534,261,564,38,415,667,566,564,274,0,0,0,981,799,393,0,0,0,0,aro,cross_leg_left,1
1696,1786866501.553608,792,874,939,1115,889,867,709,877,755,427,623,663,731,535,246,558,37,411,667,564,568,275,0,0,0,984,799,391,0,0,0,0,aro,cross_leg_left,1
1697,1786866501.573637,786,875,938,1117,888,867,711,875,755,425,623,663,729,535,263,569,39,415,658,566,567,275,0,0,0,984,799,389,0,0,0,0,aro,cross_leg_left,1
1698,1786866501.593530,791,875,941,1115,895,867,711,877,755,424,621,667,731,535,263,568,37,415,666,567,567,275,0,0,0,983,799,395,0,0,0,0,aro,cross_leg_left,1
1699,1786866501.612995,795,877,927,1115,887,867,711,873,751,423,619,653,730,534,261,564,37,415,669,565,567,274,0,0,0,985,797,392,0,0,0,0,aro,cross_leg_left,1
1700,1786866501.632931,795,875,938,1119,888,867,709,877,751,425,619,662,729,533,260,565,36,414,667,565,569,269,0,0,0,987,797,377,0,0,0,0,aro,cross_leg_left,1
1701,1786866501.653623,788,873,937,1117,889,867,711,877,755,425,619,661,730,535,263,567,37,413,677,565,567,275,0,0,0,989,799,395,0,0,0,0,aro,cross_leg_left,1
1702,1786866501.673698,796,873,937,1117,884,867,711,875,752,425,639,661,731,535,263,559,39,415,669,569,567,275,0,0,0,987,799,392,0,0,0,0,aro,cross_leg_left,1
1703,1786866501.693414,797,875,937,1115,888,869,710,878,751,425,616,661,731,535,263,560,39,415,663,567,565,277,0,0,0,984,799,379,0,0,0,0,aro,cross_leg_left,1
1704,1786866501.713550,796,871,940,1115,885,868,717,877,751,423,622,661,730,529,265,567,37,414,668,567,573,275,0,0,0,979,803,394,0,0,0,0,aro,cross_leg_left,1
1705,1786866501.733725,790,874,937,1115,887,867,703,875,751,427,618,662,731,534,262,563,36,409,669,563,569,275,0,0,0,983,799,389,0,0,0,0,aro,cross_leg_left,1
1706,1786866501.753646,797,875,939,1119,890,869,711,876,757,425,619,661,731,535,255,559,37,413,667,566,566,277,0,0,0,986,798,413,0,0,0,0,aro,cross_leg_left,1
1707,1786866501.773709,796,875,937,1113,889,868,711,879,751,427,623,661,728,543,263,567,37,415,664,564,569,275,0,0,0,984,797,393,0,0,0,0,aro,cross_leg_left,1
1708,1786866501.793833,796,875,937,1115,888,863,703,875,755,424,617,664,732,533,263,563,37,415,669,565,565,275,0,0,0,987,808,393,0,0,0,0,aro,cross_leg_left,1
1709,1786866501.812764,796,875,939,1117,885,868,711,877,755,425,646,661,730,535,263,565,36,414,668,563,563,276,0,0,0,985,799,390,0,0,0,0,aro,cross_leg_left,1
1710,1786866501.832866,795,873,935,1116,887,867,711,876,751,426,621,681,727,539,263,559,38,414,651,565,567,275,0,0,0,989,797,393,0,0,0,0,aro,cross_leg_left,1
1711,1786866501.852938,797,873,937,1114,887,867,711,877,756,424,620,663,731,535,267,559,37,417,668,567,586,275,0,0,0,1003,799,392,0,0,0,0,aro,cross_leg_left,1
1712,1786866501.872800,795,879,939,1117,889,865,711,874,755,423,613,662,731,534,263,566,37,415,668,559,567,276,0,0,0,981,799,395,0,0,0,0,aro,cross_leg_left,1
1713,1786866501.893058,795,875,938,1115,887,861,703,877,755,425,620,663,729,533,263,566,37,421,667,565,567,266,0,0,0,987,799,394,0,0,0,0,aro,cross_leg_left,1
1714,1786866501.912959,795,879,937,1116,888,867,711,879,755,431,619,661,731,535,255,567,36,415,667,565,559,275,0,0,0,987,797,391,0,0,0,0,aro,cross_leg_left,1
1715,1786866501.933111,795,875,939,1115,887,869,703,875,754,420,629,661,730,537,261,559,37,415,669,565,568,261,0,0,0,981,798,393,0,0,0,0,aro,cross_leg_left,1
1716,1786866501.953628,797,873,936,1117,891,867,711,875,755,425,621,663,731,535,263,565,37,413,667,563,557,277,0,0,0,994,799,383,0,0,0,0,aro,cross_leg_left,1
1717,1786866501.973665,796,875,938,1125,887,867,709,877,752,421,627,661,731,535,265,571,39,413,667,564,569,275,0,0,0,986,799,395,0,0,0,0,aro,cross_leg_left,1
1718,1786866501.993833,795,875,940,1115,887,867,723,877,755,419,621,661,730,535,262,569,37,414,669,559,567,275,0,0,0,989,799,389,0,0,0,0,aro,cross_leg_left,1
1719,1786866502.013660,795,875,935,1125,891,867,711,877,753,425,619,662,731,535,263,563,37,415,666,567,567,269,0,0,0,983,799,395,0,0,0,0,aro,cross_leg_left,1
1720,1786866502.033670,796,876,936,1113,887,867,703,877,755,427,620,662,730,535,261,575,37,415,669,565,565,275,0,0,0,987,787,393,0,0,0,0,aro,cross_leg_left,1
1721,1786866502.053669,795,875,938,1116,889,867,713,883,751,422,620,662,731,535,262,567,37,414,668,564,572,275,0,0,0,981,799,389,0,0,0,0,aro,cross_leg_left,1
1722,1786866502.073673,795,875,939,1125,886,867,711,876,755,425,616,661,729,535,254,555,38,415,667,557,565,277,0,0,0,985,799,391,0,0,0,0,aro,cross_leg_left,1
1723,1786866502.092909,795,875,949,1117,889,872,709,877,761,425,619,661,733,535,263,564,37,414,668,565,565,275,0,0,0,989,799,391,0,0,0,0,aro,cross_leg_left,1
1724,1786866502.113564,795,875,937,1115,889,867,711,877,754,425,619,662,730,537,263,563,38,417,668,565,565,276,0,0,0,987,799,395,0,0,0,0,aro,cross_leg_left,1
1725,1786866502.133622,795,875,937,1115,895,867,711,877,755,425,620,661,730,532,263,563,38,414,667,565,567,274,0,0,0,987,799,383,0,0,0,0,aro,cross_leg_left,1
1726,1786866502.153639,796,875,939,1119,887,867,711,876,763,423,615,665,735,535,261,563,37,416,667,567,567,275,0,0,0,993,799,393,0,0,0,0,aro,cross_leg_left,1
1727,1786866502.173660,797,875,935,1117,889,868,709,876,752,424,620,663,729,536,270,563,37,415,667,569,566,275,0,0,0,987,799,393,0,0,0,0,aro,cross_leg_left,1
1728,1786866502.193675,796,875,936,1116,888,863,711,876,755,421,617,661,731,537,261,563,37,420,671,566,567,275,0,0,0,987,799,394,0,0,0,0,aro,cross_leg_left,1
1729,1786866502.213641,795,875,943,1115,891,863,709,875,747,425,619,665,733,535,261,567,37,415,669,559,567,275,0,0,0,979,799,395,0,0,0,0,aro,cross_leg_left,1
1730,1786866502.233618,797,874,935,1115,883,862,703,876,755,425,621,662,730,535,267,564,37,413,667,566,567,275,0,0,0,987,799,392,0,0,0,0,aro,cross_leg_left,1
1731,1786866502.253270,796,875,939,1115,888,869,712,876,744,426,620,663,731,535,261,563,37,415,668,569,566,275,0,0,0,988,798,390,0,0,0,0,aro,cross_leg_left,1
1732,1786866502.273693,795,875,939,1113,891,867,709,888,755,424,618,658,745,535,255,559,38,421,665,569,567,277,0,0,0,988,799,389,0,0,0,0,aro,cross_leg_left,1
1733,1786866502.293619,796,875,939,1117,888,869,711,875,751,425,620,661,730,535,269,564,37,415,669,567,567,275,0,0,0,985,799,389,0,0,0,0,aro,cross_leg_left,1
1734,1786866502.313695,795,875,939,1116,888,866,711,875,756,425,618,661,731,535,263,575,37,415,668,560,565,275,0,0,0,988,799,391,0,0,0,0,aro,cross_leg_left,1
1735,1786866502.333121,796,875,938,1117,885,868,711,875,757,427,622,661,731,536,263,564,38,414,661,566,567,275,0,0,0,987,799,393,0,0,0,0,aro,cross_leg_left,1
1736,1786866502.353517,797,873,938,1117,889,866,722,877,750,425,621,661,731,536,255,565,37,415,669,565,565,276,0,0,0,984,799,395,0,0,0,0,aro,cross_leg_left,1
1737,1786866502.373007,797,874,937,1117,887,867,709,875,758,421,613,662,730,535,262,564,38,415,669,565,567,275,0,0,0,987,799,399,0,0,0,0,aro,cross_leg_left,1
1738,1786866502.393379,796,875,937,1117,888,867,711,877,753,423,627,661,731,537,263,565,39,415,671,565,565,275,0,0,0,987,799,379,0,0,0,0,aro,cross_leg_left,1
1739,1786866502.413719,797,875,939,1117,887,869,710,877,751,421,619,661,731,535,261,564,37,415,667,565,567,275,0,0,0,990,799,392,0,0,0,0,aro,cross_leg_left,1
1740,1786866502.433474,796,874,937,1115,889,869,702,877,755,419,627,661,731,535,263,565,37,415,669,566,565,275,0,0,0,987,799,380,0,0,0,0,aro,cross_leg_left,1
1741,1786866502.453676,797,875,939,1115,889,865,703,877,752,423,617,661,729,536,261,565,37,414,669,565,565,274,0,0,0,987,799,397,0,0,0,0,aro,cross_leg_left,1
1742,1786866502.473004,792,873,939,1115,889,867,711,874,755,421,619,659,731,533,261,564,37,413,671,564,568,277,0,0,0,988,804,391,0,0,0,0,aro,cross_leg_left,1
1743,1786866502.493021,797,874,937,1116,889,871,709,875,751,421,619,659,730,537,261,565,37,419,667,567,565,275,0,0,0,986,796,392,0,0,0,0,aro,cross_leg_left,1
1744,1786866502.512746,795,874,937,1117,887,868,712,877,755,421,621,663,731,537,261,565,37,415,668,565,567,276,0,0,0,987,795,375,0,0,0,0,aro,cross_leg_left,1
1745,1786866502.532972,797,875,939,1116,889,868,711,871,751,422,620,649,731,535,262,565,38,415,669,564,566,275,0,0,0,995,799,391,0,0,0,0,aro,cross_leg_left,1
