frame,timestamp,ch0,ch1,ch2,ch3,ch4,ch5,ch6,ch7,ch8,ch9,ch10,ch11,ch12,ch13,ch14,ch15,ch16,ch17,ch18,ch19,ch20,ch21,ch22,ch23,ch24,ch25,ch26,ch27,ch28,ch29,ch30,ch31,person,posture,trial
0,1786867203.380481,0,0,0,0,0,0,0,0,0,0,164,505,500,590,501,587,483,495,573,461,532,485,421,351,87,631,1069,181,42,571,723,110,dahye,lean_forward,1
1,1786867203.381595,0,0,0,0,0,0,0,0,0,0,163,505,504,591,501,588,483,495,571,463,531,482,423,358,83,632,1071,179,44,573,725,109,dahye,lean_forward,1
2,1786867203.382484,0,0,0,0,0,0,0,0,0,0,164,505,503,591,501,587,483,494,573,461,531,483,421,357,79,631,1070,178,47,583,725,106,dahye,lean_forward,1
3,1786867203.383282,0,0,0,0,0,0,0,0,0,0,164,503,502,596,501,587,482,495,569,461,530,479,420,355,77,631,1071,179,41,579,723,110,dahye,lean_forward,1
4,1786867203.384017,0,0,0,0,0,0,0,0,0,0,163,505,501,595,501,585,483,495,569,463,530,483,419,351,83,630,1067,179,42,571,724,107,dahye,lean_forward,1
5,1786867203.384748,0,0,0,0,0,0,0,0,0,0,165,505,503,595,502,589,483,494,567,461,529,479,420,354,83,627,1071,182,39,589,723,107,dahye,lean_forward,1
6,1786867203.385484,0,0,0,0,0,0,0,0,0,0,165,504,504,589,501,587,483,493,569,462,529,482,419,349,63,629,1071,181,43,565,723,107,dahye,lean_forward,1
7,1786867203.386214,0,0,0,0,0,0,0,0,0,0,164,505,501,596,499,588,483,493,567,461,527,478,419,349,79,629,1067,181,43,582,703,103,dahye,lean_forward,1
8,1786867203.386926,0,0,0,0,0,0,0,0,0,0,164,509,491,596,505,587,485,494,569,461,530,477,419,349,83,627,1069,183,43,571,722,107,dahye,lean_forward,1
9,1786867203.387577,0,0,0,0,0,0,0,0,0,0,165,505,503,597,503,588,485,495,569,463,533,488,415,350,77,627,1071,183,45,571,722,105,dahye,lean_forward,1
10,1786867203.388214,0,0,0,0,0,0,0,0,0,0,163,504,504,591,503,589,485,495,570,461,533,483,421,351,84,623,1070,183,45,573,723,106,dahye,lean_forward,1
11,1786867203.388848,0,0,0,0,0,0,0,0,0,0,166,505,483,597,501,589,486,495,571,461,531,483,421,356,79,623,1065,183,43,585,719,109,dahye,lean_forward,1
12,1786867203.389496,0,0,0,0,0,0,0,0,0,0,165,524,503,605,503,588,486,495,568,465,531,485,420,357,83,623,1068,182,41,571,719,109,dahye,lean_forward,1
13,1786867203.390155,0,0,0,0,0,0,0,0,0,0,167,507,505,600,503,590,485,495,573,463,532,485,423,360,83,626,1075,181,46,573,721,108,dahye,lean_forward,1
14,1786867203.390809,0,0,0,0,0,0,0,0,0,0,165,519,508,597,503,591,487,495,571,467,525,485,423,360,79,621,1071,181,59,574,719,113,dahye,lean_forward,1
15,1786867203.391477,0,0,0,0,0,0,0,0,0,0,167,487,505,599,502,594,487,499,572,465,529,479,425,362,84,621,1063,181,45,575,719,107,dahye,lean_forward,1
16,1786867203.392118,0,0,0,0,0,0,0,0,0,0,169,507,507,597,505,590,487,496,573,465,541,485,425,361,78,621,1069,184,55,569,722,109,dahye,lean_forward,1
17,1786867203.392752,0,0,0,0,0,0,0,0,0,0,170,516,506,598,505,595,487,499,573,466,529,483,425,361,83,621,1075,185,43,579,715,110,dahye,lean_forward,1
18,1786867203.393387,0,0,0,0,0,0,0,0,0,0,172,509,518,591,504,594,488,499,575,466,531,488,425,364,83,621,1065,187,45,572,717,107,dahye,lean_forward,1
19,1786867203.394023,0,0,0,0,0,0,0,0,0,0,175,531,505,611,507,591,487,499,574,468,523,487,427,365,75,621,1064,183,47,581,717,105,dahye,lean_forward,1
20,1786867203.394657,0,0,0,0,0,0,0,0,0,0,172,521,505,611,505,596,488,499,575,468,531,484,425,363,75,619,1077,185,47,567,717,106,dahye,lean_forward,1
21,1786867203.395292,0,0,0,0,0,0,0,0,0,0,174,491,511,598,507,595,488,499,575,467,530,491,425,360,81,619,1081,185,45,571,713,103,dahye,lean_forward,1
22,1786867203.395924,0,0,0,0,0,0,0,0,0,0,179,525,506,611,507,596,488,503,575,467,534,484,424,361,75,619,1068,185,43,571,715,100,dahye,lean_forward,1
23,1786867203.396559,0,0,0,0,0,0,0,0,0,0,177,525,507,585,509,597,487,499,579,467,532,479,427,359,74,618,1077,185,43,573,713,100,dahye,lean_forward,1
24,1786867203.397140,0,0,0,0,0,0,0,0,0,0,179,509,521,591,508,597,488,499,573,468,533,480,425,357,81,619,1073,185,43,572,711,105,dahye,lean_forward,1
25,1786867203.397720,0,0,0,0,0,0,0,0,0,0,175,519,509,596,507,599,489,499,575,470,533,483,425,359,79,617,1071,185,55,574,710,97,dahye,lean_forward,1
26,1786867203.398294,0,0,0,0,0,0,0,0,0,0,179,522,507,600,508,595,489,501,575,468,530,487,425,357,81,615,1082,181,56,569,710,101,dahye,lean_forward,1
27,1786867203.399001,0,0,0,0,0,0,0,0,0,0,176,523,518,601,507,597,489,502,581,469,532,483,425,359,79,610,1069,184,42,579,710,95,dahye,lean_forward,1
28,1786867203.399690,0,0,0,0,0,0,0,0,0,0,181,519,518,601,517,597,489,501,566,468,533,484,425,361,75,613,1070,183,46,573,709,93,dahye,lean_forward,1
29,1786867203.400379,0,0,0,0,0,0,0,0,0,0,180,521,517,601,507,598,489,501,579,465,535,490,427,363,80,613,1063,184,47,573,709,93,dahye,lean_forward,1
30,1786867203.400974,0,0,0,0,0,0,0,0,0,0,175,524,510,600,505,599,489,500,581,469,533,483,427,363,76,605,1067,183,42,573,709,99,dahye,lean_forward,1
31,1786867203.401531,0,0,0,0,0,0,0,0,0,0,179,520,519,610,509,599,489,499,582,470,535,488,427,365,79,610,1069,185,43,583,709,89,dahye,lean_forward,1
32,1786867203.402098,0,0,0,0,0,0,0,0,0,0,178,523,509,600,519,601,490,501,581,471,533,487,427,367,77,603,1067,185,45,585,703,91,dahye,lean_forward,1
33,1786867203.402659,0,0,0,0,0,0,0,0,0,0,174,522,509,601,507,601,489,501,581,472,533,493,427,371,78,605,1060,185,43,591,703,93,dahye,lean_forward,1
34,1786867203.403226,0,0,0,0,0,0,0,0,0,0,179,522,508,601,509,599,491,502,583,471,536,485,426,373,73,601,1063,187,41,585,708,93,dahye,lean_forward,1
35,1786867203.403783,0,0,0,0,0,0,0,0,0,0,179,519,519,601,509,601,489,502,580,473,517,488,428,375,75,599,1065,189,43,588,703,95,dahye,lean_forward,1
36,1786867203.404350,0,0,0,0,0,0,0,0,0,0,179,521,519,601,519,601,489,501,583,473,541,495,429,376,61,599,1063,188,47,583,709,92,dahye,lean_forward,1
37,1786867203.404912,0,0,0,0,0,0,0,0,0,0,179,520,507,601,517,603,489,503,580,473,537,491,428,375,69,597,1062,190,44,583,703,89,dahye,lean_forward,1
38,1786867203.405468,0,0,0,0,0,0,0,0,0,0,177,521,519,604,509,601,489,504,583,475,536,491,430,377,73,589,1077,190,47,585,709,93,dahye,lean_forward,1
39,1786867203.406030,0,0,0,0,0,0,0,0,0,0,179,519,508,603,509,600,489,505,585,473,537,495,435,377,71,597,1061,191,53,587,709,99,dahye,lean_forward,1
40,1786867203.406602,0,0,0,0,0,0,0,0,0,0,175,521,520,603,519,603,490,505,585,477,538,491,429,380,69,588,1063,190,45,587,710,92,dahye,lean_forward,1
41,1786867203.407156,0,0,0,0,0,0,0,0,0,0,175,521,507,601,517,601,489,502,590,476,539,491,435,379,67,586,1062,199,46,589,709,90,dahye,lean_forward,1
42,1786867203.407706,0,0,0,0,0,0,0,0,0,0,173,519,501,601,505,601,489,504,593,475,537,496,434,380,63,583,1063,191,40,589,709,95,dahye,lean_forward,1
43,1786867203.408260,0,0,0,0,0,0,0,0,0,0,175,523,505,601,509,599,489,503,584,476,539,491,437,381,61,581,1063,188,43,583,712,93,dahye,lean_forward,1
44,1786867203.408762,0,0,0,0,0,0,0,0,0,0,171,521,519,601,509,598,489,502,581,475,539,493,435,383,61,583,1063,189,47,589,711,95,dahye,lean_forward,1
45,1786867203.409245,0,0,0,0,0,0,0,0,0,0,172,523,520,602,508,600,491,503,585,475,539,491,435,382,59,573,1064,189,46,589,713,92,dahye,lean_forward,1
46,1786867203.409721,0,0,0,0,0,0,0,0,0,0,174,520,507,605,509,605,490,501,585,475,542,485,437,383,59,581,1061,189,45,595,715,99,dahye,lean_forward,1
47,1786867203.410233,0,0,0,0,0,0,0,0,0,0,174,501,507,600,518,598,490,503,582,477,541,492,436,388,57,575,1064,176,61,595,711,97,dahye,lean_forward,1
48,1786867203.410775,0,0,0,0,0,0,0,0,0,0,171,519,501,601,510,601,490,505,582,475,538,493,437,383,61,575,1063,189,45,595,711,91,dahye,lean_forward,1
49,1786867203.411291,0,0,0,0,0,0,0,0,0,0,171,519,505,601,508,603,491,504,580,477,537,483,441,389,56,571,1063,187,47,597,712,108,dahye,lean_forward,1
50,1786867203.411798,0,0,0,0,0,0,0,0,0,0,172,509,507,601,521,599,489,506,585,478,540,507,437,391,56,573,1065,198,50,597,713,111,dahye,lean_forward,1
51,1786867203.412282,0,0,0,0,0,0,0,0,0,0,167,509,507,601,519,598,489,504,587,479,537,499,440,391,55,575,1064,191,46,600,713,93,dahye,lean_forward,1
52,1786867203.412782,0,0,0,0,0,0,0,0,0,0,167,518,505,597,517,595,489,505,585,475,540,494,437,391,51,571,1060,198,44,597,715,82,dahye,lean_forward,1
53,1786867203.413263,0,0,0,0,0,0,0,0,0,0,170,535,507,603,520,595,491,505,585,481,541,489,437,392,55,575,1055,199,45,601,716,87,dahye,lean_forward,1
54,1786867203.413754,0,0,0,0,0,0,0,0,0,0,169,519,507,600,509,598,489,505,586,477,542,495,437,391,43,570,1059,191,45,604,715,99,dahye,lean_forward,1
55,1786867203.414247,0,0,0,0,0,0,0,0,0,0,159,519,507,601,505,598,489,505,587,477,541,501,439,393,39,569,1061,199,47,606,717,99,dahye,lean_forward,1
56,1786867203.414674,0,0,0,0,0,0,0,0,0,0,172,505,509,601,507,590,489,507,589,475,537,503,439,394,31,569,1062,198,47,607,713,91,dahye,lean_forward,1
57,1786867203.415113,0,0,0,0,0,0,0,0,0,0,165,499,507,601,508,599,489,505,587,478,541,499,440,395,30,566,1061,199,45,609,713,100,dahye,lean_forward,1
58,1786867203.415540,0,0,0,0,0,0,0,0,0,0,165,505,505,600,505,595,488,504,585,476,543,500,439,397,29,567,1063,181,51,611,715,107,dahye,lean_forward,1
59,1786867203.415969,0,0,0,0,0,0,0,0,0,0,168,518,504,600,509,597,489,505,587,483,543,498,440,395,28,565,1063,192,47,616,715,99,dahye,lean_forward,1
60,1786867203.416397,0,0,0,0,0,0,0,0,0,0,171,508,506,601,510,598,489,507,588,479,549,495,439,395,0,565,1063,187,43,611,714,105,dahye,lean_forward,1
61,1786867203.416821,0,0,0,0,0,0,0,0,0,0,173,509,517,614,509,597,489,507,591,484,541,500,440,397,29,563,1055,189,51,613,715,99,dahye,lean_forward,1
62,1786867203.417261,0,0,0,0,0,0,0,0,0,0,169,519,507,601,518,597,488,505,584,483,537,500,441,395,26,567,1063,191,42,613,713,99,dahye,lean_forward,1
63,1786867203.417692,0,0,0,0,0,0,0,0,0,0,169,509,507,600,508,580,489,504,589,472,543,499,440,397,26,557,1061,200,47,613,715,99,dahye,lean_forward,1
64,1786867203.418132,0,0,0,0,0,0,0,0,0,0,169,509,507,601,510,598,489,507,586,493,559,500,445,398,26,564,1063,190,44,615,715,99,dahye,lean_forward,1
65,1786867203.418562,0,0,0,0,0,0,0,0,0,0,169,509,507,601,519,597,489,505,587,477,543,501,441,397,25,556,1062,199,45,614,712,99,dahye,lean_forward,1
66,1786867203.419011,0,0,0,0,0,0,0,0,0,0,169,505,510,602,519,595,489,507,588,485,543,495,445,397,25,561,1061,188,47,617,716,94,dahye,lean_forward,1
67,1786867203.419442,0,0,0,0,0,0,0,0,0,0,187,509,507,601,509,603,489,505,591,483,547,501,439,397,29,563,1061,201,46,615,715,100,dahye,lean_forward,1
68,1786867203.419869,0,0,0,0,0,0,0,0,0,0,155,509,505,601,511,605,487,507,587,489,547,501,443,397,31,557,1053,191,47,617,716,99,dahye,lean_forward,1
69,1786867203.420296,0,0,0,0,0,0,0,0,0,0,167,509,507,602,509,599,488,509,587,483,543,501,422,397,26,557,1065,190,47,617,719,99,dahye,lean_forward,1
70,1786867203.420676,0,0,0,0,0,0,0,0,0,0,164,509,508,601,507,597,487,505,589,477,547,502,442,394,25,563,1065,199,45,617,713,101,dahye,lean_forward,1
71,1786867203.421067,0,0,0,0,0,0,0,0,0,0,169,517,507,601,519,602,488,507,587,483,544,501,441,397,26,564,1064,204,46,619,711,100,dahye,lean_forward,1
72,1786867203.421450,0,0,0,0,0,0,0,0,0,0,169,509,506,601,507,601,487,507,590,483,543,501,443,397,27,556,1064,197,46,617,716,99,dahye,lean_forward,1
73,1786867203.421843,0,0,0,0,0,0,0,0,0,0,170,517,507,600,509,593,488,505,587,470,548,499,443,397,21,559,1093,191,50,617,717,100,dahye,lean_forward,1
74,1786867203.422221,0,0,0,0,0,0,0,0,0,0,169,519,505,601,519,595,487,506,590,479,547,501,444,399,43,562,1064,191,51,618,713,101,dahye,lean_forward,1
75,1786867203.422603,0,0,0,0,0,0,0,0,0,0,169,508,505,601,517,590,487,507,589,477,542,500,440,396,23,559,1065,190,45,617,717,101,dahye,lean_forward,1
76,1786867203.423007,0,0,0,0,0,0,0,0,0,0,167,509,508,601,521,597,487,507,591,483,546,501,440,395,26,548,1067,201,47,620,715,101,dahye,lean_forward,1
77,1786867203.423397,0,0,0,0,0,0,0,0,0,0,180,509,507,600,507,599,486,523,585,479,547,501,441,397,27,557,1065,189,47,621,718,101,dahye,lean_forward,1
78,1786867203.423781,0,0,0,0,0,0,0,0,0,0,168,509,507,601,506,595,487,503,591,483,547,501,443,397,29,559,1065,197,46,621,715,102,dahye,lean_forward,1
79,1786867203.424162,0,0,0,0,0,0,0,0,0,0,170,509,507,601,517,597,487,507,587,481,547,501,443,397,27,567,1065,189,48,627,714,104,dahye,lean_forward,1
80,1786867203.424548,0,0,0,0,0,0,0,0,0,0,169,511,505,601,509,597,485,507,587,483,539,501,445,393,29,563,1068,200,40,621,717,101,dahye,lean_forward,1
81,1786867203.424927,0,0,0,0,0,0,0,0,0,0,168,509,521,601,507,598,485,507,585,483,544,501,443,397,24,563,1065,191,47,623,718,103,dahye,lean_forward,1
82,1786867203.425305,0,0,0,0,0,0,0,0,0,0,168,509,505,601,503,597,485,503,589,485,547,499,436,397,37,565,1066,198,45,623,719,103,dahye,lean_forward,1
83,1786867203.425689,0,0,0,0,0,0,0,0,0,0,170,509,506,599,503,596,485,507,589,483,544,501,443,397,37,559,1065,187,47,621,719,104,dahye,lean_forward,1
84,1786867203.426068,0,0,0,0,0,0,0,0,0,0,165,507,505,600,517,600,485,503,589,483,547,501,445,399,38,567,1065,189,46,621,722,103,dahye,lean_forward,1
85,1786867203.426452,0,0,0,0,0,0,0,0,0,0,167,507,505,600,504,598,485,505,588,483,543,501,443,397,43,569,1067,187,47,625,719,103,dahye,lean_forward,1
86,1786867203.426832,0,0,0,0,0,0,0,0,0,0,158,508,506,600,505,595,485,503,591,483,547,502,453,399,41,566,1066,203,47,623,719,106,dahye,lean_forward,1
87,1786867203.427216,0,0,0,0,0,0,0,0,0,0,163,505,496,601,507,597,484,505,590,479,543,501,440,397,51,565,1065,191,42,607,718,109,dahye,lean_forward,1
88,1786867203.427620,0,0,0,0,0,0,0,0,0,0,160,507,505,601,503,595,484,505,589,487,547,503,444,397,45,563,1067,189,47,621,713,105,dahye,lean_forward,1
89,1786867203.428027,0,0,0,0,0,0,0,0,0,0,159,506,505,600,493,598,485,505,587,478,547,501,440,402,47,559,1067,186,47,622,723,107,dahye,lean_forward,1
90,1786867203.428446,0,0,0,0,0,0,0,0,0,0,159,507,505,600,503,598,483,505,587,484,544,502,445,396,51,568,1069,205,45,627,721,105,dahye,lean_forward,1
91,1786867203.428843,0,0,0,0,0,0,0,0,0,0,163,506,505,599,503,595,485,506,587,483,548,501,453,397,53,565,1067,185,47,622,715,107,dahye,lean_forward,1
92,1786867203.429204,0,0,0,0,0,0,0,0,0,0,164,507,505,600,499,597,485,503,588,481,547,501,440,397,51,569,1067,191,47,623,723,105,dahye,lean_forward,1
93,1786867203.429556,0,0,0,0,0,0,0,0,0,0,167,505,505,598,509,593,483,529,595,485,547,504,440,403,53,579,1067,191,43,627,719,105,dahye,lean_forward,1
94,1786867203.429913,0,0,0,0,0,0,0,0,0,0,163,509,504,599,496,599,485,505,588,481,547,501,442,398,55,569,1067,191,47,628,731,105,dahye,lean_forward,1
95,1786867203.430275,0,0,0,0,0,0,0,0,0,0,163,506,505,599,499,591,485,501,589,477,547,503,441,398,54,565,1067,190,47,627,730,107,dahye,lean_forward,1
96,1786867203.430627,0,0,0,0,0,0,0,0,0,0,159,506,505,597,507,596,485,504,589,487,544,501,425,397,56,569,1068,181,47,627,699,107,dahye,lean_forward,1
97,1786867203.431000,0,0,0,0,0,0,0,0,0,0,157,506,505,601,509,597,485,503,589,490,547,501,439,398,57,565,1069,187,47,628,723,107,dahye,lean_forward,1
98,1786867203.431365,0,0,0,0,0,0,0,0,0,0,164,505,505,598,531,591,485,503,590,471,547,503,441,399,59,563,1067,187,47,627,725,107,dahye,lean_forward,1
99,1786867203.431738,0,0,0,0,0,0,0,0,0,0,165,507,505,601,524,585,485,502,591,483,543,502,431,399,59,567,1067,185,47,629,723,123,dahye,lean_forward,1
100,1786867203.432089,0,0,0,0,0,0,0,0,0,0,157,507,504,599,503,589,484,505,591,477,543,501,441,399,61,568,1067,184,47,624,725,109,dahye,lean_forward,1
101,1786867203.432441,0,0,0,0,0,0,0,0,0,0,164,505,503,597,507,591,485,505,589,487,543,501,445,399,63,571,1064,173,47,626,741,107,dahye,lean_forward,1
102,1786867203.432806,0,0,0,0,0,0,0,0,0,0,164,506,505,601,495,597,485,517,589,487,547,502,424,402,61,557,1071,185,47,628,723,109,dahye,lean_forward,1
103,1786867203.433158,0,0,0,0,0,0,0,0,0,0,153,506,505,599,507,589,485,507,589,484,547,503,442,399,61,565,1071,187,50,629,729,107,dahye,lean_forward,1
104,1786867203.433519,0,0,0,0,0,0,0,0,0,0,158,519,503,606,507,591,485,505,589,483,561,503,443,401,63,563,1075,185,51,633,725,111,dahye,lean_forward,1
105,1786867203.433872,0,0,0,0,0,0,0,0,0,0,159,505,505,603,505,590,483,505,590,485,549,506,444,402,79,563,1067,187,47,632,719,109,dahye,lean_forward,1
106,1786867203.434218,0,0,0,0,0,0,0,0,0,0,147,506,503,599,504,603,485,509,589,489,549,503,443,404,63,569,1067,186,50,631,727,103,dahye,lean_forward,1
107,1786867203.434544,0,0,0,0,0,0,0,0,0,0,156,501,503,599,507,581,485,507,591,483,549,503,444,405,63,564,1069,205,49,632,725,109,dahye,lean_forward,1
108,1786867203.434872,0,0,0,0,0,0,0,0,0,0,158,505,504,597,505,589,484,505,591,485,549,504,445,404,63,557,1071,187,47,632,719,109,dahye,lean_forward,1
109,1786867203.435210,0,0,0,0,0,0,0,0,0,0,157,505,503,599,505,595,484,503,591,489,549,503,453,403,61,558,1065,189,47,634,725,109,dahye,lean_forward,1
110,1786867203.435537,0,0,0,0,0,0,0,0,0,0,152,505,503,599,506,595,485,517,591,479,549,503,453,403,61,565,1071,187,50,635,731,109,dahye,lean_forward,1
111,1786867203.435872,0,0,0,0,0,0,0,0,0,0,154,503,505,600,506,591,484,506,594,487,549,505,445,404,63,558,1069,189,49,636,731,107,dahye,lean_forward,1
112,1786867203.436198,0,0,0,0,0,0,0,0,0,0,163,505,503,599,503,590,483,505,591,487,553,502,445,405,59,559,1071,188,51,637,728,109,dahye,lean_forward,1
113,1786867203.436524,0,0,0,0,0,0,0,0,0,0,148,503,503,599,505,595,483,507,591,486,552,504,446,405,59,555,1067,183,51,637,729,109,dahye,lean_forward,1
114,1786867203.436863,0,0,0,0,0,0,0,0,0,0,153,502,501,599,505,590,485,509,591,487,551,503,443,405,58,567,1068,189,51,637,724,108,dahye,lean_forward,1
115,1786867203.437191,0,0,0,0,0,0,0,0,0,0,156,503,504,599,505,590,483,506,593,485,551,503,444,404,57,551,1069,189,51,639,729,108,dahye,lean_forward,1
116,1786867203.437532,0,0,0,0,0,0,0,0,0,0,154,502,501,597,505,589,481,508,593,487,551,507,437,404,59,562,1069,190,52,644,718,111,dahye,lean_forward,1
117,1786867203.437859,0,0,0,0,0,0,0,0,0,0,157,503,503,597,506,585,483,499,593,486,552,505,445,405,57,566,1067,189,51,646,723,110,dahye,lean_forward,1
118,1786867203.438190,0,0,0,0,0,0,0,0,0,0,155,505,501,603,504,589,483,509,591,487,551,504,451,407,60,553,1069,188,53,645,735,108,dahye,lean_forward,1
119,1786867203.438526,0,0,0,0,0,0,0,0,0,0,153,502,503,599,501,590,483,507,595,487,553,504,447,405,57,569,1069,187,53,645,731,111,dahye,lean_forward,1
120,1786867203.438860,0,0,0,0,0,0,0,0,0,0,151,503,503,597,505,589,483,525,595,487,552,505,453,411,57,556,1063,189,52,645,733,110,dahye,lean_forward,1
121,1786867203.439196,0,0,0,0,0,0,0,0,0,0,151,502,503,599,506,589,483,507,590,487,551,505,453,406,52,537,1069,189,51,639,739,109,dahye,lean_forward,1
122,1786867203.439539,0,0,0,0,0,0,0,0,0,0,153,501,505,599,504,589,483,509,593,487,552,505,441,410,55,573,1068,189,53,649,727,109,dahye,lean_forward,1
123,1786867203.439874,0,0,0,0,0,0,0,0,0,0,153,501,502,600,504,589,483,507,595,487,552,505,443,407,55,557,1065,189,51,645,726,109,dahye,lean_forward,1
124,1786867203.440205,0,0,0,0,0,0,0,0,0,0,154,503,504,601,504,589,483,509,595,487,552,505,447,408,55,573,1069,188,52,649,729,108,dahye,lean_forward,1
125,1786867203.440529,0,0,0,0,0,0,0,0,0,0,153,503,502,599,504,591,483,506,589,488,553,505,454,404,54,559,1067,183,52,647,729,109,dahye,lean_forward,1
126,1786867203.440860,0,0,0,0,0,0,0,0,0,0,155,503,503,597,505,589,482,509,595,488,552,507,447,408,53,557,1065,188,52,649,741,107,dahye,lean_forward,1
127,1786867203.441185,0,0,0,0,0,0,0,0,0,0,153,502,505,596,503,589,482,509,591,487,551,507,447,405,51,557,1066,187,50,646,729,109,dahye,lean_forward,1
128,1786867203.441517,0,0,0,0,0,0,0,0,0,0,155,503,502,601,507,589,483,509,595,488,551,503,443,406,73,555,1070,188,51,647,729,111,dahye,lean_forward,1
129,1786867203.441842,0,0,0,0,0,0,0,0,0,0,155,503,501,601,505,591,479,509,595,488,553,508,445,406,53,557,1069,188,53,638,729,108,dahye,lean_forward,1
130,1786867203.442150,0,0,0,0,0,0,0,0,0,0,153,501,505,601,505,589,482,509,595,488,551,507,454,405,48,557,1068,187,52,648,729,111,dahye,lean_forward,1
131,1786867203.442463,0,0,0,0,0,0,0,0,0,0,153,503,502,599,505,594,483,509,596,488,553,506,446,407,37,557,1067,185,53,649,727,109,dahye,lean_forward,1
132,1786867203.442768,0,0,0,0,0,0,0,0,0,0,154,503,502,599,507,590,481,509,595,489,553,507,453,407,43,554,1067,185,53,647,722,109,dahye,lean_forward,1
133,1786867203.443079,0,0,0,0,0,0,0,0,0,0,155,504,503,599,505,591,482,509,596,489,553,506,453,407,43,557,1067,187,52,648,751,111,dahye,lean_forward,1
134,1786867203.443382,0,0,0,0,0,0,0,0,0,0,154,503,502,601,506,591,483,509,595,489,552,505,452,408,43,555,1069,187,54,649,729,111,dahye,lean_forward,1
135,1786867203.443690,0,0,0,0,0,0,0,0,0,0,156,501,505,601,505,591,482,509,595,489,553,505,447,409,42,559,1071,187,51,653,729,105,dahye,lean_forward,1
136,1786867203.444011,0,0,0,0,0,0,0,0,0,0,155,505,505,601,505,590,483,509,596,489,554,505,457,405,41,557,1075,186,53,651,735,109,dahye,lean_forward,1
137,1786867203.444352,0,0,0,0,0,0,0,0,0,0,155,503,503,598,518,591,482,509,596,487,554,507,447,409,37,567,1067,187,53,651,727,109,dahye,lean_forward,1
138,1786867203.444678,0,0,0,0,0,0,0,0,0,0,154,501,503,599,505,591,479,509,595,488,553,507,447,409,35,555,1067,182,53,651,728,111,dahye,lean_forward,1
139,1786867203.444998,0,0,0,0,0,0,0,0,0,0,155,504,505,607,505,590,483,509,597,487,553,505,447,411,30,555,1075,187,51,651,727,110,dahye,lean_forward,1
140,1786867203.445315,0,0,0,0,0,0,0,0,0,0,154,504,502,599,505,591,483,509,595,489,551,507,447,409,31,555,1071,189,53,651,728,108,dahye,lean_forward,1
141,1786867203.445625,0,0,0,0,0,0,0,0,0,0,153,501,504,600,505,589,479,517,596,488,553,507,447,409,37,555,1071,187,54,651,728,107,dahye,lean_forward,1
142,1786867203.445932,0,0,0,0,0,0,0,0,0,0,153,501,503,601,509,589,483,509,595,489,553,507,447,409,28,555,1069,187,53,653,728,107,dahye,lean_forward,1
143,1786867203.446248,0,0,0,0,0,0,0,0,0,0,155,501,503,605,505,591,479,509,596,489,551,507,453,405,29,555,1066,187,52,651,731,109,dahye,lean_forward,1
144,1786867203.446553,0,0,0,0,0,0,0,0,0,0,155,503,503,601,505,589,483,507,595,489,553,505,445,408,28,555,1068,182,53,653,751,110,dahye,lean_forward,1
145,1786867203.446873,0,0,0,0,0,0,0,0,0,0,153,502,504,612,505,591,479,517,596,490,551,507,453,405,28,555,1071,187,55,653,728,109,dahye,lean_forward,1
146,1786867203.447180,0,0,0,0,0,0,0,0,0,0,153,501,503,597,506,591,482,509,597,489,551,508,452,409,28,555,1055,187,51,653,728,111,dahye,lean_forward,1
147,1786867203.447487,0,0,0,0,0,0,0,0,0,0,153,503,503,616,504,591,479,509,596,488,554,507,453,409,27,555,1069,185,51,653,729,107,dahye,lean_forward,1
148,1786867203.447804,0,0,0,0,0,0,0,0,0,0,154,504,501,600,505,589,482,509,595,489,551,508,452,412,27,555,1077,187,55,649,727,109,dahye,lean_forward,1
149,1786867203.448112,0,0,0,0,0,0,0,0,0,0,155,503,504,599,505,591,479,509,596,489,553,507,453,407,28,555,1071,185,55,653,725,109,dahye,lean_forward,1
150,1786867203.448427,0,0,0,0,0,0,0,0,0,0,155,495,504,599,517,588,479,517,594,492,553,506,447,429,30,555,1071,187,53,653,725,109,dahye,lean_forward,1
151,1786867203.448739,0,0,0,0,0,0,0,0,0,0,155,502,503,595,506,591,482,517,597,490,555,507,453,409,28,555,1069,186,54,653,731,109,dahye,lean_forward,1
152,1786867203.449058,0,0,0,0,0,0,0,0,0,0,155,505,502,605,507,591,483,511,595,489,551,509,447,404,29,555,1049,185,53,651,727,110,dahye,lean_forward,1
153,1786867203.449368,0,0,0,0,0,0,0,0,0,0,155,501,505,606,507,591,479,517,597,489,553,507,452,406,29,555,1067,185,53,654,727,111,dahye,lean_forward,1
154,1786867203.449678,0,0,0,0,0,0,0,0,0,0,157,506,503,601,505,593,479,518,596,491,553,507,447,407,23,555,1067,185,53,655,725,109,dahye,lean_forward,1
155,1786867203.449984,0,0,0,0,0,0,0,0,0,0,165,505,507,599,507,591,483,517,595,489,553,508,453,409,29,555,1071,185,53,655,727,111,dahye,lean_forward,1
156,1786867203.450285,0,0,0,0,0,0,0,0,0,0,156,503,503,599,507,591,479,518,596,491,553,507,452,409,28,555,1075,186,51,653,723,107,dahye,lean_forward,1
157,1786867203.450588,0,0,0,0,0,0,0,0,0,0,156,504,505,599,505,590,480,509,595,490,553,508,448,410,30,554,1079,185,53,653,727,111,dahye,lean_forward,1
158,1786867203.450885,0,0,0,0,0,0,0,0,0,0,155,501,501,599,504,591,479,509,596,489,553,509,453,405,27,553,1067,187,53,660,728,109,dahye,lean_forward,1
159,1786867203.451204,0,0,0,0,0,0,0,0,0,0,155,501,505,597,505,589,481,517,597,491,553,509,453,395,27,555,1067,186,53,651,727,109,dahye,lean_forward,1
160,1786867203.451516,0,0,0,0,0,0,0,0,0,0,155,501,505,599,506,593,483,509,598,491,553,505,453,409,45,555,1066,185,53,660,728,106,dahye,lean_forward,1
161,1786867203.451818,0,0,0,0,0,0,0,0,0,0,155,503,503,600,506,591,481,511,597,489,553,507,455,411,26,555,1067,185,55,657,729,111,dahye,lean_forward,1
162,1786867203.452123,0,0,0,0,0,0,0,0,0,0,157,503,503,599,505,591,479,517,597,489,554,506,453,411,26,553,1071,185,55,653,727,107,dahye,lean_forward,1
163,1786867203.452417,0,0,0,0,0,0,0,0,0,0,156,503,505,601,505,591,481,510,595,489,555,507,453,410,0,555,1069,184,55,659,728,105,dahye,lean_forward,1
164,1786867203.452714,0,0,0,0,0,0,0,0,0,0,155,501,501,596,501,595,479,510,597,489,552,507,453,409,26,555,1065,184,53,659,729,107,dahye,lean_forward,1
165,1786867203.453019,0,0,0,0,0,0,0,0,0,0,157,504,505,600,506,591,481,509,597,490,555,507,453,406,27,555,1069,184,55,655,728,109,dahye,lean_forward,1
166,1786867203.453311,0,0,0,0,0,0,0,0,0,0,156,505,509,600,508,591,483,509,597,491,557,509,453,408,27,554,1067,184,53,653,728,105,dahye,lean_forward,1
167,1786867203.453614,0,0,0,0,0,0,0,0,0,0,155,503,504,593,505,591,481,517,595,489,553,506,446,409,27,554,1071,183,55,655,732,109,dahye,lean_forward,1
168,1786867203.453907,0,0,0,0,0,0,0,0,0,0,157,504,503,602,507,590,482,517,594,490,557,511,447,409,27,555,1069,183,53,653,728,107,dahye,lean_forward,1
169,1786867203.454201,0,0,0,0,0,0,0,0,0,0,157,505,504,600,505,589,483,518,599,487,557,509,446,409,27,557,1068,183,55,657,728,108,dahye,lean_forward,1
170,1786867203.454509,0,0,0,0,0,0,0,0,0,0,157,504,520,597,507,591,483,518,595,491,553,507,453,409,27,557,1068,183,53,647,727,107,dahye,lean_forward,1
171,1786867203.454804,0,0,0,0,0,0,0,0,0,0,157,503,506,597,506,591,480,517,595,491,553,507,453,409,27,557,1075,183,51,659,727,106,dahye,lean_forward,1
172,1786867203.455109,0,0,0,0,0,0,0,0,0,0,156,503,503,597,507,590,483,517,597,490,553,510,453,413,26,559,1071,183,57,661,728,109,dahye,lean_forward,1
173,1786867203.455401,0,0,0,0,0,0,0,0,0,0,157,503,504,601,507,595,483,509,597,493,556,507,447,411,27,558,1075,183,59,660,727,111,dahye,lean_forward,1
174,1786867203.455688,0,0,0,0,0,0,0,0,0,0,157,504,507,599,506,595,483,517,597,491,555,509,454,409,27,559,1069,185,55,663,728,111,dahye,lean_forward,1
175,1786867203.455979,0,0,0,0,0,0,0,0,0,0,158,503,493,599,507,594,483,517,599,490,557,507,454,410,27,557,1065,184,59,647,729,109,dahye,lean_forward,1
176,1786867203.456272,0,0,0,0,0,0,0,0,0,0,157,504,507,596,509,591,482,517,595,489,553,509,454,410,27,559,1075,184,53,661,729,115,dahye,lean_forward,1
177,1786867203.456570,0,0,0,0,0,0,0,0,0,0,157,505,509,600,507,595,483,517,597,490,557,509,447,409,26,558,1065,181,53,669,728,109,dahye,lean_forward,1
178,1786867203.456848,0,0,0,0,0,0,0,0,0,0,157,511,500,605,505,590,481,511,598,491,555,507,453,409,27,558,1071,183,56,660,711,109,dahye,lean_forward,1
179,1786867203.457128,0,0,0,0,0,0,0,0,0,0,157,503,503,601,507,591,483,520,597,487,548,509,448,409,27,559,1077,181,57,659,729,111,dahye,lean_forward,1
180,1786867203.457409,0,0,0,0,0,0,0,0,0,0,157,504,503,601,506,590,483,517,597,491,552,521,455,408,28,553,1068,179,61,661,728,115,dahye,lean_forward,1
181,1786867203.457688,0,0,0,0,0,0,0,0,0,0,158,500,504,598,506,591,481,517,599,491,555,507,453,407,26,559,1059,180,59,663,727,103,dahye,lean_forward,1
182,1786867203.457972,0,0,0,0,0,0,0,0,0,0,159,525,504,613,505,589,482,517,597,491,555,507,453,407,27,562,1065,173,57,663,729,110,dahye,lean_forward,1
183,1786867203.458249,0,0,0,0,0,0,0,0,0,0,157,493,501,610,506,591,479,518,598,493,553,507,456,408,27,558,1074,181,60,665,729,109,dahye,lean_forward,1
184,1786867203.458532,0,0,0,0,0,0,0,0,0,0,157,501,505,600,505,595,481,517,596,491,553,505,456,409,27,560,1067,174,57,663,725,109,dahye,lean_forward,1
185,1786867203.458809,0,0,0,0,0,0,0,0,0,0,159,504,503,599,505,589,482,518,599,491,557,521,453,409,29,559,1066,175,57,665,729,104,dahye,lean_forward,1
186,1786867203.459085,0,0,0,0,0,0,0,0,0,0,158,503,505,591,507,590,481,507,597,489,555,509,454,409,27,562,1067,175,57,665,729,108,dahye,lean_forward,1
187,1786867203.459370,0,0,0,0,0,0,0,0,0,0,157,500,503,597,505,591,479,517,598,489,548,508,453,410,28,558,1075,173,61,665,727,107,dahye,lean_forward,1
188,1786867203.459649,0,0,0,0,0,0,0,0,0,0,159,504,501,599,505,593,482,518,597,491,556,507,453,409,28,562,1097,175,66,665,727,109,dahye,lean_forward,1
189,1786867203.459935,0,0,0,0,0,0,0,0,0,0,157,529,503,602,507,591,482,517,597,493,554,517,455,411,27,559,1072,181,57,660,729,95,dahye,lean_forward,1
190,1786867203.460212,0,0,0,0,0,0,0,0,0,0,156,506,503,599,506,594,479,517,596,490,554,507,455,407,27,558,1077,179,59,667,729,109,dahye,lean_forward,1
191,1786867203.460492,0,0,0,0,0,0,0,0,0,0,156,504,504,604,507,595,478,517,595,489,552,507,455,409,27,558,1071,179,59,667,727,107,dahye,lean_forward,1
192,1786867203.460778,0,0,0,0,0,0,0,0,0,0,156,503,505,598,504,589,479,519,601,491,555,507,455,411,26,557,1067,175,58,665,729,108,dahye,lean_forward,1
193,1786867203.461056,0,0,0,0,0,0,0,0,0,0,156,507,505,594,505,589,483,519,599,489,565,509,457,411,27,557,1051,179,57,669,729,110,dahye,lean_forward,1
194,1786867203.461340,0,0,0,0,0,0,0,0,0,0,157,503,503,599,506,587,479,516,599,492,557,517,455,411,26,557,1071,180,57,669,729,111,dahye,lean_forward,1
195,1786867203.461638,0,0,0,0,0,0,0,0,0,0,155,501,503,599,505,595,478,518,596,491,557,509,455,411,25,552,1070,179,59,661,728,104,dahye,lean_forward,1
196,1786867203.461958,0,0,0,0,0,0,0,0,0,0,155,521,501,599,505,591,483,519,597,489,557,509,455,411,25,555,1077,183,59,667,729,105,dahye,lean_forward,1
197,1786867203.462244,0,0,0,0,0,0,0,0,0,0,153,501,505,599,507,594,479,518,599,493,553,507,455,411,25,553,1068,180,59,670,729,109,dahye,lean_forward,1
198,1786867203.462538,0,0,0,0,0,0,0,0,0,0,154,493,502,600,505,584,479,517,595,489,553,519,463,411,26,555,1069,179,58,668,711,109,dahye,lean_forward,1
199,1786867203.462824,0,0,0,0,0,0,0,0,0,0,155,491,501,599,507,593,482,519,597,492,557,519,457,414,25,556,1069,183,57,668,729,111,dahye,lean_forward,1
200,1786867203.463106,0,0,0,0,0,0,0,0,0,0,155,495,506,601,505,591,481,520,595,491,557,511,457,413,25,556,1069,180,58,668,729,105,dahye,lean_forward,1
201,1786867203.463396,0,0,0,0,0,0,0,0,0,0,155,495,505,600,506,589,479,519,597,491,557,509,457,413,25,556,1071,175,61,667,729,111,dahye,lean_forward,1
202,1786867203.463672,0,0,0,0,0,0,0,0,0,0,155,495,501,605,505,595,479,518,597,493,557,511,457,413,23,557,1075,181,59,668,731,111,dahye,lean_forward,1
203,1786867203.463946,0,0,0,0,0,0,0,0,0,0,153,499,503,599,507,589,478,518,597,491,556,517,456,413,25,553,1069,179,61,675,729,111,dahye,lean_forward,1
204,1786867203.464227,0,0,0,0,0,0,0,0,0,0,155,496,503,599,505,593,479,519,599,495,557,517,453,411,27,557,1077,181,61,671,724,111,dahye,lean_forward,1
205,1786867203.464499,0,0,0,0,0,0,0,0,0,0,156,499,504,599,503,594,479,517,600,493,557,515,455,411,25,554,1069,179,55,669,729,108,dahye,lean_forward,1
206,1786867203.464781,0,0,0,0,0,0,0,0,0,0,155,501,499,599,503,593,479,520,595,491,557,511,456,412,26,553,1068,181,61,681,730,117,dahye,lean_forward,1
207,1786867203.465055,0,0,0,0,0,0,0,0,0,0,154,500,504,599,505,589,477,519,599,493,556,507,456,409,25,556,1070,175,59,672,728,107,dahye,lean_forward,1
208,1786867203.465326,0,0,0,0,0,0,0,0,0,0,157,499,503,595,505,591,481,520,597,492,556,517,453,411,0,557,1075,179,61,677,731,109,dahye,lean_forward,1
209,1786867203.465606,0,0,0,0,0,0,0,0,0,0,154,496,503,599,505,596,479,519,611,491,555,523,457,411,26,557,1069,179,59,669,729,114,dahye,lean_forward,1
210,1786867203.465879,0,0,0,0,0,0,0,0,0,0,154,501,494,599,503,590,478,519,597,492,555,517,456,411,24,557,1069,181,68,659,729,107,dahye,lean_forward,1
211,1786867203.466152,0,0,0,0,0,0,0,0,0,0,153,503,507,599,507,591,479,522,599,495,557,517,457,410,26,558,1069,182,60,671,729,110,dahye,lean_forward,1
212,1786867203.466424,0,0,0,0,0,0,0,0,0,0,154,518,503,599,507,601,479,518,600,493,555,527,457,413,26,557,1069,183,61,671,729,107,dahye,lean_forward,1
213,1786867203.466697,0,0,0,0,0,0,0,0,0,0,155,493,506,599,506,588,478,519,598,495,555,519,457,411,23,557,1072,181,63,681,729,107,dahye,lean_forward,1
214,1786867203.466978,0,0,0,0,0,0,0,0,0,0,153,493,507,601,506,591,481,519,600,497,556,503,455,412,25,557,1069,181,60,665,726,107,dahye,lean_forward,1
215,1786867203.467253,0,0,0,0,0,0,0,0,0,0,154,505,503,599,507,583,483,518,597,492,555,523,457,413,23,555,1069,181,67,671,726,109,dahye,lean_forward,1
216,1786867203.467535,0,0,0,0,0,0,0,0,0,0,155,491,503,599,507,595,479,518,600,491,559,519,455,412,23,555,1069,183,61,672,729,119,dahye,lean_forward,1
217,1786867203.467804,0,0,0,0,0,0,0,0,0,0,153,493,493,599,507,595,479,520,595,495,555,507,457,413,23,556,1069,175,55,671,728,107,dahye,lean_forward,1
218,1786867203.468074,0,0,0,0,0,0,0,0,0,0,152,494,503,599,517,591,479,517,601,490,554,517,457,411,25,557,1068,169,60,671,730,110,dahye,lean_forward,1
219,1786867203.468357,0,0,0,0,0,0,0,0,0,0,157,495,483,599,508,595,479,517,599,495,557,505,456,413,23,557,1071,178,62,679,729,85,dahye,lean_forward,1
220,1786867203.468636,0,0,0,0,0,0,0,0,0,0,153,496,502,599,501,587,479,521,599,491,559,517,456,413,25,556,1071,183,56,671,733,109,dahye,lean_forward,1
221,1786867203.468920,0,0,0,0,0,0,0,0,0,0,151,491,501,600,501,593,479,519,599,492,557,517,446,412,25,551,1068,179,63,677,729,110,dahye,lean_forward,1
222,1786867203.469190,0,0,0,0,0,0,0,0,0,0,149,503,501,600,505,596,478,519,597,495,555,529,457,413,24,559,1070,181,60,664,731,118,dahye,lean_forward,1
223,1786867203.469461,0,0,0,0,0,0,0,0,0,0,154,489,503,599,505,575,478,519,613,491,555,523,456,413,23,554,1069,179,61,677,730,117,dahye,lean_forward,1
224,1786867203.469746,0,0,0,0,0,0,0,0,0,0,150,495,502,600,527,596,482,519,597,492,557,504,459,413,22,553,1069,191,62,677,731,109,dahye,lean_forward,1
225,1786867203.470016,0,0,0,0,0,0,0,0,0,0,152,495,503,598,505,591,479,518,597,505,555,509,456,426,25,551,1068,175,63,675,733,135,dahye,lean_forward,1
226,1786867203.470297,0,0,0,0,0,0,0,0,0,0,153,493,503,599,508,589,479,517,600,492,556,509,457,413,24,555,1068,179,59,675,729,109,dahye,lean_forward,1
227,1786867203.470572,0,0,0,0,0,0,0,0,0,0,153,499,502,599,495,589,479,519,599,494,567,509,459,413,25,553,1069,169,58,672,729,110,dahye,lean_forward,1
228,1786867203.470845,0,0,0,0,0,0,0,0,0,0,153,492,503,599,505,587,477,509,600,491,556,517,455,412,23,551,1069,179,71,675,730,109,dahye,lean_forward,1
229,1786867203.471135,0,0,0,0,0,0,0,0,0,0,152,495,503,599,502,591,481,521,597,505,557,517,456,412,25,555,1069,179,60,675,731,111,dahye,lean_forward,1
230,1786867203.471431,0,0,0,0,0,0,0,0,0,0,151,487,503,599,505,591,479,519,600,491,557,510,457,413,25,559,1069,185,61,675,731,105,dahye,lean_forward,1
231,1786867203.471723,0,0,0,0,0,0,0,0,0,0,153,499,505,599,505,591,479,520,604,491,556,518,457,413,24,553,1081,181,61,675,742,109,dahye,lean_forward,1
232,1786867203.471995,0,0,0,0,0,0,0,0,0,0,151,495,503,600,507,589,479,509,599,493,556,511,455,413,24,555,1071,183,63,671,734,100,dahye,lean_forward,1
233,1786867203.472270,0,0,0,0,0,0,0,0,0,0,151,491,503,599,505,591,481,520,599,485,557,517,459,413,25,555,1069,185,61,675,729,111,dahye,lean_forward,1
234,1786867203.472549,0,0,0,0,0,0,0,0,0,0,171,494,503,599,508,585,477,519,599,491,557,518,459,412,25,557,1069,175,61,675,733,110,dahye,lean_forward,1
235,1786867203.472826,0,0,0,0,0,0,0,0,0,0,151,493,501,599,505,586,478,509,601,485,557,517,457,413,24,557,1071,181,60,676,731,111,dahye,lean_forward,1
236,1786867203.473121,0,0,0,0,0,0,0,0,0,0,153,493,504,598,503,587,477,519,595,488,557,509,459,411,27,554,1069,182,59,675,733,107,dahye,lean_forward,1
237,1786867203.473391,0,0,0,0,0,0,0,0,0,0,151,495,502,599,506,581,479,509,599,494,558,517,459,415,27,553,1075,181,61,677,729,109,dahye,lean_forward,1
238,1786867203.473659,0,0,0,0,0,0,0,0,0,0,153,493,503,599,505,593,479,508,599,495,557,519,455,419,27,556,1070,181,67,676,730,110,dahye,lean_forward,1
239,1786867203.473935,0,0,0,0,0,0,0,0,0,0,152,493,503,599,503,589,479,508,594,495,557,517,457,413,27,555,1069,182,62,677,735,110,dahye,lean_forward,1
240,1786867203.474202,0,0,0,0,0,0,0,0,0,0,153,493,501,598,505,590,481,518,597,489,557,519,457,413,29,556,1068,179,63,671,733,111,dahye,lean_forward,1
241,1786867203.474474,0,0,0,0,0,0,0,0,0,0,149,495,503,599,507,593,482,519,596,495,555,519,457,411,28,574,1070,175,58,685,731,107,dahye,lean_forward,1
242,1786867203.474742,0,0,0,0,0,0,0,0,0,0,149,495,499,599,505,594,479,519,597,483,556,508,455,411,29,563,1067,173,81,668,735,119,dahye,lean_forward,1
243,1786867203.475009,0,0,0,0,0,0,0,0,0,0,147,494,503,599,502,589,479,509,603,499,556,517,453,413,28,559,1069,180,61,677,731,111,dahye,lean_forward,1
244,1786867203.475285,0,0,0,0,0,0,0,0,0,0,153,493,503,599,504,591,479,517,599,489,555,509,459,409,31,556,1069,173,61,677,740,111,dahye,lean_forward,1
245,1786867203.475546,0,0,0,0,0,0,0,0,0,0,154,492,503,598,506,595,479,519,595,492,557,511,455,411,27,555,1069,171,61,677,733,110,dahye,lean_forward,1
246,1786867203.475808,0,0,0,0,0,0,0,0,0,0,153,493,503,599,505,591,479,523,607,495,557,517,457,411,27,552,1071,179,61,677,733,111,dahye,lean_forward,1
247,1786867203.476069,0,0,0,0,0,0,0,0,0,0,155,493,503,599,506,589,479,509,599,495,563,509,467,413,27,573,1069,179,61,680,731,111,dahye,lean_forward,1
248,1786867203.476331,0,0,0,0,0,0,0,0,0,0,150,495,506,599,503,589,479,520,597,490,556,520,457,413,27,559,1069,179,63,677,734,111,dahye,lean_forward,1
249,1786867203.476592,0,0,0,0,0,0,0,0,0,0,151,498,505,599,507,591,479,509,589,491,557,519,457,413,30,548,1069,175,63,679,733,112,dahye,lean_forward,1
250,1786867203.491765,0,0,0,0,0,0,0,0,0,0,149,494,501,597,501,585,479,517,601,495,564,509,458,409,35,559,1069,179,63,679,729,114,dahye,lean_forward,1
251,1786867203.511784,0,0,0,0,0,0,0,0,0,0,147,493,503,599,504,589,478,509,597,495,555,509,458,411,29,558,1069,179,61,679,729,115,dahye,lean_forward,1
252,1786867203.531787,0,0,0,0,0,0,0,0,0,0,148,493,502,599,505,593,479,509,607,489,557,517,458,411,27,569,1069,179,62,679,733,115,dahye,lean_forward,1
253,1786867203.551792,0,0,0,0,0,0,0,0,0,0,141,493,519,599,503,573,479,519,599,491,555,521,456,413,27,557,1069,181,60,677,735,107,dahye,lean_forward,1
254,1786867203.571872,0,0,0,0,0,0,0,0,0,0,137,503,501,597,503,589,479,517,599,495,571,517,461,412,31,557,1068,174,61,679,734,115,dahye,lean_forward,1
255,1786867203.591814,0,0,0,0,0,0,0,0,0,0,127,491,503,598,504,589,481,519,598,493,557,509,459,413,29,553,1069,178,62,679,738,115,dahye,lean_forward,1
256,1786867203.611866,0,0,0,0,0,0,0,0,0,0,133,491,501,596,505,587,479,506,599,493,557,517,455,413,31,553,1069,179,63,679,733,115,dahye,lean_forward,1
257,1786867203.631895,0,0,0,0,0,0,0,0,0,0,125,491,501,597,495,587,479,509,599,493,553,517,462,411,26,559,1067,171,63,679,735,116,dahye,lean_forward,1
258,1786867203.651892,0,0,0,0,0,0,0,0,0,0,123,493,503,597,502,589,477,510,600,495,557,518,458,413,35,555,1069,175,63,680,733,115,dahye,lean_forward,1
259,1786867203.672747,0,0,0,0,0,0,0,0,0,0,135,489,501,597,505,589,477,511,599,494,557,521,468,408,33,549,1068,173,71,681,741,123,dahye,lean_forward,1
260,1786867203.693398,0,0,0,0,0,0,0,0,0,0,135,489,500,598,521,589,477,517,599,489,557,510,455,414,40,559,1067,174,67,679,745,115,dahye,lean_forward,1
261,1786867203.712949,0,0,0,0,0,0,0,0,0,0,124,489,501,594,505,588,476,505,599,492,556,519,459,411,41,558,1067,171,63,681,743,115,dahye,lean_forward,1
262,1786867203.732842,0,0,0,0,0,0,0,0,0,0,124,491,501,595,504,587,477,508,598,493,557,519,463,413,43,554,1067,169,69,681,745,116,dahye,lean_forward,1
263,1786867203.752886,0,0,0,0,0,0,0,0,0,0,124,490,501,596,503,587,476,507,597,502,557,519,456,411,40,556,1070,175,68,680,745,117,dahye,lean_forward,1
264,1786867203.772833,0,0,0,0,0,0,0,0,0,0,127,489,501,597,504,595,477,498,603,491,555,508,457,411,40,554,1067,174,61,685,741,121,dahye,lean_forward,1
265,1786867203.792826,0,0,0,0,0,0,0,0,0,0,125,489,499,597,500,589,476,508,597,496,557,517,447,413,45,554,1067,175,68,681,745,116,dahye,lean_forward,1
266,1786867203.812940,0,0,0,0,0,0,0,0,0,0,125,491,499,599,517,587,477,517,597,493,557,509,475,412,47,553,1067,171,67,680,741,117,dahye,lean_forward,1
267,1786867203.832858,0,0,0,0,0,0,0,0,0,0,123,489,500,596,499,587,476,509,597,502,555,517,454,411,51,563,1065,160,69,683,751,117,dahye,lean_forward,1
268,1786867203.852834,0,0,0,0,0,0,0,0,0,0,126,489,500,598,517,585,476,517,597,479,557,517,447,413,53,564,1065,173,71,681,745,117,dahye,lean_forward,1
269,1786867203.872818,0,0,0,0,0,0,0,0,0,0,135,489,501,597,501,588,475,517,597,501,557,510,455,412,51,560,1065,175,69,683,745,116,dahye,lean_forward,1
270,1786867203.892815,0,0,0,0,0,0,0,0,0,0,119,489,502,595,499,587,475,507,599,505,557,517,453,413,51,563,1067,171,71,683,748,115,dahye,lean_forward,1
271,1786867203.912814,0,0,0,0,0,0,0,0,0,0,121,499,501,597,523,587,475,505,597,495,555,517,459,413,53,557,1067,166,69,681,743,118,dahye,lean_forward,1
272,1786867203.932767,0,0,0,0,0,0,0,0,0,0,125,489,500,595,499,588,477,507,599,493,557,510,459,413,55,551,1067,171,69,681,741,117,dahye,lean_forward,1
273,1786867203.952065,0,0,0,0,0,0,0,0,0,0,121,489,501,597,501,587,475,517,599,493,557,517,461,413,53,558,1067,172,70,685,742,117,dahye,lean_forward,1
274,1786867203.972845,0,0,0,0,0,0,0,0,0,0,122,489,501,594,501,587,475,504,597,504,557,517,455,414,57,559,1069,175,69,682,747,117,dahye,lean_forward,1
275,1786867203.992841,0,0,0,0,0,0,0,0,0,0,127,489,500,597,495,587,477,505,596,499,556,517,459,413,57,563,1069,171,71,683,747,122,dahye,lean_forward,1
276,1786867204.012894,0,0,0,0,0,0,0,0,0,0,121,490,500,597,500,585,475,509,599,493,555,510,455,412,54,563,1067,171,69,683,745,117,dahye,lean_forward,1
277,1786867204.032843,0,0,0,0,0,0,0,0,0,0,127,488,499,597,501,587,475,501,599,492,557,519,456,414,55,563,1067,173,69,683,749,117,dahye,lean_forward,1
278,1786867204.052854,0,0,0,0,0,0,0,0,0,0,121,489,501,595,500,587,475,499,597,493,557,517,457,413,55,549,1067,171,69,683,747,117,dahye,lean_forward,1
279,1786867204.072809,0,0,0,0,0,0,0,0,0,0,122,488,499,597,500,587,475,509,599,492,557,517,457,413,56,579,1067,173,71,685,750,117,dahye,lean_forward,1
280,1786867204.092868,0,0,0,0,0,0,0,0,0,0,123,489,500,595,501,585,475,499,598,493,557,519,459,415,55,543,1067,171,69,682,745,117,dahye,lean_forward,1
281,1786867204.112871,0,0,0,0,0,0,0,0,0,0,121,489,501,597,499,585,475,509,599,493,557,519,459,413,55,551,1065,172,69,686,745,118,dahye,lean_forward,1
282,1786867204.132775,0,0,0,0,0,0,0,0,0,0,119,488,500,596,501,587,476,509,597,493,557,519,459,415,52,565,1066,171,71,684,747,119,dahye,lean_forward,1
283,1786867204.152815,0,0,0,0,0,0,0,0,0,0,122,487,500,597,501,584,475,507,597,494,556,517,459,413,51,587,1068,170,71,683,747,118,dahye,lean_forward,1
284,1786867204.172832,0,0,0,0,0,0,0,0,0,0,121,488,500,597,499,585,474,525,599,493,557,517,456,413,55,567,1063,169,71,685,743,119,dahye,lean_forward,1
285,1786867204.192807,0,0,0,0,0,0,0,0,0,0,119,490,499,597,500,585,476,508,599,494,557,519,459,413,51,559,1067,169,71,685,747,118,dahye,lean_forward,1
286,1786867204.212847,0,0,0,0,0,0,0,0,0,0,121,489,495,596,499,585,475,508,599,493,557,509,455,413,51,556,1066,167,71,687,741,119,dahye,lean_forward,1
287,1786867204.232805,0,0,0,0,0,0,0,0,0,0,115,488,500,595,501,587,475,509,600,493,555,511,461,413,55,557,1067,166,62,684,741,117,dahye,lean_forward,1
288,1786867204.252836,0,0,0,0,0,0,0,0,0,0,121,488,500,595,501,585,475,509,591,493,556,518,457,414,53,555,1065,166,72,684,747,119,dahye,lean_forward,1
289,1786867204.272866,0,0,0,0,0,0,0,0,0,0,121,485,493,596,499,587,476,509,599,495,557,521,459,413,53,557,1063,169,74,685,745,119,dahye,lean_forward,1
290,1786867204.292850,0,0,0,0,0,0,0,0,0,0,121,487,500,598,501,587,476,509,599,493,557,518,461,415,59,559,1067,168,72,686,741,119,dahye,lean_forward,1
291,1786867204.312838,0,0,0,0,0,0,0,0,0,0,121,487,496,596,501,587,475,509,599,493,558,511,457,414,61,559,1067,167,71,687,737,118,dahye,lean_forward,1
292,1786867204.332860,0,0,0,0,0,0,0,0,0,0,121,488,500,596,496,587,475,519,599,495,557,518,459,413,51,563,1067,164,71,685,745,117,dahye,lean_forward,1
293,1786867204.352909,0,0,0,0,0,0,0,0,0,0,121,488,499,597,499,587,475,518,594,493,556,517,443,413,45,543,1066,169,71,683,740,117,dahye,lean_forward,1
294,1786867204.372835,0,0,0,0,0,0,0,0,0,0,121,487,499,595,501,587,474,517,599,489,558,510,460,413,45,562,1065,171,71,680,749,118,dahye,lean_forward,1
295,1786867204.392850,0,0,0,0,0,0,0,0,0,0,120,488,500,599,500,587,476,510,599,495,557,520,455,413,53,563,1063,168,71,685,745,115,dahye,lean_forward,1
296,1786867204.412889,0,0,0,0,0,0,0,0,0,0,121,487,497,597,501,587,476,509,599,494,557,517,457,413,48,561,1063,168,71,685,743,115,dahye,lean_forward,1
297,1786867204.432826,0,0,0,0,0,0,0,0,0,0,121,489,499,595,501,587,475,509,599,493,557,510,457,414,39,559,1069,169,71,683,765,111,dahye,lean_forward,1
298,1786867204.452065,0,0,0,0,0,0,0,0,0,0,122,485,501,598,501,585,477,509,598,493,557,517,466,413,53,565,1067,168,72,683,732,119,dahye,lean_forward,1
299,1786867204.472902,0,0,0,0,0,0,0,0,0,0,121,487,501,593,495,585,475,509,599,495,557,519,460,415,51,564,1069,168,72,685,743,117,dahye,lean_forward,1
300,1786867204.492882,0,0,0,0,0,0,0,0,0,0,121,486,501,597,487,586,476,510,599,495,557,520,458,413,41,563,1065,167,75,683,742,118,dahye,lean_forward,1
301,1786867204.512957,0,0,0,0,0,0,0,0,0,0,121,489,499,599,501,585,477,517,599,495,559,519,459,409,43,563,1063,168,71,690,745,120,dahye,lean_forward,1
302,1786867204.532884,0,0,0,0,0,0,0,0,0,0,121,487,499,594,501,587,475,517,599,495,557,519,454,413,43,562,1067,167,71,684,743,119,dahye,lean_forward,1
303,1786867204.552848,0,0,0,0,0,0,0,0,0,0,123,489,499,596,499,587,475,517,600,493,557,519,455,414,40,558,1069,167,70,685,743,119,dahye,lean_forward,1
304,1786867204.572815,0,0,0,0,0,0,0,0,0,0,121,488,499,597,501,597,475,509,595,497,556,505,455,415,44,559,1066,165,73,687,742,117,dahye,lean_forward,1
305,1786867204.592868,0,0,0,0,0,0,0,0,0,0,121,487,499,597,501,589,475,509,599,495,559,519,456,415,43,559,1066,167,71,688,751,118,dahye,lean_forward,1
306,1786867204.612853,0,0,0,0,0,0,0,0,0,0,122,488,500,597,499,587,475,519,597,495,557,519,458,414,43,563,1067,172,71,687,742,117,dahye,lean_forward,1
307,1786867204.632831,0,0,0,0,0,0,0,0,0,0,122,487,499,595,501,587,475,511,599,493,558,509,455,414,38,559,1065,167,71,685,741,115,dahye,lean_forward,1
308,1786867204.652837,0,0,0,0,0,0,0,0,0,0,123,487,499,595,501,586,474,509,600,495,559,519,457,413,43,563,1064,168,70,686,743,117,dahye,lean_forward,1
309,1786867204.672291,0,0,0,0,0,0,0,0,0,0,121,487,495,601,501,587,475,519,599,496,557,517,458,414,37,560,1065,167,69,691,740,116,dahye,lean_forward,1
310,1786867204.692907,0,0,0,0,0,0,0,0,0,0,123,487,501,597,501,586,475,517,601,493,557,518,458,410,41,558,1083,168,71,685,741,117,dahye,lean_forward,1
311,1786867204.713070,0,0,0,0,0,0,0,0,0,0,121,488,500,596,500,587,475,520,600,494,557,519,457,414,39,559,1067,167,71,685,740,117,dahye,lean_forward,1
312,1786867204.732804,0,0,0,0,0,0,0,0,0,0,123,488,499,595,501,587,476,518,600,495,557,517,459,413,26,563,1067,156,70,683,740,117,dahye,lean_forward,1
313,1786867204.752928,0,0,0,0,0,0,0,0,0,0,121,489,501,599,500,587,475,518,599,495,559,517,457,413,39,563,1068,168,71,687,739,116,dahye,lean_forward,1
314,1786867204.772529,0,0,0,0,0,0,0,0,0,0,123,489,501,590,501,586,475,519,600,494,557,519,459,413,35,563,1065,167,71,687,739,117,dahye,lean_forward,1
315,1786867204.792904,0,0,0,0,0,0,0,0,0,0,121,487,496,598,501,586,476,518,600,499,559,520,459,415,36,563,1076,168,69,687,741,115,dahye,lean_forward,1
316,1786867204.813065,0,0,0,0,0,0,0,0,0,0,121,488,501,597,501,585,477,519,600,495,557,519,457,415,31,559,1063,167,71,686,723,115,dahye,lean_forward,1
317,1786867204.832802,0,0,0,0,0,0,0,0,0,0,121,487,499,597,501,585,477,519,601,494,557,520,457,413,28,559,1063,167,67,683,735,109,dahye,lean_forward,1
318,1786867204.852863,0,0,0,0,0,0,0,0,0,0,123,485,495,613,502,585,475,510,599,495,558,519,458,413,23,559,1063,167,73,683,735,115,dahye,lean_forward,1
319,1786867204.872849,0,0,0,0,0,0,0,0,0,0,121,487,499,596,502,587,475,517,600,495,555,519,457,414,23,563,1067,166,73,683,739,111,dahye,lean_forward,1
320,1786867204.892822,0,0,0,0,0,0,0,0,0,0,123,488,499,595,501,586,476,518,599,495,558,509,459,413,26,559,1095,169,71,687,735,117,dahye,lean_forward,1
321,1786867204.912865,0,0,0,0,0,0,0,0,0,0,123,487,495,596,499,587,475,519,601,495,558,517,457,413,28,559,1065,167,73,684,739,111,dahye,lean_forward,1
322,1786867204.932845,0,0,0,0,0,0,0,0,0,0,123,487,499,598,501,587,476,518,600,495,559,521,447,412,28,559,1065,167,68,683,735,116,dahye,lean_forward,1
323,1786867204.952863,0,0,0,0,0,0,0,0,0,0,121,488,500,597,501,587,475,519,601,495,558,509,459,412,22,563,1065,167,72,683,737,115,dahye,lean_forward,1
324,1786867204.972824,0,0,0,0,0,0,0,0,0,0,123,485,499,600,500,587,475,519,601,495,558,519,458,413,37,559,1075,168,70,683,735,109,dahye,lean_forward,1
325,1786867204.992905,0,0,0,0,0,0,0,0,0,0,122,489,501,597,501,587,476,519,600,495,557,509,458,413,0,560,1065,167,69,687,735,110,dahye,lean_forward,1
326,1786867205.012885,0,0,0,0,0,0,0,0,0,0,123,490,499,595,502,587,476,519,601,495,559,517,458,413,29,559,1067,166,71,684,733,111,dahye,lean_forward,1
327,1786867205.032801,0,0,0,0,0,0,0,0,0,0,123,490,500,595,502,585,475,518,600,494,557,519,457,413,20,559,1075,166,71,685,733,111,dahye,lean_forward,1
328,1786867205.052821,0,0,0,0,0,0,0,0,0,0,124,488,501,597,502,587,477,519,598,495,557,519,455,413,27,559,1067,166,64,684,735,111,dahye,lean_forward,1
329,1786867205.072835,0,0,0,0,0,0,0,0,0,0,123,485,490,595,500,585,477,519,601,496,563,519,459,415,41,559,1063,167,73,699,733,117,dahye,lean_forward,1
330,1786867205.092809,0,0,0,0,0,0,0,0,0,0,123,489,503,596,502,588,476,519,600,495,559,519,457,414,47,559,1065,167,71,685,734,115,dahye,lean_forward,1
331,1786867205.112812,0,0,0,0,0,0,0,0,0,0,122,489,499,600,501,589,475,519,599,495,563,519,458,415,27,559,1068,167,69,667,735,115,dahye,lean_forward,1
332,1786867205.132940,0,0,0,0,0,0,0,0,0,0,123,491,503,591,501,585,475,519,600,495,559,518,457,415,31,559,1067,167,73,681,723,111,dahye,lean_forward,1
333,1786867205.152884,0,0,0,0,0,0,0,0,0,0,124,488,502,599,503,586,477,517,601,496,559,519,459,413,29,559,1064,167,69,687,731,113,dahye,lean_forward,1
334,1786867205.172869,0,0,0,0,0,0,0,0,0,0,123,487,499,595,501,587,475,520,601,497,557,519,459,415,27,559,1061,167,71,687,731,115,dahye,lean_forward,1
335,1786867205.192934,0,0,0,0,0,0,0,0,0,0,121,486,499,599,501,587,476,519,601,493,555,509,457,413,41,563,1063,167,71,682,733,109,dahye,lean_forward,1
336,1786867205.212912,0,0,0,0,0,0,0,0,0,0,123,487,491,597,501,585,475,519,599,495,559,521,459,413,26,565,1071,167,73,701,733,117,dahye,lean_forward,1
337,1786867205.232848,0,0,0,0,0,0,0,0,0,0,123,488,502,599,501,587,475,518,599,498,559,517,459,413,0,560,1067,167,72,685,739,109,dahye,lean_forward,1
338,1786867205.252871,0,0,0,0,0,0,0,0,0,0,123,488,502,599,503,587,476,519,601,495,558,517,457,413,27,563,1069,167,70,685,740,111,dahye,lean_forward,1
339,1786867205.272870,0,0,0,0,0,0,0,0,0,0,123,489,501,597,501,587,475,519,601,495,563,519,459,415,25,563,1066,169,71,687,733,115,dahye,lean_forward,1
340,1786867205.292854,0,0,0,0,0,0,0,0,0,0,125,488,501,597,503,589,475,518,600,495,563,521,457,413,28,563,1063,168,73,691,733,111,dahye,lean_forward,1
341,1786867205.312841,0,0,0,0,0,0,0,0,0,0,132,489,503,591,501,589,476,520,601,495,559,521,457,412,26,559,1064,167,73,683,735,115,dahye,lean_forward,1
342,1786867205.332859,0,0,0,0,0,0,0,0,0,0,127,489,499,598,496,587,476,519,600,495,557,523,459,413,21,563,1069,168,68,685,733,104,dahye,lean_forward,1
343,1786867205.352852,0,0,0,0,0,0,0,0,0,0,133,489,499,590,501,585,476,519,601,495,556,520,457,413,27,562,1064,167,73,685,731,109,dahye,lean_forward,1
344,1786867205.372810,0,0,0,0,0,0,0,0,0,0,135,489,499,587,502,587,475,519,601,497,557,517,458,413,28,563,1065,169,71,685,733,115,dahye,lean_forward,1
345,1786867205.392878,0,0,0,0,0,0,0,0,0,0,135,489,503,599,501,588,476,520,602,495,558,520,457,413,0,565,1068,169,70,713,735,111,dahye,lean_forward,1
346,1786867205.412593,0,0,0,0,0,0,0,0,0,0,137,489,495,602,501,589,477,519,603,493,559,521,458,413,27,563,1064,172,73,691,732,126,dahye,lean_forward,1
347,1786867205.432824,0,0,0,0,0,0,0,0,0,0,138,488,501,599,502,587,475,519,599,496,559,523,457,414,25,563,1053,169,69,686,734,112,dahye,lean_forward,1
348,1786867205.452862,0,0,0,0,0,0,0,0,0,0,137,473,503,589,503,589,475,519,600,495,557,517,459,413,27,563,1069,173,72,685,733,121,dahye,lean_forward,1
349,1786867205.472853,0,0,0,0,0,0,0,0,0,0,139,490,500,584,501,589,476,519,601,499,557,519,459,414,26,565,1063,171,71,691,734,111,dahye,lean_forward,1
350,1786867205.492184,0,0,0,0,0,0,0,0,0,0,136,487,503,595,500,586,476,519,600,493,557,508,459,413,28,563,1069,171,71,685,733,118,dahye,lean_forward,1
351,1786867205.512864,0,0,0,0,0,0,0,0,0,0,141,488,503,601,503,588,475,520,602,499,559,521,457,413,27,565,1047,168,73,686,733,135,dahye,lean_forward,1
352,1786867205.532913,0,0,0,0,0,0,0,0,0,0,141,508,501,597,502,587,475,519,603,493,557,519,458,413,26,565,1053,169,63,691,732,119,dahye,lean_forward,1
353,1786867205.552925,0,0,0,0,0,0,0,0,0,0,141,493,502,599,501,587,476,518,601,495,558,517,459,415,27,563,1085,169,60,679,733,109,dahye,lean_forward,1
354,1786867205.572896,0,0,0,0,0,0,0,0,0,0,141,489,501,600,503,588,475,521,601,504,559,520,455,411,26,564,1067,173,71,685,735,111,dahye,lean_forward,1
355,1786867205.592968,0,0,0,0,0,0,0,0,0,0,143,493,499,601,502,589,477,519,600,495,563,521,453,413,29,563,1068,171,69,671,733,115,dahye,lean_forward,1
356,1786867205.612919,0,0,0,0,0,0,0,0,0,0,143,485,503,597,503,589,477,517,599,499,557,519,457,413,26,565,1067,169,75,685,732,109,dahye,lean_forward,1
357,1786867205.632867,0,0,0,0,0,0,0,0,0,0,145,489,503,597,503,585,475,519,601,499,555,520,457,415,26,555,1067,167,75,681,733,117,dahye,lean_forward,1
358,1786867205.652608,0,0,0,0,0,0,0,0,0,0,139,487,493,598,501,590,476,519,619,495,557,520,457,415,26,557,1068,171,72,680,733,111,dahye,lean_forward,1
359,1786867205.672706,0,0,0,0,0,0,0,0,0,0,141,487,503,598,504,587,475,519,601,499,559,523,459,413,25,559,1069,173,75,687,732,111,dahye,lean_forward,1
360,1786867205.692825,0,0,0,0,0,0,0,0,0,0,141,489,499,598,503,591,475,519,603,493,557,521,457,413,25,559,1067,172,73,687,731,109,dahye,lean_forward,1
361,1786867205.712814,0,0,0,0,0,0,0,0,0,0,142,489,503,618,501,587,476,519,603,501,563,519,455,413,24,559,1069,169,73,682,733,111,dahye,lean_forward,1
362,1786867205.732862,0,0,0,0,0,0,0,0,0,0,142,485,501,597,503,585,475,520,591,498,559,521,461,412,25,558,1067,171,73,669,733,117,dahye,lean_forward,1
363,1786867205.752864,0,0,0,0,0,0,0,0,0,0,139,487,503,599,503,589,477,520,603,499,559,523,458,416,24,558,1067,169,69,687,733,111,dahye,lean_forward,1
364,1786867205.772832,0,0,0,0,0,0,0,0,0,0,141,489,503,598,505,585,475,522,603,499,559,508,458,413,25,558,1068,169,72,690,733,117,dahye,lean_forward,1
365,1786867205.792925,0,0,0,0,0,0,0,0,0,0,145,491,499,597,504,587,475,519,601,498,558,520,459,413,24,559,1066,173,69,686,733,114,dahye,lean_forward,1
366,1786867205.812919,0,0,0,0,0,0,0,0,0,0,148,489,501,599,503,589,475,521,589,498,558,520,457,413,30,557,1082,173,69,697,729,109,dahye,lean_forward,1
367,1786867205.832837,0,0,0,0,0,0,0,0,0,0,141,487,501,598,503,587,477,520,601,501,559,509,458,414,23,557,1067,171,72,695,732,106,dahye,lean_forward,1
368,1786867205.852873,0,0,0,0,0,0,0,0,0,0,147,489,503,599,503,587,476,521,601,495,557,519,459,415,23,557,1067,169,75,664,733,111,dahye,lean_forward,1
369,1786867205.872832,0,0,0,0,0,0,0,0,0,0,141,494,503,599,503,589,477,520,611,501,559,523,457,413,26,564,1067,175,75,680,731,109,dahye,lean_forward,1
370,1786867205.892820,0,0,0,0,0,0,0,0,0,0,141,486,499,599,501,591,477,521,602,499,558,519,459,413,24,560,1067,171,71,672,733,111,dahye,lean_forward,1
371,1786867205.912849,0,0,0,0,0,0,0,0,0,0,143,485,503,591,503,589,477,520,602,497,563,519,457,411,27,562,1065,170,69,695,731,114,dahye,lean_forward,1
372,1786867205.932875,0,0,0,0,0,0,0,0,0,0,143,490,509,597,503,587,477,521,595,495,559,509,457,415,23,558,1068,171,75,687,731,111,dahye,lean_forward,1
373,1786867205.952874,0,0,0,0,0,0,0,0,0,0,146,490,503,597,505,587,476,520,610,499,559,521,458,415,23,556,1067,173,67,671,731,115,dahye,lean_forward,1
374,1786867205.971846,0,0,0,0,0,0,0,0,0,0,147,489,499,597,501,589,477,519,601,495,559,509,459,415,24,557,1068,171,71,671,735,107,dahye,lean_forward,1
375,1786867205.992908,0,0,0,0,0,0,0,0,0,0,147,487,501,599,509,591,477,519,604,495,557,517,459,413,25,557,1067,169,75,681,732,120,dahye,lean_forward,1
376,1786867206.012823,0,0,0,0,0,0,0,0,0,0,147,491,503,596,503,589,477,520,602,495,559,521,457,415,23,562,1069,171,74,682,732,107,dahye,lean_forward,1
377,1786867206.032863,0,0,0,0,0,0,0,0,0,0,147,490,503,598,502,602,476,517,601,499,557,509,457,413,0,559,1061,171,71,687,735,117,dahye,lean_forward,1
378,1786867206.052881,0,0,0,0,0,0,0,0,0,0,141,483,501,597,501,589,475,520,601,505,559,519,459,414,24,558,1067,169,73,685,731,109,dahye,lean_forward,1
379,1786867206.072838,0,0,0,0,0,0,0,0,0,0,147,487,493,599,503,585,476,520,599,499,558,521,458,415,25,559,1068,169,72,687,733,101,dahye,lean_forward,1
380,1786867206.092827,0,0,0,0,0,0,0,0,0,0,146,489,503,597,502,590,477,519,601,499,559,521,459,415,25,555,1068,171,74,701,733,107,dahye,lean_forward,1
381,1786867206.112949,0,0,0,0,0,0,0,0,0,0,146,489,495,597,502,589,475,519,598,495,570,519,455,415,23,557,1067,173,85,685,734,113,dahye,lean_forward,1
382,1786867206.132895,0,0,0,0,0,0,0,0,0,0,148,477,500,597,503,585,476,520,601,499,563,508,457,413,53,558,1069,170,72,685,733,139,dahye,lean_forward,1
383,1786867206.152147,0,0,0,0,0,0,0,0,0,0,141,491,501,597,507,590,476,519,602,495,551,519,459,415,25,564,1067,171,86,686,735,112,dahye,lean_forward,1
384,1786867206.172864,0,0,0,0,0,0,0,0,0,0,142,489,501,597,503,589,477,504,603,495,557,519,459,413,25,555,1067,174,73,685,731,111,dahye,lean_forward,1
385,1786867206.192857,0,0,0,0,0,0,0,0,0,0,143,484,501,597,489,587,477,520,602,499,557,519,460,413,25,557,1067,169,92,691,732,109,dahye,lean_forward,1
386,1786867206.212839,0,0,0,0,0,0,0,0,0,0,147,490,501,599,503,590,476,520,603,494,563,509,459,413,26,559,1063,171,73,682,733,108,dahye,lean_forward,1
387,1786867206.232864,0,0,0,0,0,0,0,0,0,0,141,491,501,599,499,595,475,521,604,495,549,520,455,419,25,563,1067,171,71,687,733,117,dahye,lean_forward,1
388,1786867206.252889,0,0,0,0,0,0,0,0,0,0,141,473,495,599,499,593,477,509,603,495,559,524,460,413,23,557,1068,171,77,691,734,114,dahye,lean_forward,1
389,1786867206.272851,0,0,0,0,0,0,0,0,0,0,143,491,501,597,501,587,477,523,605,496,557,519,457,416,25,553,1067,180,83,687,733,112,dahye,lean_forward,1
390,1786867206.292840,0,0,0,0,0,0,0,0,0,0,143,501,501,598,502,587,476,520,599,495,553,520,457,413,25,559,1067,169,57,687,732,111,dahye,lean_forward,1
391,1786867206.312815,0,0,0,0,0,0,0,0,0,0,147,492,501,599,500,588,476,519,600,499,559,508,459,414,26,559,1068,169,73,681,733,112,dahye,lean_forward,1
392,1786867206.332861,0,0,0,0,0,0,0,0,0,0,143,493,503,603,501,588,477,520,603,499,559,519,457,435,25,556,1068,173,73,687,733,111,dahye,lean_forward,1
393,1786867206.352880,0,0,0,0,0,0,0,0,0,0,145,489,501,599,499,588,478,521,601,499,565,519,457,415,23,556,1067,156,93,687,733,111,dahye,lean_forward,1
394,1786867206.372852,0,0,0,0,0,0,0,0,0,0,143,489,501,599,501,589,478,520,600,485,557,519,459,414,25,555,1067,173,73,689,734,111,dahye,lean_forward,1
395,1786867206.392892,0,0,0,0,0,0,0,0,0,0,142,489,501,597,505,589,477,520,599,500,564,520,457,413,26,557,1066,167,73,691,734,111,dahye,lean_forward,1
396,1786867206.412788,0,0,0,0,0,0,0,0,0,0,143,503,499,597,502,588,476,521,601,499,557,518,457,415,24,559,1067,185,76,691,733,115,dahye,lean_forward,1
397,1786867206.432824,0,0,0,0,0,0,0,0,0,0,125,488,505,596,503,591,477,519,605,510,557,519,457,414,25,557,1083,169,61,691,733,111,dahye,lean_forward,1
398,1786867206.452891,0,0,0,0,0,0,0,0,0,0,147,490,501,597,498,589,477,520,605,495,565,520,457,403,25,557,1067,169,73,691,734,111,dahye,lean_forward,1
399,1786867206.472840,0,0,0,0,0,0,0,0,0,0,139,489,501,597,507,587,476,530,596,501,565,521,456,425,26,557,1067,174,73,691,738,111,dahye,lean_forward,1
400,1786867206.492824,0,0,0,0,0,0,0,0,0,0,147,489,500,597,502,590,477,521,603,499,564,520,456,412,24,558,1067,173,73,691,735,114,dahye,lean_forward,1
401,1786867206.512870,0,0,0,0,0,0,0,0,0,0,135,489,501,597,503,587,476,521,601,495,557,508,457,415,25,557,1067,171,73,687,733,104,dahye,lean_forward,1
402,1786867206.532871,0,0,0,0,0,0,0,0,0,0,123,487,501,597,499,593,476,521,603,504,563,519,458,419,25,559,1069,169,72,693,733,114,dahye,lean_forward,1
403,1786867206.552850,0,0,0,0,0,0,0,0,0,0,142,489,501,599,501,591,477,521,604,498,563,520,459,413,26,554,1067,174,73,691,733,111,dahye,lean_forward,1
404,1786867206.572866,0,0,0,0,0,0,0,0,0,0,137,489,501,599,501,605,476,521,603,501,573,519,457,419,23,559,1067,179,73,692,733,109,dahye,lean_forward,1
405,1786867206.592820,0,0,0,0,0,0,0,0,0,0,146,487,500,597,503,587,477,517,603,496,559,519,459,415,26,563,1066,171,73,693,729,112,dahye,lean_forward,1
406,1786867206.612828,0,0,0,0,0,0,0,0,0,0,135,488,501,597,503,585,476,521,602,493,556,520,458,419,24,555,1069,173,71,695,731,117,dahye,lean_forward,1
407,1786867206.632860,0,0,0,0,0,0,0,0,0,0,120,489,501,599,502,595,476,521,603,499,565,520,462,409,26,557,1066,172,75,693,735,111,dahye,lean_forward,1
408,1786867206.652863,0,0,0,0,0,0,0,0,0,0,125,487,501,597,499,591,477,507,607,499,559,519,459,413,27,557,1069,175,75,693,733,114,dahye,lean_forward,1
409,1786867206.672849,0,0,0,0,0,0,0,0,0,0,125,487,501,597,504,585,476,511,603,501,555,520,463,409,23,553,1067,179,75,693,740,114,dahye,lean_forward,1
410,1786867206.692903,0,0,0,0,0,0,0,0,0,0,125,487,499,597,503,588,477,510,603,499,558,519,457,413,25,557,1069,179,77,689,733,114,dahye,lean_forward,1
411,1786867206.712831,0,0,0,0,0,0,0,0,0,0,125,489,499,597,501,591,476,519,600,499,559,520,459,413,25,557,1067,171,77,677,733,119,dahye,lean_forward,1
412,1786867206.732958,0,0,0,0,0,0,0,0,0,0,123,485,495,598,503,589,477,520,603,499,557,518,458,415,26,557,1067,171,76,691,733,114,dahye,lean_forward,1
413,1786867206.752900,0,0,0,0,0,0,0,0,0,0,121,488,503,597,503,575,477,519,590,499,555,518,455,416,28,558,1067,167,74,693,733,111,dahye,lean_forward,1
414,1786867206.772847,0,0,0,0,0,0,0,0,0,0,123,488,500,598,501,600,475,519,603,500,559,519,456,413,27,557,1067,173,75,691,734,115,dahye,lean_forward,1
415,1786867206.792882,0,0,0,0,0,0,0,0,0,0,125,488,499,597,505,585,475,517,611,495,554,520,459,413,22,553,1067,175,75,693,733,111,dahye,lean_forward,1
416,1786867206.812837,0,0,0,0,0,0,0,0,0,0,125,491,502,597,501,589,477,524,601,498,563,521,455,409,27,559,1067,169,70,691,733,117,dahye,lean_forward,1
417,1786867206.832951,0,0,0,0,0,0,0,0,0,0,125,487,500,597,503,591,477,518,589,499,559,518,457,413,27,556,1065,175,71,693,735,119,dahye,lean_forward,1
418,1786867206.852936,0,0,0,0,0,0,0,0,0,0,122,489,501,597,501,591,476,523,601,492,557,519,455,410,25,563,1067,173,75,694,732,115,dahye,lean_forward,1
419,1786867206.872837,0,0,0,0,0,0,0,0,0,0,122,487,501,597,499,599,477,519,603,499,553,521,455,412,29,557,1067,175,75,695,735,115,dahye,lean_forward,1
420,1786867206.892889,0,0,0,0,0,0,0,0,0,0,123,488,501,600,504,587,475,518,601,499,563,519,457,414,28,557,1067,167,75,696,735,116,dahye,lean_forward,1
421,1786867206.912841,0,0,0,0,0,0,0,0,0,0,121,490,509,597,501,581,475,519,605,498,559,502,459,415,24,555,1067,169,71,691,729,125,dahye,lean_forward,1
422,1786867206.932818,0,0,0,0,0,0,0,0,0,0,123,495,500,596,501,587,476,519,601,501,559,519,458,410,27,556,1066,174,75,695,733,115,dahye,lean_forward,1
423,1786867206.952875,0,0,0,0,0,0,0,0,0,0,121,487,501,597,503,589,477,519,601,499,547,519,459,413,27,557,1066,167,75,693,737,115,dahye,lean_forward,1
424,1786867206.972826,0,0,0,0,0,0,0,0,0,0,123,486,499,596,505,587,473,520,605,494,557,521,459,413,29,554,1067,169,74,695,724,118,dahye,lean_forward,1
425,1786867206.992836,0,0,0,0,0,0,0,0,0,0,117,487,498,597,507,587,475,519,601,495,571,521,457,415,30,556,1065,178,75,695,741,115,dahye,lean_forward,1
426,1786867207.012182,0,0,0,0,0,0,0,0,0,0,123,490,499,595,499,585,475,517,601,494,551,502,462,414,28,555,1067,171,71,695,739,117,dahye,lean_forward,1
427,1786867207.031840,0,0,0,0,0,0,0,0,0,0,119,485,499,591,487,585,473,508,601,495,571,519,461,419,29,557,1066,153,75,693,751,117,dahye,lean_forward,1
428,1786867207.052914,0,0,0,0,0,0,0,0,0,0,127,486,499,597,499,587,475,508,602,500,563,520,461,413,27,553,1065,167,76,694,727,117,dahye,lean_forward,1
429,1786867207.072860,0,0,0,0,0,0,0,0,0,0,135,485,499,595,499,585,473,518,601,499,559,519,459,413,29,555,1063,169,75,695,741,111,dahye,lean_forward,1
430,1786867207.092868,0,0,0,0,0,0,0,0,0,0,120,485,500,595,519,589,474,509,605,500,556,521,455,419,26,553,1065,171,70,683,738,115,dahye,lean_forward,1
431,1786867207.112880,0,0,0,0,0,0,0,0,0,0,125,489,499,595,499,585,475,517,601,493,572,521,455,414,28,551,1065,168,75,695,751,118,dahye,lean_forward,1
432,1786867207.132865,0,0,0,0,0,0,0,0,0,0,120,483,495,595,499,585,473,518,601,484,557,517,453,415,29,552,1065,167,74,693,739,116,dahye,lean_forward,1
433,1786867207.152946,0,0,0,0,0,0,0,0,0,0,119,485,499,597,501,585,475,517,601,519,559,520,457,410,29,551,1067,173,75,695,740,117,dahye,lean_forward,1
434,1786867207.172871,0,0,0,0,0,0,0,0,0,0,111,485,499,595,501,586,475,517,600,499,562,520,463,425,29,551,1063,169,77,695,745,118,dahye,lean_forward,1
435,1786867207.192851,0,0,0,0,0,0,0,0,0,0,119,476,499,597,503,585,475,509,600,499,559,509,447,413,31,557,1065,167,77,695,739,136,dahye,lean_forward,1
436,1786867207.213031,0,0,0,0,0,0,0,0,0,0,121,485,495,595,522,586,475,517,601,499,559,520,459,410,28,553,1065,167,75,696,739,117,dahye,lean_forward,1
437,1786867207.232852,0,0,0,0,0,0,0,0,0,0,120,485,495,591,495,585,473,509,603,501,559,519,456,418,29,553,1065,168,77,696,743,115,dahye,lean_forward,1
438,1786867207.252897,0,0,0,0,0,0,0,0,0,0,113,485,498,596,499,585,475,530,601,499,559,520,458,413,29,551,1067,169,77,697,744,117,dahye,lean_forward,1
439,1786867207.272895,0,0,0,0,0,0,0,0,0,0,139,485,499,596,499,585,475,519,601,496,563,519,459,413,31,555,1065,167,77,697,739,116,dahye,lean_forward,1
440,1786867207.292871,0,0,0,0,0,0,0,0,0,0,125,490,499,599,508,586,474,519,605,498,559,520,459,420,31,557,1064,169,73,699,741,125,dahye,lean_forward,1
441,1786867207.312838,0,0,0,0,0,0,0,0,0,0,121,485,498,596,499,585,474,520,603,499,562,519,455,415,28,555,1065,173,76,698,741,117,dahye,lean_forward,1
442,1786867207.332888,0,0,0,0,0,0,0,0,0,0,121,485,495,590,501,586,475,519,601,499,562,521,457,415,25,555,1067,169,77,693,740,110,dahye,lean_forward,1
443,1786867207.352865,0,0,0,0,0,0,0,0,0,0,139,485,499,597,500,585,475,508,601,497,559,521,455,413,29,558,1067,169,75,699,740,117,dahye,lean_forward,1
444,1786867207.372839,0,0,0,0,0,0,0,0,0,0,122,485,499,597,499,585,475,519,602,489,558,521,459,413,29,556,1067,169,73,697,739,117,dahye,lean_forward,1
445,1786867207.392874,0,0,0,0,0,0,0,0,0,0,121,484,499,595,499,584,475,511,600,499,560,520,456,413,30,555,1065,169,75,696,737,119,dahye,lean_forward,1
446,1786867207.412886,0,0,0,0,0,0,0,0,0,0,123,485,499,599,501,587,474,519,602,499,561,521,455,415,26,555,1063,169,77,699,739,117,dahye,lean_forward,1
447,1786867207.432826,0,0,0,0,0,0,0,0,0,0,120,485,499,595,501,585,475,519,601,496,560,521,457,419,28,541,1065,169,76,698,734,116,dahye,lean_forward,1
448,1786867207.452876,0,0,0,0,0,0,0,0,0,0,121,485,499,595,501,585,476,520,601,496,559,521,461,415,28,551,1065,173,76,699,735,116,dahye,lean_forward,1
449,1786867207.472869,0,0,0,0,0,0,0,0,0,0,121,485,499,595,502,585,475,519,604,499,559,521,460,405,35,557,1063,169,75,698,739,117,dahye,lean_forward,1
450,1786867207.492858,0,0,0,0,0,0,0,0,0,0,115,485,495,595,500,586,474,519,602,499,559,519,456,415,28,558,1065,172,75,697,739,117,dahye,lean_forward,1
451,1786867207.512213,0,0,0,0,0,0,0,0,0,0,121,485,499,597,500,586,475,509,603,499,563,521,459,415,25,573,1065,171,77,699,736,117,dahye,lean_forward,1
452,1786867207.532419,0,0,0,0,0,0,0,0,0,0,121,485,499,595,499,585,475,521,603,500,559,521,459,415,29,555,1063,170,77,697,741,117,dahye,lean_forward,1
453,1786867207.552929,0,0,0,0,0,0,0,0,0,0,121,483,501,591,499,585,475,519,600,499,559,520,455,421,28,553,1064,172,77,701,735,117,dahye,lean_forward,1
454,1786867207.572898,0,0,0,0,0,0,0,0,0,0,120,477,499,597,500,585,475,519,602,495,563,521,457,415,26,555,1063,171,77,695,740,115,dahye,lean_forward,1
455,1786867207.592933,0,0,0,0,0,0,0,0,0,0,119,481,495,594,499,584,474,507,599,499,563,521,457,413,27,555,1063,171,75,697,739,117,dahye,lean_forward,1
456,1786867207.612890,0,0,0,0,0,0,0,0,0,0,121,482,497,597,500,585,473,519,601,499,563,521,457,416,24,553,1067,171,77,698,739,111,dahye,lean_forward,1
457,1786867207.632861,0,0,0,0,0,0,0,0,0,0,121,483,495,591,499,585,474,517,603,499,563,521,463,415,25,547,1063,171,75,695,739,117,dahye,lean_forward,1
458,1786867207.652880,0,0,0,0,0,0,0,0,0,0,121,483,495,595,499,585,473,521,603,499,560,520,460,416,25,553,1063,171,74,699,741,117,dahye,lean_forward,1
459,1786867207.672867,0,0,0,0,0,0,0,0,0,0,121,483,495,595,493,585,475,520,603,499,563,520,457,415,30,553,1065,177,77,698,740,119,dahye,lean_forward,1
460,1786867207.692921,0,0,0,0,0,0,0,0,0,0,119,485,493,591,499,585,473,519,602,499,560,520,457,416,30,555,1064,169,75,695,750,117,dahye,lean_forward,1
461,1786867207.712885,0,0,0,0,0,0,0,0,0,0,120,483,495,595,497,585,472,519,601,499,559,523,459,414,29,553,1061,171,75,699,759,118,dahye,lean_forward,1
462,1786867207.733022,0,0,0,0,0,0,0,0,0,0,123,482,499,596,507,587,475,519,601,498,559,521,459,415,30,555,1065,170,75,701,739,117,dahye,lean_forward,1
463,1786867207.752885,0,0,0,0,0,0,0,0,0,0,119,484,499,595,496,585,473,519,596,499,563,520,455,413,26,554,1063,171,76,697,735,116,dahye,lean_forward,1
464,1786867207.772861,0,0,0,0,0,0,0,0,0,0,121,483,498,595,490,587,474,519,603,496,557,519,446,415,27,554,1065,171,77,702,739,117,dahye,lean_forward,1
465,1786867207.792941,0,0,0,0,0,0,0,0,0,0,121,483,492,594,495,587,475,520,604,494,563,520,460,415,26,555,1063,171,77,699,738,117,dahye,lean_forward,1
466,1786867207.812930,0,0,0,0,0,0,0,0,0,0,121,479,499,597,500,585,475,520,603,499,558,523,459,416,25,553,1061,171,81,697,741,117,dahye,lean_forward,1
467,1786867207.832400,0,0,0,0,0,0,0,0,0,0,121,485,499,593,499,585,473,519,602,499,560,522,457,417,0,555,1061,170,75,699,735,117,dahye,lean_forward,1
468,1786867207.852922,0,0,0,0,0,0,0,0,0,0,122,485,499,599,499,587,475,520,603,499,563,520,461,415,25,555,1063,169,74,699,738,117,dahye,lean_forward,1
469,1786867207.872912,0,0,0,0,0,0,0,0,0,0,119,487,499,598,500,587,475,520,603,499,563,521,459,415,25,555,1063,171,75,697,739,112,dahye,lean_forward,1
470,1786867207.892867,0,0,0,0,0,0,0,0,0,0,121,482,500,594,500,586,475,519,603,499,560,521,461,414,51,555,1065,169,79,695,733,117,dahye,lean_forward,1
471,1786867207.912883,0,0,0,0,0,0,0,0,0,0,121,483,499,591,500,586,475,519,603,499,559,519,459,415,27,555,1066,171,73,699,739,116,dahye,lean_forward,1
472,1786867207.932857,0,0,0,0,0,0,0,0,0,0,121,484,499,595,500,586,475,520,603,499,562,521,457,415,28,555,1063,171,76,697,739,116,dahye,lean_forward,1
473,1786867207.952863,0,0,0,0,0,0,0,0,0,0,123,483,499,597,501,585,474,519,600,499,563,519,459,415,29,553,1064,172,75,695,735,117,dahye,lean_forward,1
474,1786867207.972872,0,0,0,0,0,0,0,0,0,0,121,483,499,598,500,587,474,520,603,499,560,521,461,416,29,555,1067,171,77,698,739,115,dahye,lean_forward,1
475,1786867207.992876,0,0,0,0,0,0,0,0,0,0,120,485,495,597,500,587,475,519,603,501,563,519,457,415,31,554,1062,171,76,697,739,117,dahye,lean_forward,1
476,1786867208.012850,0,0,0,0,0,0,0,0,0,0,123,483,500,587,501,585,475,521,603,499,563,522,459,413,22,555,1067,171,75,700,745,109,dahye,lean_forward,1
477,1786867208.032135,0,0,0,0,0,0,0,0,0,0,122,483,499,601,501,587,473,521,601,499,557,521,459,422,25,555,1067,171,75,697,740,115,dahye,lean_forward,1
478,1786867208.052909,0,0,0,0,0,0,0,0,0,0,123,483,495,595,500,587,475,519,603,499,563,509,458,413,26,555,1063,169,75,697,734,111,dahye,lean_forward,1
479,1786867208.072878,0,0,0,0,0,0,0,0,0,0,123,485,499,613,501,586,475,521,603,499,563,519,459,415,30,553,1067,171,77,699,737,117,dahye,lean_forward,1
480,1786867208.092882,0,0,0,0,0,0,0,0,0,0,121,483,495,601,501,587,475,521,603,499,563,517,459,415,21,553,1066,171,75,697,738,115,dahye,lean_forward,1
481,1786867208.112862,0,0,0,0,0,0,0,0,0,0,121,485,494,604,501,587,475,519,603,499,563,519,459,422,23,554,1095,171,75,697,749,115,dahye,lean_forward,1
482,1786867208.132881,0,0,0,0,0,0,0,0,0,0,122,485,499,595,499,585,475,517,603,500,559,518,459,415,25,553,1067,171,76,701,739,117,dahye,lean_forward,1
483,1786867208.152850,0,0,0,0,0,0,0,0,0,0,121,485,497,583,501,587,475,518,603,499,563,520,458,415,22,555,1067,172,82,699,739,111,dahye,lean_forward,1
484,1786867208.172848,0,0,0,0,0,0,0,0,0,0,121,486,499,599,500,587,474,519,603,499,563,520,459,418,27,555,1061,171,75,699,738,117,dahye,lean_forward,1
485,1786867208.192925,0,0,0,0,0,0,0,0,0,0,122,486,493,597,501,587,475,521,601,499,563,518,459,415,25,557,1065,171,73,700,739,109,dahye,lean_forward,1
486,1786867208.212985,0,0,0,0,0,0,0,0,0,0,122,483,499,597,501,587,475,519,603,499,559,519,457,415,26,555,1065,171,75,697,735,115,dahye,lean_forward,1
487,1786867208.232844,0,0,0,0,0,0,0,0,0,0,121,483,495,595,500,585,473,519,603,499,563,523,459,415,27,555,1067,172,73,699,735,111,dahye,lean_forward,1
488,1786867208.252918,0,0,0,0,0,0,0,0,0,0,123,487,501,597,499,585,475,521,603,499,559,520,459,415,31,559,1065,171,75,719,739,115,dahye,lean_forward,1
489,1786867208.272876,0,0,0,0,0,0,0,0,0,0,125,483,501,595,500,587,475,521,603,499,563,520,459,415,22,556,1061,170,76,697,737,115,dahye,lean_forward,1
490,1786867208.292870,0,0,0,0,0,0,0,0,0,0,121,485,499,599,501,587,475,520,603,499,563,521,459,419,29,556,1063,172,75,701,739,116,dahye,lean_forward,1
491,1786867208.312921,0,0,0,0,0,0,0,0,0,0,123,483,493,595,501,587,474,509,604,501,559,532,459,419,27,555,1067,172,75,703,735,119,dahye,lean_forward,1
492,1786867208.332964,0,0,0,0,0,0,0,0,0,0,123,483,500,593,501,587,475,519,601,501,565,519,459,416,31,555,1063,172,77,688,739,115,dahye,lean_forward,1
493,1786867208.352879,0,0,0,0,0,0,0,0,0,0,123,487,500,600,499,588,475,520,601,501,563,521,459,415,26,555,1069,171,77,697,735,114,dahye,lean_forward,1
494,1786867208.372857,0,0,0,0,0,0,0,0,0,0,123,482,499,598,500,585,475,521,601,499,563,523,459,415,26,555,1059,171,75,696,740,117,dahye,lean_forward,1
495,1786867208.392904,0,0,0,0,0,0,0,0,0,0,125,484,495,595,501,584,475,521,603,499,563,520,459,415,27,557,1067,171,75,699,739,115,dahye,lean_forward,1
496,1786867208.412861,0,0,0,0,0,0,0,0,0,0,121,483,495,597,500,585,475,521,603,499,563,521,459,418,27,557,1063,171,75,697,738,115,dahye,lean_forward,1
497,1786867208.432909,0,0,0,0,0,0,0,0,0,0,121,483,500,595,501,587,475,521,605,499,563,519,459,415,27,555,1061,171,76,697,739,115,dahye,lean_forward,1
498,1786867208.452914,0,0,0,0,0,0,0,0,0,0,121,483,503,600,496,587,476,519,605,498,563,524,459,416,26,551,1067,173,76,696,735,119,dahye,lean_forward,1
499,1786867208.472867,0,0,0,0,0,0,0,0,0,0,123,487,501,590,499,587,475,521,601,500,563,521,458,415,27,555,1071,172,75,699,739,115,dahye,lean_forward,1
500,1786867208.492864,0,0,0,0,0,0,0,0,0,0,123,487,499,595,500,588,475,521,603,500,563,519,459,416,30,555,1065,171,77,694,735,109,dahye,lean_forward,1
501,1786867208.512876,0,0,0,0,0,0,0,0,0,0,123,485,491,601,501,589,475,521,605,501,563,523,459,415,0,555,1071,171,77,699,735,117,dahye,lean_forward,1
502,1786867208.532950,0,0,0,0,0,0,0,0,0,0,123,477,501,590,499,585,475,519,601,499,559,529,461,415,28,558,1066,172,74,699,739,111,dahye,lean_forward,1
503,1786867208.552229,0,0,0,0,0,0,0,0,0,0,121,485,495,597,501,587,475,521,604,499,565,521,460,419,23,555,1064,172,75,697,738,118,dahye,lean_forward,1
504,1786867208.572881,0,0,0,0,0,0,0,0,0,0,123,485,500,595,495,589,475,519,603,501,568,521,468,411,26,555,1066,173,75,699,739,116,dahye,lean_forward,1
505,1786867208.592943,0,0,0,0,0,0,0,0,0,0,123,485,499,596,495,587,475,519,604,495,583,521,459,415,26,553,1067,171,75,699,735,115,dahye,lean_forward,1
506,1786867208.612867,0,0,0,0,0,0,0,0,0,0,122,483,500,598,501,587,475,521,603,499,559,521,459,418,44,555,1071,169,77,695,734,117,dahye,lean_forward,1
507,1786867208.632928,0,0,0,0,0,0,0,0,0,0,122,483,495,595,501,589,475,520,603,500,563,523,460,411,30,555,1064,171,77,696,731,109,dahye,lean_forward,1
508,1786867208.652870,0,0,0,0,0,0,0,0,0,0,121,485,495,595,501,587,474,521,603,500,562,519,460,415,20,553,1067,172,75,698,735,115,dahye,lean_forward,1
509,1786867208.672902,0,0,0,0,0,0,0,0,0,0,124,484,501,595,499,589,475,519,601,501,564,519,459,418,25,557,1063,175,83,693,734,115,dahye,lean_forward,1
510,1786867208.692882,0,0,0,0,0,0,0,0,0,0,123,485,503,595,501,587,473,521,602,500,559,507,459,415,25,553,1069,173,73,699,738,111,dahye,lean_forward,1
511,1786867208.712582,0,0,0,0,0,0,0,0,0,0,124,479,493,597,502,587,475,521,601,499,565,521,459,415,23,554,1060,175,81,701,735,116,dahye,lean_forward,1
512,1786867208.732231,0,0,0,0,0,0,0,0,0,0,122,487,498,593,501,587,474,521,604,499,563,520,459,419,23,553,1063,172,77,696,735,111,dahye,lean_forward,1
513,1786867208.753041,0,0,0,0,0,0,0,0,0,0,123,484,494,610,501,587,475,521,603,499,565,519,458,415,21,555,1062,171,71,698,738,107,dahye,lean_forward,1
514,1786867208.772881,0,0,0,0,0,0,0,0,0,0,123,475,501,605,500,587,477,520,602,501,564,521,459,419,24,555,1061,169,72,698,735,116,dahye,lean_forward,1
515,1786867208.792923,0,0,0,0,0,0,0,0,0,0,121,477,500,596,501,585,475,520,603,499,559,520,459,415,23,553,1055,169,71,709,738,115,dahye,lean_forward,1
516,1786867208.812883,0,0,0,0,0,0,0,0,0,0,123,495,504,611,500,589,475,520,605,501,565,523,459,419,23,555,1064,171,74,712,751,116,dahye,lean_forward,1
517,1786867208.832725,0,0,0,0,0,0,0,0,0,0,123,487,499,598,500,587,475,519,604,501,563,521,459,415,23,555,1064,171,75,695,737,117,dahye,lean_forward,1
518,1786867208.853073,0,0,0,0,0,0,0,0,0,0,121,469,499,589,499,587,475,522,603,503,559,529,461,419,22,555,1059,169,71,697,735,109,dahye,lean_forward,1
519,1786867208.872995,0,0,0,0,0,0,0,0,0,0,123,471,501,599,500,589,475,521,605,501,564,520,459,416,21,556,1065,173,75,703,735,123,dahye,lean_forward,1
520,1786867208.892958,0,0,0,0,0,0,0,0,0,0,123,487,493,597,503,581,475,522,603,501,565,521,461,419,20,554,1065,168,79,699,735,123,dahye,lean_forward,1
521,1786867208.912904,0,0,0,0,0,0,0,0,0,0,124,483,501,613,501,589,475,522,604,501,563,518,459,415,22,555,1081,173,79,697,735,109,dahye,lean_forward,1
522,1786867208.932933,0,0,0,0,0,0,0,0,0,0,125,482,493,596,503,589,476,521,605,501,565,523,459,421,23,556,1065,170,76,699,734,116,dahye,lean_forward,1
523,1786867208.952948,0,0,0,0,0,0,0,0,0,0,125,483,499,595,501,588,475,521,605,501,565,521,459,419,21,553,1056,175,75,701,735,120,dahye,lean_forward,1
524,1786867208.972850,0,0,0,0,0,0,0,0,0,0,121,485,499,597,499,590,475,521,604,500,560,524,461,419,21,554,1065,173,68,699,735,115,dahye,lean_forward,1
525,1786867208.992911,0,0,0,0,0,0,0,0,0,0,125,485,499,595,499,589,475,519,604,499,567,520,460,415,20,553,1063,173,73,698,733,111,dahye,lean_forward,1
526,1786867209.012833,0,0,0,0,0,0,0,0,0,0,124,485,493,596,501,587,475,520,605,501,563,522,460,421,21,553,1065,175,75,697,733,108,dahye,lean_forward,1
527,1786867209.032898,0,0,0,0,0,0,0,0,0,0,123,487,499,596,503,585,475,521,603,501,563,518,459,418,20,555,1065,173,77,701,734,117,dahye,lean_forward,1
528,1786867209.052214,0,0,0,0,0,0,0,0,0,0,121,483,503,596,499,585,475,521,605,501,564,522,459,415,22,552,1067,174,71,699,735,115,dahye,lean_forward,1
529,1786867209.072897,0,0,0,0,0,0,0,0,0,0,123,489,499,597,501,587,475,521,605,503,562,520,460,419,20,551,1063,175,74,701,735,111,dahye,lean_forward,1
530,1786867209.092835,0,0,0,0,0,0,0,0,0,0,122,485,500,601,501,590,477,522,605,499,563,525,461,419,21,553,1067,173,71,697,734,111,dahye,lean_forward,1
531,1786867209.112843,0,0,0,0,0,0,0,0,0,0,121,487,495,595,503,587,473,521,601,500,563,523,459,419,21,553,1065,173,75,696,735,115,dahye,lean_forward,1
532,1786867209.132896,0,0,0,0,0,0,0,0,0,0,126,488,495,595,501,587,476,523,603,502,564,519,461,419,21,584,1065,169,77,709,734,115,dahye,lean_forward,1
533,1786867209.152863,0,0,0,0,0,0,0,0,0,0,124,485,501,596,501,588,473,521,603,501,563,519,460,419,20,553,1065,172,75,697,734,115,dahye,lean_forward,1
534,1786867209.172852,0,0,0,0,0,0,0,0,0,0,121,485,495,595,499,589,475,521,605,501,567,527,460,418,0,555,1065,173,83,697,734,118,dahye,lean_forward,1
535,1786867209.192884,0,0,0,0,0,0,0,0,0,0,121,477,489,597,495,586,477,523,605,499,569,523,459,414,0,567,1063,175,77,698,735,111,dahye,lean_forward,1
536,1786867209.212854,0,0,0,0,0,0,0,0,0,0,124,479,485,596,503,591,475,522,607,503,564,520,460,420,0,553,1064,169,79,690,735,115,dahye,lean_forward,1
537,1786867209.232849,0,0,0,0,0,0,0,0,0,0,123,486,493,597,503,589,475,521,603,499,567,520,459,421,20,553,1063,171,74,703,733,115,dahye,lean_forward,1
538,1786867209.252916,0,0,0,0,0,0,0,0,0,0,125,483,495,595,501,595,475,521,605,501,563,525,459,415,0,549,1063,172,73,709,735,117,dahye,lean_forward,1
539,1786867209.272920,0,0,0,0,0,0,0,0,0,0,123,479,503,596,501,587,474,523,611,499,563,521,459,419,21,555,1065,175,77,691,735,107,dahye,lean_forward,1
540,1786867209.292907,0,0,0,0,0,0,0,0,0,0,123,488,499,597,499,591,477,522,603,501,566,520,460,419,0,552,1063,173,70,699,735,107,dahye,lean_forward,1
541,1786867209.312887,0,0,0,0,0,0,0,0,0,0,125,481,501,597,502,595,475,521,605,501,563,530,460,419,21,553,1065,174,72,698,735,139,dahye,lean_forward,1
542,1786867209.332734,0,0,0,0,0,0,0,0,0,0,121,484,493,597,500,589,474,519,615,499,563,521,465,420,22,557,1065,175,79,684,735,113,dahye,lean_forward,1
543,1786867209.352904,0,0,0,0,0,0,0,0,0,0,120,485,496,593,499,588,475,520,605,501,560,531,461,420,37,553,1054,171,71,699,733,101,dahye,lean_forward,1
544,1786867209.372853,0,0,0,0,0,0,0,0,0,0,119,487,505,593,502,594,475,521,607,500,564,521,461,420,0,549,1067,172,75,699,735,115,dahye,lean_forward,1
545,1786867209.392902,0,0,0,0,0,0,0,0,0,0,125,471,499,597,499,568,475,523,605,501,562,521,460,419,0,554,1065,170,73,699,735,109,dahye,lean_forward,1
546,1786867209.411982,0,0,0,0,0,0,0,0,0,0,121,491,501,595,498,587,477,521,605,501,565,520,459,419,0,552,1066,175,72,712,737,111,dahye,lean_forward,1
547,1786867209.432864,0,0,0,0,0,0,0,0,0,0,123,484,499,597,499,568,475,521,606,501,565,520,461,421,26,553,1065,173,73,696,734,109,dahye,lean_forward,1
548,1786867209.452938,0,0,0,0,0,0,0,0,0,0,125,493,501,596,501,588,474,526,607,504,572,523,460,421,20,551,1065,173,59,699,734,116,dahye,lean_forward,1
549,1786867209.472870,0,0,0,0,0,0,0,0,0,0,119,483,497,611,499,591,476,521,605,499,565,522,460,421,21,548,1067,172,75,699,734,115,dahye,lean_forward,1
550,1786867209.492897,0,0,0,0,0,0,0,0,0,0,123,485,491,597,499,581,475,521,601,503,566,519,459,415,20,553,1064,173,75,697,734,115,dahye,lean_forward,1
551,1786867209.512924,0,0,0,0,0,0,0,0,0,0,125,483,496,599,501,589,476,534,609,506,559,521,461,416,21,553,1069,171,73,699,735,111,dahye,lean_forward,1
552,1786867209.532848,0,0,0,0,0,0,0,0,0,0,123,475,500,597,501,585,475,521,605,501,565,521,459,415,0,554,1064,175,77,699,735,109,dahye,lean_forward,1
553,1786867209.552886,0,0,0,0,0,0,0,0,0,0,124,500,496,597,508,588,475,521,605,501,565,525,459,419,0,553,1064,174,75,699,735,99,dahye,lean_forward,1
554,1786867209.572185,0,0,0,0,0,0,0,0,0,0,123,485,499,597,503,589,475,521,605,501,565,519,460,411,21,553,1061,172,75,700,735,117,dahye,lean_forward,1
555,1786867209.592950,0,0,0,0,0,0,0,0,0,0,125,486,487,595,499,591,475,521,605,501,558,522,447,421,20,537,1063,174,75,683,735,115,dahye,lean_forward,1
556,1786867209.612918,0,0,0,0,0,0,0,0,0,0,141,483,499,597,501,585,475,519,601,503,564,521,460,416,20,553,1065,169,75,699,739,115,dahye,lean_forward,1
557,1786867209.632859,0,0,0,0,0,0,0,0,0,0,119,484,499,595,503,595,471,503,602,499,559,520,459,415,21,552,1065,169,85,696,739,116,dahye,lean_forward,1
558,1786867209.652951,0,0,0,0,0,0,0,0,0,0,119,477,498,593,501,586,468,493,599,521,558,519,455,413,20,549,1063,171,73,687,735,115,dahye,lean_forward,1
559,1786867209.672888,0,0,0,0,0,0,0,0,0,0,114,478,499,590,493,587,466,487,601,495,555,508,444,407,20,547,1063,163,57,685,733,111,dahye,lean_forward,1
560,1786867209.692871,0,0,0,0,0,0,0,0,0,0,111,468,493,587,495,587,466,487,601,495,557,507,442,402,21,547,1045,159,69,687,731,109,dahye,lean_forward,1
561,1786867209.712881,0,0,0,0,0,0,0,0,0,0,111,476,495,589,499,583,468,487,599,507,553,509,443,403,20,543,1063,169,72,692,729,109,dahye,lean_forward,1
562,1786867209.732901,0,0,0,0,0,0,0,0,0,0,115,478,497,591,495,587,469,487,602,493,553,509,441,398,0,535,1061,163,73,691,731,109,dahye,lean_forward,1
563,1786867209.752899,0,0,0,0,0,0,0,0,0,0,115,477,499,594,495,587,471,495,599,493,556,509,445,405,0,549,1065,167,71,696,729,104,dahye,lean_forward,1
564,1786867209.772903,0,0,0,0,0,0,0,0,0,0,111,482,495,594,495,585,473,501,601,492,559,518,453,403,22,551,1065,166,74,699,731,109,dahye,lean_forward,1
565,1786867209.792915,0,0,0,0,0,0,0,0,0,0,115,484,499,595,499,595,476,495,603,503,559,520,455,407,21,543,1068,157,75,700,731,109,dahye,lean_forward,1
566,1786867209.812876,0,0,0,0,0,0,0,0,0,0,123,485,499,594,501,589,477,503,604,503,551,520,455,409,20,552,1067,166,74,703,731,108,dahye,lean_forward,1
567,1786867209.832916,0,0,0,0,0,0,0,0,0,0,121,483,499,594,494,593,476,501,605,507,564,520,456,407,21,551,1067,164,88,699,731,105,dahye,lean_forward,1
568,1786867209.852928,0,0,0,0,0,0,0,0,0,0,121,483,503,595,501,593,476,500,604,499,559,519,453,411,21,555,1047,165,76,702,727,107,dahye,lean_forward,1
569,1786867209.872886,0,0,0,0,0,0,0,0,0,0,118,483,499,595,495,589,475,501,607,501,559,519,453,412,0,543,1066,162,74,701,729,107,dahye,lean_forward,1
570,1786867209.892881,0,0,0,0,0,0,0,0,0,0,99,485,499,595,499,595,477,503,600,518,558,519,455,409,0,548,1065,167,75,701,728,108,dahye,lean_forward,1
571,1786867209.911957,0,0,0,0,0,0,0,0,0,0,119,483,499,595,503,591,476,503,602,503,557,520,457,411,0,547,1065,169,57,697,728,111,dahye,lean_forward,1
572,1786867209.932991,0,0,0,0,0,0,0,0,0,0,119,485,491,595,503,589,477,504,615,505,561,521,455,410,22,547,1065,167,75,703,730,107,dahye,lean_forward,1
573,1786867209.952887,0,0,0,0,0,0,0,0,0,0,117,485,501,595,495,589,477,505,601,501,563,521,461,415,0,547,1066,172,75,703,731,108,dahye,lean_forward,1
574,1786867209.972956,0,0,0,0,0,0,0,0,0,0,123,485,499,595,501,593,479,507,595,503,560,523,457,414,0,547,1067,171,75,701,731,109,dahye,lean_forward,1
575,1786867209.992925,0,0,0,0,0,0,0,0,0,0,120,485,498,595,500,594,477,505,601,505,568,529,459,419,0,552,1064,168,77,703,731,107,dahye,lean_forward,1
576,1786867210.012878,0,0,0,0,0,0,0,0,0,0,121,479,493,596,503,595,478,504,611,503,559,522,457,425,0,543,1065,174,72,703,729,109,dahye,lean_forward,1
577,1786867210.032864,0,0,0,0,0,0,0,0,0,0,116,485,499,594,503,589,477,504,607,507,559,522,457,420,0,543,1064,174,72,703,729,109,dahye,lean_forward,1
578,1786867210.052991,0,0,0,0,0,0,0,0,0,0,119,483,499,595,494,588,475,504,611,501,559,521,459,411,0,537,1065,171,71,703,729,109,dahye,lean_forward,1
579,1786867210.072914,0,0,0,0,0,0,0,0,0,0,120,483,499,595,495,587,475,505,604,524,567,523,456,416,0,541,1063,172,71,701,727,109,dahye,lean_forward,1
580,1786867210.093007,0,0,0,0,0,0,0,0,0,0,133,485,501,596,499,590,476,505,604,503,564,525,465,419,0,543,1063,171,71,701,729,113,dahye,lean_forward,1
581,1786867210.113225,0,0,0,0,0,0,0,0,0,0,115,479,495,593,499,583,478,505,603,501,559,521,456,409,21,541,1066,167,72,701,727,107,dahye,lean_forward,1
582,1786867210.133191,0,0,0,0,0,0,0,0,0,0,124,485,499,595,501,587,478,507,609,501,563,521,460,419,0,543,1067,169,73,703,732,108,dahye,lean_forward,1
583,1786867210.152299,0,0,0,0,0,0,0,0,0,0,119,483,500,594,493,590,477,507,605,503,565,507,460,414,0,543,1067,171,76,703,731,119,dahye,lean_forward,1
584,1786867210.173103,0,0,0,0,0,0,0,0,0,0,120,486,517,597,503,595,479,505,605,503,557,522,456,415,0,543,1067,174,73,703,730,107,dahye,lean_forward,1
585,1786867210.193034,0,0,0,0,0,0,0,0,0,0,123,484,499,595,504,603,479,507,603,503,564,521,457,413,0,541,1067,175,73,703,729,108,dahye,lean_forward,1
586,1786867210.213063,0,0,0,0,0,0,0,0,0,0,120,485,499,595,503,583,477,506,607,502,564,519,457,415,0,541,1067,180,73,702,727,103,dahye,lean_forward,1
587,1786867210.232962,0,0,0,0,0,0,0,0,0,0,121,485,500,596,501,582,477,505,603,505,568,521,459,414,0,544,1067,169,73,701,728,107,dahye,lean_forward,1
588,1786867210.252982,0,0,0,0,0,0,0,0,0,0,135,489,503,597,501,591,477,509,605,503,565,531,457,419,0,547,1067,173,71,703,729,120,dahye,lean_forward,1
589,1786867210.272887,0,0,0,0,0,0,0,0,0,0,140,485,499,599,489,592,479,507,605,500,565,521,456,415,0,547,1067,181,72,703,729,108,dahye,lean_forward,1
590,1786867210.292965,0,0,0,0,0,0,0,0,0,0,141,484,500,595,501,591,479,509,605,506,567,521,457,416,0,547,1067,160,73,709,729,107,dahye,lean_forward,1
591,1786867210.312912,0,0,0,0,0,0,0,0,0,0,141,485,501,599,503,594,479,517,607,501,563,521,456,414,0,544,1067,174,73,709,728,106,dahye,lean_forward,1
592,1786867210.332843,0,0,0,0,0,0,0,0,0,0,139,486,500,597,505,594,477,507,604,503,563,525,474,415,0,543,1067,171,69,709,731,103,dahye,lean_forward,1
593,1786867210.352899,0,0,0,0,0,0,0,0,0,0,142,485,500,599,521,595,478,507,605,502,557,521,455,415,0,547,1067,167,73,709,727,108,dahye,lean_forward,1
594,1786867210.372912,0,0,0,0,0,0,0,0,0,0,140,485,499,597,502,595,476,507,605,503,564,520,455,413,0,547,1067,171,71,701,729,105,dahye,lean_forward,1
595,1786867210.392870,0,0,0,0,0,0,0,0,0,0,139,485,501,597,502,594,479,508,604,501,563,523,459,412,20,543,1071,171,73,708,727,107,dahye,lean_forward,1
596,1786867210.412880,0,0,0,0,0,0,0,0,0,0,141,485,500,597,501,595,479,508,605,500,560,533,463,415,0,544,1069,171,69,702,727,101,dahye,lean_forward,1
597,1786867210.432929,0,0,0,0,0,0,0,0,0,0,147,485,500,599,503,595,483,507,607,503,563,523,455,414,0,548,1067,163,73,703,725,103,dahye,lean_forward,1
598,1786867210.452918,0,0,0,0,0,0,0,0,0,0,147,487,501,595,505,593,482,507,605,501,563,523,457,415,0,547,1066,175,71,703,727,107,dahye,lean_forward,1
599,1786867210.472873,0,0,0,0,0,0,0,0,0,0,151,487,501,597,504,595,479,507,607,509,565,522,455,413,0,550,1068,163,75,704,728,106,dahye,lean_forward,1
600,1786867210.492857,0,0,0,0,0,0,0,0,0,0,155,484,501,597,505,595,482,509,607,507,565,522,459,413,0,549,1070,169,73,703,727,107,dahye,lean_forward,1
601,1786867210.512900,0,0,0,0,0,0,0,0,0,0,154,487,501,597,504,595,477,507,605,503,567,523,458,415,0,552,1068,173,72,703,727,107,dahye,lean_forward,1
602,1786867210.532845,0,0,0,0,0,0,0,0,0,0,168,487,499,599,504,595,479,509,605,500,565,523,459,417,0,553,1069,173,71,709,729,108,dahye,lean_forward,1
603,1786867210.552919,0,0,0,0,0,0,0,0,0,0,157,487,501,599,505,595,483,509,599,501,568,533,459,415,0,553,1071,169,75,711,729,107,dahye,lean_forward,1
604,1786867210.572957,0,0,0,0,0,0,0,0,0,0,155,488,501,599,504,595,486,509,607,507,565,523,455,422,0,556,1071,167,75,709,728,107,dahye,lean_forward,1
605,1786867210.592970,0,0,0,0,0,0,0,0,0,0,155,489,503,597,505,597,485,517,607,503,565,521,459,415,0,552,1075,173,75,709,728,106,dahye,lean_forward,1
606,1786867210.612935,0,0,0,0,0,0,0,0,0,0,149,488,501,597,505,596,485,509,606,504,565,523,463,413,0,550,1071,175,72,702,727,107,dahye,lean_forward,1
607,1786867210.632978,0,0,0,0,0,0,0,0,0,0,152,488,501,597,505,596,486,509,606,501,565,521,457,413,20,549,1069,180,72,697,728,107,dahye,lean_forward,1
608,1786867210.652909,0,0,0,0,0,0,0,0,0,0,149,481,501,597,495,595,485,509,607,503,565,522,463,413,0,547,1069,182,69,699,728,110,dahye,lean_forward,1
609,1786867210.672884,0,0,0,0,0,0,0,0,0,0,135,487,501,597,503,596,484,507,605,503,565,523,463,415,22,543,1067,180,72,697,731,108,dahye,lean_forward,1
610,1786867210.692984,0,0,0,0,0,0,0,0,0,0,125,487,499,598,505,595,477,509,607,503,564,519,456,415,22,543,1066,181,72,695,725,107,dahye,lean_forward,1
611,1786867210.712929,0,0,0,0,0,0,0,0,0,0,124,487,503,595,503,596,484,509,606,504,563,521,460,423,0,543,1067,183,71,697,727,107,dahye,lean_forward,1
612,1786867210.732877,0,0,0,0,0,0,0,0,0,0,124,487,501,599,507,595,485,509,600,503,565,522,459,414,20,543,1069,181,70,697,730,109,dahye,lean_forward,1
613,1786867210.752903,0,0,0,0,0,0,0,0,0,0,123,488,500,599,504,596,485,509,605,503,564,522,457,422,0,544,1067,183,71,695,729,108,dahye,lean_forward,1
614,1786867210.772892,0,0,0,0,0,0,0,0,0,0,123,487,495,599,505,596,485,508,605,503,565,523,463,412,0,547,1067,183,71,697,729,107,dahye,lean_forward,1
615,1786867210.792899,0,0,0,0,0,0,0,0,0,0,124,487,502,597,503,595,483,509,605,503,565,521,457,422,0,547,1071,184,73,701,728,110,dahye,lean_forward,1
616,1786867210.812875,0,0,0,0,0,0,0,0,0,0,124,487,501,597,506,595,486,510,607,504,567,523,457,405,0,550,1069,176,73,703,730,109,dahye,lean_forward,1
617,1786867210.832961,0,0,0,0,0,0,0,0,0,0,124,490,503,599,505,596,486,509,607,503,566,525,459,419,21,548,1069,184,72,699,730,110,dahye,lean_forward,1
618,1786867210.852932,0,0,0,0,0,0,0,0,0,0,137,488,503,598,506,597,485,517,607,503,565,522,461,415,21,549,1068,183,73,709,731,107,dahye,lean_forward,1
619,1786867210.872875,0,0,0,0,0,0,0,0,0,0,146,487,503,599,505,596,485,519,612,503,565,523,458,405,0,551,1069,185,73,708,731,108,dahye,lean_forward,1
620,1786867210.892919,0,0,0,0,0,0,0,0,0,0,149,487,501,597,509,597,486,509,605,504,565,521,459,415,24,549,1069,183,72,700,727,107,dahye,lean_forward,1
621,1786867210.912910,0,0,0,0,0,0,0,0,0,0,151,491,503,598,505,597,487,519,607,503,565,523,467,421,0,551,1071,184,73,697,729,108,dahye,lean_forward,1
622,1786867210.932872,0,0,0,0,0,0,0,0,0,0,152,489,503,600,505,597,485,519,607,505,565,525,457,421,22,553,1071,185,73,701,728,107,dahye,lean_forward,1
623,1786867210.952870,0,0,0,0,0,0,0,0,0,0,152,487,503,601,506,597,485,511,605,505,567,523,457,421,20,551,1069,183,73,700,729,109,dahye,lean_forward,1
624,1786867210.972810,0,0,0,0,0,0,0,0,0,0,151,489,503,600,507,597,485,518,607,504,567,519,462,420,0,557,1071,183,72,699,727,111,dahye,lean_forward,1
625,1786867210.992918,0,0,0,0,0,0,0,0,0,0,154,491,504,600,505,596,484,518,605,505,567,523,470,419,20,553,1070,184,71,697,727,109,dahye,lean_forward,1
626,1786867211.012850,0,0,0,0,0,0,0,0,0,0,155,489,503,598,507,597,485,517,605,504,565,520,460,419,0,552,1069,183,73,698,727,114,dahye,lean_forward,1
627,1786867211.032874,0,0,0,0,0,0,0,0,0,0,155,487,503,601,505,596,483,517,607,503,565,521,463,419,0,551,1071,183,73,700,727,106,dahye,lean_forward,1
628,1786867211.052921,0,0,0,0,0,0,0,0,0,0,155,489,503,599,505,596,485,517,607,504,566,524,453,419,21,552,1069,179,72,701,727,110,dahye,lean_forward,1
629,1786867211.072850,0,0,0,0,0,0,0,0,0,0,155,489,502,601,507,597,484,517,609,504,565,523,453,419,22,553,1076,183,69,699,727,109,dahye,lean_forward,1
630,1786867211.092923,0,0,0,0,0,0,0,0,0,0,155,487,501,599,505,595,485,509,606,503,565,519,460,419,21,553,1067,184,71,701,724,104,dahye,lean_forward,1
631,1786867211.112919,0,0,0,0,0,0,0,0,0,0,154,488,501,599,505,597,485,517,594,504,565,523,455,419,29,551,1075,183,73,701,726,107,dahye,lean_forward,1
632,1786867211.132167,0,0,0,0,0,0,0,0,0,0,156,489,503,599,506,597,484,519,606,504,566,521,455,421,0,553,1070,185,73,703,727,109,dahye,lean_forward,1
633,1786867211.152206,0,0,0,0,0,0,0,0,0,0,156,487,501,597,507,597,485,510,607,504,565,521,465,419,0,552,1075,184,71,699,727,109,dahye,lean_forward,1
634,1786867211.172996,0,0,0,0,0,0,0,0,0,0,155,489,503,602,506,597,483,518,607,505,565,522,459,421,35,552,1071,184,73,709,727,107,dahye,lean_forward,1
635,1786867211.192892,0,0,0,0,0,0,0,0,0,0,155,489,501,600,504,597,483,517,607,505,565,523,471,415,0,552,1075,184,73,703,727,109,dahye,lean_forward,1
636,1786867211.212890,0,0,0,0,0,0,0,0,0,0,154,489,501,600,500,597,483,518,606,504,565,523,459,419,0,551,1068,205,71,703,727,108,dahye,lean_forward,1
637,1786867211.232922,0,0,0,0,0,0,0,0,0,0,155,489,501,595,506,596,483,510,606,504,567,523,459,421,21,551,1069,184,72,699,728,105,dahye,lean_forward,1
638,1786867211.252937,0,0,0,0,0,0,0,0,0,0,155,490,499,589,507,597,484,519,607,505,565,521,465,420,0,551,1075,183,71,701,727,111,dahye,lean_forward,1
639,1786867211.272917,0,0,0,0,0,0,0,0,0,0,155,490,503,597,505,597,483,519,607,503,565,523,461,415,0,551,1069,185,73,703,728,107,dahye,lean_forward,1
640,1786867211.292935,0,0,0,0,0,0,0,0,0,0,153,489,495,598,505,597,484,518,607,506,565,523,463,419,0,548,1069,210,71,708,729,108,dahye,lean_forward,1
641,1786867211.312911,0,0,0,0,0,0,0,0,0,0,154,488,503,605,507,595,483,509,607,504,565,521,459,421,0,553,1077,185,72,709,728,109,dahye,lean_forward,1
642,1786867211.332909,0,0,0,0,0,0,0,0,0,0,155,489,501,605,506,597,483,517,607,504,565,523,460,420,0,551,1075,185,74,711,727,109,dahye,lean_forward,1
643,1786867211.352926,0,0,0,0,0,0,0,0,0,0,153,489,501,603,507,597,485,519,607,505,567,523,461,420,0,551,1059,185,73,709,729,109,dahye,lean_forward,1
644,1786867211.373026,0,0,0,0,0,0,0,0,0,0,157,489,502,598,506,597,484,520,611,505,567,525,460,422,20,551,1074,184,72,711,729,107,dahye,lean_forward,1
645,1786867211.392916,0,0,0,0,0,0,0,0,0,0,155,491,503,600,505,598,483,519,607,505,566,524,461,421,0,549,1068,184,73,709,728,111,dahye,lean_forward,1
646,1786867211.412931,0,0,0,0,0,0,0,0,0,0,153,487,500,590,507,599,483,520,607,504,565,523,461,421,0,549,1071,186,71,709,729,109,dahye,lean_forward,1
647,1786867211.432933,0,0,0,0,0,0,0,0,0,0,155,489,501,597,507,597,483,519,611,505,567,525,461,420,0,550,1068,187,73,710,729,109,dahye,lean_forward,1
648,1786867211.452951,0,0,0,0,0,0,0,0,0,0,155,489,501,599,507,597,483,517,609,505,565,524,461,420,23,551,1064,185,71,711,729,108,dahye,lean_forward,1
649,1786867211.472920,0,0,0,0,0,0,0,0,0,0,153,490,501,599,505,597,484,521,610,505,567,521,462,421,23,549,1069,187,73,709,729,109,dahye,lean_forward,1
650,1786867211.492942,0,0,0,0,0,0,0,0,0,0,153,491,503,601,507,598,483,519,610,505,566,523,461,419,0,550,1067,185,73,703,728,109,dahye,lean_forward,1
651,1786867211.512891,0,0,0,0,0,0,0,0,0,0,155,491,502,599,507,597,483,519,607,505,567,524,461,420,0,550,1071,187,72,711,729,105,dahye,lean_forward,1
652,1786867211.532889,0,0,0,0,0,0,0,0,0,0,155,488,501,597,507,597,483,519,611,507,567,525,461,421,0,551,1068,187,73,701,729,107,dahye,lean_forward,1
653,1786867211.552942,0,0,0,0,0,0,0,0,0,0,155,491,503,595,506,599,484,521,605,504,567,523,461,421,0,552,1071,187,73,709,729,111,dahye,lean_forward,1
654,1786867211.572903,0,0,0,0,0,0,0,0,0,0,153,489,503,598,503,596,483,519,612,507,567,525,457,423,0,543,1070,184,54,685,729,107,dahye,lean_forward,1
655,1786867211.592896,0,0,0,0,0,0,0,0,0,0,151,487,501,598,507,597,483,533,611,506,567,525,461,420,30,549,1077,187,76,703,729,109,dahye,lean_forward,1
656,1786867211.612885,0,0,0,0,0,0,0,0,0,0,153,487,505,599,506,600,484,519,611,505,566,522,461,421,0,551,1069,185,73,711,729,109,dahye,lean_forward,1
657,1786867211.632227,0,0,0,0,0,0,0,0,0,0,153,490,485,597,507,598,483,519,611,505,567,520,461,421,36,547,1071,187,73,703,729,108,dahye,lean_forward,1
658,1786867211.652936,0,0,0,0,0,0,0,0,0,0,153,489,501,597,507,596,484,521,611,505,569,525,462,422,21,549,1071,187,71,712,729,109,dahye,lean_forward,1
659,1786867211.672891,0,0,0,0,0,0,0,0,0,0,155,489,501,601,508,595,484,520,613,505,566,521,461,421,20,549,1074,187,73,711,729,109,dahye,lean_forward,1
660,1786867211.692961,0,0,0,0,0,0,0,0,0,0,153,491,505,597,506,597,483,521,611,503,565,535,461,421,29,549,1075,186,74,709,730,112,dahye,lean_forward,1
661,1786867211.712973,0,0,0,0,0,0,0,0,0,0,153,488,490,600,507,599,483,521,609,507,567,525,461,421,20,551,1069,187,59,715,729,104,dahye,lean_forward,1
662,1786867211.733141,0,0,0,0,0,0,0,0,0,0,154,488,503,597,505,596,484,519,611,505,566,523,462,421,20,547,1077,187,71,703,730,109,dahye,lean_forward,1
663,1786867211.753002,0,0,0,0,0,0,0,0,0,0,153,487,503,599,507,597,483,519,607,506,567,531,461,420,0,551,1071,187,73,713,729,123,dahye,lean_forward,1
664,1786867211.772918,0,0,0,0,0,0,0,0,0,0,155,489,525,601,505,599,483,521,611,508,565,519,461,419,45,550,1072,187,88,703,729,109,dahye,lean_forward,1
665,1786867211.792912,0,0,0,0,0,0,0,0,0,0,153,487,499,597,507,595,484,521,605,503,567,521,461,422,0,553,1077,187,69,713,729,115,dahye,lean_forward,1
666,1786867211.812928,0,0,0,0,0,0,0,0,0,0,153,489,499,599,506,596,483,520,611,505,567,523,462,421,26,543,1071,186,73,711,729,107,dahye,lean_forward,1
667,1786867211.832873,0,0,0,0,0,0,0,0,0,0,154,490,501,601,507,595,483,521,611,507,567,533,463,421,0,547,1069,185,69,714,729,97,dahye,lean_forward,1
668,1786867211.852929,0,0,0,0,0,0,0,0,0,0,153,491,525,599,507,597,485,521,611,505,567,525,462,421,0,549,1068,187,73,701,729,109,dahye,lean_forward,1
669,1786867211.872941,0,0,0,0,0,0,0,0,0,0,157,489,523,600,505,595,485,523,611,507,572,523,459,421,25,547,1071,187,73,711,727,109,dahye,lean_forward,1
670,1786867211.892935,0,0,0,0,0,0,0,0,0,0,153,489,501,597,508,596,483,521,611,506,567,524,463,422,21,548,1072,187,73,713,729,109,dahye,lean_forward,1
671,1786867211.912904,0,0,0,0,0,0,0,0,0,0,153,489,523,595,506,597,483,521,612,505,567,508,462,421,0,548,1077,187,71,711,729,101,dahye,lean_forward,1
672,1786867211.932877,0,0,0,0,0,0,0,0,0,0,154,488,503,595,507,598,483,519,613,505,570,527,462,421,20,542,1071,187,73,713,729,109,dahye,lean_forward,1
673,1786867211.952928,0,0,0,0,0,0,0,0,0,0,155,492,504,603,507,595,483,523,611,507,568,524,463,422,0,549,1071,186,72,709,730,105,dahye,lean_forward,1
674,1786867211.972906,0,0,0,0,0,0,0,0,0,0,153,487,503,601,507,597,483,519,612,505,567,533,462,421,21,549,1068,187,73,712,730,122,dahye,lean_forward,1
675,1786867211.992883,0,0,0,0,0,0,0,0,0,0,155,490,503,599,507,595,483,521,611,506,567,522,462,421,26,543,1070,189,73,715,731,109,dahye,lean_forward,1
676,1786867212.012945,0,0,0,0,0,0,0,0,0,0,155,495,501,588,507,597,483,521,607,507,567,524,463,421,0,547,1065,186,71,713,729,109,dahye,lean_forward,1
677,1786867212.032842,0,0,0,0,0,0,0,0,0,0,151,499,500,599,507,595,485,521,611,505,567,523,462,422,0,547,1081,183,75,709,729,107,dahye,lean_forward,1
678,1786867212.052926,0,0,0,0,0,0,0,0,0,0,155,489,500,598,507,595,484,523,611,505,569,517,463,421,20,551,1071,185,75,711,729,107,dahye,lean_forward,1
679,1786867212.072932,0,0,0,0,0,0,0,0,0,0,153,487,499,599,507,593,485,507,606,505,565,526,462,419,0,547,1071,188,73,703,729,116,dahye,lean_forward,1
680,1786867212.092899,0,0,0,0,0,0,0,0,0,0,155,500,504,595,504,594,483,519,610,507,568,507,463,421,0,543,1085,187,74,712,729,104,dahye,lean_forward,1
681,1786867212.112887,0,0,0,0,0,0,0,0,0,0,155,493,505,601,508,594,484,521,611,505,567,524,465,423,0,543,1077,189,72,711,729,111,dahye,lean_forward,1
682,1786867212.132943,0,0,0,0,0,0,0,0,0,0,153,487,500,597,507,597,485,520,610,507,566,527,463,419,22,547,1074,186,71,710,728,108,dahye,lean_forward,1
683,1786867212.152292,0,0,0,0,0,0,0,0,0,0,153,489,507,599,507,597,483,518,613,507,567,524,463,421,0,547,1077,185,71,703,729,108,dahye,lean_forward,1
684,1786867212.172908,0,0,0,0,0,0,0,0,0,0,155,489,504,598,505,597,483,523,611,505,565,523,463,421,0,543,1077,184,75,713,731,105,dahye,lean_forward,1
685,1786867212.192896,0,0,0,0,0,0,0,0,0,0,155,491,502,589,506,598,483,521,607,505,565,521,463,421,21,543,1069,187,69,713,729,109,dahye,lean_forward,1
686,1786867212.212959,0,0,0,0,0,0,0,0,0,0,151,489,501,599,506,597,484,520,612,503,567,527,461,423,0,550,1075,184,71,712,731,105,dahye,lean_forward,1
687,1786867212.232908,0,0,0,0,0,0,0,0,0,0,155,493,505,599,507,599,483,523,611,507,567,525,465,421,0,543,1069,187,71,703,731,116,dahye,lean_forward,1
688,1786867212.252940,0,0,0,0,0,0,0,0,0,0,155,488,505,599,507,597,483,518,613,506,567,524,463,422,0,547,1068,185,73,703,729,109,dahye,lean_forward,1
689,1786867212.272940,0,0,0,0,0,0,0,0,0,0,154,488,502,597,507,595,483,519,611,504,566,523,463,421,0,548,1071,187,72,715,731,107,dahye,lean_forward,1
690,1786867212.292902,0,0,0,0,0,0,0,0,0,0,157,483,503,599,507,594,485,521,611,503,566,524,463,421,0,544,1070,185,79,713,729,115,dahye,lean_forward,1
691,1786867212.312925,0,0,0,0,0,0,0,0,0,0,153,490,503,600,507,595,483,522,613,507,571,521,463,421,0,543,1070,187,73,702,728,107,dahye,lean_forward,1
692,1786867212.332982,0,0,0,0,0,0,0,0,0,0,155,493,521,598,505,597,484,521,611,504,568,522,467,423,0,542,1069,183,73,712,729,105,dahye,lean_forward,1
693,1786867212.352922,0,0,0,0,0,0,0,0,0,0,157,491,502,599,507,598,483,535,613,507,567,525,462,421,0,549,1074,187,73,717,729,108,dahye,lean_forward,1
694,1786867212.372913,0,0,0,0,0,0,0,0,0,0,156,493,503,599,508,598,485,523,611,506,554,529,459,420,0,549,1071,187,77,701,729,108,dahye,lean_forward,1
695,1786867212.392942,0,0,0,0,0,0,0,0,0,0,155,487,503,600,507,594,485,519,607,505,569,529,467,423,21,533,1071,185,72,711,729,107,dahye,lean_forward,1
696,1786867212.412936,0,0,0,0,0,0,0,0,0,0,156,491,505,599,507,599,483,521,610,507,567,523,462,423,0,543,1069,185,72,710,731,107,dahye,lean_forward,1
697,1786867212.432871,0,0,0,0,0,0,0,0,0,0,156,485,503,599,505,597,485,509,611,505,567,521,463,423,0,575,1067,189,67,713,727,109,dahye,lean_forward,1
698,1786867212.452908,0,0,0,0,0,0,0,0,0,0,157,490,505,599,505,599,485,518,621,504,569,525,465,423,0,551,1070,185,73,697,729,104,dahye,lean_forward,1
699,1786867212.472939,0,0,0,0,0,0,0,0,0,0,156,487,522,600,507,587,484,523,601,508,565,529,466,423,0,537,1071,185,73,711,729,109,dahye,lean_forward,1
700,1786867212.492910,0,0,0,0,0,0,0,0,0,0,155,488,501,604,507,595,483,521,611,507,567,531,461,422,20,543,1083,185,75,714,728,115,dahye,lean_forward,1
701,1786867212.512904,0,0,0,0,0,0,0,0,0,0,156,492,491,599,505,595,484,523,616,507,569,527,462,420,0,543,1071,184,71,723,729,107,dahye,lean_forward,1
702,1786867212.532279,0,0,0,0,0,0,0,0,0,0,155,487,503,597,507,601,483,523,606,503,567,532,462,422,0,544,1071,184,71,711,729,110,dahye,lean_forward,1
703,1786867212.553017,0,0,0,0,0,0,0,0,0,0,155,489,509,601,505,599,484,521,611,509,567,525,462,421,0,549,1071,185,72,719,730,107,dahye,lean_forward,1
704,1786867212.572941,0,0,0,0,0,0,0,0,0,0,156,490,503,599,509,597,485,521,611,507,568,524,466,421,21,537,1071,190,73,715,729,111,dahye,lean_forward,1
705,1786867212.592975,0,0,0,0,0,0,0,0,0,0,153,489,503,599,507,595,484,522,611,505,567,520,469,423,0,548,1070,185,73,697,729,117,dahye,lean_forward,1
706,1786867212.612928,0,0,0,0,0,0,0,0,0,0,153,491,507,599,505,598,487,521,611,508,566,533,463,420,0,553,1070,187,71,704,728,106,dahye,lean_forward,1
707,1786867212.632279,0,0,0,0,0,0,0,0,0,0,157,489,503,599,507,595,484,521,607,507,569,524,463,421,0,543,1071,183,73,691,729,109,dahye,lean_forward,1
708,1786867212.653022,0,0,0,0,0,0,0,0,0,0,153,489,493,599,507,594,485,521,607,503,564,521,461,421,0,547,1068,183,73,717,727,105,dahye,lean_forward,1
709,1786867212.672971,0,0,0,0,0,0,0,0,0,0,157,483,503,600,507,605,483,518,611,505,567,523,461,423,0,543,1069,183,71,712,731,108,dahye,lean_forward,1
710,1786867212.692925,0,0,0,0,0,0,0,0,0,0,157,481,503,599,523,593,484,519,606,503,568,536,466,421,0,542,1071,183,77,711,729,89,dahye,lean_forward,1
711,1786867212.712901,0,0,0,0,0,0,0,0,0,0,157,491,509,601,507,597,485,527,613,505,569,521,460,421,0,549,1070,185,73,712,729,105,dahye,lean_forward,1
712,1786867212.732919,0,0,0,0,0,0,0,0,0,0,159,489,503,598,507,599,483,519,607,505,569,524,467,421,0,549,1070,171,71,711,729,109,dahye,lean_forward,1
713,1786867212.752899,0,0,0,0,0,0,0,0,0,0,159,489,503,599,504,595,484,517,611,490,567,525,461,425,21,549,1069,159,73,712,729,109,dahye,lean_forward,1
714,1786867212.772919,0,0,0,0,0,0,0,0,0,0,155,487,502,601,508,590,485,521,611,506,568,525,462,423,0,549,1069,185,73,702,729,111,dahye,lean_forward,1
715,1786867212.792942,0,0,0,0,0,0,0,0,0,0,157,489,501,590,507,597,485,523,607,503,566,525,469,423,20,553,1071,187,71,711,729,107,dahye,lean_forward,1
716,1786867212.812890,0,0,0,0,0,0,0,0,0,0,155,491,503,600,505,596,485,521,615,509,570,523,463,419,0,552,1069,187,71,712,729,108,dahye,lean_forward,1
717,1786867212.832914,0,0,0,0,0,0,0,0,0,0,156,475,501,599,507,607,481,525,603,503,565,529,461,422,0,548,1069,183,73,713,731,91,dahye,lean_forward,1
718,1786867212.852949,0,0,0,0,0,0,0,0,0,0,155,491,499,600,507,597,481,523,610,507,567,527,466,415,0,547,1073,184,71,711,729,108,dahye,lean_forward,1
719,1786867212.872893,0,0,0,0,0,0,0,0,0,0,157,492,502,599,508,597,485,521,610,505,565,525,462,421,0,551,1069,191,69,712,729,108,dahye,lean_forward,1
720,1786867212.892894,0,0,0,0,0,0,0,0,0,0,157,491,502,599,505,595,485,521,607,504,569,524,465,421,20,549,1071,163,75,711,730,108,dahye,lean_forward,1
721,1786867212.912887,0,0,0,0,0,0,0,0,0,0,157,491,503,599,519,600,485,521,611,507,565,525,467,423,0,547,1069,204,60,711,731,105,dahye,lean_forward,1
722,1786867212.932965,0,0,0,0,0,0,0,0,0,0,155,491,499,601,508,595,485,523,611,506,568,522,459,423,0,548,1070,183,71,715,729,105,dahye,lean_forward,1
723,1786867212.952939,0,0,0,0,0,0,0,0,0,0,157,489,503,600,507,599,485,523,614,505,569,524,467,422,0,549,1070,188,79,711,729,108,dahye,lean_forward,1
724,1786867212.972896,0,0,0,0,0,0,0,0,0,0,159,491,501,599,517,596,485,521,605,496,567,525,465,421,0,559,1071,185,73,711,729,109,dahye,lean_forward,1
725,1786867212.992951,0,0,0,0,0,0,0,0,0,0,157,491,503,601,507,598,483,519,607,507,567,522,463,423,0,550,1069,199,73,703,729,83,dahye,lean_forward,1
726,1786867213.012910,0,0,0,0,0,0,0,0,0,0,159,489,501,598,503,601,485,525,604,504,567,525,463,422,0,535,1071,189,71,718,728,107,dahye,lean_forward,1
727,1786867213.032949,0,0,0,0,0,0,0,0,0,0,159,489,501,599,507,599,485,520,613,511,565,525,463,424,0,536,1069,181,71,712,729,107,dahye,lean_forward,1
728,1786867213.052941,0,0,0,0,0,0,0,0,0,0,153,487,500,598,507,595,483,519,607,499,557,523,467,425,0,551,1069,185,70,709,729,106,dahye,lean_forward,1
729,1786867213.072887,0,0,0,0,0,0,0,0,0,0,156,483,503,599,506,599,484,522,611,507,568,524,463,423,0,543,1056,184,73,711,728,117,dahye,lean_forward,1
730,1786867213.092921,0,0,0,0,0,0,0,0,0,0,143,490,503,599,505,599,485,521,617,508,568,525,463,425,0,552,1071,191,72,712,729,110,dahye,lean_forward,1
731,1786867213.112911,0,0,0,0,0,0,0,0,0,0,148,491,503,599,507,593,485,529,611,507,565,524,468,421,0,541,1070,187,71,711,729,107,dahye,lean_forward,1
732,1786867213.132922,0,0,0,0,0,0,0,0,0,0,157,490,503,599,507,595,486,519,607,506,567,525,463,423,0,547,1071,183,73,712,729,107,dahye,lean_forward,1
733,1786867213.152220,0,0,0,0,0,0,0,0,0,0,141,492,499,601,507,596,484,523,605,505,565,525,461,420,0,551,1080,187,71,711,729,108,dahye,lean_forward,1
734,1786867213.172938,0,0,0,0,0,0,0,0,0,0,166,491,503,599,505,597,484,521,611,505,568,525,467,423,0,565,1070,187,71,712,729,109,dahye,lean_forward,1
735,1786867213.192950,0,0,0,0,0,0,0,0,0,0,157,491,503,599,507,599,486,520,611,508,567,525,467,423,0,551,1069,186,72,712,729,107,dahye,lean_forward,1
736,1786867213.212916,0,0,0,0,0,0,0,0,0,0,157,489,501,599,507,599,485,518,611,508,567,523,467,423,0,543,1071,185,73,709,729,113,dahye,lean_forward,1
737,1786867213.233021,0,0,0,0,0,0,0,0,0,0,156,489,505,600,506,597,487,517,611,509,567,524,465,424,0,547,1071,187,72,711,729,109,dahye,lean_forward,1
738,1786867213.253019,0,0,0,0,0,0,0,0,0,0,155,489,503,601,507,599,485,523,611,507,553,525,465,423,0,537,1071,191,71,709,726,109,dahye,lean_forward,1
739,1786867213.272948,0,0,0,0,0,0,0,0,0,0,156,490,503,600,502,597,485,521,619,510,569,525,467,405,0,539,1069,187,73,712,729,108,dahye,lean_forward,1
740,1786867213.292928,0,0,0,0,0,0,0,0,0,0,154,478,501,599,508,598,485,523,613,500,569,525,467,423,0,537,1063,185,76,703,731,116,dahye,lean_forward,1
741,1786867213.312958,0,0,0,0,0,0,0,0,0,0,158,490,503,599,507,604,484,521,607,503,571,524,461,427,0,551,1069,183,71,713,730,107,dahye,lean_forward,1
742,1786867213.333002,0,0,0,0,0,0,0,0,0,0,155,489,501,600,518,583,485,520,603,503,571,525,465,428,0,547,1069,183,71,711,729,109,dahye,lean_forward,1
743,1786867213.352905,0,0,0,0,0,0,0,0,0,0,157,490,503,599,493,599,485,524,611,508,567,505,467,425,20,544,1069,187,72,711,729,105,dahye,lean_forward,1
744,1786867213.372964,0,0,0,0,0,0,0,0,0,0,157,494,503,600,507,599,485,523,611,503,567,525,462,429,0,547,1069,183,73,713,731,107,dahye,lean_forward,1
745,1786867213.392947,0,0,0,0,0,0,0,0,0,0,155,490,502,599,505,595,484,521,599,503,571,527,463,424,0,547,1069,191,72,713,731,109,dahye,lean_forward,1
746,1786867213.412923,0,0,0,0,0,0,0,0,0,0,153,491,501,599,509,601,485,522,615,505,565,524,466,420,0,547,1068,187,73,713,729,108,dahye,lean_forward,1
747,1786867213.432994,0,0,0,0,0,0,0,0,0,0,157,490,503,600,507,597,485,523,615,507,567,527,465,421,0,551,1069,183,73,712,731,108,dahye,lean_forward,1
748,1786867213.452933,0,0,0,0,0,0,0,0,0,0,156,491,503,601,509,599,485,522,619,509,571,525,467,422,20,544,1071,184,72,713,729,109,dahye,lean_forward,1
749,1786867213.472916,0,0,0,0,0,0,0,0,0,0,158,491,503,601,521,597,485,523,611,504,568,525,462,427,0,547,1069,185,73,712,731,107,dahye,lean_forward,1
750,1786867213.492972,0,0,0,0,0,0,0,0,0,0,155,487,500,599,507,598,486,520,611,507,567,531,466,423,0,543,1069,177,71,704,729,105,dahye,lean_forward,1
751,1786867213.512924,0,0,0,0,0,0,0,0,0,0,153,492,505,599,509,597,484,521,611,503,565,527,469,423,0,547,1069,187,71,712,731,109,dahye,lean_forward,1
752,1786867213.532962,0,0,0,0,0,0,0,0,0,0,153,491,503,600,501,597,485,521,612,505,579,524,469,423,0,543,1071,197,72,712,729,107,dahye,lean_forward,1
753,1786867213.553062,0,0,0,0,0,0,0,0,0,0,153,489,500,599,507,597,485,520,611,505,581,523,467,421,0,543,1069,203,69,711,728,108,dahye,lean_forward,1
754,1786867213.573036,0,0,0,0,0,0,0,0,0,0,164,491,503,602,507,597,485,521,611,507,567,535,468,423,22,547,1069,179,72,713,729,90,dahye,lean_forward,1
755,1786867213.592943,0,0,0,0,0,0,0,0,0,0,154,489,503,600,504,597,485,522,611,506,568,525,466,423,0,553,1075,185,71,712,729,107,dahye,lean_forward,1
756,1786867213.612943,0,0,0,0,0,0,0,0,0,0,157,489,503,600,507,597,484,521,610,507,567,525,467,423,0,543,1069,175,71,712,729,107,dahye,lean_forward,1
757,1786867213.632977,0,0,0,0,0,0,0,0,0,0,155,489,503,597,507,597,484,521,607,509,568,525,467,420,20,543,1069,201,71,711,729,108,dahye,lean_forward,1
758,1786867213.652272,0,0,0,0,0,0,0,0,0,0,151,489,503,599,494,597,485,521,611,509,567,525,463,425,0,547,1069,191,71,711,730,107,dahye,lean_forward,1
759,1786867213.672972,0,0,0,0,0,0,0,0,0,0,163,490,503,601,505,597,485,520,613,507,569,524,467,423,0,547,1075,199,58,712,729,108,dahye,lean_forward,1
760,1786867213.692979,0,0,0,0,0,0,0,0,0,0,142,490,501,598,507,598,485,521,611,503,568,525,463,431,0,543,1074,186,71,713,731,108,dahye,lean_forward,1
761,1786867213.712969,0,0,0,0,0,0,0,0,0,0,155,489,502,601,507,599,485,531,605,503,568,525,455,422,0,544,1067,196,72,712,730,111,dahye,lean_forward,1
762,1786867213.733031,0,0,0,0,0,0,0,0,0,0,153,490,503,600,507,597,485,522,611,507,568,524,468,424,0,543,1067,190,71,715,731,109,dahye,lean_forward,1
763,1786867213.752936,0,0,0,0,0,0,0,0,0,0,153,489,499,600,505,597,487,520,613,504,567,533,467,423,0,543,1069,187,71,713,730,89,dahye,lean_forward,1
764,1786867213.772962,0,0,0,0,0,0,0,0,0,0,155,490,503,599,507,597,485,524,616,503,567,524,461,421,0,543,1075,183,72,713,727,110,dahye,lean_forward,1
765,1786867213.792950,0,0,0,0,0,0,0,0,0,0,160,492,503,600,507,597,485,522,611,507,567,522,467,411,0,541,1068,175,73,709,730,108,dahye,lean_forward,1
766,1786867213.812941,0,0,0,0,0,0,0,0,0,0,154,489,503,597,507,598,487,520,611,511,568,526,465,423,0,547,1075,187,72,713,731,110,dahye,lean_forward,1
767,1786867213.832970,0,0,0,0,0,0,0,0,0,0,167,490,502,601,507,597,484,521,612,507,569,525,465,437,0,544,1069,187,72,713,731,107,dahye,lean_forward,1
768,1786867213.852938,0,0,0,0,0,0,0,0,0,0,141,491,503,601,517,597,485,523,613,505,568,529,466,421,20,549,1070,187,76,712,731,107,dahye,lean_forward,1
769,1786867213.872879,0,0,0,0,0,0,0,0,0,0,157,489,503,600,507,597,486,523,611,507,569,525,467,422,0,547,1070,214,73,713,729,108,dahye,lean_forward,1
770,1786867213.892965,0,0,0,0,0,0,0,0,0,0,158,491,503,599,507,597,485,521,612,507,567,525,467,427,0,546,1067,187,71,714,730,109,dahye,lean_forward,1
771,1786867213.912940,0,0,0,0,0,0,0,0,0,0,155,489,502,601,507,597,485,522,612,507,568,527,461,420,0,543,1067,187,71,712,731,108,dahye,lean_forward,1
772,1786867213.932901,0,0,0,0,0,0,0,0,0,0,151,490,503,599,507,596,485,523,611,507,567,527,463,431,0,549,1069,183,73,713,730,108,dahye,lean_forward,1
773,1786867213.952988,0,0,0,0,0,0,0,0,0,0,151,491,502,602,506,599,485,521,611,507,568,524,469,421,21,544,1067,186,73,713,731,109,dahye,lean_forward,1
774,1786867213.972895,0,0,0,0,0,0,0,0,0,0,155,489,503,599,507,597,486,523,612,507,569,527,467,421,0,543,1069,187,72,713,731,108,dahye,lean_forward,1
775,1786867213.992950,0,0,0,0,0,0,0,0,0,0,173,491,503,603,507,597,485,521,611,508,568,525,469,425,20,544,1070,187,61,713,731,109,dahye,lean_forward,1
776,1786867214.012900,0,0,0,0,0,0,0,0,0,0,155,489,503,600,507,597,485,522,609,507,568,525,461,423,0,547,1070,187,71,713,729,109,dahye,lean_forward,1
777,1786867214.032933,0,0,0,0,0,0,0,0,0,0,157,491,503,599,507,599,483,522,611,507,568,522,467,423,20,547,1067,187,73,715,731,110,dahye,lean_forward,1
778,1786867214.052904,0,0,0,0,0,0,0,0,0,0,156,489,501,599,507,597,486,523,611,507,569,525,465,429,22,543,1067,187,72,715,730,109,dahye,lean_forward,1
779,1786867214.072896,0,0,0,0,0,0,0,0,0,0,155,490,505,601,507,597,487,521,612,507,568,527,467,437,0,544,1069,183,72,713,731,109,dahye,lean_forward,1
780,1786867214.092958,0,0,0,0,0,0,0,0,0,0,157,489,502,599,507,597,487,521,612,507,568,524,477,424,20,547,1070,185,71,710,731,109,dahye,lean_forward,1
781,1786867214.112934,0,0,0,0,0,0,0,0,0,0,156,490,501,597,507,597,485,523,611,507,569,527,466,427,0,547,1067,185,71,712,729,107,dahye,lean_forward,1
782,1786867214.133009,0,0,0,0,0,0,0,0,0,0,155,491,503,600,507,599,485,523,611,507,569,527,466,422,0,543,1068,187,72,715,730,109,dahye,lean_forward,1
783,1786867214.152277,0,0,0,0,0,0,0,0,0,0,157,489,499,599,507,597,485,522,612,507,569,529,467,423,0,547,1075,186,69,713,731,109,dahye,lean_forward,1
784,1786867214.173021,0,0,0,0,0,0,0,0,0,0,155,490,500,600,507,597,484,522,612,507,567,529,452,423,0,547,1071,187,73,712,730,108,dahye,lean_forward,1
785,1786867214.192979,0,0,0,0,0,0,0,0,0,0,156,487,503,601,507,597,485,521,609,507,568,529,468,425,21,547,1068,186,72,715,731,109,dahye,lean_forward,1
786,1786867214.212967,0,0,0,0,0,0,0,0,0,0,155,489,501,599,507,597,485,521,611,507,568,525,466,422,0,544,1070,187,73,713,731,110,dahye,lean_forward,1
787,1786867214.232921,0,0,0,0,0,0,0,0,0,0,155,491,503,599,507,596,485,523,612,507,568,523,467,421,0,547,1070,184,71,713,731,107,dahye,lean_forward,1
788,1786867214.252983,0,0,0,0,0,0,0,0,0,0,155,491,503,599,507,597,485,522,610,507,569,527,473,423,0,547,1071,183,71,714,731,107,dahye,lean_forward,1
789,1786867214.272992,0,0,0,0,0,0,0,0,0,0,155,490,499,603,507,597,485,522,611,505,568,525,463,422,45,547,1070,183,71,713,731,109,dahye,lean_forward,1
790,1786867214.293085,0,0,0,0,0,0,0,0,0,0,158,488,505,601,507,597,485,521,611,507,569,527,459,423,21,543,1071,183,71,715,731,107,dahye,lean_forward,1
791,1786867214.312948,0,0,0,0,0,0,0,0,0,0,155,489,503,599,507,597,485,521,611,507,569,523,463,423,0,543,1069,183,73,713,731,111,dahye,lean_forward,1
792,1786867214.332967,0,0,0,0,0,0,0,0,0,0,155,490,503,599,507,597,485,523,610,505,567,529,463,422,21,547,1068,183,70,715,731,107,dahye,lean_forward,1
793,1786867214.353007,0,0,0,0,0,0,0,0,0,0,155,489,503,599,505,597,485,521,611,508,567,525,476,423,21,546,1068,183,71,713,731,105,dahye,lean_forward,1
794,1786867214.372894,0,0,0,0,0,0,0,0,0,0,157,491,502,601,507,598,485,522,612,507,569,525,471,423,0,547,1067,183,71,715,731,109,dahye,lean_forward,1
795,1786867214.392932,0,0,0,0,0,0,0,0,0,0,155,491,503,598,508,597,485,523,611,506,569,523,460,423,0,547,1068,183,73,714,731,107,dahye,lean_forward,1
796,1786867214.412959,0,0,0,0,0,0,0,0,0,0,155,489,502,600,509,597,485,523,611,509,568,529,467,431,0,544,1069,183,71,712,731,108,dahye,lean_forward,1
797,1786867214.432977,0,0,0,0,0,0,0,0,0,0,156,491,503,599,507,595,485,523,611,506,568,527,467,425,0,543,1073,183,72,715,731,107,dahye,lean_forward,1
798,1786867214.453017,0,0,0,0,0,0,0,0,0,0,154,490,499,591,507,597,486,522,611,507,567,523,467,423,0,544,1072,183,72,716,731,109,dahye,lean_forward,1
799,1786867214.472986,0,0,0,0,0,0,0,0,0,0,155,489,503,598,508,597,487,523,611,508,570,525,466,425,21,547,1067,183,73,713,733,109,dahye,lean_forward,1
800,1786867214.492939,0,0,0,0,0,0,0,0,0,0,155,488,505,603,508,597,485,521,613,507,569,526,466,423,0,544,1068,183,73,716,731,115,dahye,lean_forward,1
801,1786867214.512942,0,0,0,0,0,0,0,0,0,0,155,490,502,601,507,597,483,521,611,505,569,525,463,423,0,543,1069,183,71,711,731,110,dahye,lean_forward,1
802,1786867214.532948,0,0,0,0,0,0,0,0,0,0,155,487,501,580,506,597,485,521,613,507,569,527,464,424,21,544,1071,183,70,713,731,108,dahye,lean_forward,1
803,1786867214.552946,0,0,0,0,0,0,0,0,0,0,155,489,503,600,507,596,485,520,611,507,568,527,467,424,0,543,1069,181,71,713,733,109,dahye,lean_forward,1
804,1786867214.572942,0,0,0,0,0,0,0,0,0,0,153,491,503,599,505,598,484,520,610,507,572,525,463,425,0,543,1068,179,72,713,732,109,dahye,lean_forward,1
805,1786867214.592969,0,0,0,0,0,0,0,0,0,0,151,487,487,596,505,596,487,523,611,507,567,525,463,423,21,542,1075,185,72,713,731,109,dahye,lean_forward,1
806,1786867214.612934,0,0,0,0,0,0,0,0,0,0,155,487,501,599,507,597,483,521,612,507,569,527,466,423,20,543,1064,184,71,713,731,109,dahye,lean_forward,1
807,1786867214.632969,0,0,0,0,0,0,0,0,0,0,155,490,502,599,507,596,485,521,611,507,569,529,465,424,22,543,1067,183,72,715,733,109,dahye,lean_forward,1
808,1786867214.652335,0,0,0,0,0,0,0,0,0,0,152,488,495,600,505,597,484,521,611,507,567,523,467,424,0,541,1083,181,73,719,731,111,dahye,lean_forward,1
809,1786867214.672954,0,0,0,0,0,0,0,0,0,0,154,491,503,597,507,597,485,522,607,507,569,527,466,423,0,543,1069,182,73,709,732,107,dahye,lean_forward,1
810,1786867214.692974,0,0,0,0,0,0,0,0,0,0,153,489,500,599,507,596,485,522,611,505,569,525,467,423,0,543,1069,199,73,713,733,109,dahye,lean_forward,1
811,1786867214.712988,0,0,0,0,0,0,0,0,0,0,154,488,502,601,506,596,465,521,613,505,567,523,467,421,0,543,1065,182,73,711,729,105,dahye,lean_forward,1
812,1786867214.732934,0,0,0,0,0,0,0,0,0,0,153,489,501,598,507,597,486,521,607,507,569,525,465,425,20,543,1053,181,71,710,733,111,dahye,lean_forward,1
813,1786867214.752957,0,0,0,0,0,0,0,0,0,0,153,489,503,597,507,596,485,521,611,505,567,525,466,415,0,543,1052,182,75,713,733,109,dahye,lean_forward,1
814,1786867214.772986,0,0,0,0,0,0,0,0,0,0,153,490,501,597,506,596,485,537,612,507,569,525,466,423,0,543,1061,182,71,712,731,107,dahye,lean_forward,1
815,1786867214.792980,0,0,0,0,0,0,0,0,0,0,155,487,500,596,507,599,490,521,611,506,568,523,463,424,23,547,1069,182,75,717,733,111,dahye,lean_forward,1
816,1786867214.812938,0,0,0,0,0,0,0,0,0,0,155,487,503,600,507,596,485,522,611,507,569,526,466,426,23,547,1070,183,72,715,731,111,dahye,lean_forward,1
817,1786867214.832957,0,0,0,0,0,0,0,0,0,0,153,491,503,599,507,596,485,523,611,507,569,525,467,423,22,543,1069,183,73,726,731,109,dahye,lean_forward,1
818,1786867214.852974,0,0,0,0,0,0,0,0,0,0,155,489,504,596,507,594,478,523,611,507,571,529,467,425,0,549,1065,183,79,715,731,111,dahye,lean_forward,1
819,1786867214.872916,0,0,0,0,0,0,0,0,0,0,153,491,505,603,507,597,485,521,607,508,569,523,467,424,23,547,1065,183,72,713,733,110,dahye,lean_forward,1
820,1786867214.892935,0,0,0,0,0,0,0,0,0,0,153,489,501,598,508,598,485,522,611,509,567,529,467,428,0,547,1067,183,73,716,732,111,dahye,lean_forward,1
821,1786867214.912969,0,0,0,0,0,0,0,0,0,0,153,489,503,599,508,597,485,521,611,507,569,529,467,421,0,541,1069,182,72,695,731,114,dahye,lean_forward,1
822,1786867214.932893,0,0,0,0,0,0,0,0,0,0,153,487,507,599,507,597,485,522,611,506,569,525,465,437,23,548,1077,184,73,713,733,109,dahye,lean_forward,1
823,1786867214.952952,0,0,0,0,0,0,0,0,0,0,152,491,501,600,507,595,485,522,611,507,569,525,467,415,22,549,1064,181,73,715,732,111,dahye,lean_forward,1
824,1786867214.972969,0,0,0,0,0,0,0,0,0,0,152,486,501,599,507,597,485,521,609,507,570,527,467,424,20,542,1066,181,73,695,733,110,dahye,lean_forward,1
825,1786867214.992068,0,0,0,0,0,0,0,0,0,0,153,489,503,599,505,591,485,522,613,509,569,525,465,423,0,546,1070,181,73,711,733,112,dahye,lean_forward,1
826,1786867215.013257,0,0,0,0,0,0,0,0,0,0,152,487,503,595,505,591,485,521,607,506,569,527,463,415,0,547,1070,182,72,713,731,114,dahye,lean_forward,1
827,1786867215.033061,0,0,0,0,0,0,0,0,0,0,151,487,501,599,507,595,487,523,613,509,569,529,467,425,0,547,1067,182,72,711,731,110,dahye,lean_forward,1
828,1786867215.052940,0,0,0,0,0,0,0,0,0,0,151,485,503,603,507,597,487,519,611,507,569,523,466,423,26,548,1071,181,73,721,731,115,dahye,lean_forward,1
829,1786867215.072939,0,0,0,0,0,0,0,0,0,0,151,487,501,600,508,597,485,525,611,507,569,524,467,424,37,541,1070,181,73,717,733,109,dahye,lean_forward,1
830,1786867215.092976,0,0,0,0,0,0,0,0,0,0,151,486,501,599,507,597,485,521,611,505,569,529,466,423,0,543,1067,185,72,715,733,115,dahye,lean_forward,1
831,1786867215.112961,0,0,0,0,0,0,0,0,0,0,151,487,493,595,507,597,485,523,607,506,569,523,467,423,0,549,1076,183,75,699,732,109,dahye,lean_forward,1
832,1786867215.132902,0,0,0,0,0,0,0,0,0,0,151,489,488,604,506,596,485,524,613,509,571,524,467,425,0,543,1063,182,73,711,732,115,dahye,lean_forward,1
833,1786867215.152256,0,0,0,0,0,0,0,0,0,0,151,487,520,601,507,593,487,523,605,507,568,526,467,425,0,547,1067,182,73,715,733,111,dahye,lean_forward,1
834,1786867215.173019,0,0,0,0,0,0,0,0,0,0,150,487,501,586,507,595,485,525,611,507,568,529,467,425,0,544,1065,181,72,703,733,99,dahye,lean_forward,1
835,1786867215.192956,0,0,0,0,0,0,0,0,0,0,151,487,502,603,507,594,485,523,611,507,568,538,465,424,35,542,1065,185,72,715,733,107,dahye,lean_forward,1
836,1786867215.212967,0,0,0,0,0,0,0,0,0,0,151,486,495,607,507,595,485,523,613,509,570,524,469,424,20,543,1069,184,73,715,731,115,dahye,lean_forward,1
837,1786867215.233134,0,0,0,0,0,0,0,0,0,0,151,488,503,602,507,595,483,523,611,509,587,529,463,425,0,543,1069,183,69,713,733,109,dahye,lean_forward,1
838,1786867215.253045,0,0,0,0,0,0,0,0,0,0,149,485,499,604,507,595,486,521,614,505,569,524,467,424,0,549,1054,182,73,713,733,105,dahye,lean_forward,1
839,1786867215.273006,0,0,0,0,0,0,0,0,0,0,151,489,503,595,507,596,485,523,611,508,570,531,466,425,20,543,1069,185,72,713,733,100,dahye,lean_forward,1
840,1786867215.293008,0,0,0,0,0,0,0,0,0,0,150,489,496,595,507,595,486,524,611,507,579,523,463,423,20,543,1079,182,71,715,731,110,dahye,lean_forward,1
841,1786867215.312997,0,0,0,0,0,0,0,0,0,0,152,491,501,599,507,595,485,523,609,508,567,525,467,424,45,546,1070,183,71,719,733,115,dahye,lean_forward,1
842,1786867215.332956,0,0,0,0,0,0,0,0,0,0,151,489,502,597,506,597,485,524,611,505,567,531,466,425,0,542,1080,184,73,713,733,111,dahye,lean_forward,1
843,1786867215.352983,0,0,0,0,0,0,0,0,0,0,151,505,503,601,507,597,484,524,611,507,567,509,467,424,0,542,1067,185,72,715,732,117,dahye,lean_forward,1
844,1786867215.372963,0,0,0,0,0,0,0,0,0,0,149,489,500,597,507,595,484,523,610,507,569,525,467,425,23,542,1071,183,73,711,733,119,dahye,lean_forward,1
845,1786867215.392958,0,0,0,0,0,0,0,0,0,0,151,503,499,597,506,591,485,525,613,508,568,527,465,425,0,549,1051,185,73,715,733,117,dahye,lean_forward,1
846,1786867215.412954,0,0,0,0,0,0,0,0,0,0,151,499,503,599,505,595,485,523,613,507,569,525,466,424,21,543,1053,183,71,715,733,116,dahye,lean_forward,1
847,1786867215.432960,0,0,0,0,0,0,0,0,0,0,150,490,503,599,507,595,485,521,611,509,571,526,464,427,0,543,1064,184,73,715,734,109,dahye,lean_forward,1
848,1786867215.452989,0,0,0,0,0,0,0,0,0,0,152,487,503,599,505,597,485,523,611,508,569,524,467,424,0,541,1079,181,73,712,733,117,dahye,lean_forward,1
849,1786867215.472927,0,0,0,0,0,0,0,0,0,0,150,485,499,599,507,594,485,525,611,507,571,530,467,425,0,533,1067,181,73,715,733,107,dahye,lean_forward,1
850,1786867215.492952,0,0,0,0,0,0,0,0,0,0,151,483,501,600,507,598,485,525,611,507,569,529,467,424,20,543,1069,185,72,713,733,111,dahye,lean_forward,1
851,1786867215.512986,0,0,0,0,0,0,0,0,0,0,149,486,499,599,507,599,487,525,611,507,571,530,467,424,0,543,1069,184,70,715,733,109,dahye,lean_forward,1
852,1786867215.533017,0,0,0,0,0,0,0,0,0,0,147,490,501,600,507,597,485,522,611,507,566,531,466,423,0,549,1068,179,73,716,735,118,dahye,lean_forward,1
853,1786867215.552965,0,0,0,0,0,0,0,0,0,0,153,489,503,600,507,595,487,521,613,507,571,523,467,425,0,547,1067,185,72,715,733,102,dahye,lean_forward,1
854,1786867215.572958,0,0,0,0,0,0,0,0,0,0,148,485,501,613,506,591,484,527,613,507,569,529,467,423,22,542,1065,183,73,725,732,115,dahye,lean_forward,1
855,1786867215.592925,0,0,0,0,0,0,0,0,0,0,155,498,503,601,507,597,485,523,614,507,569,525,470,427,0,556,1068,185,73,713,733,109,dahye,lean_forward,1
856,1786867215.612964,0,0,0,0,0,0,0,0,0,0,152,487,504,600,507,597,485,504,613,507,569,523,466,423,0,549,1067,181,72,715,734,117,dahye,lean_forward,1
857,1786867215.632974,0,0,0,0,0,0,0,0,0,0,153,487,503,601,507,596,485,505,610,507,568,525,467,424,0,538,1069,183,72,713,733,111,dahye,lean_forward,1
858,1786867215.653010,0,0,0,0,0,0,0,0,0,0,151,490,505,600,507,597,485,538,613,507,566,529,467,423,0,543,1069,183,73,710,735,114,dahye,lean_forward,1
859,1786867215.672933,0,0,0,0,0,0,0,0,0,0,149,489,505,601,507,595,485,537,614,506,568,533,468,425,0,543,1067,184,73,709,733,110,dahye,lean_forward,1
860,1786867215.693184,0,0,0,0,0,0,0,0,0,0,149,485,499,600,507,595,487,525,613,507,567,525,463,425,0,543,1069,184,84,711,731,108,dahye,lean_forward,1
861,1786867215.713027,0,0,0,0,0,0,0,0,0,0,153,487,495,599,507,597,485,529,612,507,563,525,467,427,21,533,1067,183,73,713,733,112,dahye,lean_forward,1
862,1786867215.732932,0,0,0,0,0,0,0,0,0,0,153,487,500,601,507,591,486,529,611,507,571,531,468,425,0,547,1067,176,73,709,733,108,dahye,lean_forward,1
863,1786867215.753036,0,0,0,0,0,0,0,0,0,0,152,483,494,597,506,596,488,520,611,508,567,522,467,424,0,547,1068,184,70,716,729,110,dahye,lean_forward,1
864,1786867215.772960,0,0,0,0,0,0,0,0,0,0,152,488,504,601,507,599,485,523,611,505,567,530,466,423,0,543,1041,181,71,709,733,119,dahye,lean_forward,1
865,1786867215.792944,0,0,0,0,0,0,0,0,0,0,153,485,491,601,507,597,485,523,610,509,567,527,465,423,20,536,1067,184,71,719,732,111,dahye,lean_forward,1
866,1786867215.812974,0,0,0,0,0,0,0,0,0,0,152,484,501,600,507,587,485,523,615,504,569,527,462,423,0,543,1066,181,73,713,729,109,dahye,lean_forward,1
867,1786867215.832959,0,0,0,0,0,0,0,0,0,0,153,489,505,601,507,597,485,529,613,509,571,525,467,425,0,541,1083,181,72,719,732,117,dahye,lean_forward,1
868,1786867215.852981,0,0,0,0,0,0,0,0,0,0,153,491,519,600,508,595,487,522,604,508,571,531,467,425,0,543,1066,183,73,711,733,108,dahye,lean_forward,1
869,1786867215.872925,0,0,0,0,0,0,0,0,0,0,155,489,499,601,509,595,487,523,605,507,568,529,467,425,20,555,1067,183,72,711,733,114,dahye,lean_forward,1
870,1786867215.892969,0,0,0,0,0,0,0,0,0,0,153,489,501,600,507,604,491,522,613,507,569,531,471,425,0,543,1068,180,73,719,731,115,dahye,lean_forward,1
871,1786867215.912967,0,0,0,0,0,0,0,0,0,0,153,489,499,600,507,593,485,524,601,507,569,529,462,425,0,532,1067,180,73,715,733,105,dahye,lean_forward,1
872,1786867215.932928,0,0,0,0,0,0,0,0,0,0,153,487,503,601,507,597,487,525,611,507,567,523,467,424,0,543,1067,184,73,715,733,111,dahye,lean_forward,1
873,1786867215.952947,0,0,0,0,0,0,0,0,0,0,153,489,501,601,505,587,487,523,611,509,573,529,467,423,0,551,1065,181,71,711,732,105,dahye,lean_forward,1
874,1786867215.972944,0,0,0,0,0,0,0,0,0,0,153,487,503,597,507,596,486,529,605,509,567,527,467,425,0,548,1071,183,73,715,733,109,dahye,lean_forward,1
875,1786867215.992939,0,0,0,0,0,0,0,0,0,0,155,485,505,600,507,587,485,527,614,509,568,535,463,426,20,534,1067,183,72,715,733,127,dahye,lean_forward,1
876,1786867216.012957,0,0,0,0,0,0,0,0,0,0,155,495,500,597,506,595,493,522,599,509,571,522,467,425,0,541,1067,183,71,713,731,111,dahye,lean_forward,1
877,1786867216.032952,0,0,0,0,0,0,0,0,0,0,153,489,503,599,507,614,483,529,607,504,569,531,463,425,43,549,1067,183,73,713,732,104,dahye,lean_forward,1
878,1786867216.052944,0,0,0,0,0,0,0,0,0,0,153,489,503,600,507,601,486,524,607,507,575,525,467,427,0,542,1067,183,73,714,733,119,dahye,lean_forward,1
879,1786867216.072903,0,0,0,0,0,0,0,0,0,0,155,489,502,600,507,599,486,501,612,517,569,529,467,424,0,541,1068,159,73,717,732,107,dahye,lean_forward,1
880,1786867216.092977,0,0,0,0,0,0,0,0,0,0,151,487,502,599,507,595,489,523,609,507,571,521,463,429,0,543,1069,181,73,703,733,121,dahye,lean_forward,1
881,1786867216.112948,0,0,0,0,0,0,0,0,0,0,153,489,503,601,507,594,486,522,615,517,564,533,461,425,0,548,1067,183,71,715,731,117,dahye,lean_forward,1
882,1786867216.132922,0,0,0,0,0,0,0,0,0,0,155,503,503,599,508,595,486,524,615,507,569,529,468,425,0,530,1068,179,73,715,732,102,dahye,lean_forward,1
883,1786867216.152967,0,0,0,0,0,0,0,0,0,0,157,489,504,601,507,596,487,525,615,509,570,540,471,427,0,539,1068,191,72,718,733,111,dahye,lean_forward,1
884,1786867216.172941,0,0,0,0,0,0,0,0,0,0,154,493,505,599,507,597,486,533,613,502,564,527,468,424,20,541,1065,184,73,713,733,109,dahye,lean_forward,1
885,1786867216.193109,0,0,0,0,0,0,0,0,0,0,154,502,501,601,507,595,485,524,615,505,571,529,467,423,0,547,1067,183,73,713,732,108,dahye,lean_forward,1
886,1786867216.213088,0,0,0,0,0,0,0,0,0,0,153,488,502,599,507,595,483,521,614,494,567,529,466,425,0,540,1068,183,69,713,731,117,dahye,lean_forward,1
887,1786867216.233204,0,0,0,0,0,0,0,0,0,0,149,489,503,601,509,599,485,523,614,505,567,525,463,425,0,543,1079,183,73,717,731,134,dahye,lean_forward,1
888,1786867216.253067,0,0,0,0,0,0,0,0,0,0,147,487,503,600,509,597,487,527,614,527,570,529,466,426,0,549,1068,172,73,714,731,111,dahye,lean_forward,1
889,1786867216.273032,0,0,0,0,0,0,0,0,0,0,155,489,502,600,507,595,485,523,612,507,567,529,475,425,0,543,1069,185,73,714,733,110,dahye,lean_forward,1
890,1786867216.293021,0,0,0,0,0,0,0,0,0,0,156,487,504,585,507,597,487,527,611,509,569,531,465,425,0,547,1066,181,77,712,733,107,dahye,lean_forward,1
891,1786867216.312986,0,0,0,0,0,0,0,0,0,0,151,489,503,601,507,599,485,525,612,504,567,527,465,427,0,540,1068,186,73,713,733,108,dahye,lean_forward,1
892,1786867216.333107,0,0,0,0,0,0,0,0,0,0,153,488,502,599,508,597,485,537,613,518,573,529,467,425,0,539,1067,182,71,714,733,111,dahye,lean_forward,1
893,1786867216.353071,0,0,0,0,0,0,0,0,0,0,155,489,499,599,508,591,487,521,613,509,569,529,471,423,0,540,1067,187,61,715,732,116,dahye,lean_forward,1
894,1786867216.372977,0,0,0,0,0,0,0,0,0,0,147,488,502,600,507,590,485,521,611,517,571,525,467,425,0,549,1067,183,73,715,732,111,dahye,lean_forward,1
895,1786867216.393067,0,0,0,0,0,0,0,0,0,0,155,489,503,601,507,591,487,525,612,507,569,529,467,423,0,547,1067,185,73,715,731,109,dahye,lean_forward,1
896,1786867216.413063,0,0,0,0,0,0,0,0,0,0,155,487,501,601,507,593,485,521,611,509,568,527,467,424,0,549,1068,175,75,715,731,110,dahye,lean_forward,1
897,1786867216.432972,0,0,0,0,0,0,0,0,0,0,151,488,503,600,507,603,485,524,611,507,569,529,475,423,0,529,1067,181,73,714,731,109,dahye,lean_forward,1
898,1786867216.452986,0,0,0,0,0,0,0,0,0,0,154,489,503,601,507,599,487,519,611,505,569,529,468,425,0,541,1068,188,71,715,732,109,dahye,lean_forward,1
899,1786867216.472975,0,0,0,0,0,0,0,0,0,0,141,487,500,599,506,595,485,523,611,505,568,525,467,427,0,543,1068,187,72,713,731,112,dahye,lean_forward,1
900,1786867216.493049,0,0,0,0,0,0,0,0,0,0,155,493,505,602,507,600,489,527,602,509,566,529,467,423,0,539,1069,186,73,714,731,109,dahye,lean_forward,1
901,1786867216.512971,0,0,0,0,0,0,0,0,0,0,151,488,503,600,507,599,485,518,613,509,570,525,462,426,0,536,1067,184,73,715,733,109,dahye,lean_forward,1
902,1786867216.533013,0,0,0,0,0,0,0,0,0,0,148,489,501,601,507,596,484,525,609,507,569,529,463,427,0,542,1067,185,73,715,733,109,dahye,lean_forward,1
903,1786867216.552998,0,0,0,0,0,0,0,0,0,0,154,485,505,601,507,603,484,523,620,509,569,526,484,426,0,541,1068,183,72,737,733,116,dahye,lean_forward,1
904,1786867216.573012,0,0,0,0,0,0,0,0,0,0,153,489,503,601,507,595,483,523,613,507,569,523,467,425,0,541,1067,185,75,719,733,115,dahye,lean_forward,1
905,1786867216.592948,0,0,0,0,0,0,0,0,0,0,157,489,501,600,507,595,485,523,610,506,570,527,469,423,0,541,1067,181,72,715,733,111,dahye,lean_forward,1
906,1786867216.612996,0,0,0,0,0,0,0,0,0,0,153,488,502,600,507,589,485,525,613,508,568,529,468,425,0,537,1068,179,71,711,733,109,dahye,lean_forward,1
907,1786867216.633025,0,0,0,0,0,0,0,0,0,0,148,489,501,599,506,595,483,522,623,505,570,527,468,423,0,557,1067,185,71,713,733,111,dahye,lean_forward,1
908,1786867216.652963,0,0,0,0,0,0,0,0,0,0,148,487,502,599,506,599,485,521,605,508,567,529,467,421,0,555,1069,183,71,713,731,115,dahye,lean_forward,1
909,1786867216.673006,0,0,0,0,0,0,0,0,0,0,141,487,503,600,505,595,479,521,611,504,570,523,467,425,20,559,1068,179,73,715,735,107,dahye,lean_forward,1
910,1786867216.693035,0,0,0,0,0,0,0,0,0,0,137,487,525,599,507,583,486,521,607,505,570,525,467,429,0,559,1067,176,73,714,735,111,dahye,lean_forward,1
911,1786867216.713125,0,0,0,0,0,0,0,0,0,0,125,487,501,600,507,603,485,521,620,505,573,527,465,415,20,549,1066,183,73,715,734,111,dahye,lean_forward,1
912,1786867216.732991,0,0,0,0,0,0,0,0,0,0,124,487,501,599,505,595,483,521,612,517,569,527,467,425,0,540,1067,179,73,715,734,115,dahye,lean_forward,1
913,1786867216.752956,0,0,0,0,0,0,0,0,0,0,122,488,502,599,507,595,484,522,611,508,575,529,466,421,0,540,1067,181,73,715,735,115,dahye,lean_forward,1
914,1786867216.772952,0,0,0,0,0,0,0,0,0,0,125,487,501,600,507,599,485,522,605,506,571,530,467,428,21,536,1068,175,74,715,738,115,dahye,lean_forward,1
915,1786867216.792972,0,0,0,0,0,0,0,0,0,0,126,487,501,600,507,591,483,521,611,507,569,527,469,425,20,541,1067,174,73,715,735,116,dahye,lean_forward,1
916,1786867216.813122,0,0,0,0,0,0,0,0,0,0,126,485,500,600,507,591,483,521,611,508,569,527,467,425,20,537,1067,179,73,715,735,111,dahye,lean_forward,1
917,1786867216.832953,0,0,0,0,0,0,0,0,0,0,133,487,501,599,505,591,484,523,611,507,567,527,469,426,0,541,1067,180,75,715,735,115,dahye,lean_forward,1
918,1786867216.852981,0,0,0,0,0,0,0,0,0,0,125,485,501,599,505,611,483,523,613,506,571,525,463,425,0,539,1067,175,72,715,735,115,dahye,lean_forward,1
919,1786867216.872992,0,0,0,0,0,0,0,0,0,0,133,485,502,599,505,595,484,523,615,508,571,527,467,426,21,535,1067,190,74,715,735,115,dahye,lean_forward,1
920,1786867216.892930,0,0,0,0,0,0,0,0,0,0,123,487,501,598,505,596,485,523,611,505,585,529,477,429,23,541,1068,183,75,715,735,115,dahye,lean_forward,1
921,1786867216.912965,0,0,0,0,0,0,0,0,0,0,133,486,501,596,507,595,485,523,611,510,565,527,472,427,0,541,1067,182,75,715,738,114,dahye,lean_forward,1
922,1786867216.932947,0,0,0,0,0,0,0,0,0,0,127,487,501,599,505,595,485,525,613,517,571,529,466,425,22,541,1067,184,73,716,735,127,dahye,lean_forward,1
923,1786867216.952947,0,0,0,0,0,0,0,0,0,0,125,487,503,601,507,593,485,523,612,505,569,529,463,424,0,539,1069,191,73,715,734,115,dahye,lean_forward,1
924,1786867216.972911,0,0,0,0,0,0,0,0,0,0,125,487,501,601,507,597,485,523,613,495,571,527,467,424,23,541,1065,191,72,716,735,115,dahye,lean_forward,1
925,1786867216.992983,0,0,0,0,0,0,0,0,0,0,118,487,501,599,506,595,487,523,611,519,569,525,467,424,23,541,1069,183,75,715,735,125,dahye,lean_forward,1
926,1786867217.013087,0,0,0,0,0,0,0,0,0,0,125,485,501,599,507,594,487,523,611,507,569,529,461,427,20,541,1067,183,72,715,737,111,dahye,lean_forward,1
927,1786867217.032940,0,0,0,0,0,0,0,0,0,0,139,487,503,599,507,595,487,523,613,521,571,529,466,426,0,541,1068,183,71,717,733,115,dahye,lean_forward,1
928,1786867217.052996,0,0,0,0,0,0,0,0,0,0,121,486,501,600,507,595,486,527,613,507,570,529,467,425,20,541,1069,183,75,717,735,111,dahye,lean_forward,1
929,1786867217.072926,0,0,0,0,0,0,0,0,0,0,126,487,502,600,504,595,487,525,611,521,571,529,467,427,0,541,1069,184,75,717,735,115,dahye,lean_forward,1
930,1786867217.092962,0,0,0,0,0,0,0,0,0,0,125,487,501,601,506,596,486,523,612,519,569,529,469,429,0,541,1069,181,75,717,735,111,dahye,lean_forward,1
931,1786867217.112996,0,0,0,0,0,0,0,0,0,0,132,485,499,599,505,595,487,523,610,509,569,524,468,425,22,541,1067,183,73,711,733,110,dahye,lean_forward,1
932,1786867217.132978,0,0,0,0,0,0,0,0,0,0,125,498,501,600,507,597,487,524,615,509,571,529,467,425,21,549,1069,181,73,717,739,111,dahye,lean_forward,1
933,1786867217.153070,0,0,0,0,0,0,0,0,0,0,121,487,501,601,506,597,487,523,611,509,570,529,467,423,0,543,1065,184,77,716,739,111,dahye,lean_forward,1
934,1786867217.173038,0,0,0,0,0,0,0,0,0,0,125,488,501,600,506,596,487,524,613,509,569,529,471,426,0,541,1066,183,71,716,734,115,dahye,lean_forward,1
935,1786867217.193020,0,0,0,0,0,0,0,0,0,0,125,487,501,599,506,595,486,523,612,509,570,527,465,438,20,543,1069,183,75,717,735,111,dahye,lean_forward,1
936,1786867217.212987,0,0,0,0,0,0,0,0,0,0,141,487,502,601,507,596,488,525,611,508,570,529,468,429,0,541,1067,183,75,717,735,112,dahye,lean_forward,1
937,1786867217.233025,0,0,0,0,0,0,0,0,0,0,134,487,503,597,507,595,485,526,613,507,570,529,463,428,20,541,1067,183,76,717,735,111,dahye,lean_forward,1
938,1786867217.253051,0,0,0,0,0,0,0,0,0,0,139,487,501,600,507,595,486,525,611,507,571,529,461,427,0,542,1069,183,74,717,739,121,dahye,lean_forward,1
939,1786867217.272993,0,0,0,0,0,0,0,0,0,0,125,487,502,599,507,595,485,525,613,517,569,527,470,423,21,543,1068,185,74,717,735,115,dahye,lean_forward,1
940,1786867217.293010,0,0,0,0,0,0,0,0,0,0,125,487,501,598,507,595,485,525,612,509,571,529,469,421,21,540,1070,183,74,716,738,112,dahye,lean_forward,1
941,1786867217.313010,0,0,0,0,0,0,0,0,0,0,125,487,501,599,506,595,487,525,610,510,571,529,463,419,21,541,1069,185,74,716,735,115,dahye,lean_forward,1
942,1786867217.332970,0,0,0,0,0,0,0,0,0,0,125,487,501,599,507,596,487,525,612,509,571,527,463,435,0,542,1069,185,75,715,741,115,dahye,lean_forward,1
943,1786867217.352972,0,0,0,0,0,0,0,0,0,0,125,487,501,601,506,595,486,525,613,509,571,529,469,437,21,541,1069,187,74,715,735,115,dahye,lean_forward,1
944,1786867217.373018,0,0,0,0,0,0,0,0,0,0,125,488,503,597,509,595,487,524,613,509,570,525,471,424,0,541,1068,187,75,723,739,115,dahye,lean_forward,1
945,1786867217.392952,0,0,0,0,0,0,0,0,0,0,125,487,501,600,506,597,488,524,611,509,571,526,467,439,0,531,1069,187,72,715,735,114,dahye,lean_forward,1
946,1786867217.412978,0,0,0,0,0,0,0,0,0,0,125,487,501,600,505,596,487,525,611,509,569,529,467,435,20,541,1068,185,73,711,735,112,dahye,lean_forward,1
947,1786867217.432983,0,0,0,0,0,0,0,0,0,0,127,485,500,601,509,597,487,523,611,508,571,529,469,426,20,541,1071,185,73,715,739,110,dahye,lean_forward,1
948,1786867217.453638,0,0,0,0,0,0,0,0,0,0,135,487,501,600,507,595,485,525,611,508,569,529,469,431,0,535,1067,185,74,718,735,112,dahye,lean_forward,1
949,1786867217.472398,0,0,0,0,0,0,0,0,0,0,126,489,501,603,507,597,487,524,612,509,572,529,467,424,21,541,1071,187,75,716,737,115,dahye,lean_forward,1
950,1786867217.492395,0,0,0,0,0,0,0,0,0,0,125,488,504,599,507,597,488,525,612,509,571,531,462,427,22,541,1069,185,75,717,735,111,dahye,lean_forward,1
951,1786867217.512541,0,0,0,0,0,0,0,0,0,0,135,487,501,601,507,597,487,525,613,509,569,529,467,429,0,535,1069,191,74,717,734,114,dahye,lean_forward,1
952,1786867217.532131,0,0,0,0,0,0,0,0,0,0,138,487,501,600,507,596,486,525,612,510,571,531,461,425,0,541,1069,187,75,717,737,111,dahye,lean_forward,1
953,1786867217.552421,0,0,0,0,0,0,0,0,0,0,139,489,505,600,507,596,486,525,612,509,571,525,467,426,21,541,1071,185,75,717,735,111,dahye,lean_forward,1
954,1786867217.573076,0,0,0,0,0,0,0,0,0,0,139,487,501,601,507,597,488,525,609,509,569,529,461,425,0,542,1071,186,75,717,735,110,dahye,lean_forward,1
955,1786867217.592144,0,0,0,0,0,0,0,0,0,0,143,487,504,605,506,597,486,525,611,509,570,525,467,425,23,542,1056,186,72,719,735,114,dahye,lean_forward,1
956,1786867217.612057,0,0,0,0,0,0,0,0,0,0,143,489,501,599,507,596,487,523,612,509,571,524,470,427,21,541,1071,185,77,717,733,109,dahye,lean_forward,1
957,1786867217.632126,0,0,0,0,0,0,0,0,0,0,147,489,499,603,507,599,487,525,612,508,571,527,467,424,41,543,1070,185,75,719,735,111,dahye,lean_forward,1
958,1786867217.652463,0,0,0,0,0,0,0,0,0,0,147,488,503,601,508,597,487,525,612,509,570,529,470,425,21,543,1069,189,73,717,735,111,dahye,lean_forward,1
959,1786867217.672322,0,0,0,0,0,0,0,0,0,0,149,491,505,600,507,597,487,525,611,509,571,531,461,425,0,543,1067,185,79,723,735,115,dahye,lean_forward,1
960,1786867217.692040,0,0,0,0,0,0,0,0,0,0,149,489,501,601,506,596,487,524,612,509,570,530,467,425,21,543,1075,186,77,719,735,111,dahye,lean_forward,1
961,1786867217.712270,0,0,0,0,0,0,0,0,0,0,148,489,502,597,507,597,487,524,611,509,571,529,467,425,0,542,1071,189,76,721,733,109,dahye,lean_forward,1
962,1786867217.732319,0,0,0,0,0,0,0,0,0,0,147,489,503,600,507,597,486,525,612,517,571,529,473,427,23,542,1075,187,73,716,733,111,dahye,lean_forward,1
963,1786867217.752790,0,0,0,0,0,0,0,0,0,0,147,487,501,600,507,597,485,525,613,509,571,525,469,427,0,543,1067,187,75,718,733,110,dahye,lean_forward,1
964,1786867217.772538,0,0,0,0,0,0,0,0,0,0,147,488,501,602,507,597,487,525,612,509,571,531,468,425,0,541,1071,215,72,723,735,111,dahye,lean_forward,1
965,1786867217.792041,0,0,0,0,0,0,0,0,0,0,147,487,500,599,507,596,487,523,612,511,569,529,467,425,22,543,1065,187,89,717,735,113,dahye,lean_forward,1
966,1786867217.812362,0,0,0,0,0,0,0,0,0,0,145,487,503,603,507,595,487,525,612,509,571,529,470,425,21,541,1071,207,71,717,733,115,dahye,lean_forward,1
967,1786867217.833004,0,0,0,0,0,0,0,0,0,0,147,488,501,601,507,597,489,529,612,509,569,531,459,427,20,543,1069,189,74,721,737,111,dahye,lean_forward,1
968,1786867217.852201,0,0,0,0,0,0,0,0,0,0,147,487,501,582,508,597,487,525,613,509,570,529,469,425,0,542,1071,187,75,721,735,115,dahye,lean_forward,1
969,1786867217.872346,0,0,0,0,0,0,0,0,0,0,146,489,502,619,507,597,485,527,613,509,571,531,467,427,21,542,1069,187,77,723,735,115,dahye,lean_forward,1
970,1786867217.892910,0,0,0,0,0,0,0,0,0,0,147,489,503,600,507,595,487,525,613,511,570,529,468,427,0,542,1070,172,75,719,734,111,dahye,lean_forward,1
971,1786867217.913315,0,0,0,0,0,0,0,0,0,0,146,489,501,596,507,597,487,523,613,509,571,529,467,426,21,541,1069,187,77,723,733,109,dahye,lean_forward,1
972,1786867217.933059,0,0,0,0,0,0,0,0,0,0,146,489,500,600,507,597,487,529,611,509,571,529,467,425,24,542,1075,187,60,724,735,111,dahye,lean_forward,1
973,1786867217.953199,0,0,0,0,0,0,0,0,0,0,147,487,503,597,507,597,488,525,613,509,571,527,467,427,0,542,1055,188,74,721,735,111,dahye,lean_forward,1
974,1786867217.973059,0,0,0,0,0,0,0,0,0,0,143,487,501,601,507,597,485,529,611,509,571,530,468,427,0,549,1071,189,57,716,735,111,dahye,lean_forward,1
975,1786867217.992381,0,0,0,0,0,0,0,0,0,0,141,489,501,605,507,595,484,523,613,509,571,524,467,427,0,539,1069,187,77,721,734,111,dahye,lean_forward,1
976,1786867218.012421,0,0,0,0,0,0,0,0,0,0,139,487,502,600,507,597,479,525,613,509,571,529,469,428,21,541,1067,187,74,718,735,110,dahye,lean_forward,1
977,1786867218.032739,0,0,0,0,0,0,0,0,0,0,137,487,503,601,507,594,487,525,615,509,571,529,467,427,0,542,1066,188,78,715,733,119,dahye,lean_forward,1
978,1786867218.052363,0,0,0,0,0,0,0,0,0,0,141,488,501,601,508,596,489,527,614,510,571,529,469,428,21,543,1069,187,75,723,735,110,dahye,lean_forward,1
979,1786867218.072842,0,0,0,0,0,0,0,0,0,0,140,489,503,599,507,597,487,525,613,510,571,529,469,425,21,543,1085,188,61,725,737,110,dahye,lean_forward,1
980,1786867218.093062,0,0,0,0,0,0,0,0,0,0,141,488,504,599,507,597,487,529,612,511,571,526,468,427,0,543,1067,187,56,723,735,110,dahye,lean_forward,1
981,1786867218.113332,0,0,0,0,0,0,0,0,0,0,143,487,501,603,507,597,487,523,611,509,571,529,468,426,21,541,1069,187,59,715,735,115,dahye,lean_forward,1
982,1786867218.132495,0,0,0,0,0,0,0,0,0,0,143,488,503,597,507,595,489,525,613,509,571,529,469,429,22,541,1068,187,75,717,733,109,dahye,lean_forward,1
983,1786867218.152522,0,0,0,0,0,0,0,0,0,0,147,489,503,600,507,597,487,525,613,509,571,529,469,426,0,541,1069,188,73,717,734,111,dahye,lean_forward,1
984,1786867218.172920,0,0,0,0,0,0,0,0,0,0,147,489,495,603,507,595,488,525,612,511,569,529,469,428,0,541,1070,187,75,726,735,90,dahye,lean_forward,1
985,1786867218.192409,0,0,0,0,0,0,0,0,0,0,147,488,503,603,506,595,489,525,612,517,573,525,469,429,0,542,1067,187,73,719,734,107,dahye,lean_forward,1
986,1786867218.212357,0,0,0,0,0,0,0,0,0,0,147,487,501,600,507,595,487,523,613,509,571,529,469,427,20,543,1068,189,75,719,733,110,dahye,lean_forward,1
987,1786867218.232815,0,0,0,0,0,0,0,0,0,0,149,485,501,597,507,597,485,525,613,509,570,529,467,425,0,543,1070,187,61,718,733,111,dahye,lean_forward,1
988,1786867218.252530,0,0,0,0,0,0,0,0,0,0,149,488,503,599,507,594,487,527,612,509,571,525,469,426,30,542,1069,187,74,716,731,111,dahye,lean_forward,1
989,1786867218.272212,0,0,0,0,0,0,0,0,0,0,150,488,501,600,507,597,495,524,611,511,571,531,469,427,21,541,1069,187,70,719,733,109,dahye,lean_forward,1
990,1786867218.292047,0,0,0,0,0,0,0,0,0,0,149,485,507,600,507,599,484,527,611,510,569,527,469,427,35,541,1067,186,73,727,733,115,dahye,lean_forward,1
991,1786867218.312238,0,0,0,0,0,0,0,0,0,0,149,482,502,597,507,597,485,525,612,507,567,531,467,425,0,539,1069,188,71,714,734,111,dahye,lean_forward,1
992,1786867218.332590,0,0,0,0,0,0,0,0,0,0,149,488,501,598,507,597,485,527,613,509,571,529,469,427,0,541,1071,185,73,719,737,111,dahye,lean_forward,1
993,1786867218.352182,0,0,0,0,0,0,0,0,0,0,149,489,498,600,508,596,487,524,613,509,571,527,469,427,41,541,1075,188,75,723,734,111,dahye,lean_forward,1
994,1786867218.373023,0,0,0,0,0,0,0,0,0,0,149,485,489,601,507,595,487,525,609,510,571,531,469,425,23,541,1071,187,77,727,735,111,dahye,lean_forward,1
995,1786867218.392732,0,0,0,0,0,0,0,0,0,0,149,487,501,599,507,597,487,525,611,509,571,529,469,427,0,540,1072,187,70,721,737,111,dahye,lean_forward,1
