frame,timestamp,ch0,ch1,ch2,ch3,ch4,ch5,ch6,ch7,ch8,ch9,ch10,ch11,ch12,ch13,ch14,ch15,ch16,ch17,ch18,ch19,ch20,ch21,ch22,ch23,ch24,ch25,ch26,ch27,ch28,ch29,ch30,ch31,person,posture,trial
0,1786867335.634959,189,479,379,381,425,0,0,0,0,0,915,857,877,922,763,786,539,0,0,0,0,0,0,0,619,1072,967,973,0,0,0,0,dahye,lean_right,1
1,1786867335.635890,189,478,376,379,423,0,0,0,0,0,906,857,876,920,763,779,543,0,0,0,0,0,0,0,619,1065,971,975,0,0,0,0,dahye,lean_right,1
2,1786867335.636703,188,479,373,379,423,0,0,0,0,0,895,853,876,920,761,779,541,0,0,0,0,0,0,0,619,1068,967,971,0,0,0,0,dahye,lean_right,1
3,1786867335.637418,192,479,379,381,423,0,0,0,0,0,913,857,875,919,763,779,539,0,0,0,0,0,0,0,621,1080,959,970,0,0,0,0,dahye,lean_right,1
4,1786867335.638133,199,479,377,381,421,0,0,0,0,0,920,856,875,921,761,780,539,0,0,0,0,0,0,0,621,1071,981,971,0,0,0,0,dahye,lean_right,1
5,1786867335.638850,201,487,377,381,423,0,0,0,0,0,895,857,875,920,761,779,536,0,0,0,0,0,0,0,615,1069,979,974,0,0,0,0,dahye,lean_right,1
6,1786867335.639565,203,487,373,380,421,0,0,0,0,0,895,855,877,920,761,779,539,0,0,0,0,0,0,0,617,1075,953,971,0,0,0,0,dahye,lean_right,1
7,1786867335.640277,204,489,372,381,423,0,0,0,0,0,906,855,877,919,763,781,541,0,0,0,0,0,0,0,617,1071,968,965,0,0,0,0,dahye,lean_right,1
8,1786867335.640934,205,489,377,381,425,0,0,0,0,0,901,857,877,920,762,780,541,0,0,0,0,0,0,0,600,1070,972,969,0,0,0,0,dahye,lean_right,1
9,1786867335.641568,205,488,377,381,426,0,0,0,0,0,902,857,876,917,763,783,547,0,0,0,0,0,0,0,620,1055,971,970,0,0,0,0,dahye,lean_right,1
10,1786867335.642211,203,487,377,381,427,0,0,0,0,0,901,859,877,917,761,791,541,0,0,0,0,0,0,0,621,1070,973,969,0,0,0,0,dahye,lean_right,1
11,1786867335.642903,205,490,379,383,424,0,0,0,0,0,903,859,877,919,763,781,551,0,0,0,0,0,0,0,620,1082,957,968,0,0,0,0,dahye,lean_right,1
12,1786867335.643656,204,488,377,383,424,0,0,0,0,0,902,857,877,918,763,789,541,0,0,0,0,0,0,0,619,1070,971,966,0,0,0,0,dahye,lean_right,1
13,1786867335.644285,203,489,377,383,427,0,0,0,0,0,902,859,877,919,763,777,555,0,0,0,0,0,0,0,627,1067,973,967,0,0,0,0,dahye,lean_right,1
14,1786867335.644919,203,488,379,381,425,0,0,0,0,0,901,859,876,925,763,776,531,0,0,0,0,0,0,0,628,1087,973,967,0,0,0,0,dahye,lean_right,1
15,1786867335.645540,201,488,377,381,424,0,0,0,0,0,902,855,875,915,763,781,557,0,0,0,0,0,0,0,631,1071,970,959,0,0,0,0,dahye,lean_right,1
16,1786867335.646168,203,488,378,383,424,0,0,0,0,0,902,859,877,921,763,783,539,0,0,0,0,0,0,0,620,1070,969,964,0,0,0,0,dahye,lean_right,1
17,1786867335.646792,205,491,378,383,427,0,0,0,0,0,903,860,881,921,762,789,540,0,0,0,0,0,0,0,611,1071,972,964,0,0,0,0,dahye,lean_right,1
18,1786867335.647413,205,490,377,383,428,0,0,0,0,0,903,859,883,923,763,781,541,0,0,0,0,0,0,0,627,1069,971,960,0,0,0,0,dahye,lean_right,1
19,1786867335.648038,205,491,378,389,427,0,0,0,0,0,903,859,879,919,763,775,541,0,0,0,0,0,0,0,615,1067,973,964,0,0,0,0,dahye,lean_right,1
20,1786867335.648673,205,491,379,383,427,0,0,0,0,0,903,856,877,923,763,781,540,0,0,0,0,0,0,0,629,1071,979,959,0,0,0,0,dahye,lean_right,1
21,1786867335.649296,203,493,378,383,427,0,0,0,0,0,903,859,879,921,763,781,539,0,0,0,0,0,0,0,623,1075,971,959,0,0,0,0,dahye,lean_right,1
22,1786867335.649940,207,492,379,383,425,0,0,0,0,0,902,857,878,920,763,783,539,0,0,0,0,0,0,0,632,1071,968,965,0,0,0,0,dahye,lean_right,1
23,1786867335.650542,210,493,379,390,429,0,0,0,0,0,903,861,877,923,763,781,540,0,0,0,0,0,0,0,618,1071,969,965,0,0,0,0,dahye,lean_right,1
24,1786867335.651095,211,491,380,389,427,0,0,0,0,0,903,859,878,921,764,781,541,0,0,0,0,0,0,0,625,1071,967,959,0,0,0,0,dahye,lean_right,1
25,1786867335.651654,207,491,381,389,429,0,0,0,0,0,903,861,877,924,763,776,540,0,0,0,0,0,0,0,621,1075,981,967,0,0,0,0,dahye,lean_right,1
26,1786867335.652207,207,494,380,391,429,0,0,0,0,0,903,860,877,921,763,781,539,0,0,0,0,0,0,0,631,1071,969,965,0,0,0,0,dahye,lean_right,1
27,1786867335.652998,209,493,380,383,431,0,0,0,0,0,902,861,877,921,763,779,539,0,0,0,0,0,0,0,627,1074,969,965,0,0,0,0,dahye,lean_right,1
28,1786867335.653690,207,493,380,391,430,0,0,0,0,0,905,856,879,920,763,781,541,0,0,0,0,0,0,0,623,1075,972,968,0,0,0,0,dahye,lean_right,1
29,1786867335.654342,205,481,380,391,431,0,0,0,0,0,902,858,879,923,765,781,539,0,0,0,0,0,0,0,617,1075,983,966,0,0,0,0,dahye,lean_right,1
30,1786867335.654900,208,495,381,389,431,0,0,0,0,0,903,861,878,921,764,781,541,0,0,0,0,0,0,0,627,1071,971,967,0,0,0,0,dahye,lean_right,1
31,1786867335.655459,205,493,379,389,429,0,0,0,0,0,903,859,878,925,763,781,540,0,0,0,0,0,0,0,627,1069,971,959,0,0,0,0,dahye,lean_right,1
32,1786867335.656025,209,493,379,390,430,0,0,0,0,0,903,861,878,922,765,781,539,0,0,0,0,0,0,0,625,1075,969,967,0,0,0,0,dahye,lean_right,1
33,1786867335.656580,207,493,381,391,434,0,0,0,0,0,905,859,879,925,763,781,539,0,0,0,0,0,0,0,629,1075,975,965,0,0,0,0,dahye,lean_right,1
34,1786867335.657165,205,493,378,390,429,0,0,0,0,0,901,855,875,923,761,780,538,0,0,0,0,0,0,0,623,1075,971,965,0,0,0,0,dahye,lean_right,1
35,1786867335.657735,210,498,379,391,430,0,0,0,0,0,904,857,878,921,763,777,539,0,0,0,0,0,0,0,628,1072,973,964,0,0,0,0,dahye,lean_right,1
36,1786867335.658294,205,495,380,391,431,0,0,0,0,0,903,860,879,921,764,780,539,0,0,0,0,0,0,0,629,1074,971,965,0,0,0,0,dahye,lean_right,1
37,1786867335.658843,205,495,381,389,429,0,0,0,0,0,903,859,878,925,765,779,539,0,0,0,0,0,0,0,627,1074,973,965,0,0,0,0,dahye,lean_right,1
38,1786867335.659393,206,496,383,390,430,0,0,0,0,0,903,859,879,925,749,782,547,0,0,0,0,0,0,0,632,1075,974,967,0,0,0,0,dahye,lean_right,1
39,1786867335.659956,209,499,373,391,431,0,0,0,0,0,903,860,878,921,764,779,541,0,0,0,0,0,0,0,627,1075,977,967,0,0,0,0,dahye,lean_right,1
40,1786867335.660513,208,499,381,391,431,0,0,0,0,0,903,857,882,921,765,781,542,0,0,0,0,0,0,0,627,1075,973,967,0,0,0,0,dahye,lean_right,1
41,1786867335.661075,211,491,379,391,435,0,0,0,0,0,904,857,879,925,767,777,541,0,0,0,0,0,0,0,629,1075,979,966,0,0,0,0,dahye,lean_right,1
42,1786867335.661628,211,500,382,392,435,0,0,0,0,0,895,858,883,924,767,780,539,0,0,0,0,0,0,0,622,1071,972,967,0,0,0,0,dahye,lean_right,1
43,1786867335.662180,212,500,383,389,433,0,0,0,0,0,903,859,883,923,765,777,533,0,0,0,0,0,0,0,623,1075,972,967,0,0,0,0,dahye,lean_right,1
44,1786867335.662668,211,501,383,393,437,0,0,0,0,0,901,859,878,926,764,777,539,0,0,0,0,0,0,0,632,1070,973,969,0,0,0,0,dahye,lean_right,1
45,1786867335.663159,213,493,379,394,437,0,0,0,0,0,904,861,883,923,766,776,539,0,0,0,0,0,0,0,624,1077,980,968,0,0,0,0,dahye,lean_right,1
46,1786867335.663636,211,495,383,393,439,0,0,0,0,0,904,858,884,923,767,777,537,0,0,0,0,0,0,0,622,1077,965,967,0,0,0,0,dahye,lean_right,1
47,1786867335.664113,213,501,383,394,431,0,0,0,0,0,903,856,885,927,767,777,539,0,0,0,0,0,0,0,623,1077,975,967,0,0,0,0,dahye,lean_right,1
48,1786867335.664603,211,505,382,392,445,0,0,0,0,0,903,859,885,927,773,779,539,0,0,0,0,0,0,0,613,1077,977,967,0,0,0,0,dahye,lean_right,1
49,1786867335.665081,209,503,379,389,437,0,0,0,0,0,904,858,883,927,767,779,539,0,0,0,0,0,0,0,635,1077,977,968,0,0,0,0,dahye,lean_right,1
50,1786867335.665575,198,491,377,381,430,0,0,0,0,0,903,866,883,925,767,777,537,0,0,0,0,0,0,0,647,1077,971,968,0,0,0,0,dahye,lean_right,1
51,1786867335.666058,186,475,371,379,426,0,0,0,0,0,903,859,883,924,765,777,537,0,0,0,0,0,0,0,636,1078,974,967,0,0,0,0,dahye,lean_right,1
52,1786867335.666550,181,471,371,365,427,0,0,0,0,0,903,861,884,925,765,777,536,0,0,0,0,0,0,0,635,1079,973,967,0,0,0,0,dahye,lean_right,1
53,1786867335.667040,181,471,370,379,426,0,0,0,0,0,903,867,884,925,765,777,539,0,0,0,0,0,0,0,629,1079,973,967,0,0,0,0,dahye,lean_right,1
54,1786867335.667524,182,471,371,381,425,0,0,0,0,0,903,857,887,935,766,779,539,0,0,0,0,0,0,0,634,1079,974,970,0,0,0,0,dahye,lean_right,1
55,1786867335.668018,181,473,373,379,428,0,0,0,0,0,905,862,887,923,767,779,539,0,0,0,0,0,0,0,631,1080,979,970,0,0,0,0,dahye,lean_right,1
56,1786867335.668450,187,479,373,383,427,0,0,0,0,0,906,868,889,931,773,779,539,0,0,0,0,0,0,0,655,1083,979,972,0,0,0,0,dahye,lean_right,1
57,1786867335.668891,197,487,375,378,437,0,0,0,0,0,906,868,889,933,773,781,541,0,0,0,0,0,0,0,631,1094,979,973,0,0,0,0,dahye,lean_right,1
58,1786867335.669317,202,488,375,383,432,0,0,0,0,0,907,867,891,925,773,781,541,0,0,0,0,0,0,0,639,1097,981,977,0,0,0,0,dahye,lean_right,1
59,1786867335.669755,203,487,376,390,437,0,0,0,0,0,907,867,892,931,773,782,543,0,0,0,0,0,0,0,633,1097,981,978,0,0,0,0,dahye,lean_right,1
60,1786867335.670191,204,490,377,391,432,0,0,0,0,0,908,867,893,931,773,781,543,0,0,0,0,0,0,0,647,1097,981,975,0,0,0,0,dahye,lean_right,1
61,1786867335.670625,198,488,376,389,427,0,0,0,0,0,906,867,891,931,773,780,540,0,0,0,0,0,0,0,649,1097,983,972,0,0,0,0,dahye,lean_right,1
62,1786867335.671063,192,485,373,396,424,0,0,0,0,0,907,872,891,925,767,780,540,0,0,0,0,0,0,0,637,1097,981,973,0,0,0,0,dahye,lean_right,1
63,1786867335.671488,189,477,371,379,423,0,0,0,0,0,908,867,890,931,766,779,539,0,0,0,0,0,0,0,639,1101,981,971,0,0,0,0,dahye,lean_right,1
64,1786867335.671924,189,477,367,377,421,0,0,0,0,0,909,867,890,935,767,779,537,0,0,0,0,0,0,0,645,1099,980,971,0,0,0,0,dahye,lean_right,1
65,1786867335.672358,186,477,371,378,419,0,0,0,0,0,911,863,891,925,765,779,537,0,0,0,0,0,0,0,639,1100,981,971,0,0,0,0,dahye,lean_right,1
66,1786867335.672797,189,476,370,381,421,0,0,0,0,0,913,871,891,921,766,779,537,0,0,0,0,0,0,0,639,1099,981,972,0,0,0,0,dahye,lean_right,1
67,1786867335.673248,187,475,371,379,420,0,0,0,0,0,916,872,891,931,767,780,538,0,0,0,0,0,0,0,643,1103,981,972,0,0,0,0,dahye,lean_right,1
68,1786867335.673678,184,476,372,381,423,0,0,0,0,0,917,871,893,936,767,779,539,0,0,0,0,0,0,0,639,1107,981,973,0,0,0,0,dahye,lean_right,1
69,1786867335.674114,179,477,367,379,423,0,0,0,0,0,917,875,893,927,773,780,539,0,0,0,0,0,0,0,639,1109,981,973,0,0,0,0,dahye,lean_right,1
70,1786867335.674494,185,475,364,377,421,0,0,0,0,0,918,875,893,921,773,780,539,0,0,0,0,0,0,0,638,1111,981,973,0,0,0,0,dahye,lean_right,1
71,1786867335.674876,183,473,363,375,413,0,0,0,0,0,919,873,893,931,765,781,539,0,0,0,0,0,0,0,638,1112,981,973,0,0,0,0,dahye,lean_right,1
72,1786867335.675253,177,469,360,372,416,0,0,0,0,0,919,879,893,923,773,781,539,0,0,0,0,0,0,0,639,1113,981,972,0,0,0,0,dahye,lean_right,1
73,1786867335.675631,173,467,361,371,415,0,0,0,0,0,921,876,893,931,767,781,538,0,0,0,0,0,0,0,645,1113,979,971,0,0,0,0,dahye,lean_right,1
74,1786867335.676012,171,467,361,368,411,0,0,0,0,0,919,878,895,925,766,787,537,0,0,0,0,0,0,0,648,1113,979,972,0,0,0,0,dahye,lean_right,1
75,1786867335.676388,173,461,360,373,411,0,0,0,0,0,920,877,895,927,774,781,538,0,0,0,0,0,0,0,649,1115,979,971,0,0,0,0,dahye,lean_right,1
76,1786867335.676769,181,472,360,371,408,0,0,0,0,0,919,874,895,931,773,781,539,0,0,0,0,0,0,0,645,1114,979,971,0,0,0,0,dahye,lean_right,1
77,1786867335.677142,173,470,360,370,408,0,0,0,0,0,923,873,895,932,773,781,539,0,0,0,0,0,0,0,649,1115,981,971,0,0,0,0,dahye,lean_right,1
78,1786867335.677523,179,472,361,367,411,0,0,0,0,0,921,883,901,937,773,781,537,0,0,0,0,0,0,0,645,1115,983,971,0,0,0,0,dahye,lean_right,1
79,1786867335.677896,188,479,363,372,409,0,0,0,0,0,923,875,901,931,775,781,537,0,0,0,0,0,0,0,639,1115,981,970,0,0,0,0,dahye,lean_right,1
80,1786867335.678288,187,473,363,365,407,0,0,0,0,0,919,884,893,931,773,781,538,0,0,0,0,0,0,0,633,1114,981,969,0,0,0,0,dahye,lean_right,1
81,1786867335.678681,187,476,365,371,412,0,0,0,0,0,923,879,901,931,767,781,539,0,0,0,0,0,0,0,634,1113,977,973,0,0,0,0,dahye,lean_right,1
82,1786867335.679084,189,476,363,372,411,0,0,0,0,0,921,883,901,927,773,783,538,0,0,0,0,0,0,0,636,1113,983,972,0,0,0,0,dahye,lean_right,1
83,1786867335.679512,189,475,364,370,406,0,0,0,0,0,921,877,895,931,775,782,540,0,0,0,0,0,0,0,649,1119,981,971,0,0,0,0,dahye,lean_right,1
84,1786867335.679937,195,479,365,375,412,0,0,0,0,0,925,891,903,927,773,786,539,0,0,0,0,0,0,0,649,1115,987,973,0,0,0,0,dahye,lean_right,1
85,1786867335.680330,202,479,366,375,407,0,0,0,0,0,924,887,903,938,775,785,537,0,0,0,0,0,0,0,638,1117,989,969,0,0,0,0,dahye,lean_right,1
86,1786867335.680709,199,488,363,375,413,0,0,0,0,0,922,869,901,933,773,783,539,0,0,0,0,0,0,0,647,1118,999,973,0,0,0,0,dahye,lean_right,1
87,1786867335.681095,199,483,365,374,413,0,0,0,0,0,923,887,903,935,775,785,539,0,0,0,0,0,0,0,637,1112,979,973,0,0,0,0,dahye,lean_right,1
88,1786867335.681473,215,483,365,371,412,0,0,0,0,0,927,879,903,933,773,782,540,0,0,0,0,0,0,0,629,1115,977,971,0,0,0,0,dahye,lean_right,1
89,1786867335.681851,206,485,367,373,419,0,0,0,0,0,923,889,903,935,776,783,541,0,0,0,0,0,0,0,633,1115,991,971,0,0,0,0,dahye,lean_right,1
90,1786867335.682217,205,495,371,372,415,0,0,0,0,0,922,883,903,926,776,787,540,0,0,0,0,0,0,0,627,1113,987,969,0,0,0,0,dahye,lean_right,1
91,1786867335.682571,205,495,371,373,415,0,0,0,0,0,921,885,902,931,773,785,539,0,0,0,0,0,0,0,627,1115,985,971,0,0,0,0,dahye,lean_right,1
92,1786867335.682929,211,495,373,372,419,0,0,0,0,0,918,887,904,933,775,785,535,0,0,0,0,0,0,0,632,1122,983,975,0,0,0,0,dahye,lean_right,1
93,1786867335.683281,205,496,371,370,419,0,0,0,0,0,926,885,903,933,773,786,539,0,0,0,0,0,0,0,629,1117,985,971,0,0,0,0,dahye,lean_right,1
94,1786867335.683632,211,486,373,374,418,0,0,0,0,0,927,883,904,933,775,787,539,0,0,0,0,0,0,0,646,1115,989,971,0,0,0,0,dahye,lean_right,1
95,1786867335.683988,211,500,373,374,412,0,0,0,0,0,925,907,903,928,775,787,540,0,0,0,0,0,0,0,645,1117,989,972,0,0,0,0,dahye,lean_right,1
96,1786867335.684341,211,495,373,375,419,0,0,0,0,0,925,883,905,933,774,786,538,0,0,0,0,0,0,0,634,1115,991,971,0,0,0,0,dahye,lean_right,1
97,1786867335.684700,211,501,373,375,415,0,0,0,0,0,921,887,905,933,775,786,540,0,0,0,0,0,0,0,651,1114,983,971,0,0,0,0,dahye,lean_right,1
98,1786867335.685051,214,503,373,371,421,0,0,0,0,0,925,887,904,933,775,787,540,0,0,0,0,0,0,0,648,1116,984,971,0,0,0,0,dahye,lean_right,1
99,1786867335.685410,213,506,375,375,423,0,0,0,0,0,925,887,905,933,775,787,541,0,0,0,0,0,0,0,638,1119,983,971,0,0,0,0,dahye,lean_right,1
100,1786867335.685760,217,504,373,375,411,0,0,0,0,0,925,884,904,923,775,786,539,0,0,0,0,0,0,0,637,1115,985,974,0,0,0,0,dahye,lean_right,1
101,1786867335.686112,217,505,373,377,415,0,0,0,0,0,919,885,903,947,775,787,540,0,0,0,0,0,0,0,638,1119,985,971,0,0,0,0,dahye,lean_right,1
102,1786867335.686472,216,505,375,379,413,0,0,0,0,0,920,889,903,937,775,787,539,0,0,0,0,0,0,0,636,1115,985,972,0,0,0,0,dahye,lean_right,1
103,1786867335.686825,216,508,377,379,424,0,0,0,0,0,925,886,905,931,775,789,540,0,0,0,0,0,0,0,637,1123,986,971,0,0,0,0,dahye,lean_right,1
104,1786867335.687187,210,508,375,379,419,0,0,0,0,0,921,887,904,933,775,787,539,0,0,0,0,0,0,0,637,1115,985,971,0,0,0,0,dahye,lean_right,1
105,1786867335.687537,223,518,377,379,419,0,0,0,0,0,921,885,905,934,775,787,540,0,0,0,0,0,0,0,634,1116,985,973,0,0,0,0,dahye,lean_right,1
106,1786867335.687883,221,509,377,381,420,0,0,0,0,0,925,887,905,935,774,787,541,0,0,0,0,0,0,0,637,1115,984,969,0,0,0,0,dahye,lean_right,1
107,1786867335.688219,217,507,377,377,420,0,0,0,0,0,924,883,901,915,775,787,539,0,0,0,0,0,0,0,636,1115,983,968,0,0,0,0,dahye,lean_right,1
108,1786867335.688544,219,517,377,379,419,0,0,0,0,0,921,885,905,937,775,787,541,0,0,0,0,0,0,0,635,1113,983,969,0,0,0,0,dahye,lean_right,1
109,1786867335.688883,223,519,378,379,421,0,0,0,0,0,921,885,903,927,773,787,541,0,0,0,0,0,0,0,635,1110,983,971,0,0,0,0,dahye,lean_right,1
110,1786867335.689211,223,519,379,379,421,0,0,0,0,0,923,885,903,925,775,787,539,0,0,0,0,0,0,0,635,1110,984,969,0,0,0,0,dahye,lean_right,1
111,1786867335.689541,225,520,377,381,423,0,0,0,0,0,919,883,901,932,774,787,537,0,0,0,0,0,0,0,635,1111,983,969,0,0,0,0,dahye,lean_right,1
112,1786867335.689875,216,520,379,381,423,0,0,0,0,0,919,884,903,931,775,787,540,0,0,0,0,0,0,0,635,1110,983,965,0,0,0,0,dahye,lean_right,1
113,1786867335.690203,221,519,378,381,423,0,0,0,0,0,923,884,903,931,775,787,541,0,0,0,0,0,0,0,635,1113,985,967,0,0,0,0,dahye,lean_right,1
114,1786867335.690553,221,520,377,381,423,0,0,0,0,0,921,883,901,931,774,789,541,0,0,0,0,0,0,0,635,1107,985,967,0,0,0,0,dahye,lean_right,1
115,1786867335.690886,213,519,378,381,422,0,0,0,0,0,918,883,902,932,775,787,542,0,0,0,0,0,0,0,635,1111,983,965,0,0,0,0,dahye,lean_right,1
116,1786867335.691216,219,518,379,381,423,0,0,0,0,0,923,884,902,931,775,787,540,0,0,0,0,0,0,0,634,1107,983,959,0,0,0,0,dahye,lean_right,1
117,1786867335.691541,219,518,377,383,423,0,0,0,0,0,922,883,901,931,775,788,541,0,0,0,0,0,0,0,634,1107,983,967,0,0,0,0,dahye,lean_right,1
118,1786867335.691866,219,518,377,382,424,0,0,0,0,0,923,883,901,931,765,787,539,0,0,0,0,0,0,0,635,1109,983,959,0,0,0,0,dahye,lean_right,1
119,1786867335.692200,219,517,379,381,421,0,0,0,0,0,923,885,895,931,763,787,537,0,0,0,0,0,0,0,635,1102,985,965,0,0,0,0,dahye,lean_right,1
120,1786867335.692527,218,517,377,383,421,0,0,0,0,0,921,884,903,932,773,788,539,0,0,0,0,0,0,0,635,1107,984,965,0,0,0,0,dahye,lean_right,1
121,1786867335.692867,219,518,377,383,421,0,0,0,0,0,923,883,894,932,773,783,541,0,0,0,0,0,0,0,635,1107,979,967,0,0,0,0,dahye,lean_right,1
122,1786867335.693193,220,519,379,381,423,0,0,0,0,0,917,883,901,931,775,789,541,0,0,0,0,0,0,0,637,1109,984,957,0,0,0,0,dahye,lean_right,1
123,1786867335.693520,221,520,379,383,423,0,0,0,0,0,921,883,899,931,779,787,539,0,0,0,0,0,0,0,637,1109,985,942,0,0,0,0,dahye,lean_right,1
124,1786867335.693845,221,519,377,383,422,0,0,0,0,0,921,884,895,931,775,789,538,0,0,0,0,0,0,0,637,1110,984,964,0,0,0,0,dahye,lean_right,1
125,1786867335.694148,221,520,379,383,423,0,0,0,0,0,918,885,896,931,785,790,536,0,0,0,0,0,0,0,637,1111,983,968,0,0,0,0,dahye,lean_right,1
126,1786867335.694476,221,521,379,383,423,0,0,0,0,0,923,883,901,928,766,787,541,0,0,0,0,0,0,0,637,1112,981,965,0,0,0,0,dahye,lean_right,1
127,1786867335.694807,221,520,378,383,423,0,0,0,0,0,919,883,900,927,775,789,535,0,0,0,0,0,0,0,637,1105,981,965,0,0,0,0,dahye,lean_right,1
128,1786867335.695131,221,520,379,383,423,0,0,0,0,0,919,885,900,931,772,789,539,0,0,0,0,0,0,0,637,1105,981,965,0,0,0,0,dahye,lean_right,1
129,1786867335.695436,223,521,383,383,421,0,0,0,0,0,910,883,895,927,776,786,541,0,0,0,0,0,0,0,637,1112,981,958,0,0,0,0,dahye,lean_right,1
130,1786867335.695745,223,521,378,383,423,0,0,0,0,0,917,885,894,928,774,788,542,0,0,0,0,0,0,0,638,1111,985,965,0,0,0,0,dahye,lean_right,1
131,1786867335.696059,222,521,377,383,423,0,0,0,0,0,919,883,895,932,773,789,537,0,0,0,0,0,0,0,636,1107,983,966,0,0,0,0,dahye,lean_right,1
132,1786867335.696362,223,521,379,383,422,0,0,0,0,0,915,883,895,931,773,790,541,0,0,0,0,0,0,0,639,1112,981,970,0,0,0,0,dahye,lean_right,1
133,1786867335.696679,223,521,381,383,423,0,0,0,0,0,921,884,895,930,773,789,541,0,0,0,0,0,0,0,645,1097,983,959,0,0,0,0,dahye,lean_right,1
134,1786867335.696985,223,521,379,383,425,0,0,0,0,0,925,883,895,931,773,787,542,0,0,0,0,0,0,0,638,1113,984,971,0,0,0,0,dahye,lean_right,1
135,1786867335.697289,223,521,379,383,425,0,0,0,0,0,921,883,901,931,767,791,541,0,0,0,0,0,0,0,635,1098,983,956,0,0,0,0,dahye,lean_right,1
136,1786867335.697604,221,521,378,383,425,0,0,0,0,0,919,883,901,931,773,789,542,0,0,0,0,0,0,0,636,1109,985,959,0,0,0,0,dahye,lean_right,1
137,1786867335.697910,223,521,377,389,426,0,0,0,0,0,923,883,895,931,765,790,551,0,0,0,0,0,0,0,637,1111,982,959,0,0,0,0,dahye,lean_right,1
138,1786867335.698224,222,521,381,391,425,0,0,0,0,0,921,883,895,931,766,788,542,0,0,0,0,0,0,0,645,1107,985,959,0,0,0,0,dahye,lean_right,1
139,1786867335.698528,223,521,381,383,424,0,0,0,0,0,921,879,901,931,766,788,541,0,0,0,0,0,0,0,635,1126,985,958,0,0,0,0,dahye,lean_right,1
140,1786867335.698833,223,522,378,383,424,0,0,0,0,0,920,883,894,927,773,787,539,0,0,0,0,0,0,0,634,1113,984,969,0,0,0,0,dahye,lean_right,1
141,1786867335.699146,223,521,383,383,423,0,0,0,0,0,920,883,893,927,775,789,541,0,0,0,0,0,0,0,639,1099,984,956,0,0,0,0,dahye,lean_right,1
142,1786867335.699452,223,521,380,383,424,0,0,0,0,0,921,879,895,925,773,787,539,0,0,0,0,0,0,0,638,1108,983,957,0,0,0,0,dahye,lean_right,1
143,1786867335.699770,223,521,378,383,423,0,0,0,0,0,920,879,901,931,759,789,539,0,0,0,0,0,0,0,644,1111,983,956,0,0,0,0,dahye,lean_right,1
144,1786867335.700076,223,523,381,388,423,0,0,0,0,0,921,883,895,927,773,789,539,0,0,0,0,0,0,0,638,1078,983,955,0,0,0,0,dahye,lean_right,1
145,1786867335.700386,223,521,389,383,422,0,0,0,0,0,916,882,895,931,765,789,537,0,0,0,0,0,0,0,639,1101,985,954,0,0,0,0,dahye,lean_right,1
146,1786867335.700696,225,522,379,384,422,0,0,0,0,0,915,883,901,927,767,788,539,0,0,0,0,0,0,0,645,1117,982,955,0,0,0,0,dahye,lean_right,1
147,1786867335.701006,225,521,379,389,425,0,0,0,0,0,921,883,895,932,776,780,540,0,0,0,0,0,0,0,647,1109,982,955,0,0,0,0,dahye,lean_right,1
148,1786867335.701322,223,521,380,388,427,0,0,0,0,0,915,882,894,931,767,788,541,0,0,0,0,0,0,0,645,1119,983,957,0,0,0,0,dahye,lean_right,1
149,1786867335.701629,221,521,380,389,423,0,0,0,0,0,920,883,901,931,776,789,541,0,0,0,0,0,0,0,637,1111,983,955,0,0,0,0,dahye,lean_right,1
150,1786867335.701934,221,519,381,389,425,0,0,0,0,0,927,882,895,931,774,787,543,0,0,0,0,0,0,0,647,1107,981,953,0,0,0,0,dahye,lean_right,1
151,1786867335.702226,222,519,379,389,427,0,0,0,0,0,921,879,894,931,773,789,541,0,0,0,0,0,0,0,645,1115,983,964,0,0,0,0,dahye,lean_right,1
152,1786867335.702524,221,521,379,383,427,0,0,0,0,0,915,883,895,931,773,791,547,0,0,0,0,0,0,0,644,1111,985,959,0,0,0,0,dahye,lean_right,1
153,1786867335.702823,223,521,381,383,425,0,0,0,0,0,921,880,903,933,775,791,537,0,0,0,0,0,0,0,645,1099,987,957,0,0,0,0,dahye,lean_right,1
154,1786867335.703116,221,520,381,389,427,0,0,0,0,0,917,879,893,931,775,791,541,0,0,0,0,0,0,0,645,1112,987,955,0,0,0,0,dahye,lean_right,1
155,1786867335.703416,222,523,381,389,429,0,0,0,0,0,916,879,895,931,776,789,543,0,0,0,0,0,0,0,634,1113,987,959,0,0,0,0,dahye,lean_right,1
156,1786867335.703707,222,521,382,389,428,0,0,0,0,0,919,879,873,927,767,789,537,0,0,0,0,0,0,0,645,1109,986,955,0,0,0,0,dahye,lean_right,1
157,1786867335.704001,222,523,383,391,431,0,0,0,0,0,920,882,893,931,773,789,540,0,0,0,0,0,0,0,637,1107,982,953,0,0,0,0,dahye,lean_right,1
158,1786867335.704301,223,522,381,389,429,0,0,0,0,0,915,879,892,931,767,789,537,0,0,0,0,0,0,0,637,1115,981,953,0,0,0,0,dahye,lean_right,1
159,1786867335.704589,227,525,383,390,431,0,0,0,0,0,915,877,893,931,774,790,541,0,0,0,0,0,0,0,645,1107,984,958,0,0,0,0,dahye,lean_right,1
160,1786867335.704891,227,527,390,391,435,0,0,0,0,0,926,879,893,933,775,791,541,0,0,0,0,0,0,0,635,1107,982,959,0,0,0,0,dahye,lean_right,1
161,1786867335.705182,227,529,391,392,437,0,0,0,0,0,915,878,894,931,777,787,539,0,0,0,0,0,0,0,633,1112,984,956,0,0,0,0,dahye,lean_right,1
162,1786867335.705476,224,529,389,392,435,0,0,0,0,0,917,875,891,931,767,790,539,0,0,0,0,0,0,0,635,1110,984,959,0,0,0,0,dahye,lean_right,1
163,1786867335.705778,227,529,390,394,437,0,0,0,0,0,915,877,891,931,774,791,537,0,0,0,0,0,0,0,635,1117,985,959,0,0,0,0,dahye,lean_right,1
164,1786867335.706067,226,531,391,396,438,0,0,0,0,0,917,876,891,931,771,793,537,0,0,0,0,0,0,0,636,1113,983,955,0,0,0,0,dahye,lean_right,1
165,1786867335.706369,227,529,392,395,439,0,0,0,0,0,908,877,893,931,774,789,542,0,0,0,0,0,0,0,637,1114,985,965,0,0,0,0,dahye,lean_right,1
166,1786867335.706659,228,529,391,397,439,0,0,0,0,0,925,875,891,931,773,791,540,0,0,0,0,0,0,0,637,1111,983,959,0,0,0,0,dahye,lean_right,1
167,1786867335.706950,227,531,395,398,441,0,0,0,0,0,909,875,891,931,774,791,541,0,0,0,0,0,0,0,636,1107,984,965,0,0,0,0,dahye,lean_right,1
168,1786867335.707250,227,532,394,399,441,0,0,0,0,0,905,875,892,931,773,791,541,0,0,0,0,0,0,0,636,1111,983,953,0,0,0,0,dahye,lean_right,1
169,1786867335.707554,227,531,399,399,443,0,0,0,0,0,917,877,891,931,778,791,537,0,0,0,0,0,0,0,636,1107,985,959,0,0,0,0,dahye,lean_right,1
170,1786867335.707850,227,531,397,399,441,0,0,0,0,0,913,877,891,931,775,789,537,0,0,0,0,0,0,0,636,1125,982,957,0,0,0,0,dahye,lean_right,1
171,1786867335.708143,228,529,395,399,442,0,0,0,0,0,919,876,891,927,777,789,538,0,0,0,0,0,0,0,635,1111,984,953,0,0,0,0,dahye,lean_right,1
172,1786867335.708442,229,531,395,402,441,0,0,0,0,0,915,874,889,927,775,791,537,0,0,0,0,0,0,0,635,1109,983,959,0,0,0,0,dahye,lean_right,1
173,1786867335.708753,228,531,389,403,445,0,0,0,0,0,917,874,891,927,775,789,542,0,0,0,0,0,0,0,634,1109,981,959,0,0,0,0,dahye,lean_right,1
174,1786867335.709048,227,533,396,405,445,0,0,0,0,0,917,875,891,928,775,787,535,0,0,0,0,0,0,0,633,1115,985,972,0,0,0,0,dahye,lean_right,1
175,1786867335.709344,229,533,396,405,445,0,0,0,0,0,911,875,891,928,775,789,547,0,0,0,0,0,0,0,634,1116,988,951,0,0,0,0,dahye,lean_right,1
176,1786867335.709634,229,533,395,407,444,0,0,0,0,0,911,877,892,933,775,791,541,0,0,0,0,0,0,0,635,1111,985,959,0,0,0,0,dahye,lean_right,1
177,1786867335.709910,229,535,397,407,446,0,0,0,0,0,914,873,891,931,775,795,542,0,0,0,0,0,0,0,635,1102,981,965,0,0,0,0,dahye,lean_right,1
178,1786867335.710195,229,535,397,407,446,0,0,0,0,0,911,874,893,933,775,793,551,0,0,0,0,0,0,0,629,1111,987,963,0,0,0,0,dahye,lean_right,1
179,1786867335.710470,232,536,399,409,445,0,0,0,0,0,911,874,893,926,775,793,540,0,0,0,0,0,0,0,631,1107,983,959,0,0,0,0,dahye,lean_right,1
180,1786867335.710752,231,535,399,413,448,0,0,0,0,0,915,874,891,931,775,777,543,0,0,0,0,0,0,0,631,1107,985,959,0,0,0,0,dahye,lean_right,1
181,1786867335.711028,231,535,405,412,453,0,0,0,0,0,911,874,891,927,775,792,544,0,0,0,0,0,0,0,629,1103,984,959,0,0,0,0,dahye,lean_right,1
182,1786867335.711305,231,537,405,413,447,0,0,0,0,0,913,873,891,928,775,792,551,0,0,0,0,0,0,0,635,1084,984,959,0,0,0,0,dahye,lean_right,1
183,1786867335.711590,232,536,405,413,455,0,0,0,0,0,909,874,889,932,777,793,548,0,0,0,0,0,0,0,659,1103,985,965,0,0,0,0,dahye,lean_right,1
184,1786867335.711878,230,537,405,415,454,0,0,0,0,0,910,872,889,927,775,794,551,0,0,0,0,0,0,0,632,1111,983,964,0,0,0,0,dahye,lean_right,1
185,1786867335.712182,230,536,407,418,455,0,0,0,0,0,911,872,889,933,775,791,547,0,0,0,0,0,0,0,629,1107,985,960,0,0,0,0,dahye,lean_right,1
186,1786867335.712478,232,537,407,419,455,0,0,0,0,0,911,873,890,931,775,793,544,0,0,0,0,0,0,0,631,1106,984,966,0,0,0,0,dahye,lean_right,1
187,1786867335.712778,231,537,406,419,457,0,0,0,0,0,911,873,889,928,775,793,546,0,0,0,0,0,0,0,629,1107,983,959,0,0,0,0,dahye,lean_right,1
188,1786867335.713066,231,537,407,415,455,0,0,0,0,0,908,874,889,933,775,793,543,0,0,0,0,0,0,0,635,1108,983,959,0,0,0,0,dahye,lean_right,1
189,1786867335.713353,231,538,409,420,459,0,0,0,0,0,911,873,891,927,775,787,543,0,0,0,0,0,0,0,639,1106,975,959,0,0,0,0,dahye,lean_right,1
190,1786867335.713641,233,539,409,420,458,0,0,0,0,0,915,874,890,927,777,791,543,0,0,0,0,0,0,0,635,1107,988,965,0,0,0,0,dahye,lean_right,1
191,1786867335.713919,231,537,409,419,455,0,0,0,0,0,911,875,889,926,775,792,543,0,0,0,0,0,0,0,628,1107,988,964,0,0,0,0,dahye,lean_right,1
192,1786867335.714207,231,539,409,421,457,0,0,0,0,0,913,875,889,927,775,791,543,0,0,0,0,0,0,0,623,1105,986,959,0,0,0,0,dahye,lean_right,1
193,1786867335.714486,233,532,410,420,453,0,0,0,0,0,913,871,890,931,775,791,547,0,0,0,0,0,0,0,619,1106,985,963,0,0,0,0,dahye,lean_right,1
194,1786867335.714767,231,540,409,421,456,0,0,0,0,0,911,875,889,933,775,793,544,0,0,0,0,0,0,0,632,1106,987,964,0,0,0,0,dahye,lean_right,1
195,1786867335.715056,231,538,407,419,456,0,0,0,0,0,909,870,889,927,775,793,543,0,0,0,0,0,0,0,635,1102,979,959,0,0,0,0,dahye,lean_right,1
196,1786867335.715345,229,539,405,420,459,0,0,0,0,0,911,875,889,925,775,793,543,0,0,0,0,0,0,0,635,1101,983,959,0,0,0,0,dahye,lean_right,1
197,1786867335.715626,231,539,405,419,457,0,0,0,0,0,909,873,888,925,774,793,543,0,0,0,0,0,0,0,627,1101,987,959,0,0,0,0,dahye,lean_right,1
198,1786867335.715897,231,539,407,420,457,0,0,0,0,0,911,875,891,925,774,793,544,0,0,0,0,0,0,0,637,1100,985,957,0,0,0,0,dahye,lean_right,1
199,1786867335.716169,231,537,407,421,459,0,0,0,0,0,911,873,889,926,774,793,543,0,0,0,0,0,0,0,635,1101,983,960,0,0,0,0,dahye,lean_right,1
200,1786867335.716448,233,540,409,421,459,0,0,0,0,0,910,871,889,925,775,793,547,0,0,0,0,0,0,0,633,1100,979,964,0,0,0,0,dahye,lean_right,1
201,1786867335.716720,231,541,411,421,457,0,0,0,0,0,910,873,875,927,774,793,543,0,0,0,0,0,0,0,635,1099,984,954,0,0,0,0,dahye,lean_right,1
202,1786867335.716995,233,541,409,423,461,0,0,0,0,0,911,871,889,925,779,793,543,0,0,0,0,0,0,0,633,1099,989,959,0,0,0,0,dahye,lean_right,1
203,1786867335.717264,234,539,410,422,459,0,0,0,0,0,915,872,888,923,775,793,543,0,0,0,0,0,0,0,636,1103,987,965,0,0,0,0,dahye,lean_right,1
204,1786867335.717536,233,539,411,422,459,0,0,0,0,0,910,872,889,923,774,795,543,0,0,0,0,0,0,0,629,1107,978,965,0,0,0,0,dahye,lean_right,1
205,1786867335.717808,235,537,409,421,459,0,0,0,0,0,911,871,887,925,774,792,543,0,0,0,0,0,0,0,623,1098,983,963,0,0,0,0,dahye,lean_right,1
206,1786867335.718077,233,539,413,422,460,0,0,0,0,0,911,873,888,924,767,793,549,0,0,0,0,0,0,0,631,1101,989,959,0,0,0,0,dahye,lean_right,1
207,1786867335.718355,233,541,411,423,458,0,0,0,0,0,915,873,887,927,775,793,543,0,0,0,0,0,0,0,647,1099,985,954,0,0,0,0,dahye,lean_right,1
208,1786867335.718626,233,540,411,423,462,0,0,0,0,0,911,873,887,927,767,793,543,0,0,0,0,0,0,0,629,1099,979,959,0,0,0,0,dahye,lean_right,1
209,1786867335.718894,233,540,412,423,463,0,0,0,0,0,911,873,887,931,761,793,548,0,0,0,0,0,0,0,631,1099,982,959,0,0,0,0,dahye,lean_right,1
210,1786867335.719173,233,539,413,423,459,0,0,0,0,0,910,873,887,927,765,793,543,0,0,0,0,0,0,0,627,1099,971,959,0,0,0,0,dahye,lean_right,1
211,1786867335.719444,232,541,411,422,460,0,0,0,0,0,913,873,885,927,774,793,549,0,0,0,0,0,0,0,633,1099,979,964,0,0,0,0,dahye,lean_right,1
212,1786867335.719724,233,541,413,424,457,0,0,0,0,0,911,873,887,927,763,789,547,0,0,0,0,0,0,0,632,1099,979,965,0,0,0,0,dahye,lean_right,1
213,1786867335.719998,236,541,410,424,461,0,0,0,0,0,911,873,888,925,761,791,549,0,0,0,0,0,0,0,632,1100,980,965,0,0,0,0,dahye,lean_right,1
214,1786867335.720267,233,540,411,423,447,0,0,0,0,0,913,880,887,931,775,794,543,0,0,0,0,0,0,0,631,1099,969,959,0,0,0,0,dahye,lean_right,1
215,1786867335.720545,234,537,411,425,461,0,0,0,0,0,911,859,887,925,773,792,544,0,0,0,0,0,0,0,629,1099,953,959,0,0,0,0,dahye,lean_right,1
216,1786867335.720815,233,541,412,424,461,0,0,0,0,0,913,872,887,927,773,793,547,0,0,0,0,0,0,0,634,1098,983,959,0,0,0,0,dahye,lean_right,1
217,1786867335.721092,233,541,413,424,459,0,0,0,0,0,907,873,887,923,776,792,547,0,0,0,0,0,0,0,633,1095,981,958,0,0,0,0,dahye,lean_right,1
218,1786867335.721360,233,539,413,425,456,0,0,0,0,0,911,875,887,925,774,793,547,0,0,0,0,0,0,0,635,1097,980,959,0,0,0,0,dahye,lean_right,1
219,1786867335.721633,235,541,413,425,461,0,0,0,0,0,909,874,887,925,774,793,543,0,0,0,0,0,0,0,655,1097,981,959,0,0,0,0,dahye,lean_right,1
220,1786867335.721909,235,541,411,425,459,0,0,0,0,0,909,871,903,923,773,793,543,0,0,0,0,0,0,0,632,1096,979,969,0,0,0,0,dahye,lean_right,1
221,1786867335.722179,235,547,413,425,457,0,0,0,0,0,909,869,887,927,774,795,547,0,0,0,0,0,0,0,635,1096,981,965,0,0,0,0,dahye,lean_right,1
222,1786867335.722466,239,542,413,426,463,0,0,0,0,0,911,872,887,927,773,793,547,0,0,0,0,0,0,0,635,1096,981,960,0,0,0,0,dahye,lean_right,1
223,1786867335.722736,237,542,413,426,463,0,0,0,0,0,911,875,887,923,775,793,547,0,0,0,0,0,0,0,632,1096,981,959,0,0,0,0,dahye,lean_right,1
224,1786867335.723002,237,541,415,427,465,0,0,0,0,0,911,875,888,927,775,795,547,0,0,0,0,0,0,0,651,1096,983,963,0,0,0,0,dahye,lean_right,1
225,1786867335.723279,239,541,415,427,469,0,0,0,0,0,909,874,885,924,773,793,543,0,0,0,0,0,0,0,631,1095,981,965,0,0,0,0,dahye,lean_right,1
226,1786867335.723547,242,541,415,429,460,0,0,0,0,0,910,870,887,925,775,793,544,0,0,0,0,0,0,0,632,1095,981,964,0,0,0,0,dahye,lean_right,1
227,1786867335.723822,237,542,415,427,462,0,0,0,0,0,909,875,883,933,775,793,544,0,0,0,0,0,0,0,633,1095,983,965,0,0,0,0,dahye,lean_right,1
228,1786867335.724093,237,541,415,427,466,0,0,0,0,0,913,871,888,925,775,793,547,0,0,0,0,0,0,0,631,1093,981,964,0,0,0,0,dahye,lean_right,1
229,1786867335.724372,239,542,415,427,462,0,0,0,0,0,909,873,885,923,774,794,547,0,0,0,0,0,0,0,633,1087,980,964,0,0,0,0,dahye,lean_right,1
230,1786867335.724644,235,541,415,425,467,0,0,0,0,0,911,871,885,940,773,795,547,0,0,0,0,0,0,0,632,1085,981,965,0,0,0,0,dahye,lean_right,1
231,1786867335.724910,239,539,415,429,467,0,0,0,0,0,910,873,889,935,773,793,547,0,0,0,0,0,0,0,633,1081,981,967,0,0,0,0,dahye,lean_right,1
232,1786867335.725181,243,547,419,430,467,0,0,0,0,0,910,869,887,927,775,795,547,0,0,0,0,0,0,0,633,1078,980,964,0,0,0,0,dahye,lean_right,1
233,1786867335.725447,245,547,420,431,466,0,0,0,0,0,910,875,887,931,774,795,549,0,0,0,0,0,0,0,632,1080,980,965,0,0,0,0,dahye,lean_right,1
234,1786867335.725713,243,543,420,431,461,0,0,0,0,0,910,872,877,923,773,797,548,0,0,0,0,0,0,0,631,1079,979,957,0,0,0,0,dahye,lean_right,1
235,1786867335.725985,244,547,421,431,466,0,0,0,0,0,909,871,887,910,774,793,547,0,0,0,0,0,0,0,631,1078,979,959,0,0,0,0,dahye,lean_right,1
236,1786867335.726252,245,549,421,435,467,0,0,0,0,0,909,867,887,919,773,793,548,0,0,0,0,0,0,0,631,1079,979,964,0,0,0,0,dahye,lean_right,1
237,1786867335.726529,242,544,421,435,461,0,0,0,0,0,910,871,885,923,775,795,548,0,0,0,0,0,0,0,631,1079,979,967,0,0,0,0,dahye,lean_right,1
238,1786867335.726794,245,544,421,435,467,0,0,0,0,0,911,872,885,905,775,797,544,0,0,0,0,0,0,0,631,1078,979,965,0,0,0,0,dahye,lean_right,1
239,1786867335.727061,260,548,421,436,469,0,0,0,0,0,909,869,885,927,774,793,544,0,0,0,0,0,0,0,632,1080,981,965,0,0,0,0,dahye,lean_right,1
240,1786867335.727332,245,549,422,435,469,0,0,0,0,0,909,876,885,926,773,791,547,0,0,0,0,0,0,0,630,1077,980,965,0,0,0,0,dahye,lean_right,1
241,1786867335.727599,243,548,421,435,467,0,0,0,0,0,909,871,889,939,773,793,543,0,0,0,0,0,0,0,629,1077,979,959,0,0,0,0,dahye,lean_right,1
242,1786867335.727874,244,549,421,435,467,0,0,0,0,0,917,872,887,925,775,795,547,0,0,0,0,0,0,0,632,1093,979,964,0,0,0,0,dahye,lean_right,1
243,1786867335.728164,247,549,423,437,469,0,0,0,0,0,909,873,888,925,774,794,547,0,0,0,0,0,0,0,628,1079,975,965,0,0,0,0,dahye,lean_right,1
244,1786867335.728465,244,549,421,435,467,0,0,0,0,0,908,871,884,927,776,796,548,0,0,0,0,0,0,0,631,1077,981,967,0,0,0,0,dahye,lean_right,1
245,1786867335.728751,245,549,421,436,465,0,0,0,0,0,914,871,885,925,776,795,547,0,0,0,0,0,0,0,631,1077,972,965,0,0,0,0,dahye,lean_right,1
246,1786867335.729015,244,547,422,437,467,0,0,0,0,0,909,871,886,921,773,794,547,0,0,0,0,0,0,0,617,1075,983,964,0,0,0,0,dahye,lean_right,1
247,1786867335.729278,245,553,421,436,468,0,0,0,0,0,895,877,886,923,767,797,543,0,0,0,0,0,0,0,632,1076,979,965,0,0,0,0,dahye,lean_right,1
248,1786867335.729540,239,549,423,437,471,0,0,0,0,0,911,872,883,925,773,795,549,0,0,0,0,0,0,0,633,1077,979,959,0,0,0,0,dahye,lean_right,1
249,1786867335.729802,255,549,424,438,466,0,0,0,0,0,909,874,887,923,773,795,547,0,0,0,0,0,0,0,632,1075,981,965,0,0,0,0,dahye,lean_right,1
250,1786867335.733319,248,551,423,437,471,0,0,0,0,0,911,874,885,927,775,795,547,0,0,0,0,0,0,0,631,1079,980,959,0,0,0,0,dahye,lean_right,1
251,1786867335.753336,247,553,423,437,469,0,0,0,0,0,910,871,885,921,777,793,547,0,0,0,0,0,0,0,632,1075,981,959,0,0,0,0,dahye,lean_right,1
252,1786867335.773302,249,543,425,438,467,0,0,0,0,0,909,873,887,931,775,795,551,0,0,0,0,0,0,0,633,1071,981,965,0,0,0,0,dahye,lean_right,1
253,1786867335.793323,247,549,423,438,473,0,0,0,0,0,909,875,885,931,772,794,543,0,0,0,0,0,0,0,633,1075,979,967,0,0,0,0,dahye,lean_right,1
254,1786867335.813370,243,553,424,439,461,0,0,0,0,0,907,867,885,928,773,795,549,0,0,0,0,0,0,0,631,1077,979,959,0,0,0,0,dahye,lean_right,1
255,1786867335.833356,246,553,425,439,469,0,0,0,0,0,908,883,886,921,773,795,549,0,0,0,0,0,0,0,631,1071,980,964,0,0,0,0,dahye,lean_right,1
256,1786867335.853383,246,543,424,439,469,0,0,0,0,0,907,874,887,924,776,795,547,0,0,0,0,0,0,0,631,1077,980,965,0,0,0,0,dahye,lean_right,1
257,1786867335.873460,247,551,427,440,472,0,0,0,0,0,910,871,893,925,775,796,547,0,0,0,0,0,0,0,616,1071,981,959,0,0,0,0,dahye,lean_right,1
258,1786867335.893411,248,543,427,440,467,0,0,0,0,0,913,867,887,931,775,795,551,0,0,0,0,0,0,0,633,1071,981,965,0,0,0,0,dahye,lean_right,1
259,1786867335.913610,248,551,427,440,471,0,0,0,0,0,911,870,886,926,775,795,549,0,0,0,0,0,0,0,631,1081,979,965,0,0,0,0,dahye,lean_right,1
260,1786867335.934427,245,549,426,441,471,0,0,0,0,0,909,871,905,921,773,796,547,0,0,0,0,0,0,0,632,1077,980,964,0,0,0,0,dahye,lean_right,1
261,1786867335.954362,248,562,424,441,476,0,0,0,0,0,909,887,887,931,775,795,549,0,0,0,0,0,0,0,632,1071,981,959,0,0,0,0,dahye,lean_right,1
262,1786867335.974391,248,551,425,440,472,0,0,0,0,0,910,871,887,925,775,795,543,0,0,0,0,0,0,0,632,1079,981,965,0,0,0,0,dahye,lean_right,1
263,1786867335.994333,244,551,426,441,475,0,0,0,0,0,909,873,887,925,775,795,547,0,0,0,0,0,0,0,633,1079,981,966,0,0,0,0,dahye,lean_right,1
264,1786867336.014344,246,547,425,441,471,0,0,0,0,0,915,855,873,932,775,795,547,0,0,0,0,0,0,0,637,1077,989,965,0,0,0,0,dahye,lean_right,1
265,1786867336.034321,249,547,427,441,475,0,0,0,0,0,911,856,887,927,775,795,548,0,0,0,0,0,0,0,637,1078,978,963,0,0,0,0,dahye,lean_right,1
266,1786867336.054318,247,549,425,443,475,0,0,0,0,0,909,872,888,927,775,795,549,0,0,0,0,0,0,0,632,1079,981,965,0,0,0,0,dahye,lean_right,1
267,1786867336.074352,249,551,425,441,468,0,0,0,0,0,909,871,890,925,776,793,549,0,0,0,0,0,0,0,629,1079,981,958,0,0,0,0,dahye,lean_right,1
268,1786867336.094294,246,551,425,443,471,0,0,0,0,0,913,875,887,931,775,795,549,0,0,0,0,0,0,0,638,1080,986,965,0,0,0,0,dahye,lean_right,1
269,1786867336.114347,249,549,426,441,471,0,0,0,0,0,911,871,887,925,773,795,547,0,0,0,0,0,0,0,633,1079,981,963,0,0,0,0,dahye,lean_right,1
270,1786867336.134344,247,549,427,441,471,0,0,0,0,0,909,872,885,916,775,795,547,0,0,0,0,0,0,0,633,1077,981,967,0,0,0,0,dahye,lean_right,1
271,1786867336.154353,247,550,427,441,472,0,0,0,0,0,909,872,888,927,776,795,547,0,0,0,0,0,0,0,633,1077,981,965,0,0,0,0,dahye,lean_right,1
272,1786867336.174363,245,550,427,441,472,0,0,0,0,0,911,871,887,925,775,795,547,0,0,0,0,0,0,0,633,1077,983,965,0,0,0,0,dahye,lean_right,1
273,1786867336.194275,247,551,426,443,461,0,0,0,0,0,909,872,905,931,776,795,546,0,0,0,0,0,0,0,633,1083,982,967,0,0,0,0,dahye,lean_right,1
274,1786867336.214506,250,551,425,441,471,0,0,0,0,0,909,871,887,925,767,794,548,0,0,0,0,0,0,0,632,1075,981,965,0,0,0,0,dahye,lean_right,1
275,1786867336.234364,247,551,427,441,471,0,0,0,0,0,917,872,887,922,776,795,548,0,0,0,0,0,0,0,634,1078,981,965,0,0,0,0,dahye,lean_right,1
276,1786867336.254436,247,551,426,443,471,0,0,0,0,0,904,873,887,931,767,792,547,0,0,0,0,0,0,0,633,1077,983,965,0,0,0,0,dahye,lean_right,1
277,1786867336.274470,248,551,425,443,471,0,0,0,0,0,910,871,888,925,774,795,549,0,0,0,0,0,0,0,633,1078,983,967,0,0,0,0,dahye,lean_right,1
278,1786867336.294351,247,551,425,443,471,0,0,0,0,0,908,871,887,925,777,794,547,0,0,0,0,0,0,0,633,1079,982,966,0,0,0,0,dahye,lean_right,1
279,1786867336.314351,263,551,427,442,473,0,0,0,0,0,907,871,887,927,775,795,547,0,0,0,0,0,0,0,633,1075,983,965,0,0,0,0,dahye,lean_right,1
280,1786867336.334426,248,551,427,441,472,0,0,0,0,0,914,870,886,926,776,793,543,0,0,0,0,0,0,0,633,1079,981,956,0,0,0,0,dahye,lean_right,1
281,1786867336.354392,251,552,425,443,471,0,0,0,0,0,907,872,887,925,773,796,544,0,0,0,0,0,0,0,633,1076,981,965,0,0,0,0,dahye,lean_right,1
282,1786867336.374353,246,552,427,442,473,0,0,0,0,0,915,871,887,925,779,795,551,0,0,0,0,0,0,0,633,1077,981,965,0,0,0,0,dahye,lean_right,1
283,1786867336.394407,244,551,427,443,472,0,0,0,0,0,911,871,885,927,775,794,549,0,0,0,0,0,0,0,632,1079,983,965,0,0,0,0,dahye,lean_right,1
284,1786867336.414394,248,552,427,443,473,0,0,0,0,0,909,872,887,931,774,795,547,0,0,0,0,0,0,0,632,1077,983,965,0,0,0,0,dahye,lean_right,1
285,1786867336.434385,249,551,429,443,472,0,0,0,0,0,909,872,885,925,777,794,547,0,0,0,0,0,0,0,633,1075,983,965,0,0,0,0,dahye,lean_right,1
286,1786867336.454439,248,551,428,443,471,0,0,0,0,0,903,870,884,926,773,796,549,0,0,0,0,0,0,0,633,1071,979,965,0,0,0,0,dahye,lean_right,1
287,1786867336.474374,248,552,427,444,472,0,0,0,0,0,927,871,885,925,767,795,547,0,0,0,0,0,0,0,633,1079,984,965,0,0,0,0,dahye,lean_right,1
288,1786867336.494380,243,553,427,445,473,0,0,0,0,0,909,872,886,925,777,795,547,0,0,0,0,0,0,0,633,1077,984,965,0,0,0,0,dahye,lean_right,1
289,1786867336.514423,249,543,425,443,473,0,0,0,0,0,910,869,884,925,773,795,543,0,0,0,0,0,0,0,634,1075,982,973,0,0,0,0,dahye,lean_right,1
290,1786867336.534400,255,551,429,443,471,0,0,0,0,0,909,871,887,926,775,795,548,0,0,0,0,0,0,0,633,1075,983,971,0,0,0,0,dahye,lean_right,1
291,1786867336.554369,249,551,427,444,473,0,0,0,0,0,915,871,887,925,775,795,550,0,0,0,0,0,0,0,635,1078,983,965,0,0,0,0,dahye,lean_right,1
292,1786867336.574379,250,551,429,445,473,0,0,0,0,0,909,872,883,925,776,795,549,0,0,0,0,0,0,0,635,1077,991,965,0,0,0,0,dahye,lean_right,1
293,1786867336.594408,250,552,429,444,473,0,0,0,0,0,908,870,887,927,777,789,548,0,0,0,0,0,0,0,633,1079,983,967,0,0,0,0,dahye,lean_right,1
294,1786867336.614348,250,550,429,444,474,0,0,0,0,0,908,871,887,926,772,795,544,0,0,0,0,0,0,0,633,1077,983,965,0,0,0,0,dahye,lean_right,1
295,1786867336.634373,249,552,431,445,473,0,0,0,0,0,909,871,886,926,773,795,547,0,0,0,0,0,0,0,633,1077,985,965,0,0,0,0,dahye,lean_right,1
296,1786867336.654412,249,553,427,443,473,0,0,0,0,0,915,871,887,926,775,799,551,0,0,0,0,0,0,0,635,1097,983,966,0,0,0,0,dahye,lean_right,1
297,1786867336.674363,249,552,427,445,473,0,0,0,0,0,907,871,887,926,775,795,547,0,0,0,0,0,0,0,633,1080,985,965,0,0,0,0,dahye,lean_right,1
298,1786867336.694260,249,551,429,445,475,0,0,0,0,0,909,872,884,925,768,797,543,0,0,0,0,0,0,0,633,1075,984,965,0,0,0,0,dahye,lean_right,1
299,1786867336.714530,250,553,432,444,475,0,0,0,0,0,915,871,887,925,776,799,539,0,0,0,0,0,0,0,637,1103,981,965,0,0,0,0,dahye,lean_right,1
300,1786867336.734371,249,552,431,445,475,0,0,0,0,0,910,870,888,926,775,795,558,0,0,0,0,0,0,0,635,1077,979,965,0,0,0,0,dahye,lean_right,1
301,1786867336.754377,250,553,431,446,475,0,0,0,0,0,931,873,884,927,787,797,550,0,0,0,0,0,0,0,635,1077,984,966,0,0,0,0,dahye,lean_right,1
302,1786867336.774415,250,553,435,446,475,0,0,0,0,0,917,871,887,926,777,796,548,0,0,0,0,0,0,0,633,1051,985,965,0,0,0,0,dahye,lean_right,1
303,1786867336.794413,250,553,443,447,475,0,0,0,0,0,904,871,888,927,765,796,551,0,0,0,0,0,0,0,630,1076,983,967,0,0,0,0,dahye,lean_right,1
304,1786867336.814378,249,553,429,447,475,0,0,0,0,0,915,871,883,926,767,795,543,0,0,0,0,0,0,0,633,1085,985,965,0,0,0,0,dahye,lean_right,1
305,1786867336.834360,249,553,429,445,475,0,0,0,0,0,909,871,887,925,775,796,540,0,0,0,0,0,0,0,633,1087,983,967,0,0,0,0,dahye,lean_right,1
306,1786867336.854414,251,553,431,447,475,0,0,0,0,0,911,871,887,925,773,796,537,0,0,0,0,0,0,0,631,1080,985,967,0,0,0,0,dahye,lean_right,1
307,1786867336.874390,249,553,431,447,475,0,0,0,0,0,907,871,885,927,767,795,548,0,0,0,0,0,0,0,635,1079,987,965,0,0,0,0,dahye,lean_right,1
308,1786867336.894370,251,553,431,447,475,0,0,0,0,0,913,871,883,927,773,795,548,0,0,0,0,0,0,0,635,1069,983,967,0,0,0,0,dahye,lean_right,1
309,1786867336.914252,251,553,429,447,475,0,0,0,0,0,901,872,888,926,775,798,551,0,0,0,0,0,0,0,633,1078,983,957,0,0,0,0,dahye,lean_right,1
310,1786867336.934401,251,553,431,447,475,0,0,0,0,0,915,872,887,925,775,795,551,0,0,0,0,0,0,0,633,1080,983,965,0,0,0,0,dahye,lean_right,1
311,1786867336.954386,251,553,430,447,475,0,0,0,0,0,915,871,884,925,776,795,557,0,0,0,0,0,0,0,633,1099,983,963,0,0,0,0,dahye,lean_right,1
312,1786867336.974404,249,553,431,446,475,0,0,0,0,0,907,871,887,926,779,809,547,0,0,0,0,0,0,0,633,1077,983,971,0,0,0,0,dahye,lean_right,1
313,1786867336.994380,250,551,431,447,475,0,0,0,0,0,911,871,884,927,776,795,551,0,0,0,0,0,0,0,635,1078,983,965,0,0,0,0,dahye,lean_right,1
314,1786867337.014334,250,553,429,447,475,0,0,0,0,0,907,871,887,926,775,795,543,0,0,0,0,0,0,0,633,1083,987,965,0,0,0,0,dahye,lean_right,1
315,1786867337.034408,249,552,434,447,475,0,0,0,0,0,915,871,885,925,773,784,551,0,0,0,0,0,0,0,637,1076,987,966,0,0,0,0,dahye,lean_right,1
316,1786867337.054370,251,553,435,447,475,0,0,0,0,0,909,873,887,925,773,795,551,0,0,0,0,0,0,0,635,1083,985,967,0,0,0,0,dahye,lean_right,1
317,1786867337.074375,251,553,429,447,474,0,0,0,0,0,913,871,885,926,767,795,541,0,0,0,0,0,0,0,633,1079,985,965,0,0,0,0,dahye,lean_right,1
318,1786867337.094410,249,552,431,446,474,0,0,0,0,0,913,871,887,927,776,797,549,0,0,0,0,0,0,0,635,1085,983,966,0,0,0,0,dahye,lean_right,1
319,1786867337.114370,250,552,431,447,475,0,0,0,0,0,915,871,887,926,773,796,548,0,0,0,0,0,0,0,633,1083,987,965,0,0,0,0,dahye,lean_right,1
320,1786867337.134334,251,552,431,446,476,0,0,0,0,0,909,871,888,925,776,796,553,0,0,0,0,0,0,0,634,1081,983,965,0,0,0,0,dahye,lean_right,1
321,1786867337.154431,249,553,429,447,475,0,0,0,0,0,915,871,887,925,777,809,549,0,0,0,0,0,0,0,635,1093,983,965,0,0,0,0,dahye,lean_right,1
322,1786867337.174407,250,553,427,447,476,0,0,0,0,0,906,872,890,925,773,795,551,0,0,0,0,0,0,0,635,1080,987,965,0,0,0,0,dahye,lean_right,1
323,1786867337.194383,250,553,432,447,475,0,0,0,0,0,907,871,885,925,776,795,547,0,0,0,0,0,0,0,638,1092,983,967,0,0,0,0,dahye,lean_right,1
324,1786867337.213767,251,552,430,451,474,0,0,0,0,0,913,871,886,926,776,795,549,0,0,0,0,0,0,0,633,1083,987,966,0,0,0,0,dahye,lean_right,1
325,1786867337.234483,249,553,431,447,475,0,0,0,0,0,909,872,886,927,773,795,551,0,0,0,0,0,0,0,631,1083,981,965,0,0,0,0,dahye,lean_right,1
326,1786867337.254167,250,552,435,453,476,0,0,0,0,0,906,873,887,927,777,795,551,0,0,0,0,0,0,0,633,1080,985,967,0,0,0,0,dahye,lean_right,1
327,1786867337.274419,249,551,435,447,475,0,0,0,0,0,924,871,889,925,779,795,551,0,0,0,0,0,0,0,638,1083,985,965,0,0,0,0,dahye,lean_right,1
328,1786867337.294431,250,553,429,447,475,0,0,0,0,0,916,872,887,925,775,793,551,0,0,0,0,0,0,0,633,1081,987,967,0,0,0,0,dahye,lean_right,1
329,1786867337.314399,250,553,429,447,475,0,0,0,0,0,917,873,887,926,777,795,548,0,0,0,0,0,0,0,637,1085,985,965,0,0,0,0,dahye,lean_right,1
330,1786867337.334334,250,552,431,452,477,0,0,0,0,0,915,871,887,925,777,796,548,0,0,0,0,0,0,0,633,1081,985,967,0,0,0,0,dahye,lean_right,1
331,1786867337.354439,250,553,439,447,477,0,0,0,0,0,911,869,889,925,774,795,549,0,0,0,0,0,0,0,635,1096,985,965,0,0,0,0,dahye,lean_right,1
332,1786867337.374401,251,553,430,453,477,0,0,0,0,0,913,873,876,927,760,795,547,0,0,0,0,0,0,0,635,1081,984,966,0,0,0,0,dahye,lean_right,1
333,1786867337.394390,251,553,431,452,477,0,0,0,0,0,905,872,886,925,777,794,543,0,0,0,0,0,0,0,635,1079,985,967,0,0,0,0,dahye,lean_right,1
334,1786867337.414377,249,552,431,447,475,0,0,0,0,0,918,871,885,927,773,797,548,0,0,0,0,0,0,0,633,1092,987,967,0,0,0,0,dahye,lean_right,1
335,1786867337.434373,250,553,430,453,476,0,0,0,0,0,909,869,886,927,775,795,533,0,0,0,0,0,0,0,634,1076,983,967,0,0,0,0,dahye,lean_right,1
336,1786867337.454377,251,553,431,447,475,0,0,0,0,0,913,873,889,925,773,795,532,0,0,0,0,0,0,0,636,1077,979,967,0,0,0,0,dahye,lean_right,1
337,1786867337.474379,249,551,437,453,477,0,0,0,0,0,916,872,887,925,773,792,547,0,0,0,0,0,0,0,639,1086,996,965,0,0,0,0,dahye,lean_right,1
338,1786867337.494375,249,553,437,447,475,0,0,0,0,0,925,869,873,925,783,795,550,0,0,0,0,0,0,0,635,1081,981,965,0,0,0,0,dahye,lean_right,1
339,1786867337.514400,251,555,431,447,477,0,0,0,0,0,919,871,889,927,781,795,549,0,0,0,0,0,0,0,631,1076,973,966,0,0,0,0,dahye,lean_right,1
340,1786867337.534366,251,553,429,453,478,0,0,0,0,0,911,872,890,925,775,796,555,0,0,0,0,0,0,0,632,1071,975,967,0,0,0,0,dahye,lean_right,1
341,1786867337.554421,249,555,441,453,475,0,0,0,0,0,924,868,885,927,764,795,543,0,0,0,0,0,0,0,631,1079,987,971,0,0,0,0,dahye,lean_right,1
342,1786867337.574410,249,543,431,447,479,0,0,0,0,0,914,875,883,933,777,794,549,0,0,0,0,0,0,0,635,1085,985,967,0,0,0,0,dahye,lean_right,1
343,1786867337.594383,251,553,429,453,479,0,0,0,0,0,911,873,887,925,776,795,547,0,0,0,0,0,0,0,630,1083,981,967,0,0,0,0,dahye,lean_right,1
344,1786867337.614396,248,551,431,453,476,0,0,0,0,0,907,873,884,926,776,795,543,0,0,0,0,0,0,0,633,1099,999,966,0,0,0,0,dahye,lean_right,1
345,1786867337.634336,249,550,423,447,477,0,0,0,0,0,910,871,884,925,777,795,549,0,0,0,0,0,0,0,631,1080,981,966,0,0,0,0,dahye,lean_right,1
346,1786867337.653737,249,552,427,453,477,0,0,0,0,0,910,870,889,927,777,795,547,0,0,0,0,0,0,0,631,1063,973,965,0,0,0,0,dahye,lean_right,1
347,1786867337.674463,249,553,438,447,477,0,0,0,0,0,915,871,883,927,783,795,548,0,0,0,0,0,0,0,637,1083,982,965,0,0,0,0,dahye,lean_right,1
348,1786867337.694468,249,553,430,453,477,0,0,0,0,0,915,874,887,927,762,794,551,0,0,0,0,0,0,0,633,1087,986,967,0,0,0,0,dahye,lean_right,1
349,1786867337.714435,250,553,430,453,477,0,0,0,0,0,910,871,883,925,777,795,547,0,0,0,0,0,0,0,633,1083,985,965,0,0,0,0,dahye,lean_right,1
350,1786867337.733676,249,552,431,453,478,0,0,0,0,0,909,871,888,925,775,795,544,0,0,0,0,0,0,0,602,1086,986,965,0,0,0,0,dahye,lean_right,1
351,1786867337.754477,250,552,431,453,476,0,0,0,0,0,909,872,887,925,777,795,549,0,0,0,0,0,0,0,633,1086,983,960,0,0,0,0,dahye,lean_right,1
352,1786867337.774406,251,553,431,454,477,0,0,0,0,0,911,873,888,925,777,795,548,0,0,0,0,0,0,0,633,1087,986,965,0,0,0,0,dahye,lean_right,1
353,1786867337.794403,251,553,431,454,477,0,0,0,0,0,915,871,887,923,776,795,548,0,0,0,0,0,0,0,635,1087,987,967,0,0,0,0,dahye,lean_right,1
354,1786867337.814444,253,555,431,454,475,0,0,0,0,0,913,871,887,927,776,796,549,0,0,0,0,0,0,0,629,1091,988,967,0,0,0,0,dahye,lean_right,1
355,1786867337.834383,249,553,430,455,477,0,0,0,0,0,909,871,887,925,779,795,546,0,0,0,0,0,0,0,632,1077,995,967,0,0,0,0,dahye,lean_right,1
356,1786867337.854392,251,553,431,453,478,0,0,0,0,0,910,873,890,924,776,795,549,0,0,0,0,0,0,0,629,1093,993,967,0,0,0,0,dahye,lean_right,1
357,1786867337.874373,251,551,429,448,477,0,0,0,0,0,911,871,890,925,775,795,549,0,0,0,0,0,0,0,635,1093,987,967,0,0,0,0,dahye,lean_right,1
358,1786867337.894416,250,553,428,453,477,0,0,0,0,0,911,871,887,927,777,795,549,0,0,0,0,0,0,0,634,1093,987,966,0,0,0,0,dahye,lean_right,1
359,1786867337.914388,249,553,428,452,475,0,0,0,0,0,911,872,887,925,776,797,548,0,0,0,0,0,0,0,645,1093,989,967,0,0,0,0,dahye,lean_right,1
360,1786867337.934389,249,551,428,453,476,0,0,0,0,0,910,871,886,925,775,793,544,0,0,0,0,0,0,0,631,1093,981,965,0,0,0,0,dahye,lean_right,1
361,1786867337.954421,248,553,430,447,475,0,0,0,0,0,910,872,890,932,767,793,543,0,0,0,0,0,0,0,645,1080,989,968,0,0,0,0,dahye,lean_right,1
362,1786867337.974367,249,553,429,452,478,0,0,0,0,0,911,869,889,927,776,795,543,0,0,0,0,0,0,0,647,1093,986,965,0,0,0,0,dahye,lean_right,1
363,1786867337.994370,249,552,427,453,475,0,0,0,0,0,911,870,887,927,767,795,549,0,0,0,0,0,0,0,637,1093,985,967,0,0,0,0,dahye,lean_right,1
364,1786867338.014380,249,551,430,453,477,0,0,0,0,0,915,873,889,925,779,795,548,0,0,0,0,0,0,0,638,1092,985,967,0,0,0,0,dahye,lean_right,1
365,1786867338.034355,251,553,428,453,475,0,0,0,0,0,911,868,889,925,776,793,547,0,0,0,0,0,0,0,643,1093,979,959,0,0,0,0,dahye,lean_right,1
366,1786867338.054370,249,553,429,453,478,0,0,0,0,0,914,874,887,926,776,794,547,0,0,0,0,0,0,0,644,1093,990,966,0,0,0,0,dahye,lean_right,1
367,1786867338.074406,249,551,429,453,477,0,0,0,0,0,911,871,885,925,776,796,549,0,0,0,0,0,0,0,635,1093,980,969,0,0,0,0,dahye,lean_right,1
368,1786867338.094377,250,551,429,454,477,0,0,0,0,0,910,871,889,926,775,793,548,0,0,0,0,0,0,0,637,1093,985,965,0,0,0,0,dahye,lean_right,1
369,1786867338.114384,251,550,429,455,477,0,0,0,0,0,911,871,889,926,775,795,547,0,0,0,0,0,0,0,631,1087,971,960,0,0,0,0,dahye,lean_right,1
370,1786867338.134353,249,552,429,453,477,0,0,0,0,0,910,868,885,927,776,795,548,0,0,0,0,0,0,0,637,1087,987,965,0,0,0,0,dahye,lean_right,1
371,1786867338.154526,249,551,431,454,475,0,0,0,0,0,910,870,888,927,776,795,548,0,0,0,0,0,0,0,631,1092,985,965,0,0,0,0,dahye,lean_right,1
372,1786867338.174422,249,553,429,455,475,0,0,0,0,0,910,873,888,928,776,795,547,0,0,0,0,0,0,0,637,1093,986,967,0,0,0,0,dahye,lean_right,1
373,1786867338.194479,250,553,431,455,477,0,0,0,0,0,911,873,889,928,775,793,547,0,0,0,0,0,0,0,630,1093,986,967,0,0,0,0,dahye,lean_right,1
374,1786867338.214422,251,553,431,455,477,0,0,0,0,0,913,873,901,927,777,795,547,0,0,0,0,0,0,0,630,1093,985,967,0,0,0,0,dahye,lean_right,1
375,1786867338.233638,249,551,427,455,478,0,0,0,0,0,909,868,887,925,777,793,549,0,0,0,0,0,0,0,629,1091,991,967,0,0,0,0,dahye,lean_right,1
376,1786867338.253762,249,553,431,455,483,0,0,0,0,0,910,871,884,925,777,795,549,0,0,0,0,0,0,0,635,1093,985,968,0,0,0,0,dahye,lean_right,1
377,1786867338.274470,248,554,425,455,476,0,0,0,0,0,911,871,891,927,777,795,543,0,0,0,0,0,0,0,637,1093,991,965,0,0,0,0,dahye,lean_right,1
378,1786867338.294399,251,552,433,456,479,0,0,0,0,0,910,871,883,927,765,795,550,0,0,0,0,0,0,0,633,1087,987,967,0,0,0,0,dahye,lean_right,1
379,1786867338.314392,249,553,431,455,482,0,0,0,0,0,909,869,885,931,777,795,547,0,0,0,0,0,0,0,638,1093,989,967,0,0,0,0,dahye,lean_right,1
380,1786867338.334492,248,551,429,454,476,0,0,0,0,0,907,869,889,935,773,795,547,0,0,0,0,0,0,0,635,1085,983,967,0,0,0,0,dahye,lean_right,1
381,1786867338.354402,250,553,431,455,478,0,0,0,0,0,909,871,884,927,777,795,548,0,0,0,0,0,0,0,637,1093,989,965,0,0,0,0,dahye,lean_right,1
382,1786867338.374364,247,539,431,455,478,0,0,0,0,0,911,875,887,927,777,795,547,0,0,0,0,0,0,0,632,1094,985,966,0,0,0,0,dahye,lean_right,1
383,1786867338.394382,249,551,431,455,483,0,0,0,0,0,909,873,885,923,777,795,547,0,0,0,0,0,0,0,635,1093,1007,964,0,0,0,0,dahye,lean_right,1
384,1786867338.414425,251,553,431,455,483,0,0,0,0,0,909,871,889,925,777,796,548,0,0,0,0,0,0,0,633,1093,981,965,0,0,0,0,dahye,lean_right,1
385,1786867338.434365,250,553,430,456,479,0,0,0,0,0,909,871,889,925,777,795,549,0,0,0,0,0,0,0,632,1093,989,966,0,0,0,0,dahye,lean_right,1
386,1786867338.454384,248,552,431,454,482,0,0,0,0,0,909,869,885,927,775,795,548,0,0,0,0,0,0,0,623,1094,987,965,0,0,0,0,dahye,lean_right,1
387,1786867338.474424,253,553,431,457,483,0,0,0,0,0,910,869,889,923,776,795,549,0,0,0,0,0,0,0,635,1093,986,963,0,0,0,0,dahye,lean_right,1
388,1786867338.494406,249,555,429,455,478,0,0,0,0,0,910,872,889,927,777,795,547,0,0,0,0,0,0,0,653,1093,986,959,0,0,0,0,dahye,lean_right,1
389,1786867338.514379,250,553,428,455,479,0,0,0,0,0,911,847,886,927,777,795,551,0,0,0,0,0,0,0,637,1093,983,967,0,0,0,0,dahye,lean_right,1
390,1786867338.534398,249,553,431,457,479,0,0,0,0,0,913,871,887,925,776,793,548,0,0,0,0,0,0,0,649,1093,987,963,0,0,0,0,dahye,lean_right,1
391,1786867338.554404,251,551,431,457,483,0,0,0,0,0,911,871,884,926,778,794,548,0,0,0,0,0,0,0,629,1093,987,967,0,0,0,0,dahye,lean_right,1
392,1786867338.574425,249,549,427,456,481,0,0,0,0,0,907,869,886,925,778,793,547,0,0,0,0,0,0,0,635,1086,985,967,0,0,0,0,dahye,lean_right,1
393,1786867338.594423,250,553,429,455,483,0,0,0,0,0,909,879,887,927,773,793,548,0,0,0,0,0,0,0,631,1093,997,967,0,0,0,0,dahye,lean_right,1
394,1786867338.614404,249,552,429,457,475,0,0,0,0,0,911,873,888,931,776,795,547,0,0,0,0,0,0,0,637,1093,984,967,0,0,0,0,dahye,lean_right,1
395,1786867338.634382,249,553,431,457,482,0,0,0,0,0,909,868,895,927,777,793,548,0,0,0,0,0,0,0,637,1094,985,960,0,0,0,0,dahye,lean_right,1
396,1786867338.654418,248,551,430,457,483,0,0,0,0,0,909,875,889,904,777,796,543,0,0,0,0,0,0,0,637,1093,985,967,0,0,0,0,dahye,lean_right,1
397,1786867338.674458,249,552,430,458,476,0,0,0,0,0,913,868,885,925,777,795,547,0,0,0,0,0,0,0,636,1093,985,969,0,0,0,0,dahye,lean_right,1
398,1786867338.694425,247,551,431,456,483,0,0,0,0,0,909,873,887,937,777,797,543,0,0,0,0,0,0,0,634,1093,985,967,0,0,0,0,dahye,lean_right,1
399,1786867338.714432,248,553,429,457,482,0,0,0,0,0,911,869,886,911,777,795,543,0,0,0,0,0,0,0,635,1093,987,965,0,0,0,0,dahye,lean_right,1
400,1786867338.734420,247,555,429,459,482,0,0,0,0,0,909,861,885,924,776,791,543,0,0,0,0,0,0,0,635,1095,987,969,0,0,0,0,dahye,lean_right,1
401,1786867338.754399,244,549,430,457,478,0,0,0,0,0,909,871,889,930,777,794,543,0,0,0,0,0,0,0,635,1093,985,970,0,0,0,0,dahye,lean_right,1
402,1786867338.774403,248,551,431,457,484,0,0,0,0,0,910,871,891,925,777,793,546,0,0,0,0,0,0,0,635,1095,987,965,0,0,0,0,dahye,lean_right,1
403,1786867338.794445,247,553,435,457,482,0,0,0,0,0,910,869,891,933,777,793,544,0,0,0,0,0,0,0,632,1093,986,972,0,0,0,0,dahye,lean_right,1
404,1786867338.814421,247,555,431,459,479,0,0,0,0,0,909,861,885,926,777,793,547,0,0,0,0,0,0,0,635,1095,987,968,0,0,0,0,dahye,lean_right,1
405,1786867338.834380,247,551,433,457,485,0,0,0,0,0,909,871,882,942,777,795,548,0,0,0,0,0,0,0,612,1095,987,971,0,0,0,0,dahye,lean_right,1
406,1786867338.854460,251,550,435,457,478,0,0,0,0,0,907,868,883,926,777,793,547,0,0,0,0,0,0,0,634,1095,990,969,0,0,0,0,dahye,lean_right,1
407,1786867338.874416,236,552,435,459,484,0,0,0,0,0,911,869,887,925,777,794,547,0,0,0,0,0,0,0,633,1095,987,969,0,0,0,0,dahye,lean_right,1
408,1786867338.894423,248,550,431,459,483,0,0,0,0,0,911,867,888,927,777,792,543,0,0,0,0,0,0,0,633,1095,986,968,0,0,0,0,dahye,lean_right,1
409,1786867338.914405,248,548,429,459,485,0,0,0,0,0,909,870,889,926,778,793,543,0,0,0,0,0,0,0,634,1095,985,969,0,0,0,0,dahye,lean_right,1
410,1786867338.934435,239,549,431,458,485,0,0,0,0,0,909,870,895,925,777,793,543,0,0,0,0,0,0,0,635,1093,986,972,0,0,0,0,dahye,lean_right,1
411,1786867338.954403,249,551,435,459,482,0,0,0,0,0,909,865,883,926,778,791,547,0,0,0,0,0,0,0,635,1095,987,971,0,0,0,0,dahye,lean_right,1
412,1786867338.974403,249,553,438,459,483,0,0,0,0,0,909,869,887,927,776,793,543,0,0,0,0,0,0,0,635,1094,988,971,0,0,0,0,dahye,lean_right,1
413,1786867338.994427,245,556,440,459,485,0,0,0,0,0,909,863,877,932,778,794,547,0,0,0,0,0,0,0,635,1095,986,974,0,0,0,0,dahye,lean_right,1
414,1786867339.014417,251,549,443,461,489,0,0,0,0,0,909,852,886,933,778,795,551,0,0,0,0,0,0,0,634,1093,987,983,0,0,0,0,dahye,lean_right,1
415,1786867339.034480,253,555,439,461,489,0,0,0,0,0,910,867,890,927,778,793,547,0,0,0,0,0,0,0,634,1095,988,943,0,0,0,0,dahye,lean_right,1
416,1786867339.054468,249,554,440,461,489,0,0,0,0,0,909,866,896,927,779,793,547,0,0,0,0,0,0,0,634,1095,987,973,0,0,0,0,dahye,lean_right,1
417,1786867339.074393,245,553,439,461,489,0,0,0,0,0,907,871,888,931,779,794,547,0,0,0,0,0,0,0,629,1093,989,972,0,0,0,0,dahye,lean_right,1
418,1786867339.094402,247,553,439,461,489,0,0,0,0,0,909,871,885,927,779,793,548,0,0,0,0,0,0,0,639,1095,989,970,0,0,0,0,dahye,lean_right,1
419,1786867339.114424,249,553,441,463,500,0,0,0,0,0,910,872,887,923,778,794,548,0,0,0,0,0,0,0,632,1095,987,972,0,0,0,0,dahye,lean_right,1
420,1786867339.134391,249,553,441,465,484,0,0,0,0,0,909,867,885,923,776,792,547,0,0,0,0,0,0,0,631,1097,987,978,0,0,0,0,dahye,lean_right,1
421,1786867339.154405,251,552,441,465,481,0,0,0,0,0,910,872,885,927,777,792,547,0,0,0,0,0,0,0,632,1095,987,969,0,0,0,0,dahye,lean_right,1
422,1786867339.174427,251,555,441,462,482,0,0,0,0,0,906,874,887,923,778,793,551,0,0,0,0,0,0,0,633,1095,988,973,0,0,0,0,dahye,lean_right,1
423,1786867339.194438,251,553,442,466,487,0,0,0,0,0,909,875,887,925,775,799,548,0,0,0,0,0,0,0,634,1093,987,973,0,0,0,0,dahye,lean_right,1
424,1786867339.214391,251,557,443,465,488,0,0,0,0,0,909,869,894,932,779,792,549,0,0,0,0,0,0,0,632,1094,987,973,0,0,0,0,dahye,lean_right,1
425,1786867339.234400,250,555,443,467,483,0,0,0,0,0,908,871,885,924,777,794,549,0,0,0,0,0,0,0,633,1095,986,969,0,0,0,0,dahye,lean_right,1
426,1786867339.254478,253,551,441,463,485,0,0,0,0,0,909,878,888,925,779,794,548,0,0,0,0,0,0,0,635,1093,987,983,0,0,0,0,dahye,lean_right,1
427,1786867339.274430,250,555,443,467,489,0,0,0,0,0,909,887,883,928,778,795,547,0,0,0,0,0,0,0,635,1093,987,971,0,0,0,0,dahye,lean_right,1
428,1786867339.294434,250,553,443,468,491,0,0,0,0,0,908,867,891,933,778,795,548,0,0,0,0,0,0,0,633,1093,987,975,0,0,0,0,dahye,lean_right,1
429,1786867339.314528,252,558,444,467,491,0,0,0,0,0,909,859,888,931,778,794,547,0,0,0,0,0,0,0,633,1093,997,977,0,0,0,0,dahye,lean_right,1
430,1786867339.334402,255,568,447,469,491,0,0,0,0,0,909,851,891,925,780,795,550,0,0,0,0,0,0,0,633,1093,988,979,0,0,0,0,dahye,lean_right,1
431,1786867339.354400,250,557,447,469,484,0,0,0,0,0,909,866,885,931,779,795,549,0,0,0,0,0,0,0,633,1093,987,971,0,0,0,0,dahye,lean_right,1
432,1786867339.374414,254,555,445,467,491,0,0,0,0,0,907,863,885,926,779,795,549,0,0,0,0,0,0,0,633,1093,988,973,0,0,0,0,dahye,lean_right,1
433,1786867339.394398,259,557,447,471,493,0,0,0,0,0,909,869,887,927,776,797,549,0,0,0,0,0,0,0,631,1095,987,973,0,0,0,0,dahye,lean_right,1
434,1786867339.414378,252,558,445,469,492,0,0,0,0,0,910,869,907,917,781,796,549,0,0,0,0,0,0,0,633,1087,988,973,0,0,0,0,dahye,lean_right,1
435,1786867339.434433,253,556,447,469,491,0,0,0,0,0,909,866,883,936,777,793,547,0,0,0,0,0,0,0,631,1092,987,971,0,0,0,0,dahye,lean_right,1
436,1786867339.454422,253,559,447,471,490,0,0,0,0,0,910,869,889,927,779,797,549,0,0,0,0,0,0,0,633,1093,989,979,0,0,0,0,dahye,lean_right,1
437,1786867339.474409,254,559,447,470,492,0,0,0,0,0,907,867,889,936,779,793,549,0,0,0,0,0,0,0,631,1093,988,973,0,0,0,0,dahye,lean_right,1
438,1786867339.494427,261,559,446,469,492,0,0,0,0,0,910,869,885,931,777,794,549,0,0,0,0,0,0,0,632,1093,989,981,0,0,0,0,dahye,lean_right,1
439,1786867339.514433,254,559,446,469,493,0,0,0,0,0,909,867,888,942,777,795,549,0,0,0,0,0,0,0,633,1093,989,971,0,0,0,0,dahye,lean_right,1
440,1786867339.534384,255,556,446,469,499,0,0,0,0,0,909,869,879,933,777,794,548,0,0,0,0,0,0,0,635,1093,989,971,0,0,0,0,dahye,lean_right,1
441,1786867339.554407,253,558,445,470,492,0,0,0,0,0,909,869,892,928,778,793,549,0,0,0,0,0,0,0,631,1093,988,975,0,0,0,0,dahye,lean_right,1
442,1786867339.574403,255,563,447,471,492,0,0,0,0,0,907,868,888,928,778,793,553,0,0,0,0,0,0,0,632,1095,989,975,0,0,0,0,dahye,lean_right,1
443,1786867339.594401,254,559,441,469,493,0,0,0,0,0,917,867,888,930,797,793,548,0,0,0,0,0,0,0,632,1097,987,973,0,0,0,0,dahye,lean_right,1
444,1786867339.614399,249,558,447,470,492,0,0,0,0,0,915,869,889,931,779,797,550,0,0,0,0,0,0,0,633,1096,989,977,0,0,0,0,dahye,lean_right,1
445,1786867339.634414,263,557,447,469,491,0,0,0,0,0,907,869,888,926,777,795,549,0,0,0,0,0,0,0,631,1093,987,973,0,0,0,0,dahye,lean_right,1
446,1786867339.654400,253,557,444,469,491,0,0,0,0,0,908,867,887,939,779,795,549,0,0,0,0,0,0,0,633,1093,988,973,0,0,0,0,dahye,lean_right,1
447,1786867339.674394,253,557,443,470,491,0,0,0,0,0,915,869,888,927,775,803,547,0,0,0,0,0,0,0,631,1095,988,981,0,0,0,0,dahye,lean_right,1
448,1786867339.694431,254,557,442,469,491,0,0,0,0,0,909,868,888,927,780,791,553,0,0,0,0,0,0,0,631,1085,988,985,0,0,0,0,dahye,lean_right,1
449,1786867339.714416,253,557,443,467,490,0,0,0,0,0,907,867,887,927,777,795,550,0,0,0,0,0,0,0,630,1095,989,991,0,0,0,0,dahye,lean_right,1
450,1786867339.734405,251,557,443,468,491,0,0,0,0,0,907,867,887,927,778,797,550,0,0,0,0,0,0,0,631,1095,988,973,0,0,0,0,dahye,lean_right,1
451,1786867339.754452,252,555,443,469,491,0,0,0,0,0,908,869,887,927,776,795,549,0,0,0,0,0,0,0,629,1095,988,973,0,0,0,0,dahye,lean_right,1
452,1786867339.774421,251,556,442,469,490,0,0,0,0,0,909,867,888,931,778,793,552,0,0,0,0,0,0,0,632,1093,989,978,0,0,0,0,dahye,lean_right,1
453,1786867339.794271,253,556,443,469,491,0,0,0,0,0,911,869,888,927,779,792,551,0,0,0,0,0,0,0,633,1095,990,980,0,0,0,0,dahye,lean_right,1
454,1786867339.814467,253,556,444,468,490,0,0,0,0,0,911,869,888,931,776,791,551,0,0,0,0,0,0,0,633,1095,987,966,0,0,0,0,dahye,lean_right,1
455,1786867339.834452,252,557,441,468,490,0,0,0,0,0,909,867,889,932,778,797,547,0,0,0,0,0,0,0,631,1097,985,967,0,0,0,0,dahye,lean_right,1
456,1786867339.854423,251,557,441,469,490,0,0,0,0,0,911,869,888,931,777,793,549,0,0,0,0,0,0,0,632,1091,988,957,0,0,0,0,dahye,lean_right,1
457,1786867339.874405,253,556,440,467,491,0,0,0,0,0,922,868,887,931,789,797,547,0,0,0,0,0,0,0,632,1095,987,987,0,0,0,0,dahye,lean_right,1
458,1786867339.894440,253,555,439,467,488,0,0,0,0,0,903,869,888,927,792,793,547,0,0,0,0,0,0,0,631,1082,987,973,0,0,0,0,dahye,lean_right,1
459,1786867339.914418,251,553,438,463,489,0,0,0,0,0,907,868,887,931,775,795,549,0,0,0,0,0,0,0,631,1084,987,965,0,0,0,0,dahye,lean_right,1
460,1786867339.934404,251,554,437,461,489,0,0,0,0,0,913,869,887,927,779,795,543,0,0,0,0,0,0,0,631,1085,989,972,0,0,0,0,dahye,lean_right,1
461,1786867339.954437,249,555,437,462,488,0,0,0,0,0,911,869,887,931,779,797,548,0,0,0,0,0,0,0,631,1085,987,985,0,0,0,0,dahye,lean_right,1
462,1786867339.974409,251,553,435,463,489,0,0,0,0,0,909,869,887,931,779,794,549,0,0,0,0,0,0,0,633,1091,988,989,0,0,0,0,dahye,lean_right,1
463,1786867339.994427,251,554,441,465,489,0,0,0,0,0,909,867,889,931,783,792,551,0,0,0,0,0,0,0,633,1092,988,967,0,0,0,0,dahye,lean_right,1
464,1786867340.014407,253,555,445,467,490,0,0,0,0,0,905,869,889,931,781,795,548,0,0,0,0,0,0,0,632,1093,987,973,0,0,0,0,dahye,lean_right,1
465,1786867340.034421,253,553,439,466,489,0,0,0,0,0,903,869,886,930,795,794,549,0,0,0,0,0,0,0,632,1093,988,973,0,0,0,0,dahye,lean_right,1
466,1786867340.054390,253,555,437,467,491,0,0,0,0,0,915,869,888,931,779,797,549,0,0,0,0,0,0,0,633,1079,988,975,0,0,0,0,dahye,lean_right,1
467,1786867340.074405,252,555,437,467,490,0,0,0,0,0,914,870,888,931,778,797,549,0,0,0,0,0,0,0,632,1095,987,975,0,0,0,0,dahye,lean_right,1
468,1786867340.094435,251,555,436,467,490,0,0,0,0,0,913,867,888,932,775,793,547,0,0,0,0,0,0,0,631,1106,989,973,0,0,0,0,dahye,lean_right,1
469,1786867340.114410,251,555,441,466,489,0,0,0,0,0,915,869,889,931,767,793,551,0,0,0,0,0,0,0,633,1095,991,973,0,0,0,0,dahye,lean_right,1
470,1786867340.134392,251,553,438,465,489,0,0,0,0,0,902,863,887,931,777,796,547,0,0,0,0,0,0,0,635,1097,989,973,0,0,0,0,dahye,lean_right,1
471,1786867340.154468,252,555,436,466,489,0,0,0,0,0,915,869,889,931,775,795,544,0,0,0,0,0,0,0,633,1097,984,975,0,0,0,0,dahye,lean_right,1
472,1786867340.174513,251,556,437,467,491,0,0,0,0,0,917,868,888,932,779,796,549,0,0,0,0,0,0,0,632,1085,989,978,0,0,0,0,dahye,lean_right,1
473,1786867340.194438,253,555,436,467,491,0,0,0,0,0,913,869,889,931,777,793,550,0,0,0,0,0,0,0,633,1085,989,975,0,0,0,0,dahye,lean_right,1
474,1786867340.214445,253,553,437,467,491,0,0,0,0,0,911,869,889,931,777,795,548,0,0,0,0,0,0,0,627,1094,987,975,0,0,0,0,dahye,lean_right,1
475,1786867340.234451,253,555,431,467,491,0,0,0,0,0,914,869,889,933,776,795,543,0,0,0,0,0,0,0,633,1095,989,975,0,0,0,0,dahye,lean_right,1
476,1786867340.254435,254,556,436,468,492,0,0,0,0,0,915,870,889,933,779,783,549,0,0,0,0,0,0,0,629,1087,987,977,0,0,0,0,dahye,lean_right,1
477,1786867340.274439,253,555,437,467,491,0,0,0,0,0,913,871,889,931,776,803,547,0,0,0,0,0,0,0,632,1101,989,975,0,0,0,0,dahye,lean_right,1
478,1786867340.294481,253,555,437,467,491,0,0,0,0,0,915,871,890,933,779,796,549,0,0,0,0,0,0,0,635,1103,985,975,0,0,0,0,dahye,lean_right,1
479,1786867340.314474,253,556,436,467,491,0,0,0,0,0,909,869,891,931,779,792,554,0,0,0,0,0,0,0,633,1087,985,975,0,0,0,0,dahye,lean_right,1
480,1786867340.334427,254,555,436,467,492,0,0,0,0,0,911,869,889,933,777,792,547,0,0,0,0,0,0,0,633,1097,988,977,0,0,0,0,dahye,lean_right,1
481,1786867340.354501,253,555,438,467,491,0,0,0,0,0,909,869,889,931,779,795,543,0,0,0,0,0,0,0,634,1086,989,977,0,0,0,0,dahye,lean_right,1
482,1786867340.374429,252,555,438,467,490,0,0,0,0,0,911,869,888,932,777,793,548,0,0,0,0,0,0,0,635,1094,989,971,0,0,0,0,dahye,lean_right,1
483,1786867340.394405,253,555,437,466,489,0,0,0,0,0,915,871,889,933,775,793,547,0,0,0,0,0,0,0,637,1109,989,974,0,0,0,0,dahye,lean_right,1
484,1786867340.414440,253,555,435,466,489,0,0,0,0,0,919,869,889,933,775,793,549,0,0,0,0,0,0,0,635,1095,989,977,0,0,0,0,dahye,lean_right,1
485,1786867340.434431,253,555,437,466,491,0,0,0,0,0,915,871,889,931,767,786,551,0,0,0,0,0,0,0,637,1087,988,975,0,0,0,0,dahye,lean_right,1
486,1786867340.454428,254,555,437,467,491,0,0,0,0,0,910,869,890,933,778,805,549,0,0,0,0,0,0,0,635,1085,985,975,0,0,0,0,dahye,lean_right,1
487,1786867340.474425,253,553,437,467,491,0,0,0,0,0,915,871,889,931,781,793,548,0,0,0,0,0,0,0,637,1095,995,975,0,0,0,0,dahye,lean_right,1
488,1786867340.494480,253,554,435,467,489,0,0,0,0,0,917,871,889,931,776,795,549,0,0,0,0,0,0,0,635,1095,988,978,0,0,0,0,dahye,lean_right,1
489,1786867340.514423,259,557,437,467,491,0,0,0,0,0,915,871,890,931,781,793,547,0,0,0,0,0,0,0,633,1085,989,978,0,0,0,0,dahye,lean_right,1
490,1786867340.534419,255,556,437,467,491,0,0,0,0,0,909,871,889,931,777,791,547,0,0,0,0,0,0,0,637,1117,996,977,0,0,0,0,dahye,lean_right,1
491,1786867340.554475,255,555,437,467,491,0,0,0,0,0,911,871,891,932,781,795,548,0,0,0,0,0,0,0,635,1099,989,977,0,0,0,0,dahye,lean_right,1
492,1786867340.574392,261,556,437,467,489,0,0,0,0,0,915,871,895,931,779,793,549,0,0,0,0,0,0,0,636,1093,989,975,0,0,0,0,dahye,lean_right,1
493,1786867340.594438,255,555,437,467,491,0,0,0,0,0,911,873,891,932,777,794,543,0,0,0,0,0,0,0,649,1093,989,977,0,0,0,0,dahye,lean_right,1
494,1786867340.614458,254,555,437,467,491,0,0,0,0,0,911,871,890,933,779,793,547,0,0,0,0,0,0,0,636,1094,986,975,0,0,0,0,dahye,lean_right,1
495,1786867340.634455,255,555,435,467,490,0,0,0,0,0,909,871,892,932,777,794,547,0,0,0,0,0,0,0,637,1085,991,973,0,0,0,0,dahye,lean_right,1
496,1786867340.654457,254,557,437,468,491,0,0,0,0,0,903,873,891,931,783,793,551,0,0,0,0,0,0,0,635,1091,993,975,0,0,0,0,dahye,lean_right,1
497,1786867340.674460,255,554,437,468,491,0,0,0,0,0,919,871,891,932,774,795,547,0,0,0,0,0,0,0,637,1095,995,975,0,0,0,0,dahye,lean_right,1
498,1786867340.694497,255,555,436,466,491,0,0,0,0,0,907,873,887,931,773,797,547,0,0,0,0,0,0,0,635,1101,991,978,0,0,0,0,dahye,lean_right,1
499,1786867340.714442,259,556,435,467,491,0,0,0,0,0,917,871,891,932,779,775,547,0,0,0,0,0,0,0,637,1093,995,975,0,0,0,0,dahye,lean_right,1
500,1786867340.734485,254,557,437,467,492,0,0,0,0,0,909,871,891,933,779,795,547,0,0,0,0,0,0,0,636,1091,994,975,0,0,0,0,dahye,lean_right,1
501,1786867340.754474,261,555,447,467,491,0,0,0,0,0,893,871,890,932,783,793,547,0,0,0,0,0,0,0,633,1097,989,973,0,0,0,0,dahye,lean_right,1
502,1786867340.774425,261,555,437,467,492,0,0,0,0,0,903,869,894,932,780,794,552,0,0,0,0,0,0,0,635,1093,987,979,0,0,0,0,dahye,lean_right,1
503,1786867340.794385,261,555,437,469,491,0,0,0,0,0,909,873,888,933,781,795,547,0,0,0,0,0,0,0,631,1094,995,978,0,0,0,0,dahye,lean_right,1
504,1786867340.814550,261,555,438,468,491,0,0,0,0,0,918,873,889,933,777,795,546,0,0,0,0,0,0,0,635,1095,988,975,0,0,0,0,dahye,lean_right,1
505,1786867340.834439,262,553,437,467,492,0,0,0,0,0,901,872,891,931,783,793,542,0,0,0,0,0,0,0,638,1098,977,975,0,0,0,0,dahye,lean_right,1
506,1786867340.854531,261,555,439,469,494,0,0,0,0,0,915,868,891,933,778,793,563,0,0,0,0,0,0,0,639,1076,991,978,0,0,0,0,dahye,lean_right,1
507,1786867340.874431,261,557,439,468,491,0,0,0,0,0,913,870,889,933,777,793,541,0,0,0,0,0,0,0,639,1077,975,979,0,0,0,0,dahye,lean_right,1
508,1786867340.894466,261,557,437,469,491,0,0,0,0,0,914,871,891,933,771,798,551,0,0,0,0,0,0,0,632,1095,989,979,0,0,0,0,dahye,lean_right,1
509,1786867340.914438,261,556,437,468,493,0,0,0,0,0,914,867,891,933,779,796,549,0,0,0,0,0,0,0,635,1100,978,979,0,0,0,0,dahye,lean_right,1
510,1786867340.934446,262,557,429,468,493,0,0,0,0,0,893,868,890,927,773,793,549,0,0,0,0,0,0,0,637,1097,991,979,0,0,0,0,dahye,lean_right,1
511,1786867340.954442,261,556,439,469,491,0,0,0,0,0,913,869,889,932,779,793,551,0,0,0,0,0,0,0,633,1094,1013,979,0,0,0,0,dahye,lean_right,1
512,1786867340.974411,262,555,437,469,491,0,0,0,0,0,913,868,888,933,779,795,535,0,0,0,0,0,0,0,637,1107,979,979,0,0,0,0,dahye,lean_right,1
513,1786867340.994403,261,556,439,468,494,0,0,0,0,0,914,872,891,933,779,795,549,0,0,0,0,0,0,0,635,1094,985,975,0,0,0,0,dahye,lean_right,1
514,1786867341.014443,263,557,439,469,491,0,0,0,0,0,915,869,889,935,779,794,547,0,0,0,0,0,0,0,633,1096,990,979,0,0,0,0,dahye,lean_right,1
515,1786867341.034379,261,556,439,468,493,0,0,0,0,0,915,869,887,935,779,793,551,0,0,0,0,0,0,0,621,1095,990,975,0,0,0,0,dahye,lean_right,1
516,1786867341.054417,262,556,439,469,493,0,0,0,0,0,915,872,889,933,779,793,541,0,0,0,0,0,0,0,637,1085,997,978,0,0,0,0,dahye,lean_right,1
517,1786867341.074436,263,557,437,469,487,0,0,0,0,0,911,871,889,935,779,791,547,0,0,0,0,0,0,0,636,1083,990,978,0,0,0,0,dahye,lean_right,1
518,1786867341.094417,263,557,432,469,492,0,0,0,0,0,915,871,891,933,777,793,549,0,0,0,0,0,0,0,637,1096,994,977,0,0,0,0,dahye,lean_right,1
519,1786867341.114421,263,556,439,469,493,0,0,0,0,0,915,871,891,931,779,795,551,0,0,0,0,0,0,0,637,1093,989,978,0,0,0,0,dahye,lean_right,1
520,1786867341.134412,263,557,439,469,494,0,0,0,0,0,915,871,893,935,779,795,549,0,0,0,0,0,0,0,637,1097,989,977,0,0,0,0,dahye,lean_right,1
521,1786867341.154487,265,557,438,469,494,0,0,0,0,0,915,871,888,931,779,795,553,0,0,0,0,0,0,0,645,1097,987,978,0,0,0,0,dahye,lean_right,1
522,1786867341.174433,262,557,439,468,493,0,0,0,0,0,915,871,893,927,780,795,551,0,0,0,0,0,0,0,657,1095,988,979,0,0,0,0,dahye,lean_right,1
523,1786867341.194435,260,555,437,466,492,0,0,0,0,0,915,871,893,933,779,795,550,0,0,0,0,0,0,0,633,1097,988,979,0,0,0,0,dahye,lean_right,1
524,1786867341.214443,261,557,436,463,493,0,0,0,0,0,916,869,891,931,778,795,549,0,0,0,0,0,0,0,639,1096,989,979,0,0,0,0,dahye,lean_right,1
525,1786867341.234434,255,555,437,467,491,0,0,0,0,0,915,875,889,932,775,797,547,0,0,0,0,0,0,0,648,1100,995,979,0,0,0,0,dahye,lean_right,1
526,1786867341.254473,263,556,431,467,493,0,0,0,0,0,915,872,893,933,781,791,547,0,0,0,0,0,0,0,637,1097,993,979,0,0,0,0,dahye,lean_right,1
527,1786867341.274449,263,555,439,467,492,0,0,0,0,0,915,871,892,928,778,791,549,0,0,0,0,0,0,0,645,1099,991,979,0,0,0,0,dahye,lean_right,1
528,1786867341.294453,263,556,439,469,494,0,0,0,0,0,915,875,890,932,780,795,549,0,0,0,0,0,0,0,637,1099,996,979,0,0,0,0,dahye,lean_right,1
529,1786867341.313777,261,557,437,469,492,0,0,0,0,0,916,871,891,932,779,796,549,0,0,0,0,0,0,0,649,1098,997,979,0,0,0,0,dahye,lean_right,1
530,1786867341.334479,261,555,438,469,490,0,0,0,0,0,916,869,891,933,779,795,548,0,0,0,0,0,0,0,644,1098,989,978,0,0,0,0,dahye,lean_right,1
531,1786867341.354440,263,557,437,467,490,0,0,0,0,0,915,872,893,935,780,794,548,0,0,0,0,0,0,0,651,1097,996,979,0,0,0,0,dahye,lean_right,1
532,1786867341.374425,263,555,437,463,489,0,0,0,0,0,915,871,889,934,779,795,548,0,0,0,0,0,0,0,647,1097,999,975,0,0,0,0,dahye,lean_right,1
533,1786867341.394506,261,554,437,460,487,0,0,0,0,0,915,868,887,932,779,795,547,0,0,0,0,0,0,0,637,1096,991,977,0,0,0,0,dahye,lean_right,1
534,1786867341.414505,264,557,437,463,490,0,0,0,0,0,915,869,887,935,779,793,547,0,0,0,0,0,0,0,647,1096,995,977,0,0,0,0,dahye,lean_right,1
535,1786867341.434443,261,556,439,462,490,0,0,0,0,0,915,870,893,933,767,797,544,0,0,0,0,0,0,0,645,1098,1001,975,0,0,0,0,dahye,lean_right,1
536,1786867341.454453,264,557,435,465,489,0,0,0,0,0,916,871,889,933,775,805,543,0,0,0,0,0,0,0,647,1097,997,979,0,0,0,0,dahye,lean_right,1
537,1786867341.474466,262,555,437,465,491,0,0,0,0,0,915,873,893,933,780,795,549,0,0,0,0,0,0,0,644,1097,987,979,0,0,0,0,dahye,lean_right,1
538,1786867341.494422,263,557,437,467,491,0,0,0,0,0,915,872,895,933,779,796,549,0,0,0,0,0,0,0,636,1097,993,984,0,0,0,0,dahye,lean_right,1
539,1786867341.514440,263,555,438,467,491,0,0,0,0,0,915,873,889,935,779,795,549,0,0,0,0,0,0,0,649,1097,999,982,0,0,0,0,dahye,lean_right,1
540,1786867341.534444,263,557,439,467,491,0,0,0,0,0,915,855,891,934,779,795,547,0,0,0,0,0,0,0,648,1096,1000,975,0,0,0,0,dahye,lean_right,1
541,1786867341.554466,263,556,437,467,493,0,0,0,0,0,915,873,891,935,779,795,548,0,0,0,0,0,0,0,645,1097,999,973,0,0,0,0,dahye,lean_right,1
542,1786867341.574441,263,557,439,467,492,0,0,0,0,0,917,871,893,935,777,797,551,0,0,0,0,0,0,0,645,1106,995,985,0,0,0,0,dahye,lean_right,1
543,1786867341.594494,263,555,438,467,487,0,0,0,0,0,915,874,893,931,779,797,553,0,0,0,0,0,0,0,647,1097,994,979,0,0,0,0,dahye,lean_right,1
544,1786867341.614418,261,556,438,467,491,0,0,0,0,0,915,873,891,935,779,796,549,0,0,0,0,0,0,0,645,1097,989,979,0,0,0,0,dahye,lean_right,1
545,1786867341.634418,263,557,437,466,493,0,0,0,0,0,915,873,887,932,779,795,548,0,0,0,0,0,0,0,639,1097,995,978,0,0,0,0,dahye,lean_right,1
546,1786867341.654473,261,555,437,467,491,0,0,0,0,0,915,873,889,933,779,795,549,0,0,0,0,0,0,0,637,1097,995,979,0,0,0,0,dahye,lean_right,1
547,1786867341.674439,263,555,436,469,490,0,0,0,0,0,916,869,893,933,776,795,551,0,0,0,0,0,0,0,645,1097,995,979,0,0,0,0,dahye,lean_right,1
548,1786867341.694427,265,556,437,468,492,0,0,0,0,0,915,871,890,933,779,797,548,0,0,0,0,0,0,0,638,1099,984,980,0,0,0,0,dahye,lean_right,1
549,1786867341.714494,261,553,437,469,485,0,0,0,0,0,915,879,891,933,780,795,548,0,0,0,0,0,0,0,647,1097,993,981,0,0,0,0,dahye,lean_right,1
550,1786867341.734455,261,553,438,467,489,0,0,0,0,0,915,877,902,935,779,795,551,0,0,0,0,0,0,0,637,1097,991,978,0,0,0,0,dahye,lean_right,1
551,1786867341.754461,265,557,437,468,493,0,0,0,0,0,917,871,892,931,787,795,543,0,0,0,0,0,0,0,632,1097,986,975,0,0,0,0,dahye,lean_right,1
552,1786867341.774440,265,555,440,468,493,0,0,0,0,0,917,871,891,933,779,795,552,0,0,0,0,0,0,0,645,1100,997,979,0,0,0,0,dahye,lean_right,1
553,1786867341.794487,264,555,439,469,485,0,0,0,0,0,916,874,895,933,779,796,551,0,0,0,0,0,0,0,639,1099,990,979,0,0,0,0,dahye,lean_right,1
554,1786867341.814465,265,555,439,471,499,0,0,0,0,0,915,871,893,933,779,795,543,0,0,0,0,0,0,0,651,1100,995,979,0,0,0,0,dahye,lean_right,1
555,1786867341.833724,265,543,439,470,492,0,0,0,0,0,915,879,892,927,779,797,549,0,0,0,0,0,0,0,663,1101,995,980,0,0,0,0,dahye,lean_right,1
556,1786867341.854533,265,563,440,471,493,0,0,0,0,0,916,869,891,933,779,797,550,0,0,0,0,0,0,0,645,1101,997,979,0,0,0,0,dahye,lean_right,1
557,1786867341.874441,265,565,439,471,494,0,0,0,0,0,915,883,891,933,780,797,551,0,0,0,0,0,0,0,645,1102,996,979,0,0,0,0,dahye,lean_right,1
558,1786867341.894459,266,557,439,470,492,0,0,0,0,0,917,867,891,934,778,797,551,0,0,0,0,0,0,0,669,1101,996,981,0,0,0,0,dahye,lean_right,1
559,1786867341.914490,263,556,441,471,493,0,0,0,0,0,915,874,893,933,779,797,550,0,0,0,0,0,0,0,629,1101,995,979,0,0,0,0,dahye,lean_right,1
560,1786867341.934441,266,559,441,471,481,0,0,0,0,0,916,871,895,931,780,798,547,0,0,0,0,0,0,0,645,1102,999,979,0,0,0,0,dahye,lean_right,1
561,1786867341.954433,269,559,441,471,493,0,0,0,0,0,916,872,892,939,780,797,550,0,0,0,0,0,0,0,646,1103,1007,979,0,0,0,0,dahye,lean_right,1
562,1786867341.974458,266,558,440,471,493,0,0,0,0,0,915,873,893,931,779,796,552,0,0,0,0,0,0,0,646,1107,999,978,0,0,0,0,dahye,lean_right,1
563,1786867341.994427,267,558,441,471,491,0,0,0,0,0,917,877,889,934,779,796,549,0,0,0,0,0,0,0,648,1101,995,979,0,0,0,0,dahye,lean_right,1
564,1786867342.014440,268,559,441,471,489,0,0,0,0,0,916,873,893,927,779,797,549,0,0,0,0,0,0,0,647,1101,997,983,0,0,0,0,dahye,lean_right,1
565,1786867342.034394,267,558,441,472,491,0,0,0,0,0,915,873,901,935,779,799,551,0,0,0,0,0,0,0,647,1102,997,981,0,0,0,0,dahye,lean_right,1
566,1786867342.053740,265,554,439,471,489,0,0,0,0,0,916,873,889,928,779,795,549,0,0,0,0,0,0,0,647,1101,995,981,0,0,0,0,dahye,lean_right,1
567,1786867342.074414,267,556,440,470,488,0,0,0,0,0,917,871,903,932,779,799,551,0,0,0,0,0,0,0,645,1103,997,983,0,0,0,0,dahye,lean_right,1
568,1786867342.094448,267,557,439,469,490,0,0,0,0,0,917,874,889,937,780,799,551,0,0,0,0,0,0,0,646,1101,996,979,0,0,0,0,dahye,lean_right,1
569,1786867342.114474,267,558,439,469,490,0,0,0,0,0,915,874,889,923,780,798,549,0,0,0,0,0,0,0,647,1101,989,980,0,0,0,0,dahye,lean_right,1
570,1786867342.134419,262,557,440,469,491,0,0,0,0,0,917,876,883,933,781,798,551,0,0,0,0,0,0,0,647,1107,995,979,0,0,0,0,dahye,lean_right,1
571,1786867342.154435,264,558,441,469,491,0,0,0,0,0,916,873,894,939,779,803,551,0,0,0,0,0,0,0,647,1106,996,983,0,0,0,0,dahye,lean_right,1
572,1786867342.174470,275,561,441,469,493,0,0,0,0,0,913,877,891,927,779,797,551,0,0,0,0,0,0,0,647,1103,997,981,0,0,0,0,dahye,lean_right,1
573,1786867342.194454,269,559,440,471,491,0,0,0,0,0,915,869,893,931,779,795,549,0,0,0,0,0,0,0,645,1101,995,983,0,0,0,0,dahye,lean_right,1
574,1786867342.214453,265,561,440,471,492,0,0,0,0,0,917,875,884,934,781,799,549,0,0,0,0,0,0,0,647,1102,995,984,0,0,0,0,dahye,lean_right,1
575,1786867342.234535,267,559,440,471,491,0,0,0,0,0,917,873,895,921,778,799,550,0,0,0,0,0,0,0,649,1101,996,979,0,0,0,0,dahye,lean_right,1
576,1786867342.254475,265,557,441,471,494,0,0,0,0,0,915,871,909,925,779,796,550,0,0,0,0,0,0,0,647,1101,991,981,0,0,0,0,dahye,lean_right,1
577,1786867342.274528,268,559,440,472,495,0,0,0,0,0,916,868,894,931,779,799,549,0,0,0,0,0,0,0,646,1103,1001,984,0,0,0,0,dahye,lean_right,1
578,1786867342.294549,265,553,441,469,489,0,0,0,0,0,913,871,885,927,779,797,549,0,0,0,0,0,0,0,651,1102,997,983,0,0,0,0,dahye,lean_right,1
579,1786867342.314471,267,557,442,471,493,0,0,0,0,0,915,876,907,932,781,797,549,0,0,0,0,0,0,0,647,1101,997,979,0,0,0,0,dahye,lean_right,1
580,1786867342.333742,275,559,443,471,493,0,0,0,0,0,915,873,909,931,779,803,549,0,0,0,0,0,0,0,646,1105,996,982,0,0,0,0,dahye,lean_right,1
581,1786867342.354527,267,555,439,471,491,0,0,0,0,0,911,869,907,933,781,798,550,0,0,0,0,0,0,0,647,1103,997,979,0,0,0,0,dahye,lean_right,1
582,1786867342.374489,267,557,441,471,493,0,0,0,0,0,920,875,908,931,779,803,549,0,0,0,0,0,0,0,647,1102,997,996,0,0,0,0,dahye,lean_right,1
583,1786867342.394471,267,557,441,471,493,0,0,0,0,0,919,870,893,932,779,799,551,0,0,0,0,0,0,0,647,1103,997,983,0,0,0,0,dahye,lean_right,1
584,1786867342.414459,265,559,439,469,491,0,0,0,0,0,913,875,894,935,781,797,550,0,0,0,0,0,0,0,647,1103,995,983,0,0,0,0,dahye,lean_right,1
585,1786867342.434482,267,557,439,470,491,0,0,0,0,0,911,869,901,932,779,799,551,0,0,0,0,0,0,0,647,1101,983,983,0,0,0,0,dahye,lean_right,1
586,1786867342.454454,266,559,442,469,494,0,0,0,0,0,919,873,895,933,777,798,549,0,0,0,0,0,0,0,647,1105,997,997,0,0,0,0,dahye,lean_right,1
587,1786867342.474439,267,563,442,471,495,0,0,0,0,0,919,871,895,926,782,798,550,0,0,0,0,0,0,0,648,1107,997,955,0,0,0,0,dahye,lean_right,1
588,1786867342.494496,267,558,443,471,491,0,0,0,0,0,923,863,893,932,775,797,551,0,0,0,0,0,0,0,647,1107,996,969,0,0,0,0,dahye,lean_right,1
589,1786867342.514466,267,560,440,470,491,0,0,0,0,0,911,873,893,931,779,799,549,0,0,0,0,0,0,0,661,1101,996,979,0,0,0,0,dahye,lean_right,1
590,1786867342.534442,269,559,439,471,491,0,0,0,0,0,920,871,891,933,779,797,551,0,0,0,0,0,0,0,647,1107,997,969,0,0,0,0,dahye,lean_right,1
591,1786867342.554474,265,563,440,471,490,0,0,0,0,0,919,859,893,934,779,797,548,0,0,0,0,0,0,0,647,1101,996,983,0,0,0,0,dahye,lean_right,1
592,1786867342.574469,265,560,439,471,493,0,0,0,0,0,911,868,893,935,781,799,549,0,0,0,0,0,0,0,651,1101,995,981,0,0,0,0,dahye,lean_right,1
593,1786867342.594479,268,558,439,473,493,0,0,0,0,0,915,873,895,932,780,797,553,0,0,0,0,0,0,0,648,1103,997,979,0,0,0,0,dahye,lean_right,1
594,1786867342.614473,266,551,441,473,495,0,0,0,0,0,909,867,893,934,777,797,550,0,0,0,0,0,0,0,647,1101,997,980,0,0,0,0,dahye,lean_right,1
595,1786867342.634469,265,557,439,473,493,0,0,0,0,0,915,873,893,930,779,797,551,0,0,0,0,0,0,0,649,1107,999,980,0,0,0,0,dahye,lean_right,1
596,1786867342.654495,269,559,441,473,493,0,0,0,0,0,915,872,893,933,781,797,548,0,0,0,0,0,0,0,647,1101,997,982,0,0,0,0,dahye,lean_right,1
597,1786867342.674437,267,559,441,473,490,0,0,0,0,0,915,875,892,933,779,800,550,0,0,0,0,0,0,0,647,1107,997,984,0,0,0,0,dahye,lean_right,1
598,1786867342.694505,268,559,440,473,493,0,0,0,0,0,915,871,893,925,779,798,551,0,0,0,0,0,0,0,647,1101,997,983,0,0,0,0,dahye,lean_right,1
599,1786867342.714472,265,553,439,472,494,0,0,0,0,0,915,869,892,927,779,799,551,0,0,0,0,0,0,0,647,1097,1003,979,0,0,0,0,dahye,lean_right,1
600,1786867342.734446,266,557,439,473,494,0,0,0,0,0,914,871,893,923,779,803,549,0,0,0,0,0,0,0,647,1101,997,977,0,0,0,0,dahye,lean_right,1
601,1786867342.754498,267,557,441,472,495,0,0,0,0,0,917,872,892,925,777,797,551,0,0,0,0,0,0,0,647,1101,996,983,0,0,0,0,dahye,lean_right,1
602,1786867342.774456,265,557,439,471,493,0,0,0,0,0,915,873,893,925,781,799,551,0,0,0,0,0,0,0,647,1103,997,979,0,0,0,0,dahye,lean_right,1
603,1786867342.794447,268,557,441,471,492,0,0,0,0,0,917,873,893,923,777,797,553,0,0,0,0,0,0,0,646,1102,996,983,0,0,0,0,dahye,lean_right,1
604,1786867342.813822,271,555,437,467,491,0,0,0,0,0,911,871,891,932,779,799,552,0,0,0,0,0,0,0,647,1099,997,983,0,0,0,0,dahye,lean_right,1
605,1786867342.834550,268,557,438,469,493,0,0,0,0,0,915,873,892,939,777,797,551,0,0,0,0,0,0,0,647,1099,996,975,0,0,0,0,dahye,lean_right,1
606,1786867342.854529,263,559,439,469,494,0,0,0,0,0,915,873,891,937,779,798,549,0,0,0,0,0,0,0,647,1101,1001,981,0,0,0,0,dahye,lean_right,1
607,1786867342.874500,267,559,441,471,493,0,0,0,0,0,917,871,893,936,779,797,551,0,0,0,0,0,0,0,649,1100,997,975,0,0,0,0,dahye,lean_right,1
608,1786867342.894512,265,557,440,472,494,0,0,0,0,0,918,873,893,935,778,799,549,0,0,0,0,0,0,0,649,1105,997,983,0,0,0,0,dahye,lean_right,1
609,1786867342.914354,267,557,439,472,491,0,0,0,0,0,917,873,892,933,780,808,550,0,0,0,0,0,0,0,648,1101,997,985,0,0,0,0,dahye,lean_right,1
610,1786867342.934441,267,557,437,471,493,0,0,0,0,0,917,873,894,936,780,798,549,0,0,0,0,0,0,0,649,1103,997,981,0,0,0,0,dahye,lean_right,1
611,1786867342.954516,265,554,437,469,488,0,0,0,0,0,916,872,893,934,779,797,549,0,0,0,0,0,0,0,648,1103,997,969,0,0,0,0,dahye,lean_right,1
612,1786867342.974458,262,553,435,467,489,0,0,0,0,0,911,873,891,931,779,804,551,0,0,0,0,0,0,0,649,1101,997,982,0,0,0,0,dahye,lean_right,1
613,1786867342.994454,254,551,431,461,488,0,0,0,0,0,911,872,893,935,778,799,549,0,0,0,0,0,0,0,649,1102,997,985,0,0,0,0,dahye,lean_right,1
614,1786867343.014478,251,549,427,457,494,0,0,0,0,0,919,871,893,932,779,797,549,0,0,0,0,0,0,0,650,1101,996,981,0,0,0,0,dahye,lean_right,1
615,1786867343.034421,247,551,427,454,487,0,0,0,0,0,911,873,893,927,775,800,549,0,0,0,0,0,0,0,650,1101,996,985,0,0,0,0,dahye,lean_right,1
616,1786867343.054442,253,549,426,453,486,0,0,0,0,0,916,872,891,933,779,799,550,0,0,0,0,0,0,0,651,1102,997,973,0,0,0,0,dahye,lean_right,1
617,1786867343.074456,245,550,429,454,483,0,0,0,0,0,915,873,892,933,781,803,547,0,0,0,0,0,0,0,651,1103,996,975,0,0,0,0,dahye,lean_right,1
618,1786867343.094477,247,551,427,456,485,0,0,0,0,0,913,873,892,932,779,821,549,0,0,0,0,0,0,0,651,1107,995,973,0,0,0,0,dahye,lean_right,1
619,1786867343.114479,251,551,428,456,485,0,0,0,0,0,915,872,893,933,779,797,549,0,0,0,0,0,0,0,650,1099,997,983,0,0,0,0,dahye,lean_right,1
620,1786867343.134465,251,551,427,459,487,0,0,0,0,0,917,871,892,933,781,805,551,0,0,0,0,0,0,0,652,1103,999,975,0,0,0,0,dahye,lean_right,1
621,1786867343.154481,251,553,431,461,485,0,0,0,0,0,917,873,893,933,781,799,549,0,0,0,0,0,0,0,651,1099,997,981,0,0,0,0,dahye,lean_right,1
622,1786867343.174476,264,554,431,467,489,0,0,0,0,0,920,873,893,933,782,799,553,0,0,0,0,0,0,0,651,1101,1001,972,0,0,0,0,dahye,lean_right,1
623,1786867343.194493,264,553,432,463,485,0,0,0,0,0,919,869,891,931,776,805,551,0,0,0,0,0,0,0,649,1103,993,980,0,0,0,0,dahye,lean_right,1
624,1786867343.214486,268,555,437,467,483,0,0,0,0,0,917,872,892,933,780,796,551,0,0,0,0,0,0,0,651,1097,989,984,0,0,0,0,dahye,lean_right,1
625,1786867343.234459,268,555,439,467,491,0,0,0,0,0,920,872,893,933,793,797,547,0,0,0,0,0,0,0,651,1101,1000,985,0,0,0,0,dahye,lean_right,1
626,1786867343.254477,267,556,438,467,490,0,0,0,0,0,919,871,893,932,779,796,549,0,0,0,0,0,0,0,651,1100,995,984,0,0,0,0,dahye,lean_right,1
627,1786867343.274487,267,556,438,467,491,0,0,0,0,0,915,872,893,933,777,803,549,0,0,0,0,0,0,0,653,1098,999,981,0,0,0,0,dahye,lean_right,1
628,1786867343.294475,263,556,437,467,490,0,0,0,0,0,917,873,892,933,781,797,549,0,0,0,0,0,0,0,651,1099,997,969,0,0,0,0,dahye,lean_right,1
629,1786867343.314468,267,555,436,467,489,0,0,0,0,0,916,873,893,933,779,799,544,0,0,0,0,0,0,0,650,1078,995,979,0,0,0,0,dahye,lean_right,1
630,1786867343.334469,264,556,437,467,489,0,0,0,0,0,922,872,893,934,786,795,551,0,0,0,0,0,0,0,652,1117,1000,979,0,0,0,0,dahye,lean_right,1
631,1786867343.353788,265,555,435,462,489,0,0,0,0,0,915,873,893,933,782,820,551,0,0,0,0,0,0,0,653,1103,997,975,0,0,0,0,dahye,lean_right,1
632,1786867343.374529,264,555,435,461,489,0,0,0,0,0,919,873,893,931,791,795,547,0,0,0,0,0,0,0,653,1069,997,979,0,0,0,0,dahye,lean_right,1
633,1786867343.394518,263,553,429,458,487,0,0,0,0,0,917,872,892,933,779,799,557,0,0,0,0,0,0,0,653,1081,998,981,0,0,0,0,dahye,lean_right,1
634,1786867343.414525,261,552,428,457,487,0,0,0,0,0,911,872,892,933,779,799,548,0,0,0,0,0,0,0,651,1098,999,975,0,0,0,0,dahye,lean_right,1
635,1786867343.434465,261,553,430,457,487,0,0,0,0,0,911,872,893,932,781,799,551,0,0,0,0,0,0,0,652,1101,995,977,0,0,0,0,dahye,lean_right,1
636,1786867343.454466,261,555,436,458,489,0,0,0,0,0,917,871,893,933,781,797,533,0,0,0,0,0,0,0,653,1107,997,980,0,0,0,0,dahye,lean_right,1
637,1786867343.474477,263,553,435,459,487,0,0,0,0,0,919,873,892,933,782,803,549,0,0,0,0,0,0,0,653,1106,999,975,0,0,0,0,dahye,lean_right,1
638,1786867343.494445,263,554,429,460,487,0,0,0,0,0,921,872,892,933,781,799,547,0,0,0,0,0,0,0,653,1085,995,980,0,0,0,0,dahye,lean_right,1
639,1786867343.514449,264,554,438,461,490,0,0,0,0,0,917,871,893,934,786,797,551,0,0,0,0,0,0,0,652,1099,997,979,0,0,0,0,dahye,lean_right,1
640,1786867343.534471,263,553,431,461,488,0,0,0,0,0,915,872,893,933,787,795,547,0,0,0,0,0,0,0,652,1097,995,980,0,0,0,0,dahye,lean_right,1
641,1786867343.554463,263,555,434,462,489,0,0,0,0,0,915,871,893,932,780,803,549,0,0,0,0,0,0,0,653,1105,996,981,0,0,0,0,dahye,lean_right,1
642,1786867343.574473,263,555,431,465,489,0,0,0,0,0,915,875,895,932,781,798,549,0,0,0,0,0,0,0,633,1099,1003,980,0,0,0,0,dahye,lean_right,1
643,1786867343.594540,265,555,433,463,488,0,0,0,0,0,904,871,895,934,781,791,543,0,0,0,0,0,0,0,649,1102,995,979,0,0,0,0,dahye,lean_right,1
644,1786867343.614453,264,555,435,466,491,0,0,0,0,0,915,871,891,932,781,795,543,0,0,0,0,0,0,0,651,1124,996,979,0,0,0,0,dahye,lean_right,1
645,1786867343.634444,263,555,434,463,489,0,0,0,0,0,911,871,892,933,777,799,551,0,0,0,0,0,0,0,651,1096,996,981,0,0,0,0,dahye,lean_right,1
646,1786867343.654463,263,555,435,467,485,0,0,0,0,0,917,871,895,933,777,808,553,0,0,0,0,0,0,0,651,1093,991,980,0,0,0,0,dahye,lean_right,1
647,1786867343.674460,263,555,440,466,490,0,0,0,0,0,913,871,892,931,787,803,550,0,0,0,0,0,0,0,651,1111,997,980,0,0,0,0,dahye,lean_right,1
648,1786867343.694452,263,556,438,466,488,0,0,0,0,0,908,871,893,933,787,797,555,0,0,0,0,0,0,0,653,1097,997,979,0,0,0,0,dahye,lean_right,1
649,1786867343.714479,263,555,436,467,487,0,0,0,0,0,915,871,892,933,781,799,551,0,0,0,0,0,0,0,653,1101,1000,986,0,0,0,0,dahye,lean_right,1
650,1786867343.734491,263,555,436,467,483,0,0,0,0,0,919,871,891,931,775,793,553,0,0,0,0,0,0,0,651,1101,999,980,0,0,0,0,dahye,lean_right,1
651,1786867343.754465,263,555,437,467,489,0,0,0,0,0,916,872,891,933,782,794,544,0,0,0,0,0,0,0,651,1099,993,981,0,0,0,0,dahye,lean_right,1
652,1786867343.774431,263,556,431,467,489,0,0,0,0,0,911,872,892,933,781,791,551,0,0,0,0,0,0,0,651,1097,994,979,0,0,0,0,dahye,lean_right,1
653,1786867343.794510,264,555,437,467,487,0,0,0,0,0,915,871,892,933,779,800,551,0,0,0,0,0,0,0,651,1100,1001,979,0,0,0,0,dahye,lean_right,1
654,1786867343.814506,263,557,435,467,489,0,0,0,0,0,919,870,892,932,779,799,543,0,0,0,0,0,0,0,651,1097,998,979,0,0,0,0,dahye,lean_right,1
655,1786867343.834451,263,555,431,466,489,0,0,0,0,0,915,871,891,933,783,797,552,0,0,0,0,0,0,0,651,1099,993,979,0,0,0,0,dahye,lean_right,1
656,1786867343.854284,263,555,436,467,489,0,0,0,0,0,913,877,889,933,780,799,551,0,0,0,0,0,0,0,651,1100,999,977,0,0,0,0,dahye,lean_right,1
657,1786867343.874515,263,557,435,466,489,0,0,0,0,0,912,871,892,933,783,791,551,0,0,0,0,0,0,0,653,1095,993,979,0,0,0,0,dahye,lean_right,1
658,1786867343.894492,262,554,435,467,487,0,0,0,0,0,913,872,891,933,776,803,551,0,0,0,0,0,0,0,653,1102,1000,979,0,0,0,0,dahye,lean_right,1
659,1786867343.914478,263,555,435,467,487,0,0,0,0,0,907,870,890,933,777,810,548,0,0,0,0,0,0,0,652,1099,991,979,0,0,0,0,dahye,lean_right,1
660,1786867343.934461,265,556,443,467,489,0,0,0,0,0,919,871,894,932,783,799,547,0,0,0,0,0,0,0,651,1092,997,980,0,0,0,0,dahye,lean_right,1
661,1786867343.954460,263,555,439,466,487,0,0,0,0,0,914,873,892,933,778,799,549,0,0,0,0,0,0,0,651,1111,999,978,0,0,0,0,dahye,lean_right,1
662,1786867343.974463,265,555,435,467,488,0,0,0,0,0,910,870,893,932,781,803,551,0,0,0,0,0,0,0,653,1095,999,979,0,0,0,0,dahye,lean_right,1
663,1786867343.994494,264,556,435,467,487,0,0,0,0,0,909,871,895,931,780,805,553,0,0,0,0,0,0,0,650,1093,996,975,0,0,0,0,dahye,lean_right,1
664,1786867344.014443,266,555,431,463,489,0,0,0,0,0,915,871,893,933,781,786,549,0,0,0,0,0,0,0,651,1099,999,997,0,0,0,0,dahye,lean_right,1
665,1786867344.034424,265,555,432,463,487,0,0,0,0,0,915,872,893,931,779,797,549,0,0,0,0,0,0,0,653,1101,1000,979,0,0,0,0,dahye,lean_right,1
666,1786867344.054486,265,555,427,459,487,0,0,0,0,0,915,871,893,932,791,797,548,0,0,0,0,0,0,0,651,1097,996,979,0,0,0,0,dahye,lean_right,1
667,1786867344.074459,265,553,437,457,484,0,0,0,0,0,907,867,893,931,787,799,551,0,0,0,0,0,0,0,651,1092,997,979,0,0,0,0,dahye,lean_right,1
668,1786867344.094437,264,555,429,456,487,0,0,0,0,0,919,868,892,933,781,797,555,0,0,0,0,0,0,0,654,1093,995,978,0,0,0,0,dahye,lean_right,1
669,1786867344.114476,263,551,427,455,483,0,0,0,0,0,917,871,891,931,782,797,551,0,0,0,0,0,0,0,654,1105,990,973,0,0,0,0,dahye,lean_right,1
670,1786867344.134458,261,553,429,455,483,0,0,0,0,0,911,869,891,931,779,798,536,0,0,0,0,0,0,0,650,1109,999,975,0,0,0,0,dahye,lean_right,1
671,1786867344.154508,263,551,427,455,486,0,0,0,0,0,915,871,893,931,779,799,535,0,0,0,0,0,0,0,658,1110,1013,973,0,0,0,0,dahye,lean_right,1
672,1786867344.174528,265,556,427,457,485,0,0,0,0,0,909,873,892,933,775,798,547,0,0,0,0,0,0,0,659,1099,989,975,0,0,0,0,dahye,lean_right,1
673,1786867344.194495,265,553,439,456,483,0,0,0,0,0,919,872,889,931,765,799,551,0,0,0,0,0,0,0,655,1099,983,973,0,0,0,0,dahye,lean_right,1
674,1786867344.214464,265,553,429,458,484,0,0,0,0,0,916,870,895,932,780,800,555,0,0,0,0,0,0,0,652,1100,979,972,0,0,0,0,dahye,lean_right,1
675,1786867344.234458,265,555,429,457,485,0,0,0,0,0,916,871,892,931,780,809,551,0,0,0,0,0,0,0,651,1085,991,973,0,0,0,0,dahye,lean_right,1
676,1786867344.254532,265,553,430,457,483,0,0,0,0,0,911,868,891,931,778,799,563,0,0,0,0,0,0,0,657,1112,991,974,0,0,0,0,dahye,lean_right,1
677,1786867344.274473,267,553,431,456,485,0,0,0,0,0,910,868,889,931,777,797,551,0,0,0,0,0,0,0,651,1097,997,973,0,0,0,0,dahye,lean_right,1
678,1786867344.294390,264,553,429,457,487,0,0,0,0,0,910,867,891,931,779,799,551,0,0,0,0,0,0,0,650,1103,990,973,0,0,0,0,dahye,lean_right,1
679,1786867344.314513,265,552,429,456,485,0,0,0,0,0,910,869,891,928,778,799,542,0,0,0,0,0,0,0,649,1097,995,974,0,0,0,0,dahye,lean_right,1
680,1786867344.334446,263,553,429,457,485,0,0,0,0,0,911,869,891,932,779,799,555,0,0,0,0,0,0,0,650,1107,994,978,0,0,0,0,dahye,lean_right,1
681,1786867344.354481,264,554,429,457,485,0,0,0,0,0,913,867,889,931,778,799,552,0,0,0,0,0,0,0,651,1091,995,977,0,0,0,0,dahye,lean_right,1
682,1786867344.373779,265,553,426,457,487,0,0,0,0,0,913,868,894,935,787,799,542,0,0,0,0,0,0,0,651,1095,989,977,0,0,0,0,dahye,lean_right,1
683,1786867344.394550,264,553,429,457,485,0,0,0,0,0,911,869,891,927,779,804,549,0,0,0,0,0,0,0,651,1110,995,978,0,0,0,0,dahye,lean_right,1
684,1786867344.414482,265,553,429,460,485,0,0,0,0,0,911,869,891,926,779,799,549,0,0,0,0,0,0,0,649,1097,999,979,0,0,0,0,dahye,lean_right,1
685,1786867344.434716,266,555,431,459,487,0,0,0,0,0,911,871,889,933,778,798,551,0,0,0,0,0,0,0,652,1098,998,979,0,0,0,0,dahye,lean_right,1
686,1786867344.454507,266,555,431,460,487,0,0,0,0,0,913,870,893,927,779,799,550,0,0,0,0,0,0,0,652,1097,997,979,0,0,0,0,dahye,lean_right,1
687,1786867344.474447,267,555,431,461,489,0,0,0,0,0,913,869,891,932,779,804,559,0,0,0,0,0,0,0,653,1099,1002,979,0,0,0,0,dahye,lean_right,1
688,1786867344.494461,265,555,431,461,483,0,0,0,0,0,911,869,891,933,779,799,551,0,0,0,0,0,0,0,655,1097,995,979,0,0,0,0,dahye,lean_right,1
689,1786867344.514528,265,555,431,461,487,0,0,0,0,0,914,868,891,934,781,799,555,0,0,0,0,0,0,0,655,1097,991,980,0,0,0,0,dahye,lean_right,1
690,1786867344.534559,263,553,429,461,488,0,0,0,0,0,911,873,889,927,779,799,551,0,0,0,0,0,0,0,652,1095,1000,977,0,0,0,0,dahye,lean_right,1
691,1786867344.554469,263,555,430,461,487,0,0,0,0,0,913,867,893,931,779,799,550,0,0,0,0,0,0,0,658,1097,1003,978,0,0,0,0,dahye,lean_right,1
692,1786867344.574466,263,555,431,461,487,0,0,0,0,0,914,871,894,935,779,799,551,0,0,0,0,0,0,0,657,1098,989,975,0,0,0,0,dahye,lean_right,1
693,1786867344.594467,265,557,430,460,489,0,0,0,0,0,911,868,892,933,780,799,550,0,0,0,0,0,0,0,654,1097,1007,975,0,0,0,0,dahye,lean_right,1
694,1786867344.614528,263,556,431,461,487,0,0,0,0,0,911,870,893,934,779,799,551,0,0,0,0,0,0,0,653,1097,1001,978,0,0,0,0,dahye,lean_right,1
695,1786867344.634489,264,555,431,461,487,0,0,0,0,0,915,871,890,933,779,807,548,0,0,0,0,0,0,0,662,1098,993,974,0,0,0,0,dahye,lean_right,1
696,1786867344.654512,264,555,431,463,489,0,0,0,0,0,911,867,895,933,780,803,551,0,0,0,0,0,0,0,659,1099,999,979,0,0,0,0,dahye,lean_right,1
697,1786867344.674457,265,555,436,463,489,0,0,0,0,0,915,871,891,935,781,799,551,0,0,0,0,0,0,0,651,1099,991,979,0,0,0,0,dahye,lean_right,1
698,1786867344.694451,265,555,436,467,491,0,0,0,0,0,915,869,892,933,781,803,551,0,0,0,0,0,0,0,651,1099,1003,979,0,0,0,0,dahye,lean_right,1
699,1786867344.714523,266,558,439,467,491,0,0,0,0,0,915,869,901,933,780,803,549,0,0,0,0,0,0,0,648,1099,998,978,0,0,0,0,dahye,lean_right,1
700,1786867344.734452,267,557,437,467,491,0,0,0,0,0,915,869,894,935,781,800,551,0,0,0,0,0,0,0,650,1099,1001,983,0,0,0,0,dahye,lean_right,1
701,1786867344.754460,269,557,437,468,491,0,0,0,0,0,915,870,889,934,780,793,549,0,0,0,0,0,0,0,657,1100,997,981,0,0,0,0,dahye,lean_right,1
702,1786867344.774494,266,557,432,469,491,0,0,0,0,0,915,873,890,934,786,787,550,0,0,0,0,0,0,0,657,1103,996,981,0,0,0,0,dahye,lean_right,1
703,1786867344.794502,266,557,437,469,495,0,0,0,0,0,911,867,893,931,781,799,551,0,0,0,0,0,0,0,653,1099,995,980,0,0,0,0,dahye,lean_right,1
704,1786867344.814488,265,557,435,469,491,0,0,0,0,0,915,873,895,933,781,800,551,0,0,0,0,0,0,0,652,1099,994,982,0,0,0,0,dahye,lean_right,1
705,1786867344.834477,265,557,434,468,491,0,0,0,0,0,915,872,889,935,781,800,551,0,0,0,0,0,0,0,653,1099,1002,979,0,0,0,0,dahye,lean_right,1
706,1786867344.854500,267,555,434,467,491,0,0,0,0,0,914,871,879,935,781,799,551,0,0,0,0,0,0,0,652,1101,979,975,0,0,0,0,dahye,lean_right,1
707,1786867344.874469,267,555,435,469,495,0,0,0,0,0,916,871,890,931,780,803,551,0,0,0,0,0,0,0,653,1101,1008,977,0,0,0,0,dahye,lean_right,1
708,1786867344.894351,268,557,435,469,489,0,0,0,0,0,916,871,906,933,777,800,557,0,0,0,0,0,0,0,655,1099,1007,979,0,0,0,0,dahye,lean_right,1
709,1786867344.914532,265,555,432,466,489,0,0,0,0,0,915,871,893,933,781,799,551,0,0,0,0,0,0,0,659,1099,990,974,0,0,0,0,dahye,lean_right,1
710,1786867344.934454,264,554,431,463,489,0,0,0,0,0,916,871,895,937,781,799,551,0,0,0,0,0,0,0,663,1097,991,973,0,0,0,0,dahye,lean_right,1
711,1786867344.954531,261,553,429,462,487,0,0,0,0,0,915,869,882,935,781,799,551,0,0,0,0,0,0,0,657,1098,1005,971,0,0,0,0,dahye,lean_right,1
712,1786867344.974490,261,551,429,461,487,0,0,0,0,0,915,871,902,933,781,799,551,0,0,0,0,0,0,0,653,1096,987,971,0,0,0,0,dahye,lean_right,1
713,1786867344.994461,261,552,428,463,488,0,0,0,0,0,915,871,879,935,782,800,551,0,0,0,0,0,0,0,654,1097,1007,971,0,0,0,0,dahye,lean_right,1
714,1786867345.014471,262,559,429,465,490,0,0,0,0,0,915,869,888,935,779,799,551,0,0,0,0,0,0,0,665,1096,995,969,0,0,0,0,dahye,lean_right,1
715,1786867345.034492,256,552,429,466,488,0,0,0,0,0,915,869,893,931,781,799,557,0,0,0,0,0,0,0,653,1097,989,971,0,0,0,0,dahye,lean_right,1
716,1786867345.054447,263,551,431,466,489,0,0,0,0,0,914,872,889,932,781,799,551,0,0,0,0,0,0,0,651,1097,1001,971,0,0,0,0,dahye,lean_right,1
717,1786867345.074456,260,552,431,466,495,0,0,0,0,0,915,867,890,933,783,799,551,0,0,0,0,0,0,0,651,1097,994,971,0,0,0,0,dahye,lean_right,1
718,1786867345.094480,262,553,431,467,489,0,0,0,0,0,914,869,893,935,779,799,551,0,0,0,0,0,0,0,665,1095,995,971,0,0,0,0,dahye,lean_right,1
719,1786867345.114470,263,553,431,466,493,0,0,0,0,0,913,869,893,935,780,799,551,0,0,0,0,0,0,0,657,1096,991,972,0,0,0,0,dahye,lean_right,1
720,1786867345.134462,263,555,435,467,493,0,0,0,0,0,913,869,891,931,780,799,551,0,0,0,0,0,0,0,661,1097,995,973,0,0,0,0,dahye,lean_right,1
721,1786867345.154543,265,555,437,467,490,0,0,0,0,0,913,871,893,931,779,800,553,0,0,0,0,0,0,0,655,1097,1001,971,0,0,0,0,dahye,lean_right,1
722,1786867345.174479,265,557,435,467,493,0,0,0,0,0,911,869,889,928,779,799,550,0,0,0,0,0,0,0,668,1095,989,974,0,0,0,0,dahye,lean_right,1
723,1786867345.194480,267,557,437,468,499,0,0,0,0,0,915,877,895,927,781,799,551,0,0,0,0,0,0,0,667,1097,995,973,0,0,0,0,dahye,lean_right,1
724,1786867345.214509,267,559,437,469,491,0,0,0,0,0,913,871,889,925,780,799,551,0,0,0,0,0,0,0,651,1095,991,973,0,0,0,0,dahye,lean_right,1
725,1786867345.234468,273,557,437,468,491,0,0,0,0,0,913,872,893,909,779,799,552,0,0,0,0,0,0,0,651,1096,995,977,0,0,0,0,dahye,lean_right,1
726,1786867345.254482,268,559,438,468,491,0,0,0,0,0,915,873,891,925,780,799,551,0,0,0,0,0,0,0,653,1097,991,973,0,0,0,0,dahye,lean_right,1
727,1786867345.274481,269,557,437,469,493,0,0,0,0,0,915,871,902,935,780,800,559,0,0,0,0,0,0,0,653,1096,997,975,0,0,0,0,dahye,lean_right,1
728,1786867345.294574,263,556,436,469,493,0,0,0,0,0,915,870,895,934,779,797,551,0,0,0,0,0,0,0,655,1097,1000,973,0,0,0,0,dahye,lean_right,1
729,1786867345.314411,267,558,435,467,493,0,0,0,0,0,915,871,888,931,780,803,551,0,0,0,0,0,0,0,667,1095,991,973,0,0,0,0,dahye,lean_right,1
730,1786867345.334466,263,557,431,467,491,0,0,0,0,0,913,867,891,931,780,800,551,0,0,0,0,0,0,0,659,1097,991,977,0,0,0,0,dahye,lean_right,1
731,1786867345.354498,262,553,430,466,490,0,0,0,0,0,915,869,895,939,779,803,552,0,0,0,0,0,0,0,661,1095,990,971,0,0,0,0,dahye,lean_right,1
732,1786867345.374466,263,553,430,463,491,0,0,0,0,0,915,875,890,943,781,799,553,0,0,0,0,0,0,0,653,1096,991,975,0,0,0,0,dahye,lean_right,1
733,1786867345.394485,263,555,431,468,492,0,0,0,0,0,915,873,893,935,781,800,553,0,0,0,0,0,0,0,659,1096,989,971,0,0,0,0,dahye,lean_right,1
734,1786867345.413858,263,554,431,471,491,0,0,0,0,0,915,868,905,936,781,807,553,0,0,0,0,0,0,0,661,1096,991,975,0,0,0,0,dahye,lean_right,1
735,1786867345.434469,263,558,435,471,493,0,0,0,0,0,915,867,889,925,779,803,553,0,0,0,0,0,0,0,661,1096,991,972,0,0,0,0,dahye,lean_right,1
736,1786867345.454503,264,555,436,472,493,0,0,0,0,0,915,867,895,935,781,805,554,0,0,0,0,0,0,0,663,1097,991,969,0,0,0,0,dahye,lean_right,1
737,1786867345.474477,265,557,437,470,495,0,0,0,0,0,909,875,889,939,781,799,553,0,0,0,0,0,0,0,659,1098,993,972,0,0,0,0,dahye,lean_right,1
738,1786867345.494482,267,556,437,469,495,0,0,0,0,0,914,869,893,920,779,805,553,0,0,0,0,0,0,0,659,1095,991,969,0,0,0,0,dahye,lean_right,1
739,1786867345.514472,265,556,439,469,495,0,0,0,0,0,911,874,879,933,781,800,553,0,0,0,0,0,0,0,654,1096,991,974,0,0,0,0,dahye,lean_right,1
740,1786867345.534464,267,556,437,469,495,0,0,0,0,0,911,869,895,933,780,805,553,0,0,0,0,0,0,0,660,1096,987,980,0,0,0,0,dahye,lean_right,1
741,1786867345.554499,269,555,440,471,491,0,0,0,0,0,911,867,903,931,781,799,553,0,0,0,0,0,0,0,659,1097,995,975,0,0,0,0,dahye,lean_right,1
742,1786867345.574499,270,558,440,471,494,0,0,0,0,0,909,869,892,933,779,799,555,0,0,0,0,0,0,0,654,1095,995,975,0,0,0,0,dahye,lean_right,1
743,1786867345.594574,271,558,441,472,495,0,0,0,0,0,914,869,892,935,785,805,553,0,0,0,0,0,0,0,651,1099,995,969,0,0,0,0,dahye,lean_right,1
744,1786867345.614510,270,551,441,473,495,0,0,0,0,0,909,872,890,931,783,806,554,0,0,0,0,0,0,0,651,1097,995,960,0,0,0,0,dahye,lean_right,1
745,1786867345.634525,275,563,441,473,500,0,0,0,0,0,913,873,891,935,781,803,553,0,0,0,0,0,0,0,649,1095,996,975,0,0,0,0,dahye,lean_right,1
746,1786867345.654476,267,557,439,472,501,0,0,0,0,0,909,867,893,935,781,803,553,0,0,0,0,0,0,0,652,1098,999,973,0,0,0,0,dahye,lean_right,1
747,1786867345.674573,267,568,439,472,495,0,0,0,0,0,916,863,893,935,782,800,553,0,0,0,0,0,0,0,654,1099,994,971,0,0,0,0,dahye,lean_right,1
748,1786867345.694476,266,551,435,471,496,0,0,0,0,0,911,871,890,938,787,805,553,0,0,0,0,0,0,0,655,1097,993,965,0,0,0,0,dahye,lean_right,1
749,1786867345.714499,250,556,435,471,495,0,0,0,0,0,910,873,895,935,781,805,552,0,0,0,0,0,0,0,649,1096,991,972,0,0,0,0,dahye,lean_right,1
750,1786867345.734484,261,555,434,471,495,0,0,0,0,0,917,869,911,931,781,805,553,0,0,0,0,0,0,0,661,1097,989,967,0,0,0,0,dahye,lean_right,1
751,1786867345.754483,260,554,434,471,495,0,0,0,0,0,914,867,893,932,781,803,552,0,0,0,0,0,0,0,663,1097,991,969,0,0,0,0,dahye,lean_right,1
752,1786867345.774461,261,553,436,473,495,0,0,0,0,0,915,869,893,931,781,803,553,0,0,0,0,0,0,0,653,1097,999,973,0,0,0,0,dahye,lean_right,1
753,1786867345.794492,261,557,435,473,499,0,0,0,0,0,911,879,892,938,779,803,553,0,0,0,0,0,0,0,659,1097,991,985,0,0,0,0,dahye,lean_right,1
754,1786867345.814526,264,556,439,474,495,0,0,0,0,0,911,869,893,932,783,799,555,0,0,0,0,0,0,0,645,1099,989,975,0,0,0,0,dahye,lean_right,1
755,1786867345.834462,265,555,439,475,499,0,0,0,0,0,913,872,893,935,781,803,555,0,0,0,0,0,0,0,676,1099,995,972,0,0,0,0,dahye,lean_right,1
756,1786867345.854560,267,557,439,475,500,0,0,0,0,0,913,871,893,933,781,803,554,0,0,0,0,0,0,0,654,1099,997,971,0,0,0,0,dahye,lean_right,1
757,1786867345.874490,267,557,441,474,503,0,0,0,0,0,913,869,893,935,781,804,553,0,0,0,0,0,0,0,676,1100,995,974,0,0,0,0,dahye,lean_right,1
758,1786867345.894505,269,563,439,475,501,0,0,0,0,0,913,887,893,934,781,804,553,0,0,0,0,0,0,0,655,1099,999,975,0,0,0,0,dahye,lean_right,1
759,1786867345.913834,271,557,443,476,499,0,0,0,0,0,913,866,893,932,781,803,554,0,0,0,0,0,0,0,653,1099,996,972,0,0,0,0,dahye,lean_right,1
760,1786867345.934526,271,559,443,477,503,0,0,0,0,0,911,871,891,927,781,803,555,0,0,0,0,0,0,0,652,1098,995,979,0,0,0,0,dahye,lean_right,1
761,1786867345.954500,273,559,443,477,501,0,0,0,0,0,913,870,893,932,783,805,555,0,0,0,0,0,0,0,655,1099,995,977,0,0,0,0,dahye,lean_right,1
762,1786867345.974480,269,557,441,475,500,0,0,0,0,0,911,871,893,925,781,807,556,0,0,0,0,0,0,0,659,1101,995,971,0,0,0,0,dahye,lean_right,1
763,1786867345.994590,269,555,440,475,499,0,0,0,0,0,909,875,893,938,781,804,556,0,0,0,0,0,0,0,670,1100,996,979,0,0,0,0,dahye,lean_right,1
764,1786867346.014472,267,559,437,470,495,0,0,0,0,0,909,867,892,935,783,800,557,0,0,0,0,0,0,0,655,1098,997,973,0,0,0,0,dahye,lean_right,1
765,1786867346.034477,265,555,429,469,495,0,0,0,0,0,911,871,893,931,781,803,555,0,0,0,0,0,0,0,661,1105,995,983,0,0,0,0,dahye,lean_right,1
766,1786867346.054507,264,557,435,467,495,0,0,0,0,0,911,871,893,936,787,803,553,0,0,0,0,0,0,0,654,1101,995,977,0,0,0,0,dahye,lean_right,1
767,1786867346.074463,263,556,434,467,495,0,0,0,0,0,916,870,893,927,786,803,555,0,0,0,0,0,0,0,659,1101,995,972,0,0,0,0,dahye,lean_right,1
768,1786867346.094475,264,556,431,469,493,0,0,0,0,0,915,870,895,932,779,799,555,0,0,0,0,0,0,0,658,1103,997,973,0,0,0,0,dahye,lean_right,1
769,1786867346.114517,266,559,436,471,499,0,0,0,0,0,913,870,894,935,781,803,555,0,0,0,0,0,0,0,658,1099,996,973,0,0,0,0,dahye,lean_right,1
770,1786867346.134482,267,556,437,471,495,0,0,0,0,0,915,871,893,935,783,804,557,0,0,0,0,0,0,0,659,1100,995,973,0,0,0,0,dahye,lean_right,1
771,1786867346.154577,269,556,437,473,499,0,0,0,0,0,915,871,893,927,787,807,555,0,0,0,0,0,0,0,661,1101,997,975,0,0,0,0,dahye,lean_right,1
772,1786867346.174526,269,559,437,475,499,0,0,0,0,0,910,869,891,925,778,804,556,0,0,0,0,0,0,0,659,1098,997,971,0,0,0,0,dahye,lean_right,1
773,1786867346.194592,269,557,441,474,501,0,0,0,0,0,911,871,893,922,787,807,553,0,0,0,0,0,0,0,659,1101,995,972,0,0,0,0,dahye,lean_right,1
774,1786867346.214496,275,559,440,474,501,0,0,0,0,0,911,871,893,935,780,800,555,0,0,0,0,0,0,0,659,1099,995,971,0,0,0,0,dahye,lean_right,1
775,1786867346.234501,274,565,441,476,501,0,0,0,0,0,915,871,893,935,783,805,555,0,0,0,0,0,0,0,659,1101,997,982,0,0,0,0,dahye,lean_right,1
776,1786867346.254550,276,563,443,476,501,0,0,0,0,0,916,873,894,935,782,799,559,0,0,0,0,0,0,0,659,1101,997,974,0,0,0,0,dahye,lean_right,1
777,1786867346.274501,281,559,442,475,503,0,0,0,0,0,917,872,895,935,783,805,553,0,0,0,0,0,0,0,659,1097,996,982,0,0,0,0,dahye,lean_right,1
778,1786867346.294518,268,559,443,476,501,0,0,0,0,0,915,871,895,937,782,803,555,0,0,0,0,0,0,0,659,1099,997,979,0,0,0,0,dahye,lean_right,1
779,1786867346.314576,276,559,441,478,501,0,0,0,0,0,915,871,894,935,787,807,553,0,0,0,0,0,0,0,657,1101,996,973,0,0,0,0,dahye,lean_right,1
780,1786867346.334579,274,559,443,477,503,0,0,0,0,0,917,873,895,936,783,807,557,0,0,0,0,0,0,0,657,1107,996,973,0,0,0,0,dahye,lean_right,1
781,1786867346.354531,271,557,442,479,507,0,0,0,0,0,917,873,894,935,785,791,553,0,0,0,0,0,0,0,659,1099,997,981,0,0,0,0,dahye,lean_right,1
782,1786867346.374531,273,558,440,477,503,0,0,0,0,0,911,872,895,935,782,806,555,0,0,0,0,0,0,0,658,1101,997,975,0,0,0,0,dahye,lean_right,1
783,1786867346.394500,271,559,441,477,500,0,0,0,0,0,917,872,894,936,779,809,556,0,0,0,0,0,0,0,659,1106,995,974,0,0,0,0,dahye,lean_right,1
784,1786867346.414514,264,559,442,479,503,0,0,0,0,0,917,873,894,935,779,806,555,0,0,0,0,0,0,0,655,1101,997,970,0,0,0,0,dahye,lean_right,1
785,1786867346.433839,271,559,441,479,501,0,0,0,0,0,910,872,895,935,782,806,553,0,0,0,0,0,0,0,659,1101,995,973,0,0,0,0,dahye,lean_right,1
786,1786867346.454554,265,559,443,479,503,0,0,0,0,0,916,873,901,935,781,807,557,0,0,0,0,0,0,0,659,1103,997,973,0,0,0,0,dahye,lean_right,1
787,1786867346.474515,268,563,441,478,504,0,0,0,0,0,895,872,895,935,785,807,555,0,0,0,0,0,0,0,659,1103,997,951,0,0,0,0,dahye,lean_right,1
788,1786867346.494504,277,559,447,479,507,0,0,0,0,0,919,873,895,935,779,823,553,0,0,0,0,0,0,0,657,1101,998,973,0,0,0,0,dahye,lean_right,1
789,1786867346.514544,277,563,446,479,503,0,0,0,0,0,919,872,894,935,779,807,557,0,0,0,0,0,0,0,659,1102,996,974,0,0,0,0,dahye,lean_right,1
790,1786867346.534478,280,563,445,479,503,0,0,0,0,0,922,871,893,937,781,804,557,0,0,0,0,0,0,0,657,1099,997,980,0,0,0,0,dahye,lean_right,1
791,1786867346.554481,278,563,453,479,506,0,0,0,0,0,916,872,894,935,785,806,557,0,0,0,0,0,0,0,659,1103,995,987,0,0,0,0,dahye,lean_right,1
792,1786867346.574490,279,567,453,482,505,0,0,0,0,0,915,873,895,937,782,805,555,0,0,0,0,0,0,0,657,1101,997,974,0,0,0,0,dahye,lean_right,1
793,1786867346.594513,280,562,455,483,503,0,0,0,0,0,910,873,895,935,787,805,559,0,0,0,0,0,0,0,659,1099,998,979,0,0,0,0,dahye,lean_right,1
794,1786867346.614488,279,563,447,479,506,0,0,0,0,0,917,871,895,935,785,809,554,0,0,0,0,0,0,0,655,1103,997,985,0,0,0,0,dahye,lean_right,1
795,1786867346.634506,277,559,445,479,499,0,0,0,0,0,917,869,893,935,782,803,557,0,0,0,0,0,0,0,655,1103,997,974,0,0,0,0,dahye,lean_right,1
796,1786867346.654504,276,563,445,479,509,0,0,0,0,0,913,872,895,936,785,809,558,0,0,0,0,0,0,0,655,1100,997,979,0,0,0,0,dahye,lean_right,1
797,1786867346.674536,275,563,445,483,503,0,0,0,0,0,901,873,895,936,776,807,553,0,0,0,0,0,0,0,659,1101,996,975,0,0,0,0,dahye,lean_right,1
798,1786867346.694515,275,559,438,479,506,0,0,0,0,0,919,871,895,935,783,806,555,0,0,0,0,0,0,0,658,1101,997,967,0,0,0,0,dahye,lean_right,1
799,1786867346.714561,275,559,445,483,503,0,0,0,0,0,919,872,894,935,779,807,543,0,0,0,0,0,0,0,655,1101,995,983,0,0,0,0,dahye,lean_right,1
800,1786867346.734510,276,563,445,483,505,0,0,0,0,0,915,871,895,936,787,803,559,0,0,0,0,0,0,0,657,1085,995,979,0,0,0,0,dahye,lean_right,1
801,1786867346.754511,277,564,447,484,506,0,0,0,0,0,914,872,895,935,787,807,557,0,0,0,0,0,0,0,661,1105,997,977,0,0,0,0,dahye,lean_right,1
802,1786867346.774582,278,563,452,483,505,0,0,0,0,0,923,872,895,936,803,803,559,0,0,0,0,0,0,0,653,1106,995,979,0,0,0,0,dahye,lean_right,1
803,1786867346.794504,279,564,447,484,507,0,0,0,0,0,909,872,893,935,783,807,557,0,0,0,0,0,0,0,655,1098,997,979,0,0,0,0,dahye,lean_right,1
804,1786867346.814514,280,563,453,483,506,0,0,0,0,0,910,871,895,935,783,799,548,0,0,0,0,0,0,0,655,1087,997,975,0,0,0,0,dahye,lean_right,1
805,1786867346.834496,281,565,452,484,504,0,0,0,0,0,913,873,895,936,788,810,557,0,0,0,0,0,0,0,658,1099,996,978,0,0,0,0,dahye,lean_right,1
806,1786867346.854519,281,564,451,483,504,0,0,0,0,0,915,873,895,935,783,808,557,0,0,0,0,0,0,0,657,1102,1003,975,0,0,0,0,dahye,lean_right,1
807,1786867346.874491,279,564,454,483,503,0,0,0,0,0,907,871,895,935,779,800,555,0,0,0,0,0,0,0,659,1105,997,977,0,0,0,0,dahye,lean_right,1
808,1786867346.894506,279,563,445,483,505,0,0,0,0,0,916,871,895,935,783,807,559,0,0,0,0,0,0,0,653,1103,998,975,0,0,0,0,dahye,lean_right,1
809,1786867346.914531,279,563,453,485,507,0,0,0,0,0,908,872,895,935,781,803,557,0,0,0,0,0,0,0,658,1101,991,979,0,0,0,0,dahye,lean_right,1
810,1786867346.934322,277,564,445,485,507,0,0,0,0,0,915,871,894,936,787,805,559,0,0,0,0,0,0,0,659,1095,995,972,0,0,0,0,dahye,lean_right,1
811,1786867346.954537,275,559,447,483,506,0,0,0,0,0,909,871,895,935,783,805,554,0,0,0,0,0,0,0,659,1107,999,975,0,0,0,0,dahye,lean_right,1
812,1786867346.974549,276,563,447,484,501,0,0,0,0,0,915,871,902,935,779,812,559,0,0,0,0,0,0,0,659,1101,995,973,0,0,0,0,dahye,lean_right,1
813,1786867346.994503,276,559,445,485,509,0,0,0,0,0,915,871,895,935,777,809,557,0,0,0,0,0,0,0,658,1100,997,973,0,0,0,0,dahye,lean_right,1
814,1786867347.014496,275,563,445,485,507,0,0,0,0,0,913,871,895,935,783,803,558,0,0,0,0,0,0,0,658,1101,991,973,0,0,0,0,dahye,lean_right,1
815,1786867347.034519,276,560,447,484,507,0,0,0,0,0,917,872,893,935,785,819,553,0,0,0,0,0,0,0,658,1100,995,979,0,0,0,0,dahye,lean_right,1
816,1786867347.054518,275,559,445,484,507,0,0,0,0,0,911,870,894,935,779,803,557,0,0,0,0,0,0,0,657,1101,999,971,0,0,0,0,dahye,lean_right,1
817,1786867347.074475,274,560,447,483,505,0,0,0,0,0,917,871,893,933,783,807,555,0,0,0,0,0,0,0,655,1097,989,972,0,0,0,0,dahye,lean_right,1
818,1786867347.094551,274,563,443,484,520,0,0,0,0,0,908,869,893,933,781,806,557,0,0,0,0,0,0,0,655,1105,995,973,0,0,0,0,dahye,lean_right,1
819,1786867347.114551,273,563,451,485,495,0,0,0,0,0,917,869,893,935,777,805,555,0,0,0,0,0,0,0,655,1097,991,973,0,0,0,0,dahye,lean_right,1
820,1786867347.134477,276,563,445,484,503,0,0,0,0,0,913,868,893,935,781,805,557,0,0,0,0,0,0,0,655,1093,997,973,0,0,0,0,dahye,lean_right,1
821,1786867347.154501,276,563,455,483,505,0,0,0,0,0,914,869,893,935,782,802,559,0,0,0,0,0,0,0,653,1099,994,971,0,0,0,0,dahye,lean_right,1
822,1786867347.174557,277,563,454,484,503,0,0,0,0,0,915,867,894,935,781,810,553,0,0,0,0,0,0,0,651,1095,995,973,0,0,0,0,dahye,lean_right,1
823,1786867347.194510,280,565,457,485,503,0,0,0,0,0,914,869,895,934,780,812,558,0,0,0,0,0,0,0,653,1099,995,975,0,0,0,0,dahye,lean_right,1
824,1786867347.213708,280,565,455,485,505,0,0,0,0,0,914,869,895,935,787,807,559,0,0,0,0,0,0,0,649,1093,995,977,0,0,0,0,dahye,lean_right,1
825,1786867347.234522,281,566,455,485,505,0,0,0,0,0,919,869,895,935,781,807,556,0,0,0,0,0,0,0,650,1096,991,973,0,0,0,0,dahye,lean_right,1
826,1786867347.254540,283,565,456,485,517,0,0,0,0,0,908,869,895,935,779,807,557,0,0,0,0,0,0,0,648,1093,995,974,0,0,0,0,dahye,lean_right,1
827,1786867347.274519,283,564,455,485,509,0,0,0,0,0,915,869,893,934,783,807,559,0,0,0,0,0,0,0,649,1081,997,975,0,0,0,0,dahye,lean_right,1
828,1786867347.294590,283,566,454,487,522,0,0,0,0,0,905,868,889,935,787,805,553,0,0,0,0,0,0,0,648,1096,997,978,0,0,0,0,dahye,lean_right,1
829,1786867347.314542,283,566,461,486,507,0,0,0,0,0,915,867,893,933,779,807,561,0,0,0,0,0,0,0,649,1095,991,975,0,0,0,0,dahye,lean_right,1
830,1786867347.334489,282,565,455,485,517,0,0,0,0,0,907,868,893,934,787,819,558,0,0,0,0,0,0,0,647,1093,993,973,0,0,0,0,dahye,lean_right,1
831,1786867347.354528,283,567,453,486,509,0,0,0,0,0,916,869,890,935,779,805,557,0,0,0,0,0,0,0,648,1095,997,975,0,0,0,0,dahye,lean_right,1
832,1786867347.374513,281,567,453,485,508,0,0,0,0,0,917,868,893,935,781,805,555,0,0,0,0,0,0,0,647,1095,995,979,0,0,0,0,dahye,lean_right,1
833,1786867347.394514,281,566,455,485,508,0,0,0,0,0,911,869,892,935,783,807,554,0,0,0,0,0,0,0,647,1084,1001,975,0,0,0,0,dahye,lean_right,1
834,1786867347.414512,281,564,443,487,508,0,0,0,0,0,910,870,900,935,776,807,558,0,0,0,0,0,0,0,647,1093,999,979,0,0,0,0,dahye,lean_right,1
835,1786867347.434528,283,567,456,485,509,0,0,0,0,0,911,870,892,935,781,808,551,0,0,0,0,0,0,0,649,1094,1005,975,0,0,0,0,dahye,lean_right,1
836,1786867347.453952,283,566,456,487,510,0,0,0,0,0,925,869,893,934,791,798,557,0,0,0,0,0,0,0,649,1099,995,974,0,0,0,0,dahye,lean_right,1
837,1786867347.474571,283,567,455,486,508,0,0,0,0,0,921,867,892,933,783,809,557,0,0,0,0,0,0,0,650,1100,996,978,0,0,0,0,dahye,lean_right,1
838,1786867347.494533,283,565,455,487,509,0,0,0,0,0,903,871,891,933,782,807,555,0,0,0,0,0,0,0,651,1093,996,977,0,0,0,0,dahye,lean_right,1
839,1786867347.514545,281,567,445,486,507,0,0,0,0,0,918,869,892,933,803,807,555,0,0,0,0,0,0,0,653,1096,1000,973,0,0,0,0,dahye,lean_right,1
840,1786867347.534490,283,564,455,487,508,0,0,0,0,0,909,868,891,935,781,806,563,0,0,0,0,0,0,0,653,1095,981,977,0,0,0,0,dahye,lean_right,1
841,1786867347.554494,281,566,455,485,508,0,0,0,0,0,909,872,895,933,783,807,557,0,0,0,0,0,0,0,649,1095,991,975,0,0,0,0,dahye,lean_right,1
842,1786867347.574529,281,565,455,487,508,0,0,0,0,0,895,871,893,933,791,804,556,0,0,0,0,0,0,0,651,1095,995,975,0,0,0,0,dahye,lean_right,1
843,1786867347.594509,280,566,455,486,509,0,0,0,0,0,909,870,894,933,789,815,551,0,0,0,0,0,0,0,648,1094,988,974,0,0,0,0,dahye,lean_right,1
844,1786867347.614514,281,564,455,487,509,0,0,0,0,0,909,869,895,935,781,807,556,0,0,0,0,0,0,0,649,1101,989,977,0,0,0,0,dahye,lean_right,1
845,1786867347.634518,281,565,455,487,508,0,0,0,0,0,909,869,895,932,783,807,556,0,0,0,0,0,0,0,649,1095,995,975,0,0,0,0,dahye,lean_right,1
846,1786867347.654506,282,565,456,487,509,0,0,0,0,0,910,869,893,931,783,805,556,0,0,0,0,0,0,0,647,1095,997,975,0,0,0,0,dahye,lean_right,1
847,1786867347.674488,282,567,461,487,509,0,0,0,0,0,911,870,891,935,783,808,555,0,0,0,0,0,0,0,647,1099,990,975,0,0,0,0,dahye,lean_right,1
848,1786867347.694492,281,567,455,486,509,0,0,0,0,0,911,867,893,934,789,807,559,0,0,0,0,0,0,0,651,1097,983,977,0,0,0,0,dahye,lean_right,1
849,1786867347.714546,281,563,455,487,508,0,0,0,0,0,909,869,895,933,781,807,555,0,0,0,0,0,0,0,649,1095,995,973,0,0,0,0,dahye,lean_right,1
850,1786867347.734513,281,567,457,487,511,0,0,0,0,0,909,867,892,933,783,807,555,0,0,0,0,0,0,0,651,1095,998,975,0,0,0,0,dahye,lean_right,1
851,1786867347.754489,282,565,456,487,509,0,0,0,0,0,910,866,892,934,781,808,557,0,0,0,0,0,0,0,647,1095,985,975,0,0,0,0,dahye,lean_right,1
852,1786867347.774551,277,567,456,487,507,0,0,0,0,0,909,867,893,933,781,807,557,0,0,0,0,0,0,0,651,1095,991,974,0,0,0,0,dahye,lean_right,1
853,1786867347.794517,281,567,454,487,509,0,0,0,0,0,909,868,891,933,781,811,557,0,0,0,0,0,0,0,651,1093,997,974,0,0,0,0,dahye,lean_right,1
854,1786867347.814509,280,565,455,485,509,0,0,0,0,0,909,867,895,933,781,805,562,0,0,0,0,0,0,0,647,1097,990,973,0,0,0,0,dahye,lean_right,1
855,1786867347.834515,281,565,456,487,509,0,0,0,0,0,909,867,892,935,783,807,557,0,0,0,0,0,0,0,649,1095,995,975,0,0,0,0,dahye,lean_right,1
856,1786867347.854522,281,567,454,486,509,0,0,0,0,0,911,868,894,933,781,807,557,0,0,0,0,0,0,0,649,1095,996,975,0,0,0,0,dahye,lean_right,1
857,1786867347.874484,280,566,455,486,510,0,0,0,0,0,911,866,892,935,785,805,555,0,0,0,0,0,0,0,651,1095,997,977,0,0,0,0,dahye,lean_right,1
858,1786867347.894552,267,566,456,487,509,0,0,0,0,0,911,865,892,935,779,807,575,0,0,0,0,0,0,0,652,1095,989,974,0,0,0,0,dahye,lean_right,1
859,1786867347.913574,281,567,455,485,509,0,0,0,0,0,909,869,893,933,787,807,556,0,0,0,0,0,0,0,651,1097,995,973,0,0,0,0,dahye,lean_right,1
860,1786867347.934522,281,565,455,487,511,0,0,0,0,0,910,869,892,932,781,807,557,0,0,0,0,0,0,0,649,1095,997,973,0,0,0,0,dahye,lean_right,1
861,1786867347.954274,280,566,455,487,508,0,0,0,0,0,909,867,883,934,783,807,559,0,0,0,0,0,0,0,655,1095,987,971,0,0,0,0,dahye,lean_right,1
862,1786867347.974542,280,566,453,487,510,0,0,0,0,0,909,868,891,932,781,807,557,0,0,0,0,0,0,0,651,1095,988,971,0,0,0,0,dahye,lean_right,1
863,1786867347.994509,281,567,455,487,510,0,0,0,0,0,909,866,891,931,783,807,557,0,0,0,0,0,0,0,648,1093,997,978,0,0,0,0,dahye,lean_right,1
864,1786867348.014536,280,563,453,486,508,0,0,0,0,0,909,862,889,927,781,799,556,0,0,0,0,0,0,0,649,1093,991,973,0,0,0,0,dahye,lean_right,1
865,1786867348.034521,279,565,455,487,509,0,0,0,0,0,909,863,889,933,782,807,557,0,0,0,0,0,0,0,639,1093,995,972,0,0,0,0,dahye,lean_right,1
866,1786867348.054519,279,567,455,488,509,0,0,0,0,0,909,868,889,935,783,806,557,0,0,0,0,0,0,0,648,1094,995,973,0,0,0,0,dahye,lean_right,1
867,1786867348.074476,279,564,448,485,509,0,0,0,0,0,908,866,894,933,780,798,555,0,0,0,0,0,0,0,647,1093,999,971,0,0,0,0,dahye,lean_right,1
868,1786867348.094508,280,567,455,487,509,0,0,0,0,0,909,867,903,932,781,805,557,0,0,0,0,0,0,0,649,1093,994,973,0,0,0,0,dahye,lean_right,1
869,1786867348.114482,279,567,456,489,509,0,0,0,0,0,905,866,893,932,779,803,557,0,0,0,0,0,0,0,647,1093,986,971,0,0,0,0,dahye,lean_right,1
870,1786867348.134487,281,565,455,487,510,0,0,0,0,0,908,871,891,932,783,807,557,0,0,0,0,0,0,0,647,1095,991,968,0,0,0,0,dahye,lean_right,1
871,1786867348.154596,279,559,456,487,509,0,0,0,0,0,907,863,891,935,783,807,557,0,0,0,0,0,0,0,651,1093,999,971,0,0,0,0,dahye,lean_right,1
872,1786867348.174517,281,564,456,487,509,0,0,0,0,0,909,869,901,934,783,807,558,0,0,0,0,0,0,0,649,1095,986,971,0,0,0,0,dahye,lean_right,1
873,1786867348.194509,279,567,457,487,509,0,0,0,0,0,908,867,889,935,783,807,557,0,0,0,0,0,0,0,647,1093,1014,970,0,0,0,0,dahye,lean_right,1
874,1786867348.214728,279,573,456,487,508,0,0,0,0,0,907,867,890,936,783,807,557,0,0,0,0,0,0,0,647,1094,989,974,0,0,0,0,dahye,lean_right,1
875,1786867348.234586,279,566,454,487,509,0,0,0,0,0,908,861,889,931,777,804,555,0,0,0,0,0,0,0,647,1095,991,971,0,0,0,0,dahye,lean_right,1
876,1786867348.254518,278,565,457,487,510,0,0,0,0,0,908,868,890,933,782,807,555,0,0,0,0,0,0,0,651,1095,989,969,0,0,0,0,dahye,lean_right,1
877,1786867348.274594,277,567,456,487,507,0,0,0,0,0,909,867,889,931,781,807,557,0,0,0,0,0,0,0,651,1099,995,965,0,0,0,0,dahye,lean_right,1
878,1786867348.294528,277,567,457,488,509,0,0,0,0,0,907,863,895,931,783,807,555,0,0,0,0,0,0,0,651,1095,984,969,0,0,0,0,dahye,lean_right,1
879,1786867348.314533,276,565,456,489,511,0,0,0,0,0,907,866,879,930,782,807,557,0,0,0,0,0,0,0,647,1096,972,971,0,0,0,0,dahye,lean_right,1
880,1786867348.334300,276,566,453,487,509,0,0,0,0,0,907,869,891,933,787,807,563,0,0,0,0,0,0,0,649,1095,989,968,0,0,0,0,dahye,lean_right,1
881,1786867348.354036,275,554,457,491,509,0,0,0,0,0,907,863,893,933,781,807,557,0,0,0,0,0,0,0,653,1095,987,967,0,0,0,0,dahye,lean_right,1
882,1786867348.373648,275,559,458,488,508,0,0,0,0,0,909,863,891,932,783,807,558,0,0,0,0,0,0,0,652,1096,994,969,0,0,0,0,dahye,lean_right,1
883,1786867348.393891,275,575,457,490,509,0,0,0,0,0,907,873,891,931,782,807,557,0,0,0,0,0,0,0,651,1096,988,969,0,0,0,0,dahye,lean_right,1
884,1786867348.414310,270,570,457,489,509,0,0,0,0,0,907,869,891,932,781,807,556,0,0,0,0,0,0,0,650,1095,989,969,0,0,0,0,dahye,lean_right,1
885,1786867348.433568,274,568,459,491,509,0,0,0,0,0,905,866,887,926,781,807,570,0,0,0,0,0,0,0,636,1095,988,970,0,0,0,0,dahye,lean_right,1
886,1786867348.453882,276,567,458,491,509,0,0,0,0,0,907,861,889,931,781,805,557,0,0,0,0,0,0,0,645,1097,987,969,0,0,0,0,dahye,lean_right,1
887,1786867348.474435,275,565,457,490,506,0,0,0,0,0,906,866,888,932,781,797,556,0,0,0,0,0,0,0,632,1096,989,966,0,0,0,0,dahye,lean_right,1
888,1786867348.494631,275,567,459,489,510,0,0,0,0,0,907,869,889,932,781,807,563,0,0,0,0,0,0,0,633,1095,989,971,0,0,0,0,dahye,lean_right,1
889,1786867348.514576,275,565,457,489,509,0,0,0,0,0,906,867,885,933,781,807,557,0,0,0,0,0,0,0,631,1095,989,968,0,0,0,0,dahye,lean_right,1
890,1786867348.533848,274,565,459,489,507,0,0,0,0,0,905,860,886,931,779,807,569,0,0,0,0,0,0,0,635,1092,989,967,0,0,0,0,dahye,lean_right,1
891,1786867348.554308,275,567,458,491,509,0,0,0,0,0,907,858,887,931,783,807,559,0,0,0,0,0,0,0,637,1094,991,969,0,0,0,0,dahye,lean_right,1
892,1786867348.574789,273,567,457,491,509,0,0,0,0,0,909,866,887,930,781,811,557,0,0,0,0,0,0,0,647,1093,989,969,0,0,0,0,dahye,lean_right,1
893,1786867348.593713,273,569,459,489,509,0,0,0,0,0,909,849,884,925,779,807,556,0,0,0,0,0,0,0,636,1093,987,967,0,0,0,0,dahye,lean_right,1
894,1786867348.613891,271,567,459,491,508,0,0,0,0,0,907,859,889,931,781,807,557,0,0,0,0,0,0,0,649,1087,987,967,0,0,0,0,dahye,lean_right,1
895,1786867348.634042,273,567,459,491,509,0,0,0,0,0,907,857,889,927,781,807,570,0,0,0,0,0,0,0,647,1095,987,968,0,0,0,0,dahye,lean_right,1
896,1786867348.653927,273,569,459,491,510,0,0,0,0,0,906,862,888,931,781,806,557,0,0,0,0,0,0,0,649,1094,987,968,0,0,0,0,dahye,lean_right,1
897,1786867348.674764,265,565,459,491,509,0,0,0,0,0,907,865,885,921,781,807,557,0,0,0,0,0,0,0,639,1091,987,969,0,0,0,0,dahye,lean_right,1
898,1786867348.694593,275,567,459,491,509,0,0,0,0,0,906,863,885,920,782,808,559,0,0,0,0,0,0,0,645,1095,987,969,0,0,0,0,dahye,lean_right,1
899,1786867348.714630,275,565,459,491,509,0,0,0,0,0,906,861,887,927,781,805,558,0,0,0,0,0,0,0,635,1093,988,969,0,0,0,0,dahye,lean_right,1
900,1786867348.733618,275,569,459,491,517,0,0,0,0,0,906,859,886,933,782,807,558,0,0,0,0,0,0,0,651,1094,987,967,0,0,0,0,dahye,lean_right,1
901,1786867348.753933,275,568,460,491,509,0,0,0,0,0,905,862,885,927,783,808,559,0,0,0,0,0,0,0,647,1095,988,967,0,0,0,0,dahye,lean_right,1
902,1786867348.773872,275,567,459,491,518,0,0,0,0,0,905,867,888,949,781,806,557,0,0,0,0,0,0,0,638,1096,995,969,0,0,0,0,dahye,lean_right,1
903,1786867348.794468,275,569,457,491,518,0,0,0,0,0,903,862,887,927,781,809,557,0,0,0,0,0,0,0,646,1094,987,967,0,0,0,0,dahye,lean_right,1
904,1786867348.814619,275,567,459,489,519,0,0,0,0,0,905,859,891,925,785,808,557,0,0,0,0,0,0,0,635,1095,987,971,0,0,0,0,dahye,lean_right,1
905,1786867348.834528,276,570,459,491,509,0,0,0,0,0,905,865,885,931,783,805,557,0,0,0,0,0,0,0,649,1093,987,968,0,0,0,0,dahye,lean_right,1
906,1786867348.854521,275,569,459,491,519,0,0,0,0,0,905,869,875,927,785,807,559,0,0,0,0,0,0,0,635,1095,989,967,0,0,0,0,dahye,lean_right,1
907,1786867348.874544,277,567,460,492,507,0,0,0,0,0,905,863,901,926,783,807,559,0,0,0,0,0,0,0,636,1095,993,967,0,0,0,0,dahye,lean_right,1
908,1786867348.894543,275,567,458,492,509,0,0,0,0,0,903,868,885,923,783,808,558,0,0,0,0,0,0,0,635,1095,989,967,0,0,0,0,dahye,lean_right,1
909,1786867348.914515,275,569,459,491,509,0,0,0,0,0,905,867,902,927,781,807,557,0,0,0,0,0,0,0,645,1094,984,967,0,0,0,0,dahye,lean_right,1
910,1786867348.934515,277,571,461,492,509,0,0,0,0,0,904,853,882,927,786,808,558,0,0,0,0,0,0,0,645,1095,989,956,0,0,0,0,dahye,lean_right,1
911,1786867348.954521,276,569,459,493,519,0,0,0,0,0,905,862,891,927,783,807,559,0,0,0,0,0,0,0,637,1095,988,969,0,0,0,0,dahye,lean_right,1
912,1786867348.973865,277,571,458,491,510,0,0,0,0,0,907,865,903,927,787,807,559,0,0,0,0,0,0,0,650,1096,985,968,0,0,0,0,dahye,lean_right,1
913,1786867348.994578,275,571,459,491,520,0,0,0,0,0,902,867,872,927,781,808,559,0,0,0,0,0,0,0,645,1095,989,968,0,0,0,0,dahye,lean_right,1
914,1786867349.014587,277,567,459,493,517,0,0,0,0,0,907,865,889,921,779,808,558,0,0,0,0,0,0,0,645,1095,988,959,0,0,0,0,dahye,lean_right,1
915,1786867349.034513,277,571,460,492,509,0,0,0,0,0,904,860,885,935,783,805,559,0,0,0,0,0,0,0,637,1092,989,951,0,0,0,0,dahye,lean_right,1
916,1786867349.054514,277,575,460,492,518,0,0,0,0,0,905,869,886,923,783,808,559,0,0,0,0,0,0,0,648,1094,989,985,0,0,0,0,dahye,lean_right,1
917,1786867349.074517,278,569,459,492,509,0,0,0,0,0,905,862,887,927,783,807,563,0,0,0,0,0,0,0,650,1093,1000,970,0,0,0,0,dahye,lean_right,1
918,1786867349.094494,277,571,459,492,518,0,0,0,0,0,904,869,887,935,778,808,557,0,0,0,0,0,0,0,638,1093,987,975,0,0,0,0,dahye,lean_right,1
919,1786867349.114517,278,567,461,492,519,0,0,0,0,0,904,870,887,927,781,806,557,0,0,0,0,0,0,0,649,1093,987,971,0,0,0,0,dahye,lean_right,1
920,1786867349.134543,279,569,459,492,518,0,0,0,0,0,903,861,887,925,781,807,559,0,0,0,0,0,0,0,648,1086,988,971,0,0,0,0,dahye,lean_right,1
921,1786867349.154551,279,569,460,492,519,0,0,0,0,0,905,859,889,931,782,808,559,0,0,0,0,0,0,0,645,1093,988,973,0,0,0,0,dahye,lean_right,1
922,1786867349.174502,279,568,459,493,517,0,0,0,0,0,901,869,887,931,781,808,558,0,0,0,0,0,0,0,660,1093,1003,969,0,0,0,0,dahye,lean_right,1
923,1786867349.194531,278,567,459,493,519,0,0,0,0,0,906,860,887,927,781,809,557,0,0,0,0,0,0,0,639,1091,983,969,0,0,0,0,dahye,lean_right,1
924,1786867349.214568,279,569,459,493,510,0,0,0,0,0,903,861,887,915,783,807,558,0,0,0,0,0,0,0,639,1092,987,967,0,0,0,0,dahye,lean_right,1
925,1786867349.234536,279,570,459,493,521,0,0,0,0,0,906,863,887,933,781,809,563,0,0,0,0,0,0,0,633,1093,989,969,0,0,0,0,dahye,lean_right,1
926,1786867349.253893,279,569,459,493,520,0,0,0,0,0,907,854,887,927,780,808,557,0,0,0,0,0,0,0,629,1095,988,968,0,0,0,0,dahye,lean_right,1
927,1786867349.274759,279,569,459,492,517,0,0,0,0,0,907,856,887,923,783,809,557,0,0,0,0,0,0,0,654,1087,987,968,0,0,0,0,dahye,lean_right,1
928,1786867349.293913,279,555,459,493,518,0,0,0,0,0,907,867,887,931,780,809,557,0,0,0,0,0,0,0,645,1091,989,971,0,0,0,0,dahye,lean_right,1
929,1786867349.314304,279,569,459,493,520,0,0,0,0,0,905,861,887,933,781,809,559,0,0,0,0,0,0,0,649,1091,988,965,0,0,0,0,dahye,lean_right,1
930,1786867349.333614,279,569,458,492,509,0,0,0,0,0,904,869,887,931,785,807,559,0,0,0,0,0,0,0,617,1092,987,967,0,0,0,0,dahye,lean_right,1
931,1786867349.353912,278,569,459,493,519,0,0,0,0,0,905,859,887,931,781,809,557,0,0,0,0,0,0,0,639,1093,989,967,0,0,0,0,dahye,lean_right,1
932,1786867349.374283,279,583,459,494,519,0,0,0,0,0,903,868,887,925,781,809,557,0,0,0,0,0,0,0,644,1091,989,969,0,0,0,0,dahye,lean_right,1
933,1786867349.394446,279,570,461,493,518,0,0,0,0,0,907,861,887,919,780,809,559,0,0,0,0,0,0,0,639,1085,989,965,0,0,0,0,dahye,lean_right,1
934,1786867349.414306,279,569,461,493,518,0,0,0,0,0,906,861,887,919,786,809,558,0,0,0,0,0,0,0,639,1092,989,973,0,0,0,0,dahye,lean_right,1
935,1786867349.433850,279,570,461,493,519,0,0,0,0,0,907,861,888,933,781,811,558,0,0,0,0,0,0,0,639,1087,989,967,0,0,0,0,dahye,lean_right,1
936,1786867349.453727,280,570,457,493,510,0,0,0,0,0,906,861,887,931,779,811,561,0,0,0,0,0,0,0,639,1078,987,968,0,0,0,0,dahye,lean_right,1
937,1786867349.473887,279,568,461,495,519,0,0,0,0,0,903,861,887,919,781,809,559,0,0,0,0,0,0,0,639,1087,989,969,0,0,0,0,dahye,lean_right,1
938,1786867349.493688,280,573,459,493,519,0,0,0,0,0,905,860,887,937,785,809,558,0,0,0,0,0,0,0,637,1092,987,967,0,0,0,0,dahye,lean_right,1
939,1786867349.513961,277,571,460,494,519,0,0,0,0,0,907,859,887,925,783,807,557,0,0,0,0,0,0,0,639,1091,987,969,0,0,0,0,dahye,lean_right,1
940,1786867349.534360,279,571,459,494,519,0,0,0,0,0,903,861,887,927,780,805,555,0,0,0,0,0,0,0,645,1080,988,969,0,0,0,0,dahye,lean_right,1
941,1786867349.554330,279,571,459,495,520,0,0,0,0,0,904,860,886,931,783,807,558,0,0,0,0,0,0,0,639,1093,989,969,0,0,0,0,dahye,lean_right,1
942,1786867349.573927,279,569,462,493,519,0,0,0,0,0,905,862,889,926,787,813,556,0,0,0,0,0,0,0,645,1092,993,969,0,0,0,0,dahye,lean_right,1
943,1786867349.593943,279,572,459,494,519,0,0,0,0,0,905,859,887,927,782,809,559,0,0,0,0,0,0,0,639,1093,987,969,0,0,0,0,dahye,lean_right,1
944,1786867349.613675,279,569,461,493,519,0,0,0,0,0,907,859,887,927,781,788,557,0,0,0,0,0,0,0,639,1093,989,973,0,0,0,0,dahye,lean_right,1
945,1786867349.633841,279,569,461,494,520,0,0,0,0,0,905,861,887,927,783,811,555,0,0,0,0,0,0,0,639,1087,987,985,0,0,0,0,dahye,lean_right,1
946,1786867349.654318,279,569,461,495,518,0,0,0,0,0,902,860,887,927,785,810,560,0,0,0,0,0,0,0,638,1095,989,965,0,0,0,0,dahye,lean_right,1
947,1786867349.674345,279,569,460,494,519,0,0,0,0,0,905,860,887,927,782,811,559,0,0,0,0,0,0,0,643,1091,987,971,0,0,0,0,dahye,lean_right,1
948,1786867349.694475,279,569,459,493,527,0,0,0,0,0,907,859,885,935,781,808,559,0,0,0,0,0,0,0,637,1093,989,969,0,0,0,0,dahye,lean_right,1
949,1786867349.714682,279,569,461,493,517,0,0,0,0,0,904,861,886,927,786,808,555,0,0,0,0,0,0,0,636,1087,988,973,0,0,0,0,dahye,lean_right,1
950,1786867349.734567,279,569,461,493,519,0,0,0,0,0,901,860,887,927,783,808,557,0,0,0,0,0,0,0,637,1100,987,971,0,0,0,0,dahye,lean_right,1
951,1786867349.754611,281,570,466,495,520,0,0,0,0,0,908,860,887,927,791,809,559,0,0,0,0,0,0,0,637,1087,987,949,0,0,0,0,dahye,lean_right,1
952,1786867349.774763,280,569,461,493,527,0,0,0,0,0,903,859,887,927,787,810,557,0,0,0,0,0,0,0,637,1087,985,949,0,0,0,0,dahye,lean_right,1
953,1786867349.793761,279,568,461,494,519,0,0,0,0,0,905,860,887,927,785,809,557,0,0,0,0,0,0,0,637,1085,988,939,0,0,0,0,dahye,lean_right,1
954,1786867349.813677,279,569,459,493,519,0,0,0,0,0,904,860,887,927,787,811,557,0,0,0,0,0,0,0,635,1087,988,957,0,0,0,0,dahye,lean_right,1
955,1786867349.834277,279,571,459,493,519,0,0,0,0,0,907,861,887,928,781,810,562,0,0,0,0,0,0,0,637,1087,989,971,0,0,0,0,dahye,lean_right,1
956,1786867349.854617,278,570,460,495,523,0,0,0,0,0,905,861,887,932,783,807,557,0,0,0,0,0,0,0,637,1084,989,950,0,0,0,0,dahye,lean_right,1
957,1786867349.874523,277,569,457,493,519,0,0,0,0,0,907,860,887,927,789,807,557,0,0,0,0,0,0,0,639,1087,989,956,0,0,0,0,dahye,lean_right,1
958,1786867349.894582,277,567,461,493,518,0,0,0,0,0,907,860,887,931,781,809,559,0,0,0,0,0,0,0,637,1087,987,969,0,0,0,0,dahye,lean_right,1
959,1786867349.914563,277,565,453,493,519,0,0,0,0,0,925,860,887,927,775,804,557,0,0,0,0,0,0,0,635,1083,989,969,0,0,0,0,dahye,lean_right,1
960,1786867349.934533,278,569,457,495,521,0,0,0,0,0,905,861,886,928,783,803,557,0,0,0,0,0,0,0,637,1085,987,969,0,0,0,0,dahye,lean_right,1
961,1786867349.954513,278,570,458,495,519,0,0,0,0,0,890,860,886,927,775,810,558,0,0,0,0,0,0,0,636,1086,989,968,0,0,0,0,dahye,lean_right,1
962,1786867349.974560,279,571,460,493,519,0,0,0,0,0,907,861,887,931,783,809,556,0,0,0,0,0,0,0,637,1087,986,969,0,0,0,0,dahye,lean_right,1
963,1786867349.994556,277,568,457,493,517,0,0,0,0,0,904,860,887,931,782,811,559,0,0,0,0,0,0,0,638,1087,988,954,0,0,0,0,dahye,lean_right,1
964,1786867350.014563,279,571,459,495,520,0,0,0,0,0,894,861,888,931,796,811,555,0,0,0,0,0,0,0,639,1087,995,970,0,0,0,0,dahye,lean_right,1
965,1786867350.034515,279,583,469,493,519,0,0,0,0,0,891,861,887,927,797,806,559,0,0,0,0,0,0,0,638,1087,988,971,0,0,0,0,dahye,lean_right,1
966,1786867350.054546,279,569,459,493,519,0,0,0,0,0,911,862,888,927,791,808,557,0,0,0,0,0,0,0,646,1092,987,968,0,0,0,0,dahye,lean_right,1
967,1786867350.074491,277,569,456,493,521,0,0,0,0,0,909,859,888,931,779,807,554,0,0,0,0,0,0,0,639,1087,987,969,0,0,0,0,dahye,lean_right,1
968,1786867350.094541,277,571,459,493,519,0,0,0,0,0,893,861,887,928,781,807,555,0,0,0,0,0,0,0,639,1087,988,969,0,0,0,0,dahye,lean_right,1
969,1786867350.114612,277,569,456,493,511,0,0,0,0,0,905,859,887,927,786,807,557,0,0,0,0,0,0,0,638,1085,987,969,0,0,0,0,dahye,lean_right,1
970,1786867350.134509,277,569,459,493,520,0,0,0,0,0,903,860,886,927,783,811,563,0,0,0,0,0,0,0,638,1085,989,967,0,0,0,0,dahye,lean_right,1
971,1786867350.154538,277,569,459,495,510,0,0,0,0,0,905,859,887,927,783,809,559,0,0,0,0,0,0,0,639,1085,989,969,0,0,0,0,dahye,lean_right,1
972,1786867350.174563,277,569,461,493,521,0,0,0,0,0,895,861,887,927,780,814,559,0,0,0,0,0,0,0,637,1092,989,967,0,0,0,0,dahye,lean_right,1
973,1786867350.194559,277,569,458,495,509,0,0,0,0,0,905,859,887,927,779,809,558,0,0,0,0,0,0,0,637,1083,986,969,0,0,0,0,dahye,lean_right,1
974,1786867350.214582,277,569,461,495,510,0,0,0,0,0,907,861,887,931,781,809,559,0,0,0,0,0,0,0,637,1085,989,971,0,0,0,0,dahye,lean_right,1
975,1786867350.234617,278,569,460,493,521,0,0,0,0,0,903,860,885,927,781,807,559,0,0,0,0,0,0,0,637,1085,991,969,0,0,0,0,dahye,lean_right,1
976,1786867350.254605,277,569,461,494,518,0,0,0,0,0,894,859,886,927,781,814,558,0,0,0,0,0,0,0,637,1087,987,969,0,0,0,0,dahye,lean_right,1
977,1786867350.274538,275,569,457,493,519,0,0,0,0,0,903,861,887,927,778,808,557,0,0,0,0,0,0,0,637,1086,985,971,0,0,0,0,dahye,lean_right,1
978,1786867350.294598,277,568,459,493,519,0,0,0,0,0,895,859,887,927,783,809,559,0,0,0,0,0,0,0,638,1085,987,967,0,0,0,0,dahye,lean_right,1
979,1786867350.314589,275,569,461,493,522,0,0,0,0,0,901,861,885,927,789,799,559,0,0,0,0,0,0,0,637,1087,988,968,0,0,0,0,dahye,lean_right,1
980,1786867350.334569,276,569,461,495,521,0,0,0,0,0,907,861,887,927,781,807,553,0,0,0,0,0,0,0,637,1086,993,969,0,0,0,0,dahye,lean_right,1
981,1786867350.354552,279,569,461,495,520,0,0,0,0,0,903,862,885,927,783,811,559,0,0,0,0,0,0,0,639,1086,989,969,0,0,0,0,dahye,lean_right,1
982,1786867350.374570,277,569,461,493,520,0,0,0,0,0,895,861,888,927,783,808,553,0,0,0,0,0,0,0,638,1087,987,968,0,0,0,0,dahye,lean_right,1
983,1786867350.394543,277,568,457,495,519,0,0,0,0,0,905,859,887,927,781,814,557,0,0,0,0,0,0,0,639,1085,988,968,0,0,0,0,dahye,lean_right,1
984,1786867350.414584,277,569,457,495,522,0,0,0,0,0,908,861,887,927,785,819,560,0,0,0,0,0,0,0,637,1086,989,959,0,0,0,0,dahye,lean_right,1
985,1786867350.434555,279,568,459,494,517,0,0,0,0,0,900,861,887,927,780,808,563,0,0,0,0,0,0,0,637,1091,987,968,0,0,0,0,dahye,lean_right,1
986,1786867350.454521,278,567,457,495,521,0,0,0,0,0,909,861,887,929,781,805,559,0,0,0,0,0,0,0,639,1087,987,967,0,0,0,0,dahye,lean_right,1
987,1786867350.474512,275,568,459,494,509,0,0,0,0,0,903,860,887,931,781,822,563,0,0,0,0,0,0,0,643,1087,990,967,0,0,0,0,dahye,lean_right,1
988,1786867350.494504,275,568,459,493,509,0,0,0,0,0,908,861,885,928,779,809,557,0,0,0,0,0,0,0,637,1111,990,967,0,0,0,0,dahye,lean_right,1
989,1786867350.514663,277,569,457,493,517,0,0,0,0,0,895,861,886,928,779,809,559,0,0,0,0,0,0,0,639,1086,983,967,0,0,0,0,dahye,lean_right,1
990,1786867350.534546,277,567,460,493,507,0,0,0,0,0,909,861,883,927,780,819,563,0,0,0,0,0,0,0,639,1087,991,968,0,0,0,0,dahye,lean_right,1
991,1786867350.554612,276,567,457,493,517,0,0,0,0,0,893,857,879,927,775,807,557,0,0,0,0,0,0,0,638,1083,993,967,0,0,0,0,dahye,lean_right,1
992,1786867350.574550,275,567,459,492,519,0,0,0,0,0,904,863,889,925,782,809,557,0,0,0,0,0,0,0,639,1086,987,967,0,0,0,0,dahye,lean_right,1
993,1786867350.594542,275,567,455,491,518,0,0,0,0,0,904,857,886,931,781,811,555,0,0,0,0,0,0,0,637,1085,987,965,0,0,0,0,dahye,lean_right,1
994,1786867350.614542,273,567,462,493,509,0,0,0,0,0,888,860,887,927,795,810,559,0,0,0,0,0,0,0,639,1086,985,965,0,0,0,0,dahye,lean_right,1
995,1786867350.634537,274,567,455,491,509,0,0,0,0,0,901,859,886,927,763,809,557,0,0,0,0,0,0,0,637,1085,985,965,0,0,0,0,dahye,lean_right,1
