frame,timestamp,ch0,ch1,ch2,ch3,ch4,ch5,ch6,ch7,ch8,ch9,ch10,ch11,ch12,ch13,ch14,ch15,ch16,ch17,ch18,ch19,ch20,ch21,ch22,ch23,ch24,ch25,ch26,ch27,ch28,ch29,ch30,ch31,person,posture,trial
0,1786867448.660081,0,0,47,251,291,585,535,557,467,212,0,0,112,292,295,315,283,187,658,623,721,679,600,596,0,74,205,138,0,200,628,415,dahye,lean_left,1
1,1786867448.660988,0,0,51,251,287,586,535,556,466,207,0,0,111,287,299,314,285,187,651,629,723,680,601,596,0,75,203,137,0,199,627,414,dahye,lean_left,1
2,1786867448.661815,0,0,52,251,291,587,537,555,466,215,0,0,115,288,295,309,277,185,653,627,723,680,600,597,0,75,204,140,0,198,615,420,dahye,lean_left,1
3,1786867448.662565,0,0,51,251,291,587,536,554,462,211,0,0,115,288,299,317,287,187,657,629,721,679,601,596,0,75,204,139,0,200,625,413,dahye,lean_left,1
4,1786867448.663305,0,0,47,251,291,587,537,558,459,213,0,0,114,292,296,315,281,186,655,629,721,681,601,599,0,83,203,139,0,200,623,413,dahye,lean_left,1
5,1786867448.664042,0,0,48,251,291,587,535,557,461,211,0,0,115,292,296,315,283,187,653,629,723,679,599,595,0,75,205,139,0,201,623,419,dahye,lean_left,1
6,1786867448.664777,0,0,51,251,291,587,535,559,467,212,0,0,111,287,297,315,285,185,653,628,719,681,600,594,0,76,203,141,0,199,627,415,dahye,lean_left,1
7,1786867448.665509,0,0,53,251,293,587,535,559,467,213,0,0,115,293,298,304,285,187,650,647,723,679,601,603,0,73,205,139,0,197,629,415,dahye,lean_left,1
8,1786867448.666149,0,0,47,252,296,588,537,558,467,212,0,0,119,293,301,317,285,187,653,629,721,680,601,599,0,73,204,146,0,201,623,413,dahye,lean_left,1
9,1786867448.666788,0,0,55,250,293,585,535,564,474,213,0,0,112,295,309,315,283,186,654,629,721,681,594,597,0,73,204,140,0,197,628,414,dahye,lean_left,1
10,1786867448.667457,0,0,51,251,293,588,535,555,463,206,0,0,115,288,296,316,285,184,649,636,719,681,601,595,0,75,204,148,0,197,627,416,dahye,lean_left,1
11,1786867448.668109,0,0,51,251,291,587,535,558,461,213,0,0,115,297,296,315,282,186,653,631,723,679,600,600,0,73,204,139,0,200,629,415,dahye,lean_left,1
12,1786867448.668768,0,0,48,251,292,587,535,558,471,212,0,0,116,295,299,315,285,187,653,629,721,679,601,597,0,75,205,139,0,199,633,419,dahye,lean_left,1
13,1786867448.669407,0,0,51,252,292,588,535,559,468,213,0,0,117,287,297,316,285,187,655,628,722,677,601,616,0,74,205,139,0,200,623,415,dahye,lean_left,1
14,1786867448.670048,0,0,51,251,291,587,536,557,468,213,0,0,119,291,302,315,287,187,653,629,721,681,600,599,0,83,205,140,0,198,624,421,dahye,lean_left,1
15,1786867448.670698,0,0,60,251,292,585,535,557,471,213,0,0,107,294,299,319,285,185,659,629,722,681,586,597,0,75,205,145,0,200,628,419,dahye,lean_left,1
16,1786867448.671340,0,0,51,250,291,587,535,558,467,212,0,0,116,279,299,317,282,187,653,628,719,681,600,599,0,75,204,139,0,197,627,419,dahye,lean_left,1
17,1786867448.671979,0,0,48,251,288,587,535,557,467,212,0,0,115,292,293,316,287,187,653,629,719,680,600,597,0,75,205,139,0,199,623,419,dahye,lean_left,1
18,1786867448.672622,0,0,51,251,291,587,535,562,463,213,0,0,119,294,307,316,287,187,653,630,722,679,600,597,0,75,204,140,0,196,631,412,dahye,lean_left,1
19,1786867448.673263,0,0,51,251,293,587,536,558,468,212,0,0,117,291,299,315,285,186,652,628,721,681,600,599,0,75,205,140,0,200,655,423,dahye,lean_left,1
20,1786867448.673909,0,0,51,251,292,588,535,557,467,212,0,0,116,306,297,315,278,186,653,629,719,681,600,595,0,73,205,141,0,201,629,415,dahye,lean_left,1
21,1786867448.674565,0,0,51,251,288,587,536,559,467,213,0,0,125,291,300,317,287,186,652,629,723,677,601,589,0,76,205,140,0,201,631,412,dahye,lean_left,1
22,1786867448.675212,0,0,51,252,292,589,537,559,467,212,0,0,116,292,291,317,282,185,652,629,723,683,599,598,0,74,205,140,0,201,617,415,dahye,lean_left,1
23,1786867448.675811,0,0,47,251,291,587,536,556,468,212,0,0,115,296,299,315,284,185,651,627,721,679,598,597,0,75,204,139,0,191,627,403,dahye,lean_left,1
24,1786867448.676389,0,0,51,251,287,587,537,558,467,213,0,0,118,293,292,317,285,186,653,629,721,679,600,601,0,74,205,141,0,191,628,413,dahye,lean_left,1
25,1786867448.677037,0,0,51,251,291,587,536,558,467,213,0,0,116,295,303,317,287,185,652,627,719,680,601,598,0,73,205,139,0,199,620,411,dahye,lean_left,1
26,1786867448.677892,0,0,51,251,291,587,535,558,469,213,0,0,116,291,299,315,287,187,652,629,721,678,601,595,0,73,205,139,0,201,622,412,dahye,lean_left,1
27,1786867448.678596,0,0,51,252,291,586,537,558,467,213,0,0,115,293,297,316,287,187,651,628,721,679,600,599,0,73,205,140,0,201,615,413,dahye,lean_left,1
28,1786867448.679271,0,0,47,251,292,587,536,557,469,213,0,0,117,292,297,316,291,186,649,628,722,680,599,599,0,73,205,140,0,199,629,415,dahye,lean_left,1
29,1786867448.679839,0,0,49,251,293,587,537,559,468,213,0,0,117,292,298,315,283,187,653,629,719,686,601,589,0,75,203,140,0,201,624,425,dahye,lean_left,1
30,1786867448.680397,0,0,47,250,293,587,535,558,468,213,0,0,115,288,297,315,285,185,653,629,721,680,601,599,0,73,205,140,0,198,623,421,dahye,lean_left,1
31,1786867448.680959,0,0,47,251,293,587,536,557,469,213,0,0,117,293,297,315,284,187,653,629,723,678,600,597,0,74,205,139,0,211,622,413,dahye,lean_left,1
32,1786867448.681536,0,0,46,251,291,587,535,557,467,213,0,0,116,291,298,317,285,185,653,630,719,680,601,599,0,75,205,140,0,200,631,415,dahye,lean_left,1
33,1786867448.682091,0,0,47,251,291,588,536,557,468,213,0,0,115,287,297,315,275,186,652,628,723,680,599,599,0,75,205,139,0,205,623,421,dahye,lean_left,1
34,1786867448.682657,0,0,47,251,294,587,536,559,467,213,0,0,117,293,299,309,293,185,663,629,721,682,601,597,0,75,206,139,0,200,633,413,dahye,lean_left,1
35,1786867448.683219,0,0,47,251,292,587,535,557,467,212,0,0,115,295,298,317,281,185,652,629,719,679,600,601,0,74,205,141,0,198,630,415,dahye,lean_left,1
36,1786867448.683785,0,0,47,252,293,589,536,558,468,213,0,0,115,295,299,317,285,187,653,629,723,678,605,601,0,73,205,139,0,200,631,414,dahye,lean_left,1
37,1786867448.684352,0,0,47,251,293,588,537,559,467,213,0,0,117,292,299,317,283,186,653,629,722,681,601,607,0,73,205,140,0,221,630,415,dahye,lean_left,1
38,1786867448.684906,0,0,47,251,293,586,537,557,469,213,0,0,115,293,298,315,286,187,653,629,721,680,601,600,0,73,204,141,0,198,635,412,dahye,lean_left,1
39,1786867448.685468,0,0,45,252,293,587,536,557,467,212,0,0,116,293,299,316,281,186,653,629,721,677,601,588,0,75,205,139,0,199,630,435,dahye,lean_left,1
40,1786867448.686022,0,0,46,251,291,587,535,555,468,211,0,0,113,292,299,315,284,185,653,629,723,681,601,599,0,75,203,141,0,201,628,413,dahye,lean_left,1
41,1786867448.686591,0,0,45,251,292,587,536,559,467,212,0,0,115,293,299,317,284,187,652,627,719,679,600,599,0,75,205,141,0,189,631,421,dahye,lean_left,1
42,1786867448.687145,0,0,47,250,293,587,535,557,467,212,0,0,117,291,298,317,285,187,653,629,719,676,600,597,0,74,205,140,0,199,632,415,dahye,lean_left,1
43,1786867448.687652,0,0,47,251,293,587,537,559,468,212,0,0,115,291,299,317,285,187,653,629,717,675,601,601,0,75,205,141,0,204,637,393,dahye,lean_left,1
44,1786867448.688137,0,0,45,251,291,587,536,558,467,213,0,0,115,295,299,315,285,187,653,629,719,680,601,599,0,75,203,139,0,201,631,420,dahye,lean_left,1
45,1786867448.688631,0,0,46,251,291,587,537,559,469,212,0,0,115,293,298,317,284,187,653,629,723,679,600,593,0,74,204,141,0,216,631,415,dahye,lean_left,1
46,1786867448.689113,0,0,45,252,293,587,537,559,467,212,0,0,115,287,298,318,286,187,652,627,722,680,600,597,0,74,204,140,0,199,623,413,dahye,lean_left,1
47,1786867448.689594,0,0,46,252,291,587,536,559,467,212,0,0,111,293,298,317,284,187,655,629,723,681,601,598,0,74,204,140,0,201,633,419,dahye,lean_left,1
48,1786867448.690085,0,0,47,251,293,589,537,559,469,211,0,0,115,293,299,317,285,187,653,629,719,685,600,597,0,74,204,140,0,199,637,408,dahye,lean_left,1
49,1786867448.690565,0,0,44,251,292,587,537,559,467,213,0,0,115,293,299,317,286,188,654,629,720,681,598,599,0,73,205,140,0,199,631,421,dahye,lean_left,1
50,1786867448.691058,0,0,44,250,293,586,536,557,468,213,0,0,115,295,299,316,284,187,653,627,719,680,599,597,0,73,205,141,0,201,632,413,dahye,lean_left,1
51,1786867448.691557,0,0,45,249,291,587,536,559,467,212,0,0,116,287,297,317,284,185,652,629,719,677,601,599,0,75,205,141,0,191,631,423,dahye,lean_left,1
52,1786867448.692052,0,0,47,251,293,587,537,558,469,211,0,0,115,295,299,317,285,186,653,628,719,683,601,599,0,75,205,141,0,201,623,419,dahye,lean_left,1
53,1786867448.692543,0,0,45,251,288,588,536,557,467,211,0,0,109,290,296,318,285,187,653,629,723,680,601,598,0,73,204,142,0,202,633,420,dahye,lean_left,1
54,1786867448.693022,0,0,45,249,293,587,537,559,468,211,0,0,116,287,299,317,285,188,653,629,722,681,604,599,0,75,205,145,0,202,633,415,dahye,lean_left,1
55,1786867448.693465,0,0,45,252,291,587,535,559,468,213,0,0,115,293,298,317,285,187,653,629,721,678,603,599,0,73,205,140,0,226,632,415,dahye,lean_left,1
56,1786867448.693905,0,0,45,249,293,587,538,559,469,213,0,0,111,293,297,317,285,189,653,629,724,681,601,599,0,75,205,143,0,200,633,425,dahye,lean_left,1
57,1786867448.694343,0,0,45,250,291,588,537,559,467,214,0,0,116,293,298,317,285,188,651,629,722,679,598,599,0,74,205,140,0,205,633,413,dahye,lean_left,1
58,1786867448.694774,0,0,45,251,293,589,537,559,468,213,0,0,115,284,298,317,285,187,653,629,723,677,605,599,0,75,205,143,0,189,633,423,dahye,lean_left,1
59,1786867448.695208,0,0,43,251,294,587,537,559,469,213,0,0,115,292,297,318,285,187,654,629,723,682,601,599,0,75,205,141,0,183,633,426,dahye,lean_left,1
60,1786867448.695657,0,0,43,251,293,587,537,559,469,212,0,0,111,291,299,316,285,187,653,627,723,679,603,599,0,73,204,143,0,197,634,423,dahye,lean_left,1
61,1786867448.696092,0,0,45,252,294,586,536,563,468,213,0,0,115,295,298,319,287,187,653,629,719,683,599,599,0,75,205,141,0,213,634,423,dahye,lean_left,1
62,1786867448.696524,0,0,45,251,293,587,537,559,468,213,0,0,116,293,299,317,285,185,654,629,723,682,601,597,0,75,205,143,0,205,633,423,dahye,lean_left,1
63,1786867448.696954,0,0,43,250,293,587,536,559,467,211,0,0,111,293,299,319,285,189,655,628,716,677,600,597,0,75,205,141,0,189,631,415,dahye,lean_left,1
64,1786867448.697391,0,0,43,251,291,587,537,559,468,212,0,0,114,295,297,317,285,185,653,629,722,681,600,599,0,75,203,141,0,201,633,421,dahye,lean_left,1
65,1786867448.697818,0,0,45,251,293,587,537,553,469,213,0,0,114,285,299,318,286,186,653,629,721,681,600,599,0,73,205,141,0,203,631,420,dahye,lean_left,1
66,1786867448.698259,0,0,43,251,293,587,537,563,469,212,0,0,112,293,299,319,285,187,653,628,719,676,601,597,0,75,205,141,0,205,633,429,dahye,lean_left,1
67,1786867448.698685,0,0,43,251,292,588,537,559,469,213,0,0,111,293,299,319,285,188,653,629,719,680,603,599,0,75,207,142,0,201,633,420,dahye,lean_left,1
68,1786867448.699111,0,0,44,249,294,587,537,559,468,215,0,0,115,291,297,317,287,187,653,629,719,681,601,599,0,75,205,141,0,201,632,425,dahye,lean_left,1
69,1786867448.699493,0,0,44,249,294,587,539,559,469,213,0,0,115,293,299,325,285,187,652,628,719,675,599,599,0,77,205,140,0,201,633,431,dahye,lean_left,1
70,1786867448.699875,0,0,43,251,295,588,539,559,470,213,0,0,115,293,299,317,285,189,653,629,719,681,602,599,0,75,205,143,0,203,633,425,dahye,lean_left,1
71,1786867448.700262,0,0,44,250,295,589,537,559,467,213,0,0,112,299,299,317,286,187,653,629,723,676,603,599,0,75,204,143,0,201,632,427,dahye,lean_left,1
72,1786867448.700645,0,0,43,251,293,587,537,559,468,213,0,0,115,293,299,318,287,185,653,629,721,681,601,599,0,75,205,142,0,199,633,423,dahye,lean_left,1
73,1786867448.701035,0,0,43,249,293,587,537,559,468,213,0,0,116,293,299,317,285,185,653,629,719,680,602,599,0,73,204,140,0,201,633,423,dahye,lean_left,1
74,1786867448.701418,0,0,42,249,293,587,536,559,469,213,0,0,115,293,299,319,286,187,653,628,719,683,603,599,0,73,204,141,0,205,633,425,dahye,lean_left,1
75,1786867448.701797,0,0,42,250,293,589,537,559,468,213,0,0,115,293,299,317,286,187,653,629,723,679,602,599,0,75,205,141,0,201,634,421,dahye,lean_left,1
76,1786867448.702186,0,0,41,251,293,588,535,563,468,213,0,0,107,292,299,319,285,187,653,628,722,680,600,599,0,74,204,146,0,201,634,422,dahye,lean_left,1
77,1786867448.702568,0,0,43,251,295,588,537,563,468,215,0,0,115,293,299,318,285,187,652,627,723,680,600,599,0,75,207,141,0,201,633,423,dahye,lean_left,1
78,1786867448.702955,0,0,42,249,295,589,537,559,469,213,0,0,115,293,299,317,285,187,655,629,723,679,601,598,0,74,203,141,0,211,634,421,dahye,lean_left,1
79,1786867448.703335,0,0,43,249,293,587,535,559,467,212,0,0,114,292,301,317,285,185,653,624,723,679,601,599,0,78,205,139,0,199,632,411,dahye,lean_left,1
80,1786867448.703726,0,0,41,250,293,588,536,559,468,211,0,0,111,293,299,319,283,184,655,629,719,680,603,597,0,73,205,143,0,201,633,420,dahye,lean_left,1
81,1786867448.704104,0,0,43,251,295,587,536,559,469,214,0,0,113,292,299,319,284,187,653,629,717,681,601,599,0,73,205,147,0,201,633,423,dahye,lean_left,1
82,1786867448.704486,0,0,43,251,295,588,536,559,468,213,0,0,115,293,300,316,285,187,651,630,723,671,601,598,0,75,205,138,0,202,634,439,dahye,lean_left,1
83,1786867448.704875,0,0,43,251,291,586,537,559,468,212,0,0,111,294,299,317,285,186,652,627,719,679,601,599,0,75,205,142,0,201,633,423,dahye,lean_left,1
84,1786867448.705255,0,0,43,249,294,589,538,559,467,215,0,0,115,293,297,318,285,189,653,627,719,681,601,599,0,74,205,140,0,201,634,405,dahye,lean_left,1
85,1786867448.705641,0,0,42,251,293,586,537,561,468,213,0,0,114,293,300,318,285,185,654,631,717,678,601,597,0,75,205,142,0,203,633,427,dahye,lean_left,1
86,1786867448.706020,0,0,43,251,292,588,538,559,469,214,0,0,111,293,299,317,285,187,654,626,724,680,602,599,0,73,204,142,0,201,633,423,dahye,lean_left,1
87,1786867448.706399,0,0,44,251,292,589,537,559,469,213,0,0,115,295,299,319,287,185,653,630,719,680,601,599,0,72,203,140,0,202,633,423,dahye,lean_left,1
88,1786867448.706790,0,0,44,251,293,588,538,560,470,213,0,0,115,294,299,318,284,187,653,629,723,678,603,599,0,72,205,142,0,202,633,422,dahye,lean_left,1
89,1786867448.707154,0,0,43,251,293,587,537,559,467,213,0,0,111,292,301,317,283,188,655,627,717,679,603,599,0,73,205,146,0,202,634,422,dahye,lean_left,1
90,1786867448.707526,0,0,51,251,293,587,537,567,472,203,0,0,115,293,297,317,283,187,652,629,719,680,602,599,0,75,203,139,0,201,646,419,dahye,lean_left,1
91,1786867448.707874,0,0,43,251,293,587,537,563,470,213,0,0,117,293,299,319,285,189,655,629,739,672,621,601,0,71,203,141,0,203,635,422,dahye,lean_left,1
92,1786867448.708235,0,0,40,251,293,587,537,559,469,213,0,0,111,295,300,323,285,184,653,627,717,680,601,599,0,73,205,142,0,201,635,423,dahye,lean_left,1
93,1786867448.708585,0,0,41,251,302,587,538,559,469,215,0,0,111,293,300,319,285,187,652,628,722,679,601,599,0,73,205,139,0,202,633,431,dahye,lean_left,1
94,1786867448.708934,0,0,41,251,294,587,537,559,467,214,0,0,113,293,300,319,283,185,653,627,722,681,600,599,0,73,205,142,0,201,635,423,dahye,lean_left,1
95,1786867448.709289,0,0,40,248,293,589,537,558,468,213,0,0,111,292,296,317,285,184,653,627,719,679,600,599,0,78,204,133,0,200,632,421,dahye,lean_left,1
96,1786867448.709638,0,0,41,250,296,587,533,559,467,213,0,0,108,292,301,319,285,185,651,631,718,679,604,599,0,75,205,138,0,201,635,422,dahye,lean_left,1
97,1786867448.709992,0,0,40,250,297,587,537,563,467,213,0,0,110,293,299,319,283,187,653,629,723,680,599,599,0,73,205,146,0,201,634,421,dahye,lean_left,1
98,1786867448.710341,0,0,40,249,294,587,536,557,469,211,0,0,111,293,299,325,283,186,653,628,719,681,603,598,0,72,204,139,0,200,631,423,dahye,lean_left,1
99,1786867448.710693,0,0,39,249,295,589,537,559,468,214,0,0,108,293,300,317,283,185,653,629,723,681,601,597,0,77,203,142,0,201,634,427,dahye,lean_left,1
100,1786867448.711042,0,0,37,250,292,588,537,559,468,214,0,0,112,292,301,318,283,188,653,631,723,681,599,599,0,75,204,151,0,201,635,423,dahye,lean_left,1
101,1786867448.711387,0,0,37,247,297,587,537,559,467,213,0,0,110,293,299,318,284,185,653,627,717,681,602,600,0,75,205,139,0,202,635,423,dahye,lean_left,1
102,1786867448.711740,0,0,37,249,292,589,537,559,467,212,0,0,102,292,297,316,285,187,652,631,718,679,613,601,0,75,204,146,0,201,636,422,dahye,lean_left,1
103,1786867448.712087,0,0,37,248,295,587,537,559,469,213,0,0,99,293,297,316,281,189,653,628,723,681,581,598,0,76,204,134,0,201,635,425,dahye,lean_left,1
104,1786867448.712475,0,0,36,251,295,587,535,556,470,211,0,0,105,292,299,315,285,187,649,627,722,681,614,601,0,76,204,142,0,201,635,423,dahye,lean_left,1
105,1786867448.712850,0,0,37,247,293,588,537,559,469,213,0,0,121,293,297,318,283,184,653,629,723,681,600,597,0,75,205,123,0,201,635,424,dahye,lean_left,1
106,1786867448.713211,0,0,36,247,294,588,537,557,471,213,0,0,107,291,299,317,285,187,652,629,725,677,601,599,0,75,203,141,0,201,634,423,dahye,lean_left,1
107,1786867448.713575,0,0,35,248,295,587,538,559,469,211,0,0,105,293,301,325,285,185,652,629,724,679,599,599,0,75,204,138,0,201,635,423,dahye,lean_left,1
108,1786867448.713912,0,0,37,249,295,601,537,561,469,211,0,0,106,293,299,317,283,186,658,627,718,681,601,600,0,75,203,139,0,201,633,425,dahye,lean_left,1
109,1786867448.714254,0,0,31,247,292,588,541,559,469,213,0,0,107,293,299,318,285,185,651,629,715,681,600,597,0,73,203,142,0,203,636,423,dahye,lean_left,1
110,1786867448.714594,0,0,33,248,292,587,536,559,471,211,0,0,105,292,299,317,285,185,651,629,719,680,599,599,0,75,203,139,0,200,635,423,dahye,lean_left,1
111,1786867448.714928,0,0,35,247,293,588,538,559,468,213,0,0,104,293,298,318,285,185,652,629,722,680,601,600,0,75,203,141,0,203,636,423,dahye,lean_left,1
112,1786867448.715257,0,0,31,244,291,589,536,559,471,213,0,0,107,293,299,317,285,187,653,625,724,681,602,600,0,75,204,140,0,202,635,424,dahye,lean_left,1
113,1786867448.715584,0,0,31,248,294,587,537,559,468,212,0,0,103,287,299,317,283,185,651,627,725,681,601,601,0,71,202,139,0,201,639,424,dahye,lean_left,1
114,1786867448.715925,0,0,29,249,295,587,543,559,470,212,0,0,102,293,298,318,285,187,651,629,719,679,603,599,0,75,204,141,0,200,637,424,dahye,lean_left,1
115,1786867448.716250,0,0,30,247,291,587,539,559,471,211,0,0,101,292,297,317,285,187,653,629,728,681,605,601,0,75,204,141,0,201,637,423,dahye,lean_left,1
116,1786867448.716589,0,0,29,247,295,588,538,563,469,212,0,0,102,291,300,317,283,186,653,629,724,681,599,599,0,75,205,141,0,201,637,423,dahye,lean_left,1
117,1786867448.716913,0,0,35,247,296,587,537,558,469,212,0,0,107,293,297,317,281,186,653,631,724,681,601,599,0,73,211,139,0,201,637,424,dahye,lean_left,1
118,1786867448.717248,0,0,39,247,293,585,536,559,469,207,0,0,102,293,297,317,283,189,651,627,721,682,601,599,0,75,203,147,0,201,636,425,dahye,lean_left,1
119,1786867448.717577,0,0,33,249,287,588,539,565,467,211,0,0,107,293,297,339,283,185,651,629,725,680,601,602,0,71,204,139,0,202,639,423,dahye,lean_left,1
120,1786867448.717904,0,0,30,245,293,589,537,558,469,212,0,0,101,292,297,318,283,183,655,627,719,681,603,601,0,75,203,140,0,200,637,425,dahye,lean_left,1
121,1786867448.718237,0,0,29,247,292,587,536,559,467,213,0,0,101,291,300,317,283,185,651,631,715,678,601,597,0,75,203,141,0,201,635,423,dahye,lean_left,1
122,1786867448.718567,0,0,29,247,293,587,547,559,468,213,0,0,105,293,297,317,283,189,651,630,709,681,603,597,0,79,205,139,0,201,639,425,dahye,lean_left,1
123,1786867448.718911,0,0,28,245,303,589,537,565,472,216,0,0,104,292,299,317,284,184,651,629,723,681,599,601,0,73,204,144,0,203,639,425,dahye,lean_left,1
124,1786867448.719219,0,0,28,249,291,587,539,563,471,213,0,0,102,292,300,340,283,188,659,628,723,680,603,599,0,71,203,141,0,203,640,425,dahye,lean_left,1
125,1786867448.719527,0,0,30,247,296,589,539,559,469,205,0,0,101,293,299,317,283,183,651,632,723,680,599,599,0,73,203,147,0,201,637,423,dahye,lean_left,1
126,1786867448.719839,0,0,23,247,295,589,541,560,471,207,0,0,104,291,301,317,285,181,653,623,723,681,604,599,0,75,204,137,0,203,639,425,dahye,lean_left,1
127,1786867448.720145,0,0,26,246,295,585,539,555,469,223,0,0,105,293,298,319,283,189,652,627,723,679,605,601,0,77,203,143,0,203,635,424,dahye,lean_left,1
128,1786867448.720462,0,0,27,247,287,587,537,561,471,214,0,0,101,293,296,317,285,185,652,630,723,681,603,599,0,73,203,140,0,197,645,429,dahye,lean_left,1
129,1786867448.720769,0,0,27,247,286,587,538,561,471,212,0,0,105,292,300,315,285,184,651,631,719,681,602,600,0,72,202,143,0,203,639,425,dahye,lean_left,1
130,1786867448.721075,0,0,29,246,289,593,541,563,469,211,0,0,103,291,299,319,284,185,655,627,723,681,603,598,0,77,202,137,0,202,637,426,dahye,lean_left,1
131,1786867448.721390,0,0,29,246,287,589,539,559,467,213,0,0,105,291,299,315,284,187,659,631,723,680,603,599,0,76,203,143,0,203,639,425,dahye,lean_left,1
132,1786867448.721697,0,0,29,246,294,589,538,559,471,213,0,0,99,293,301,311,283,187,649,633,717,681,601,599,0,77,203,137,0,203,647,425,dahye,lean_left,1
133,1786867448.722013,0,0,29,247,295,589,538,565,471,202,0,0,99,291,297,316,284,187,649,631,717,681,600,597,0,75,203,149,0,203,645,425,dahye,lean_left,1
134,1786867448.722318,0,0,27,245,300,587,537,559,471,213,0,0,103,292,297,316,284,187,651,631,723,680,605,599,0,71,203,141,0,204,645,424,dahye,lean_left,1
135,1786867448.722629,0,0,27,246,293,588,539,563,469,211,0,0,89,292,301,318,283,187,653,633,726,681,595,598,0,54,202,138,0,205,649,425,dahye,lean_left,1
136,1786867448.722940,0,0,27,245,293,589,537,559,470,214,0,0,99,295,296,316,283,187,653,629,724,681,601,597,0,51,202,147,0,203,639,425,dahye,lean_left,1
137,1786867448.723246,0,0,27,245,295,588,535,563,475,215,0,0,94,287,315,317,283,185,653,631,717,680,603,599,0,73,203,147,0,203,639,425,dahye,lean_left,1
138,1786867448.723563,0,0,26,244,292,589,541,563,463,214,0,0,109,291,299,315,283,182,650,624,724,681,609,604,0,61,202,148,0,206,644,425,dahye,lean_left,1
139,1786867448.723869,0,0,21,247,293,589,541,575,469,217,0,0,85,286,296,315,283,185,652,629,723,682,600,600,0,73,203,142,0,206,647,425,dahye,lean_left,1
140,1786867448.724183,0,0,0,244,293,588,539,563,471,213,0,0,77,293,297,312,279,187,653,629,723,681,605,600,0,73,200,139,0,202,661,422,dahye,lean_left,1
141,1786867448.724488,0,0,0,243,293,589,539,562,470,211,0,0,71,285,295,312,280,185,665,629,722,681,603,603,0,75,201,137,0,205,647,427,dahye,lean_left,1
142,1786867448.724810,0,0,0,237,293,587,539,563,469,213,0,0,60,287,285,314,281,185,649,636,722,681,604,603,0,74,201,163,0,201,647,425,dahye,lean_left,1
143,1786867448.725132,0,0,0,246,291,591,539,562,471,215,0,0,55,285,297,311,277,187,651,629,733,682,602,605,0,81,200,139,0,209,645,425,dahye,lean_left,1
144,1786867448.725434,0,0,0,243,293,589,539,563,471,215,0,0,55,285,296,311,279,185,653,629,724,682,605,600,0,73,200,127,0,205,649,425,dahye,lean_left,1
145,1786867448.725744,0,0,0,243,291,590,540,564,478,213,0,0,51,283,288,309,279,187,653,629,721,681,607,602,0,73,199,138,0,205,644,425,dahye,lean_left,1
146,1786867448.726047,0,0,0,245,294,588,540,566,473,215,0,0,47,283,297,308,279,185,654,628,710,681,601,605,0,71,200,142,0,207,648,427,dahye,lean_left,1
147,1786867448.726353,0,0,0,249,292,589,539,563,471,213,0,0,51,285,294,309,279,185,653,629,719,684,603,589,0,73,200,138,0,211,639,427,dahye,lean_left,1
148,1786867448.726663,0,0,0,243,291,583,537,564,472,215,0,0,51,284,299,312,279,187,652,627,725,680,603,603,0,75,199,139,0,207,645,425,dahye,lean_left,1
149,1786867448.726956,0,0,0,239,293,595,539,567,473,216,0,0,51,283,295,313,278,186,651,630,713,683,605,603,0,70,199,139,0,211,648,425,dahye,lean_left,1
150,1786867448.727252,0,0,0,239,291,590,539,563,473,214,0,0,49,282,295,309,279,187,646,623,723,683,605,601,0,75,200,137,0,205,639,425,dahye,lean_left,1
151,1786867448.727541,0,0,0,241,287,583,539,565,474,215,0,0,44,283,296,311,278,191,653,630,725,683,604,599,0,73,199,125,0,206,645,426,dahye,lean_left,1
152,1786867448.727832,0,0,0,239,293,590,538,563,467,217,0,0,46,283,293,307,277,183,655,628,725,683,603,607,0,77,199,139,0,210,647,427,dahye,lean_left,1
153,1786867448.728140,0,0,0,239,291,590,541,565,471,216,0,0,45,284,295,313,277,188,653,631,724,681,607,604,0,75,199,137,0,211,647,427,dahye,lean_left,1
154,1786867448.728468,0,0,0,239,288,589,539,564,473,211,0,0,45,283,295,313,277,187,651,631,725,683,605,601,0,70,199,138,0,206,655,425,dahye,lean_left,1
155,1786867448.728774,0,0,0,237,293,583,540,564,475,217,0,0,43,283,295,309,277,185,661,619,723,683,605,603,0,71,199,137,0,207,649,428,dahye,lean_left,1
156,1786867448.729068,0,0,0,247,291,593,540,563,474,213,0,0,42,283,311,308,275,203,659,632,723,682,611,601,0,75,199,138,0,205,649,427,dahye,lean_left,1
157,1786867448.729372,0,0,0,237,287,591,538,565,474,216,0,0,41,281,295,328,278,183,653,623,725,681,605,623,0,78,199,139,0,206,647,423,dahye,lean_left,1
158,1786867448.729666,0,0,0,237,287,593,541,565,475,217,0,0,39,283,295,319,275,187,665,627,725,683,605,603,0,75,199,138,0,211,648,423,dahye,lean_left,1
159,1786867448.729961,0,0,0,245,287,591,540,557,475,219,0,0,29,283,293,303,283,187,655,629,725,684,605,605,0,72,198,134,0,206,651,427,dahye,lean_left,1
160,1786867448.730265,0,0,0,231,285,581,535,567,473,223,0,0,27,281,295,307,271,187,654,633,725,683,611,601,0,74,199,136,0,205,650,427,dahye,lean_left,1
161,1786867448.730556,0,0,0,237,287,591,543,568,476,228,0,0,27,283,293,309,274,188,652,631,719,683,606,605,0,71,197,137,0,212,655,427,dahye,lean_left,1
162,1786867448.730856,0,0,0,239,287,595,542,569,474,229,0,0,29,280,295,303,271,185,653,631,725,683,605,603,0,77,199,137,0,205,651,427,dahye,lean_left,1
163,1786867448.731148,0,0,0,237,292,595,543,583,478,232,0,0,28,281,294,306,275,187,652,630,725,685,605,605,0,76,197,137,0,211,665,427,dahye,lean_left,1
164,1786867448.731440,0,0,0,237,292,591,541,569,475,231,0,0,27,281,293,309,275,187,651,640,724,683,607,600,0,72,197,137,0,211,655,429,dahye,lean_left,1
165,1786867448.731745,0,0,0,239,291,595,541,574,478,228,0,0,29,279,293,308,271,186,650,631,725,683,607,604,0,71,199,137,0,205,649,427,dahye,lean_left,1
166,1786867448.732037,0,0,0,239,288,601,543,569,479,234,0,0,27,281,293,302,279,186,651,633,719,683,607,603,0,69,197,143,0,206,649,427,dahye,lean_left,1
167,1786867448.732339,0,0,0,238,279,595,541,570,477,233,0,0,27,279,293,307,275,185,650,626,725,683,606,603,0,71,197,135,0,211,653,429,dahye,lean_left,1
168,1786867448.732632,0,0,0,235,295,595,540,566,478,233,0,0,26,281,292,315,279,187,651,630,724,683,606,617,0,73,197,139,0,207,649,428,dahye,lean_left,1
169,1786867448.732924,0,0,0,235,287,595,541,572,479,228,0,0,27,279,296,308,277,188,661,631,723,683,607,603,0,55,192,139,0,209,647,426,dahye,lean_left,1
170,1786867448.733229,0,0,0,233,285,596,541,571,477,229,0,0,27,279,286,307,270,185,651,631,725,683,607,606,0,87,197,137,0,203,632,428,dahye,lean_left,1
171,1786867448.733520,0,0,0,233,284,595,541,571,486,233,0,0,27,281,292,307,275,186,651,629,725,683,606,603,0,85,197,139,0,199,645,430,dahye,lean_left,1
172,1786867448.733821,0,0,0,231,284,594,541,571,479,233,0,0,27,279,292,308,275,187,651,629,724,683,605,606,0,87,191,139,0,203,649,429,dahye,lean_left,1
173,1786867448.734117,0,0,0,230,287,593,539,571,482,233,0,0,27,281,292,307,275,186,650,631,724,683,607,601,0,70,191,139,0,198,647,429,dahye,lean_left,1
174,1786867448.734413,0,0,0,231,284,593,541,570,483,235,0,0,27,280,295,307,275,187,650,629,725,683,606,605,0,56,191,139,0,199,649,428,dahye,lean_left,1
175,1786867448.734712,0,0,0,229,285,591,541,570,477,235,0,0,27,279,286,307,273,185,649,629,725,683,605,607,0,71,191,137,0,198,639,429,dahye,lean_left,1
176,1786867448.734991,0,0,0,228,284,589,541,574,478,235,0,0,29,277,294,307,271,186,649,629,723,681,605,603,0,51,191,135,0,197,646,427,dahye,lean_left,1
177,1786867448.735280,0,0,0,227,285,590,541,569,477,234,0,0,0,278,285,309,274,185,648,631,724,681,607,610,0,69,191,139,0,195,639,426,dahye,lean_left,1
178,1786867448.735564,0,0,0,227,283,588,539,571,482,234,0,0,27,277,291,302,275,184,646,629,723,683,612,612,0,55,197,139,0,195,635,427,dahye,lean_left,1
179,1786867448.735852,0,0,0,226,284,589,540,558,477,233,0,0,25,275,291,306,275,184,649,629,723,683,607,610,0,82,191,137,0,199,646,427,dahye,lean_left,1
180,1786867448.736133,0,0,0,227,283,591,541,568,472,235,0,0,26,279,297,303,271,185,648,629,723,683,607,612,0,71,191,139,0,196,636,426,dahye,lean_left,1
181,1786867448.736411,0,0,0,222,285,591,541,569,477,235,0,0,26,287,287,303,271,187,649,629,724,682,606,605,0,71,197,139,0,201,637,427,dahye,lean_left,1
182,1786867448.736704,0,0,0,227,285,591,541,570,476,233,0,0,27,255,283,307,275,185,649,629,723,683,605,604,0,74,197,138,0,202,647,426,dahye,lean_left,1
183,1786867448.736986,0,0,0,227,283,587,538,571,476,235,0,0,26,268,285,307,271,199,647,624,726,683,605,605,0,85,197,139,0,199,645,428,dahye,lean_left,1
184,1786867448.737273,0,0,0,225,285,593,541,571,484,233,0,0,27,280,277,307,273,185,649,629,724,683,606,607,0,69,190,137,0,197,631,429,dahye,lean_left,1
185,1786867448.737558,0,0,0,227,285,590,541,569,477,233,0,0,25,279,278,307,276,185,649,629,723,681,607,607,0,70,197,143,0,197,647,426,dahye,lean_left,1
186,1786867448.737836,0,0,0,227,285,589,541,568,477,233,0,0,26,281,285,301,273,187,649,629,724,682,607,603,0,71,192,137,0,191,645,427,dahye,lean_left,1
187,1786867448.738127,0,0,0,228,285,591,541,567,470,231,0,0,27,278,293,306,275,188,649,629,722,684,593,601,0,70,197,137,0,202,648,427,dahye,lean_left,1
188,1786867448.738406,0,0,0,227,286,591,541,567,477,231,0,0,27,281,291,307,269,185,647,629,723,681,606,606,0,71,191,136,0,188,635,428,dahye,lean_left,1
189,1786867448.738695,0,0,0,226,286,593,541,567,478,231,0,0,27,279,291,306,269,185,648,629,723,683,607,611,0,71,191,136,0,200,644,425,dahye,lean_left,1
190,1786867448.738978,0,0,0,227,285,591,541,569,479,230,0,0,26,280,291,307,275,185,647,629,725,682,605,614,0,71,191,135,0,199,648,426,dahye,lean_left,1
191,1786867448.739258,0,0,0,228,287,590,541,568,478,231,0,0,27,279,293,307,275,186,648,631,723,683,607,603,0,71,197,137,0,191,647,427,dahye,lean_left,1
192,1786867448.739550,0,0,0,227,286,591,543,569,479,231,0,0,28,277,293,311,275,185,649,631,724,682,607,611,0,71,197,137,0,201,649,424,dahye,lean_left,1
193,1786867448.739831,0,0,0,227,284,593,541,567,479,231,0,0,26,280,293,308,274,185,649,628,721,681,606,607,0,71,198,137,0,184,646,429,dahye,lean_left,1
194,1786867448.740121,0,0,0,227,287,593,543,569,479,232,0,0,36,281,293,309,275,185,649,630,723,683,607,604,0,70,197,139,0,197,651,427,dahye,lean_left,1
195,1786867448.740404,0,0,0,229,287,591,543,569,479,232,0,0,28,275,291,303,276,185,651,629,725,683,606,603,0,71,198,139,0,217,635,427,dahye,lean_left,1
196,1786867448.740680,0,0,0,229,286,593,536,572,481,231,0,0,26,280,279,313,271,182,652,630,724,684,603,603,0,70,197,137,0,202,637,427,dahye,lean_left,1
197,1786867448.740960,0,0,0,228,285,593,541,569,479,231,0,0,27,279,295,309,276,185,649,629,723,683,607,621,0,71,197,138,0,201,647,427,dahye,lean_left,1
198,1786867448.741228,0,0,0,229,287,594,543,569,478,232,0,0,27,277,293,309,267,185,649,629,723,681,607,605,0,71,198,138,0,196,639,427,dahye,lean_left,1
199,1786867448.741530,0,0,0,227,287,594,541,569,477,231,0,0,27,283,292,309,285,183,649,629,724,683,607,605,0,71,197,137,0,201,651,427,dahye,lean_left,1
200,1786867448.741806,0,0,0,229,286,593,542,569,479,232,0,0,28,281,292,309,277,186,649,629,723,683,607,604,0,70,191,139,0,186,649,429,dahye,lean_left,1
201,1786867448.742087,0,0,0,227,287,591,541,571,477,231,0,0,29,279,293,309,274,185,649,629,723,683,605,609,0,69,197,137,0,202,638,428,dahye,lean_left,1
202,1786867448.742361,0,0,0,229,288,594,542,569,479,230,0,0,27,277,295,309,268,186,648,629,723,683,605,602,0,71,197,139,0,199,648,429,dahye,lean_left,1
203,1786867448.742630,0,0,0,231,287,593,542,570,479,231,0,0,28,277,293,309,277,185,649,629,723,683,607,605,0,71,197,139,0,200,648,416,dahye,lean_left,1
204,1786867448.742907,0,0,0,229,287,595,543,571,483,231,0,0,29,277,293,308,276,185,649,629,723,681,607,601,0,71,191,138,0,189,637,431,dahye,lean_left,1
205,1786867448.743175,0,0,0,229,287,595,541,570,481,231,0,0,28,281,294,309,275,187,653,629,725,683,618,600,0,71,197,137,0,191,646,430,dahye,lean_left,1
206,1786867448.743442,0,0,0,229,288,595,541,572,479,231,0,0,27,277,293,307,276,185,649,629,724,683,607,605,0,71,198,137,0,199,627,437,dahye,lean_left,1
207,1786867448.743714,0,0,0,229,291,595,541,569,481,231,0,0,28,281,293,309,276,185,649,631,723,682,607,605,0,69,197,139,0,197,635,427,dahye,lean_left,1
208,1786867448.743983,0,0,0,229,291,601,543,571,479,231,0,0,26,277,294,309,277,185,634,629,723,682,609,604,0,71,199,140,0,199,648,429,dahye,lean_left,1
209,1786867448.744255,0,0,0,229,291,593,543,569,479,231,0,0,27,279,292,308,276,185,649,631,723,682,605,605,0,71,197,137,0,202,647,429,dahye,lean_left,1
210,1786867448.744522,0,0,0,229,289,595,541,569,478,231,0,0,29,281,293,309,277,187,649,630,723,681,609,617,0,71,191,138,0,205,651,436,dahye,lean_left,1
211,1786867448.744788,0,0,0,229,290,594,541,571,479,231,0,0,29,280,294,309,277,187,649,631,725,683,611,605,0,71,192,139,0,199,648,429,dahye,lean_left,1
212,1786867448.745060,0,0,0,229,287,593,541,569,478,231,0,0,27,277,294,309,276,187,649,629,723,683,609,605,0,72,191,138,0,205,648,411,dahye,lean_left,1
213,1786867448.745326,0,0,0,230,291,595,541,570,479,233,0,0,28,279,294,309,277,186,649,629,725,683,606,605,0,71,198,137,0,199,647,424,dahye,lean_left,1
214,1786867448.745609,0,0,0,229,288,595,541,569,479,231,0,0,28,281,295,312,279,185,649,629,723,684,607,603,0,71,191,139,0,199,647,424,dahye,lean_left,1
215,1786867448.745905,0,0,0,229,288,590,541,567,479,231,0,0,28,287,295,310,277,185,649,629,724,681,601,603,0,71,197,136,0,199,647,428,dahye,lean_left,1
216,1786867448.746190,0,0,0,229,287,595,541,571,479,231,0,0,26,287,293,310,277,186,650,629,723,683,611,604,0,71,197,137,0,198,648,427,dahye,lean_left,1
217,1786867448.746484,0,0,0,230,291,593,541,571,477,231,0,0,27,279,294,308,276,185,649,629,723,683,610,613,0,71,197,139,0,200,644,427,dahye,lean_left,1
218,1786867448.746752,0,0,0,230,287,595,541,570,482,230,0,0,27,279,293,309,277,187,650,629,723,683,610,605,0,71,191,137,0,200,651,429,dahye,lean_left,1
219,1786867448.747034,0,0,0,229,288,594,541,571,479,231,0,0,27,275,293,309,276,185,651,629,723,682,611,605,0,71,197,136,0,201,648,423,dahye,lean_left,1
220,1786867448.747311,0,0,0,229,287,595,541,569,479,231,0,0,26,281,293,309,277,187,649,630,723,685,605,605,0,71,197,137,0,191,648,427,dahye,lean_left,1
221,1786867448.747580,0,0,0,229,291,591,541,569,479,231,0,0,27,279,294,309,275,185,649,629,723,683,609,619,0,69,196,138,0,203,649,413,dahye,lean_left,1
222,1786867448.747861,0,0,0,227,287,595,540,569,478,231,0,0,26,281,293,309,275,185,648,629,723,683,605,606,0,71,199,139,0,201,649,429,dahye,lean_left,1
223,1786867448.748133,0,0,0,229,288,595,541,569,479,231,0,0,29,287,293,309,277,185,650,629,725,683,610,605,0,71,197,136,0,203,648,437,dahye,lean_left,1
224,1786867448.748414,0,0,0,228,291,593,541,569,479,231,0,0,27,275,293,308,276,186,650,629,722,682,606,605,0,71,197,137,0,201,649,429,dahye,lean_left,1
225,1786867448.748687,0,0,0,228,287,593,541,569,478,231,0,0,26,279,293,309,276,185,649,630,723,683,605,605,0,71,198,138,0,203,649,426,dahye,lean_left,1
226,1786867448.748961,0,0,0,229,291,595,542,569,479,231,0,0,28,280,293,309,277,185,649,629,725,683,607,605,0,71,192,137,0,187,650,430,dahye,lean_left,1
227,1786867448.749243,0,0,0,229,287,593,541,569,478,231,0,0,27,279,294,309,277,188,649,629,723,683,611,605,0,69,197,135,0,183,649,427,dahye,lean_left,1
228,1786867448.749512,0,0,0,229,286,594,543,567,483,230,0,0,31,280,293,311,278,199,647,630,739,683,605,603,0,70,198,139,0,201,649,430,dahye,lean_left,1
229,1786867448.749792,0,0,0,231,291,595,539,568,481,231,0,0,26,281,293,309,277,185,651,629,723,683,607,605,0,71,192,139,0,205,648,431,dahye,lean_left,1
230,1786867448.750062,0,0,0,229,291,591,540,568,477,231,0,0,25,281,294,309,277,185,648,629,722,683,607,605,0,71,191,136,0,205,649,421,dahye,lean_left,1
231,1786867448.750332,0,0,0,230,286,589,542,565,477,231,0,0,27,281,293,310,270,186,650,625,699,682,603,603,0,69,191,138,0,200,644,429,dahye,lean_left,1
232,1786867448.750610,0,0,0,229,286,593,541,567,479,229,0,0,27,281,296,309,277,186,649,629,725,682,607,605,0,71,197,137,0,199,650,427,dahye,lean_left,1
233,1786867448.750878,0,0,0,229,291,595,542,567,479,228,0,0,29,281,295,309,277,185,648,627,721,681,611,605,0,71,199,137,0,196,648,424,dahye,lean_left,1
234,1786867448.751152,0,0,0,229,291,591,539,568,479,227,0,0,26,281,293,309,277,185,649,630,723,681,607,605,0,71,197,137,0,199,649,431,dahye,lean_left,1
235,1786867448.751419,0,0,0,228,291,594,541,567,481,227,0,0,27,281,293,311,277,183,649,631,719,683,605,604,0,71,192,136,0,205,648,435,dahye,lean_left,1
236,1786867448.751689,0,0,0,230,287,590,541,568,477,226,0,0,29,281,294,309,277,186,649,630,722,681,606,605,0,71,197,140,0,199,649,425,dahye,lean_left,1
237,1786867448.751970,0,0,0,229,293,593,541,568,479,223,0,0,28,281,295,309,277,185,649,631,725,681,609,604,0,71,197,136,0,198,649,425,dahye,lean_left,1
238,1786867448.752244,0,0,0,229,287,591,541,569,477,223,0,0,28,282,295,311,277,184,649,631,724,682,611,605,0,71,189,137,0,203,648,431,dahye,lean_left,1
239,1786867448.752525,0,0,0,229,291,591,541,567,477,223,0,0,29,281,294,309,277,185,649,631,719,683,611,605,0,69,197,141,0,199,647,429,dahye,lean_left,1
240,1786867448.752796,0,0,0,229,291,595,547,568,479,229,0,0,27,281,295,315,279,190,649,628,718,683,600,605,0,73,197,139,0,199,649,431,dahye,lean_left,1
241,1786867448.753070,0,0,0,228,287,589,539,567,474,223,0,0,29,281,295,309,275,186,647,629,723,681,607,603,0,70,197,138,0,198,647,429,dahye,lean_left,1
242,1786867448.753352,0,0,0,228,286,589,542,569,477,227,0,0,27,281,295,310,279,185,649,629,721,682,610,605,0,71,191,137,0,179,648,425,dahye,lean_left,1
243,1786867448.753627,0,0,0,229,290,593,541,568,477,227,0,0,26,282,293,310,277,187,651,631,723,683,607,603,0,71,197,137,0,200,649,429,dahye,lean_left,1
244,1786867448.753906,0,0,0,229,285,591,541,567,478,223,0,0,30,281,295,311,276,185,649,630,726,681,605,605,0,71,197,138,0,199,648,429,dahye,lean_left,1
245,1786867448.754179,0,0,0,229,291,591,539,568,482,221,0,0,28,281,296,309,277,185,649,629,717,681,607,604,0,72,197,138,0,199,649,429,dahye,lean_left,1
246,1786867448.754439,0,0,0,229,288,591,539,568,477,221,0,0,27,281,295,309,275,184,649,629,723,681,606,606,0,71,191,139,0,200,645,434,dahye,lean_left,1
247,1786867448.754710,0,0,0,229,291,589,541,567,477,222,0,0,28,281,295,307,275,185,649,629,725,683,607,605,0,71,197,137,0,203,649,430,dahye,lean_left,1
248,1786867448.754968,0,0,0,229,287,591,539,567,477,223,0,0,31,280,295,311,275,184,649,629,725,682,607,605,0,70,197,137,0,191,648,436,dahye,lean_left,1
249,1786867448.755233,0,0,0,228,287,591,540,567,477,222,0,0,27,281,294,307,277,185,647,624,723,681,609,604,0,71,197,137,0,199,649,412,dahye,lean_left,1
250,1786867448.774616,0,0,0,227,287,590,541,567,479,223,0,0,27,281,295,311,277,187,649,630,723,682,607,603,0,71,189,140,0,200,649,432,dahye,lean_left,1
251,1786867448.794669,0,0,0,216,288,591,539,568,477,227,0,0,28,283,293,309,275,185,647,629,723,683,609,605,0,71,197,141,0,199,649,431,dahye,lean_left,1
252,1786867448.814686,0,0,0,229,290,591,540,567,477,223,0,0,30,281,295,307,276,183,649,629,724,682,610,605,0,71,192,135,0,197,649,424,dahye,lean_left,1
253,1786867448.834682,0,0,0,229,293,594,541,567,477,227,0,0,28,280,295,311,276,187,647,631,719,681,607,605,0,71,191,136,0,199,649,430,dahye,lean_left,1
254,1786867448.854733,0,0,0,227,287,591,537,567,476,223,0,0,27,280,291,307,275,185,647,629,724,680,611,603,0,69,197,139,0,191,645,428,dahye,lean_left,1
255,1786867448.874775,0,0,0,237,292,594,542,565,479,223,0,0,29,280,295,308,275,187,649,629,719,682,605,605,0,69,191,141,0,199,647,429,dahye,lean_left,1
256,1786867448.894754,0,0,0,228,291,591,541,567,477,214,0,0,27,281,291,310,277,185,648,629,724,681,607,604,0,73,191,137,0,198,649,431,dahye,lean_left,1
257,1786867448.914794,0,0,0,229,291,588,539,560,475,214,0,0,29,281,293,311,277,184,648,630,723,681,610,603,0,67,191,138,0,200,646,431,dahye,lean_left,1
258,1786867448.934791,0,0,0,227,287,591,541,568,477,222,0,0,29,282,294,310,277,185,649,631,725,683,611,605,0,71,191,135,0,199,651,429,dahye,lean_left,1
259,1786867448.955705,0,0,0,229,285,590,541,569,477,223,0,0,25,281,295,311,277,185,648,628,723,681,609,611,0,69,196,137,0,199,649,429,dahye,lean_left,1
260,1786867448.975777,0,0,0,228,288,589,539,567,476,219,0,0,0,281,292,309,279,186,648,632,719,679,605,603,0,67,197,149,0,197,647,429,dahye,lean_left,1
261,1786867448.995748,0,0,0,231,283,591,542,567,479,223,0,0,26,281,295,310,275,187,647,630,719,681,609,604,0,69,192,137,0,201,649,431,dahye,lean_left,1
262,1786867449.015759,0,0,0,228,292,594,541,567,479,223,0,0,29,282,296,309,279,187,647,631,723,683,605,605,0,69,199,135,0,199,649,431,dahye,lean_left,1
263,1786867449.035683,0,0,0,229,287,591,541,567,479,221,0,0,27,281,293,311,277,185,649,629,725,681,605,605,0,72,199,137,0,200,649,431,dahye,lean_left,1
264,1786867449.055747,0,0,0,227,287,594,541,568,477,221,0,0,25,281,292,309,277,185,650,631,723,681,604,605,0,73,191,140,0,200,649,429,dahye,lean_left,1
265,1786867449.075691,0,0,0,228,288,591,541,568,476,219,0,0,31,281,295,309,277,184,647,631,719,683,615,604,0,71,191,134,0,199,649,431,dahye,lean_left,1
266,1786867449.095715,0,0,0,228,293,591,541,567,479,223,0,0,30,281,296,311,277,184,649,629,723,681,614,607,0,71,197,136,0,199,649,431,dahye,lean_left,1
267,1786867449.115779,0,0,0,227,293,590,539,559,477,221,0,0,0,282,293,311,275,185,651,629,719,682,611,605,0,69,197,148,0,200,649,429,dahye,lean_left,1
268,1786867449.135675,0,0,0,229,292,593,541,567,487,221,0,0,26,281,293,311,277,185,647,627,725,682,605,605,0,77,191,139,0,200,650,431,dahye,lean_left,1
269,1786867449.155733,0,0,0,229,293,591,539,568,477,223,0,0,28,281,295,309,277,188,651,631,729,681,617,601,0,72,197,139,0,201,649,429,dahye,lean_left,1
270,1786867449.175738,0,0,0,229,291,595,539,567,478,223,0,0,27,281,294,310,276,185,649,627,709,681,607,605,0,69,191,137,0,200,651,431,dahye,lean_left,1
271,1786867449.195722,0,0,0,229,287,591,541,567,481,220,0,0,27,281,293,309,281,186,649,627,727,683,605,605,0,76,197,137,0,201,649,430,dahye,lean_left,1
272,1786867449.215716,0,0,0,228,290,594,547,567,477,221,0,0,26,281,293,311,279,183,649,629,723,683,611,605,0,69,197,137,0,199,651,429,dahye,lean_left,1
273,1786867449.235246,0,0,0,225,287,595,539,568,477,219,0,0,30,281,291,311,277,185,649,631,713,682,611,607,0,69,197,151,0,200,651,430,dahye,lean_left,1
274,1786867449.255790,0,0,0,229,287,590,541,567,477,219,0,0,29,281,293,310,276,201,649,631,724,681,607,603,0,63,197,137,0,199,649,430,dahye,lean_left,1
275,1786867449.275748,0,0,0,228,292,590,539,567,477,220,0,0,31,282,297,313,277,184,650,630,723,682,605,605,0,71,191,150,0,199,649,431,dahye,lean_left,1
276,1786867449.295764,0,0,0,229,292,591,543,567,477,219,0,0,27,281,293,313,277,187,648,628,715,681,599,603,0,69,192,137,0,201,651,430,dahye,lean_left,1
277,1786867449.315761,0,0,0,228,293,589,539,567,477,220,0,0,28,281,293,312,293,197,647,629,741,681,611,603,0,73,191,140,0,201,653,430,dahye,lean_left,1
278,1786867449.335716,0,0,0,228,287,593,539,567,477,219,0,0,27,281,293,309,277,181,633,627,722,681,611,604,0,75,197,141,0,201,647,431,dahye,lean_left,1
279,1786867449.355716,0,0,0,229,292,589,541,569,477,217,0,0,24,282,295,308,276,185,649,633,725,682,611,603,0,69,191,137,0,201,651,431,dahye,lean_left,1
280,1786867449.375736,0,0,0,228,287,593,539,565,477,221,0,0,28,282,293,313,277,183,649,629,724,681,606,605,0,70,191,138,0,201,651,431,dahye,lean_left,1
281,1786867449.395745,0,0,0,227,291,589,539,567,477,221,0,0,27,283,297,309,277,183,637,638,719,681,612,605,0,69,191,139,0,199,649,431,dahye,lean_left,1
282,1786867449.415742,0,0,0,227,291,593,541,567,477,220,0,0,28,281,295,309,277,184,648,633,721,681,607,605,0,73,191,139,0,201,649,431,dahye,lean_left,1
283,1786867449.435739,0,0,0,226,285,591,539,567,477,217,0,0,28,281,294,309,277,186,651,629,724,682,605,605,0,63,197,141,0,201,649,429,dahye,lean_left,1
284,1786867449.455777,0,0,0,227,291,593,539,567,477,217,0,0,27,282,296,317,277,184,650,629,723,682,605,605,0,69,192,139,0,201,651,431,dahye,lean_left,1
285,1786867449.475743,0,0,0,229,291,590,535,565,477,217,0,0,29,282,293,299,277,185,649,623,717,682,603,603,0,70,197,133,0,199,651,430,dahye,lean_left,1
286,1786867449.495762,0,0,0,222,295,584,539,565,479,217,0,0,30,282,293,295,277,185,649,611,715,680,606,605,0,72,191,133,0,199,651,429,dahye,lean_left,1
287,1786867449.515724,0,0,0,227,293,593,539,566,475,217,0,0,25,281,296,326,277,183,651,627,723,683,603,603,0,72,197,137,0,199,652,431,dahye,lean_left,1
288,1786867449.535703,0,0,0,227,290,591,539,566,481,216,0,0,27,282,295,311,277,186,650,629,723,681,611,603,0,61,191,134,0,199,650,431,dahye,lean_left,1
289,1786867449.555727,0,0,0,226,299,591,539,567,477,217,0,0,28,282,293,331,277,185,647,627,723,682,611,604,0,71,191,135,0,199,649,430,dahye,lean_left,1
290,1786867449.575781,0,0,0,225,299,589,539,574,479,217,0,0,27,280,296,311,279,185,647,624,723,682,611,603,0,68,191,139,0,199,651,430,dahye,lean_left,1
291,1786867449.595744,0,0,0,227,287,589,538,565,475,217,0,0,20,283,293,307,277,183,652,623,723,681,611,605,0,84,197,137,0,199,649,431,dahye,lean_left,1
292,1786867449.615730,0,0,0,226,288,585,541,565,475,217,0,0,29,281,295,309,276,187,646,626,723,681,605,603,0,69,191,136,0,200,653,431,dahye,lean_left,1
293,1786867449.635768,0,0,0,227,291,588,539,565,476,219,0,0,29,281,293,313,277,188,664,651,725,681,605,605,0,67,191,136,0,199,650,431,dahye,lean_left,1
294,1786867449.655715,0,0,0,223,287,589,539,565,476,218,0,0,28,281,293,311,277,185,649,627,727,682,606,602,0,71,196,134,0,199,649,431,dahye,lean_left,1
295,1786867449.675722,0,0,0,227,285,590,539,565,475,217,0,0,25,282,295,316,277,186,645,620,727,681,603,603,0,69,191,140,0,200,651,429,dahye,lean_left,1
296,1786867449.695732,0,0,0,223,285,593,541,565,475,216,0,0,27,281,297,312,275,179,649,627,715,682,607,603,0,69,191,127,0,199,651,431,dahye,lean_left,1
297,1786867449.715734,0,0,0,227,292,587,537,567,477,217,0,0,25,281,291,309,277,185,647,627,719,683,613,605,0,71,191,139,0,201,651,431,dahye,lean_left,1
298,1786867449.735711,0,0,0,227,288,595,539,565,477,219,0,0,23,280,294,311,277,186,647,627,722,682,606,605,0,70,191,120,0,200,651,431,dahye,lean_left,1
299,1786867449.755510,0,0,0,227,287,587,541,565,475,217,0,0,25,283,294,328,279,183,647,619,717,680,603,603,0,69,191,127,0,199,649,431,dahye,lean_left,1
300,1786867449.775795,0,0,0,227,287,589,539,567,477,219,0,0,27,279,295,313,276,187,651,630,725,682,611,606,0,68,197,127,0,199,651,432,dahye,lean_left,1
301,1786867449.795760,0,0,0,227,291,588,540,566,475,217,0,0,30,280,293,312,278,185,651,631,725,681,605,605,0,57,192,139,0,201,649,431,dahye,lean_left,1
302,1786867449.815744,0,0,0,227,291,590,541,565,476,217,0,0,31,282,293,313,279,187,653,625,720,683,611,611,0,71,197,135,0,200,651,433,dahye,lean_left,1
303,1786867449.835762,0,0,0,227,287,587,539,567,475,217,0,0,27,280,295,311,279,184,648,633,719,681,606,605,0,61,197,127,0,191,647,430,dahye,lean_left,1
304,1786867449.855710,0,0,0,227,292,593,541,567,477,217,0,0,30,283,295,311,279,183,649,630,724,682,604,603,0,75,191,139,0,197,649,429,dahye,lean_left,1
305,1786867449.874776,0,0,0,227,292,589,539,567,477,218,0,0,27,282,295,313,278,178,647,631,711,681,611,602,0,84,197,137,0,191,652,429,dahye,lean_left,1
306,1786867449.895858,0,0,0,217,287,595,541,564,477,218,0,0,28,281,295,311,280,185,649,629,722,683,598,605,0,71,191,127,0,199,648,430,dahye,lean_left,1
307,1786867449.915552,0,0,0,229,294,590,541,565,485,215,0,0,27,280,293,311,279,185,651,627,725,683,605,605,0,72,197,138,0,201,651,430,dahye,lean_left,1
308,1786867449.935821,0,0,0,227,291,591,540,565,478,216,0,0,33,283,293,313,279,183,648,632,723,681,612,605,0,75,191,139,0,197,649,431,dahye,lean_left,1
309,1786867449.955919,0,0,0,229,291,590,539,566,479,215,0,0,29,283,293,309,281,186,650,626,724,683,617,601,0,68,192,137,0,199,649,430,dahye,lean_left,1
310,1786867449.975727,0,0,0,229,291,589,541,567,481,216,0,0,27,283,299,311,279,179,651,627,726,681,606,605,0,63,191,137,0,202,645,431,dahye,lean_left,1
311,1786867449.995718,0,0,0,228,292,595,537,565,479,215,0,0,29,281,287,311,280,185,648,627,711,683,611,603,0,67,191,140,0,198,649,431,dahye,lean_left,1
312,1786867450.015779,0,0,0,228,291,593,539,565,484,217,0,0,31,283,307,313,279,191,650,629,715,681,607,606,0,71,191,135,0,199,649,429,dahye,lean_left,1
313,1786867450.035769,0,0,0,228,291,589,541,566,478,215,0,0,28,285,287,312,287,181,645,629,715,683,607,603,0,69,197,138,0,199,649,430,dahye,lean_left,1
314,1786867450.055879,0,0,0,228,293,589,541,567,477,216,0,0,29,283,295,311,279,188,650,631,709,681,604,603,0,72,191,139,0,199,649,435,dahye,lean_left,1
315,1786867450.075785,0,0,0,229,293,591,538,566,475,215,0,0,27,283,298,313,279,187,648,623,723,681,607,605,0,75,191,135,0,199,649,431,dahye,lean_left,1
316,1786867450.095871,0,0,0,228,291,589,539,565,483,213,0,0,28,283,294,314,275,181,651,627,722,682,607,601,0,61,191,146,0,199,650,429,dahye,lean_left,1
317,1786867450.115891,0,0,0,229,293,591,540,567,476,216,0,0,31,283,287,308,279,185,647,628,725,682,606,604,0,62,197,133,0,191,649,428,dahye,lean_left,1
318,1786867450.136036,0,0,0,229,291,589,538,565,487,214,0,0,0,284,296,311,281,180,645,623,703,681,603,605,0,71,199,126,0,197,647,430,dahye,lean_left,1
319,1786867450.154910,0,0,0,227,293,589,539,565,476,213,0,0,29,285,309,311,287,186,647,631,723,681,606,603,0,71,191,139,0,199,651,430,dahye,lean_left,1
320,1786867450.175858,0,0,0,229,291,589,551,567,478,217,0,0,27,280,296,315,280,191,647,629,722,681,605,605,0,72,190,137,0,197,648,429,dahye,lean_left,1
321,1786867450.195810,0,0,0,230,295,594,547,567,477,219,0,0,29,283,296,313,281,187,651,632,731,683,605,603,0,75,191,138,0,191,645,431,dahye,lean_left,1
322,1786867450.215799,0,0,0,227,293,591,540,567,477,216,0,0,29,283,294,313,280,185,649,629,723,683,607,603,0,66,191,139,0,200,649,437,dahye,lean_left,1
323,1786867450.235824,0,0,0,229,292,591,541,565,479,213,0,0,28,283,297,313,279,185,649,629,723,681,607,603,0,73,191,139,0,197,652,430,dahye,lean_left,1
324,1786867450.255791,0,0,0,228,293,603,540,565,475,217,0,0,29,281,297,304,281,187,637,618,723,683,607,595,0,62,191,137,0,199,645,435,dahye,lean_left,1
325,1786867450.275809,0,0,0,227,293,593,539,566,476,217,0,0,29,282,293,317,281,185,647,629,723,681,606,602,0,69,190,138,0,198,647,427,dahye,lean_left,1
326,1786867450.295780,0,0,0,228,293,591,538,566,481,211,0,0,29,286,299,309,279,186,651,629,723,681,607,605,0,71,197,139,0,199,647,428,dahye,lean_left,1
327,1786867450.315771,0,0,0,229,293,590,540,566,477,216,0,0,29,281,296,308,279,186,648,630,723,681,606,601,0,71,191,137,0,199,653,429,dahye,lean_left,1
328,1786867450.335799,0,0,0,226,293,590,539,567,477,217,0,0,28,281,295,307,281,185,649,631,723,681,607,599,0,71,195,137,0,199,633,431,dahye,lean_left,1
329,1786867450.355774,0,0,0,228,291,589,540,565,480,217,0,0,29,281,293,309,279,185,653,624,723,681,607,603,0,77,191,137,0,199,648,433,dahye,lean_left,1
330,1786867450.375729,0,0,0,228,293,588,537,565,476,217,0,0,27,283,295,301,281,187,649,623,721,681,611,604,0,72,197,135,0,199,650,431,dahye,lean_left,1
331,1786867450.395743,0,0,0,228,294,589,539,566,473,215,0,0,28,283,293,311,281,185,648,629,723,682,607,601,0,57,192,137,0,200,649,428,dahye,lean_left,1
332,1786867450.415764,0,0,0,227,292,591,539,565,477,217,0,0,28,283,295,314,279,185,647,627,723,682,611,603,0,71,196,135,0,200,650,431,dahye,lean_left,1
333,1786867450.435746,0,0,0,229,293,593,529,566,479,217,0,0,29,285,293,313,279,185,651,628,717,682,611,593,0,73,196,137,0,190,653,431,dahye,lean_left,1
334,1786867450.455724,0,0,0,227,293,589,539,565,475,219,0,0,29,284,295,313,281,187,639,629,723,681,604,603,0,77,190,138,0,191,653,431,dahye,lean_left,1
335,1786867450.475774,0,0,0,229,288,588,539,564,475,215,0,0,29,282,295,312,280,185,647,629,723,681,607,600,0,69,191,137,0,200,645,431,dahye,lean_left,1
336,1786867450.495760,0,0,0,229,293,590,539,565,476,216,0,0,27,281,296,313,279,185,645,627,723,680,609,603,0,71,197,139,0,199,647,431,dahye,lean_left,1
337,1786867450.515733,0,0,0,227,295,591,539,565,482,216,0,0,29,283,293,311,280,180,649,631,723,682,611,591,0,61,191,139,0,199,651,430,dahye,lean_left,1
338,1786867450.535835,0,0,0,228,293,591,538,566,477,221,0,0,27,284,297,312,280,184,648,629,723,681,607,601,0,67,191,139,0,189,651,429,dahye,lean_left,1
339,1786867450.555785,0,0,0,227,294,591,538,566,475,217,0,0,29,285,296,312,279,185,647,629,723,682,607,605,0,59,191,141,0,189,651,430,dahye,lean_left,1
340,1786867450.575762,0,0,0,227,292,594,539,566,477,216,0,0,27,283,295,313,279,183,647,629,723,682,605,601,0,72,191,140,0,197,649,431,dahye,lean_left,1
341,1786867450.595730,0,0,0,229,294,591,537,565,477,215,0,0,29,284,295,313,280,185,648,628,723,681,607,603,0,71,191,141,0,198,650,431,dahye,lean_left,1
342,1786867450.615780,0,0,0,227,293,591,538,565,472,215,0,0,27,282,295,314,280,185,647,629,722,683,609,599,0,93,197,139,0,200,650,429,dahye,lean_left,1
343,1786867450.635883,0,0,0,229,295,591,538,565,475,215,0,0,28,283,295,312,281,185,647,629,722,681,607,603,0,71,197,139,0,201,647,427,dahye,lean_left,1
344,1786867450.655706,0,0,0,227,293,591,539,565,477,215,0,0,29,285,295,313,279,184,647,629,722,681,606,600,0,69,198,141,0,191,649,431,dahye,lean_left,1
345,1786867450.675759,0,0,0,227,293,590,538,565,476,216,0,0,26,283,295,311,279,185,647,629,723,681,607,600,0,71,197,140,0,191,646,429,dahye,lean_left,1
346,1786867450.695862,0,0,0,227,293,593,538,565,475,215,0,0,29,281,297,315,280,183,649,629,722,681,602,603,0,94,197,145,0,199,647,431,dahye,lean_left,1
347,1786867450.715765,0,0,0,228,295,589,539,565,477,221,0,0,29,283,295,312,279,187,663,629,722,681,603,603,0,71,197,141,0,199,647,431,dahye,lean_left,1
348,1786867450.735746,0,0,0,229,293,587,535,566,477,216,0,0,29,281,295,313,281,183,649,629,722,681,613,603,0,47,191,139,0,197,649,430,dahye,lean_left,1
349,1786867450.755082,0,0,0,227,293,595,539,564,475,217,0,0,29,286,298,313,279,179,631,623,722,681,606,601,0,53,191,141,0,197,649,435,dahye,lean_left,1
350,1786867450.775771,0,0,0,229,293,590,537,565,477,215,0,0,28,283,297,312,279,185,647,629,722,681,605,605,0,69,197,141,0,201,652,429,dahye,lean_left,1
351,1786867450.795775,0,0,0,227,293,590,538,565,476,217,0,0,27,281,293,314,279,185,647,628,719,681,607,614,0,70,191,139,0,213,650,434,dahye,lean_left,1
352,1786867450.815782,0,0,0,228,293,591,539,566,477,217,0,0,29,283,297,313,279,186,649,629,723,681,606,611,0,71,197,140,0,199,647,431,dahye,lean_left,1
353,1786867450.835759,0,0,0,228,292,591,537,565,477,217,0,0,28,286,297,312,279,184,647,628,723,680,606,601,0,73,197,139,0,201,634,429,dahye,lean_left,1
354,1786867450.855763,0,0,0,227,294,589,538,565,477,215,0,0,28,283,295,312,279,186,648,628,720,681,605,601,0,71,191,139,0,181,649,431,dahye,lean_left,1
355,1786867450.875751,0,0,0,227,293,589,538,566,477,217,0,0,27,282,295,312,279,184,647,627,721,681,607,603,0,71,197,138,0,205,645,431,dahye,lean_left,1
356,1786867450.895501,0,0,0,227,293,589,539,567,477,216,0,0,29,281,296,314,280,184,647,629,723,680,607,599,0,71,198,139,0,207,650,431,dahye,lean_left,1
357,1786867450.915812,0,0,0,227,294,589,537,565,477,215,0,0,30,287,295,312,280,185,647,627,723,681,607,595,0,70,191,139,0,199,650,435,dahye,lean_left,1
358,1786867450.935752,0,0,0,228,293,589,538,565,479,217,0,0,29,284,295,313,280,185,648,628,721,681,607,599,0,69,197,139,0,203,649,431,dahye,lean_left,1
359,1786867450.955779,0,0,0,229,293,591,536,567,477,217,0,0,29,284,295,310,280,184,647,627,723,681,607,603,0,70,197,141,0,197,635,429,dahye,lean_left,1
360,1786867450.975738,0,0,0,228,293,589,537,565,477,216,0,0,28,293,297,313,281,185,649,627,723,681,606,599,0,71,197,139,0,199,647,434,dahye,lean_left,1
361,1786867450.995717,0,0,0,228,293,585,543,565,477,217,0,0,28,287,295,315,279,187,647,629,723,681,606,603,0,69,191,139,0,200,647,431,dahye,lean_left,1
362,1786867451.015770,0,0,0,229,293,589,539,565,475,216,0,0,29,283,303,313,293,183,652,627,723,681,607,602,0,71,191,139,0,171,648,435,dahye,lean_left,1
363,1786867451.035736,0,0,0,229,293,591,539,565,481,215,0,0,28,283,281,312,280,191,648,627,722,681,610,601,0,69,197,139,0,199,648,429,dahye,lean_left,1
364,1786867451.055722,0,0,0,229,293,590,539,565,477,217,0,0,27,287,295,313,279,184,648,629,723,681,606,603,0,71,197,139,0,197,644,431,dahye,lean_left,1
365,1786867451.075765,0,0,0,227,293,591,538,565,477,217,0,0,29,281,296,315,280,185,647,627,719,680,606,603,0,71,197,138,0,199,649,429,dahye,lean_left,1
366,1786867451.095732,0,0,0,227,288,590,537,566,477,216,0,0,28,285,295,313,279,185,647,627,723,682,607,603,0,71,191,139,0,199,663,435,dahye,lean_left,1
367,1786867451.115730,0,0,0,229,294,589,537,565,477,217,0,0,29,285,295,315,281,185,648,628,723,683,607,605,0,71,191,139,0,201,650,429,dahye,lean_left,1
368,1786867451.135759,0,0,0,227,291,589,538,564,477,216,0,0,27,285,296,314,281,185,648,623,718,679,606,603,0,71,192,137,0,189,647,426,dahye,lean_left,1
369,1786867451.155789,0,0,0,228,294,591,539,565,477,216,0,0,28,281,294,314,280,185,648,627,720,681,607,603,0,69,191,139,0,197,647,432,dahye,lean_left,1
370,1786867451.175737,0,0,0,229,294,589,539,566,477,216,0,0,27,285,296,315,281,185,647,627,723,680,607,607,0,70,192,137,0,223,648,431,dahye,lean_left,1
371,1786867451.195753,0,0,0,228,294,594,537,565,477,215,0,0,27,283,295,314,281,185,647,627,721,681,607,603,0,69,197,139,0,197,639,431,dahye,lean_left,1
372,1786867451.215769,0,0,0,228,293,591,539,565,477,216,0,0,30,286,295,314,279,185,647,628,723,681,610,603,0,71,197,138,0,200,647,437,dahye,lean_left,1
373,1786867451.235878,0,0,0,228,295,589,539,563,478,216,0,0,29,279,295,313,279,184,648,627,723,681,606,602,0,69,197,139,0,202,649,437,dahye,lean_left,1
374,1786867451.255785,0,0,0,228,295,591,538,565,477,216,0,0,28,280,295,315,280,185,647,627,723,680,607,595,0,70,197,138,0,189,649,429,dahye,lean_left,1
375,1786867451.275102,0,0,0,228,293,593,538,566,478,217,0,0,28,281,295,315,279,185,648,627,719,681,609,603,0,70,199,139,0,199,649,434,dahye,lean_left,1
376,1786867451.295813,0,0,0,228,292,591,539,565,477,215,0,0,28,283,295,314,279,184,646,628,721,681,607,603,0,71,197,138,0,203,662,432,dahye,lean_left,1
377,1786867451.315779,0,0,0,229,293,589,539,567,477,217,0,0,28,285,295,317,279,185,647,628,722,681,607,613,0,71,191,139,0,199,654,431,dahye,lean_left,1
378,1786867451.335827,0,0,0,229,293,591,539,565,477,217,0,0,29,288,297,313,280,185,647,629,723,681,610,603,0,71,191,138,0,201,649,429,dahye,lean_left,1
379,1786867451.355783,0,0,0,229,295,590,539,566,477,217,0,0,28,285,295,313,280,185,647,628,721,681,605,603,0,70,191,139,0,203,653,429,dahye,lean_left,1
380,1786867451.375751,0,0,0,227,292,588,538,565,477,215,0,0,30,280,294,313,279,185,647,628,722,679,607,613,0,69,197,138,0,205,651,447,dahye,lean_left,1
381,1786867451.395780,0,0,0,227,293,591,539,566,478,217,0,0,28,284,296,315,279,185,648,629,719,681,607,603,0,70,197,139,0,203,644,436,dahye,lean_left,1
382,1786867451.415841,0,0,0,230,293,591,539,565,477,217,0,0,28,285,295,314,279,185,650,628,722,683,607,603,0,71,191,139,0,200,648,435,dahye,lean_left,1
383,1786867451.435810,0,0,0,229,293,593,540,566,477,215,0,0,30,285,295,315,280,185,649,627,723,681,607,603,0,71,191,138,0,201,650,427,dahye,lean_left,1
384,1786867451.455749,0,0,0,229,291,591,539,565,477,217,0,0,29,283,295,315,279,185,647,628,723,682,607,603,0,69,191,135,0,204,649,432,dahye,lean_left,1
385,1786867451.475871,0,0,0,227,291,591,539,567,477,216,0,0,27,283,296,313,278,184,647,629,721,682,611,603,0,71,191,139,0,187,650,431,dahye,lean_left,1
386,1786867451.495746,0,0,0,228,294,590,538,567,478,217,0,0,29,282,295,313,279,184,647,629,722,681,606,601,0,71,191,139,0,201,634,421,dahye,lean_left,1
387,1786867451.515762,0,0,0,229,293,590,537,565,477,215,0,0,26,282,295,313,277,183,647,627,722,681,605,603,0,69,191,137,0,191,649,429,dahye,lean_left,1
388,1786867451.535860,0,0,0,229,293,591,539,566,477,216,0,0,26,287,294,313,279,185,648,628,721,681,605,604,0,71,191,139,0,202,649,435,dahye,lean_left,1
389,1786867451.555753,0,0,0,228,291,593,539,567,477,216,0,0,28,282,295,315,279,185,648,627,723,681,607,603,0,70,197,141,0,199,649,429,dahye,lean_left,1
390,1786867451.575833,0,0,0,229,293,593,539,565,469,215,0,0,21,283,295,313,277,183,647,629,726,681,610,607,0,73,189,125,0,200,645,435,dahye,lean_left,1
391,1786867451.595775,0,0,0,228,294,589,540,565,477,218,0,0,29,285,295,315,277,184,649,629,723,682,605,603,0,69,191,139,0,200,649,431,dahye,lean_left,1
392,1786867451.615796,0,0,0,227,293,591,539,567,478,216,0,0,28,285,295,315,279,182,648,627,722,681,605,603,0,71,191,139,0,205,649,433,dahye,lean_left,1
393,1786867451.635730,0,0,0,227,294,593,539,567,477,215,0,0,28,283,296,313,279,185,647,629,723,681,606,604,0,69,191,139,0,202,651,427,dahye,lean_left,1
394,1786867451.655747,0,0,0,227,293,591,540,567,479,215,0,0,29,283,295,315,279,185,647,627,722,681,607,603,0,69,191,139,0,192,649,431,dahye,lean_left,1
395,1786867451.675785,0,0,0,228,293,593,539,567,477,215,0,0,28,283,295,312,277,185,649,631,716,681,607,603,0,69,191,139,0,217,650,427,dahye,lean_left,1
396,1786867451.695926,0,0,0,227,293,591,539,565,476,216,0,0,29,285,296,314,279,184,648,628,719,681,607,603,0,71,191,139,0,187,649,429,dahye,lean_left,1
397,1786867451.715617,0,0,0,230,293,590,539,565,477,215,0,0,27,283,295,315,280,185,648,628,723,681,607,604,0,71,191,140,0,200,649,431,dahye,lean_left,1
398,1786867451.735811,0,0,0,227,292,591,539,565,477,216,0,0,28,284,295,313,276,185,647,629,719,681,607,604,0,71,191,137,0,197,648,437,dahye,lean_left,1
399,1786867451.755811,0,0,0,229,293,589,539,565,479,217,0,0,29,283,295,315,279,185,647,627,719,681,607,603,0,70,197,138,0,216,647,431,dahye,lean_left,1
400,1786867451.775738,0,0,0,228,293,591,539,564,475,215,0,0,27,285,295,313,279,185,647,631,723,681,609,603,0,72,191,137,0,197,649,440,dahye,lean_left,1
401,1786867451.795408,0,0,0,227,294,586,539,563,477,215,0,0,28,285,293,315,281,185,647,627,722,681,605,601,0,71,191,137,0,200,644,434,dahye,lean_left,1
402,1786867451.815729,0,0,0,227,292,590,539,564,478,217,0,0,27,284,296,313,277,187,647,628,723,680,611,603,0,71,192,139,0,187,649,431,dahye,lean_left,1
403,1786867451.835829,0,0,0,229,295,591,539,565,477,216,0,0,27,284,295,315,279,185,649,629,723,681,613,603,0,69,190,139,0,201,649,435,dahye,lean_left,1
404,1786867451.855788,0,0,0,229,292,591,539,566,477,215,0,0,30,284,295,313,279,187,647,627,723,682,605,603,0,71,191,138,0,191,649,432,dahye,lean_left,1
405,1786867451.875860,0,0,0,227,293,589,539,565,478,216,0,0,27,285,295,313,279,187,647,628,719,681,607,603,0,71,189,139,0,199,649,435,dahye,lean_left,1
406,1786867451.895819,0,0,0,229,294,593,539,565,477,216,0,0,29,284,294,315,280,185,650,631,723,681,605,603,0,71,191,141,0,199,649,435,dahye,lean_left,1
407,1786867451.915831,0,0,0,229,295,591,539,567,477,216,0,0,29,285,295,317,280,185,645,629,725,682,605,603,0,71,191,139,0,199,651,436,dahye,lean_left,1
408,1786867451.935868,0,0,0,228,291,589,537,566,476,215,0,0,31,283,296,316,280,184,647,623,723,683,611,603,0,71,199,137,0,197,649,437,dahye,lean_left,1
409,1786867451.955887,0,0,0,227,293,591,539,565,477,215,0,0,31,285,295,315,276,187,647,629,719,683,607,603,0,69,191,139,0,187,649,431,dahye,lean_left,1
410,1786867451.975811,0,0,0,228,295,594,539,564,477,214,0,0,26,283,296,315,278,186,645,627,722,681,609,603,0,69,191,139,0,199,649,429,dahye,lean_left,1
411,1786867451.995806,0,0,0,231,291,593,538,565,477,213,0,0,31,283,295,315,277,186,646,631,721,681,610,603,0,69,190,139,0,199,651,430,dahye,lean_left,1
412,1786867452.015742,0,0,0,227,292,591,539,565,477,217,0,0,31,285,295,314,280,187,639,626,723,682,611,604,0,71,197,139,0,199,649,431,dahye,lean_left,1
413,1786867452.035741,0,0,0,223,293,590,539,565,478,215,0,0,27,284,295,315,280,183,647,629,723,682,608,603,0,69,197,139,0,199,648,433,dahye,lean_left,1
414,1786867452.055819,0,0,0,229,293,591,539,566,477,216,0,0,28,284,295,314,279,185,647,629,723,681,606,605,0,69,197,138,0,199,650,431,dahye,lean_left,1
415,1786867452.075769,0,0,0,228,293,591,538,565,475,213,0,0,28,283,297,313,279,185,649,623,719,681,611,603,0,69,191,137,0,191,650,441,dahye,lean_left,1
416,1786867452.095786,0,0,0,229,293,591,539,567,477,216,0,0,29,283,295,313,280,185,647,629,722,681,611,604,0,71,196,140,0,201,649,432,dahye,lean_left,1
417,1786867452.115811,0,0,0,227,293,593,540,565,477,215,0,0,29,284,296,313,279,185,647,627,723,683,605,604,0,72,197,139,0,197,651,425,dahye,lean_left,1
418,1786867452.135781,0,0,0,229,292,591,539,565,479,217,0,0,28,284,296,312,279,185,648,629,725,682,607,603,0,73,191,137,0,200,649,427,dahye,lean_left,1
419,1786867452.155879,0,0,0,229,287,589,538,567,477,216,0,0,27,285,297,315,279,185,647,629,723,681,607,603,0,71,191,139,0,199,651,431,dahye,lean_left,1
420,1786867452.175809,0,0,0,227,291,591,540,567,478,217,0,0,35,283,298,312,282,185,647,627,719,682,605,605,0,69,195,137,0,199,649,434,dahye,lean_left,1
421,1786867452.195829,0,0,0,231,292,590,537,568,477,216,0,0,27,284,295,312,279,185,647,627,719,681,607,603,0,63,191,141,0,200,648,431,dahye,lean_left,1
422,1786867452.215788,0,0,0,229,286,590,539,567,479,215,0,0,31,285,295,314,280,187,650,629,724,681,607,605,0,69,191,141,0,200,650,430,dahye,lean_left,1
423,1786867452.235795,0,0,0,227,292,590,539,568,475,215,0,0,27,284,295,315,279,187,649,627,721,680,611,603,0,69,191,137,0,200,649,431,dahye,lean_left,1
424,1786867452.255002,0,0,0,230,294,591,538,566,477,215,0,0,28,283,297,313,279,183,645,628,722,681,606,603,0,69,187,137,0,200,649,431,dahye,lean_left,1
425,1786867452.275766,0,0,0,227,293,590,538,567,479,215,0,0,27,284,297,315,279,187,649,630,723,681,607,603,0,71,191,136,0,199,649,431,dahye,lean_left,1
426,1786867452.295803,0,0,0,227,295,590,539,567,477,214,0,0,27,283,295,315,281,185,649,627,721,681,605,603,0,67,191,141,0,199,649,431,dahye,lean_left,1
427,1786867452.315132,0,0,0,229,296,591,541,566,479,216,0,0,29,285,296,313,279,187,647,629,723,683,611,603,0,74,187,139,0,199,649,431,dahye,lean_left,1
428,1786867452.335792,0,0,0,223,295,589,540,565,477,215,0,0,20,284,296,316,280,179,648,629,723,682,604,603,0,72,191,139,0,199,649,432,dahye,lean_left,1
429,1786867452.355803,0,0,0,227,291,591,539,567,476,217,0,0,31,285,295,314,281,185,647,629,719,681,605,603,0,72,197,135,0,199,649,431,dahye,lean_left,1
430,1786867452.375791,0,0,0,235,294,594,537,565,477,215,0,0,29,281,293,312,281,184,649,627,721,679,603,601,0,71,191,137,0,198,647,430,dahye,lean_left,1
431,1786867452.395763,0,0,0,230,292,591,539,567,477,216,0,0,30,283,295,312,279,184,645,629,719,682,608,603,0,72,191,146,0,200,650,429,dahye,lean_left,1
432,1786867452.415755,0,0,0,224,293,591,537,565,477,217,0,0,26,283,297,314,280,183,647,627,722,681,604,605,0,69,191,137,0,201,648,434,dahye,lean_left,1
433,1786867452.435786,0,0,0,227,291,591,539,563,477,216,0,0,30,283,295,317,279,185,647,629,719,683,607,605,0,73,191,138,0,199,649,431,dahye,lean_left,1
434,1786867452.455809,0,0,0,227,291,591,541,567,477,215,0,0,35,285,295,313,277,185,648,629,721,681,597,603,0,73,197,138,0,199,649,434,dahye,lean_left,1
435,1786867452.475754,0,0,0,228,293,589,540,569,477,215,0,0,29,284,297,315,278,185,649,623,727,681,605,601,0,72,190,133,0,199,649,431,dahye,lean_left,1
436,1786867452.495772,0,0,0,227,296,595,537,567,477,213,0,0,26,284,296,316,279,185,649,627,721,681,615,603,0,71,191,142,0,200,649,435,dahye,lean_left,1
437,1786867452.515784,0,0,0,229,294,591,538,552,479,219,0,0,30,285,296,314,279,187,651,631,723,681,610,602,0,71,197,137,0,199,649,431,dahye,lean_left,1
438,1786867452.535780,0,0,0,229,293,597,538,566,477,215,0,0,29,285,296,315,281,189,647,630,730,682,607,601,0,69,191,139,0,200,649,431,dahye,lean_left,1
439,1786867452.555779,0,0,0,226,294,589,538,571,477,215,0,0,29,284,295,315,281,183,647,629,723,681,611,603,0,70,191,137,0,199,650,433,dahye,lean_left,1
440,1786867452.575781,0,0,0,229,293,594,537,569,475,217,0,0,27,285,295,313,281,183,646,629,723,682,607,603,0,71,198,139,0,200,649,434,dahye,lean_left,1
441,1786867452.595774,0,0,0,228,292,591,539,567,479,217,0,0,29,285,297,314,282,186,647,620,715,681,611,601,0,71,190,138,0,199,630,432,dahye,lean_left,1
442,1786867452.615770,0,0,0,227,295,592,539,566,478,217,0,0,30,284,297,315,281,187,647,630,724,681,611,605,0,71,191,141,0,200,650,431,dahye,lean_left,1
443,1786867452.635794,0,0,0,227,291,591,539,565,475,217,0,0,42,285,293,315,282,185,639,628,721,681,606,603,0,69,191,139,0,191,665,436,dahye,lean_left,1
444,1786867452.655826,0,0,0,223,293,589,539,565,477,217,0,0,20,285,293,314,279,185,646,630,721,682,607,603,0,70,196,141,0,199,649,431,dahye,lean_left,1
445,1786867452.675755,0,0,0,227,294,590,537,567,477,217,0,0,25,284,295,311,277,185,646,629,723,681,609,603,0,69,191,137,0,199,650,431,dahye,lean_left,1
446,1786867452.695862,0,0,0,229,293,589,537,565,475,219,0,0,26,284,295,311,275,184,647,629,739,681,608,601,0,67,191,139,0,199,650,431,dahye,lean_left,1
447,1786867452.715885,0,0,0,225,291,589,539,564,476,219,0,0,28,285,294,312,276,186,646,628,731,681,611,601,0,63,191,139,0,199,650,434,dahye,lean_left,1
448,1786867452.735890,0,0,0,223,287,589,537,563,475,217,0,0,29,284,295,330,277,186,636,631,724,683,610,605,0,72,191,141,0,199,650,431,dahye,lean_left,1
449,1786867452.755873,0,0,0,231,287,590,539,568,475,217,0,0,26,283,295,320,277,187,648,622,718,682,604,606,0,63,190,137,0,197,649,431,dahye,lean_left,1
450,1786867452.775820,0,0,0,224,295,587,536,567,475,219,0,0,27,283,295,295,280,183,665,626,723,681,607,604,0,71,191,137,0,198,651,431,dahye,lean_left,1
451,1786867452.795797,0,0,0,223,293,587,536,560,475,215,0,0,28,284,295,313,278,180,637,629,718,681,611,605,0,68,191,137,0,197,651,434,dahye,lean_left,1
452,1786867452.815082,0,0,0,223,285,587,535,571,477,218,0,0,27,283,295,301,281,182,647,631,724,682,610,607,0,69,191,139,0,199,649,435,dahye,lean_left,1
453,1786867452.835846,0,0,0,218,294,588,539,563,472,219,0,0,25,283,297,313,280,184,636,627,721,683,607,603,0,63,189,143,0,198,634,431,dahye,lean_left,1
454,1786867452.855846,0,0,0,226,283,590,535,565,475,217,0,0,33,283,295,315,281,185,636,635,724,681,613,605,0,67,183,139,0,199,651,435,dahye,lean_left,1
455,1786867452.875772,0,0,0,229,297,590,535,563,477,218,0,0,27,285,296,311,277,181,645,629,725,681,607,603,0,71,191,135,0,199,651,434,dahye,lean_left,1
456,1786867452.895768,0,0,0,219,297,587,537,566,477,221,0,0,25,285,297,311,279,183,647,629,724,683,619,604,0,69,191,135,0,199,651,431,dahye,lean_left,1
457,1786867452.915849,0,0,0,229,293,587,539,562,476,219,0,0,26,283,296,319,280,183,649,618,723,683,607,604,0,71,197,140,0,199,652,437,dahye,lean_left,1
458,1786867452.935747,0,0,0,228,293,586,537,565,477,221,0,0,26,283,294,325,281,185,644,627,719,681,605,605,0,72,191,141,0,199,653,435,dahye,lean_left,1
459,1786867452.955774,0,0,0,223,293,587,537,565,477,219,0,0,29,285,294,313,283,187,646,624,723,681,613,603,0,93,191,143,0,199,654,433,dahye,lean_left,1
460,1786867452.975789,0,0,0,221,291,587,537,565,475,232,0,0,26,285,293,315,281,187,649,629,717,682,623,603,0,69,197,139,0,200,651,435,dahye,lean_left,1
461,1786867452.995736,0,0,0,225,292,589,536,565,469,219,0,0,31,281,296,314,281,183,640,627,717,682,599,601,0,63,191,137,0,201,649,435,dahye,lean_left,1
462,1786867453.015753,0,0,0,225,287,588,539,570,476,218,0,0,29,284,295,313,281,186,647,631,721,681,607,605,0,72,196,143,0,199,653,435,dahye,lean_left,1
463,1786867453.035913,0,0,0,222,287,588,535,565,474,227,0,0,27,287,295,315,278,185,647,631,719,681,609,610,0,78,191,137,0,202,649,435,dahye,lean_left,1
464,1786867453.055808,0,0,0,219,291,588,536,564,475,225,0,0,24,285,294,313,283,181,647,629,723,681,613,607,0,63,189,139,0,198,651,435,dahye,lean_left,1
465,1786867453.075750,0,0,0,225,296,587,535,565,475,229,0,0,24,283,296,313,278,183,647,615,717,681,606,607,0,69,191,145,0,200,652,434,dahye,lean_left,1
466,1786867453.095747,0,0,0,221,293,589,535,564,477,221,0,0,27,285,296,315,281,187,647,631,723,683,605,603,0,75,191,142,0,199,653,431,dahye,lean_left,1
467,1786867453.115840,0,0,0,223,293,587,537,564,475,227,0,0,38,284,296,316,281,181,648,629,715,682,597,607,0,53,198,140,0,201,653,431,dahye,lean_left,1
468,1786867453.135800,0,0,0,219,296,588,534,564,474,220,0,0,29,285,291,314,281,187,645,629,723,681,615,606,0,71,192,141,0,203,651,435,dahye,lean_left,1
469,1786867453.155793,0,0,0,227,297,589,535,560,473,220,0,0,27,284,295,313,279,185,647,628,719,681,605,605,0,57,191,139,0,199,651,435,dahye,lean_left,1
470,1786867453.175900,0,0,0,225,293,587,535,567,471,217,0,0,27,284,301,313,281,187,649,627,719,683,613,607,0,68,190,139,0,199,651,435,dahye,lean_left,1
471,1786867453.195773,0,0,0,221,301,585,535,559,477,213,0,0,29,285,297,314,281,187,637,627,723,680,613,603,0,61,197,141,0,200,653,435,dahye,lean_left,1
472,1786867453.215789,0,0,0,231,297,588,535,563,473,219,0,0,30,285,297,313,278,185,646,629,718,681,612,602,0,69,197,142,0,201,653,432,dahye,lean_left,1
473,1786867453.235921,0,0,0,223,293,587,533,567,475,217,0,0,29,283,295,316,279,185,649,629,723,681,599,604,0,71,197,139,0,199,651,435,dahye,lean_left,1
474,1786867453.255795,0,0,0,223,296,589,535,563,475,227,0,0,28,284,299,315,281,185,647,627,721,681,611,605,0,42,197,141,0,200,651,435,dahye,lean_left,1
475,1786867453.275857,0,0,0,227,293,585,535,563,473,219,0,0,26,285,297,317,280,184,647,629,713,682,605,604,0,69,197,135,0,201,651,435,dahye,lean_left,1
476,1786867453.295848,0,0,0,223,293,591,536,564,476,219,0,0,29,285,295,314,279,183,647,631,712,681,611,601,0,69,189,139,0,202,655,430,dahye,lean_left,1
477,1786867453.315766,0,0,0,223,295,589,536,565,478,219,0,0,29,282,295,315,281,184,647,627,712,681,599,605,0,71,191,141,0,203,655,435,dahye,lean_left,1
478,1786867453.335080,0,0,0,223,295,589,537,565,473,219,0,0,22,284,301,315,269,169,647,631,703,681,615,603,0,71,197,138,0,203,655,434,dahye,lean_left,1
479,1786867453.355835,0,0,0,221,294,588,535,563,483,219,0,0,29,284,294,314,281,185,645,623,721,681,611,604,0,69,197,149,0,200,653,435,dahye,lean_left,1
480,1786867453.375804,0,0,0,221,291,587,535,564,474,216,0,0,29,285,299,313,277,187,639,629,716,681,621,605,0,74,191,140,0,201,655,431,dahye,lean_left,1
481,1786867453.395762,0,0,0,223,293,589,536,563,472,216,0,0,29,284,287,313,279,185,647,623,729,681,607,603,0,69,197,139,0,201,653,435,dahye,lean_left,1
482,1786867453.415783,0,0,0,223,295,589,537,565,477,216,0,0,29,285,284,311,277,173,639,627,723,683,611,602,0,70,197,138,0,203,658,435,dahye,lean_left,1
483,1786867453.435807,0,0,0,225,293,589,533,565,476,217,0,0,31,285,307,316,283,191,645,633,713,681,613,603,0,68,191,141,0,201,651,435,dahye,lean_left,1
484,1786867453.455776,0,0,0,223,293,587,535,567,474,217,0,0,28,284,297,317,281,188,647,627,723,681,627,601,0,63,191,140,0,201,659,439,dahye,lean_left,1
485,1786867453.475802,0,0,0,223,293,583,535,566,475,215,0,0,28,284,292,327,281,184,633,627,721,681,607,598,0,71,197,139,0,200,652,437,dahye,lean_left,1
486,1786867453.495828,0,0,0,222,293,585,535,565,475,217,0,0,28,285,297,315,279,173,647,631,715,681,607,599,0,71,197,139,0,198,650,435,dahye,lean_left,1
487,1786867453.515784,0,0,0,225,292,588,536,564,477,215,0,0,27,285,296,309,281,184,647,627,722,683,606,603,0,72,197,139,0,201,652,436,dahye,lean_left,1
488,1786867453.535757,0,0,0,227,294,587,538,565,475,217,0,0,27,287,291,325,281,184,647,628,718,681,605,601,0,69,196,139,0,203,653,435,dahye,lean_left,1
489,1786867453.555832,0,0,0,227,293,583,533,564,473,215,0,0,28,285,295,303,283,187,631,635,717,680,607,598,0,69,190,141,0,199,653,431,dahye,lean_left,1
490,1786867453.575976,0,0,0,223,293,596,533,563,477,215,0,0,27,285,295,317,275,180,645,629,702,682,607,604,0,71,191,139,0,197,653,431,dahye,lean_left,1
491,1786867453.595810,0,0,0,223,295,587,537,564,467,215,0,0,30,284,293,315,279,184,646,628,719,680,607,605,0,87,191,140,0,199,649,431,dahye,lean_left,1
492,1786867453.615800,0,0,0,227,294,587,533,564,473,217,0,0,28,285,296,315,275,183,645,629,723,682,611,603,0,71,197,139,0,202,653,435,dahye,lean_left,1
493,1786867453.635856,0,0,0,223,293,587,538,564,474,215,0,0,28,286,295,302,281,184,645,629,721,681,610,600,0,68,200,139,0,203,652,437,dahye,lean_left,1
494,1786867453.655767,0,0,0,227,294,591,537,565,476,218,0,0,29,283,297,317,281,183,639,629,723,681,606,605,0,71,191,139,0,200,655,436,dahye,lean_left,1
495,1786867453.675769,0,0,0,227,293,588,537,564,475,221,0,0,29,283,295,315,282,184,646,627,722,681,607,604,0,72,197,139,0,201,652,435,dahye,lean_left,1
496,1786867453.695865,0,0,0,223,295,587,534,563,475,219,0,0,28,283,291,315,280,183,649,631,719,680,607,606,0,69,189,139,0,200,649,441,dahye,lean_left,1
497,1786867453.715860,0,0,0,227,293,588,529,564,475,217,0,0,27,285,295,316,280,199,647,629,719,681,607,605,0,69,201,138,0,200,654,435,dahye,lean_left,1
498,1786867453.735798,0,0,0,227,294,589,535,564,477,215,0,0,28,285,297,313,280,185,647,628,719,681,607,605,0,71,191,139,0,200,639,435,dahye,lean_left,1
499,1786867453.755918,0,0,0,227,295,587,537,564,474,211,0,0,29,283,295,316,283,185,647,628,717,679,607,603,0,68,191,139,0,200,645,455,dahye,lean_left,1
500,1786867453.775817,0,0,0,227,295,589,539,565,477,213,0,0,29,285,297,335,281,185,636,621,719,681,607,605,0,61,199,139,0,199,633,437,dahye,lean_left,1
501,1786867453.795833,0,0,0,229,295,591,539,565,475,223,0,0,30,285,297,314,281,185,647,629,719,682,610,606,0,69,191,139,0,197,652,429,dahye,lean_left,1
502,1786867453.815795,0,0,0,229,296,591,539,566,476,207,0,0,30,282,296,314,282,185,648,627,723,682,604,605,0,63,191,139,0,199,657,437,dahye,lean_left,1
503,1786867453.835845,0,0,0,229,295,591,539,565,475,223,0,0,30,283,297,315,284,185,649,628,723,681,607,599,0,63,191,141,0,203,652,411,dahye,lean_left,1
504,1786867453.855810,0,0,0,227,296,590,538,565,470,215,0,0,30,285,295,315,284,185,647,627,719,681,607,599,0,79,196,141,0,197,653,437,dahye,lean_left,1
505,1786867453.875806,0,0,0,229,295,590,538,564,471,207,0,0,30,286,299,317,283,185,647,629,717,681,605,600,0,84,191,140,0,201,659,431,dahye,lean_left,1
506,1786867453.895861,0,0,0,229,295,590,537,564,470,214,0,0,31,285,293,315,283,185,647,627,715,682,607,605,0,51,189,141,0,203,653,435,dahye,lean_left,1
507,1786867453.915822,0,0,0,229,295,589,535,563,473,215,0,0,29,285,295,315,283,184,647,627,717,681,607,601,0,60,197,140,0,200,649,435,dahye,lean_left,1
508,1786867453.935825,0,0,0,228,296,588,535,563,471,219,0,0,28,283,293,315,281,183,647,628,715,682,607,601,0,61,191,141,0,197,659,435,dahye,lean_left,1
509,1786867453.955941,0,0,0,227,295,589,533,563,472,214,0,0,27,281,295,312,281,185,647,627,715,680,607,594,0,71,197,141,0,202,653,436,dahye,lean_left,1
510,1786867453.975785,0,0,0,227,296,589,533,560,473,215,0,0,27,281,293,307,278,185,647,624,715,681,606,605,0,55,189,141,0,199,635,431,dahye,lean_left,1
511,1786867453.995799,0,0,0,223,296,589,533,563,468,227,0,0,25,279,291,303,277,184,645,627,715,681,606,606,0,47,189,137,0,199,645,431,dahye,lean_left,1
512,1786867454.015839,0,0,0,221,297,588,532,563,477,233,0,0,25,268,284,299,276,183,643,626,715,680,606,611,0,61,185,137,0,189,649,427,dahye,lean_left,1
513,1786867454.035762,0,0,0,220,296,589,531,565,477,235,0,0,25,275,278,297,277,181,637,623,713,679,606,607,0,59,187,135,0,189,633,430,dahye,lean_left,1
514,1786867454.055764,0,0,0,219,295,587,531,563,473,235,0,0,24,251,284,298,275,179,636,621,713,677,607,601,0,69,185,127,0,191,635,435,dahye,lean_left,1
515,1786867454.075787,0,0,0,220,293,585,529,563,475,235,0,0,23,271,291,297,275,179,636,621,711,677,607,605,0,61,199,136,0,186,629,435,dahye,lean_left,1
516,1786867454.095811,0,0,0,221,292,587,532,563,477,237,0,0,23,275,299,299,274,179,635,623,713,679,605,618,0,57,213,135,0,189,636,429,dahye,lean_left,1
517,1786867454.115761,0,0,0,222,295,585,531,562,475,236,0,0,23,279,295,299,275,180,636,623,713,679,606,605,0,57,185,137,0,164,647,438,dahye,lean_left,1
518,1786867454.135740,0,0,0,223,295,587,531,562,479,233,0,0,23,269,282,301,275,179,637,623,713,679,607,603,0,52,186,148,0,186,639,435,dahye,lean_left,1
519,1786867454.155867,0,0,0,223,295,587,531,559,476,235,0,0,22,271,287,299,275,179,637,623,713,679,607,607,0,51,189,141,0,189,648,437,dahye,lean_left,1
520,1786867454.175770,0,0,0,223,295,589,531,563,477,235,0,0,23,275,285,299,275,179,637,623,712,679,606,596,0,51,186,141,0,213,647,434,dahye,lean_left,1
521,1786867454.195794,0,0,0,221,297,588,531,563,475,237,0,0,21,276,275,297,275,178,637,623,713,678,607,605,0,44,185,135,0,189,638,437,dahye,lean_left,1
522,1786867454.215824,0,0,0,219,295,589,530,563,477,243,0,0,0,267,280,296,274,177,633,621,711,677,605,609,0,33,184,137,0,207,629,439,dahye,lean_left,1
523,1786867454.235820,0,0,0,216,293,587,529,561,476,243,0,0,0,266,277,295,273,175,633,620,709,677,603,607,0,0,181,137,0,167,619,429,dahye,lean_left,1
524,1786867454.255811,0,0,0,213,291,583,531,559,475,247,0,0,0,261,277,295,270,173,631,619,708,675,605,607,0,0,173,135,0,184,604,456,dahye,lean_left,1
525,1786867454.275791,0,0,0,211,287,583,529,559,477,249,0,0,0,262,279,295,270,172,632,619,709,677,607,605,0,0,173,135,0,183,618,437,dahye,lean_left,1
526,1786867454.295841,0,0,0,212,287,584,531,563,477,248,0,0,0,267,277,295,275,171,632,619,709,677,607,611,0,0,169,137,0,191,631,438,dahye,lean_left,1
527,1786867454.315779,0,0,0,215,291,585,531,560,477,246,0,0,0,264,278,296,275,172,633,618,710,679,606,611,0,0,174,139,0,181,635,437,dahye,lean_left,1
528,1786867454.335816,0,0,0,219,293,587,531,563,477,245,0,0,0,263,278,298,276,173,633,620,711,677,607,597,0,0,175,139,0,172,635,439,dahye,lean_left,1
529,1786867454.355930,0,0,0,221,295,587,531,559,477,243,0,0,0,262,279,299,277,175,635,620,711,679,606,611,0,0,184,141,0,183,645,443,dahye,lean_left,1
530,1786867454.375830,0,0,0,222,297,589,531,563,477,239,0,0,0,255,280,300,279,173,635,619,711,677,607,611,0,0,178,141,0,185,649,433,dahye,lean_left,1
531,1786867454.395818,0,0,0,223,296,588,531,563,474,237,0,0,0,261,281,302,279,173,635,621,712,679,608,605,0,0,179,141,0,187,657,435,dahye,lean_left,1
532,1786867454.415833,0,0,0,223,295,588,531,561,473,235,0,0,0,265,283,307,279,175,635,620,711,677,606,610,0,0,181,143,0,186,661,435,dahye,lean_left,1
533,1786867454.435838,0,0,0,226,295,586,529,557,469,229,0,0,0,267,284,307,279,175,636,620,711,677,605,611,0,0,183,147,0,183,651,439,dahye,lean_left,1
534,1786867454.455797,0,0,0,227,295,587,530,557,467,218,0,0,0,249,284,311,281,174,637,621,713,677,607,605,0,0,188,147,0,185,659,437,dahye,lean_left,1
535,1786867454.475818,0,0,0,227,295,585,529,553,461,211,0,0,22,263,285,314,283,179,635,621,711,677,605,604,0,0,197,152,0,182,661,437,dahye,lean_left,1
536,1786867454.495779,0,0,0,227,293,585,529,551,459,211,0,0,22,264,285,316,284,176,637,621,711,677,605,603,0,0,209,155,0,187,669,446,dahye,lean_left,1
537,1786867454.515795,0,0,0,229,297,585,525,547,457,211,0,0,23,273,284,318,285,181,637,623,711,677,605,603,0,0,215,155,0,185,667,439,dahye,lean_left,1
538,1786867454.535753,0,0,0,228,296,585,523,548,457,211,0,0,23,270,285,317,285,179,637,621,711,675,605,605,0,0,213,157,0,185,651,439,dahye,lean_left,1
539,1786867454.555822,0,0,0,228,296,585,523,547,457,211,0,0,21,267,283,315,284,179,637,619,711,676,605,605,0,0,212,155,0,183,651,432,dahye,lean_left,1
540,1786867454.575795,0,0,0,223,295,583,521,548,457,210,0,0,21,269,279,315,285,181,639,619,712,676,605,603,0,0,201,155,0,185,649,431,dahye,lean_left,1
541,1786867454.595804,0,0,0,221,295,583,521,547,457,213,0,0,21,268,281,314,282,180,634,621,711,675,606,605,0,0,207,155,0,187,645,437,dahye,lean_left,1
542,1786867454.615841,0,0,0,220,292,579,521,547,457,213,0,0,21,271,281,316,283,178,633,619,709,671,604,605,0,0,205,154,0,185,646,429,dahye,lean_left,1
543,1786867454.635865,0,0,0,219,292,575,521,547,457,218,0,0,0,271,283,316,282,179,635,620,710,675,605,611,0,0,211,154,0,185,657,437,dahye,lean_left,1
544,1786867454.655813,0,0,0,220,293,574,521,547,457,217,0,0,20,271,283,315,283,178,634,619,711,675,606,604,0,0,210,156,0,196,659,435,dahye,lean_left,1
545,1786867454.675818,0,0,0,223,295,579,520,549,458,215,0,0,0,276,285,311,282,175,635,620,711,677,605,605,0,0,211,157,0,189,671,431,dahye,lean_left,1
546,1786867454.695811,0,0,0,226,295,582,523,548,458,212,0,0,20,275,283,317,284,179,638,621,711,677,607,607,0,0,213,163,0,199,669,438,dahye,lean_left,1
547,1786867454.715826,0,0,0,227,295,585,523,550,459,213,0,0,21,277,286,316,283,179,627,619,711,678,610,609,0,0,204,157,0,192,669,425,dahye,lean_left,1
548,1786867454.735850,0,0,0,229,299,583,524,550,461,214,0,0,21,275,285,315,285,179,638,620,711,677,607,610,0,0,200,151,0,184,677,461,dahye,lean_left,1
549,1786867454.755851,0,0,0,229,299,585,525,551,461,219,0,0,20,271,285,315,285,179,637,623,713,677,605,611,0,0,191,149,0,187,665,437,dahye,lean_left,1
550,1786867454.775792,0,0,0,229,299,585,524,549,461,223,0,0,21,269,285,315,287,179,636,621,711,679,607,603,0,0,191,149,0,183,661,455,dahye,lean_left,1
551,1786867454.795831,0,0,0,229,297,583,524,549,460,230,0,0,22,273,285,316,285,179,635,621,711,677,607,611,0,0,189,147,0,185,659,435,dahye,lean_left,1
552,1786867454.815824,0,0,0,229,297,582,524,550,460,229,0,0,24,274,285,316,287,179,637,621,712,678,611,611,0,0,201,147,0,183,661,436,dahye,lean_left,1
553,1786867454.835752,0,0,0,228,299,581,523,550,459,228,0,0,23,276,286,317,287,179,636,621,711,679,607,611,0,0,188,147,0,187,667,437,dahye,lean_left,1
554,1786867454.855815,0,0,0,229,297,580,525,551,460,219,0,0,24,277,287,319,287,179,635,621,712,679,609,610,0,21,190,144,0,184,697,437,dahye,lean_left,1
555,1786867454.875813,0,0,0,231,300,583,524,551,459,213,0,0,24,279,287,319,287,180,637,621,713,679,611,610,0,39,199,147,0,173,677,435,dahye,lean_left,1
556,1786867454.895085,0,0,0,235,300,584,524,550,458,212,0,0,25,275,287,325,293,182,639,622,713,679,605,607,0,45,201,147,0,199,684,435,dahye,lean_left,1
557,1786867454.915950,0,0,0,235,301,584,525,551,457,211,0,0,25,279,291,326,291,187,639,621,713,679,610,611,0,51,199,148,0,197,686,441,dahye,lean_left,1
558,1786867454.935562,0,0,0,237,301,585,525,551,460,213,0,0,27,273,288,329,292,189,644,622,712,679,611,611,0,55,200,149,0,197,676,431,dahye,lean_left,1
559,1786867454.955858,0,0,0,237,301,585,525,551,460,214,0,0,26,276,288,319,291,188,638,621,715,678,611,611,0,53,199,145,0,183,676,435,dahye,lean_left,1
560,1786867454.975854,0,0,0,238,303,585,525,550,461,211,0,0,25,279,287,319,292,189,637,622,710,679,611,610,0,56,199,143,0,173,671,432,dahye,lean_left,1
561,1786867454.995799,0,0,0,236,301,583,526,552,460,215,0,0,25,280,287,325,287,189,637,619,710,679,606,610,0,57,198,143,0,184,669,430,dahye,lean_left,1
562,1786867455.015847,0,0,0,233,297,583,524,552,461,215,0,0,26,280,294,319,291,180,637,621,713,675,606,607,0,55,199,147,0,191,669,437,dahye,lean_left,1
563,1786867455.035769,0,0,0,234,298,581,529,551,459,214,0,0,26,279,291,325,291,183,635,617,711,678,607,606,0,55,200,146,0,191,671,421,dahye,lean_left,1
564,1786867455.055801,0,0,0,235,299,583,527,548,461,213,0,0,25,279,291,325,287,181,636,618,712,677,610,605,0,55,200,149,0,189,671,434,dahye,lean_left,1
565,1786867455.075773,0,0,0,237,299,585,525,549,459,212,0,0,25,285,291,327,292,183,637,621,714,679,610,605,0,56,206,149,0,182,676,437,dahye,lean_left,1
566,1786867455.095850,0,0,0,239,300,585,527,549,458,211,0,0,24,279,291,331,293,181,637,620,710,677,607,607,0,55,209,151,0,181,675,435,dahye,lean_left,1
567,1786867455.115815,0,0,0,239,303,583,527,549,459,210,0,0,25,279,291,332,287,181,638,622,713,678,603,606,0,53,209,151,0,191,670,437,dahye,lean_left,1
568,1786867455.135775,0,0,0,237,301,584,524,549,458,211,0,0,25,279,290,332,293,184,639,623,712,677,606,607,0,52,210,152,0,184,667,435,dahye,lean_left,1
569,1786867455.155744,0,0,0,235,301,583,523,550,459,211,0,0,24,279,291,333,291,184,644,623,713,678,606,606,0,51,207,151,0,189,665,435,dahye,lean_left,1
570,1786867455.175811,0,0,0,235,300,583,523,549,457,211,0,0,24,279,291,333,293,184,639,621,711,677,607,607,0,51,209,153,0,191,663,437,dahye,lean_left,1
571,1786867455.195858,0,0,0,235,301,580,523,549,459,212,0,0,26,279,288,335,292,183,637,621,713,677,606,605,0,53,211,153,0,189,663,437,dahye,lean_left,1
572,1786867455.215810,0,0,0,236,302,581,523,550,457,211,0,0,27,280,287,338,292,180,639,622,711,677,611,605,0,51,214,153,0,187,663,438,dahye,lean_left,1
573,1786867455.235213,0,0,0,235,302,581,521,548,458,212,0,0,25,278,292,343,288,183,637,619,703,677,605,605,0,51,216,155,0,203,665,439,dahye,lean_left,1
574,1786867455.255917,0,0,0,235,301,582,523,549,455,211,0,0,25,277,291,341,292,181,638,621,711,677,605,606,0,52,221,157,0,189,669,429,dahye,lean_left,1
575,1786867455.275906,0,0,0,236,303,582,521,549,455,211,0,0,26,277,291,343,295,179,636,621,711,675,606,605,0,50,223,157,0,190,669,435,dahye,lean_left,1
576,1786867455.295880,0,0,0,237,303,583,523,549,457,210,0,0,25,279,291,343,295,184,645,623,712,677,607,605,0,51,223,157,0,187,671,439,dahye,lean_left,1
577,1786867455.315858,0,0,0,240,303,583,523,547,457,211,0,0,26,279,291,343,295,186,643,621,712,679,605,605,0,51,221,157,0,191,675,438,dahye,lean_left,1
578,1786867455.335803,0,0,0,240,301,583,523,550,457,211,0,0,25,279,293,341,295,187,639,625,711,676,611,605,0,53,221,157,0,191,671,439,dahye,lean_left,1
579,1786867455.355953,0,0,0,242,303,583,521,549,456,211,0,0,28,279,291,344,294,185,638,619,712,676,610,605,0,53,223,158,0,185,670,435,dahye,lean_left,1
580,1786867455.375864,0,0,0,243,302,581,521,547,456,211,0,0,23,279,288,343,293,185,645,618,711,677,611,605,0,53,222,156,0,192,667,434,dahye,lean_left,1
581,1786867455.395867,0,0,0,237,303,581,521,549,456,211,0,0,23,279,292,345,292,181,637,620,712,676,605,605,0,56,231,156,0,201,668,432,dahye,lean_left,1
582,1786867455.415889,0,0,0,239,308,581,522,550,455,211,0,0,28,278,292,345,294,182,635,623,711,677,607,605,0,55,245,157,0,191,667,436,dahye,lean_left,1
583,1786867455.435815,0,0,0,244,304,583,521,547,457,212,0,0,28,276,292,348,295,181,639,625,712,675,605,604,0,58,252,160,0,197,670,439,dahye,lean_left,1
584,1786867455.455840,0,0,0,247,304,581,523,547,457,207,0,0,23,277,293,349,298,183,638,622,713,677,603,604,0,59,264,159,0,191,671,439,dahye,lean_left,1
585,1786867455.475823,0,0,0,245,303,583,521,549,455,210,0,0,25,277,292,351,299,187,637,622,713,671,610,605,0,57,265,163,0,197,670,431,dahye,lean_left,1
586,1786867455.495837,0,0,0,239,303,583,523,549,455,211,0,0,26,279,293,347,301,190,639,623,709,679,605,605,0,59,260,163,0,199,675,437,dahye,lean_left,1
587,1786867455.515829,0,0,0,246,305,582,522,548,457,211,0,0,27,278,293,349,298,190,645,623,715,678,607,603,0,61,250,159,0,199,669,437,dahye,lean_left,1
588,1786867455.535842,0,0,0,247,312,583,521,547,456,211,0,0,25,279,293,347,297,191,639,622,713,677,606,603,0,63,249,157,0,197,670,435,dahye,lean_left,1
589,1786867455.555866,0,0,0,243,306,581,523,544,457,207,0,0,29,279,293,349,297,191,639,621,715,677,604,603,0,58,246,157,0,197,669,434,dahye,lean_left,1
590,1786867455.575878,0,0,0,247,305,575,523,548,457,210,0,0,25,282,287,349,299,191,639,623,711,677,604,607,0,61,249,157,0,191,670,437,dahye,lean_left,1
591,1786867455.595821,0,0,0,247,307,581,524,549,455,206,0,0,28,280,297,355,300,189,638,623,723,678,604,605,0,64,251,157,0,199,671,432,dahye,lean_left,1
592,1786867455.615866,0,0,0,249,309,583,524,547,457,211,0,0,27,279,293,351,297,189,639,623,711,679,623,602,0,61,265,157,0,199,675,435,dahye,lean_left,1
593,1786867455.635812,0,0,0,263,308,583,523,548,457,207,0,0,27,279,296,354,301,199,637,623,712,679,605,603,0,61,274,159,0,199,675,436,dahye,lean_left,1
594,1786867455.655820,0,0,0,248,309,583,525,549,457,211,0,0,27,280,299,360,305,191,639,622,713,679,603,604,0,59,276,163,0,199,683,435,dahye,lean_left,1
595,1786867455.675873,0,0,0,255,311,584,524,549,457,211,0,0,37,281,300,365,309,198,644,624,715,678,604,606,0,61,283,163,0,200,685,431,dahye,lean_left,1
596,1786867455.695806,0,0,0,264,317,586,527,549,460,207,0,0,29,281,301,363,309,197,639,623,714,679,607,605,0,64,280,160,0,200,687,435,dahye,lean_left,1
597,1786867455.715833,0,0,0,255,307,585,523,553,459,210,0,0,38,281,303,363,308,198,645,625,713,679,611,603,0,63,287,164,0,199,686,436,dahye,lean_left,1
598,1786867455.735848,0,0,0,261,308,585,525,549,457,209,0,0,31,281,303,364,312,200,647,623,711,679,602,603,0,61,284,165,0,201,685,431,dahye,lean_left,1
599,1786867455.755809,0,0,0,255,307,582,530,549,459,211,0,0,37,281,302,365,309,199,639,623,715,679,609,603,0,61,287,165,0,201,679,435,dahye,lean_left,1
600,1786867455.775801,0,0,0,253,311,583,525,543,457,211,0,0,37,282,304,363,309,198,645,623,712,677,603,605,0,61,287,168,0,201,680,432,dahye,lean_left,1
601,1786867455.795847,0,0,0,261,308,581,523,549,455,206,0,0,39,282,303,367,309,199,647,627,712,675,606,603,0,69,287,167,0,201,678,434,dahye,lean_left,1
602,1786867455.815861,0,0,0,261,309,586,525,551,459,211,0,0,37,282,303,367,312,197,647,621,713,679,611,604,0,63,291,168,0,201,681,437,dahye,lean_left,1
603,1786867455.835824,0,0,0,260,309,585,523,559,458,209,0,0,41,281,309,371,313,191,645,623,712,679,611,604,0,63,293,168,0,201,685,436,dahye,lean_left,1
604,1786867455.855910,0,0,0,253,311,585,523,549,457,211,0,0,40,283,307,372,315,199,645,621,713,677,607,604,0,61,294,170,0,201,684,433,dahye,lean_left,1
605,1786867455.875166,0,0,0,262,311,583,523,547,455,210,0,0,43,283,307,367,313,197,645,623,715,677,619,606,0,67,293,169,0,201,686,437,dahye,lean_left,1
606,1786867455.895868,0,0,0,254,312,583,523,549,455,207,0,0,47,284,307,367,309,200,647,623,711,679,605,603,0,70,292,169,0,201,685,434,dahye,lean_left,1
607,1786867455.915883,0,0,0,253,310,583,523,553,455,207,0,0,37,285,307,371,296,198,644,623,713,679,606,604,0,69,296,168,0,202,681,435,dahye,lean_left,1
608,1786867455.935853,0,0,0,254,311,581,521,543,456,207,0,0,37,283,308,371,313,187,643,623,713,677,601,603,0,69,296,167,0,201,683,437,dahye,lean_left,1
609,1786867455.955820,0,0,0,255,315,581,523,547,455,205,0,0,43,282,303,372,306,197,645,626,715,677,601,603,0,61,295,165,0,201,683,431,dahye,lean_left,1
610,1786867455.975807,0,0,0,255,311,582,520,544,453,205,0,0,41,282,307,367,298,198,646,621,725,679,600,601,0,61,300,167,0,201,682,435,dahye,lean_left,1
611,1786867455.995859,0,0,0,263,310,581,520,540,455,205,0,0,40,283,307,371,301,198,647,623,711,675,603,601,0,67,299,168,0,202,681,423,dahye,lean_left,1
612,1786867456.015839,0,0,0,261,311,581,521,533,455,206,0,0,40,283,307,374,309,200,646,627,715,679,616,603,0,67,301,168,0,201,683,425,dahye,lean_left,1
613,1786867456.035800,0,0,0,266,310,581,521,547,455,205,0,0,41,282,307,375,312,201,645,627,714,677,607,604,0,71,298,167,0,201,682,431,dahye,lean_left,1
614,1786867456.055943,0,0,0,267,313,581,523,543,453,206,0,0,39,284,311,375,311,198,646,621,714,677,605,604,0,69,301,165,0,201,677,435,dahye,lean_left,1
615,1786867456.075814,0,0,0,265,310,583,521,544,455,205,0,0,35,283,308,371,307,198,647,623,721,677,615,602,0,73,301,165,0,201,677,431,dahye,lean_left,1
616,1786867456.095790,0,0,0,263,310,581,519,542,447,205,0,0,40,283,310,371,307,199,646,627,711,675,605,603,0,69,300,165,0,200,671,434,dahye,lean_left,1
617,1786867456.115780,0,0,0,265,311,579,519,541,453,205,0,0,39,283,311,371,307,199,644,623,709,676,603,603,0,69,302,165,0,201,677,435,dahye,lean_left,1
618,1786867456.135914,0,0,0,259,314,574,521,543,453,207,0,0,41,284,307,371,309,191,639,621,703,676,603,602,0,69,303,166,0,201,675,435,dahye,lean_left,1
619,1786867456.155367,0,0,0,261,311,579,521,543,453,205,0,0,35,283,309,373,306,199,639,623,709,676,605,601,0,68,307,168,0,201,676,432,dahye,lean_left,1
620,1786867456.175849,0,0,0,261,311,583,521,543,453,207,0,0,43,284,309,371,297,199,645,623,713,677,602,601,0,69,308,170,0,203,683,435,dahye,lean_left,1
621,1786867456.195852,0,0,0,267,311,580,523,548,456,207,0,0,43,285,310,372,308,199,655,627,713,677,603,602,0,69,309,173,0,201,687,430,dahye,lean_left,1
622,1786867456.215836,0,0,0,265,311,583,523,548,456,209,0,0,43,285,313,373,309,197,639,633,717,678,606,603,0,63,308,174,0,203,685,435,dahye,lean_left,1
623,1786867456.235825,0,0,0,265,311,583,523,547,456,211,0,0,46,285,315,375,309,199,647,623,699,679,603,601,0,72,310,175,0,201,691,433,dahye,lean_left,1
624,1786867456.255863,0,0,0,269,311,583,523,543,455,207,0,0,56,285,313,377,313,197,649,627,717,677,605,603,0,69,313,175,0,203,693,429,dahye,lean_left,1
625,1786867456.275830,0,0,0,268,313,583,525,549,455,211,0,0,57,286,315,378,309,201,649,627,718,677,601,604,0,73,311,173,0,203,687,434,dahye,lean_left,1
626,1786867456.295824,0,0,0,267,311,583,523,547,457,211,0,0,60,287,315,377,309,197,645,623,709,679,605,602,0,73,310,171,0,204,682,437,dahye,lean_left,1
627,1786867456.315864,0,0,0,265,311,583,519,544,455,212,0,0,69,286,315,373,309,191,663,620,714,676,605,599,0,69,310,166,0,201,671,437,dahye,lean_left,1
628,1786867456.335836,0,0,0,263,311,579,523,547,454,213,0,0,63,287,315,377,307,201,653,622,717,678,603,601,0,72,300,163,0,202,668,431,dahye,lean_left,1
629,1786867456.355844,0,0,0,263,311,574,523,548,457,205,0,0,63,287,315,373,307,191,644,626,715,677,603,601,0,74,295,160,0,199,668,428,dahye,lean_left,1
630,1786867456.375841,0,0,0,261,308,570,521,547,459,212,0,0,69,287,313,374,309,203,653,617,710,677,603,601,0,71,293,157,0,199,663,431,dahye,lean_left,1
631,1786867456.395587,0,0,0,261,309,570,521,549,455,211,0,0,71,287,311,375,303,201,645,623,711,677,601,600,0,73,287,159,0,199,663,427,dahye,lean_left,1
632,1786867456.415878,0,0,0,265,310,581,523,556,453,211,0,0,72,291,313,373,306,197,638,623,713,677,602,598,0,70,287,157,0,199,663,428,dahye,lean_left,1
633,1786867456.435852,0,0,0,265,311,585,529,543,461,213,0,0,61,287,315,371,307,197,649,627,713,678,601,599,0,71,279,155,0,197,661,430,dahye,lean_left,1
634,1786867456.455896,0,0,0,268,309,584,524,551,459,217,0,0,75,291,317,377,303,201,647,629,712,679,606,600,0,73,269,155,0,199,661,435,dahye,lean_left,1
635,1786867456.475792,0,0,0,269,311,583,523,541,467,211,0,0,71,293,319,375,311,201,649,627,712,678,604,599,0,67,261,153,0,202,663,429,dahye,lean_left,1
636,1786867456.495805,0,0,0,269,313,583,527,550,459,205,0,0,84,293,317,373,307,202,663,615,714,677,603,599,0,68,251,152,0,199,664,427,dahye,lean_left,1
637,1786867456.515861,0,0,0,270,311,583,523,551,459,212,0,0,73,291,318,373,308,199,647,623,715,676,613,599,0,71,245,151,0,199,667,431,dahye,lean_left,1
638,1786867456.535778,0,0,0,269,311,581,523,553,458,211,0,0,101,287,317,375,308,201,649,629,715,677,607,597,0,69,235,151,0,200,666,432,dahye,lean_left,1
639,1786867456.555800,0,0,0,270,311,581,527,549,457,211,0,0,83,294,317,373,306,211,647,629,727,677,599,600,0,69,227,150,0,201,659,431,dahye,lean_left,1
640,1786867456.575855,0,0,0,269,311,584,524,549,459,211,0,0,85,295,313,371,303,200,648,627,714,679,603,598,0,73,227,150,0,203,646,437,dahye,lean_left,1
641,1786867456.594856,0,0,0,271,311,583,525,550,457,203,0,0,85,295,314,373,307,201,637,619,714,678,603,599,0,71,189,149,0,197,657,429,dahye,lean_left,1
642,1786867456.615851,0,0,0,269,311,573,525,549,459,211,0,0,86,295,312,372,303,203,645,632,715,677,603,599,0,77,217,149,0,201,663,429,dahye,lean_left,1
643,1786867456.635834,0,0,0,269,312,585,525,549,461,211,0,0,86,292,314,371,311,191,652,623,715,679,607,598,0,62,211,147,0,203,668,430,dahye,lean_left,1
644,1786867456.655958,0,0,0,269,311,582,525,549,459,210,0,0,85,293,313,371,297,185,647,626,710,679,603,601,0,69,211,149,0,201,672,435,dahye,lean_left,1
645,1786867456.675829,0,0,0,269,310,585,525,549,457,213,0,0,83,292,309,367,302,201,639,627,713,679,605,603,0,72,209,147,0,203,680,437,dahye,lean_left,1
646,1786867456.695843,0,0,0,269,310,581,531,549,457,209,0,0,87,292,311,371,308,189,647,623,721,680,605,599,0,73,211,147,0,204,685,435,dahye,lean_left,1
647,1786867456.715869,0,0,0,269,308,583,525,549,459,207,0,0,89,287,301,371,313,200,647,627,725,679,605,609,0,70,211,143,0,203,691,439,dahye,lean_left,1
648,1786867456.735271,0,0,0,269,309,585,529,551,459,211,0,0,89,293,311,375,303,203,653,629,723,681,607,603,0,67,211,141,0,201,696,437,dahye,lean_left,1
649,1786867456.755839,0,0,0,270,310,587,525,551,459,212,0,0,94,295,318,375,301,201,651,629,724,681,607,604,0,75,206,141,0,203,695,436,dahye,lean_left,1
650,1786867456.775836,0,0,23,271,311,585,532,551,459,211,0,0,101,296,317,373,327,205,663,628,722,682,609,595,0,71,206,141,0,204,702,435,dahye,lean_left,1
651,1786867456.795887,0,0,27,275,311,585,540,551,461,211,0,0,105,295,325,366,304,202,657,635,723,683,611,603,0,73,203,145,0,204,713,438,dahye,lean_left,1
652,1786867456.815862,0,0,37,277,311,585,535,552,460,213,0,0,108,293,317,375,314,211,649,631,723,683,610,605,0,72,205,145,0,207,713,439,dahye,lean_left,1
653,1786867456.835908,0,0,40,277,314,585,531,555,461,206,0,0,109,299,313,377,303,213,659,635,715,683,605,611,0,70,205,143,0,211,723,437,dahye,lean_left,1
654,1786867456.855736,0,0,43,279,312,585,529,553,462,211,0,0,112,295,328,380,315,214,659,632,717,683,611,606,0,63,211,143,0,211,715,435,dahye,lean_left,1
655,1786867456.875835,0,0,45,285,315,588,535,552,463,207,0,0,111,299,327,377,317,215,658,633,714,683,611,605,0,71,203,143,0,207,715,439,dahye,lean_left,1
656,1786867456.895834,0,0,43,281,313,587,529,551,460,211,0,0,115,295,327,377,315,215,661,635,723,683,611,603,0,67,206,143,0,212,715,441,dahye,lean_left,1
657,1786867456.915965,0,0,50,281,314,587,535,555,469,211,0,0,115,298,327,375,318,215,661,633,723,683,609,605,0,63,206,147,0,212,714,437,dahye,lean_left,1
658,1786867456.935932,0,0,53,283,313,589,535,558,465,211,0,0,115,294,330,377,317,219,663,633,725,683,606,589,0,75,219,147,0,217,711,436,dahye,lean_left,1
659,1786867456.955843,0,0,56,283,316,587,534,553,469,205,0,0,115,300,329,365,317,217,659,629,721,683,612,604,0,72,203,147,0,217,713,439,dahye,lean_left,1
660,1786867456.975821,0,0,56,285,314,587,535,557,461,211,0,0,121,297,341,379,338,217,659,633,727,683,612,604,0,77,211,146,0,217,711,431,dahye,lean_left,1
661,1786867456.995854,0,0,55,291,313,587,537,557,471,215,0,0,119,299,329,375,329,216,663,633,723,683,609,607,0,71,211,144,0,218,715,437,dahye,lean_left,1
662,1786867457.015691,0,0,68,295,319,588,536,558,467,205,0,0,124,299,333,379,329,215,663,634,725,682,607,601,0,63,213,147,0,219,717,461,dahye,lean_left,1
663,1786867457.035859,0,0,60,294,319,589,535,557,463,211,0,0,125,299,333,389,329,217,662,645,724,683,610,603,0,69,211,147,0,219,713,437,dahye,lean_left,1
664,1786867457.055859,0,0,62,295,325,588,535,559,469,211,0,0,127,299,333,391,333,218,666,635,725,683,607,603,0,69,205,146,0,220,715,436,dahye,lean_left,1
665,1786867457.075782,0,0,68,297,313,589,536,557,467,215,0,0,141,299,329,382,331,217,663,635,723,683,607,605,0,75,207,147,0,221,714,435,dahye,lean_left,1
666,1786867457.095817,0,0,69,298,329,587,536,559,467,210,0,0,141,299,334,376,335,217,665,633,723,683,607,602,0,73,205,147,0,219,713,437,dahye,lean_left,1
667,1786867457.115842,0,0,63,297,325,589,536,559,467,211,0,0,139,300,334,381,331,216,664,635,725,683,606,601,0,62,203,147,0,218,712,435,dahye,lean_left,1
668,1786867457.135786,0,0,63,299,325,589,536,559,465,204,0,0,142,297,339,381,333,217,664,633,725,683,611,603,0,75,211,147,0,220,709,443,dahye,lean_left,1
669,1786867457.155842,0,0,71,299,327,589,536,559,471,211,0,0,142,301,335,383,333,219,664,635,724,683,605,603,0,63,205,147,0,221,709,437,dahye,lean_left,1
670,1786867457.175839,0,0,69,299,326,589,535,559,470,210,0,0,147,299,334,383,333,217,664,635,725,683,607,601,0,91,207,147,0,232,713,435,dahye,lean_left,1
671,1786867457.195888,0,0,71,301,326,586,535,558,467,211,0,0,149,303,333,389,335,217,664,633,725,683,606,600,0,77,205,145,0,226,709,435,dahye,lean_left,1
672,1786867457.215810,0,0,71,300,327,589,535,558,465,211,0,0,151,307,334,384,339,217,663,634,725,683,607,602,0,71,213,147,0,219,717,431,dahye,lean_left,1
673,1786867457.235957,0,0,70,300,327,588,535,558,463,211,0,0,152,306,339,389,335,219,665,635,727,683,607,600,0,75,206,143,0,217,717,431,dahye,lean_left,1
674,1786867457.255984,0,0,71,300,327,593,534,559,467,209,0,0,150,313,325,391,335,217,665,634,726,683,606,599,0,75,215,146,0,223,713,435,dahye,lean_left,1
675,1786867457.275775,0,0,71,301,327,589,535,559,467,210,0,0,151,309,339,391,337,219,663,635,725,683,610,605,0,73,213,147,0,219,711,434,dahye,lean_left,1
676,1786867457.295861,0,0,71,301,327,589,535,559,467,210,0,0,152,311,332,392,339,219,665,633,725,685,607,603,0,74,216,145,0,221,719,435,dahye,lean_left,1
677,1786867457.315984,0,0,72,301,327,584,534,558,468,209,0,0,152,303,331,391,339,219,663,635,725,683,607,599,0,74,210,145,0,219,716,437,dahye,lean_left,1
678,1786867457.335810,0,0,72,301,327,589,536,557,467,210,0,0,152,310,342,391,339,219,664,633,725,683,606,605,0,75,211,145,0,218,713,432,dahye,lean_left,1
679,1786867457.355852,0,0,72,301,329,588,536,558,457,209,0,0,153,314,343,391,339,219,663,635,725,681,607,600,0,68,212,143,0,221,703,439,dahye,lean_left,1
680,1786867457.375842,0,0,73,301,327,582,534,559,467,211,0,0,152,303,337,391,337,219,663,634,725,683,606,602,0,75,213,143,0,221,710,437,dahye,lean_left,1
681,1786867457.395860,0,0,73,301,328,589,533,559,465,209,0,0,152,309,343,391,335,219,663,634,725,683,606,605,0,75,215,143,0,239,715,439,dahye,lean_left,1
682,1786867457.415824,0,0,73,301,327,589,534,559,463,211,0,0,153,303,339,391,335,218,664,633,724,683,607,611,0,73,206,143,0,221,715,441,dahye,lean_left,1
683,1786867457.435840,0,0,69,301,327,589,533,559,462,211,0,0,153,306,340,393,337,219,661,635,725,684,607,607,0,77,219,145,0,219,716,430,dahye,lean_left,1
684,1786867457.455919,0,0,73,301,327,587,533,557,467,210,0,0,151,309,331,391,337,219,663,635,725,683,607,600,0,74,207,147,0,221,714,437,dahye,lean_left,1
685,1786867457.475833,0,0,71,301,327,589,533,559,467,210,0,0,151,308,339,391,335,220,664,635,725,683,607,587,0,75,212,146,0,220,715,441,dahye,lean_left,1
686,1786867457.495848,0,0,71,300,327,589,531,557,467,209,0,0,152,311,333,391,335,219,665,635,724,683,613,600,0,74,227,143,0,223,712,437,dahye,lean_left,1
687,1786867457.515865,0,0,71,299,327,589,531,558,467,210,0,0,152,299,334,393,331,229,663,635,725,685,607,603,0,72,211,143,0,220,716,435,dahye,lean_left,1
688,1786867457.535000,0,0,71,298,325,589,535,559,465,211,0,0,153,309,331,393,325,229,664,635,725,685,605,602,0,73,209,143,0,222,716,441,dahye,lean_left,1
689,1786867457.555033,0,0,71,298,319,591,535,559,467,210,0,0,145,303,335,393,333,221,661,636,725,683,609,603,0,73,210,144,0,207,716,436,dahye,lean_left,1
690,1786867457.574892,0,0,71,299,319,589,535,559,466,209,0,0,153,303,339,391,335,220,664,635,727,685,610,603,0,72,207,143,0,222,717,437,dahye,lean_left,1
691,1786867457.594957,0,0,70,299,319,589,535,564,467,210,0,0,151,303,339,391,334,220,663,635,728,684,605,603,0,74,211,145,0,223,723,439,dahye,lean_left,1
692,1786867457.614882,0,0,71,298,320,588,535,563,468,211,0,0,151,302,339,391,335,219,665,635,727,685,610,611,0,73,207,145,0,223,726,425,dahye,lean_left,1
693,1786867457.634951,0,0,71,299,325,590,535,559,467,211,0,0,152,311,339,405,338,221,665,635,727,685,609,604,0,73,202,143,0,235,717,461,dahye,lean_left,1
694,1786867457.655284,0,0,76,298,324,591,535,562,469,211,0,0,153,307,339,391,337,221,665,635,725,685,607,603,0,72,203,143,0,231,725,439,dahye,lean_left,1
695,1786867457.675807,0,0,71,299,327,591,535,559,469,211,0,0,154,302,341,392,339,221,667,636,727,685,610,607,0,73,203,146,0,237,729,437,dahye,lean_left,1
696,1786867457.695488,0,0,72,300,327,591,536,563,468,211,0,0,155,303,342,390,335,221,671,637,727,684,611,601,0,73,205,145,0,250,729,439,dahye,lean_left,1
697,1786867457.715962,0,0,73,301,325,591,536,563,468,210,0,0,155,310,341,391,339,226,677,637,727,685,607,603,0,74,227,143,0,266,735,440,dahye,lean_left,1
698,1786867457.735829,0,0,71,299,326,591,537,563,469,209,0,0,155,311,341,393,339,227,675,637,727,685,609,601,0,74,214,141,0,279,723,429,dahye,lean_left,1
699,1786867457.755875,0,0,72,301,327,591,537,563,469,211,0,0,155,315,341,392,339,229,676,635,727,683,607,594,0,73,206,143,0,279,737,453,dahye,lean_left,1
700,1786867457.775846,0,0,72,301,327,588,534,563,468,209,0,0,155,313,343,394,339,229,671,636,725,683,611,600,0,74,201,145,0,283,743,437,dahye,lean_left,1
701,1786867457.795866,0,0,67,300,327,590,537,563,469,211,0,0,155,311,343,393,340,230,676,636,727,685,609,603,0,73,210,146,0,281,731,437,dahye,lean_left,1
702,1786867457.815855,0,0,73,301,327,591,536,563,469,210,0,0,157,315,342,393,339,229,675,637,727,685,607,603,0,73,213,143,0,287,731,437,dahye,lean_left,1
703,1786867457.835848,0,0,72,301,327,591,535,563,469,210,0,0,157,312,341,393,339,231,675,635,727,683,607,603,0,73,205,143,0,281,728,435,dahye,lean_left,1
704,1786867457.855904,0,0,71,299,327,591,541,563,470,211,0,0,157,314,342,383,341,230,677,637,727,685,609,617,0,73,217,147,0,283,729,436,dahye,lean_left,1
705,1786867457.875847,0,0,71,299,328,591,536,565,471,211,0,0,157,314,343,393,339,229,676,636,727,684,610,601,0,74,205,144,0,281,730,437,dahye,lean_left,1
706,1786867457.895864,0,0,73,301,327,591,537,564,469,211,0,0,159,312,343,393,340,231,675,637,728,684,607,601,0,73,205,143,0,283,735,430,dahye,lean_left,1
707,1786867457.915926,0,0,61,301,329,591,537,563,469,209,0,0,159,311,342,393,339,231,675,635,727,684,611,603,0,75,211,146,0,291,715,436,dahye,lean_left,1
708,1786867457.935918,0,0,72,300,327,591,537,564,470,212,0,0,159,311,343,393,339,231,669,635,729,685,607,603,0,74,206,145,0,287,730,445,dahye,lean_left,1
709,1786867457.955875,0,0,73,299,329,594,536,565,471,211,0,0,159,311,343,393,339,232,672,635,727,685,595,611,0,74,207,143,0,279,733,447,dahye,lean_left,1
710,1786867457.975858,0,0,73,301,326,595,536,564,471,211,0,0,163,301,343,392,339,231,671,636,727,685,611,603,0,74,211,143,0,287,733,437,dahye,lean_left,1
711,1786867457.995853,0,0,73,299,326,591,537,565,471,211,0,0,159,315,343,395,339,231,675,637,727,683,607,602,0,74,189,145,0,283,739,441,dahye,lean_left,1
712,1786867458.015896,0,0,73,301,327,591,537,563,469,210,0,0,163,310,343,392,339,231,681,636,727,685,607,603,0,74,207,145,0,286,735,438,dahye,lean_left,1
713,1786867458.035866,0,0,73,301,327,594,537,565,471,211,0,0,159,315,344,393,340,231,675,637,728,683,607,603,0,74,208,146,0,293,738,435,dahye,lean_left,1
714,1786867458.055181,0,0,73,301,326,593,539,564,472,211,0,0,163,315,343,396,340,231,676,635,727,683,610,615,0,74,212,143,0,287,730,453,dahye,lean_left,1
715,1786867458.076080,0,0,73,301,327,595,536,565,471,211,0,0,159,313,343,395,339,232,677,636,728,685,611,602,0,73,207,144,0,285,737,438,dahye,lean_left,1
716,1786867458.095962,0,0,76,300,326,591,537,565,470,209,0,0,165,311,342,393,341,219,679,635,725,685,603,603,0,73,210,143,0,291,734,437,dahye,lean_left,1
717,1786867458.115861,0,0,73,301,327,593,537,563,470,210,0,0,164,317,344,394,340,231,675,637,729,684,605,603,0,73,213,147,0,285,734,437,dahye,lean_left,1
718,1786867458.135866,0,0,73,301,325,594,536,565,471,210,0,0,165,314,343,395,340,231,676,636,729,685,610,603,0,75,211,145,0,287,733,440,dahye,lean_left,1
719,1786867458.155277,0,0,73,301,325,590,535,563,469,209,0,0,163,315,341,395,340,233,675,636,726,683,606,600,0,72,207,143,0,291,732,441,dahye,lean_left,1
720,1786867458.175462,0,0,75,301,325,593,537,560,471,211,0,0,165,316,345,394,339,232,675,635,729,684,610,602,0,74,211,143,0,286,735,439,dahye,lean_left,1
721,1786867458.195011,0,0,74,301,327,595,535,565,470,210,0,0,164,303,344,394,341,233,676,637,727,685,607,603,0,75,205,143,0,294,760,439,dahye,lean_left,1
722,1786867458.215931,0,0,73,301,327,594,537,565,471,208,0,0,163,319,343,395,339,233,676,637,727,685,605,603,0,75,201,147,0,287,735,436,dahye,lean_left,1
723,1786867458.235946,0,0,71,301,325,591,537,565,471,209,0,0,166,333,344,394,339,232,677,637,728,685,607,603,0,73,210,143,0,285,737,438,dahye,lean_left,1
724,1786867458.255864,0,0,73,301,327,595,536,564,471,209,0,0,160,316,343,393,339,231,675,637,727,686,607,605,0,75,213,142,0,295,735,435,dahye,lean_left,1
725,1786867458.274945,0,0,73,301,327,595,537,565,471,211,0,0,160,308,342,393,339,235,677,637,729,685,609,603,0,74,199,145,0,293,735,441,dahye,lean_left,1
726,1786867458.295249,0,0,73,301,327,595,537,566,471,211,0,0,159,313,343,395,335,231,677,637,729,685,613,603,0,75,209,146,0,295,739,439,dahye,lean_left,1
727,1786867458.315023,0,0,73,300,325,595,536,564,471,211,0,0,159,313,343,395,338,233,677,644,729,687,613,603,0,75,207,143,0,293,735,437,dahye,lean_left,1
728,1786867458.334933,0,0,73,300,325,595,537,565,471,211,0,0,160,312,341,393,339,234,672,637,725,687,612,603,0,74,207,145,0,292,739,437,dahye,lean_left,1
729,1786867458.355232,0,0,73,300,327,595,537,566,471,211,0,0,159,311,342,393,339,233,676,637,728,685,612,603,0,73,206,141,0,297,739,439,dahye,lean_left,1
730,1786867458.376129,0,0,74,300,327,595,537,566,471,210,0,0,156,309,341,393,335,235,677,637,727,685,611,603,0,75,207,143,0,302,737,437,dahye,lean_left,1
731,1786867458.395243,0,0,72,301,320,595,537,565,472,211,0,0,159,310,341,393,333,233,677,637,728,686,611,603,0,74,206,145,0,294,733,435,dahye,lean_left,1
732,1786867458.415020,0,0,72,297,325,596,539,565,471,211,0,0,157,309,339,392,335,233,677,636,727,683,611,605,0,75,205,143,0,301,740,437,dahye,lean_left,1
733,1786867458.435233,0,0,73,299,325,595,537,565,471,211,0,0,158,308,341,392,333,233,677,637,729,686,608,603,0,75,205,143,0,296,739,437,dahye,lean_left,1
734,1786867458.455054,0,0,72,298,319,595,539,566,471,209,0,0,159,307,341,392,335,235,676,637,729,686,611,603,0,74,207,143,0,287,739,437,dahye,lean_left,1
735,1786867458.474919,0,0,73,297,318,595,539,565,471,211,0,0,156,309,341,393,333,234,679,637,727,683,607,602,0,75,204,143,0,294,741,435,dahye,lean_left,1
736,1786867458.494954,0,0,73,298,319,595,537,565,473,211,0,0,159,311,341,393,335,233,677,637,729,685,613,604,0,74,205,143,0,296,742,438,dahye,lean_left,1
737,1786867458.515346,0,0,73,299,319,595,539,565,472,212,0,0,159,307,342,393,333,233,677,636,730,685,611,604,0,74,204,143,0,297,741,441,dahye,lean_left,1
738,1786867458.534989,0,0,72,298,319,593,537,566,469,207,0,0,157,309,341,393,333,235,678,635,727,685,611,603,0,74,204,143,0,297,739,439,dahye,lean_left,1
739,1786867458.555077,0,0,72,297,318,595,539,565,471,211,0,0,159,309,341,391,335,234,675,639,728,685,611,605,0,75,205,147,0,297,743,434,dahye,lean_left,1
740,1786867458.575011,0,0,73,297,317,594,537,564,471,211,0,0,159,311,343,392,337,232,675,634,725,687,611,604,0,75,205,145,0,298,742,439,dahye,lean_left,1
741,1786867458.595463,0,0,73,297,317,595,539,571,470,211,0,0,165,310,343,394,333,235,678,636,727,686,607,603,0,75,204,147,0,298,743,427,dahye,lean_left,1
742,1786867458.614912,0,0,72,297,315,595,539,567,471,209,0,0,163,310,343,393,337,237,677,636,729,686,611,601,0,75,207,146,0,297,743,439,dahye,lean_left,1
743,1786867458.635193,0,0,73,299,319,595,539,566,471,211,0,0,163,310,341,391,335,237,677,636,733,685,612,604,0,75,205,146,0,297,742,437,dahye,lean_left,1
744,1786867458.655208,0,0,73,299,319,595,539,565,471,211,0,0,158,311,342,393,335,234,679,645,729,687,611,605,0,75,206,145,0,296,741,439,dahye,lean_left,1
745,1786867458.676117,0,0,73,298,319,595,537,565,470,210,0,0,163,309,343,393,335,235,677,637,731,687,607,604,0,74,205,145,0,295,743,437,dahye,lean_left,1
746,1786867458.695879,0,0,73,297,319,597,537,567,471,211,0,0,163,311,342,393,333,239,679,637,731,687,611,604,0,77,207,147,0,300,743,441,dahye,lean_left,1
747,1786867458.715998,0,0,73,299,319,593,539,567,471,207,0,0,163,311,343,395,338,239,677,639,727,686,611,603,0,75,213,147,0,299,744,441,dahye,lean_left,1
748,1786867458.735897,0,0,73,295,319,595,537,567,471,212,0,0,165,313,343,394,339,236,678,638,730,687,611,603,0,73,207,147,0,299,743,437,dahye,lean_left,1
749,1786867458.755661,0,0,73,298,317,595,539,565,471,211,0,0,159,311,343,393,339,243,677,637,731,685,607,604,0,77,210,147,0,300,743,438,dahye,lean_left,1
750,1786867458.775162,0,0,73,298,318,595,539,565,470,212,0,0,159,313,343,391,335,240,677,635,729,685,612,603,0,71,209,146,0,300,744,439,dahye,lean_left,1
751,1786867458.795675,0,0,74,297,326,591,541,563,471,211,0,0,167,313,349,394,334,237,671,637,727,687,612,599,0,72,210,147,0,307,743,443,dahye,lean_left,1
752,1786867458.815675,0,0,73,299,317,595,539,565,471,209,0,0,164,313,344,392,338,237,676,637,729,686,611,604,0,75,207,143,0,299,743,439,dahye,lean_left,1
753,1786867458.835946,0,0,73,297,325,595,537,565,470,210,0,0,164,313,344,393,334,239,677,645,729,686,612,604,0,75,207,146,0,301,743,437,dahye,lean_left,1
754,1786867458.855894,0,0,73,297,319,595,539,564,469,209,0,0,165,315,341,394,337,240,675,637,729,687,611,604,0,75,211,147,0,301,744,440,dahye,lean_left,1
755,1786867458.875218,0,0,71,299,317,595,539,565,469,208,0,0,165,313,341,395,339,239,676,638,729,685,611,604,0,71,211,147,0,303,744,439,dahye,lean_left,1
756,1786867458.895194,0,0,73,285,319,596,537,567,471,209,0,0,165,314,345,395,335,239,675,637,732,687,611,604,0,73,211,146,0,307,745,437,dahye,lean_left,1
757,1786867458.914980,0,0,72,292,319,595,539,565,469,206,0,0,159,312,341,395,339,240,675,637,729,686,610,604,0,73,209,147,0,307,745,438,dahye,lean_left,1
758,1786867458.935878,0,0,71,296,325,597,537,565,470,211,0,0,157,311,343,393,333,233,676,637,727,687,614,605,0,74,211,147,0,308,747,443,dahye,lean_left,1
759,1786867458.954968,0,0,72,295,319,594,539,557,469,211,0,0,159,311,342,395,335,243,677,646,732,687,606,605,0,73,210,147,0,307,747,427,dahye,lean_left,1
760,1786867458.975258,0,0,72,303,320,595,539,564,469,205,0,0,166,311,340,395,333,244,675,636,731,687,611,604,0,74,211,147,0,307,747,436,dahye,lean_left,1
761,1786867458.995549,0,0,73,298,317,593,537,563,469,207,0,0,158,310,343,381,333,237,667,639,729,687,611,604,0,77,211,144,0,311,757,439,dahye,lean_left,1
762,1786867459.015657,0,0,73,295,317,595,537,563,469,210,0,0,164,308,340,393,333,243,669,639,731,687,614,605,0,74,209,145,0,309,747,438,dahye,lean_left,1
763,1786867459.035888,0,0,71,295,317,595,537,571,469,211,0,0,157,308,342,393,333,245,670,639,731,687,611,607,0,88,210,147,0,309,749,419,dahye,lean_left,1
764,1786867459.055275,0,0,71,286,315,595,537,563,469,211,0,0,159,307,340,392,335,247,669,637,731,687,613,606,0,73,211,147,0,310,749,439,dahye,lean_left,1
765,1786867459.075113,0,0,69,291,319,595,535,564,469,206,0,0,156,307,342,393,333,245,669,638,733,687,603,605,0,72,211,147,0,311,751,441,dahye,lean_left,1
766,1786867459.095875,0,0,71,291,315,594,539,563,471,208,0,0,159,308,341,393,333,245,668,639,730,687,611,605,0,74,211,147,0,311,748,439,dahye,lean_left,1
767,1786867459.115842,0,0,71,295,315,595,538,557,468,210,0,0,159,307,341,391,334,245,667,639,729,687,612,605,0,75,211,145,0,311,749,428,dahye,lean_left,1
768,1786867459.135863,0,0,71,292,316,596,537,571,469,209,0,0,153,309,341,394,331,243,669,638,732,687,607,609,0,75,211,147,0,313,750,427,dahye,lean_left,1
769,1786867459.155874,0,0,71,294,315,595,537,565,469,207,0,0,167,307,341,389,331,247,669,637,731,687,613,603,0,73,211,145,0,311,750,441,dahye,lean_left,1
770,1786867459.175859,0,0,71,292,313,595,538,565,471,207,0,0,168,308,340,392,329,245,670,639,729,691,611,605,0,77,211,146,0,313,751,439,dahye,lean_left,1
771,1786867459.195892,0,0,71,291,314,595,537,565,471,206,0,0,157,306,340,392,343,247,669,638,732,690,613,606,0,75,210,147,0,314,751,440,dahye,lean_left,1
772,1786867459.215866,0,0,71,293,315,595,539,566,469,211,0,0,157,307,341,391,329,243,671,637,730,690,611,605,0,77,211,147,0,315,751,440,dahye,lean_left,1
773,1786867459.235977,0,0,71,291,319,595,538,565,469,210,0,0,151,307,341,391,330,245,671,644,731,687,613,606,0,75,211,147,0,314,751,437,dahye,lean_left,1
774,1786867459.255919,0,0,72,287,315,596,539,565,469,207,0,0,159,307,339,391,330,249,675,639,732,691,613,605,0,75,210,143,0,316,749,441,dahye,lean_left,1
775,1786867459.275832,0,0,71,291,315,593,538,564,471,205,0,0,157,307,339,391,331,247,671,637,731,688,611,605,0,71,207,144,0,315,751,435,dahye,lean_left,1
776,1786867459.295868,0,0,71,292,316,595,547,563,469,206,0,0,157,307,339,392,339,255,670,645,732,691,613,607,0,77,210,146,0,315,754,438,dahye,lean_left,1
777,1786867459.315868,0,0,71,291,316,595,536,560,469,210,0,0,157,307,341,392,339,249,671,639,729,689,615,603,0,76,211,143,0,315,751,429,dahye,lean_left,1
778,1786867459.335880,0,0,71,292,317,596,539,559,467,205,0,0,157,309,344,391,334,249,675,635,733,690,615,603,0,75,213,146,0,315,755,438,dahye,lean_left,1
779,1786867459.355938,0,0,71,291,317,590,533,565,467,207,0,0,164,309,343,394,327,251,671,649,729,689,613,605,0,73,210,147,0,317,755,441,dahye,lean_left,1
780,1786867459.375810,0,0,71,288,317,595,531,564,463,207,0,0,163,311,343,389,333,251,681,637,731,687,615,605,0,79,212,147,0,317,749,439,dahye,lean_left,1
781,1786867459.395995,0,0,71,288,317,593,536,563,467,207,0,0,159,315,341,394,317,246,675,639,727,687,612,605,0,73,215,147,0,316,749,439,dahye,lean_left,1
782,1786867459.415863,0,0,72,291,319,595,541,559,463,205,0,0,163,313,343,393,325,255,670,633,731,687,621,603,0,73,215,147,0,317,751,439,dahye,lean_left,1
783,1786867459.435861,0,0,72,291,317,596,538,557,466,199,0,0,164,313,347,393,339,246,669,637,728,687,615,603,0,78,212,145,0,316,751,431,dahye,lean_left,1
784,1786867459.455214,0,0,72,295,313,595,539,559,467,205,0,0,163,314,344,409,339,247,675,638,729,687,612,605,0,74,212,149,0,315,751,435,dahye,lean_left,1
785,1786867459.475885,0,0,71,292,329,596,537,558,467,210,0,0,160,314,343,405,339,251,665,637,732,687,614,603,0,76,215,149,0,317,751,441,dahye,lean_left,1
786,1786867459.495880,0,0,73,292,313,593,537,563,467,207,0,0,167,316,345,405,339,247,687,639,729,685,612,604,0,75,213,147,0,315,749,437,dahye,lean_left,1
787,1786867459.515886,0,0,73,288,325,591,535,563,466,201,0,0,169,315,345,395,339,251,669,639,726,686,613,602,0,75,216,147,0,317,749,441,dahye,lean_left,1
788,1786867459.535880,0,0,72,288,325,595,537,559,467,191,0,0,165,315,343,395,335,250,670,636,732,686,610,603,0,75,216,147,0,315,749,439,dahye,lean_left,1
789,1786867459.555862,0,0,73,295,315,593,537,559,466,207,0,0,165,317,347,392,343,249,667,649,733,685,613,603,0,73,215,147,0,317,751,439,dahye,lean_left,1
790,1786867459.575866,0,0,73,293,325,595,535,557,465,209,0,0,163,317,345,395,341,251,670,638,725,687,611,604,0,75,213,147,0,315,749,440,dahye,lean_left,1
791,1786867459.595853,0,0,73,295,325,595,537,559,459,205,0,0,171,317,344,397,341,251,671,645,728,685,610,604,0,75,213,147,0,315,749,437,dahye,lean_left,1
792,1786867459.615829,0,0,71,297,319,595,537,561,467,207,0,0,168,328,346,398,343,251,667,637,729,685,612,605,0,76,214,149,0,316,749,437,dahye,lean_left,1
793,1786867459.635927,0,0,59,296,317,589,537,559,463,204,0,0,165,328,349,395,342,250,669,637,729,685,607,603,0,61,215,146,0,313,747,439,dahye,lean_left,1
794,1786867459.655893,0,0,72,299,319,583,537,555,465,205,0,0,173,331,348,395,341,249,669,643,731,685,605,601,0,76,215,147,0,316,749,437,dahye,lean_left,1
795,1786867459.675832,0,0,73,299,326,594,537,564,463,189,0,0,173,332,347,396,343,249,669,645,729,685,610,599,0,75,215,147,0,317,747,434,dahye,lean_left,1
796,1786867459.695888,0,0,74,295,325,595,536,559,461,215,0,0,171,332,347,398,344,248,674,639,731,685,605,601,0,77,215,147,0,317,746,430,dahye,lean_left,1
797,1786867459.715983,0,0,75,299,325,591,535,559,463,205,0,0,187,332,347,397,343,255,665,637,725,685,605,599,0,85,217,148,0,313,746,430,dahye,lean_left,1
798,1786867459.736120,0,0,75,297,325,595,535,559,455,205,0,0,168,335,347,395,345,252,668,645,729,684,611,599,0,75,215,147,0,315,744,426,dahye,lean_left,1
799,1786867459.755265,0,0,75,303,324,595,535,557,461,190,0,0,178,333,350,403,345,250,669,638,725,686,609,598,0,77,215,147,0,315,743,430,dahye,lean_left,1
800,1786867459.775763,0,0,73,307,319,595,534,555,463,200,0,0,175,339,351,394,344,251,670,637,729,685,605,598,0,75,215,146,0,315,745,437,dahye,lean_left,1
801,1786867459.795256,0,0,75,297,325,591,535,554,461,207,0,0,179,333,347,396,343,249,667,637,727,684,604,599,0,73,215,146,0,313,739,435,dahye,lean_left,1
802,1786867459.814891,0,0,75,299,319,587,533,555,462,205,0,0,182,335,350,397,341,261,667,635,717,683,607,599,0,74,215,147,0,313,743,439,dahye,lean_left,1
803,1786867459.835241,0,0,75,299,323,591,533,553,461,205,0,0,173,344,349,399,345,245,663,637,725,685,616,599,0,77,211,146,0,311,739,429,dahye,lean_left,1
804,1786867459.855002,0,0,74,297,324,585,533,553,462,205,0,0,174,335,347,397,341,251,663,637,717,683,602,601,0,84,215,143,0,306,743,438,dahye,lean_left,1
805,1786867459.875912,0,0,74,297,318,593,532,554,463,205,0,0,173,335,356,399,341,259,666,639,740,683,611,601,0,72,212,143,0,303,733,437,dahye,lean_left,1
806,1786867459.895951,0,0,73,295,317,587,531,553,461,203,0,0,171,311,349,397,334,247,661,636,729,684,603,600,0,77,212,141,0,303,735,438,dahye,lean_left,1
807,1786867459.914985,0,0,75,293,317,587,529,552,445,203,0,0,179,329,349,397,333,245,662,637,729,684,604,597,0,77,213,143,0,303,734,440,dahye,lean_left,1
808,1786867459.935930,0,0,73,293,316,587,529,551,460,212,0,0,175,331,347,397,335,245,660,635,727,684,610,599,0,67,207,139,0,301,734,443,dahye,lean_left,1
809,1786867459.955931,0,0,73,295,315,584,527,553,459,205,0,0,178,333,349,398,334,232,661,635,729,683,605,597,0,73,211,141,0,303,733,439,dahye,lean_left,1
810,1786867459.975822,0,0,73,288,328,587,529,550,461,203,0,0,175,331,349,397,339,246,663,635,727,685,601,599,0,74,210,141,0,299,731,437,dahye,lean_left,1
811,1786867459.996014,0,0,72,291,316,585,525,553,458,205,0,0,175,333,350,397,335,247,659,632,721,682,605,599,0,75,212,141,0,299,729,437,dahye,lean_left,1
812,1786867460.015903,0,0,75,293,318,587,531,555,459,203,0,0,176,331,351,399,339,245,660,637,723,683,611,599,0,83,207,139,0,297,729,424,dahye,lean_left,1
813,1786867460.035888,0,0,75,293,317,586,535,551,459,203,0,0,179,329,349,396,335,249,664,635,728,683,605,599,0,75,212,139,0,296,729,435,dahye,lean_left,1
814,1786867460.055836,0,0,75,294,318,588,529,551,455,203,0,0,181,335,355,396,335,246,664,637,725,683,605,595,0,77,211,139,0,295,729,423,dahye,lean_left,1
815,1786867460.075847,0,0,73,293,319,586,537,553,458,199,0,0,179,334,349,403,332,245,663,621,725,681,604,589,0,76,204,139,0,296,728,435,dahye,lean_left,1
816,1786867460.095620,0,0,75,296,319,587,531,551,459,203,0,0,180,332,351,389,341,246,669,635,725,682,603,589,0,77,205,139,0,293,725,435,dahye,lean_left,1
817,1786867460.114898,0,0,75,297,319,587,527,553,461,200,0,0,181,334,349,398,343,245,661,635,725,681,603,595,0,74,211,138,0,291,715,435,dahye,lean_left,1
818,1786867460.135913,0,0,73,297,319,586,530,552,457,202,0,0,182,338,354,393,343,245,666,628,724,683,603,599,0,73,209,139,0,293,725,431,dahye,lean_left,1
819,1786867460.155955,0,0,77,299,325,589,529,543,457,204,0,0,183,329,351,397,337,248,661,635,727,681,597,588,0,75,206,139,0,287,724,443,dahye,lean_left,1
820,1786867460.175864,0,0,76,299,325,587,529,551,457,203,0,0,183,338,350,402,341,247,665,621,726,681,603,599,0,77,207,137,0,291,723,431,dahye,lean_left,1
821,1786867460.195211,0,0,77,299,326,585,517,543,455,201,0,0,183,339,354,402,343,243,667,633,725,681,603,595,0,81,211,137,0,286,723,428,dahye,lean_left,1
822,1786867460.215847,0,0,76,300,327,585,529,553,455,207,0,0,181,335,355,399,345,247,665,635,725,681,603,591,0,76,201,137,0,287,722,431,dahye,lean_left,1
823,1786867460.235963,0,0,77,301,327,585,529,550,455,201,0,0,184,335,349,403,343,247,657,632,726,681,603,588,0,77,211,138,0,291,722,431,dahye,lean_left,1
824,1786867460.255907,0,0,75,300,328,589,533,551,456,201,0,0,185,341,351,403,343,247,665,637,725,681,601,583,0,81,213,137,0,287,715,431,dahye,lean_left,1
825,1786867460.275908,0,0,77,305,327,588,519,552,457,201,0,0,183,340,351,405,331,248,659,634,725,681,601,590,0,78,210,137,0,291,723,430,dahye,lean_left,1
826,1786867460.295895,0,0,71,301,317,589,531,551,457,203,0,0,185,339,355,393,341,247,665,637,725,680,603,589,0,76,210,138,0,293,738,429,dahye,lean_left,1
827,1786867460.315887,0,0,77,303,329,589,527,553,457,199,0,0,185,342,349,403,343,248,664,635,725,681,601,591,0,73,199,139,0,288,719,431,dahye,lean_left,1
828,1786867460.334972,0,0,76,303,327,588,529,551,457,201,0,0,187,343,360,401,345,248,665,635,725,681,601,589,0,77,219,137,0,293,729,431,dahye,lean_left,1
829,1786867460.356010,0,0,77,303,327,588,529,553,457,191,0,0,185,341,357,399,343,249,667,637,725,681,602,587,0,77,204,138,0,297,723,431,dahye,lean_left,1
830,1786867460.375877,0,0,77,303,329,589,529,552,455,191,0,0,187,343,359,404,344,249,665,636,726,681,601,589,0,74,222,138,0,293,743,429,dahye,lean_left,1
831,1786867460.395912,0,0,75,303,327,588,529,551,455,198,0,0,187,343,357,403,344,249,664,636,725,677,601,585,0,83,199,139,0,295,726,431,dahye,lean_left,1
832,1786867460.415890,0,0,75,307,328,589,527,551,456,202,0,0,187,340,357,402,344,248,663,635,725,681,601,589,0,85,211,140,0,292,723,430,dahye,lean_left,1
833,1786867460.435821,0,0,79,303,328,589,529,552,455,198,0,0,186,341,353,403,345,247,664,636,725,680,601,591,0,79,199,139,0,293,741,431,dahye,lean_left,1
834,1786867460.455919,0,0,77,306,329,587,527,552,457,201,0,0,187,345,351,403,342,248,663,636,725,679,601,590,0,83,211,138,0,288,724,431,dahye,lean_left,1
835,1786867460.475915,0,0,75,307,329,586,529,552,457,204,0,0,187,342,357,403,345,249,663,634,725,680,601,589,0,72,213,138,0,287,719,431,dahye,lean_left,1
836,1786867460.495883,0,0,76,307,329,585,527,551,458,201,0,0,187,345,356,403,344,247,661,635,724,679,601,587,0,59,211,139,0,284,715,429,dahye,lean_left,1
837,1786867460.515873,0,0,76,307,329,583,527,552,455,205,0,0,188,345,355,403,343,246,659,635,724,679,596,587,0,73,213,139,0,283,711,427,dahye,lean_left,1
838,1786867460.535872,0,0,77,299,327,580,525,551,456,202,0,0,187,341,359,405,347,244,664,635,723,677,599,587,0,76,209,139,0,270,704,425,dahye,lean_left,1
839,1786867460.555897,0,0,73,303,325,583,523,551,453,201,0,0,188,346,357,409,343,243,651,621,723,677,595,585,0,83,212,139,0,255,683,427,dahye,lean_left,1
840,1786867460.575863,0,0,76,301,325,580,523,549,455,201,0,0,189,345,359,403,341,237,653,631,715,675,598,585,0,77,211,137,0,241,691,423,dahye,lean_left,1
841,1786867460.595862,0,0,77,299,325,576,521,551,455,201,0,0,188,345,357,402,340,234,651,633,716,675,596,585,0,77,215,137,0,238,699,423,dahye,lean_left,1
842,1786867460.615774,0,0,77,298,319,571,523,549,455,201,0,0,197,343,357,403,343,233,651,633,715,676,596,583,0,78,212,136,0,237,681,423,dahye,lean_left,1
843,1786867460.635984,0,0,77,300,320,579,520,547,456,200,0,0,189,345,356,405,341,231,649,631,715,671,595,581,0,77,213,135,0,223,675,424,dahye,lean_left,1
844,1786867460.655871,0,0,75,301,327,573,521,548,455,202,0,0,189,364,357,405,341,229,649,631,715,671,593,588,0,77,212,137,0,221,676,424,dahye,lean_left,1
845,1786867460.675958,0,0,77,300,325,571,519,547,455,201,0,0,191,347,360,405,342,228,649,631,715,671,593,580,0,57,212,135,0,231,675,423,dahye,lean_left,1
846,1786867460.695879,0,0,75,301,325,572,520,547,454,200,0,0,191,348,360,405,343,229,648,631,715,671,591,567,0,79,213,134,0,225,670,423,dahye,lean_left,1
847,1786867460.715878,0,0,76,300,327,573,521,547,454,201,0,0,197,348,359,403,339,227,649,631,715,671,589,579,0,78,213,134,0,227,665,423,dahye,lean_left,1
848,1786867460.735873,0,0,78,303,328,573,519,548,453,201,0,0,198,347,360,405,343,227,649,631,713,669,590,583,0,83,212,133,0,231,669,421,dahye,lean_left,1
849,1786867460.755881,0,0,77,303,327,571,520,546,453,200,0,0,199,349,360,405,343,222,649,631,715,669,589,574,0,103,213,133,0,231,667,423,dahye,lean_left,1
850,1786867460.776610,0,0,79,302,327,575,520,543,453,201,0,0,199,340,363,405,342,223,649,631,714,669,589,583,0,111,215,126,0,227,667,423,dahye,lean_left,1
851,1786867460.795951,0,0,82,303,327,573,519,543,453,201,0,0,200,351,361,406,344,221,648,631,715,669,589,581,0,111,214,127,0,227,667,421,dahye,lean_left,1
852,1786867460.815932,0,0,78,303,326,574,519,543,453,199,0,0,199,349,363,407,343,215,651,631,713,671,589,581,0,109,212,126,0,229,664,421,dahye,lean_left,1
853,1786867460.835853,0,0,79,305,327,573,519,544,441,199,0,0,199,348,361,405,343,215,650,629,713,669,587,579,0,105,211,127,0,225,660,422,dahye,lean_left,1
854,1786867460.855905,0,0,81,306,327,574,520,543,453,200,0,0,201,355,375,411,337,219,647,631,715,669,572,575,0,102,212,127,0,220,661,421,dahye,lean_left,1
855,1786867460.875883,0,0,79,307,327,581,521,543,453,199,0,0,184,348,359,407,343,217,636,631,713,667,589,575,0,77,217,133,0,222,661,422,dahye,lean_left,1
856,1786867460.895864,0,0,79,304,328,573,519,543,454,199,0,0,197,345,377,404,339,219,647,629,712,667,586,580,0,82,219,133,0,211,649,422,dahye,lean_left,1
857,1786867460.915942,0,0,81,307,328,573,519,546,453,201,0,0,200,348,361,407,343,218,647,631,713,667,585,572,0,84,215,133,0,227,655,421,dahye,lean_left,1
858,1786867460.935886,0,0,77,303,328,573,519,543,453,201,0,0,199,349,362,407,343,217,647,631,711,665,585,581,0,83,223,133,0,223,655,420,dahye,lean_left,1
859,1786867460.955867,0,0,77,307,327,573,519,547,453,199,0,0,200,355,361,407,343,218,646,629,712,666,585,580,0,79,213,133,0,222,659,423,dahye,lean_left,1
860,1786867460.975143,0,0,77,303,328,571,519,543,453,200,0,0,200,347,362,407,343,217,646,629,711,665,585,581,0,77,215,133,0,220,651,421,dahye,lean_left,1
861,1786867460.995963,0,0,79,303,327,569,519,543,452,200,0,0,200,348,363,408,342,217,646,629,711,665,585,579,0,78,223,132,0,221,649,421,dahye,lean_left,1
862,1786867461.015874,0,0,81,302,327,567,509,541,447,199,0,0,200,347,362,407,342,213,645,628,711,665,585,583,0,79,201,133,0,217,645,420,dahye,lean_left,1
863,1786867461.035884,0,0,77,302,325,567,509,543,447,201,0,0,200,349,361,407,343,214,639,627,711,664,583,580,0,77,218,133,0,219,633,419,dahye,lean_left,1
864,1786867461.055911,0,0,79,301,319,566,505,542,445,201,0,0,197,349,361,407,341,211,639,627,709,663,585,579,0,81,213,132,0,220,636,415,dahye,lean_left,1
865,1786867461.075887,0,0,76,300,325,564,507,540,447,201,0,0,197,349,362,407,341,213,637,627,704,663,585,580,0,77,218,127,0,218,633,419,dahye,lean_left,1
866,1786867461.095237,0,0,79,299,325,562,507,541,447,201,0,0,191,347,361,407,340,203,635,625,703,663,584,571,0,79,198,127,0,221,627,420,dahye,lean_left,1
867,1786867461.115696,0,0,73,297,319,557,505,541,445,199,0,0,197,346,361,407,339,199,637,623,699,661,583,595,0,77,211,125,0,202,621,419,dahye,lean_left,1
868,1786867461.135913,0,0,77,297,318,555,499,541,447,203,0,0,189,346,361,406,339,201,635,623,701,661,582,579,0,77,217,126,0,211,620,419,dahye,lean_left,1
869,1786867461.155272,0,0,75,295,317,555,506,540,446,203,0,0,191,345,361,407,335,197,631,621,699,661,583,574,0,79,211,127,0,213,618,415,dahye,lean_left,1
870,1786867461.175345,0,0,75,295,318,552,505,539,451,203,0,0,196,347,361,408,335,197,633,620,699,661,583,571,0,75,213,126,0,201,617,413,dahye,lean_left,1
871,1786867461.195063,0,0,77,296,317,555,507,541,447,203,0,0,191,345,360,408,335,191,632,623,699,661,581,575,0,77,213,133,0,199,616,419,dahye,lean_left,1
872,1786867461.215250,0,0,83,296,319,555,507,539,447,203,0,0,191,349,361,407,337,197,631,621,697,661,581,575,0,83,215,127,0,201,613,414,dahye,lean_left,1
873,1786867461.235222,0,0,75,298,319,555,507,541,447,205,0,0,198,347,361,409,339,191,629,621,697,661,580,575,0,83,221,133,0,199,617,414,dahye,lean_left,1
874,1786867461.255752,0,0,79,299,325,558,507,540,446,205,0,0,197,347,363,408,340,189,631,620,697,661,579,575,0,83,213,127,0,199,613,414,dahye,lean_left,1
875,1786867461.275513,0,0,77,302,326,558,508,542,453,205,0,0,199,346,363,409,341,197,631,621,695,661,581,575,0,81,213,133,0,187,611,413,dahye,lean_left,1
876,1786867461.295671,0,0,73,304,328,559,509,541,448,207,0,0,201,349,365,411,342,197,633,620,697,660,575,573,0,109,213,132,0,185,606,415,dahye,lean_left,1
877,1786867461.315976,0,0,77,304,329,563,509,543,455,206,0,0,205,354,365,412,346,198,632,623,697,659,580,575,0,111,219,135,0,197,607,413,dahye,lean_left,1
878,1786867461.335928,0,0,77,311,329,563,510,543,455,206,0,0,204,359,366,413,347,191,631,619,696,659,571,573,0,111,219,135,0,201,604,414,dahye,lean_left,1
879,1786867461.355234,0,0,78,310,331,563,517,543,455,207,0,0,205,347,366,413,347,197,631,621,695,659,571,571,0,115,223,135,0,183,603,411,dahye,lean_left,1
880,1786867461.375936,0,0,81,312,331,564,517,544,455,210,0,0,211,355,367,415,349,197,631,617,696,660,571,571,0,119,229,137,0,188,600,411,dahye,lean_left,1
881,1786867461.395687,0,0,83,313,333,565,517,547,457,211,0,0,211,356,371,419,351,197,631,621,694,659,573,571,0,120,231,138,0,186,599,411,dahye,lean_left,1
882,1786867461.415872,0,0,79,311,333,565,517,547,456,211,0,0,211,351,371,414,355,191,621,619,695,659,571,569,0,121,236,139,0,181,599,408,dahye,lean_left,1
883,1786867461.435959,0,0,79,315,333,564,510,547,456,211,0,0,213,355,375,421,355,197,629,619,692,653,571,567,0,123,243,141,0,183,590,408,dahye,lean_left,1
884,1786867461.455985,0,0,79,315,335,565,519,547,457,211,0,0,215,359,377,421,355,197,629,619,695,655,568,567,0,125,244,141,0,181,589,405,dahye,lean_left,1
885,1786867461.475281,0,0,82,317,338,568,519,549,458,211,0,0,216,359,379,425,358,191,629,619,693,657,565,567,0,123,245,141,0,183,586,405,dahye,lean_left,1
886,1786867461.495331,0,0,82,318,339,568,518,549,459,209,0,0,219,360,381,425,363,191,630,617,691,652,559,564,0,133,246,141,0,179,583,407,dahye,lean_left,1
887,1786867461.515851,0,0,84,327,337,570,521,551,459,211,0,0,223,361,382,426,365,191,630,620,693,653,565,565,0,135,246,141,0,178,583,404,dahye,lean_left,1
888,1786867461.535974,0,0,83,329,342,572,520,551,460,211,0,0,223,363,383,427,365,190,630,619,696,653,565,563,0,136,245,140,0,175,575,401,dahye,lean_left,1
889,1786867461.555280,0,0,85,332,343,571,519,551,461,211,0,0,228,363,391,428,371,189,630,618,693,651,557,559,0,137,245,137,0,179,571,399,dahye,lean_left,1
890,1786867461.575825,0,0,87,334,343,573,521,551,461,211,0,0,227,367,389,429,373,191,627,617,691,650,558,558,0,139,245,138,0,175,568,396,dahye,lean_left,1
891,1786867461.595248,0,0,87,337,347,575,521,553,463,213,0,0,232,365,393,433,375,189,627,617,691,651,555,557,0,142,243,136,0,173,564,391,dahye,lean_left,1
892,1786867461.614913,0,0,89,338,347,575,523,555,467,211,0,0,232,367,395,431,375,187,623,615,687,648,555,555,0,145,239,136,0,173,559,393,dahye,lean_left,1
893,1786867461.635317,0,0,89,340,349,575,523,555,470,213,0,0,235,373,397,435,375,183,621,615,687,647,554,553,0,149,243,134,0,156,557,383,dahye,lean_left,1
894,1786867461.655473,0,0,90,342,349,580,521,557,471,213,0,0,236,373,399,435,379,182,617,613,687,645,551,553,0,153,245,135,0,167,553,380,dahye,lean_left,1
895,1786867461.675902,0,0,90,347,355,583,527,557,473,217,0,0,239,377,403,441,383,183,619,611,689,644,549,551,0,155,243,133,0,165,552,381,dahye,lean_left,1
896,1786867461.695978,0,0,91,345,355,583,524,558,473,219,0,0,245,379,405,440,381,183,619,611,687,639,547,549,0,163,243,133,0,160,549,381,dahye,lean_left,1
897,1786867461.715655,0,0,93,347,356,584,525,558,474,219,0,0,247,379,407,440,391,185,619,610,685,638,543,549,0,169,243,135,0,165,548,378,dahye,lean_left,1
898,1786867461.735925,0,0,93,349,357,585,527,559,475,218,0,20,247,376,408,441,391,183,617,611,684,637,543,551,0,173,245,128,0,163,547,375,dahye,lean_left,1
899,1786867461.755951,0,0,95,351,358,584,529,559,475,214,0,23,250,381,408,441,393,184,618,607,684,636,540,549,0,179,245,125,0,159,548,373,dahye,lean_left,1
900,1786867461.775905,0,0,95,355,361,587,529,563,475,215,0,25,253,381,411,445,395,184,619,613,683,637,542,551,0,187,245,125,0,159,544,373,dahye,lean_left,1
901,1786867461.795902,0,0,99,357,360,587,527,563,476,215,0,25,255,383,413,443,397,183,616,613,684,636,541,549,0,199,245,122,0,159,547,373,dahye,lean_left,1
902,1786867461.815934,0,0,99,357,361,589,532,565,478,219,0,24,264,392,413,445,397,182,620,613,687,636,541,549,0,204,245,121,0,155,541,373,dahye,lean_left,1
903,1786867461.835866,0,0,99,357,363,589,531,566,477,221,0,26,264,392,415,445,399,183,615,611,684,635,541,549,0,211,245,116,0,159,543,366,dahye,lean_left,1
904,1786867461.855915,0,0,99,361,365,590,533,567,477,227,0,27,265,393,419,455,403,184,617,612,685,635,541,548,0,212,246,111,0,157,542,371,dahye,lean_left,1
905,1786867461.875900,0,0,99,359,365,589,532,568,477,227,0,25,266,393,420,455,403,184,616,607,685,636,541,549,0,215,247,107,0,157,543,371,dahye,lean_left,1
906,1786867461.895888,0,0,101,359,365,594,531,567,477,229,0,26,266,395,421,456,405,183,613,611,685,637,540,549,0,219,250,107,0,157,541,367,dahye,lean_left,1
907,1786867461.916014,0,0,99,361,362,591,530,568,477,235,0,26,267,397,423,461,406,183,613,610,685,635,540,548,0,222,253,107,0,154,539,363,dahye,lean_left,1
908,1786867461.935883,0,0,99,360,365,593,531,569,479,237,0,29,274,398,425,461,409,183,613,611,685,637,543,547,0,229,265,107,0,152,537,367,dahye,lean_left,1
909,1786867461.955990,0,0,99,361,364,591,533,572,483,243,0,30,275,379,427,465,410,185,611,605,685,635,542,549,0,233,268,108,0,149,536,366,dahye,lean_left,1
910,1786867461.976159,0,0,101,361,366,591,533,571,484,244,0,26,277,403,427,472,410,184,607,605,685,637,541,551,0,235,277,111,0,151,533,363,dahye,lean_left,1
911,1786867461.995247,0,0,100,362,365,591,533,573,485,247,0,28,278,404,429,475,413,184,605,604,683,637,541,549,0,237,281,111,0,149,529,363,dahye,lean_left,1
912,1786867462.015342,0,0,99,363,365,589,534,572,486,248,0,30,280,397,429,477,412,184,603,604,685,637,541,549,0,239,295,117,0,147,523,361,dahye,lean_left,1
913,1786867462.036022,0,0,99,361,367,589,531,572,485,247,0,0,279,405,431,481,415,183,601,603,683,638,543,549,0,243,307,121,0,140,521,361,dahye,lean_left,1
914,1786867462.055954,0,0,100,363,365,588,532,573,487,248,0,23,282,407,435,483,419,183,603,603,685,637,541,551,0,245,311,124,0,136,530,361,dahye,lean_left,1
915,1786867462.075932,0,0,99,361,359,588,531,573,487,247,0,45,282,413,436,484,417,183,601,602,685,639,543,549,0,244,313,127,0,133,529,362,dahye,lean_left,1
916,1786867462.095898,0,0,100,350,373,589,533,575,487,247,0,51,280,409,437,485,423,186,603,603,685,639,543,551,0,245,315,127,0,127,529,359,dahye,lean_left,1
917,1786867462.115924,0,0,101,362,363,591,532,574,487,248,0,45,285,409,437,487,421,185,603,605,683,639,547,551,0,247,317,133,0,127,531,361,dahye,lean_left,1
918,1786867462.135996,0,0,101,365,367,593,532,573,485,245,0,43,285,419,439,487,423,187,601,603,684,646,544,551,0,247,319,135,0,123,529,359,dahye,lean_left,1
919,1786867462.155564,0,0,101,364,373,595,533,575,487,244,0,47,287,411,440,489,427,186,604,604,685,648,547,551,0,246,325,135,0,123,529,363,dahye,lean_left,1
920,1786867462.175226,0,0,102,365,373,595,535,581,488,244,0,47,285,411,441,489,427,187,605,605,687,647,547,552,0,249,327,137,0,120,530,362,dahye,lean_left,1
921,1786867462.195659,0,0,101,372,367,595,535,580,488,243,0,53,287,413,442,489,429,189,604,605,685,647,549,552,0,249,325,137,0,121,530,361,dahye,lean_left,1
922,1786867462.215024,0,0,103,365,375,595,539,581,489,243,0,68,285,409,441,487,429,189,605,604,687,649,552,552,0,247,325,136,0,121,529,347,dahye,lean_left,1
923,1786867462.235041,0,0,102,367,377,599,539,581,484,241,0,71,287,415,441,487,430,191,611,607,687,648,552,551,0,249,319,136,0,121,531,364,dahye,lean_left,1
924,1786867462.255352,0,0,103,371,379,597,539,585,486,237,0,71,287,419,443,485,431,197,611,610,687,650,547,552,0,245,316,135,0,121,530,359,dahye,lean_left,1
925,1786867462.275805,0,0,104,373,381,597,540,581,487,235,0,78,293,415,441,487,431,191,613,607,689,651,553,551,0,247,313,134,0,121,533,365,dahye,lean_left,1
926,1786867462.295974,0,0,107,375,391,601,542,582,489,235,0,85,295,419,443,487,431,199,615,612,693,651,549,553,0,246,309,134,0,121,529,361,dahye,lean_left,1
927,1786867462.315954,0,0,115,383,395,601,543,586,491,235,0,85,291,413,443,484,431,192,611,612,693,652,549,553,0,246,301,126,0,121,531,361,dahye,lean_left,1
928,1786867462.335977,0,0,117,379,405,603,547,587,491,236,0,79,294,419,443,487,431,197,617,613,691,649,547,553,0,249,297,126,0,121,531,364,dahye,lean_left,1
929,1786867462.355982,0,0,121,376,400,601,547,583,493,236,0,89,293,421,441,486,435,199,617,613,695,651,562,551,0,246,293,124,0,121,529,345,dahye,lean_left,1
930,1786867462.376251,0,0,121,389,403,603,550,599,493,237,0,92,280,415,441,487,432,199,618,613,692,650,547,552,0,246,295,121,0,120,529,372,dahye,lean_left,1
931,1786867462.395989,0,0,123,391,403,599,549,593,493,235,0,87,285,413,442,483,429,197,621,613,693,649,549,552,0,245,291,121,0,122,532,354,dahye,lean_left,1
932,1786867462.415993,0,0,124,391,403,607,552,595,493,235,0,91,288,419,441,485,431,198,617,613,695,651,547,551,0,247,288,120,0,121,529,365,dahye,lean_left,1
933,1786867462.435930,0,0,124,392,405,606,551,596,499,234,0,87,292,416,439,483,430,201,619,615,679,651,549,550,0,245,287,118,0,121,525,364,dahye,lean_left,1
934,1786867462.455955,0,0,124,393,403,610,553,595,499,234,0,87,287,419,439,483,427,199,621,617,694,651,549,551,0,247,285,116,0,121,525,363,dahye,lean_left,1
935,1786867462.476106,0,0,125,395,405,607,553,598,499,235,0,75,286,419,439,479,427,200,620,615,694,649,549,552,0,247,284,111,0,123,525,360,dahye,lean_left,1
936,1786867462.495978,0,0,125,393,404,615,553,597,499,237,0,61,285,415,439,478,425,199,619,617,693,651,549,551,0,247,281,111,0,121,527,358,dahye,lean_left,1
937,1786867462.514933,0,0,125,394,407,612,549,599,499,238,0,58,285,416,441,479,421,201,619,616,695,651,551,551,0,243,279,107,0,121,525,365,dahye,lean_left,1
938,1786867462.535671,0,0,125,391,403,611,553,598,500,236,0,58,283,415,437,476,423,199,621,617,693,649,549,552,0,236,270,107,0,120,525,363,dahye,lean_left,1
939,1786867462.555987,0,0,125,392,403,611,555,600,501,237,0,51,280,419,438,475,423,191,622,617,697,650,547,551,0,247,271,107,0,121,527,357,dahye,lean_left,1
940,1786867462.575944,0,0,123,383,401,612,553,599,500,236,0,47,282,421,439,473,421,199,621,617,693,650,551,555,0,247,263,107,0,123,527,364,dahye,lean_left,1
941,1786867462.596001,0,0,123,384,401,607,551,597,500,235,0,35,277,412,435,471,416,190,621,616,691,651,552,551,0,240,267,107,0,121,529,377,dahye,lean_left,1
942,1786867462.615988,0,0,123,380,393,611,553,597,499,237,0,33,277,412,437,470,423,187,621,617,687,652,547,553,0,243,268,107,0,121,529,365,dahye,lean_left,1
943,1786867462.635963,0,0,121,379,383,611,555,597,500,236,0,29,281,411,437,471,429,197,623,617,691,651,550,553,0,243,263,105,0,121,529,362,dahye,lean_left,1
944,1786867462.655891,0,0,121,376,381,611,557,595,499,235,0,35,281,411,435,472,409,200,611,617,692,651,549,554,0,245,262,104,0,121,529,367,dahye,lean_left,1
945,1786867462.675906,0,0,120,374,391,611,551,601,499,235,0,29,279,401,436,469,429,199,621,618,693,651,550,553,0,239,262,103,0,121,531,379,dahye,lean_left,1
946,1786867462.695896,0,0,120,373,382,613,551,597,494,237,0,27,277,412,437,469,414,200,621,616,695,651,551,553,0,244,253,101,0,122,531,357,dahye,lean_left,1
947,1786867462.715889,0,0,119,375,380,611,552,594,493,237,0,28,281,411,435,472,419,199,620,617,693,651,552,551,0,243,253,99,0,121,531,362,dahye,lean_left,1
948,1786867462.735894,0,0,117,373,381,607,551,589,492,235,0,27,280,424,435,471,421,199,628,619,692,650,549,552,0,239,251,99,0,122,529,367,dahye,lean_left,1
949,1786867462.755949,0,0,115,373,380,612,550,595,493,229,0,29,279,412,435,473,421,198,617,618,691,650,553,551,0,242,253,95,0,121,529,371,dahye,lean_left,1
950,1786867462.775879,0,0,110,372,378,611,551,591,489,228,0,30,277,413,430,471,420,199,623,617,693,651,551,555,0,237,250,93,0,121,530,364,dahye,lean_left,1
951,1786867462.795936,0,0,109,373,379,607,557,597,491,231,0,27,281,424,437,471,407,185,623,617,687,651,549,551,0,239,252,91,0,121,537,364,dahye,lean_left,1
952,1786867462.815909,0,0,109,373,375,611,547,593,491,231,0,29,277,413,431,466,416,189,621,617,679,651,556,553,0,235,253,89,0,121,529,368,dahye,lean_left,1
953,1786867462.835919,0,0,109,375,379,612,549,590,493,231,0,35,277,414,435,469,420,198,618,617,695,651,552,551,0,238,248,85,0,121,529,373,dahye,lean_left,1
954,1786867462.855930,0,0,109,374,371,607,551,594,493,231,0,27,277,410,437,487,420,201,613,614,691,648,548,543,0,239,249,78,0,120,521,371,dahye,lean_left,1
955,1786867462.875882,0,0,111,373,380,615,553,596,495,221,0,29,275,414,437,471,420,199,627,617,693,650,553,551,0,236,247,77,0,121,527,371,dahye,lean_left,1
956,1786867462.895635,0,0,109,377,379,613,551,598,498,227,0,26,279,413,436,468,415,199,626,617,694,651,543,550,0,239,248,70,0,123,529,365,dahye,lean_left,1
957,1786867462.915507,0,0,110,376,393,605,552,595,495,229,0,0,279,411,429,467,419,199,621,617,693,649,549,549,0,239,245,58,0,123,523,367,dahye,lean_left,1
958,1786867462.935956,0,0,111,373,378,611,553,599,496,233,0,29,277,409,435,455,415,197,622,618,691,649,551,552,0,235,239,55,0,121,524,369,dahye,lean_left,1
959,1786867462.955898,0,0,111,377,380,613,555,597,500,231,0,30,279,411,435,468,413,197,621,617,693,651,549,551,0,235,236,53,0,121,531,373,dahye,lean_left,1
960,1786867462.975880,0,0,109,375,383,613,554,599,507,234,0,31,276,410,430,467,413,189,619,617,695,650,540,549,0,238,237,52,0,117,526,367,dahye,lean_left,1
961,1786867462.995917,0,0,115,377,379,613,551,600,501,234,0,37,277,409,431,455,419,187,627,619,695,650,547,553,0,237,235,53,0,121,527,363,dahye,lean_left,1
962,1786867463.015912,0,0,111,377,381,615,555,599,501,239,0,29,277,408,431,463,411,201,619,619,693,650,548,552,0,237,233,51,0,120,524,367,dahye,lean_left,1
963,1786867463.035876,0,0,116,373,380,615,556,599,501,234,0,29,271,409,431,463,412,189,627,618,687,652,553,553,0,233,229,48,0,120,525,365,dahye,lean_left,1
964,1786867463.056043,0,0,117,375,379,617,555,603,495,234,0,29,270,405,429,462,414,197,627,620,693,651,547,553,0,235,227,47,0,121,531,363,dahye,lean_left,1
965,1786867463.075905,0,0,118,375,379,617,557,601,505,238,0,29,277,405,427,460,411,197,629,619,688,652,559,553,0,237,219,47,0,123,530,375,dahye,lean_left,1
966,1786867463.095907,0,0,120,375,379,618,557,603,504,245,0,28,269,403,423,456,407,197,629,621,693,653,553,554,0,235,226,46,0,121,530,367,dahye,lean_left,1
967,1786867463.115949,0,0,118,377,379,616,556,614,503,239,0,28,268,404,427,458,409,191,628,620,695,651,552,553,0,235,217,47,0,121,523,375,dahye,lean_left,1
968,1786867463.136035,0,0,120,377,379,619,557,603,505,239,0,27,269,403,435,457,393,201,630,619,709,654,553,552,0,230,219,46,0,118,519,373,dahye,lean_left,1
969,1786867463.155979,0,0,119,375,379,620,557,605,505,239,0,27,277,404,424,456,409,192,630,621,698,653,553,551,0,243,221,47,0,121,531,367,dahye,lean_left,1
970,1786867463.175934,0,0,120,375,378,619,556,615,505,233,0,29,267,413,425,460,403,191,627,621,696,653,553,552,0,239,219,47,0,120,531,373,dahye,lean_left,1
971,1786867463.195958,0,0,119,377,378,621,555,607,505,239,0,27,265,405,425,459,405,197,631,619,694,653,553,551,0,231,221,50,0,123,532,371,dahye,lean_left,1
972,1786867463.215880,0,0,119,379,378,617,559,605,505,243,0,27,267,404,419,459,397,213,623,621,696,653,553,555,0,231,222,48,0,119,532,373,dahye,lean_left,1
973,1786867463.235938,0,0,120,376,377,617,556,605,505,239,0,27,267,404,431,459,411,191,632,621,693,654,555,554,0,237,220,47,0,121,533,374,dahye,lean_left,1
974,1786867463.255978,0,0,120,375,377,619,558,605,503,239,0,28,267,405,424,455,403,190,629,635,699,653,554,553,0,221,219,49,0,122,536,375,dahye,lean_left,1
975,1786867463.275915,0,0,121,377,376,619,557,603,505,239,0,29,278,383,435,461,408,189,629,621,697,654,555,554,0,235,221,46,0,121,533,375,dahye,lean_left,1
976,1786867463.295962,0,0,120,373,376,622,557,596,505,237,0,28,275,403,412,457,407,200,628,621,697,653,557,556,0,233,220,51,0,121,532,389,dahye,lean_left,1
977,1786867463.315968,0,0,117,373,374,623,567,604,504,239,0,28,268,405,423,459,411,191,631,621,696,654,555,554,0,229,219,47,0,121,525,375,dahye,lean_left,1
978,1786867463.335970,0,0,120,374,376,619,563,603,505,239,0,28,267,424,422,460,415,199,633,621,699,653,555,554,0,237,215,47,0,123,530,375,dahye,lean_left,1
979,1786867463.355925,0,0,119,375,375,621,558,603,507,239,0,27,269,403,415,457,409,191,627,621,699,653,556,554,0,233,216,47,0,121,531,373,dahye,lean_left,1
980,1786867463.375961,0,0,115,373,376,622,556,605,505,239,0,29,267,403,424,459,409,197,631,621,697,652,555,555,0,233,215,47,0,125,531,373,dahye,lean_left,1
981,1786867463.395914,0,0,119,375,377,619,555,605,506,238,0,28,269,406,423,473,409,190,629,621,701,653,553,554,0,232,220,51,0,123,532,375,dahye,lean_left,1
982,1786867463.415910,0,0,120,377,377,621,555,605,505,243,0,26,276,395,427,458,409,197,630,621,696,651,555,555,0,237,219,47,0,122,532,371,dahye,lean_left,1
983,1786867463.435932,0,0,120,377,376,622,557,605,507,243,0,31,276,401,423,459,415,198,630,621,697,652,555,551,0,235,218,46,0,121,532,373,dahye,lean_left,1
984,1786867463.456045,0,0,121,377,379,621,557,605,505,245,0,30,275,405,421,459,408,197,629,621,696,652,555,553,0,231,213,47,0,121,529,373,dahye,lean_left,1
985,1786867463.475904,0,0,121,379,379,622,559,605,505,238,0,28,269,405,425,461,413,198,621,621,696,651,553,553,0,231,219,47,0,121,531,374,dahye,lean_left,1
986,1786867463.495946,0,0,120,379,379,627,557,606,505,243,0,28,269,407,421,458,409,198,631,621,696,653,553,553,0,235,220,47,0,122,531,375,dahye,lean_left,1
987,1786867463.515942,0,0,121,381,380,625,559,605,505,239,0,27,269,407,428,461,410,198,627,620,696,651,552,553,0,235,219,47,0,121,508,374,dahye,lean_left,1
988,1786867463.535932,0,0,121,383,381,621,557,605,505,237,0,29,269,408,425,472,409,198,628,621,696,651,553,543,0,230,227,47,0,121,529,374,dahye,lean_left,1
989,1786867463.556023,0,0,124,381,381,623,557,605,505,239,0,28,273,405,423,469,412,197,633,621,695,651,553,553,0,236,223,46,0,119,529,375,dahye,lean_left,1
990,1786867463.576039,0,0,123,383,381,626,550,605,505,239,0,29,271,407,422,463,411,191,629,621,713,652,553,553,0,234,223,46,0,123,531,375,dahye,lean_left,1
991,1786867463.595938,0,0,123,383,383,623,557,603,505,238,0,29,271,399,425,461,411,191,632,621,695,652,557,553,0,236,222,47,0,122,529,373,dahye,lean_left,1
992,1786867463.615938,0,0,123,384,383,621,559,603,505,237,0,28,273,406,427,460,410,201,631,621,695,651,551,555,0,235,223,51,0,124,529,374,dahye,lean_left,1
993,1786867463.635925,0,0,123,389,382,621,557,605,503,237,0,27,273,409,423,459,410,197,631,620,693,651,553,552,0,235,210,47,0,120,530,371,dahye,lean_left,1
994,1786867463.655928,0,0,123,381,383,627,555,604,505,239,0,29,270,405,425,463,411,199,632,621,696,652,554,557,0,233,214,47,0,123,529,373,dahye,lean_left,1
995,1786867463.675904,0,0,127,381,382,623,555,603,503,233,0,29,271,405,423,461,409,199,631,621,695,651,552,553,0,231,220,46,0,120,529,373,dahye,lean_left,1
