frame,timestamp,ch0,ch1,ch2,ch3,ch4,ch5,ch6,ch7,ch8,ch9,ch10,ch11,ch12,ch13,ch14,ch15,ch16,ch17,ch18,ch19,ch20,ch21,ch22,ch23,ch24,ch25,ch26,ch27,ch28,ch29,ch30,ch31,person,posture,trial
0,1786867292.770912,0,315,478,639,699,563,483,588,425,0,122,598,703,788,719,803,676,420,553,455,505,435,67,0,0,693,1107,1087,0,0,0,0,dahye,cross_leg_left,1
1,1786867292.772163,0,314,475,637,700,563,484,587,427,0,119,599,701,794,717,794,675,421,553,455,505,435,69,0,0,683,1075,1086,0,0,0,0,dahye,cross_leg_left,1
2,1786867292.773034,0,316,479,637,701,563,484,587,428,0,120,599,701,785,716,799,675,423,555,455,505,435,69,0,0,683,1077,1087,0,0,0,0,dahye,cross_leg_left,1
3,1786867292.773855,0,314,479,637,700,563,486,587,429,0,116,595,699,792,717,805,675,423,553,455,505,435,70,0,0,681,1077,1093,0,0,0,0,dahye,cross_leg_left,1
4,1786867292.774594,0,315,477,637,700,563,485,589,430,0,116,599,699,783,718,805,675,424,555,456,507,437,83,0,0,679,1093,1092,0,0,0,0,dahye,cross_leg_left,1
5,1786867292.775325,0,317,479,639,700,565,485,589,431,0,119,597,700,783,717,813,677,424,556,458,505,440,84,0,0,671,1071,1093,0,0,0,0,dahye,cross_leg_left,1
6,1786867292.776089,0,318,483,646,702,565,485,590,430,0,118,595,701,786,718,811,675,427,555,456,507,439,85,0,0,676,1053,1093,0,0,0,0,dahye,cross_leg_left,1
7,1786867292.776947,0,318,483,648,701,566,487,589,429,0,119,598,698,789,719,805,675,427,555,458,509,435,87,0,0,671,1075,1085,0,0,0,0,dahye,cross_leg_left,1
8,1786867292.777675,0,327,483,649,702,567,487,588,428,0,121,599,701,786,719,805,675,427,554,458,506,441,87,0,0,665,1071,1093,0,0,0,0,dahye,cross_leg_left,1
9,1786867292.778313,0,328,483,651,702,567,487,588,426,0,118,601,701,787,717,805,675,427,556,457,505,439,85,0,0,663,1067,1087,0,0,0,0,dahye,cross_leg_left,1
10,1786867292.778935,0,330,484,651,702,565,485,585,424,0,124,598,701,792,719,805,675,427,555,457,507,437,76,0,0,663,1068,1086,0,0,0,0,dahye,cross_leg_left,1
11,1786867292.779559,0,333,485,655,710,565,483,585,421,0,121,598,701,793,719,803,674,427,557,457,507,440,73,0,0,663,1061,1093,0,0,0,0,dahye,cross_leg_left,1
12,1786867292.780183,0,335,485,653,709,565,484,585,415,0,119,599,701,792,719,804,671,427,555,457,505,439,73,0,0,659,1061,1093,0,0,0,0,dahye,cross_leg_left,1
13,1786867292.780806,0,339,485,659,703,565,485,584,415,0,119,601,699,791,717,807,675,428,553,457,509,439,77,0,0,663,1071,1093,0,0,0,0,dahye,cross_leg_left,1
14,1786867292.781430,0,339,485,659,711,565,485,584,413,0,123,599,701,795,719,805,671,427,555,457,508,439,84,0,0,665,1079,1092,0,0,0,0,dahye,cross_leg_left,1
15,1786867292.782054,0,339,486,659,710,567,485,585,412,0,116,603,701,794,719,805,672,429,555,457,505,441,87,0,0,664,1077,1093,0,0,0,0,dahye,cross_leg_left,1
16,1786867292.782682,0,339,486,659,704,566,485,583,410,0,127,601,699,787,719,807,674,430,558,459,507,431,88,0,0,663,1077,1093,0,0,0,0,dahye,cross_leg_left,1
17,1786867292.783333,0,339,485,658,709,565,483,583,409,0,125,603,702,785,721,805,675,429,555,459,509,431,90,0,0,667,1071,1092,0,0,0,0,dahye,cross_leg_left,1
18,1786867292.783959,0,339,485,654,703,565,483,582,409,0,123,602,701,795,719,806,671,428,557,459,508,442,93,0,0,663,1075,1091,0,0,0,0,dahye,cross_leg_left,1
19,1786867292.784583,0,332,485,653,703,559,483,579,405,0,123,601,701,780,721,806,675,429,555,457,507,443,99,0,0,663,1077,1094,0,0,0,0,dahye,cross_leg_left,1
20,1786867292.785205,0,333,486,649,701,565,482,580,404,0,123,605,695,793,719,805,671,428,558,459,508,440,93,0,0,665,1075,1093,0,0,0,0,dahye,cross_leg_left,1
21,1786867292.785829,0,333,485,650,701,565,479,581,398,0,123,603,703,781,719,805,671,429,559,459,509,443,95,0,0,663,1079,1087,0,0,0,0,dahye,cross_leg_left,1
22,1786867292.786449,0,332,485,649,701,565,484,581,401,0,136,605,701,776,719,805,671,430,559,459,509,443,96,0,0,665,1071,1095,0,0,0,0,dahye,cross_leg_left,1
23,1786867292.787072,0,332,485,651,700,564,483,581,398,0,103,601,701,808,719,805,671,429,558,457,517,441,100,0,0,667,1078,1093,0,0,0,0,dahye,cross_leg_left,1
24,1786867292.787684,0,330,485,649,701,565,483,581,399,0,121,601,701,795,719,805,671,431,557,458,507,443,99,0,0,663,1080,1096,0,0,0,0,dahye,cross_leg_left,1
25,1786867292.788244,0,331,485,649,701,565,485,582,403,0,124,601,701,793,717,807,672,431,559,459,509,443,100,0,0,665,1077,1095,0,0,0,0,dahye,cross_leg_left,1
26,1786867292.788798,0,329,485,649,702,566,485,585,405,0,115,601,701,789,718,807,671,431,561,457,519,457,100,0,0,667,1070,1093,0,0,0,0,dahye,cross_leg_left,1
27,1786867292.789353,0,331,487,651,701,563,483,583,405,0,123,601,701,793,719,805,671,431,559,460,520,444,101,0,0,653,1080,1093,0,0,0,0,dahye,cross_leg_left,1
28,1786867292.790141,0,331,485,651,701,564,484,582,407,0,123,603,700,791,719,805,670,436,565,461,516,445,100,0,0,693,1077,1093,0,0,0,0,dahye,cross_leg_left,1
29,1786867292.790879,0,325,485,651,700,563,483,583,406,0,125,603,701,791,719,805,671,431,563,458,507,441,101,0,0,679,1076,1088,0,0,0,0,dahye,cross_leg_left,1
30,1786867292.791525,0,329,485,652,701,567,484,583,409,0,127,603,703,792,718,805,671,431,560,461,509,445,104,0,0,651,1079,1093,0,0,0,0,dahye,cross_leg_left,1
31,1786867292.792097,0,329,487,647,701,567,485,584,407,0,137,603,701,765,717,803,671,431,563,461,504,444,105,0,0,664,1074,1093,0,0,0,0,dahye,cross_leg_left,1
32,1786867292.792713,0,318,485,648,699,563,479,584,409,0,126,601,702,792,717,805,670,431,559,459,509,444,105,0,0,659,1071,1093,0,0,0,0,dahye,cross_leg_left,1
33,1786867292.793280,0,331,485,647,697,565,487,585,413,0,123,602,701,791,719,804,671,432,565,462,519,459,111,0,0,661,1075,1095,0,0,0,0,dahye,cross_leg_left,1
34,1786867292.793860,0,331,485,647,697,565,487,587,415,0,112,602,702,779,717,805,669,435,564,467,519,453,118,0,0,653,1075,1087,0,0,0,0,dahye,cross_leg_left,1
35,1786867292.794421,0,329,487,647,696,567,483,587,420,0,125,599,701,789,711,805,669,429,564,471,521,451,123,0,0,653,1071,1087,0,0,0,0,dahye,cross_leg_left,1
36,1786867292.794996,0,329,485,638,693,567,488,588,421,0,126,603,701,783,717,798,669,436,566,461,519,453,120,0,0,649,1067,1085,0,0,0,0,dahye,cross_leg_left,1
37,1786867292.795563,0,329,487,647,695,567,487,589,423,0,125,600,699,783,715,803,667,437,565,443,521,445,135,0,0,627,1061,1080,0,0,0,0,dahye,cross_leg_left,1
38,1786867292.796129,0,320,485,647,694,571,487,593,425,0,117,598,698,781,717,799,668,436,565,458,521,455,137,0,0,621,1049,1077,0,0,0,0,dahye,cross_leg_left,1
39,1786867292.796687,0,327,485,639,692,571,489,595,427,0,117,601,698,781,716,802,668,437,564,465,525,456,140,0,0,598,1048,1071,0,0,0,0,dahye,cross_leg_left,1
40,1786867292.797249,0,326,485,645,695,567,489,595,428,0,117,597,697,782,716,803,669,436,567,463,523,458,143,0,0,595,1039,1071,0,0,0,0,dahye,cross_leg_left,1
41,1786867292.797822,0,327,483,645,697,567,491,595,429,0,123,600,697,785,715,800,666,437,566,461,525,458,147,0,0,575,1039,1069,0,0,0,0,dahye,cross_leg_left,1
42,1786867292.798387,0,327,483,645,699,567,489,595,431,0,118,605,701,785,715,804,669,441,568,468,524,456,147,0,0,589,1045,1071,0,0,0,0,dahye,cross_leg_left,1
43,1786867292.798959,0,329,487,649,699,568,491,594,431,0,123,589,701,783,715,804,669,427,567,469,527,455,151,0,0,597,1031,1075,0,0,0,0,dahye,cross_leg_left,1
44,1786867292.799496,0,331,493,649,702,570,491,595,431,0,119,599,697,785,717,804,669,439,568,467,529,458,149,0,0,584,1039,1075,0,0,0,0,dahye,cross_leg_left,1
45,1786867292.799998,0,331,484,651,702,568,487,591,429,0,121,585,700,782,717,804,668,439,569,463,521,446,149,0,0,575,1045,1079,0,0,0,0,dahye,cross_leg_left,1
46,1786867292.800489,0,335,487,653,701,571,489,591,428,0,118,597,704,783,717,803,669,438,567,465,525,459,143,0,0,583,1015,1077,0,0,0,0,dahye,cross_leg_left,1
47,1786867292.800978,0,343,487,652,703,568,488,587,422,0,121,594,700,786,717,803,668,441,568,463,523,460,147,0,0,571,1017,1078,0,0,0,0,dahye,cross_leg_left,1
48,1786867292.801483,0,335,487,651,710,569,487,585,415,0,124,588,700,787,717,805,669,440,567,467,529,457,149,0,0,555,1017,1076,0,0,0,0,dahye,cross_leg_left,1
49,1786867292.801968,0,343,487,652,709,574,489,586,415,0,125,599,699,789,719,805,669,437,566,467,531,457,134,0,0,547,1007,1078,0,0,0,0,dahye,cross_leg_left,1
50,1786867292.802465,0,347,488,639,711,568,491,587,413,0,123,601,703,791,721,807,669,439,569,469,531,457,154,0,0,531,1011,1059,0,0,0,0,dahye,cross_leg_left,1
51,1786867292.803013,0,351,492,661,712,569,491,589,415,0,125,602,701,791,719,807,671,431,571,467,531,465,157,0,0,487,1007,1071,0,0,0,0,dahye,cross_leg_left,1
52,1786867292.803538,0,355,493,667,711,567,493,593,423,0,118,603,697,792,722,807,670,443,571,468,531,463,158,0,0,424,983,1070,0,0,0,0,dahye,cross_leg_left,1
53,1786867292.804035,0,357,495,671,716,571,495,597,427,0,111,601,699,789,724,810,671,441,573,471,531,462,167,0,0,373,971,1053,0,0,0,0,dahye,cross_leg_left,1
54,1786867292.804543,0,364,499,669,715,575,501,597,429,0,99,599,695,782,726,809,672,443,573,471,530,471,167,0,0,349,953,1069,0,0,0,0,dahye,cross_leg_left,1
55,1786867292.805042,0,371,499,669,717,579,503,599,435,0,77,597,693,779,723,809,671,441,571,469,537,467,168,0,0,327,927,1048,0,0,0,0,dahye,cross_leg_left,1
56,1786867292.805502,0,371,501,679,719,584,503,600,431,0,45,595,683,775,725,811,672,441,579,471,540,475,167,0,0,300,895,1059,0,0,0,0,dahye,cross_leg_left,1
57,1786867292.805954,0,373,503,675,723,585,504,601,437,0,49,588,687,773,724,812,669,441,573,471,537,468,169,0,0,281,876,1045,0,0,0,0,dahye,cross_leg_left,1
58,1786867292.806394,0,379,501,676,723,589,505,603,443,0,45,585,685,767,723,811,669,443,582,474,539,471,171,0,0,263,862,1060,0,0,0,0,dahye,cross_leg_left,1
59,1786867292.806868,0,403,504,681,723,589,505,605,441,0,43,584,692,765,723,811,667,443,581,473,541,476,174,0,0,279,859,1063,0,0,0,0,dahye,cross_leg_left,1
60,1786867292.807308,0,411,505,679,724,601,507,607,447,0,57,587,683,767,725,811,667,444,581,477,541,473,174,0,0,287,863,1067,0,0,0,0,dahye,cross_leg_left,1
61,1786867292.807741,0,421,505,700,725,589,508,611,448,0,69,588,685,773,725,811,667,443,581,477,549,476,175,0,0,298,877,1062,0,0,0,0,dahye,cross_leg_left,1
62,1786867292.808170,0,427,505,685,723,593,517,611,454,0,78,581,687,774,723,811,665,445,579,478,547,475,175,0,0,298,894,1064,0,0,0,0,dahye,cross_leg_left,1
63,1786867292.808607,0,429,507,687,723,600,509,611,455,0,79,585,687,773,727,808,664,447,588,475,549,473,174,0,0,355,921,1067,0,0,0,0,dahye,cross_leg_left,1
64,1786867292.809049,0,431,505,687,719,593,519,611,459,0,103,584,689,777,723,808,663,453,580,479,544,473,177,0,0,384,942,1062,0,0,0,0,dahye,cross_leg_left,1
65,1786867292.809483,0,424,503,683,716,601,511,613,455,0,105,585,691,776,723,805,663,453,581,472,546,473,175,0,0,373,953,1061,0,0,0,0,dahye,cross_leg_left,1
66,1786867292.809921,0,395,500,677,715,591,519,613,457,0,107,590,692,775,725,804,660,441,583,483,543,473,179,0,0,393,959,1045,0,0,0,0,dahye,cross_leg_left,1
67,1786867292.810353,0,359,493,669,713,587,519,615,458,0,105,585,692,776,721,804,657,455,587,485,559,478,181,0,0,383,967,1042,0,0,0,0,dahye,cross_leg_left,1
68,1786867292.810795,0,355,495,661,703,588,519,613,457,0,117,593,693,775,725,804,653,455,587,489,551,477,181,0,0,395,971,1017,0,0,0,0,dahye,cross_leg_left,1
69,1786867292.811223,0,344,489,653,701,588,519,614,459,0,109,595,693,775,723,799,653,459,587,493,549,483,181,0,0,381,969,1013,0,0,0,0,dahye,cross_leg_left,1
70,1786867292.811613,0,340,488,649,699,586,517,615,473,0,119,589,691,775,717,799,652,457,591,493,558,477,182,0,0,376,967,1007,0,0,0,0,dahye,cross_leg_left,1
71,1786867292.812037,0,331,487,648,695,589,519,614,463,0,117,587,686,775,717,796,651,455,591,489,551,477,184,0,0,363,966,1007,0,0,0,0,dahye,cross_leg_left,1
72,1786867292.812451,0,331,487,649,700,591,517,614,459,0,113,587,692,774,718,799,652,459,595,490,553,483,179,0,0,361,959,1013,0,0,0,0,dahye,cross_leg_left,1
73,1786867292.812875,0,335,487,650,699,591,509,614,460,0,107,595,689,773,714,797,653,457,589,487,548,489,175,0,0,354,964,1013,0,0,0,0,dahye,cross_leg_left,1
74,1786867292.813290,0,331,487,651,701,589,521,613,470,0,111,587,687,773,717,796,651,459,590,491,550,470,178,0,0,359,965,1015,0,0,0,0,dahye,cross_leg_left,1
75,1786867292.813716,0,333,489,654,701,581,509,613,469,0,111,594,691,772,717,793,651,455,589,487,551,475,179,0,0,373,968,1014,0,0,0,0,dahye,cross_leg_left,1
76,1786867292.814106,0,337,489,655,703,589,508,615,467,0,104,595,691,775,717,797,651,459,591,489,549,473,179,0,0,379,971,1013,0,0,0,0,dahye,cross_leg_left,1
77,1786867292.814508,0,338,489,654,709,589,519,615,468,0,112,589,691,774,717,798,651,460,595,491,551,489,180,0,0,389,974,1022,0,0,0,0,dahye,cross_leg_left,1
78,1786867292.814900,0,341,488,655,704,595,518,615,471,0,116,603,691,775,718,801,651,459,595,489,553,478,179,0,0,396,979,1019,0,0,0,0,dahye,cross_leg_left,1
79,1786867292.815287,0,341,487,661,709,597,517,617,471,0,116,575,693,776,717,799,659,459,595,491,552,475,180,0,0,391,981,1039,0,0,0,0,dahye,cross_leg_left,1
80,1786867292.815685,0,328,488,661,711,595,518,615,471,0,119,589,693,777,715,799,660,461,595,493,553,479,179,0,0,380,979,1042,0,0,0,0,dahye,cross_leg_left,1
81,1786867292.816080,0,329,487,657,710,599,519,616,469,0,115,575,690,777,717,805,659,461,596,489,553,482,182,0,0,376,977,1049,0,0,0,0,dahye,cross_leg_left,1
82,1786867292.816483,0,319,487,654,711,597,517,615,469,0,111,571,691,776,718,807,665,461,594,493,553,475,181,0,0,379,973,1061,0,0,0,0,dahye,cross_leg_left,1
83,1786867292.816871,0,330,485,655,711,598,521,617,470,0,109,585,691,775,719,807,669,467,598,492,555,488,183,0,0,383,973,1067,0,0,0,0,dahye,cross_leg_left,1
84,1786867292.817268,0,319,485,651,709,591,519,616,473,0,108,583,687,773,722,807,664,459,597,493,555,483,188,0,0,361,969,1063,0,0,0,0,dahye,cross_leg_left,1
85,1786867292.817667,0,331,487,653,712,595,507,617,471,0,102,575,689,775,724,807,664,469,595,508,556,487,183,0,0,351,959,1067,0,0,0,0,dahye,cross_leg_left,1
86,1786867292.818058,0,327,486,655,711,599,520,617,471,0,100,583,687,775,719,807,667,471,595,499,557,489,187,0,0,349,955,1064,0,0,0,0,dahye,cross_leg_left,1
87,1786867292.818455,0,329,484,663,711,596,521,619,478,0,92,573,687,767,717,809,669,469,598,501,554,484,187,0,0,320,947,1066,0,0,0,0,dahye,cross_leg_left,1
88,1786867292.818846,0,327,489,663,713,600,523,620,487,0,87,583,685,767,717,808,668,469,593,493,557,490,191,0,0,311,937,1055,0,0,0,0,dahye,cross_leg_left,1
89,1786867292.819232,0,329,488,664,714,601,524,627,489,0,73,583,684,765,721,809,667,467,597,499,557,491,197,0,0,297,932,1066,0,0,0,0,dahye,cross_leg_left,1
90,1786867292.819590,0,331,489,667,714,601,525,629,493,0,57,575,683,763,717,807,667,471,595,499,559,493,199,0,0,287,931,1061,0,0,0,0,dahye,cross_leg_left,1
91,1786867292.819948,0,334,491,671,717,603,529,633,499,0,41,572,681,765,717,807,669,471,605,500,559,493,187,0,0,279,924,1060,0,0,0,0,dahye,cross_leg_left,1
92,1786867292.820316,0,339,489,664,717,604,533,637,505,0,30,571,679,763,717,807,667,467,599,499,559,493,197,0,0,271,921,1059,0,0,0,0,dahye,cross_leg_left,1
93,1786867292.820675,0,341,493,669,719,607,531,638,509,0,27,569,679,760,719,805,669,487,599,499,559,495,199,0,0,269,921,1061,0,0,0,0,dahye,cross_leg_left,1
94,1786867292.821039,0,341,490,675,718,607,530,639,506,0,21,567,679,761,715,802,667,466,613,500,559,495,199,0,0,276,921,1061,0,0,0,0,dahye,cross_leg_left,1
95,1786867292.821395,0,341,490,675,719,607,531,645,529,0,0,567,676,761,715,800,662,466,597,519,563,498,200,0,0,287,925,1049,0,0,0,0,dahye,cross_leg_left,1
96,1786867292.821758,0,339,493,675,719,607,533,647,521,0,0,565,677,761,713,799,663,463,601,499,563,499,199,0,0,307,933,1045,0,0,0,0,dahye,cross_leg_left,1
97,1786867292.822114,0,331,491,669,717,611,533,645,521,0,20,567,677,761,715,814,663,468,597,502,560,498,201,0,0,329,942,1033,0,0,0,0,dahye,cross_leg_left,1
98,1786867292.822469,0,329,487,664,716,601,533,645,521,0,22,567,677,760,714,803,665,471,601,502,563,500,202,0,0,341,950,1033,0,0,0,0,dahye,cross_leg_left,1
99,1786867292.822834,0,327,485,666,714,605,532,645,509,0,35,563,679,761,715,803,662,474,599,508,565,503,204,0,0,341,958,1029,0,0,0,0,dahye,cross_leg_left,1
100,1786867292.823187,0,319,484,658,711,607,531,637,501,0,51,567,675,761,718,805,665,469,601,503,566,505,206,0,0,339,968,1019,0,0,0,0,dahye,cross_leg_left,1
101,1786867292.823565,0,317,477,659,704,603,533,635,499,0,51,569,679,761,717,803,662,473,607,504,567,507,207,0,0,332,957,1016,0,0,0,0,dahye,cross_leg_left,1
102,1786867292.823929,0,315,477,651,700,603,532,634,491,0,46,569,679,762,714,803,663,475,601,505,567,507,215,0,0,325,957,1012,0,0,0,0,dahye,cross_leg_left,1
103,1786867292.824287,0,312,475,649,699,606,524,633,493,0,40,569,679,762,711,803,661,477,603,509,568,509,214,0,0,303,953,1011,0,0,0,0,dahye,cross_leg_left,1
104,1786867292.824646,0,310,475,649,698,603,529,634,492,0,23,564,679,758,716,804,659,477,593,506,569,507,215,0,0,293,952,1019,0,0,0,0,dahye,cross_leg_left,1
105,1786867292.824999,0,301,472,639,697,615,529,635,505,0,0,563,676,756,715,803,663,476,602,517,567,507,217,0,0,284,948,1031,0,0,0,0,dahye,cross_leg_left,1
106,1786867292.825334,0,297,472,636,693,607,533,635,501,0,0,565,671,757,711,803,664,475,603,521,569,508,219,0,0,281,951,1033,0,0,0,0,dahye,cross_leg_left,1
107,1786867292.825663,0,297,469,637,697,609,533,636,503,0,0,557,675,755,715,805,664,486,603,509,568,517,221,0,0,287,949,1044,0,0,0,0,dahye,cross_leg_left,1
108,1786867292.825999,0,296,470,637,697,610,533,639,503,0,0,559,676,755,715,807,664,475,603,509,569,517,223,0,0,291,951,1053,0,0,0,0,dahye,cross_leg_left,1
109,1786867292.826328,0,297,471,647,703,611,532,637,506,0,0,557,675,755,723,808,667,482,611,509,571,519,230,0,0,289,951,1061,0,0,0,0,dahye,cross_leg_left,1
110,1786867292.826658,0,299,473,651,703,611,534,639,507,0,0,551,676,757,716,812,668,483,606,523,573,520,237,0,0,279,949,1065,0,0,0,0,dahye,cross_leg_left,1
111,1786867292.826991,0,302,473,657,712,612,536,646,519,0,0,567,671,755,697,812,668,483,612,517,573,523,247,0,0,243,939,1076,0,0,0,0,dahye,cross_leg_left,1
112,1786867292.827348,0,306,476,659,713,613,537,647,521,0,0,566,669,749,721,812,665,483,605,523,575,523,260,0,0,182,925,1077,0,0,0,0,dahye,cross_leg_left,1
113,1786867292.827716,0,309,477,661,712,615,535,649,523,0,0,551,670,743,724,810,669,484,615,531,575,527,264,0,0,126,916,1079,0,0,0,0,dahye,cross_leg_left,1
114,1786867292.828060,0,311,477,662,713,615,537,651,529,0,0,541,661,733,723,809,665,478,615,508,579,523,265,0,0,99,901,1079,0,0,0,0,dahye,cross_leg_left,1
115,1786867292.828414,0,313,475,663,714,615,535,652,527,0,0,533,651,725,718,805,666,476,614,520,579,527,267,0,0,78,879,1073,0,0,0,0,dahye,cross_leg_left,1
116,1786867292.828747,0,317,479,665,715,615,539,653,533,0,0,538,637,713,714,805,665,475,613,523,579,524,267,0,0,75,875,1076,0,0,0,0,dahye,cross_leg_left,1
117,1786867292.829082,0,327,483,666,713,618,543,660,542,0,0,520,628,701,713,799,659,478,613,523,581,527,269,0,0,71,867,1069,0,0,0,0,dahye,cross_leg_left,1
118,1786867292.829426,0,319,489,667,712,619,541,663,549,0,0,506,616,699,709,800,660,473,613,527,581,529,273,0,0,63,867,1068,0,0,0,0,dahye,cross_leg_left,1
119,1786867292.829758,0,318,485,669,712,623,552,667,558,0,0,495,610,695,710,799,653,473,613,535,583,530,280,0,0,59,862,1070,0,0,0,0,dahye,cross_leg_left,1
120,1786867292.830104,0,319,493,671,709,624,543,675,570,0,0,499,607,695,709,797,651,473,615,531,585,531,291,0,0,59,871,1069,0,0,0,0,dahye,cross_leg_left,1
121,1786867292.830438,0,319,483,671,711,629,549,677,575,0,0,500,606,697,700,799,654,475,616,541,587,533,299,0,0,59,877,1067,0,0,0,0,dahye,cross_leg_left,1
122,1786867292.830770,0,315,493,671,711,633,549,680,576,0,0,502,605,700,696,803,637,469,618,537,593,535,311,0,0,57,890,1066,0,0,0,0,dahye,cross_leg_left,1
123,1786867292.831104,0,316,483,674,709,635,549,680,581,0,0,523,605,709,697,799,653,472,619,537,597,537,316,0,0,50,902,1071,0,0,0,0,dahye,cross_leg_left,1
124,1786867292.831418,0,319,482,669,703,636,549,681,582,0,0,503,608,711,699,799,645,473,619,537,597,541,329,0,0,28,907,1065,0,0,0,0,dahye,cross_leg_left,1
125,1786867292.831743,0,317,475,666,703,637,551,683,584,0,0,505,611,711,702,799,647,473,619,540,599,543,337,0,0,35,917,1065,0,0,0,0,dahye,cross_leg_left,1
126,1786867292.832069,0,317,477,665,702,645,551,684,585,0,0,517,613,715,701,800,639,477,623,543,601,543,342,0,0,55,935,1066,0,0,0,0,dahye,cross_leg_left,1
127,1786867292.832411,0,316,471,661,701,645,554,687,587,0,0,519,615,722,709,797,648,462,623,542,601,547,341,0,0,57,951,1086,0,0,0,0,dahye,cross_leg_left,1
128,1786867292.832740,0,315,473,661,699,647,555,692,591,0,0,523,617,724,703,800,647,477,623,547,603,548,345,0,0,69,978,1067,0,0,0,0,dahye,cross_leg_left,1
129,1786867292.833057,0,314,467,659,699,647,554,695,595,0,0,521,617,723,710,803,651,467,623,543,603,543,343,0,0,77,989,1071,0,0,0,0,dahye,cross_leg_left,1
130,1786867292.833375,0,309,466,652,695,647,553,700,599,0,0,525,617,725,717,805,647,475,619,544,603,542,341,0,0,83,995,1075,0,0,0,0,dahye,cross_leg_left,1
131,1786867292.833687,0,307,458,647,694,649,553,699,597,0,0,529,617,726,703,798,639,474,621,547,603,547,341,0,0,85,999,1075,0,0,0,0,dahye,cross_leg_left,1
132,1786867292.834012,0,301,453,644,687,647,554,699,599,0,0,529,619,725,701,797,645,475,620,543,604,547,343,0,0,87,989,1069,0,0,0,0,dahye,cross_leg_left,1
133,1786867292.834331,0,295,446,629,676,647,553,694,600,0,0,525,615,719,701,793,637,472,619,542,601,543,343,0,0,89,978,1060,0,0,0,0,dahye,cross_leg_left,1
134,1786867292.834643,0,294,438,631,670,647,554,696,599,0,0,529,618,717,697,790,633,475,619,547,603,543,345,0,0,93,967,1055,0,0,0,0,dahye,cross_leg_left,1
135,1786867292.834969,0,292,431,627,667,647,552,693,601,0,0,529,615,715,693,787,631,469,622,547,602,543,339,0,0,105,975,1055,0,0,0,0,dahye,cross_leg_left,1
136,1786867292.835284,0,287,428,621,663,639,551,694,601,0,0,525,612,711,691,787,627,471,618,543,599,540,330,0,0,105,980,1055,0,0,0,0,dahye,cross_leg_left,1
137,1786867292.835609,0,285,425,619,659,639,551,695,601,0,0,523,613,711,687,777,625,467,617,547,597,531,317,0,0,120,979,1055,0,0,0,0,dahye,cross_leg_left,1
138,1786867292.835925,0,284,421,617,659,645,553,695,601,0,0,523,615,714,684,780,629,467,615,543,599,531,314,0,0,150,980,1055,0,0,0,0,dahye,cross_leg_left,1
139,1786867292.836238,0,281,423,618,655,646,552,695,603,0,0,522,613,711,687,780,623,467,615,543,599,530,307,0,0,171,979,1055,0,0,0,0,dahye,cross_leg_left,1
140,1786867292.836562,0,280,421,617,658,645,552,695,604,0,0,523,614,713,693,779,627,467,613,543,600,529,301,0,0,187,967,1055,0,0,0,0,dahye,cross_leg_left,1
141,1786867292.836881,0,279,423,620,660,647,554,695,606,0,0,523,613,711,686,783,627,469,616,543,600,527,297,0,0,219,967,1053,0,0,0,0,dahye,cross_leg_left,1
142,1786867292.837200,0,279,421,619,661,647,555,699,607,0,0,524,615,713,683,781,631,464,615,543,601,525,292,0,0,237,943,1051,0,0,0,0,dahye,cross_leg_left,1
143,1786867292.837518,0,277,421,620,661,639,554,701,612,0,0,523,614,711,693,794,629,465,613,541,599,523,285,0,0,261,924,1049,0,0,0,0,dahye,cross_leg_left,1
144,1786867292.837833,0,275,425,620,664,647,553,701,615,0,0,529,618,715,683,783,637,462,615,543,598,525,271,0,0,278,908,1045,0,0,0,0,dahye,cross_leg_left,1
145,1786867292.838159,0,275,423,621,663,649,553,703,613,0,0,529,617,715,682,787,630,461,616,543,595,517,254,0,0,292,888,1043,0,0,0,0,dahye,cross_leg_left,1
146,1786867292.838471,0,275,425,621,663,647,553,702,614,0,0,525,614,715,677,781,634,461,614,541,595,509,245,0,0,301,877,1043,0,0,0,0,dahye,cross_leg_left,1
147,1786867292.838798,0,275,425,621,665,648,553,703,615,0,0,529,619,716,687,787,631,459,611,541,596,507,239,0,0,315,869,1044,0,0,0,0,dahye,cross_leg_left,1
148,1786867292.839098,0,277,428,623,665,647,553,703,615,0,0,530,619,717,685,785,623,459,611,539,588,503,231,0,0,328,861,1045,0,0,0,0,dahye,cross_leg_left,1
149,1786867292.839401,0,277,429,627,665,648,553,708,615,0,0,533,622,703,685,785,631,459,607,537,585,503,219,0,0,330,858,1045,0,0,0,0,dahye,cross_leg_left,1
150,1786867292.839706,0,277,433,623,665,645,553,703,615,0,0,530,621,711,685,783,632,457,611,537,585,496,213,0,0,347,861,1046,0,0,0,0,dahye,cross_leg_left,1
151,1786867292.840005,0,279,439,625,667,647,551,709,616,0,0,531,621,726,685,786,639,457,605,537,581,501,206,0,0,360,859,1048,0,0,0,0,dahye,cross_leg_left,1
152,1786867292.840329,0,278,427,627,667,647,553,710,618,0,0,532,627,727,685,786,629,455,605,535,585,499,209,0,0,383,863,1050,0,0,0,0,dahye,cross_leg_left,1
153,1786867292.840636,0,279,438,627,667,647,553,711,616,0,0,531,625,722,691,787,621,457,606,536,579,495,204,0,0,392,870,1051,0,0,0,0,dahye,cross_leg_left,1
154,1786867292.840938,0,279,435,627,669,647,553,711,617,0,0,532,628,725,685,788,633,457,605,535,575,490,202,0,0,404,875,1051,0,0,0,0,dahye,cross_leg_left,1
155,1786867292.841233,0,279,437,627,671,649,552,709,616,0,0,534,630,725,679,789,636,456,605,535,581,491,190,0,0,408,871,1051,0,0,0,0,dahye,cross_leg_left,1
156,1786867292.841531,0,279,435,629,671,649,552,701,615,0,0,534,631,731,691,792,623,455,600,536,579,489,183,0,0,409,877,1053,0,0,0,0,dahye,cross_leg_left,1
157,1786867292.841832,0,281,439,631,679,648,551,699,614,0,0,538,635,741,694,793,647,455,601,532,575,491,174,0,0,413,883,1053,0,0,0,0,dahye,cross_leg_left,1
158,1786867292.842128,0,281,440,631,681,649,551,697,613,0,0,540,638,731,695,795,645,453,599,531,571,484,159,0,0,419,887,1052,0,0,0,0,dahye,cross_leg_left,1
159,1786867292.842433,0,283,442,635,684,647,551,696,611,0,0,547,647,735,695,797,633,445,597,525,569,485,155,0,0,417,888,1051,0,0,0,0,dahye,cross_leg_left,1
160,1786867292.842729,0,285,445,637,687,647,551,693,607,0,0,543,648,734,696,797,650,442,595,523,571,479,143,0,0,425,889,1051,0,0,0,0,dahye,cross_leg_left,1
161,1786867292.843027,0,287,455,639,691,647,550,691,605,0,0,549,651,747,699,799,663,440,591,523,565,474,117,0,0,429,892,1049,0,0,0,0,dahye,cross_leg_left,1
162,1786867292.843326,0,291,455,647,695,647,541,686,600,0,0,552,652,735,700,799,649,437,589,517,565,461,107,0,0,442,893,1049,0,0,0,0,dahye,cross_leg_left,1
163,1786867292.843620,0,297,455,651,697,647,543,683,595,0,25,553,654,743,699,805,653,436,586,509,559,473,100,0,0,445,902,1050,0,0,0,0,dahye,cross_leg_left,1
164,1786867292.843922,0,298,461,659,701,645,543,679,589,0,41,553,659,745,702,806,660,436,586,506,559,471,86,0,0,458,905,1051,0,0,0,0,dahye,cross_leg_left,1
165,1786867292.844217,0,301,459,661,703,646,543,671,571,0,51,558,661,751,703,806,639,435,585,505,557,467,82,0,0,467,907,1050,0,0,0,0,dahye,cross_leg_left,1
166,1786867292.844523,0,309,461,663,709,647,542,671,567,0,57,559,661,751,701,808,659,437,585,500,555,463,78,0,0,487,914,1052,0,0,0,0,dahye,cross_leg_left,1
167,1786867292.844847,0,313,467,667,715,647,541,668,557,0,73,559,667,755,711,808,659,435,585,501,555,463,76,0,0,499,919,1052,0,0,0,0,dahye,cross_leg_left,1
168,1786867292.845172,0,325,469,668,718,647,541,667,551,0,83,565,667,755,711,809,661,435,585,500,553,460,77,0,0,505,921,1052,0,0,0,0,dahye,cross_leg_left,1
169,1786867292.845490,0,330,471,671,723,647,541,666,542,0,93,567,671,751,712,811,661,435,584,499,552,460,75,0,0,509,923,1051,0,0,0,0,dahye,cross_leg_left,1
170,1786867292.845787,0,333,471,675,719,645,541,665,536,0,101,567,669,759,713,809,663,435,586,498,551,458,74,0,0,524,923,1051,0,0,0,0,dahye,cross_leg_left,1
171,1786867292.846100,0,341,467,675,724,648,541,663,535,0,99,569,669,759,715,811,650,437,586,497,553,456,75,0,0,532,927,1051,0,0,0,0,dahye,cross_leg_left,1
172,1786867292.846402,0,341,474,676,723,647,541,664,531,0,103,569,677,760,715,811,661,437,587,495,553,459,75,0,0,533,931,1050,0,0,0,0,dahye,cross_leg_left,1
173,1786867292.846703,0,344,474,679,723,648,541,661,529,0,104,569,675,761,714,811,662,437,587,495,551,457,75,0,0,536,932,1052,0,0,0,0,dahye,cross_leg_left,1
174,1786867292.846991,0,343,477,680,724,647,539,663,531,0,104,569,677,764,716,813,663,437,587,493,551,455,75,0,0,537,935,1052,0,0,0,0,dahye,cross_leg_left,1
175,1786867292.847279,0,344,476,679,725,647,541,663,531,0,102,568,678,761,715,812,663,437,587,495,551,455,71,0,0,539,939,1051,0,0,0,0,dahye,cross_leg_left,1
176,1786867292.847574,0,345,477,678,725,649,541,664,533,0,102,573,679,760,716,811,663,436,587,494,551,457,73,0,0,537,925,1055,0,0,0,0,dahye,cross_leg_left,1
177,1786867292.847860,0,344,478,680,724,648,543,665,536,0,103,570,675,763,715,811,663,438,589,494,550,457,75,0,0,539,941,1054,0,0,0,0,dahye,cross_leg_left,1
178,1786867292.848151,0,343,477,679,726,650,543,667,543,0,101,570,675,763,716,813,663,439,589,494,553,462,75,0,0,535,944,1053,0,0,0,0,dahye,cross_leg_left,1
179,1786867292.848442,0,345,480,679,726,649,543,668,549,0,101,569,671,760,717,813,663,440,589,495,553,459,84,0,0,533,926,1053,0,0,0,0,dahye,cross_leg_left,1
180,1786867292.848729,0,347,478,680,727,651,547,669,553,0,103,571,671,763,717,813,663,439,589,495,552,461,75,0,0,533,947,1053,0,0,0,0,dahye,cross_leg_left,1
181,1786867292.849018,0,349,477,683,728,651,549,671,557,0,99,571,677,765,717,813,663,439,589,495,551,462,77,0,0,535,936,1053,0,0,0,0,dahye,cross_leg_left,1
182,1786867292.849304,0,349,483,685,730,651,549,671,559,0,98,569,675,763,716,813,664,439,589,495,553,444,75,0,0,529,940,1054,0,0,0,0,dahye,cross_leg_left,1
183,1786867292.849596,0,355,483,686,729,652,549,671,559,0,101,569,675,763,716,823,665,439,589,493,551,460,73,0,0,533,939,1053,0,0,0,0,dahye,cross_leg_left,1
184,1786867292.849884,0,355,479,686,730,651,549,675,560,0,101,571,677,764,717,813,663,439,589,495,553,457,71,0,0,531,939,1055,0,0,0,0,dahye,cross_leg_left,1
185,1786867292.850173,0,357,484,683,731,653,547,670,562,0,101,573,675,763,715,814,667,439,585,491,551,457,61,0,0,533,941,1055,0,0,0,0,dahye,cross_leg_left,1
186,1786867292.850475,0,351,485,687,731,646,547,669,551,0,99,569,675,763,716,813,664,445,588,493,551,459,62,0,0,533,943,1053,0,0,0,0,dahye,cross_leg_left,1
187,1786867292.850762,0,360,487,691,731,651,547,667,543,0,100,571,679,762,717,815,665,439,589,492,551,453,63,0,0,535,949,1055,0,0,0,0,dahye,cross_leg_left,1
188,1786867292.851058,0,359,485,683,732,651,542,665,537,0,103,572,679,768,717,815,664,438,590,491,533,456,61,0,0,544,959,1055,0,0,0,0,dahye,cross_leg_left,1
189,1786867292.851345,0,364,487,692,731,649,543,663,531,0,102,571,677,766,717,815,665,439,589,489,547,461,55,0,0,549,951,1055,0,0,0,0,dahye,cross_leg_left,1
190,1786867292.851632,0,367,485,692,733,649,539,660,524,0,107,573,679,761,717,815,665,440,587,490,546,455,53,0,0,548,950,1055,0,0,0,0,dahye,cross_leg_left,1
191,1786867292.851935,0,371,484,692,733,651,542,660,521,0,107,571,680,775,717,815,665,437,586,489,550,447,45,0,0,551,951,1054,0,0,0,0,dahye,cross_leg_left,1
192,1786867292.852233,0,383,486,694,732,651,541,661,521,0,111,575,676,775,718,816,666,436,585,487,549,453,40,0,0,547,951,1055,0,0,0,0,dahye,cross_leg_left,1
193,1786867292.852542,0,395,487,693,734,650,543,660,519,0,107,575,685,782,717,816,665,437,587,489,547,445,39,0,0,553,955,1053,0,0,0,0,dahye,cross_leg_left,1
194,1786867292.852828,0,399,485,693,738,651,541,661,521,0,111,574,680,773,722,818,664,436,587,489,549,453,37,0,0,573,955,1055,0,0,0,0,dahye,cross_leg_left,1
195,1786867292.853104,0,397,489,690,734,651,541,661,519,0,109,574,695,774,721,815,665,437,585,487,547,467,45,0,0,555,952,1054,0,0,0,0,dahye,cross_leg_left,1
196,1786867292.853390,0,400,489,693,735,650,541,661,522,0,115,581,682,775,718,819,667,438,589,489,549,447,57,0,0,560,955,1055,0,0,0,0,dahye,cross_leg_left,1
197,1786867292.853669,0,399,490,697,739,652,544,660,521,0,114,589,679,775,719,819,665,439,589,487,549,455,40,0,0,555,967,1053,0,0,0,0,dahye,cross_leg_left,1
198,1786867292.853954,0,399,489,697,739,653,547,663,522,0,107,575,679,775,719,816,665,439,587,488,551,455,45,0,0,549,956,1055,0,0,0,0,dahye,cross_leg_left,1
199,1786867292.854237,0,403,491,697,735,655,543,663,523,0,111,575,667,776,721,816,665,439,589,489,549,439,39,0,0,559,957,1055,0,0,0,0,dahye,cross_leg_left,1
200,1786867292.854517,0,396,491,695,735,651,547,663,527,0,107,571,680,775,719,815,665,439,587,488,536,456,43,0,0,561,965,1059,0,0,0,0,dahye,cross_leg_left,1
201,1786867292.854806,0,379,490,695,733,653,547,663,525,0,108,572,679,773,719,815,665,437,591,489,547,456,43,0,0,557,953,1060,0,0,0,0,dahye,cross_leg_left,1
202,1786867292.855083,0,381,489,696,733,657,547,664,525,0,109,574,691,775,719,815,665,439,589,489,542,443,45,0,0,562,952,1061,0,0,0,0,dahye,cross_leg_left,1
203,1786867292.855369,0,379,489,697,734,655,547,664,529,0,102,575,677,773,719,815,663,437,593,490,551,447,51,0,0,567,965,1061,0,0,0,0,dahye,cross_leg_left,1
204,1786867292.855646,0,376,490,696,735,655,547,664,531,0,99,559,677,773,722,818,664,439,591,490,547,459,51,0,0,550,957,1062,0,0,0,0,dahye,cross_leg_left,1
205,1786867292.855928,0,377,489,697,734,655,547,664,529,0,99,571,683,767,719,815,663,439,589,490,547,458,52,0,0,559,957,1065,0,0,0,0,dahye,cross_leg_left,1
206,1786867292.856216,0,376,489,697,735,655,547,665,529,0,101,573,679,771,719,815,664,440,596,492,549,455,53,0,0,539,951,1064,0,0,0,0,dahye,cross_leg_left,1
207,1786867292.856494,0,377,489,697,735,657,548,663,525,0,95,575,675,768,717,813,663,439,590,489,563,461,55,0,0,551,953,1061,0,0,0,0,dahye,cross_leg_left,1
208,1786867292.856781,0,373,491,696,731,659,549,663,525,0,91,570,676,773,721,813,663,441,591,489,551,457,51,0,0,553,953,1063,0,0,0,0,dahye,cross_leg_left,1
209,1786867292.857082,0,377,490,696,733,660,549,665,525,0,95,563,681,772,719,815,663,442,591,492,549,459,57,0,0,551,953,1063,0,0,0,0,dahye,cross_leg_left,1
210,1786867292.857361,0,380,489,696,733,661,549,665,527,0,89,567,677,767,719,815,663,440,595,491,552,459,61,0,0,547,957,1068,0,0,0,0,dahye,cross_leg_left,1
211,1786867292.857642,0,391,491,697,731,660,549,664,529,0,91,586,676,767,718,815,663,441,594,491,551,459,60,0,0,551,964,1067,0,0,0,0,dahye,cross_leg_left,1
212,1786867292.857913,0,372,491,695,732,655,550,667,527,0,89,573,679,773,719,813,663,441,595,493,552,459,57,0,0,544,949,1068,0,0,0,0,dahye,cross_leg_left,1
213,1786867292.858192,0,374,491,695,731,666,550,665,529,0,85,571,676,773,719,815,665,441,594,490,550,462,61,0,0,543,965,1067,0,0,0,0,dahye,cross_leg_left,1
214,1786867292.858468,0,363,491,697,731,661,550,665,531,0,89,571,677,767,721,814,665,441,595,493,550,461,61,0,0,539,951,1067,0,0,0,0,dahye,cross_leg_left,1
215,1786867292.858743,0,375,491,695,730,657,549,665,531,0,90,571,677,771,718,813,664,441,594,492,554,467,61,0,0,539,943,1066,0,0,0,0,dahye,cross_leg_left,1
216,1786867292.859023,0,374,490,699,732,663,549,665,531,0,87,569,669,766,717,813,664,442,594,491,552,467,63,0,0,531,943,1068,0,0,0,0,dahye,cross_leg_left,1
217,1786867292.859296,0,376,489,697,731,661,551,665,531,0,75,571,677,767,717,813,663,438,594,491,553,463,69,0,0,531,949,1065,0,0,0,0,dahye,cross_leg_left,1
218,1786867292.859576,0,371,491,696,732,661,553,664,527,0,77,571,676,764,722,811,663,439,594,490,552,462,67,0,0,535,951,1067,0,0,0,0,dahye,cross_leg_left,1
219,1786867292.859848,0,375,490,697,730,663,551,667,531,0,73,570,675,765,717,813,663,440,595,491,552,463,68,0,0,539,941,1068,0,0,0,0,dahye,cross_leg_left,1
220,1786867292.860121,0,375,491,692,733,663,551,667,533,0,72,571,671,763,719,815,663,440,597,493,550,461,71,0,0,525,949,1064,0,0,0,0,dahye,cross_leg_left,1
221,1786867292.860422,0,379,491,699,733,661,551,667,538,0,69,567,677,765,717,813,663,442,597,492,551,467,73,0,0,535,944,1069,0,0,0,0,dahye,cross_leg_left,1
222,1786867292.860714,0,375,491,700,731,664,553,669,537,0,63,569,669,767,719,813,664,441,596,494,549,463,73,0,0,529,951,1069,0,0,0,0,dahye,cross_leg_left,1
223,1786867292.861030,0,374,491,699,732,662,553,669,549,0,61,569,671,766,718,813,663,443,597,497,552,471,71,0,0,533,948,1066,0,0,0,0,dahye,cross_leg_left,1
224,1786867292.861322,0,377,491,701,733,664,554,668,541,0,61,569,685,766,719,813,663,442,599,493,554,462,75,0,0,522,947,1067,0,0,0,0,dahye,cross_leg_left,1
225,1786867292.861600,0,375,491,697,732,664,553,669,549,0,57,570,659,765,719,812,664,443,598,493,553,472,79,0,0,534,951,1069,0,0,0,0,dahye,cross_leg_left,1
226,1786867292.861886,0,375,491,698,733,661,553,669,535,0,75,567,667,767,718,813,663,445,595,493,554,475,78,0,0,525,949,1069,0,0,0,0,dahye,cross_leg_left,1
227,1786867292.862164,0,373,492,694,732,665,551,669,539,0,61,569,687,765,717,811,663,443,598,496,555,459,73,0,0,521,951,1070,0,0,0,0,dahye,cross_leg_left,1
228,1786867292.862450,0,375,491,697,732,662,554,671,539,0,36,569,684,765,716,814,663,443,598,500,555,467,79,0,0,529,949,1069,0,0,0,0,dahye,cross_leg_left,1
229,1786867292.862732,0,371,491,697,732,664,552,670,538,0,47,568,671,765,721,812,663,443,590,499,551,461,77,0,0,525,951,1069,0,0,0,0,dahye,cross_leg_left,1
230,1786867292.863015,0,373,489,699,733,663,553,671,543,0,23,567,663,765,717,811,663,445,597,499,552,467,79,0,0,529,951,1069,0,0,0,0,dahye,cross_leg_left,1
231,1786867292.863297,0,372,491,697,731,665,553,671,541,0,30,567,669,764,714,815,665,445,597,499,553,469,79,0,0,523,952,1065,0,0,0,0,dahye,cross_leg_left,1
232,1786867292.863573,0,373,491,696,733,664,554,671,541,0,20,570,663,765,721,813,663,443,599,496,553,469,79,0,0,523,951,1070,0,0,0,0,dahye,cross_leg_left,1
233,1786867292.863858,0,367,491,699,733,662,565,671,543,0,28,567,669,764,715,810,665,445,598,500,553,471,81,0,0,533,951,1068,0,0,0,0,dahye,cross_leg_left,1
234,1786867292.864139,0,371,491,701,733,663,553,670,543,0,40,567,671,765,717,809,665,445,602,501,556,485,83,0,0,521,951,1069,0,0,0,0,dahye,cross_leg_left,1
235,1786867292.864423,0,373,491,697,731,663,555,670,543,0,27,569,665,765,723,811,665,443,603,495,559,472,83,0,0,507,949,1067,0,0,0,0,dahye,cross_leg_left,1
236,1786867292.864704,0,374,492,695,733,666,555,671,545,0,29,569,671,765,721,811,665,436,597,500,555,471,77,0,0,508,950,1079,0,0,0,0,dahye,cross_leg_left,1
237,1786867292.864982,0,373,491,695,733,670,552,670,541,0,31,565,670,765,718,813,664,447,598,498,555,466,76,0,0,507,950,1067,0,0,0,0,dahye,cross_leg_left,1
238,1786867292.865265,0,376,492,699,733,667,555,671,541,0,28,569,669,767,717,813,665,444,597,493,555,471,71,0,0,506,949,1072,0,0,0,0,dahye,cross_leg_left,1
239,1786867292.865563,0,377,493,700,733,667,554,671,541,0,29,567,669,767,717,813,667,445,597,499,549,471,77,0,0,499,951,1071,0,0,0,0,dahye,cross_leg_left,1
240,1786867292.865844,0,377,493,697,733,663,553,671,541,0,33,573,671,767,715,813,665,451,601,501,555,470,87,0,0,508,949,1071,0,0,0,0,dahye,cross_leg_left,1
241,1786867292.866128,0,377,493,697,733,665,555,669,541,0,35,569,669,755,717,813,665,445,599,495,557,472,83,0,0,519,951,1069,0,0,0,0,dahye,cross_leg_left,1
242,1786867292.866405,0,377,493,698,735,663,549,675,543,0,35,569,663,788,722,812,666,445,599,509,555,471,83,0,0,521,951,1071,0,0,0,0,dahye,cross_leg_left,1
243,1786867292.866687,0,372,493,699,735,663,554,669,541,0,36,567,669,767,719,813,665,445,600,501,555,472,87,0,0,517,951,1069,0,0,0,0,dahye,cross_leg_left,1
244,1786867292.866964,0,376,492,699,733,665,554,670,540,0,31,559,671,765,722,813,664,439,600,501,556,472,78,0,0,517,951,1075,0,0,0,0,dahye,cross_leg_left,1
245,1786867292.867241,0,374,493,701,733,663,563,671,542,0,29,569,669,765,719,813,665,446,597,501,556,471,86,0,0,507,951,1075,0,0,0,0,dahye,cross_leg_left,1
246,1786867292.867508,0,375,492,700,733,666,551,671,543,0,26,557,669,766,717,818,661,447,601,519,557,473,82,0,0,508,952,1068,0,0,0,0,dahye,cross_leg_left,1
247,1786867292.867775,0,375,491,700,733,669,555,671,544,0,26,571,670,765,721,813,666,445,601,496,557,467,85,0,0,521,953,1069,0,0,0,0,dahye,cross_leg_left,1
248,1786867292.868043,0,379,495,698,731,665,552,670,548,0,26,569,669,765,717,815,665,445,593,499,557,472,83,0,0,519,953,1086,0,0,0,0,dahye,cross_leg_left,1
249,1786867292.868310,0,377,491,700,735,665,555,671,543,0,26,569,669,766,719,817,667,447,595,495,555,471,83,0,0,520,952,1081,0,0,0,0,dahye,cross_leg_left,1
250,1786867292.872797,0,375,492,697,734,667,553,671,547,0,27,562,671,766,723,818,665,439,603,501,555,472,83,0,0,519,953,1068,0,0,0,0,dahye,cross_leg_left,1
251,1786867292.892824,0,389,493,697,735,667,556,671,543,0,27,569,671,767,718,814,666,441,600,501,555,472,83,0,0,523,954,1071,0,0,0,0,dahye,cross_leg_left,1
252,1786867292.912843,0,377,492,699,734,669,555,671,541,0,28,568,671,765,718,816,664,446,603,499,556,471,83,0,0,521,953,1069,0,0,0,0,dahye,cross_leg_left,1
253,1786867292.932844,0,369,493,699,735,665,555,671,543,0,27,579,671,768,719,812,667,461,601,503,557,471,79,0,0,523,953,1076,0,0,0,0,dahye,cross_leg_left,1
254,1786867292.952906,0,378,494,698,733,667,551,671,539,0,28,568,669,765,723,815,667,443,598,501,557,470,84,0,0,523,954,1063,0,0,0,0,dahye,cross_leg_left,1
255,1786867292.972915,0,381,493,699,733,665,555,669,541,0,29,569,671,767,718,817,667,443,601,503,555,472,84,0,0,523,955,1061,0,0,0,0,dahye,cross_leg_left,1
256,1786867292.992887,0,373,493,700,738,665,557,670,543,0,28,569,671,767,719,815,666,455,599,503,555,472,85,0,0,525,955,1062,0,0,0,0,dahye,cross_leg_left,1
257,1786867293.012934,0,390,491,697,735,667,555,671,543,0,27,571,671,766,722,816,666,445,599,502,555,471,87,0,0,525,955,1075,0,0,0,0,dahye,cross_leg_left,1
258,1786867293.032933,0,379,493,699,733,667,553,671,543,0,28,569,671,767,723,815,665,447,599,501,557,472,84,0,0,525,956,1077,0,0,0,0,dahye,cross_leg_left,1
259,1786867293.053230,0,379,493,696,735,666,555,673,541,0,29,571,671,767,716,815,665,447,601,501,557,473,81,0,0,525,956,1077,0,0,0,0,dahye,cross_leg_left,1
260,1786867293.073908,0,379,493,702,737,664,555,671,543,0,29,569,671,773,721,815,665,452,602,499,555,472,87,0,0,525,955,1099,0,0,0,0,dahye,cross_leg_left,1
261,1786867293.093910,0,378,493,701,738,666,556,674,541,0,29,569,671,765,719,815,664,455,601,504,555,472,85,0,0,524,956,1069,0,0,0,0,dahye,cross_leg_left,1
262,1786867293.113910,0,379,493,701,735,666,555,671,543,0,29,569,668,771,722,816,666,445,601,503,563,473,81,0,0,525,957,1079,0,0,0,0,dahye,cross_leg_left,1
263,1786867293.133867,0,379,493,699,737,671,557,671,543,0,28,568,667,767,719,819,665,443,599,503,557,473,84,0,0,527,957,1071,0,0,0,0,dahye,cross_leg_left,1
264,1786867293.153925,0,379,492,701,735,665,553,671,541,0,25,569,668,772,721,817,667,447,593,502,557,472,86,0,0,525,957,1075,0,0,0,0,dahye,cross_leg_left,1
265,1786867293.173891,0,379,495,701,733,665,553,671,539,0,27,573,674,767,722,815,663,447,595,501,557,473,89,0,0,523,957,1075,0,0,0,0,dahye,cross_leg_left,1
266,1786867293.193866,0,379,493,701,735,666,557,672,537,0,27,569,670,767,721,823,667,452,601,504,557,473,85,0,0,522,957,1077,0,0,0,0,dahye,cross_leg_left,1
267,1786867293.214104,0,379,494,700,734,666,555,671,535,0,25,571,671,774,718,815,669,448,617,499,557,473,87,0,0,523,957,1071,0,0,0,0,dahye,cross_leg_left,1
268,1786867293.233968,0,379,493,700,738,666,558,670,554,0,26,569,671,767,721,823,665,444,601,502,557,473,75,0,0,523,957,1079,0,0,0,0,dahye,cross_leg_left,1
269,1786867293.253900,0,379,493,701,735,668,553,671,536,0,25,573,675,767,725,816,667,446,602,507,558,474,85,0,0,523,953,1075,0,0,0,0,dahye,cross_leg_left,1
270,1786867293.273948,0,379,493,699,735,666,556,672,542,0,24,570,671,773,723,819,665,447,602,503,557,473,85,0,0,521,959,1069,0,0,0,0,dahye,cross_leg_left,1
271,1786867293.293920,0,380,495,700,735,665,563,674,543,0,25,570,674,772,723,813,665,447,601,518,557,473,86,0,0,520,957,1069,0,0,0,0,dahye,cross_leg_left,1
272,1786867293.313872,0,380,495,701,737,667,556,671,540,0,26,571,671,773,723,821,668,453,610,501,557,473,87,0,0,521,957,1079,0,0,0,0,dahye,cross_leg_left,1
273,1786867293.333076,0,383,492,700,735,667,555,675,543,0,26,569,671,767,717,808,669,453,603,502,558,473,85,0,0,521,959,1076,0,0,0,0,dahye,cross_leg_left,1
274,1786867293.353934,0,382,492,700,735,666,561,675,547,0,27,569,671,773,714,811,667,455,600,504,556,473,87,0,0,521,958,1077,0,0,0,0,dahye,cross_leg_left,1
275,1786867293.373900,0,381,493,701,735,664,553,671,548,0,26,569,671,773,723,807,665,453,598,503,557,472,85,0,0,521,959,1077,0,0,0,0,dahye,cross_leg_left,1
276,1786867293.393865,0,381,495,701,735,659,557,671,541,0,26,571,671,767,723,827,669,448,603,500,556,473,85,0,0,522,959,1077,0,0,0,0,dahye,cross_leg_left,1
277,1786867293.413920,0,383,495,701,733,667,549,670,540,0,26,571,671,767,719,819,667,445,603,499,556,472,85,0,0,523,959,1077,0,0,0,0,dahye,cross_leg_left,1
278,1786867293.433864,0,383,495,701,735,665,551,669,541,0,27,569,675,775,727,812,667,447,600,495,555,473,79,0,0,525,959,1071,0,0,0,0,dahye,cross_leg_left,1
279,1786867293.453849,0,392,493,700,735,668,555,669,540,0,27,571,671,774,721,815,667,443,601,500,558,471,85,0,0,529,965,1079,0,0,0,0,dahye,cross_leg_left,1
280,1786867293.473913,0,399,493,701,735,665,555,669,536,0,26,571,671,773,712,815,667,455,600,503,556,471,86,0,0,530,965,1073,0,0,0,0,dahye,cross_leg_left,1
281,1786867293.493870,0,405,492,700,735,665,555,671,534,0,27,571,668,767,721,815,666,454,611,501,558,472,87,0,0,531,967,1070,0,0,0,0,dahye,cross_leg_left,1
282,1786867293.513866,0,407,493,699,735,665,554,669,536,0,29,567,675,773,723,820,659,443,601,502,556,471,86,0,0,533,967,1077,0,0,0,0,dahye,cross_leg_left,1
283,1786867293.533905,0,407,494,701,735,664,559,669,533,0,29,570,672,774,703,821,665,453,601,503,557,472,85,0,0,531,967,1075,0,0,0,0,dahye,cross_leg_left,1
284,1786867293.553871,0,407,493,701,735,665,549,670,535,0,29,570,675,776,710,819,665,445,601,505,556,471,103,0,0,533,967,1078,0,0,0,0,dahye,cross_leg_left,1
285,1786867293.573864,0,408,493,699,735,663,555,669,537,0,29,571,671,765,723,819,667,447,600,502,557,471,87,0,0,531,968,1078,0,0,0,0,dahye,cross_leg_left,1
286,1786867293.593913,0,408,493,709,735,663,555,669,536,0,29,571,675,775,723,816,667,453,601,500,557,475,85,0,0,531,987,1075,0,0,0,0,dahye,cross_leg_left,1
287,1786867293.613862,0,408,493,701,735,665,548,669,537,0,30,571,675,774,724,813,667,446,601,501,557,472,87,0,0,536,968,1077,0,0,0,0,dahye,cross_leg_left,1
288,1786867293.633863,0,408,494,701,734,665,555,670,537,0,31,569,675,775,719,815,663,453,602,503,556,472,86,0,0,535,970,1063,0,0,0,0,dahye,cross_leg_left,1
289,1786867293.653918,0,405,493,698,733,665,555,667,537,0,29,569,671,775,719,821,665,445,601,501,555,469,85,0,0,535,972,1083,0,0,0,0,dahye,cross_leg_left,1
290,1786867293.673880,0,409,491,701,735,665,554,671,539,0,31,571,671,774,723,821,667,452,600,501,557,473,88,0,0,534,970,1092,0,0,0,0,dahye,cross_leg_left,1
291,1786867293.693861,0,409,493,701,735,667,555,669,540,0,31,571,673,775,723,815,668,453,601,502,557,473,87,0,0,535,969,1066,0,0,0,0,dahye,cross_leg_left,1
292,1786867293.714022,0,409,491,700,735,667,555,671,541,0,31,571,675,773,723,819,667,453,601,501,557,473,87,0,0,536,969,1081,0,0,0,0,dahye,cross_leg_left,1
293,1786867293.733013,0,407,491,701,735,665,555,671,541,0,29,571,675,773,724,819,675,444,601,501,557,472,87,0,0,537,971,1077,0,0,0,0,dahye,cross_leg_left,1
294,1786867293.753875,0,393,502,700,735,665,555,671,541,0,28,569,672,775,723,823,666,438,601,503,557,473,88,0,0,535,968,1061,0,0,0,0,dahye,cross_leg_left,1
295,1786867293.773892,0,392,483,699,734,665,555,669,543,0,25,571,671,775,723,821,663,444,601,503,557,473,87,0,0,535,971,1085,0,0,0,0,dahye,cross_leg_left,1
296,1786867293.793895,0,391,494,701,731,665,556,671,543,0,0,569,671,767,725,812,665,453,598,502,557,474,88,0,0,535,967,1077,0,0,0,0,dahye,cross_leg_left,1
297,1786867293.813855,0,383,495,701,732,663,555,671,543,0,0,569,671,773,716,819,667,446,604,503,557,475,88,0,0,533,967,1080,0,0,0,0,dahye,cross_leg_left,1
298,1786867293.833849,0,382,493,701,734,665,555,675,543,0,0,569,672,775,723,815,666,455,601,503,554,475,89,0,0,535,970,1081,0,0,0,0,dahye,cross_leg_left,1
299,1786867293.853258,0,382,493,701,731,666,555,672,547,0,0,568,671,773,727,819,667,453,603,504,557,473,89,0,0,533,967,1095,0,0,0,0,dahye,cross_leg_left,1
300,1786867293.873940,0,383,495,701,733,666,563,675,547,0,0,573,670,773,723,815,670,454,607,505,558,475,89,0,0,535,971,1079,0,0,0,0,dahye,cross_leg_left,1
301,1786867293.893927,0,381,495,699,733,665,555,671,549,0,0,571,669,773,716,819,667,448,603,503,557,475,89,0,0,535,971,1077,0,0,0,0,dahye,cross_leg_left,1
302,1786867293.913917,0,382,493,702,723,665,555,675,548,0,0,570,676,773,723,819,665,453,601,503,559,471,91,0,0,550,969,1077,0,0,0,0,dahye,cross_leg_left,1
303,1786867293.933836,0,382,493,701,734,665,556,675,549,0,0,569,671,775,723,821,667,455,603,505,559,475,89,0,0,533,966,1080,0,0,0,0,dahye,cross_leg_left,1
304,1786867293.953857,0,382,495,700,734,665,557,675,550,0,0,568,671,766,717,811,667,455,603,504,559,475,89,0,0,533,971,1080,0,0,0,0,dahye,cross_leg_left,1
305,1786867293.973854,0,382,493,701,735,666,555,677,549,0,0,568,671,765,724,808,663,455,603,505,559,478,91,0,0,531,971,1080,0,0,0,0,dahye,cross_leg_left,1
306,1786867293.993905,0,382,495,699,733,667,557,675,550,0,0,569,671,773,729,818,663,455,604,505,559,479,90,0,0,529,969,1080,0,0,0,0,dahye,cross_leg_left,1
307,1786867294.013860,0,383,494,699,733,667,556,675,551,0,0,569,671,765,723,815,665,456,602,505,563,475,91,0,0,524,968,1077,0,0,0,0,dahye,cross_leg_left,1
308,1786867294.033838,0,382,493,701,735,666,556,677,551,0,0,569,670,775,724,815,665,455,599,505,559,477,92,0,0,525,967,1079,0,0,0,0,dahye,cross_leg_left,1
309,1786867294.053891,0,383,495,701,733,667,557,677,552,0,0,569,672,774,727,815,666,457,604,505,560,479,91,0,0,523,970,1079,0,0,0,0,dahye,cross_leg_left,1
310,1786867294.073842,0,382,493,700,733,667,556,677,551,0,0,568,667,766,728,819,665,457,605,506,563,477,90,0,0,523,971,1078,0,0,0,0,dahye,cross_leg_left,1
311,1786867294.093834,0,382,495,700,733,667,556,677,551,0,0,569,669,767,716,815,666,457,604,506,561,477,91,0,0,523,971,1079,0,0,0,0,dahye,cross_leg_left,1
312,1786867294.113930,0,381,493,701,735,667,557,677,553,0,0,569,669,773,717,819,668,457,604,507,563,477,91,0,0,523,969,1079,0,0,0,0,dahye,cross_leg_left,1
313,1786867294.133892,0,382,495,699,734,667,557,676,553,0,0,567,669,777,712,821,665,457,607,507,560,476,91,0,0,524,967,1080,0,0,0,0,dahye,cross_leg_left,1
314,1786867294.153881,0,383,499,701,735,667,557,677,553,0,0,568,669,776,711,827,667,457,611,507,563,479,91,0,0,519,967,1079,0,0,0,0,dahye,cross_leg_left,1
315,1786867294.173896,0,383,493,701,735,667,557,677,555,0,0,569,669,773,716,815,667,456,604,507,560,479,91,0,0,519,969,1077,0,0,0,0,dahye,cross_leg_left,1
316,1786867294.193929,0,381,495,702,737,668,555,677,556,0,0,568,670,775,716,823,668,458,603,507,563,477,91,0,0,510,971,1079,0,0,0,0,dahye,cross_leg_left,1
317,1786867294.213874,0,383,495,700,735,668,557,677,553,0,0,569,669,772,723,819,667,456,615,507,563,479,93,0,0,511,968,1080,0,0,0,0,dahye,cross_leg_left,1
318,1786867294.233975,0,383,493,701,735,668,551,679,552,0,0,567,671,773,723,811,665,455,607,508,563,483,92,0,0,509,969,1079,0,0,0,0,dahye,cross_leg_left,1
319,1786867294.253941,0,381,492,701,735,667,555,675,547,0,0,567,671,773,725,811,665,454,605,507,558,475,92,0,0,506,967,1080,0,0,0,0,dahye,cross_leg_left,1
320,1786867294.273943,0,381,501,700,733,671,558,674,540,0,0,567,671,764,723,819,657,446,604,507,563,477,91,0,0,519,971,1081,0,0,0,0,dahye,cross_leg_left,1
321,1786867294.293933,0,379,495,702,733,676,556,671,534,0,0,567,668,767,717,813,651,443,603,505,563,477,91,0,0,507,967,1079,0,0,0,0,dahye,cross_leg_left,1
322,1786867294.313926,0,379,495,701,734,675,557,670,529,0,0,566,669,778,723,819,662,441,603,504,557,477,89,0,0,495,973,1080,0,0,0,0,dahye,cross_leg_left,1
323,1786867294.333919,0,379,496,703,737,679,559,671,531,0,0,567,669,779,727,819,661,441,604,505,559,475,88,0,0,487,969,1080,0,0,0,0,dahye,cross_leg_left,1
324,1786867294.353237,0,380,493,703,735,679,558,671,532,0,0,567,669,777,722,815,659,445,605,505,559,475,89,0,0,487,969,1079,0,0,0,0,dahye,cross_leg_left,1
325,1786867294.373933,0,405,490,703,738,680,559,672,533,0,0,567,667,765,722,815,668,443,604,503,559,476,89,0,0,486,966,1079,0,0,0,0,dahye,cross_leg_left,1
326,1786867294.393931,0,408,495,703,740,679,560,672,535,0,0,567,667,768,721,815,661,443,605,505,559,477,91,0,0,489,971,1079,0,0,0,0,dahye,cross_leg_left,1
327,1786867294.413878,0,407,499,709,739,681,562,676,535,0,0,567,669,774,721,819,661,445,605,505,557,473,89,0,0,492,972,1080,0,0,0,0,dahye,cross_leg_left,1
328,1786867294.433885,0,407,489,703,739,680,563,672,535,0,0,566,668,760,719,815,655,445,603,504,557,477,91,0,0,485,973,1079,0,0,0,0,dahye,cross_leg_left,1
329,1786867294.453945,0,389,493,709,738,677,559,673,535,0,0,567,669,773,722,813,667,447,603,504,559,475,91,0,0,489,965,1079,0,0,0,0,dahye,cross_leg_left,1
330,1786867294.473877,0,382,496,709,738,677,559,671,533,0,0,567,668,766,719,813,661,447,604,505,559,475,91,0,0,486,969,1080,0,0,0,0,dahye,cross_leg_left,1
331,1786867294.493858,0,381,499,703,738,677,559,672,533,0,0,567,668,765,721,815,659,447,603,505,560,476,93,0,0,491,967,1079,0,0,0,0,dahye,cross_leg_left,1
332,1786867294.513907,0,383,495,703,735,676,563,669,533,0,0,567,669,765,723,815,663,453,604,505,563,475,92,0,0,492,967,1079,0,0,0,0,dahye,cross_leg_left,1
333,1786867294.533889,0,381,491,703,735,677,563,671,533,0,0,567,669,766,719,814,659,455,605,505,559,477,95,0,0,495,966,1079,0,0,0,0,dahye,cross_leg_left,1
334,1786867294.553867,0,379,493,703,735,677,559,671,533,0,0,567,668,774,719,815,665,453,605,505,563,479,93,0,0,489,969,1080,0,0,0,0,dahye,cross_leg_left,1
335,1786867294.573910,0,379,495,703,735,679,562,672,529,0,0,566,665,783,722,813,663,455,611,508,572,473,99,0,0,487,968,1077,0,0,0,0,dahye,cross_leg_left,1
336,1786867294.593933,0,380,495,709,735,681,563,671,529,0,0,567,665,763,719,815,659,448,605,505,563,477,89,0,0,488,967,1083,0,0,0,0,dahye,cross_leg_left,1
337,1786867294.613890,0,379,495,703,739,683,563,671,531,0,0,567,667,766,719,813,659,447,605,507,563,477,94,0,0,473,975,1081,0,0,0,0,dahye,cross_leg_left,1
338,1786867294.633872,0,381,498,709,740,683,563,677,533,0,0,565,667,773,719,813,659,446,604,505,561,479,92,0,0,467,965,1080,0,0,0,0,dahye,cross_leg_left,1
339,1786867294.653926,0,399,496,703,735,684,563,677,537,0,0,564,664,775,719,815,661,446,604,505,559,479,93,0,0,447,965,1079,0,0,0,0,dahye,cross_leg_left,1
340,1786867294.673881,0,405,499,711,741,685,563,681,541,0,0,565,667,773,718,813,661,452,605,507,562,479,93,0,0,439,943,1079,0,0,0,0,dahye,cross_leg_left,1
341,1786867294.693864,0,403,491,711,741,683,565,681,543,0,0,563,666,763,718,815,663,447,605,507,563,482,93,0,0,425,959,1078,0,0,0,0,dahye,cross_leg_left,1
342,1786867294.713934,0,382,495,708,739,685,565,683,547,0,0,563,665,762,718,815,659,447,602,508,563,479,91,0,0,415,972,1077,0,0,0,0,dahye,cross_leg_left,1
343,1786867294.734008,0,380,495,710,738,685,564,680,543,0,0,557,667,763,717,813,655,443,605,507,564,483,91,0,0,407,959,1077,0,0,0,0,dahye,cross_leg_left,1
344,1786867294.753909,0,379,492,711,738,692,565,679,536,0,0,558,667,763,717,811,659,443,605,505,563,485,93,0,0,408,939,1077,0,0,0,0,dahye,cross_leg_left,1
345,1786867294.773890,0,379,495,711,739,695,565,679,533,0,0,557,662,759,715,813,659,441,605,507,564,478,92,0,0,397,957,1077,0,0,0,0,dahye,cross_leg_left,1
346,1786867294.793955,0,395,495,711,739,693,566,677,532,0,0,558,665,759,716,813,657,441,604,507,563,477,92,0,0,395,941,1075,0,0,0,0,dahye,cross_leg_left,1
347,1786867294.813895,0,401,495,713,740,693,565,677,531,0,0,557,665,761,717,811,655,441,603,505,563,479,91,0,0,395,951,1075,0,0,0,0,dahye,cross_leg_left,1
348,1786867294.833879,0,405,499,713,739,693,565,677,531,0,0,558,663,762,716,811,655,443,605,503,563,488,94,0,0,393,937,1075,0,0,0,0,dahye,cross_leg_left,1
349,1786867294.853284,0,407,501,715,736,688,565,677,532,0,0,559,665,761,717,813,657,445,603,506,563,476,92,0,0,404,957,1075,0,0,0,0,dahye,cross_leg_left,1
350,1786867294.873923,0,406,499,713,738,688,564,675,531,0,0,563,663,761,719,815,657,445,605,507,573,483,91,0,0,399,949,1071,0,0,0,0,dahye,cross_leg_left,1
351,1786867294.893913,0,407,498,713,739,693,563,671,525,0,0,563,663,761,716,814,654,444,605,505,559,483,95,0,0,404,953,1071,0,0,0,0,dahye,cross_leg_left,1
352,1786867294.913871,0,407,496,713,739,695,563,670,522,0,0,559,663,765,717,813,659,441,604,506,564,477,93,0,0,404,977,1076,0,0,0,0,dahye,cross_leg_left,1
353,1786867294.933191,0,409,497,715,735,697,564,671,519,0,0,559,667,773,717,813,659,440,604,506,563,482,92,0,0,403,955,1075,0,0,0,0,dahye,cross_leg_left,1
354,1786867294.953276,0,405,496,715,738,699,567,675,521,0,0,559,663,775,719,813,659,441,603,508,559,483,91,0,0,405,956,1076,0,0,0,0,dahye,cross_leg_left,1
355,1786867294.972908,0,409,496,715,740,699,565,676,521,0,0,562,665,761,717,813,659,443,603,507,563,485,93,0,0,403,953,1075,0,0,0,0,dahye,cross_leg_left,1
356,1786867294.993956,0,406,499,715,739,697,567,677,523,0,0,563,665,762,717,814,659,441,603,509,563,481,95,0,0,409,955,1075,0,0,0,0,dahye,cross_leg_left,1
357,1786867295.014007,0,382,496,714,735,695,568,677,527,0,0,559,665,761,716,812,658,443,605,507,567,482,93,0,0,404,949,1075,0,0,0,0,dahye,cross_leg_left,1
358,1786867295.033124,0,377,495,710,733,694,565,677,527,0,0,559,665,749,716,811,655,445,604,509,563,481,95,0,0,408,950,1075,0,0,0,0,dahye,cross_leg_left,1
359,1786867295.053048,0,368,493,703,731,693,567,677,530,0,0,558,667,757,715,812,659,443,605,509,559,479,94,0,0,403,955,1075,0,0,0,0,dahye,cross_leg_left,1
360,1786867295.073287,0,365,492,703,734,696,567,679,531,0,0,559,665,751,715,811,655,443,605,509,564,484,93,0,0,401,953,1071,0,0,0,0,dahye,cross_leg_left,1
361,1786867295.093661,0,363,489,711,739,697,569,679,529,0,0,557,667,758,715,819,655,443,605,505,567,483,95,0,0,401,951,1072,0,0,0,0,dahye,cross_leg_left,1
362,1786867295.113925,0,367,495,711,735,697,569,680,530,0,0,558,663,751,715,807,659,443,607,509,559,489,94,0,0,404,955,1075,0,0,0,0,dahye,cross_leg_left,1
363,1786867295.133886,0,371,492,711,740,700,569,680,531,0,0,560,665,760,717,813,656,443,605,509,564,491,93,0,0,405,957,1075,0,0,0,0,dahye,cross_leg_left,1
364,1786867295.153211,0,379,498,714,743,700,570,679,531,0,0,559,665,763,716,812,659,445,605,509,563,484,92,0,0,411,956,1071,0,0,0,0,dahye,cross_leg_left,1
365,1786867295.173220,0,404,499,713,737,697,569,680,532,0,0,563,663,761,717,813,659,443,606,509,565,484,101,0,0,413,955,1079,0,0,0,0,dahye,cross_leg_left,1
366,1786867295.193844,0,405,495,715,741,697,567,680,531,0,0,563,664,761,717,813,659,446,603,508,563,487,99,0,0,415,957,1071,0,0,0,0,dahye,cross_leg_left,1
367,1786867295.213927,0,405,499,715,741,695,567,676,530,0,0,564,666,767,716,813,655,444,605,505,563,479,95,0,0,425,958,1075,0,0,0,0,dahye,cross_leg_left,1
368,1786867295.234047,0,407,493,713,740,687,567,675,530,0,0,564,660,763,717,813,655,445,605,507,565,484,91,0,0,425,951,1076,0,0,0,0,dahye,cross_leg_left,1
369,1786867295.253959,0,383,495,712,738,688,566,671,527,0,0,564,660,763,716,813,657,444,605,507,563,479,92,0,0,439,955,1071,0,0,0,0,dahye,cross_leg_left,1
370,1786867295.273944,0,381,495,711,739,688,565,671,521,0,0,564,667,761,717,813,658,445,603,507,559,489,91,0,0,443,955,1074,0,0,0,0,dahye,cross_leg_left,1
371,1786867295.293993,0,407,495,713,744,693,565,669,517,0,0,564,665,763,717,813,659,445,605,507,559,476,91,0,0,427,953,1075,0,0,0,0,dahye,cross_leg_left,1
372,1786867295.313935,0,411,501,716,742,695,567,669,507,0,0,564,664,763,717,813,659,447,605,505,558,475,93,0,0,426,959,1071,0,0,0,0,dahye,cross_leg_left,1
373,1786867295.333911,0,415,500,718,743,694,567,669,507,0,0,565,665,763,719,813,659,447,607,509,565,473,97,0,0,425,955,1075,0,0,0,0,dahye,cross_leg_left,1
374,1786867295.353312,0,421,499,717,748,697,567,672,509,0,0,565,666,763,718,813,657,447,605,505,559,460,95,0,0,422,959,1075,0,0,0,0,dahye,cross_leg_left,1
375,1786867295.374031,0,425,504,722,747,697,569,677,521,0,0,565,664,765,719,813,655,453,607,509,563,476,95,0,0,424,967,1075,0,0,0,0,dahye,cross_leg_left,1
376,1786867295.393928,0,427,501,716,744,699,569,680,529,0,0,565,665,761,718,814,658,446,605,507,563,484,95,0,0,413,967,1075,0,0,0,0,dahye,cross_leg_left,1
377,1786867295.413903,0,429,500,719,745,696,569,681,531,0,0,566,665,775,719,813,655,453,607,509,563,483,105,0,0,407,955,1068,0,0,0,0,dahye,cross_leg_left,1
378,1786867295.433937,0,435,501,714,739,695,567,684,537,0,0,565,667,763,719,813,655,454,602,509,565,487,115,0,0,403,958,1096,0,0,0,0,dahye,cross_leg_left,1
379,1786867295.453926,0,435,499,718,742,697,569,685,542,0,0,564,661,763,717,813,655,453,611,506,567,483,115,0,0,395,971,1070,0,0,0,0,dahye,cross_leg_left,1
380,1786867295.472984,0,435,499,718,740,692,569,687,551,0,0,564,663,763,716,813,654,455,607,509,565,488,117,0,0,397,965,1064,0,0,0,0,dahye,cross_leg_left,1
381,1786867295.493997,0,427,495,715,735,685,568,685,552,0,0,561,663,763,715,811,653,456,607,518,564,485,117,0,0,397,965,1060,0,0,0,0,dahye,cross_leg_left,1
382,1786867295.513979,0,411,499,713,731,686,569,687,568,0,0,563,665,762,717,810,650,456,605,519,567,491,125,0,0,394,969,1055,0,0,0,0,dahye,cross_leg_left,1
383,1786867295.533920,0,405,498,703,729,683,570,687,571,0,0,563,663,760,715,811,650,456,606,519,567,495,152,0,0,399,981,1049,0,0,0,0,dahye,cross_leg_left,1
384,1786867295.553275,0,393,495,703,724,681,569,687,573,0,0,562,664,760,709,791,650,456,606,524,567,493,153,0,0,403,959,1045,0,0,0,0,dahye,cross_leg_left,1
385,1786867295.573957,0,379,495,701,718,685,569,691,575,0,0,559,665,760,713,809,648,459,609,521,568,495,157,0,0,405,957,1039,0,0,0,0,dahye,cross_leg_left,1
386,1786867295.593976,0,379,495,700,719,685,571,693,580,0,0,559,665,760,713,807,648,463,611,521,569,500,164,0,0,423,967,1042,0,0,0,0,dahye,cross_leg_left,1
387,1786867295.613940,0,373,493,701,717,686,572,694,583,0,0,559,663,759,714,807,650,461,612,525,571,501,167,0,0,411,969,1039,0,0,0,0,dahye,cross_leg_left,1
388,1786867295.633985,0,381,493,702,713,684,571,696,585,0,0,559,662,759,712,806,648,461,612,523,571,505,179,0,0,415,977,1041,0,0,0,0,dahye,cross_leg_left,1
389,1786867295.653936,0,366,493,697,713,685,573,699,589,0,0,555,660,755,712,805,648,463,613,525,571,503,169,0,0,405,956,1039,0,0,0,0,dahye,cross_leg_left,1
390,1786867295.673909,0,361,493,699,713,685,571,701,590,0,0,552,655,755,711,803,647,461,615,527,569,504,173,0,0,407,981,1041,0,0,0,0,dahye,cross_leg_left,1
391,1786867295.693975,0,360,492,700,709,685,571,709,591,0,0,551,651,749,704,803,645,465,615,529,575,503,173,0,0,396,967,1039,0,0,0,0,dahye,cross_leg_left,1
392,1786867295.713987,0,360,492,697,713,688,573,715,597,0,0,549,651,751,709,804,646,466,613,527,572,523,170,0,0,391,967,1041,0,0,0,0,dahye,cross_leg_left,1
393,1786867295.733902,0,359,493,699,717,683,585,721,601,0,0,547,651,749,711,803,647,467,619,531,581,507,181,0,0,383,968,1041,0,0,0,0,dahye,cross_leg_left,1
394,1786867295.753912,0,357,493,699,718,692,585,727,603,0,0,543,648,749,703,803,648,465,617,531,575,506,191,0,0,383,971,1045,0,0,0,0,dahye,cross_leg_left,1
395,1786867295.773964,0,359,493,713,719,696,591,729,607,0,0,543,651,751,703,800,647,466,619,532,580,509,183,0,0,383,968,1045,0,0,0,0,dahye,cross_leg_left,1
396,1786867295.794096,0,357,493,713,718,699,594,733,607,0,0,541,648,745,702,800,646,463,617,532,583,519,185,0,0,375,967,1048,0,0,0,0,dahye,cross_leg_left,1
397,1786867295.813894,0,351,491,703,715,697,591,732,607,0,0,539,636,747,700,799,639,467,619,535,570,520,185,0,0,379,965,1047,0,0,0,0,dahye,cross_leg_left,1
398,1786867295.833984,0,350,491,696,713,699,590,733,605,0,0,537,649,746,700,797,637,464,620,535,571,531,182,0,0,381,965,1047,0,0,0,0,dahye,cross_leg_left,1
399,1786867295.853273,0,349,491,691,711,695,589,732,607,0,0,537,639,744,699,797,638,467,619,535,580,518,187,0,0,379,965,1046,0,0,0,0,dahye,cross_leg_left,1
400,1786867295.873959,0,349,491,693,703,702,593,731,610,0,0,535,637,743,697,795,636,467,618,535,582,521,188,0,0,374,965,1045,0,0,0,0,dahye,cross_leg_left,1
401,1786867295.893955,0,347,490,703,709,700,591,730,607,0,0,535,629,751,697,795,637,468,619,537,582,508,198,0,0,381,964,1048,0,0,0,0,dahye,cross_leg_left,1
402,1786867295.913915,0,347,489,694,709,696,594,731,607,0,0,535,635,751,699,794,639,463,623,537,582,521,185,0,0,383,965,1047,0,0,0,0,dahye,cross_leg_left,1
403,1786867295.933855,0,343,489,695,709,695,593,731,611,0,0,533,632,743,701,796,637,467,621,535,583,505,200,0,0,377,965,1051,0,0,0,0,dahye,cross_leg_left,1
404,1786867295.953937,0,343,491,695,709,696,600,729,607,0,0,533,630,743,716,797,635,469,621,537,583,521,199,0,0,377,964,1043,0,0,0,0,dahye,cross_leg_left,1
405,1786867295.973976,0,345,491,697,711,697,599,734,609,0,0,533,631,743,700,792,637,469,619,537,579,520,200,0,0,373,965,1048,0,0,0,0,dahye,cross_leg_left,1
406,1786867295.993950,0,347,492,696,713,699,597,739,613,0,0,535,630,743,700,793,637,471,624,538,583,523,189,0,0,376,965,1049,0,0,0,0,dahye,cross_leg_left,1
407,1786867296.013904,0,347,491,693,713,701,605,740,615,0,0,532,629,743,700,795,637,471,623,543,583,519,204,0,0,377,967,1047,0,0,0,0,dahye,cross_leg_left,1
408,1786867296.033929,0,350,491,693,711,699,600,741,611,0,0,533,631,743,700,795,645,471,624,551,583,523,205,0,0,367,965,1048,0,0,0,0,dahye,cross_leg_left,1
409,1786867296.053914,0,347,491,696,716,701,597,741,615,0,0,533,629,743,699,794,637,469,627,541,585,523,201,0,0,361,965,1045,0,0,0,0,dahye,cross_leg_left,1
410,1786867296.073873,0,353,491,696,716,701,598,741,613,0,0,533,632,744,701,795,637,471,623,538,585,522,206,0,0,375,965,1045,0,0,0,0,dahye,cross_leg_left,1
411,1786867296.093908,0,348,493,696,717,699,595,741,617,0,0,533,632,745,698,795,636,469,621,541,584,524,201,0,0,375,965,1045,0,0,0,0,dahye,cross_leg_left,1
412,1786867296.113911,0,355,493,697,719,702,601,741,616,0,0,533,652,744,701,796,639,468,627,542,585,529,209,0,0,372,964,1049,0,0,0,0,dahye,cross_leg_left,1
413,1786867296.133887,0,355,492,696,719,701,600,741,613,0,0,533,628,743,701,795,637,471,624,541,585,521,205,0,0,372,965,1045,0,0,0,0,dahye,cross_leg_left,1
414,1786867296.153898,0,355,491,695,723,699,600,742,615,0,0,535,621,745,701,795,638,473,628,541,583,523,205,0,0,377,966,1048,0,0,0,0,dahye,cross_leg_left,1
415,1786867296.173958,0,355,493,695,725,701,601,740,613,0,0,536,637,743,701,795,646,471,623,537,584,525,199,0,0,381,965,1048,0,0,0,0,dahye,cross_leg_left,1
416,1786867296.193934,0,359,493,695,725,699,597,739,612,0,0,535,635,746,699,797,638,468,619,539,584,523,203,0,0,375,966,1045,0,0,0,0,dahye,cross_leg_left,1
417,1786867296.214153,0,363,499,697,725,701,597,739,611,0,0,536,635,745,701,796,639,471,624,541,585,525,205,0,0,379,967,1048,0,0,0,0,dahye,cross_leg_left,1
418,1786867296.234013,0,375,497,697,724,701,597,738,611,0,0,537,635,745,701,798,644,467,627,541,586,523,205,0,0,378,967,1041,0,0,0,0,dahye,cross_leg_left,1
419,1786867296.253939,0,357,495,701,725,696,591,731,607,0,0,537,635,746,700,797,639,467,627,547,583,525,204,0,0,376,967,1049,0,0,0,0,dahye,cross_leg_left,1
420,1786867296.273934,0,372,493,698,724,701,595,729,606,0,0,536,635,746,699,799,637,472,623,533,584,523,204,0,0,379,967,1049,0,0,0,0,dahye,cross_leg_left,1
421,1786867296.293974,0,363,494,699,724,697,589,728,605,0,0,536,635,744,703,796,638,469,619,539,586,521,204,0,0,377,967,1059,0,0,0,0,dahye,cross_leg_left,1
422,1786867296.313955,0,361,495,700,724,696,593,728,603,0,0,537,635,745,701,799,645,471,623,537,582,523,203,0,0,377,967,1039,0,0,0,0,dahye,cross_leg_left,1
423,1786867296.333945,0,371,494,695,727,691,595,729,613,0,0,539,636,747,701,799,636,469,621,537,583,523,203,0,0,377,965,1047,0,0,0,0,dahye,cross_leg_left,1
424,1786867296.354164,0,367,493,699,727,697,589,727,603,0,0,539,635,747,700,797,639,471,623,530,584,520,199,0,0,377,967,1043,0,0,0,0,dahye,cross_leg_left,1
425,1786867296.373697,0,376,495,698,728,697,587,727,603,0,0,539,647,748,703,798,639,469,621,536,583,523,200,0,0,377,966,1045,0,0,0,0,dahye,cross_leg_left,1
426,1786867296.393939,0,379,499,700,730,697,589,725,605,0,0,541,637,753,710,799,644,471,618,537,583,523,199,0,0,379,967,1039,0,0,0,0,dahye,cross_leg_left,1
427,1786867296.413969,0,380,499,695,731,699,585,723,600,0,0,540,647,752,701,799,645,473,621,537,583,523,197,0,0,377,967,1051,0,0,0,0,dahye,cross_leg_left,1
428,1786867296.433950,0,381,499,702,731,697,585,719,599,0,0,546,647,755,709,799,647,469,629,534,573,522,197,0,0,377,965,1048,0,0,0,0,dahye,cross_leg_left,1
429,1786867296.453942,0,381,495,696,731,698,584,717,600,0,0,543,647,751,701,799,639,471,623,535,581,521,184,0,0,377,968,1045,0,0,0,0,dahye,cross_leg_left,1
430,1786867296.473884,0,381,495,715,731,695,581,717,595,0,0,543,647,755,703,805,649,469,619,539,582,521,190,0,0,377,968,1045,0,0,0,0,dahye,cross_leg_left,1
431,1786867296.493934,0,382,499,697,731,698,584,713,594,0,0,543,647,755,709,799,647,477,617,539,584,522,199,0,0,377,968,1047,0,0,0,0,dahye,cross_leg_left,1
432,1786867296.513919,0,380,500,702,735,697,582,714,588,0,0,543,647,755,703,803,645,479,617,534,581,521,205,0,0,377,969,1052,0,0,0,0,dahye,cross_leg_left,1
433,1786867296.533899,0,383,499,703,733,699,583,712,587,0,0,543,639,755,701,803,647,469,617,534,581,521,199,0,0,377,969,1047,0,0,0,0,dahye,cross_leg_left,1
434,1786867296.553939,0,383,499,709,733,698,579,713,590,0,0,543,647,751,709,799,637,469,617,537,581,521,189,0,0,377,968,1043,0,0,0,0,dahye,cross_leg_left,1
435,1786867296.573971,0,383,495,702,735,699,581,711,589,0,0,543,645,759,703,803,647,467,615,535,582,521,185,0,0,379,973,1049,0,0,0,0,dahye,cross_leg_left,1
436,1786867296.593932,0,391,501,711,734,701,575,713,591,0,0,543,649,757,709,799,627,469,612,535,581,520,186,0,0,375,970,1047,0,0,0,0,dahye,cross_leg_left,1
437,1786867296.613937,0,393,501,709,733,701,584,713,593,0,0,541,645,756,711,799,647,467,627,530,567,517,183,0,0,376,969,1051,0,0,0,0,dahye,cross_leg_left,1
438,1786867296.633874,0,418,500,712,741,694,587,716,589,0,0,541,651,757,709,805,647,461,618,533,576,520,185,0,0,376,969,1048,0,0,0,0,dahye,cross_leg_left,1
439,1786867296.653921,0,423,500,715,740,701,585,716,593,0,0,543,653,757,711,803,647,467,621,533,579,519,181,0,0,375,969,1049,0,0,0,0,dahye,cross_leg_left,1
440,1786867296.673956,0,426,503,711,741,702,585,717,588,0,0,540,649,756,712,806,651,469,613,533,571,517,179,0,0,373,969,1046,0,0,0,0,dahye,cross_leg_left,1
441,1786867296.693959,0,433,503,716,743,703,585,716,587,0,0,543,652,758,711,804,647,468,629,533,575,517,174,0,0,373,969,1047,0,0,0,0,dahye,cross_leg_left,1
442,1786867296.713959,0,435,503,717,741,702,588,714,586,0,0,543,651,762,711,799,647,469,625,532,575,509,173,0,0,375,971,1052,0,0,0,0,dahye,cross_leg_left,1
443,1786867296.733232,0,438,505,718,743,700,585,711,569,0,0,547,653,759,712,805,648,467,619,534,573,510,169,0,0,376,969,1051,0,0,0,0,dahye,cross_leg_left,1
444,1786867296.754111,0,441,503,717,744,701,584,710,566,0,0,543,653,759,711,809,645,463,614,524,573,509,167,0,0,377,969,1051,0,0,0,0,dahye,cross_leg_left,1
445,1786867296.774024,0,441,503,719,745,701,572,701,560,0,0,543,654,759,703,815,639,461,613,519,572,507,163,0,0,375,970,1050,0,0,0,0,dahye,cross_leg_left,1
446,1786867296.793990,0,440,505,719,745,696,580,699,554,0,0,548,655,759,711,809,649,457,614,529,572,507,163,0,0,377,971,1048,0,0,0,0,dahye,cross_leg_left,1
447,1786867296.814099,0,439,506,719,743,698,575,695,551,0,0,548,658,761,712,807,648,467,613,523,573,505,163,0,0,377,972,1055,0,0,0,0,dahye,cross_leg_left,1
448,1786867296.833943,0,437,504,717,745,697,583,693,547,0,0,549,658,761,711,808,647,461,613,529,572,505,163,0,0,377,971,1052,0,0,0,0,dahye,cross_leg_left,1
449,1786867296.853944,0,437,505,718,744,699,571,691,543,0,0,549,659,761,704,809,646,459,613,531,572,506,159,0,0,377,972,1054,0,0,0,0,dahye,cross_leg_left,1
450,1786867296.873989,0,437,505,717,743,698,573,691,543,0,0,549,659,761,710,807,646,464,616,529,573,504,165,0,0,377,971,1054,0,0,0,0,dahye,cross_leg_left,1
451,1786867296.893927,0,439,507,719,743,713,581,694,543,0,0,549,661,763,715,805,645,465,614,526,573,505,165,0,0,378,971,1051,0,0,0,0,dahye,cross_leg_left,1
452,1786867296.913041,0,439,505,718,744,699,581,696,549,0,0,549,660,761,713,809,648,463,613,529,573,507,166,0,0,380,971,1048,0,0,0,0,dahye,cross_leg_left,1
453,1786867296.933891,0,441,505,718,743,701,575,697,553,0,0,549,661,761,727,805,651,467,615,539,573,507,167,0,0,378,973,1055,0,0,0,0,dahye,cross_leg_left,1
454,1786867296.953939,0,440,507,721,744,701,581,699,556,0,0,549,659,761,711,797,648,467,615,531,574,508,167,0,0,376,971,1055,0,0,0,0,dahye,cross_leg_left,1
455,1786867296.973860,0,442,505,721,744,702,583,703,569,0,0,550,659,761,713,804,648,467,616,531,575,509,171,0,0,373,970,1049,0,0,0,0,dahye,cross_leg_left,1
456,1786867296.993944,0,440,504,721,743,703,591,714,575,0,0,547,657,761,709,803,647,471,619,536,575,517,174,0,0,371,971,1049,0,0,0,0,dahye,cross_leg_left,1
457,1786867297.013949,0,440,503,718,743,703,591,715,588,0,0,547,651,759,715,807,647,469,619,535,581,521,179,0,0,367,969,1051,0,0,0,0,dahye,cross_leg_left,1
458,1786867297.033879,0,439,502,718,742,709,597,723,597,0,0,543,652,757,711,799,635,459,623,535,583,523,185,0,0,365,968,1052,0,0,0,0,dahye,cross_leg_left,1
459,1786867297.053912,0,437,503,719,744,709,599,724,599,0,0,543,649,755,710,803,648,471,623,537,582,521,188,0,0,363,967,1050,0,0,0,0,dahye,cross_leg_left,1
460,1786867297.073914,0,437,499,719,742,712,599,730,602,0,0,541,649,757,711,805,651,469,627,539,583,524,199,0,0,361,967,1049,0,0,0,0,dahye,cross_leg_left,1
461,1786867297.093900,0,439,501,717,743,712,601,732,603,0,0,540,650,755,711,799,648,473,629,539,586,525,203,0,0,363,967,1061,0,0,0,0,dahye,cross_leg_left,1
462,1786867297.113922,0,439,505,721,744,713,601,734,605,0,0,541,650,756,712,807,653,474,628,541,585,529,204,0,0,363,969,1053,0,0,0,0,dahye,cross_leg_left,1
463,1786867297.133938,0,439,505,722,745,713,602,733,607,0,0,541,651,758,703,807,646,473,629,542,587,529,206,0,0,363,970,1053,0,0,0,0,dahye,cross_leg_left,1
464,1786867297.153657,0,439,505,721,743,713,603,735,607,0,0,541,651,759,710,807,647,472,631,541,587,527,211,0,0,364,971,1061,0,0,0,0,dahye,cross_leg_left,1
465,1786867297.173973,0,435,507,717,745,713,600,728,609,0,0,542,651,756,711,805,653,476,629,541,588,529,213,0,0,358,963,1045,0,0,0,0,dahye,cross_leg_left,1
466,1786867297.193986,0,414,502,713,741,711,595,725,605,0,0,540,648,755,713,803,647,467,629,537,585,525,213,0,0,356,955,1043,0,0,0,0,dahye,cross_leg_left,1
467,1786867297.213936,0,403,503,715,743,709,588,723,603,0,0,543,651,757,709,806,647,473,622,539,587,529,214,0,0,355,955,1043,0,0,0,0,dahye,cross_leg_left,1
468,1786867297.233951,0,395,504,713,741,703,587,718,599,0,0,543,651,757,701,802,649,472,627,539,585,529,214,0,0,355,957,1046,0,0,0,0,dahye,cross_leg_left,1
469,1786867297.253947,0,394,502,715,741,701,588,716,600,0,0,542,651,756,703,805,650,472,623,537,585,527,215,0,0,355,955,1053,0,0,0,0,dahye,cross_leg_left,1
470,1786867297.273987,0,395,503,714,742,703,588,715,599,0,0,543,651,756,711,797,651,471,625,538,585,525,217,0,0,351,942,1045,0,0,0,0,dahye,cross_leg_left,1
471,1786867297.293979,0,395,501,716,739,702,588,717,597,0,0,543,652,758,701,805,648,473,627,538,584,525,217,0,0,350,953,1047,0,0,0,0,dahye,cross_leg_left,1
472,1786867297.313955,0,397,505,715,742,703,589,718,599,0,0,547,651,756,711,807,651,473,626,539,585,527,218,0,0,349,953,1048,0,0,0,0,dahye,cross_leg_left,1
473,1786867297.333958,0,399,503,717,743,709,591,723,599,0,0,544,650,759,703,803,650,475,627,539,585,525,221,0,0,348,953,1049,0,0,0,0,dahye,cross_leg_left,1
474,1786867297.353928,0,395,503,717,743,711,589,721,602,0,0,543,651,759,712,805,653,473,621,539,586,529,223,0,0,347,957,1049,0,0,0,0,dahye,cross_leg_left,1
475,1786867297.373958,0,379,503,715,741,711,591,717,591,0,0,543,650,751,713,805,653,473,627,539,585,529,227,0,0,348,958,1049,0,0,0,0,dahye,cross_leg_left,1
476,1786867297.394064,0,371,501,712,741,711,591,715,572,0,0,543,649,754,711,799,647,471,627,539,586,531,223,0,0,347,955,1050,0,0,0,0,dahye,cross_leg_left,1
477,1786867297.413970,0,367,500,712,743,715,591,713,565,0,0,541,649,751,701,799,650,471,623,539,585,529,227,0,0,347,955,1051,0,0,0,0,dahye,cross_leg_left,1
478,1786867297.433984,0,363,499,715,743,717,597,711,555,0,0,541,649,749,701,800,649,469,623,539,585,527,222,0,0,347,955,1051,0,0,0,0,dahye,cross_leg_left,1
479,1786867297.453982,0,358,501,716,745,718,599,713,551,0,0,540,649,749,698,798,647,467,627,539,585,525,220,0,0,347,955,1049,0,0,0,0,dahye,cross_leg_left,1
480,1786867297.473971,0,361,495,713,735,725,600,710,547,0,0,540,647,749,703,792,649,463,623,539,583,529,219,0,0,347,953,1049,0,0,0,0,dahye,cross_leg_left,1
481,1786867297.493947,0,364,501,717,732,725,599,714,541,0,0,539,647,747,699,796,647,461,623,537,583,524,215,0,0,349,953,1050,0,0,0,0,dahye,cross_leg_left,1
482,1786867297.513924,0,375,501,723,739,727,601,713,539,0,0,540,650,749,694,803,650,461,623,538,583,521,207,0,0,346,953,1049,0,0,0,0,dahye,cross_leg_left,1
483,1786867297.533960,0,409,504,725,739,727,601,709,538,0,0,541,649,733,712,791,651,461,619,536,583,520,202,0,0,355,955,1049,0,0,0,0,dahye,cross_leg_left,1
484,1786867297.553932,0,427,504,729,741,728,601,711,538,0,0,542,649,749,699,800,649,461,619,535,575,518,199,0,0,350,953,1053,0,0,0,0,dahye,cross_leg_left,1
485,1786867297.573922,0,439,508,732,742,730,601,711,537,0,0,541,651,754,701,803,647,461,619,536,583,509,187,0,0,355,957,1051,0,0,0,0,dahye,cross_leg_left,1
486,1786867297.593973,0,455,517,739,747,728,601,713,539,0,0,541,653,750,703,799,649,461,616,533,579,507,189,0,0,365,947,1052,0,0,0,0,dahye,cross_leg_left,1
487,1786867297.613795,0,463,510,735,747,727,602,710,539,0,0,542,653,757,719,811,647,461,615,533,573,508,185,0,0,372,965,1053,0,0,0,0,dahye,cross_leg_left,1
488,1786867297.633936,0,467,521,739,748,727,602,709,537,0,0,543,652,757,703,798,653,460,613,532,574,507,185,0,0,365,965,1053,0,0,0,0,dahye,cross_leg_left,1
489,1786867297.653964,0,471,521,739,748,725,599,698,535,0,0,543,655,756,703,797,652,459,615,531,573,507,185,0,0,364,965,1055,0,0,0,0,dahye,cross_leg_left,1
490,1786867297.673928,0,471,520,739,749,723,591,694,531,0,0,549,653,755,715,793,645,458,615,531,573,507,184,0,0,363,967,1053,0,0,0,0,dahye,cross_leg_left,1
491,1786867297.693931,0,475,521,739,750,725,588,691,531,0,0,551,659,749,709,808,633,459,615,530,573,507,185,0,0,366,967,1054,0,0,0,0,dahye,cross_leg_left,1
492,1786867297.713970,0,477,531,739,747,725,587,686,527,0,0,551,661,763,710,805,646,460,615,532,573,505,187,0,0,363,965,1055,0,0,0,0,dahye,cross_leg_left,1
493,1786867297.733956,0,483,525,739,751,723,588,685,526,0,0,553,663,763,713,825,649,461,615,532,573,507,187,0,0,365,963,1059,0,0,0,0,dahye,cross_leg_left,1
494,1786867297.753915,0,483,531,739,750,723,588,685,525,0,0,555,662,767,711,807,649,462,615,531,573,506,187,0,0,366,967,1061,0,0,0,0,dahye,cross_leg_left,1
495,1786867297.773961,0,482,523,741,747,722,587,685,523,0,0,555,665,763,713,808,651,461,614,530,573,504,187,0,0,367,969,1061,0,0,0,0,dahye,cross_leg_left,1
496,1786867297.793961,0,477,521,740,747,721,587,682,521,0,0,555,664,764,712,809,653,461,615,529,572,503,185,0,0,371,969,1061,0,0,0,0,dahye,cross_leg_left,1
497,1786867297.813931,0,471,519,741,747,719,589,681,520,0,0,555,665,763,711,807,646,461,615,529,573,506,188,0,0,371,971,1061,0,0,0,0,dahye,cross_leg_left,1
498,1786867297.833899,0,463,519,740,746,719,583,681,521,0,0,553,663,759,712,810,650,460,614,529,573,500,187,0,0,365,969,1061,0,0,0,0,dahye,cross_leg_left,1
499,1786867297.853954,0,459,519,739,745,717,584,681,519,0,0,553,663,760,711,805,635,457,613,527,571,502,187,0,0,366,967,1061,0,0,0,0,dahye,cross_leg_left,1
500,1786867297.873901,0,457,520,739,746,711,583,677,521,0,0,552,663,763,711,808,652,455,613,522,571,502,187,0,0,368,974,1061,0,0,0,0,dahye,cross_leg_left,1
501,1786867297.893920,0,457,519,735,747,710,575,675,519,0,0,553,661,757,712,810,649,455,612,523,571,501,189,0,0,373,969,1061,0,0,0,0,dahye,cross_leg_left,1
502,1786867297.913290,0,459,520,733,745,699,573,671,520,0,0,554,665,759,712,809,649,455,609,523,569,502,189,0,0,374,972,1061,0,0,0,0,dahye,cross_leg_left,1
503,1786867297.934022,0,460,518,732,745,691,570,667,518,0,0,555,667,764,711,810,650,454,611,521,568,501,191,0,0,365,971,1061,0,0,0,0,dahye,cross_leg_left,1
504,1786867297.953933,0,455,517,729,742,685,569,665,508,0,0,556,665,761,713,809,648,453,611,521,569,501,191,0,0,364,975,1061,0,0,0,0,dahye,cross_leg_left,1
505,1786867297.973973,0,457,509,728,743,683,567,665,509,0,0,556,664,761,712,809,648,457,611,523,569,502,198,0,0,363,971,1060,0,0,0,0,dahye,cross_leg_left,1
506,1786867297.993934,0,459,509,725,743,684,568,667,521,0,0,556,665,763,713,809,651,458,613,523,571,503,203,0,0,367,973,1059,0,0,0,0,dahye,cross_leg_left,1
507,1786867298.013908,0,461,520,727,744,684,567,667,525,0,0,555,665,764,715,811,655,461,613,527,571,507,206,0,0,365,969,1059,0,0,0,0,dahye,cross_leg_left,1
508,1786867298.034013,0,465,519,727,743,685,564,669,532,0,0,556,671,764,714,809,655,463,611,523,575,517,231,0,0,367,974,1055,0,0,0,0,dahye,cross_leg_left,1
509,1786867298.054066,0,447,509,727,743,685,571,675,533,0,0,557,667,764,713,810,655,467,617,531,569,520,223,0,0,365,972,1062,0,0,0,0,dahye,cross_leg_left,1
510,1786867298.073985,0,431,509,723,741,687,571,677,537,0,0,557,665,765,715,811,655,471,617,531,576,524,229,0,0,372,982,1063,0,0,0,0,dahye,cross_leg_left,1
511,1786867298.093962,0,405,507,715,735,687,571,681,543,0,0,553,661,765,713,811,651,473,621,531,583,527,236,0,0,345,985,1060,0,0,0,0,dahye,cross_leg_left,1
512,1786867298.113970,0,374,505,715,733,687,574,684,556,0,0,550,661,763,713,809,654,474,625,535,582,531,248,0,0,361,973,1065,0,0,0,0,dahye,cross_leg_left,1
513,1786867298.133885,0,365,503,713,733,691,574,685,574,0,0,544,659,761,711,809,653,475,627,537,585,533,263,0,0,357,977,1063,0,0,0,0,dahye,cross_leg_left,1
514,1786867298.153969,0,355,501,711,731,687,573,691,585,0,0,541,651,755,711,807,647,475,627,539,587,531,264,0,0,349,967,1061,0,0,0,0,dahye,cross_leg_left,1
515,1786867298.173982,0,343,494,710,732,690,575,693,589,0,0,538,651,750,709,805,651,475,627,537,585,535,265,0,0,345,959,1061,0,0,0,0,dahye,cross_leg_left,1
516,1786867298.193940,0,335,493,700,725,691,578,696,595,0,0,536,649,746,709,804,649,476,626,539,587,536,269,0,0,335,952,1059,0,0,0,0,dahye,cross_leg_left,1
517,1786867298.213937,0,333,493,699,719,691,581,702,598,0,0,533,639,747,703,805,649,477,628,540,587,538,279,0,0,325,951,1056,0,0,0,0,dahye,cross_leg_left,1
518,1786867298.233963,0,329,490,699,724,693,583,711,601,0,0,531,635,749,701,805,649,475,626,541,589,537,281,0,0,325,948,1059,0,0,0,0,dahye,cross_leg_left,1
519,1786867298.253944,0,329,491,701,723,699,589,717,607,0,0,530,632,747,703,805,649,477,628,543,596,536,286,0,0,319,955,1060,0,0,0,0,dahye,cross_leg_left,1
520,1786867298.273939,0,331,491,699,723,700,591,723,611,0,0,531,633,748,703,805,650,477,631,547,595,540,294,0,0,325,955,1061,0,0,0,0,dahye,cross_leg_left,1
521,1786867298.294026,0,337,491,703,726,709,595,725,610,21,0,530,636,740,703,805,652,478,631,544,598,551,303,0,0,319,951,1063,0,0,0,0,dahye,cross_leg_left,1
522,1786867298.312994,0,333,492,703,727,711,596,727,615,21,0,531,633,761,703,807,651,479,629,548,600,543,306,0,0,327,948,1062,0,0,0,0,dahye,cross_leg_left,1
523,1786867298.333254,0,339,493,703,728,710,597,725,614,0,0,531,633,747,703,806,651,479,631,551,602,541,303,0,0,333,943,1063,0,0,0,0,dahye,cross_leg_left,1
524,1786867298.354047,0,343,494,703,729,711,595,729,615,0,0,531,637,748,709,823,651,482,629,551,601,551,300,0,0,332,947,1063,0,0,0,0,dahye,cross_leg_left,1
525,1786867298.374000,0,347,495,703,729,711,595,729,615,0,0,531,635,751,703,814,651,483,631,547,601,533,299,0,0,341,947,1063,0,0,0,0,dahye,cross_leg_left,1
526,1786867298.393967,0,357,495,711,729,710,597,729,614,0,0,531,633,749,703,812,649,477,631,549,603,551,302,0,0,343,958,1063,0,0,0,0,dahye,cross_leg_left,1
527,1786867298.413262,0,357,499,713,731,712,597,729,614,0,0,532,633,748,703,805,648,479,632,551,599,543,293,0,0,343,974,1064,0,0,0,0,dahye,cross_leg_left,1
528,1786867298.433992,0,365,499,711,732,709,595,731,615,0,0,531,633,765,704,805,649,479,629,552,599,543,285,0,0,349,953,1065,0,0,0,0,dahye,cross_leg_left,1
529,1786867298.453992,0,365,501,714,731,711,597,731,615,0,0,531,630,740,703,805,647,479,631,551,599,538,269,0,0,349,951,1067,0,0,0,0,dahye,cross_leg_left,1
530,1786867298.473943,0,367,500,713,734,711,597,732,616,0,0,531,631,755,703,805,647,479,628,550,597,551,265,0,0,355,957,1065,0,0,0,0,dahye,cross_leg_left,1
531,1786867298.493965,0,373,501,713,733,711,599,733,617,0,0,531,633,733,709,805,648,479,629,549,600,531,264,0,0,354,956,1066,0,0,0,0,dahye,cross_leg_left,1
532,1786867298.513964,0,371,501,715,739,713,600,735,617,0,0,531,618,749,703,805,649,479,627,549,599,541,263,0,0,359,955,1067,0,0,0,0,dahye,cross_leg_left,1
533,1786867298.533846,0,371,501,716,743,713,600,739,618,0,0,529,629,747,703,805,649,483,629,551,599,539,261,0,0,361,969,1067,0,0,0,0,dahye,cross_leg_left,1
534,1786867298.553985,0,367,502,713,739,711,599,739,617,0,0,531,655,745,709,806,651,481,627,551,599,545,261,0,0,361,967,1069,0,0,0,0,dahye,cross_leg_left,1
535,1786867298.573952,0,363,499,715,731,713,605,737,619,0,0,529,631,747,715,796,649,481,629,549,600,539,252,0,0,361,965,1071,0,0,0,0,dahye,cross_leg_left,1
536,1786867298.593928,0,358,499,713,728,713,599,739,621,0,0,529,631,746,711,805,650,483,626,557,599,541,261,0,0,358,967,1067,0,0,0,0,dahye,cross_leg_left,1
537,1786867298.613963,0,353,495,712,723,710,598,736,617,0,0,527,627,745,702,804,651,481,627,552,601,541,251,0,0,367,965,1070,0,0,0,0,dahye,cross_leg_left,1
538,1786867298.633929,0,346,493,709,717,709,599,734,619,0,0,525,629,743,701,804,648,482,628,553,599,535,263,0,0,365,969,1077,0,0,0,0,dahye,cross_leg_left,1
539,1786867298.653960,0,339,491,701,715,710,596,733,619,0,0,523,623,744,700,803,648,479,631,551,599,539,255,0,0,363,970,1071,0,0,0,0,dahye,cross_leg_left,1
540,1786867298.673918,0,331,489,699,712,703,596,733,617,0,0,521,633,741,700,799,648,483,629,551,601,537,264,0,0,381,959,1070,0,0,0,0,dahye,cross_leg_left,1
541,1786867298.693961,0,329,483,695,702,711,595,734,620,0,0,519,623,739,699,800,649,479,628,553,603,537,263,0,0,351,969,1069,0,0,0,0,dahye,cross_leg_left,1
542,1786867298.713954,0,325,491,691,703,709,595,735,620,0,0,519,628,739,699,799,647,482,627,553,603,538,252,0,0,373,959,1067,0,0,0,0,dahye,cross_leg_left,1
543,1786867298.733928,0,315,477,685,703,703,595,733,619,21,0,517,621,741,698,798,649,483,627,555,603,537,265,0,0,373,973,1069,0,0,0,0,dahye,cross_leg_left,1
544,1786867298.753972,0,317,475,684,699,700,590,730,619,0,0,511,623,731,699,797,647,476,623,553,601,536,264,0,0,371,970,1069,0,0,0,0,dahye,cross_leg_left,1
545,1786867298.773886,0,303,472,676,693,699,587,729,619,0,0,509,622,740,697,799,649,476,623,555,600,539,249,0,0,378,972,1071,0,0,0,0,dahye,cross_leg_left,1
546,1786867298.793917,0,303,473,672,683,697,587,728,617,0,0,509,621,735,697,798,648,478,620,552,601,538,247,0,0,371,974,1079,0,0,0,0,dahye,cross_leg_left,1
547,1786867298.813982,0,303,470,665,693,695,583,727,616,0,0,507,621,734,697,799,648,473,621,553,603,551,245,0,0,376,975,1075,0,0,0,0,dahye,cross_leg_left,1
548,1786867298.834001,0,308,469,667,692,697,586,727,617,0,0,509,623,734,699,798,647,475,621,553,597,535,246,0,0,367,979,1077,0,0,0,0,dahye,cross_leg_left,1
549,1786867298.853944,0,308,470,668,695,695,587,727,617,0,0,509,617,735,699,799,648,475,623,553,599,531,237,0,0,381,979,1078,0,0,0,0,dahye,cross_leg_left,1
550,1786867298.873927,0,312,471,665,692,695,585,727,615,0,0,509,622,735,701,799,649,473,620,551,599,533,237,0,0,389,986,1079,0,0,0,0,dahye,cross_leg_left,1
551,1786867298.893978,0,311,471,671,701,698,585,727,618,0,0,511,622,733,699,799,649,473,620,551,597,536,231,0,0,382,981,1081,0,0,0,0,dahye,cross_leg_left,1
552,1786867298.913933,0,325,473,675,699,695,585,727,619,0,0,519,621,739,699,799,649,473,621,551,590,533,232,0,0,393,984,1081,0,0,0,0,dahye,cross_leg_left,1
553,1786867298.933936,0,312,475,667,697,693,587,727,618,0,0,517,620,739,699,799,651,471,621,552,597,533,234,0,0,399,1005,1083,0,0,0,0,dahye,cross_leg_left,1
554,1786867298.953999,0,313,475,671,687,691,587,727,619,0,0,519,620,739,699,803,651,471,619,552,597,535,229,0,0,410,989,1084,0,0,0,0,dahye,cross_leg_left,1
555,1786867298.973970,0,303,474,675,693,691,583,727,620,0,0,510,619,739,699,799,652,471,617,551,595,534,234,0,0,409,1007,1083,0,0,0,0,dahye,cross_leg_left,1
556,1786867298.993966,0,314,473,671,693,693,581,725,619,0,0,517,622,738,699,804,651,469,619,551,595,526,236,0,0,419,990,1083,0,0,0,0,dahye,cross_leg_left,1
557,1786867299.013973,0,307,469,667,687,685,581,723,619,0,0,517,626,735,698,804,651,468,617,550,589,525,221,0,0,429,999,1085,0,0,0,0,dahye,cross_leg_left,1
558,1786867299.033917,0,303,461,653,685,691,581,722,617,0,0,509,627,735,699,799,649,466,614,549,585,527,217,0,0,443,1004,1086,0,0,0,0,dahye,cross_leg_left,1
559,1786867299.053927,0,297,455,665,679,684,574,717,615,0,0,508,623,733,697,798,649,459,613,549,590,531,218,0,0,457,1003,1085,0,0,0,0,dahye,cross_leg_left,1
560,1786867299.073952,0,294,447,651,675,683,575,714,615,0,0,507,621,731,696,795,649,455,611,557,590,525,216,0,0,467,1003,1084,0,0,0,0,dahye,cross_leg_left,1
561,1786867299.093870,0,292,441,647,670,682,574,711,613,0,0,505,619,733,695,795,648,456,609,551,590,525,207,0,0,475,997,1085,0,0,0,0,dahye,cross_leg_left,1
562,1786867299.113957,0,284,431,645,665,683,581,712,615,0,0,503,621,729,695,795,648,445,607,551,591,520,211,0,0,494,1011,1085,0,0,0,0,dahye,cross_leg_left,1
563,1786867299.133947,0,278,425,636,667,684,574,712,615,0,0,499,617,729,693,792,647,441,601,549,595,519,211,0,0,505,1019,1081,0,0,0,0,dahye,cross_leg_left,1
564,1786867299.154073,0,270,416,635,663,683,575,710,615,0,0,498,615,727,691,793,645,435,599,552,587,521,214,0,0,521,1021,1080,0,0,0,0,dahye,cross_leg_left,1
565,1786867299.174028,0,262,411,627,661,681,575,711,615,0,0,499,616,728,694,792,646,427,597,549,585,520,199,0,0,539,1030,1083,0,0,0,0,dahye,cross_leg_left,1
566,1786867299.194024,0,247,403,632,655,681,581,710,617,0,0,495,601,727,693,795,647,420,597,543,585,507,189,0,0,551,1039,1084,0,0,0,0,dahye,cross_leg_left,1
567,1786867299.213924,0,245,396,627,651,681,575,709,612,0,0,495,617,727,693,793,647,412,587,549,582,509,181,0,0,557,1039,1083,0,0,0,0,dahye,cross_leg_left,1
568,1786867299.233959,0,233,393,619,655,679,574,703,613,0,0,494,613,723,687,793,645,405,605,549,585,503,179,0,0,583,1048,1085,0,0,0,0,dahye,cross_leg_left,1
569,1786867299.253959,0,229,393,613,637,681,583,702,612,0,0,493,617,725,691,791,647,404,587,550,582,502,165,0,0,600,1043,1085,0,0,0,0,dahye,cross_leg_left,1
570,1786867299.273993,0,223,389,614,637,681,573,701,615,0,0,491,605,723,691,791,639,398,595,551,584,501,179,0,0,589,1043,1093,0,0,0,0,dahye,cross_leg_left,1
571,1786867299.293955,0,221,389,607,633,679,573,703,612,0,0,491,601,723,690,788,638,396,590,551,583,521,171,0,0,583,1045,1087,0,0,0,0,dahye,cross_leg_left,1
572,1786867299.313943,0,221,383,605,634,680,575,703,606,0,0,489,611,723,687,789,639,397,591,552,593,498,171,0,0,595,1044,1092,0,0,0,0,dahye,cross_leg_left,1
573,1786867299.333982,0,217,383,605,631,678,575,703,611,0,0,485,613,721,685,790,637,395,587,543,582,498,191,0,0,589,1047,1087,0,0,0,0,dahye,cross_leg_left,1
574,1786867299.353954,0,221,388,605,633,677,573,703,613,0,0,481,601,718,682,787,639,395,589,556,579,503,172,0,0,591,1047,1092,0,0,0,0,dahye,cross_leg_left,1
575,1786867299.373930,0,217,382,601,647,681,573,709,617,0,0,479,603,717,683,787,644,393,594,543,582,504,178,0,0,591,1049,1095,0,0,0,0,dahye,cross_leg_left,1
576,1786867299.393992,0,217,383,601,631,680,581,711,617,0,0,477,605,717,684,789,637,393,591,554,581,503,179,0,0,595,1047,1093,0,0,0,0,dahye,cross_leg_left,1
577,1786867299.413933,0,216,383,603,631,681,579,711,619,0,0,477,584,711,685,785,639,394,587,553,584,505,173,0,0,590,1049,1087,0,0,0,0,dahye,cross_leg_left,1
578,1786867299.433258,0,215,380,600,633,680,579,711,617,0,0,474,604,717,681,787,639,395,596,554,581,505,175,0,0,599,1049,1093,0,0,0,0,dahye,cross_leg_left,1
579,1786867299.454034,0,213,377,601,628,678,579,711,620,0,0,473,601,715,683,787,639,394,595,555,585,503,183,0,0,600,1051,1096,0,0,0,0,dahye,cross_leg_left,1
580,1786867299.473976,0,189,373,598,628,685,573,711,618,0,0,471,599,713,680,781,636,397,595,555,587,505,183,0,0,603,1049,1099,0,0,0,0,dahye,cross_leg_left,1
581,1786867299.493954,0,148,363,590,623,671,575,703,615,0,0,471,597,712,681,783,638,398,597,555,581,505,185,0,0,603,1051,1093,0,0,0,0,dahye,cross_leg_left,1
582,1786867299.514020,0,148,362,585,619,677,571,699,613,0,0,468,597,711,680,779,635,391,595,552,582,505,184,0,0,605,1051,1101,0,0,0,0,dahye,cross_leg_left,1
583,1786867299.533942,0,143,360,585,621,675,570,697,611,0,0,462,595,702,678,779,635,381,589,554,583,505,185,0,0,599,1051,1096,0,0,0,0,dahye,cross_leg_left,1
584,1786867299.554043,0,143,360,589,622,671,571,697,613,0,0,461,594,703,676,779,631,379,589,549,581,505,185,0,0,605,1051,1096,0,0,0,0,dahye,cross_leg_left,1
585,1786867299.573986,0,143,349,588,623,675,571,696,615,0,0,461,591,699,677,779,634,375,594,553,583,503,183,0,0,605,1048,1095,0,0,0,0,dahye,cross_leg_left,1
586,1786867299.594019,0,143,356,589,626,675,571,697,615,0,0,460,594,703,672,777,637,367,594,556,585,503,183,0,0,611,1051,1097,0,0,0,0,dahye,cross_leg_left,1
587,1786867299.613952,0,147,355,589,628,671,571,698,617,0,0,461,594,701,677,781,638,357,593,553,585,505,179,0,0,615,1053,1099,0,0,0,0,dahye,cross_leg_left,1
588,1786867299.633956,0,143,357,590,627,675,573,697,619,0,0,461,594,701,675,782,637,359,595,556,579,503,183,0,0,617,1053,1113,0,0,0,0,dahye,cross_leg_left,1
589,1786867299.653992,0,138,357,586,621,676,571,699,618,0,0,460,591,701,675,780,638,360,590,553,583,501,184,0,0,616,1053,1102,0,0,0,0,dahye,cross_leg_left,1
590,1786867299.673966,0,135,359,581,619,675,571,698,618,0,0,459,590,699,675,781,637,361,595,566,583,504,179,0,0,618,1055,1102,0,0,0,0,dahye,cross_leg_left,1
591,1786867299.693953,0,143,346,583,617,680,571,699,617,0,0,457,595,699,670,779,637,361,597,553,583,503,183,0,0,619,1055,1084,0,0,0,0,dahye,cross_leg_left,1
592,1786867299.713996,0,139,349,575,615,665,569,697,617,0,0,457,589,699,669,781,637,359,593,557,581,503,183,0,0,619,1054,1097,0,0,0,0,dahye,cross_leg_left,1
593,1786867299.733950,0,143,355,573,613,671,567,697,615,0,0,455,589,699,671,778,637,356,597,552,575,503,197,0,0,622,1055,1107,0,0,0,0,dahye,cross_leg_left,1
594,1786867299.753946,0,137,345,579,613,669,569,695,615,0,0,455,589,699,669,776,637,360,595,557,581,503,179,0,0,623,1055,1093,0,0,0,0,dahye,cross_leg_left,1
595,1786867299.773998,0,141,349,574,611,669,567,695,625,0,0,455,585,699,667,775,637,352,598,553,571,503,184,0,0,639,1055,1102,0,0,0,0,dahye,cross_leg_left,1
596,1786867299.793961,0,139,355,564,611,667,569,693,605,0,0,454,588,699,671,775,638,348,599,554,581,501,184,0,0,639,1059,1101,0,0,0,0,dahye,cross_leg_left,1
597,1786867299.813947,0,139,350,565,611,665,569,687,615,0,0,455,588,697,667,777,639,356,599,553,582,503,182,0,0,647,1060,1098,0,0,0,0,dahye,cross_leg_left,1
598,1786867299.833976,0,140,350,567,605,663,566,687,611,0,0,453,585,698,665,775,638,339,599,553,581,506,184,0,0,639,1060,1105,0,0,0,0,dahye,cross_leg_left,1
599,1786867299.853941,0,141,350,570,607,664,565,687,605,0,0,453,587,697,670,777,635,329,599,544,581,503,183,0,0,646,1060,1108,0,0,0,0,dahye,cross_leg_left,1
600,1786867299.873943,0,139,351,580,607,665,565,687,619,0,0,454,587,699,668,774,635,329,597,548,580,501,182,0,0,646,1056,1101,0,0,0,0,dahye,cross_leg_left,1
601,1786867299.893922,0,139,351,569,607,664,563,687,613,0,0,455,589,698,669,779,636,330,599,551,583,502,181,0,0,649,1056,1103,0,0,0,0,dahye,cross_leg_left,1
602,1786867299.914004,0,141,355,570,611,665,567,687,611,0,0,455,587,699,671,777,639,329,598,552,581,501,179,0,0,650,1060,1101,0,0,0,0,dahye,cross_leg_left,1
603,1786867299.933252,0,141,356,571,614,665,567,691,613,0,0,455,589,699,669,777,639,330,599,547,579,501,179,0,0,648,1058,1109,0,0,0,0,dahye,cross_leg_left,1
604,1786867299.953973,0,141,357,571,615,667,557,691,611,0,0,456,591,699,671,777,645,333,599,552,580,503,179,0,0,651,1056,1101,0,0,0,0,dahye,cross_leg_left,1
605,1786867299.973997,0,143,359,571,615,666,567,692,611,0,0,457,589,697,651,779,637,333,600,559,581,502,179,0,0,653,1059,1107,0,0,0,0,dahye,cross_leg_left,1
606,1786867299.993944,0,143,359,569,617,667,566,691,611,0,0,459,589,697,669,777,645,331,600,553,576,502,179,0,0,652,1059,1103,0,0,0,0,dahye,cross_leg_left,1
607,1786867300.013926,0,143,359,573,617,667,565,693,613,0,0,459,589,701,661,780,638,333,600,553,581,503,180,0,0,651,1060,1099,0,0,0,0,dahye,cross_leg_left,1
608,1786867300.034000,0,142,359,571,616,667,563,692,615,0,0,455,590,699,671,779,639,331,611,552,573,500,179,0,0,651,1055,1106,0,0,0,0,dahye,cross_leg_left,1
609,1786867300.053999,0,147,362,573,619,667,569,693,603,0,0,457,587,701,669,778,637,331,601,552,585,501,181,0,0,648,1055,1106,0,0,0,0,dahye,cross_leg_left,1
610,1786867300.073994,0,147,360,575,619,669,573,695,612,0,0,458,589,699,666,767,635,343,601,553,581,503,181,0,0,635,1055,1102,0,0,0,0,dahye,cross_leg_left,1
611,1786867300.094002,0,147,361,575,620,671,567,694,611,0,0,459,589,701,668,781,645,338,602,556,587,503,183,0,0,632,1055,1111,0,0,0,0,dahye,cross_leg_left,1
612,1786867300.114300,0,147,361,579,620,669,571,691,600,0,0,459,589,703,669,782,639,340,602,555,571,504,185,0,0,629,1059,1109,0,0,0,0,dahye,cross_leg_left,1
613,1786867300.134017,0,147,365,579,623,679,569,689,603,0,0,461,589,702,672,781,646,355,600,555,584,503,184,0,0,623,1055,1102,0,0,0,0,dahye,cross_leg_left,1
614,1786867300.153818,0,149,367,581,621,669,569,686,603,0,0,459,591,703,675,787,659,333,604,552,581,503,185,0,0,622,1061,1111,0,0,0,0,dahye,cross_leg_left,1
615,1786867300.174165,0,149,363,581,623,669,567,688,603,0,0,460,591,702,667,781,639,341,603,553,582,504,184,0,0,620,1059,1112,0,0,0,0,dahye,cross_leg_left,1
616,1786867300.194104,0,147,365,581,623,671,566,691,604,0,0,461,594,703,668,786,647,341,603,553,572,504,187,0,0,617,1059,1106,0,0,0,0,dahye,cross_leg_left,1
617,1786867300.214702,0,147,370,582,627,670,571,691,603,0,0,462,593,703,677,791,648,345,603,551,583,503,187,0,0,614,1059,1113,0,0,0,0,dahye,cross_leg_left,1
618,1786867300.234079,0,149,367,583,629,669,568,693,603,0,0,461,594,711,675,781,649,345,605,544,576,504,187,0,0,611,1061,1109,0,0,0,0,dahye,cross_leg_left,1
619,1786867300.254070,0,149,375,583,631,671,569,695,609,0,0,461,591,711,679,781,649,349,606,553,585,505,189,0,0,604,1061,1113,0,0,0,0,dahye,cross_leg_left,1
620,1786867300.274028,0,149,372,585,632,671,569,697,611,0,0,463,595,711,674,788,649,363,611,556,584,507,197,0,0,605,1063,1115,0,0,0,0,dahye,cross_leg_left,1
621,1786867300.294018,0,149,373,585,633,675,572,697,611,0,0,461,595,711,678,789,650,371,605,557,584,506,197,0,0,605,1065,1117,0,0,0,0,dahye,cross_leg_left,1
622,1786867300.314019,0,147,373,587,633,675,569,697,613,0,0,465,597,713,677,787,653,373,611,555,585,507,199,0,0,605,1065,1112,0,0,0,0,dahye,cross_leg_left,1
623,1786867300.333976,0,147,373,587,635,675,582,699,614,0,0,465,597,713,677,782,651,379,611,571,586,509,199,0,0,599,1065,1113,0,0,0,0,dahye,cross_leg_left,1
624,1786867300.353976,0,147,379,587,635,675,571,699,615,0,0,463,596,710,680,791,651,377,611,554,585,508,202,0,0,596,1067,1123,0,0,0,0,dahye,cross_leg_left,1
625,1786867300.374008,0,147,373,589,634,677,573,701,617,0,0,465,596,711,679,788,653,380,611,557,585,511,203,0,0,597,1067,1107,0,0,0,0,dahye,cross_leg_left,1
626,1786867300.393979,0,147,375,590,637,677,571,703,619,21,0,463,596,712,683,796,653,373,613,557,587,518,205,0,0,587,1066,1113,0,0,0,0,dahye,cross_leg_left,1
627,1786867300.413961,0,146,379,595,645,677,568,709,621,37,0,463,598,715,679,794,653,379,610,557,587,518,199,0,0,588,1065,1107,0,0,0,0,dahye,cross_leg_left,1
628,1786867300.433331,0,149,383,599,645,679,573,709,623,55,0,468,600,717,683,795,653,390,611,556,585,510,197,0,0,596,1066,1115,0,0,0,0,dahye,cross_leg_left,1
629,1786867300.453977,0,151,397,603,653,678,573,711,623,40,0,467,601,718,683,795,660,395,611,554,584,507,190,0,0,599,1070,1113,0,0,0,0,dahye,cross_leg_left,1
630,1786867300.473970,0,199,404,611,661,679,573,711,623,0,0,471,605,723,687,805,666,395,607,551,581,505,181,0,0,599,1069,1119,0,0,0,0,dahye,cross_leg_left,1
631,1786867300.494024,0,227,411,621,665,680,571,711,619,0,0,475,611,727,691,807,661,395,607,549,575,499,169,0,0,604,1071,1105,0,0,0,0,dahye,cross_leg_left,1
632,1786867300.513967,0,252,423,635,677,684,575,710,617,0,0,485,615,735,697,807,667,396,610,544,571,495,163,0,0,611,1076,1115,0,0,0,0,dahye,cross_leg_left,1
633,1786867300.533953,0,279,431,650,683,695,581,709,611,0,0,493,621,747,695,813,671,395,611,543,568,491,155,0,0,617,1079,1114,0,0,0,0,dahye,cross_leg_left,1
634,1786867300.553952,0,287,440,659,687,695,581,701,595,0,0,499,627,749,699,810,667,397,603,540,567,487,147,0,0,616,1082,1115,0,0,0,0,dahye,cross_leg_left,1
635,1786867300.573994,0,293,442,661,687,696,572,696,571,0,0,504,631,752,701,813,663,395,607,536,561,479,125,0,0,614,1087,1113,0,0,0,0,dahye,cross_leg_left,1
636,1786867300.593967,0,291,443,659,691,687,572,687,565,0,0,505,629,756,711,811,663,382,602,536,558,476,112,0,0,611,1085,1112,0,0,0,0,dahye,cross_leg_left,1
637,1786867300.613980,0,293,445,655,685,687,569,685,563,0,0,505,629,751,698,815,665,365,601,531,556,475,113,0,0,607,1087,1112,0,0,0,0,dahye,cross_leg_left,1
638,1786867300.633979,0,291,439,653,683,685,571,685,565,0,0,506,627,755,709,811,665,359,601,531,557,477,111,0,0,610,1095,1109,0,0,0,0,dahye,cross_leg_left,1
639,1786867300.653981,0,285,441,653,685,687,571,687,584,0,0,507,623,751,701,811,667,358,601,531,557,477,117,0,0,605,1095,1108,0,0,0,0,dahye,cross_leg_left,1
640,1786867300.673970,0,282,439,653,687,687,572,696,603,0,0,505,623,755,701,811,663,357,604,533,559,483,139,0,0,601,1093,1112,0,0,0,0,dahye,cross_leg_left,1
641,1786867300.694000,0,277,441,657,693,694,579,703,606,0,0,507,625,752,697,815,663,359,621,536,559,484,147,0,0,597,1097,1112,0,0,0,0,dahye,cross_leg_left,1
642,1786867300.713945,0,277,441,660,695,703,583,716,617,0,0,505,626,754,709,813,669,359,607,537,562,489,151,0,0,589,1096,1112,0,0,0,0,dahye,cross_leg_left,1
643,1786867300.733960,0,275,445,665,697,711,595,727,621,0,0,505,627,759,711,819,671,357,607,537,565,493,156,0,0,570,1096,1113,0,0,0,0,dahye,cross_leg_left,1
644,1786867300.754022,0,275,446,667,697,713,599,733,623,0,0,506,622,755,699,821,675,357,611,538,565,499,157,0,0,563,1095,1113,0,0,0,0,dahye,cross_leg_left,1
645,1786867300.773980,0,271,453,671,701,715,603,735,626,0,0,507,627,757,701,819,677,361,612,540,567,499,163,0,0,553,1097,1111,0,0,0,0,dahye,cross_leg_left,1
646,1786867300.793972,0,273,454,671,701,713,601,735,627,29,0,507,627,757,709,812,671,365,613,539,568,501,165,0,0,547,1095,1112,0,0,0,0,dahye,cross_leg_left,1
647,1786867300.813961,0,272,451,671,699,712,601,733,624,54,0,507,628,755,710,818,671,373,611,541,569,503,164,0,0,543,1095,1111,0,0,0,0,dahye,cross_leg_left,1
648,1786867300.833989,0,275,453,670,703,715,601,733,624,71,0,508,630,756,712,819,667,375,616,541,567,503,165,0,0,538,1095,1111,0,0,0,0,dahye,cross_leg_left,1
649,1786867300.853948,0,275,454,671,703,715,601,734,628,77,0,507,629,756,701,819,678,379,612,541,569,504,166,0,0,537,1093,1110,0,0,0,0,dahye,cross_leg_left,1
650,1786867300.873958,0,279,455,675,711,715,601,735,629,79,0,509,628,758,703,821,677,383,614,541,569,503,164,0,0,539,1084,1111,0,0,0,0,dahye,cross_leg_left,1
651,1786867300.893984,0,287,455,677,711,715,602,737,629,69,0,509,631,757,701,815,671,392,613,541,569,503,163,0,0,542,1097,1111,0,0,0,0,dahye,cross_leg_left,1
652,1786867300.914058,0,294,460,678,715,717,603,740,629,24,0,517,631,760,713,821,669,391,615,543,570,503,163,0,0,543,1095,1111,0,0,0,0,dahye,cross_leg_left,1
653,1786867300.933932,0,301,459,680,714,717,603,741,629,0,0,517,635,761,715,821,675,389,615,543,569,503,159,0,0,548,1095,1113,0,0,0,0,dahye,cross_leg_left,1
654,1786867300.953987,0,307,463,683,715,721,603,740,627,0,0,519,636,759,695,837,677,379,615,542,569,504,165,0,0,544,1095,1113,0,0,0,0,dahye,cross_leg_left,1
655,1786867300.973982,0,310,467,687,719,719,605,741,623,0,0,519,637,761,696,824,670,383,613,543,571,505,159,0,0,550,1095,1111,0,0,0,0,dahye,cross_leg_left,1
656,1786867300.993970,0,311,469,691,723,722,605,741,630,0,0,520,637,763,719,823,679,392,618,547,569,504,163,0,0,551,1099,1112,0,0,0,0,dahye,cross_leg_left,1
657,1786867301.013983,0,315,470,693,723,723,605,743,629,0,0,521,639,760,713,823,669,393,619,544,572,504,163,0,0,548,1095,1113,0,0,0,0,dahye,cross_leg_left,1
658,1786867301.033934,0,315,467,693,726,723,605,743,628,0,0,522,637,766,715,823,667,399,619,547,571,505,165,0,0,549,1099,1113,0,0,0,0,dahye,cross_leg_left,1
659,1786867301.053951,0,315,471,693,727,722,607,743,631,0,0,521,637,761,710,813,675,399,621,547,571,505,165,0,0,551,1097,1113,0,0,0,0,dahye,cross_leg_left,1
660,1786867301.073949,0,316,473,692,725,721,606,744,629,0,0,523,638,763,703,828,679,402,619,549,572,504,167,0,0,540,1098,1115,0,0,0,0,dahye,cross_leg_left,1
661,1786867301.093975,0,315,477,691,718,723,605,743,631,0,0,523,639,765,714,823,664,401,619,547,573,505,169,0,0,544,1097,1115,0,0,0,0,dahye,cross_leg_left,1
662,1786867301.113972,0,313,469,691,723,719,605,744,630,0,0,523,636,763,713,823,672,403,620,549,573,505,169,0,0,541,1097,1115,0,0,0,0,dahye,cross_leg_left,1
663,1786867301.133907,0,313,468,687,719,723,611,743,628,0,0,522,637,760,711,825,679,403,619,551,572,519,169,0,0,541,1095,1113,0,0,0,0,dahye,cross_leg_left,1
664,1786867301.153477,0,311,469,687,719,722,606,743,628,0,0,523,637,763,713,823,675,404,621,549,573,509,172,0,0,549,1087,1115,0,0,0,0,dahye,cross_leg_left,1
665,1786867301.173991,0,309,469,686,719,719,605,741,627,0,0,523,637,759,713,821,675,405,621,549,573,507,173,0,0,537,1087,1114,0,0,0,0,dahye,cross_leg_left,1
666,1786867301.194025,0,309,469,686,724,723,606,743,628,0,0,524,637,763,713,822,674,404,621,549,573,511,178,0,0,535,1098,1113,0,0,0,0,dahye,cross_leg_left,1
667,1786867301.214110,0,309,469,685,719,725,607,744,629,0,0,523,636,763,715,823,675,408,621,548,573,509,175,0,0,537,1094,1115,0,0,0,0,dahye,cross_leg_left,1
668,1786867301.234026,0,309,469,685,721,723,617,745,631,0,0,525,637,761,713,821,677,409,623,550,575,518,179,0,0,537,1094,1115,0,0,0,0,dahye,cross_leg_left,1
669,1786867301.253991,0,308,469,685,723,723,604,745,631,45,0,523,637,761,715,837,678,409,623,550,579,520,180,0,0,536,1097,1114,0,0,0,0,dahye,cross_leg_left,1
670,1786867301.274056,0,315,469,685,723,723,605,745,631,63,0,525,637,763,713,822,677,413,624,551,581,523,181,0,0,535,1079,1113,0,0,0,0,dahye,cross_leg_left,1
671,1786867301.293991,0,307,468,684,723,723,605,745,632,71,0,524,637,761,713,821,676,413,623,551,581,521,185,0,0,534,1097,1115,0,0,0,0,dahye,cross_leg_left,1
672,1786867301.313989,0,303,468,683,719,722,604,734,632,75,0,523,637,766,712,821,675,415,626,553,581,521,187,0,0,532,1092,1113,0,0,0,0,dahye,cross_leg_left,1
673,1786867301.333998,0,301,467,681,713,717,605,738,633,77,0,527,639,759,713,821,675,420,623,553,583,523,188,0,0,535,1097,1113,0,0,0,0,dahye,cross_leg_left,1
674,1786867301.353987,0,299,465,680,715,719,604,738,632,77,0,525,635,758,712,819,675,421,626,553,583,521,191,0,0,527,1095,1113,0,0,0,0,dahye,cross_leg_left,1
675,1786867301.373971,0,300,459,681,713,719,615,741,633,77,0,523,635,761,710,821,675,423,627,553,583,524,199,0,0,522,1097,1113,0,0,0,0,dahye,cross_leg_left,1
676,1786867301.394029,0,301,459,681,715,723,607,744,632,77,0,522,637,761,713,823,677,424,631,555,584,523,201,0,0,499,1095,1113,0,0,0,0,dahye,cross_leg_left,1
677,1786867301.413993,0,301,467,683,716,723,607,747,632,75,0,524,635,765,713,821,675,423,630,557,588,529,203,0,0,491,1087,1113,0,0,0,0,dahye,cross_leg_left,1
678,1786867301.433958,0,299,468,682,719,721,611,747,633,78,0,525,636,760,715,821,675,427,631,557,588,531,203,0,0,475,1085,1112,0,0,0,0,dahye,cross_leg_left,1
679,1786867301.453317,0,299,469,681,719,723,611,747,633,75,0,523,637,765,713,822,675,429,631,558,590,527,204,0,0,437,1087,1113,0,0,0,0,dahye,cross_leg_left,1
680,1786867301.474048,0,299,468,683,717,723,611,747,634,83,0,524,645,763,713,821,675,431,633,558,591,530,211,0,0,427,1099,1113,0,0,0,0,dahye,cross_leg_left,1
681,1786867301.493996,0,301,467,680,721,723,605,745,633,86,0,525,639,760,713,820,676,433,633,559,588,531,213,0,0,415,1082,1115,0,0,0,0,dahye,cross_leg_left,1
682,1786867301.513981,0,301,471,681,715,719,611,746,632,88,0,525,633,761,713,820,677,435,631,558,589,529,213,0,0,407,1085,1113,0,0,0,0,dahye,cross_leg_left,1
683,1786867301.534013,0,299,467,681,717,717,605,747,634,87,0,525,635,760,713,821,675,435,632,559,593,529,212,0,0,404,1086,1115,0,0,0,0,dahye,cross_leg_left,1
684,1786867301.553986,0,297,469,681,713,717,607,747,633,91,0,524,632,762,713,821,675,437,635,559,591,530,216,0,0,405,1083,1115,0,0,0,0,dahye,cross_leg_left,1
685,1786867301.573989,0,299,468,685,718,723,607,745,633,99,0,524,635,761,715,821,676,437,637,555,588,531,215,0,0,403,1085,1115,0,0,0,0,dahye,cross_leg_left,1
686,1786867301.594015,0,300,469,683,719,719,605,746,635,93,0,523,637,761,713,820,676,439,631,559,594,535,217,0,0,403,1069,1113,0,0,0,0,dahye,cross_leg_left,1
687,1786867301.613966,0,303,469,683,718,722,606,745,636,92,0,525,634,772,713,820,675,439,633,559,591,533,212,0,0,403,1085,1115,0,0,0,0,dahye,cross_leg_left,1
688,1786867301.633971,0,303,469,683,723,722,610,747,635,93,0,527,639,757,713,823,675,440,634,559,593,536,215,0,0,407,1093,1114,0,0,0,0,dahye,cross_leg_left,1
689,1786867301.654033,0,307,471,685,727,725,607,748,635,95,0,527,637,761,713,831,675,441,634,563,597,537,216,0,0,399,1101,1115,0,0,0,0,dahye,cross_leg_left,1
690,1786867301.673970,0,309,473,685,723,723,611,747,635,95,0,527,637,760,714,823,677,441,632,559,595,533,217,0,0,407,1084,1116,0,0,0,0,dahye,cross_leg_left,1
691,1786867301.693986,0,308,473,684,727,721,610,746,635,95,0,527,634,755,713,823,675,441,633,559,588,532,215,0,0,407,1085,1115,0,0,0,0,dahye,cross_leg_left,1
692,1786867301.713936,0,308,472,683,723,715,605,740,635,92,0,526,655,760,714,821,677,441,634,557,595,533,215,0,0,399,1093,1116,0,0,0,0,dahye,cross_leg_left,1
693,1786867301.733973,0,310,473,683,729,724,611,741,635,90,0,527,637,776,715,822,677,441,632,563,589,533,209,0,0,407,1083,1114,0,0,0,0,dahye,cross_leg_left,1
694,1786867301.753970,0,311,474,683,723,722,607,739,635,85,0,529,636,767,714,818,677,441,631,559,591,531,212,0,0,410,1091,1113,0,0,0,0,dahye,cross_leg_left,1
695,1786867301.774017,0,313,476,687,725,722,607,739,634,79,0,527,646,759,714,824,675,443,632,557,586,521,207,0,0,413,1085,1113,0,0,0,0,dahye,cross_leg_left,1
696,1786867301.794031,0,313,475,687,726,723,606,740,633,70,0,531,639,763,715,823,676,441,631,559,591,529,205,0,0,411,1087,1113,0,0,0,0,dahye,cross_leg_left,1
697,1786867301.814012,0,315,475,687,731,722,607,739,632,51,0,529,638,751,715,823,677,441,631,563,591,530,203,0,0,421,1086,1113,0,0,0,0,dahye,cross_leg_left,1
698,1786867301.833971,0,317,475,691,731,723,605,734,632,33,0,529,645,758,715,823,676,441,631,557,589,531,203,0,0,423,1083,1113,0,0,0,0,dahye,cross_leg_left,1
699,1786867301.854019,0,317,475,691,728,718,605,735,631,0,0,530,637,763,715,823,677,441,629,557,588,534,191,0,0,421,1087,1117,0,0,0,0,dahye,cross_leg_left,1
700,1786867301.873959,0,316,474,686,734,719,605,734,631,0,0,531,647,766,716,825,675,439,629,547,583,531,205,0,0,421,1087,1111,0,0,0,0,dahye,cross_leg_left,1
701,1786867301.893991,0,317,474,692,731,719,604,735,631,0,0,531,645,762,715,823,676,441,630,557,587,531,203,0,0,423,1081,1112,0,0,0,0,dahye,cross_leg_left,1
702,1786867301.913072,0,317,481,692,732,722,603,733,631,0,0,531,647,761,715,823,675,440,627,565,585,530,197,0,0,407,1083,1113,0,0,0,0,dahye,cross_leg_left,1
703,1786867301.934033,0,325,477,693,731,719,603,734,631,0,0,531,649,765,715,823,677,441,629,555,584,532,199,0,0,410,1080,1112,0,0,0,0,dahye,cross_leg_left,1
704,1786867301.953105,0,327,477,694,735,721,603,733,629,0,0,533,649,765,715,823,676,441,626,555,584,533,201,0,0,404,1085,1114,0,0,0,0,dahye,cross_leg_left,1
705,1786867301.974013,0,325,477,692,739,723,602,734,631,0,0,533,654,766,716,823,676,443,627,553,587,533,205,0,0,392,1080,1111,0,0,0,0,dahye,cross_leg_left,1
706,1786867301.994177,0,327,478,696,733,729,604,735,631,0,0,535,651,766,716,823,676,441,628,555,589,531,201,0,0,404,1085,1111,0,0,0,0,dahye,cross_leg_left,1
707,1786867302.013774,0,329,477,695,737,723,605,733,630,0,0,535,646,766,717,823,675,444,627,553,591,535,201,0,0,407,1087,1111,0,0,0,0,dahye,cross_leg_left,1
708,1786867302.034187,0,330,476,695,739,717,603,732,629,0,0,535,658,767,717,824,677,443,627,567,589,535,204,0,0,403,1081,1111,0,0,0,0,dahye,cross_leg_left,1
709,1786867302.054003,0,327,477,696,739,719,601,732,629,0,0,536,653,765,717,824,675,445,623,555,594,535,201,0,0,407,1082,1123,0,0,0,0,dahye,cross_leg_left,1
710,1786867302.073923,0,331,477,695,738,723,600,730,627,0,0,535,655,767,719,824,675,443,621,556,590,531,203,0,0,397,1079,1115,0,0,0,0,dahye,cross_leg_left,1
711,1786867302.093993,0,328,478,695,736,719,599,730,627,0,0,536,653,767,723,824,675,443,627,553,587,529,200,0,0,398,1063,1108,0,0,0,0,dahye,cross_leg_left,1
712,1786867302.114022,0,331,479,696,731,719,597,730,621,0,0,537,659,767,718,825,675,447,621,553,588,529,199,0,0,393,1078,1109,0,0,0,0,dahye,cross_leg_left,1
713,1786867302.134038,0,340,477,697,733,716,595,728,622,0,0,537,650,765,717,824,675,442,621,555,587,525,197,0,0,393,1092,1109,0,0,0,0,dahye,cross_leg_left,1
714,1786867302.153980,0,333,473,697,733,716,595,727,620,0,0,539,655,773,719,824,675,445,622,553,587,523,189,0,0,397,1075,1108,0,0,0,0,dahye,cross_leg_left,1
715,1786867302.174030,0,335,479,698,733,717,595,727,620,0,0,538,653,767,718,823,675,442,623,555,591,531,200,0,0,401,1079,1123,0,0,0,0,dahye,cross_leg_left,1
716,1786867302.194006,0,333,479,697,735,719,595,727,621,0,0,539,657,773,718,824,676,442,622,553,589,532,197,0,0,403,1078,1108,0,0,0,0,dahye,cross_leg_left,1
717,1786867302.213951,0,333,482,697,740,719,594,725,621,0,0,539,653,767,719,824,675,443,623,553,591,529,197,0,0,394,1071,1109,0,0,0,0,dahye,cross_leg_left,1
718,1786867302.234018,0,337,481,697,732,719,595,727,620,0,0,538,651,767,719,823,675,445,620,555,591,529,191,0,0,393,1074,1103,0,0,0,0,dahye,cross_leg_left,1
719,1786867302.254000,0,331,483,697,734,719,595,727,619,0,0,538,651,767,719,823,671,443,621,551,587,533,190,0,0,393,1061,1107,0,0,0,0,dahye,cross_leg_left,1
720,1786867302.274014,0,331,482,699,735,715,595,727,620,0,0,539,654,767,718,824,677,443,623,555,589,535,185,0,0,389,1067,1107,0,0,0,0,dahye,cross_leg_left,1
721,1786867302.294032,0,337,483,696,735,718,597,726,619,0,0,537,658,767,722,824,675,440,621,554,587,531,197,0,0,390,1076,1107,0,0,0,0,dahye,cross_leg_left,1
722,1786867302.314011,0,339,482,702,737,719,595,727,621,0,0,542,659,767,719,825,676,447,620,553,590,531,201,0,0,390,1075,1107,0,0,0,0,dahye,cross_leg_left,1
723,1786867302.333971,0,334,483,699,735,717,595,728,619,0,0,540,660,767,719,825,676,445,637,553,587,533,191,0,0,382,1072,1100,0,0,0,0,dahye,cross_leg_left,1
724,1786867302.354011,0,332,483,699,741,716,597,728,621,0,0,541,659,767,719,824,677,445,623,553,589,531,199,0,0,381,1083,1109,0,0,0,0,dahye,cross_leg_left,1
725,1786867302.373977,0,337,483,701,733,719,595,727,623,0,0,540,659,767,723,825,677,443,620,552,568,535,199,0,0,381,1071,1102,0,0,0,0,dahye,cross_leg_left,1
726,1786867302.393975,0,332,486,698,731,717,595,727,621,0,0,540,654,773,719,825,677,445,621,552,585,531,199,0,0,381,1075,1103,0,0,0,0,dahye,cross_leg_left,1
727,1786867302.413985,0,343,480,699,748,710,597,727,623,0,0,539,659,771,719,824,676,446,623,551,589,531,199,0,0,389,1071,1103,0,0,0,0,dahye,cross_leg_left,1
728,1786867302.434011,0,338,483,703,745,717,593,727,621,0,0,539,651,767,721,824,678,445,623,552,587,529,199,0,0,383,1071,1103,0,0,0,0,dahye,cross_leg_left,1
729,1786867302.453994,0,337,483,701,731,717,595,727,619,0,0,541,662,767,718,824,676,447,624,550,589,525,189,0,0,383,1075,1105,0,0,0,0,dahye,cross_leg_left,1
730,1786867302.473982,0,337,485,699,738,717,595,725,618,0,0,541,653,767,721,823,676,446,621,551,587,529,187,0,0,389,1075,1107,0,0,0,0,dahye,cross_leg_left,1
731,1786867302.494042,0,339,483,697,739,718,597,726,621,0,0,540,659,773,716,825,677,452,622,552,582,525,199,0,0,392,1075,1111,0,0,0,0,dahye,cross_leg_left,1
732,1786867302.513982,0,339,483,700,739,717,595,725,618,0,0,541,655,767,721,825,677,452,623,551,579,529,201,0,0,392,1075,1109,0,0,0,0,dahye,cross_leg_left,1
733,1786867302.533976,0,335,484,698,739,717,596,727,623,0,0,541,659,775,723,823,677,447,624,542,587,529,201,0,0,381,1078,1108,0,0,0,0,dahye,cross_leg_left,1
734,1786867302.554019,0,334,484,699,739,715,595,727,615,0,0,541,649,767,719,822,679,447,622,551,573,535,199,0,0,383,1075,1105,0,0,0,0,dahye,cross_leg_left,1
735,1786867302.573958,0,335,481,699,738,717,594,725,619,0,0,541,655,763,723,823,671,453,622,552,589,529,200,0,0,380,1071,1106,0,0,0,0,dahye,cross_leg_left,1
736,1786867302.593991,0,333,482,702,739,717,591,727,619,0,0,540,653,767,723,823,677,447,617,553,590,533,200,0,0,381,1073,1108,0,0,0,0,dahye,cross_leg_left,1
737,1786867302.613828,0,335,483,699,735,716,595,727,620,0,0,540,661,767,719,823,678,446,621,553,584,530,203,0,0,380,1073,1107,0,0,0,0,dahye,cross_leg_left,1
738,1786867302.633964,0,337,483,699,735,717,595,725,620,0,0,541,655,766,716,824,675,447,623,553,581,531,203,0,0,394,1070,1105,0,0,0,0,dahye,cross_leg_left,1
739,1786867302.654016,0,334,483,692,738,714,599,727,619,0,0,539,653,765,715,823,677,447,623,555,589,533,199,0,0,405,1071,1105,0,0,0,0,dahye,cross_leg_left,1
740,1786867302.673984,0,332,483,699,739,718,595,725,619,0,0,539,652,765,719,821,679,447,621,547,586,540,199,0,0,379,1069,1100,0,0,0,0,dahye,cross_leg_left,1
741,1786867302.694015,0,335,485,699,737,718,598,726,619,0,0,539,663,766,718,825,675,447,621,541,584,531,191,0,0,383,1071,1107,0,0,0,0,dahye,cross_leg_left,1
742,1786867302.713985,0,334,484,697,739,721,595,725,618,0,0,541,662,767,722,823,679,446,623,551,596,549,197,0,0,391,1075,1099,0,0,0,0,dahye,cross_leg_left,1
743,1786867302.733952,0,341,485,698,739,715,598,725,617,0,0,540,655,766,719,824,675,446,629,551,583,532,199,0,0,375,1074,1105,0,0,0,0,dahye,cross_leg_left,1
744,1786867302.754011,0,339,485,697,733,717,595,727,619,0,0,541,655,761,715,824,675,453,623,551,581,531,201,0,0,382,1071,1109,0,0,0,0,dahye,cross_leg_left,1
745,1786867302.773993,0,338,485,698,735,717,599,726,619,0,0,540,659,765,721,824,672,447,627,547,585,532,199,0,0,395,1071,1107,0,0,0,0,dahye,cross_leg_left,1
746,1786867302.793976,0,339,485,698,735,719,599,725,616,0,0,539,677,767,721,823,671,447,625,551,587,523,199,0,0,381,1071,1106,0,0,0,0,dahye,cross_leg_left,1
747,1786867302.814030,0,329,486,697,734,715,596,726,617,0,0,541,655,767,718,824,671,445,620,549,588,533,202,0,0,379,1071,1107,0,0,0,0,dahye,cross_leg_left,1
748,1786867302.833973,0,341,484,699,734,715,603,727,617,0,0,541,653,765,718,824,671,447,627,551,590,537,201,0,0,404,1071,1101,0,0,0,0,dahye,cross_leg_left,1
749,1786867302.853993,0,343,485,699,735,723,597,727,623,0,0,540,646,767,721,821,675,447,623,551,590,529,204,0,0,383,1071,1110,0,0,0,0,dahye,cross_leg_left,1
750,1786867302.873986,0,343,485,697,735,722,595,727,620,0,0,541,654,772,717,824,675,446,621,551,587,536,199,0,0,383,1075,1107,0,0,0,0,dahye,cross_leg_left,1
751,1786867302.894003,0,341,487,697,739,715,593,727,621,0,0,541,651,776,719,824,676,445,623,551,591,533,199,0,0,378,1075,1110,0,0,0,0,dahye,cross_leg_left,1
752,1786867302.913951,0,341,487,700,735,716,597,727,621,0,0,540,654,765,719,823,675,446,627,557,587,531,199,0,0,381,1074,1102,0,0,0,0,dahye,cross_leg_left,1
753,1786867302.934013,0,335,487,701,737,718,597,727,621,0,0,539,655,767,719,823,675,447,623,553,589,533,201,0,0,379,1075,1103,0,0,0,0,dahye,cross_leg_left,1
754,1786867302.953980,0,349,485,701,738,717,597,727,619,0,0,538,653,767,719,823,675,447,616,553,588,531,199,0,0,381,1072,1103,0,0,0,0,dahye,cross_leg_left,1
755,1786867302.973977,0,338,487,701,736,715,598,727,619,0,0,538,655,765,717,824,675,447,621,543,593,532,187,0,0,382,1075,1107,0,0,0,0,dahye,cross_leg_left,1
756,1786867302.994093,0,345,487,701,735,714,594,726,619,0,0,539,654,766,719,823,679,447,623,553,590,531,199,0,0,383,1074,1105,0,0,0,0,dahye,cross_leg_left,1
757,1786867303.014106,0,347,488,702,739,717,595,725,619,0,0,541,655,773,718,827,671,447,623,552,589,531,189,0,0,383,1075,1107,0,0,0,0,dahye,cross_leg_left,1
758,1786867303.033975,0,343,487,698,737,716,594,725,616,0,0,540,655,772,717,823,675,447,621,552,585,532,200,0,0,383,1075,1102,0,0,0,0,dahye,cross_leg_left,1
759,1786867303.054044,0,345,488,699,735,717,596,726,619,0,0,539,658,772,724,819,675,447,622,553,589,531,199,0,0,383,1075,1110,0,0,0,0,dahye,cross_leg_left,1
760,1786867303.074019,0,346,487,699,741,716,595,725,617,0,0,540,655,772,722,823,671,446,623,551,599,531,198,0,0,383,1075,1103,0,0,0,0,dahye,cross_leg_left,1
761,1786867303.093977,0,345,487,693,739,717,590,725,617,0,0,541,655,766,723,823,676,447,621,543,585,531,201,0,0,391,1071,1103,0,0,0,0,dahye,cross_leg_left,1
762,1786867303.113992,0,346,487,699,739,715,591,723,618,0,0,539,650,767,719,824,671,446,621,564,590,532,203,0,0,377,1073,1115,0,0,0,0,dahye,cross_leg_left,1
763,1786867303.134003,0,345,487,711,739,717,591,725,617,0,0,539,655,767,717,822,677,447,621,551,589,531,191,0,0,382,1075,1115,0,0,0,0,dahye,cross_leg_left,1
764,1786867303.153769,0,345,486,693,739,725,589,722,617,0,0,541,655,767,719,823,675,447,611,551,585,531,197,0,0,382,1071,1101,0,0,0,0,dahye,cross_leg_left,1
765,1786867303.174037,0,346,485,698,739,723,589,723,617,0,0,540,657,767,721,823,671,447,617,549,588,531,191,0,0,381,1071,1101,0,0,0,0,dahye,cross_leg_left,1
766,1786867303.194021,0,347,489,699,738,716,591,721,613,0,0,541,658,767,717,824,669,447,611,551,585,531,197,0,0,371,1071,1109,0,0,0,0,dahye,cross_leg_left,1
767,1786867303.213990,0,349,487,701,739,716,599,719,617,0,0,540,659,766,711,821,675,446,623,551,589,531,197,0,0,381,1070,1106,0,0,0,0,dahye,cross_leg_left,1
768,1786867303.234023,0,350,488,701,739,715,589,718,621,0,0,541,657,766,719,823,675,446,619,554,587,531,191,0,0,380,1067,1103,0,0,0,0,dahye,cross_leg_left,1
769,1786867303.254052,0,354,487,700,738,717,593,719,616,0,0,539,658,773,709,812,670,445,619,553,589,532,197,0,0,377,1066,1095,0,0,0,0,dahye,cross_leg_left,1
770,1786867303.274013,0,356,488,701,739,714,593,721,617,0,0,539,658,773,722,823,671,445,619,551,589,533,197,0,0,377,1066,1101,0,0,0,0,dahye,cross_leg_left,1
771,1786867303.294027,0,356,489,703,740,716,591,719,613,0,0,540,658,767,718,823,671,445,623,551,590,533,191,0,0,377,1065,1098,0,0,0,0,dahye,cross_leg_left,1
772,1786867303.314053,0,357,487,709,739,718,591,719,616,0,0,541,660,773,723,823,672,444,607,549,583,531,197,0,0,383,1063,1103,0,0,0,0,dahye,cross_leg_left,1
773,1786867303.333144,0,358,488,695,738,715,590,723,617,0,0,541,659,766,723,823,671,447,618,547,589,531,191,0,0,393,1061,1101,0,0,0,0,dahye,cross_leg_left,1
774,1786867303.354120,0,359,489,701,740,717,593,723,605,0,0,541,655,767,721,823,675,445,617,551,591,532,197,0,0,375,1060,1097,0,0,0,0,dahye,cross_leg_left,1
775,1786867303.374011,0,359,489,701,740,716,587,723,619,0,0,541,658,767,728,820,671,444,618,552,587,531,189,0,0,374,1060,1099,0,0,0,0,dahye,cross_leg_left,1
776,1786867303.394035,0,361,489,703,739,715,591,718,619,0,0,541,659,767,718,821,672,442,619,553,588,531,190,0,0,377,1061,1099,0,0,0,0,dahye,cross_leg_left,1
777,1786867303.414012,0,359,489,703,739,717,591,717,613,0,0,541,659,765,716,823,670,441,607,549,594,531,189,0,0,377,1061,1107,0,0,0,0,dahye,cross_leg_left,1
778,1786867303.433983,0,360,489,703,739,715,587,715,616,0,0,541,659,775,717,822,668,441,615,548,581,531,188,0,0,378,1061,1099,0,0,0,0,dahye,cross_leg_left,1
779,1786867303.454045,0,359,489,703,739,715,595,715,615,0,0,541,653,773,718,823,671,439,616,549,585,529,187,0,0,373,1062,1107,0,0,0,0,dahye,cross_leg_left,1
780,1786867303.473975,0,361,489,703,740,715,580,714,613,0,0,541,651,767,712,813,671,440,615,538,584,529,187,0,0,381,1063,1101,0,0,0,0,dahye,cross_leg_left,1
781,1786867303.493974,0,361,489,703,739,713,588,712,613,0,0,541,659,765,719,823,668,439,614,541,585,529,185,0,0,382,1063,1109,0,0,0,0,dahye,cross_leg_left,1
782,1786867303.514078,0,361,488,701,739,715,588,712,613,0,0,541,659,765,719,823,671,438,613,549,585,529,183,0,0,393,1063,1107,0,0,0,0,dahye,cross_leg_left,1
783,1786867303.534029,0,361,489,703,739,715,583,711,610,0,0,542,667,767,728,815,670,439,613,543,584,529,181,0,0,383,1063,1103,0,0,0,0,dahye,cross_leg_left,1
784,1786867303.554010,0,361,489,709,740,711,581,711,612,0,0,541,659,767,727,820,671,437,609,543,583,527,181,0,0,383,1064,1107,0,0,0,0,dahye,cross_leg_left,1
785,1786867303.574003,0,365,489,711,739,703,591,710,611,0,0,541,659,773,712,825,669,437,612,541,581,525,181,0,0,391,1066,1106,0,0,0,0,dahye,cross_leg_left,1
786,1786867303.594076,0,367,491,703,739,715,593,711,612,0,0,543,659,773,719,827,669,439,613,543,583,525,181,0,0,403,1065,1106,0,0,0,0,dahye,cross_leg_left,1
787,1786867303.614013,0,367,490,710,741,715,587,711,612,0,0,542,661,773,741,830,671,437,613,541,583,525,179,0,0,389,1067,1107,0,0,0,0,dahye,cross_leg_left,1
788,1786867303.634014,0,381,491,710,740,711,585,703,611,0,0,543,660,773,719,824,670,437,613,543,583,524,178,0,0,396,1066,1099,0,0,0,0,dahye,cross_leg_left,1
789,1786867303.654017,0,391,491,710,741,713,587,703,611,0,0,543,661,775,719,824,675,437,613,547,583,524,175,0,0,398,1067,1107,0,0,0,0,dahye,cross_leg_left,1
790,1786867303.673987,0,391,492,709,741,709,584,703,598,0,0,541,661,765,723,824,671,438,607,548,583,523,175,0,0,395,1067,1107,0,0,0,0,dahye,cross_leg_left,1
791,1786867303.693989,0,389,491,711,741,711,585,703,605,0,0,543,662,773,719,825,665,438,615,543,584,523,175,0,0,395,1067,1107,0,0,0,0,dahye,cross_leg_left,1
792,1786867303.714038,0,391,483,711,741,711,584,701,604,0,0,543,661,773,721,823,671,437,613,543,583,523,174,0,0,393,1068,1096,0,0,0,0,dahye,cross_leg_left,1
793,1786867303.733963,0,391,489,711,741,709,582,701,605,0,0,543,663,773,721,823,675,437,611,543,581,524,173,0,0,398,1065,1117,0,0,0,0,dahye,cross_leg_left,1
794,1786867303.753994,0,391,493,709,743,703,581,699,605,0,0,543,661,776,717,824,672,435,611,543,580,523,173,0,0,399,1070,1115,0,0,0,0,dahye,cross_leg_left,1
795,1786867303.774032,0,392,491,712,740,710,582,700,605,0,0,542,661,775,719,825,675,427,613,543,581,523,173,0,0,402,1067,1118,0,0,0,0,dahye,cross_leg_left,1
796,1786867303.794005,0,393,491,711,741,703,582,701,605,0,0,543,661,773,723,824,671,435,611,538,582,523,173,0,0,405,1069,1087,0,0,0,0,dahye,cross_leg_left,1
797,1786867303.814014,0,393,485,711,741,709,581,701,605,0,0,543,663,775,723,827,665,437,610,543,582,524,173,0,0,403,1068,1096,0,0,0,0,dahye,cross_leg_left,1
798,1786867303.834006,0,393,495,713,741,703,575,700,605,0,0,543,662,775,719,825,669,434,611,543,583,523,171,0,0,397,1069,1107,0,0,0,0,dahye,cross_leg_left,1
799,1786867303.854015,0,395,491,712,743,709,581,700,605,0,0,543,663,773,721,825,671,435,609,543,583,523,171,0,0,402,1069,1107,0,0,0,0,dahye,cross_leg_left,1
800,1786867303.873995,0,394,492,713,743,709,580,701,605,0,0,547,663,766,725,826,671,435,611,543,582,524,172,0,0,402,1065,1109,0,0,0,0,dahye,cross_leg_left,1
801,1786867303.894041,0,395,493,713,741,709,572,701,605,0,0,543,663,775,723,820,668,434,605,543,581,525,172,0,0,395,1065,1107,0,0,0,0,dahye,cross_leg_left,1
802,1786867303.914007,0,397,492,713,743,703,581,700,605,0,0,543,663,775,725,827,676,435,611,546,583,523,173,0,0,403,1067,1107,0,0,0,0,dahye,cross_leg_left,1
803,1786867303.933961,0,396,495,711,743,703,579,700,604,0,0,547,663,774,719,823,671,435,611,543,582,523,171,0,0,405,1067,1108,0,0,0,0,dahye,cross_leg_left,1
804,1786867303.954047,0,395,491,712,742,700,580,699,606,0,0,544,661,773,723,825,669,435,607,543,581,522,169,0,0,404,1067,1107,0,0,0,0,dahye,cross_leg_left,1
805,1786867303.973978,0,397,492,714,743,701,575,697,603,0,0,547,663,777,725,823,671,431,605,541,583,522,169,0,0,407,1067,1103,0,0,0,0,dahye,cross_leg_left,1
806,1786867303.993981,0,397,491,713,743,701,575,696,601,0,0,547,664,775,727,826,671,429,607,541,581,523,169,0,0,408,1063,1108,0,0,0,0,dahye,cross_leg_left,1
807,1786867304.014010,0,397,491,713,743,701,581,697,598,0,0,548,664,774,717,823,669,429,604,539,581,523,167,0,0,407,1065,1107,0,0,0,0,dahye,cross_leg_left,1
808,1786867304.034086,0,397,495,714,745,702,583,696,597,0,0,549,663,775,725,823,672,427,605,541,581,521,165,0,0,404,1069,1108,0,0,0,0,dahye,cross_leg_left,1
809,1786867304.053983,0,399,494,715,744,701,581,693,595,0,0,548,663,775,721,827,669,429,605,539,581,525,164,0,0,404,1067,1109,0,0,0,0,dahye,cross_leg_left,1
810,1786867304.073975,0,399,491,713,745,701,581,695,597,0,0,549,664,773,723,825,669,428,606,538,581,521,165,0,0,413,1070,1109,0,0,0,0,dahye,cross_leg_left,1
811,1786867304.094023,0,403,491,715,743,701,585,695,597,0,0,548,663,773,726,823,668,430,605,540,582,523,165,0,0,411,1069,1107,0,0,0,0,dahye,cross_leg_left,1
812,1786867304.114001,0,403,493,715,745,699,581,692,595,0,0,550,664,775,725,827,670,429,611,541,583,523,164,0,0,411,1071,1109,0,0,0,0,dahye,cross_leg_left,1
813,1786867304.133986,0,399,491,715,745,700,575,692,595,0,0,549,664,775,727,825,668,429,604,539,581,521,160,0,0,410,1071,1109,0,0,0,0,dahye,cross_leg_left,1
814,1786867304.153409,0,398,493,715,745,699,572,687,589,0,0,549,665,775,723,826,669,429,604,539,580,520,158,0,0,414,1071,1109,0,0,0,0,dahye,cross_leg_left,1
815,1786867304.174037,0,375,495,715,747,700,574,687,587,0,0,549,664,777,723,826,671,428,603,539,581,521,159,0,0,423,1071,1109,0,0,0,0,dahye,cross_leg_left,1
816,1786867304.194030,0,374,487,714,745,698,571,687,584,0,0,551,665,789,723,824,664,427,605,539,581,519,155,0,0,415,1069,1109,0,0,0,0,dahye,cross_leg_left,1
817,1786867304.214039,0,372,490,714,745,699,571,686,573,0,0,550,665,776,725,827,675,429,605,540,581,520,159,0,0,419,1071,1109,0,0,0,0,dahye,cross_leg_left,1
818,1786867304.234028,0,374,493,715,745,698,569,687,572,0,0,551,667,781,713,826,675,429,604,538,580,517,159,0,0,419,1071,1109,0,0,0,0,dahye,cross_leg_left,1
819,1786867304.254006,0,373,493,714,748,699,570,686,573,0,0,551,667,777,723,844,671,429,603,539,579,522,157,0,0,421,1075,1107,0,0,0,0,dahye,cross_leg_left,1
820,1786867304.274014,0,373,494,716,744,699,571,684,572,0,0,551,665,778,724,828,671,428,603,538,580,519,155,0,0,421,1071,1109,0,0,0,0,dahye,cross_leg_left,1
821,1786867304.294047,0,369,491,715,744,697,569,684,571,0,0,551,663,779,739,847,669,429,603,538,581,521,155,0,0,423,1079,1109,0,0,0,0,dahye,cross_leg_left,1
822,1786867304.314011,0,371,493,715,747,699,569,683,573,0,0,550,664,778,730,815,671,428,603,539,581,519,155,0,0,423,1075,1109,0,0,0,0,dahye,cross_leg_left,1
823,1786867304.333985,0,367,492,715,746,699,568,683,563,0,0,549,664,787,714,828,668,424,612,537,580,520,155,0,0,423,1076,1109,0,0,0,0,dahye,cross_leg_left,1
824,1786867304.354039,0,367,490,715,745,697,568,683,571,0,0,551,661,774,721,825,669,425,602,537,581,510,153,0,0,424,1079,1109,0,0,0,0,dahye,cross_leg_left,1
825,1786867304.374007,0,365,491,715,745,697,568,683,571,0,0,551,665,773,723,823,672,425,601,539,575,523,152,0,0,423,1077,1111,0,0,0,0,dahye,cross_leg_left,1
826,1786867304.393126,0,366,493,716,745,696,569,683,569,0,0,551,666,783,724,823,675,425,601,537,581,521,151,0,0,427,1079,1109,0,0,0,0,dahye,cross_leg_left,1
827,1786867304.414108,0,367,494,716,745,697,568,683,569,0,0,551,665,777,725,825,670,427,600,537,575,519,148,0,0,425,1071,1109,0,0,0,0,dahye,cross_leg_left,1
828,1786867304.434073,0,371,493,716,747,697,568,683,569,0,0,553,665,777,725,825,670,427,601,536,580,517,150,0,0,427,1069,1109,0,0,0,0,dahye,cross_leg_left,1
829,1786867304.454059,0,371,493,715,747,696,567,683,569,0,0,553,665,777,727,823,671,427,602,537,575,520,151,0,0,425,1077,1110,0,0,0,0,dahye,cross_leg_left,1
830,1786867304.474091,0,371,495,715,747,697,567,681,569,0,0,552,666,776,726,827,669,427,601,537,579,519,148,0,0,429,1071,1110,0,0,0,0,dahye,cross_leg_left,1
831,1786867304.494039,0,371,489,715,749,695,567,682,568,0,0,553,664,780,728,825,677,425,601,537,580,511,123,0,0,430,1069,1111,0,0,0,0,dahye,cross_leg_left,1
832,1786867304.513344,0,372,495,716,747,695,568,681,567,0,0,553,666,779,727,826,667,426,601,537,575,510,124,0,0,429,1071,1109,0,0,0,0,dahye,cross_leg_left,1
833,1786867304.534028,0,372,492,716,749,695,567,681,564,0,0,554,667,781,727,826,671,425,601,537,580,509,123,0,0,425,1077,1111,0,0,0,0,dahye,cross_leg_left,1
834,1786867304.554077,0,375,493,717,747,694,566,680,563,0,0,555,667,781,734,827,677,423,599,537,579,510,119,0,0,429,1069,1111,0,0,0,0,dahye,cross_leg_left,1
835,1786867304.574007,0,375,494,717,747,691,568,678,559,0,0,555,665,775,727,825,671,424,599,535,580,509,117,0,0,429,1075,1109,0,0,0,0,dahye,cross_leg_left,1
836,1786867304.594015,0,394,493,717,749,693,567,678,557,0,0,557,665,779,726,826,671,422,597,536,575,509,118,0,0,432,1075,1111,0,0,0,0,dahye,cross_leg_left,1
837,1786867304.614018,0,401,493,719,749,694,567,677,555,0,0,557,667,779,726,827,671,425,599,536,579,509,119,0,0,429,1071,1111,0,0,0,0,dahye,cross_leg_left,1
838,1786867304.633962,0,403,494,719,747,693,565,677,556,0,0,557,667,777,727,827,671,421,597,535,575,507,118,0,0,429,1071,1108,0,0,0,0,dahye,cross_leg_left,1
839,1786867304.653991,0,407,505,722,749,693,565,677,553,0,0,557,669,781,727,827,671,424,599,535,579,506,117,0,0,421,1082,1107,0,0,0,0,dahye,cross_leg_left,1
840,1786867304.674018,0,407,493,721,747,693,565,677,555,0,0,558,669,779,727,825,675,422,599,535,575,507,115,0,0,430,1069,1109,0,0,0,0,dahye,cross_leg_left,1
841,1786867304.694028,0,405,495,723,750,693,565,677,555,0,0,557,668,781,727,828,671,424,600,535,573,509,117,0,0,427,1077,1109,0,0,0,0,dahye,cross_leg_left,1
842,1786867304.713997,0,408,495,723,747,691,565,677,555,0,0,557,671,780,727,826,669,424,599,535,575,507,118,0,0,429,1071,1111,0,0,0,0,dahye,cross_leg_left,1
843,1786867304.733991,0,408,499,721,749,691,566,677,553,0,0,557,669,782,727,827,671,424,599,536,575,509,117,0,0,428,1077,1111,0,0,0,0,dahye,cross_leg_left,1
844,1786867304.754059,0,410,495,721,749,688,567,676,551,0,0,559,671,779,728,827,671,421,599,536,574,508,118,0,0,431,1079,1110,0,0,0,0,dahye,cross_leg_left,1
845,1786867304.774010,0,409,499,723,749,686,566,672,551,0,0,559,669,778,727,823,670,424,598,533,574,507,108,0,0,432,1071,1111,0,0,0,0,dahye,cross_leg_left,1
846,1786867304.794012,0,407,495,719,751,687,565,671,550,0,0,559,669,781,727,827,675,424,596,533,575,509,101,0,0,438,1100,1110,0,0,0,0,dahye,cross_leg_left,1
847,1786867304.814033,0,411,498,721,747,687,563,675,551,0,0,559,667,776,727,827,671,424,599,534,574,506,101,0,0,431,1079,1111,0,0,0,0,dahye,cross_leg_left,1
848,1786867304.833992,0,413,499,721,749,687,564,672,548,0,0,559,669,783,728,827,671,426,599,535,573,508,103,0,0,431,1081,1111,0,0,0,0,dahye,cross_leg_left,1
849,1786867304.854012,0,415,499,723,759,687,565,671,551,0,0,559,669,783,728,827,671,423,598,537,573,502,101,0,0,437,1071,1111,0,0,0,0,dahye,cross_leg_left,1
850,1786867304.874022,0,413,495,723,751,687,565,675,549,0,0,559,677,773,728,829,675,423,599,535,574,509,99,0,0,435,1071,1111,0,0,0,0,dahye,cross_leg_left,1
851,1786867304.893989,0,419,501,722,749,687,563,671,549,0,0,559,670,779,728,827,675,423,599,536,573,504,104,0,0,440,1078,1111,0,0,0,0,dahye,cross_leg_left,1
852,1786867304.914013,0,416,499,723,755,687,564,671,551,0,0,559,671,781,729,827,676,425,598,535,573,505,102,0,0,435,1079,1113,0,0,0,0,dahye,cross_leg_left,1
853,1786867304.934012,0,415,499,723,738,686,563,671,547,0,0,557,666,787,726,827,676,423,599,535,574,507,100,0,0,431,1077,1112,0,0,0,0,dahye,cross_leg_left,1
854,1786867304.953984,0,415,496,721,749,687,565,671,547,0,0,559,669,781,728,827,675,425,598,535,574,507,101,0,0,437,1072,1111,0,0,0,0,dahye,cross_leg_left,1
855,1786867304.973988,0,419,499,723,746,685,559,671,549,0,0,563,677,781,729,827,671,423,599,535,574,501,101,0,0,437,1077,1112,0,0,0,0,dahye,cross_leg_left,1
856,1786867304.993986,0,421,499,723,745,687,563,671,547,0,0,559,675,779,729,827,675,423,599,535,572,507,103,0,0,430,1056,1112,0,0,0,0,dahye,cross_leg_left,1
857,1786867305.014010,0,419,501,723,747,684,563,671,544,0,0,563,671,781,729,827,675,425,599,536,573,490,95,0,0,435,1076,1112,0,0,0,0,dahye,cross_leg_left,1
858,1786867305.033958,0,421,499,723,743,685,563,671,542,0,0,559,675,782,729,827,671,423,597,535,572,507,101,0,0,439,1081,1111,0,0,0,0,dahye,cross_leg_left,1
859,1786867305.054011,0,421,499,723,747,685,561,670,547,0,0,563,666,777,729,827,671,423,597,533,573,508,102,0,0,444,1079,1112,0,0,0,0,dahye,cross_leg_left,1
860,1786867305.074044,0,422,499,723,749,685,562,670,549,0,0,563,665,781,729,828,674,424,600,536,575,519,107,0,0,434,1068,1113,0,0,0,0,dahye,cross_leg_left,1
861,1786867305.093985,0,421,499,723,747,689,563,671,549,0,0,559,676,789,729,827,675,423,600,536,581,507,89,0,0,413,1079,1113,0,0,0,0,dahye,cross_leg_left,1
862,1786867305.114019,0,421,499,725,749,687,563,675,549,0,0,561,675,787,728,828,672,421,599,536,572,508,109,0,0,428,1075,1113,0,0,0,0,dahye,cross_leg_left,1
863,1786867305.134025,0,420,499,724,747,691,563,675,551,0,0,562,670,777,729,827,675,424,600,533,580,506,99,0,0,429,1069,1111,0,0,0,0,dahye,cross_leg_left,1
864,1786867305.154051,0,422,500,725,749,691,564,676,551,0,0,561,682,789,728,827,671,422,599,534,573,505,100,0,0,429,1076,1112,0,0,0,0,dahye,cross_leg_left,1
865,1786867305.174130,0,421,501,722,749,692,565,677,550,0,0,563,675,785,729,827,675,427,603,537,575,509,99,0,0,405,1079,1113,0,0,0,0,dahye,cross_leg_left,1
866,1786867305.194092,0,423,496,723,749,691,563,677,549,0,0,560,669,783,729,841,675,425,601,533,574,505,93,0,0,424,1077,1113,0,0,0,0,dahye,cross_leg_left,1
867,1786867305.214027,0,421,499,723,750,691,563,677,549,0,0,563,671,781,729,825,675,423,600,517,575,503,99,0,0,420,1078,1113,0,0,0,0,dahye,cross_leg_left,1
868,1786867305.234047,0,423,499,723,749,691,563,677,549,0,0,563,655,781,728,826,671,423,599,533,575,493,101,0,0,421,1077,1113,0,0,0,0,dahye,cross_leg_left,1
869,1786867305.254097,0,424,501,723,749,691,565,678,548,0,0,563,671,781,727,828,675,423,601,534,581,505,95,0,0,411,1078,1109,0,0,0,0,dahye,cross_leg_left,1
870,1786867305.274018,0,422,501,724,748,691,565,679,551,0,0,563,655,779,729,827,675,421,600,535,574,496,101,0,0,413,1070,1113,0,0,0,0,dahye,cross_leg_left,1
871,1786867305.294023,0,427,503,725,748,693,565,678,551,0,0,563,661,780,728,828,672,424,601,533,575,507,93,0,0,409,1079,1113,0,0,0,0,dahye,cross_leg_left,1
872,1786867305.314033,0,427,503,723,749,693,566,679,551,0,0,563,677,779,729,828,671,422,601,533,581,521,93,0,0,405,1073,1112,0,0,0,0,dahye,cross_leg_left,1
873,1786867305.334044,0,429,501,725,749,699,566,678,552,0,0,563,677,781,729,827,671,427,601,533,580,504,99,0,0,407,1061,1112,0,0,0,0,dahye,cross_leg_left,1
874,1786867305.354024,0,434,501,725,749,701,565,679,551,0,0,563,676,781,731,827,675,423,600,535,575,507,103,0,0,405,1059,1115,0,0,0,0,dahye,cross_leg_left,1
875,1786867305.374009,0,435,501,725,751,691,565,678,552,0,0,563,671,782,729,827,672,424,601,535,576,503,99,0,0,407,1075,1113,0,0,0,0,dahye,cross_leg_left,1
876,1786867305.394051,0,437,500,725,747,692,564,678,553,0,0,565,675,781,729,826,675,423,600,535,574,503,98,0,0,405,1065,1111,0,0,0,0,dahye,cross_leg_left,1
877,1786867305.414021,0,439,501,725,751,692,564,677,551,0,0,563,677,779,729,826,675,423,601,533,574,504,95,0,0,405,1077,1111,0,0,0,0,dahye,cross_leg_left,1
878,1786867305.434007,0,440,501,723,749,691,565,677,551,0,0,563,671,782,729,826,675,422,597,533,573,503,107,0,0,405,1065,1111,0,0,0,0,dahye,cross_leg_left,1
879,1786867305.454035,0,439,501,725,747,696,565,679,552,0,0,564,675,783,730,826,675,415,600,535,575,506,93,0,0,404,1059,1116,0,0,0,0,dahye,cross_leg_left,1
880,1786867305.474018,0,441,503,726,747,693,565,679,551,0,0,563,679,783,729,826,675,437,597,537,580,499,95,0,0,403,1077,1111,0,0,0,0,dahye,cross_leg_left,1
881,1786867305.494005,0,439,501,728,748,695,565,679,552,0,0,565,675,783,731,826,675,424,601,535,579,505,95,0,0,405,1079,1111,0,0,0,0,dahye,cross_leg_left,1
882,1786867305.514032,0,452,491,727,748,691,563,677,550,0,0,564,675,781,731,827,677,423,600,535,571,501,93,0,0,403,1079,1113,0,0,0,0,dahye,cross_leg_left,1
883,1786867305.533721,0,443,501,725,749,691,565,679,552,0,0,565,672,782,729,827,675,414,599,535,573,505,93,0,0,403,1077,1115,0,0,0,0,dahye,cross_leg_left,1
884,1786867305.554125,0,443,501,719,751,692,565,678,547,0,0,565,671,781,726,827,675,421,601,535,575,499,99,0,0,403,1078,1115,0,0,0,0,dahye,cross_leg_left,1
885,1786867305.574045,0,442,501,725,751,691,560,677,551,0,0,563,677,783,731,826,671,422,599,535,575,505,95,0,0,397,1076,1107,0,0,0,0,dahye,cross_leg_left,1
886,1786867305.594059,0,443,499,724,749,695,563,677,551,0,0,564,677,783,728,827,675,419,600,533,572,499,93,0,0,402,1077,1113,0,0,0,0,dahye,cross_leg_left,1
887,1786867305.614019,0,441,507,723,749,691,565,677,553,0,0,563,679,783,729,827,675,423,601,537,570,501,99,0,0,399,1059,1113,0,0,0,0,dahye,cross_leg_left,1
888,1786867305.634030,0,439,503,725,748,691,565,679,551,0,0,563,679,781,729,825,671,424,599,534,573,507,91,0,0,398,1079,1109,0,0,0,0,dahye,cross_leg_left,1
889,1786867305.654067,0,440,502,725,748,693,565,677,551,0,0,564,677,782,729,825,672,423,600,533,580,507,101,0,0,403,1071,1112,0,0,0,0,dahye,cross_leg_left,1
890,1786867305.674016,0,440,503,725,751,689,565,675,552,0,0,565,679,783,729,825,676,421,600,533,593,507,95,0,0,397,1069,1113,0,0,0,0,dahye,cross_leg_left,1
891,1786867305.694019,0,439,503,730,759,693,567,677,551,0,0,565,679,783,733,828,674,425,603,535,570,500,100,0,0,405,1075,1115,0,0,0,0,dahye,cross_leg_left,1
892,1786867305.714074,0,443,501,725,755,685,563,677,550,0,0,565,679,783,729,827,676,424,601,535,571,503,93,0,0,401,1077,1113,0,0,0,0,dahye,cross_leg_left,1
893,1786867305.733942,0,443,502,726,743,689,563,677,550,0,0,564,679,779,731,827,677,425,600,533,575,505,99,0,0,396,1079,1113,0,0,0,0,dahye,cross_leg_left,1
894,1786867305.754018,0,443,503,727,749,687,565,675,551,0,0,563,676,783,729,827,676,423,611,534,575,505,94,0,0,403,1076,1113,0,0,0,0,dahye,cross_leg_left,1
895,1786867305.774045,0,443,501,725,751,687,565,676,553,0,0,565,680,783,731,826,675,429,603,533,573,507,100,0,0,399,1075,1112,0,0,0,0,dahye,cross_leg_left,1
896,1786867305.794054,0,445,501,726,755,691,564,675,551,0,0,565,679,783,731,826,675,425,601,535,575,507,97,0,0,403,1077,1113,0,0,0,0,dahye,cross_leg_left,1
897,1786867305.814006,0,445,501,725,751,691,565,676,550,0,0,563,682,785,727,826,676,426,603,535,573,509,100,0,0,397,1076,1114,0,0,0,0,dahye,cross_leg_left,1
898,1786867305.834021,0,447,503,727,751,692,569,676,551,0,0,567,682,783,729,825,677,428,600,551,575,507,97,0,0,399,1076,1113,0,0,0,0,dahye,cross_leg_left,1
899,1786867305.854065,0,447,503,725,749,690,561,677,551,0,0,566,679,781,732,827,675,425,601,535,575,506,99,0,0,399,1077,1111,0,0,0,0,dahye,cross_leg_left,1
900,1786867305.874001,0,453,501,727,751,687,565,676,551,0,0,567,687,787,730,827,677,425,604,536,575,507,103,0,0,395,1077,1112,0,0,0,0,dahye,cross_leg_left,1
901,1786867305.894036,0,453,503,727,750,692,565,677,547,0,0,565,681,783,731,825,675,428,604,535,568,509,99,0,0,397,1077,1114,0,0,0,0,dahye,cross_leg_left,1
902,1786867305.914038,0,455,503,727,750,692,564,676,553,0,0,565,677,787,731,824,677,428,604,537,575,507,99,0,0,395,1076,1115,0,0,0,0,dahye,cross_leg_left,1
903,1786867305.934028,0,445,503,727,748,691,567,677,554,0,0,565,679,781,727,825,676,427,603,537,575,507,99,0,0,395,1077,1112,0,0,0,0,dahye,cross_leg_left,1
904,1786867305.954028,0,445,501,727,751,693,565,676,551,0,0,567,677,787,732,825,672,413,605,535,573,507,99,0,0,396,1075,1115,0,0,0,0,dahye,cross_leg_left,1
905,1786867305.974007,0,447,502,727,749,687,565,677,555,0,0,567,684,786,731,825,676,425,605,535,581,505,101,0,0,393,1075,1113,0,0,0,0,dahye,cross_leg_left,1
906,1786867305.994027,0,443,502,727,749,687,565,677,552,0,0,565,691,787,729,824,679,431,603,541,581,507,93,0,0,397,1075,1115,0,0,0,0,dahye,cross_leg_left,1
907,1786867306.014015,0,443,503,727,750,685,565,677,557,0,0,566,680,796,731,823,675,427,603,537,586,509,101,0,0,395,1075,1119,0,0,0,0,dahye,cross_leg_left,1
908,1786867306.034132,0,442,503,727,749,685,567,677,555,0,0,566,679,786,730,825,677,429,603,537,582,508,101,0,0,393,1075,1112,0,0,0,0,dahye,cross_leg_left,1
909,1786867306.054043,0,443,495,727,750,687,565,675,552,0,0,566,667,787,727,824,677,429,603,536,581,508,101,0,0,398,1077,1112,0,0,0,0,dahye,cross_leg_left,1
910,1786867306.074031,0,439,502,725,748,687,566,677,553,0,0,565,679,783,729,825,677,425,605,537,582,509,103,0,0,395,1076,1109,0,0,0,0,dahye,cross_leg_left,1
911,1786867306.094033,0,443,501,725,751,685,565,677,552,0,0,567,679,787,727,825,675,440,607,525,574,518,101,0,0,399,1075,1110,0,0,0,0,dahye,cross_leg_left,1
912,1786867306.114049,0,445,501,726,750,691,563,678,554,0,0,567,679,783,731,825,679,438,605,537,584,517,111,0,0,399,1075,1115,0,0,0,0,dahye,cross_leg_left,1
913,1786867306.134028,0,438,501,725,749,695,565,677,554,0,0,567,659,777,731,825,677,425,605,537,581,510,107,0,0,395,1075,1113,0,0,0,0,dahye,cross_leg_left,1
914,1786867306.154056,0,435,501,725,749,692,565,678,558,0,0,565,680,785,731,828,677,440,601,533,575,509,107,0,0,393,1079,1112,0,0,0,0,dahye,cross_leg_left,1
915,1786867306.174004,0,423,501,725,749,693,565,679,558,0,0,567,679,785,733,825,679,443,607,537,581,517,104,0,0,398,1077,1117,0,0,0,0,dahye,cross_leg_left,1
916,1786867306.194118,0,425,501,723,749,687,567,678,557,0,0,565,679,781,728,827,678,429,606,539,581,518,101,0,0,397,1078,1115,0,0,0,0,dahye,cross_leg_left,1
917,1786867306.214035,0,427,501,727,751,683,567,679,560,0,0,566,678,785,729,825,676,428,604,541,579,509,103,0,0,397,1077,1100,0,0,0,0,dahye,cross_leg_left,1
918,1786867306.234129,0,429,502,723,749,691,566,679,557,0,0,565,683,777,732,824,677,427,603,535,583,508,91,0,0,397,1076,1114,0,0,0,0,dahye,cross_leg_left,1
919,1786867306.254161,0,435,503,725,749,691,565,678,563,0,0,565,679,783,732,823,678,429,607,536,583,509,101,0,0,397,1077,1135,0,0,0,0,dahye,cross_leg_left,1
920,1786867306.274049,0,440,500,725,751,688,567,679,559,0,0,566,681,786,729,827,677,429,605,537,581,509,87,0,0,403,1077,1107,0,0,0,0,dahye,cross_leg_left,1
921,1786867306.294058,0,430,503,723,749,691,565,677,563,0,0,566,680,787,731,825,678,428,596,536,579,507,99,0,0,402,1079,1109,0,0,0,0,dahye,cross_leg_left,1
922,1786867306.314054,0,429,501,723,747,685,565,677,565,0,0,564,679,785,731,825,677,429,605,539,581,506,99,0,0,397,1077,1115,0,0,0,0,dahye,cross_leg_left,1
923,1786867306.334155,0,429,501,724,747,686,563,679,575,0,0,567,681,787,729,825,677,429,607,538,575,508,99,0,0,399,1077,1115,0,0,0,0,dahye,cross_leg_left,1
924,1786867306.354069,0,423,501,723,749,687,565,681,574,0,0,567,681,787,730,824,680,431,603,538,585,507,110,0,0,402,1071,1113,0,0,0,0,dahye,cross_leg_left,1
925,1786867306.374029,0,419,501,719,745,685,565,678,589,0,0,565,677,787,729,827,677,429,604,542,582,509,93,0,0,405,1073,1105,0,0,0,0,dahye,cross_leg_left,1
926,1786867306.394122,0,415,501,723,747,687,567,680,587,0,0,567,679,787,730,824,678,431,607,539,579,509,99,0,0,399,1075,1113,0,0,0,0,dahye,cross_leg_left,1
927,1786867306.414060,0,403,501,719,747,686,564,682,589,0,0,567,679,785,730,825,681,430,607,541,599,509,101,0,0,379,1071,1109,0,0,0,0,dahye,cross_leg_left,1
928,1786867306.434022,0,395,500,723,749,691,563,683,595,0,0,568,677,785,731,826,679,430,607,539,585,509,100,0,0,403,1071,1112,0,0,0,0,dahye,cross_leg_left,1
929,1786867306.454083,0,397,500,722,747,691,567,683,595,0,0,567,678,787,727,826,677,433,607,540,589,517,101,0,0,403,1071,1111,0,0,0,0,dahye,cross_leg_left,1
930,1786867306.474028,0,395,500,717,747,685,567,683,599,0,0,568,681,787,729,824,681,435,611,541,583,519,103,0,0,402,1071,1123,0,0,0,0,dahye,cross_leg_left,1
931,1786867306.494024,0,392,500,719,747,691,565,683,601,0,0,567,679,783,733,825,677,435,605,539,585,518,103,0,0,399,1068,1103,0,0,0,0,dahye,cross_leg_left,1
932,1786867306.514078,0,383,500,717,746,687,567,684,599,0,0,567,679,787,727,827,679,431,611,537,594,519,100,0,0,393,1069,1112,0,0,0,0,dahye,cross_leg_left,1
933,1786867306.534020,0,379,501,715,745,687,567,686,601,0,0,567,678,783,731,825,675,435,611,531,587,517,101,0,0,371,1067,1115,0,0,0,0,dahye,cross_leg_left,1
934,1786867306.554046,0,377,501,715,746,687,567,685,603,0,0,567,677,785,727,823,679,436,605,543,579,518,101,0,0,379,1066,1113,0,0,0,0,dahye,cross_leg_left,1
935,1786867306.574057,0,376,499,717,745,690,565,682,599,0,0,566,676,781,732,824,678,437,611,541,587,520,103,0,0,396,1069,1117,0,0,0,0,dahye,cross_leg_left,1
936,1786867306.594137,0,379,501,717,746,687,565,687,601,0,0,568,679,786,733,825,679,435,613,541,589,520,103,0,0,392,1068,1099,0,0,0,0,dahye,cross_leg_left,1
937,1786867306.614033,0,378,499,719,746,688,564,687,601,0,0,567,679,785,730,825,681,437,611,533,588,520,102,0,0,403,1067,1113,0,0,0,0,dahye,cross_leg_left,1
938,1786867306.634072,0,377,501,717,744,691,567,686,601,0,0,564,671,783,725,824,679,437,612,543,588,521,100,0,0,393,1067,1117,0,0,0,0,dahye,cross_leg_left,1
939,1786867306.654048,0,377,498,717,746,683,565,685,601,0,0,567,679,785,727,825,681,439,603,541,593,519,102,0,0,391,1067,1111,0,0,0,0,dahye,cross_leg_left,1
940,1786867306.674024,0,378,499,717,747,691,567,687,601,0,0,567,679,787,723,823,676,439,611,542,587,521,102,0,0,390,1065,1113,0,0,0,0,dahye,cross_leg_left,1
941,1786867306.694080,0,377,499,717,747,687,567,687,602,0,0,566,679,783,725,825,677,439,613,541,589,520,103,0,0,391,1065,1114,0,0,0,0,dahye,cross_leg_left,1
942,1786867306.714067,0,377,499,719,746,688,565,687,597,0,0,567,678,781,729,824,679,439,612,539,588,519,102,0,0,392,1065,1111,0,0,0,0,dahye,cross_leg_left,1
943,1786867306.734014,0,379,499,727,747,691,565,690,597,0,0,565,683,785,727,825,681,444,613,542,589,522,102,0,0,383,1065,1111,0,0,0,0,dahye,cross_leg_left,1
944,1786867306.754035,0,378,501,717,747,688,568,690,603,0,0,567,678,786,725,819,681,441,613,543,589,521,103,0,0,393,1064,1107,0,0,0,0,dahye,cross_leg_left,1
945,1786867306.773058,0,379,499,718,747,691,568,691,603,0,0,566,679,786,724,819,679,443,613,541,589,520,109,0,0,396,1063,1113,0,0,0,0,dahye,cross_leg_left,1
946,1786867306.794022,0,379,497,718,747,687,567,691,603,0,0,567,678,781,730,825,678,443,611,541,588,521,108,0,0,398,1064,1112,0,0,0,0,dahye,cross_leg_left,1
947,1786867306.814040,0,377,499,717,747,687,567,688,606,0,0,566,677,783,727,823,681,439,615,531,591,520,109,0,0,391,1064,1108,0,0,0,0,dahye,cross_leg_left,1
948,1786867306.834048,0,379,499,718,747,691,567,687,601,0,0,566,679,782,729,821,679,443,613,543,590,521,109,0,0,392,1063,1103,0,0,0,0,dahye,cross_leg_left,1
949,1786867306.854040,0,379,492,719,749,687,565,690,603,0,0,567,679,781,729,823,677,444,613,543,589,522,109,0,0,383,1063,1112,0,0,0,0,dahye,cross_leg_left,1
950,1786867306.874005,0,378,499,718,747,691,567,691,603,0,0,567,677,786,731,827,679,444,613,550,589,523,111,0,0,392,1063,1115,0,0,0,0,dahye,cross_leg_left,1
951,1786867306.894072,0,380,501,719,748,687,567,691,605,0,0,566,679,785,727,823,679,445,615,543,590,522,115,0,0,397,1064,1109,0,0,0,0,dahye,cross_leg_left,1
952,1786867306.914034,0,379,499,719,747,691,566,691,605,0,0,567,679,787,729,823,679,445,611,541,597,522,118,0,0,391,1064,1113,0,0,0,0,dahye,cross_leg_left,1
953,1786867306.933996,0,379,499,719,749,688,567,691,603,0,0,566,675,783,732,827,677,446,613,552,589,522,119,0,0,393,1067,1112,0,0,0,0,dahye,cross_leg_left,1
954,1786867306.954032,0,380,504,718,749,691,567,691,603,0,0,567,679,783,731,825,671,445,613,543,591,522,119,0,0,395,1064,1112,0,0,0,0,dahye,cross_leg_left,1
955,1786867306.974011,0,380,501,717,747,691,567,691,605,0,0,567,678,785,727,823,679,446,615,547,591,522,120,0,0,397,1065,1131,0,0,0,0,dahye,cross_leg_left,1
956,1786867306.993319,0,380,500,719,747,691,567,691,605,0,0,567,679,787,727,825,679,446,615,547,594,523,119,0,0,391,1063,1115,0,0,0,0,dahye,cross_leg_left,1
957,1786867307.013860,0,379,492,717,748,691,567,691,605,0,0,567,684,785,732,821,693,447,614,543,591,523,119,0,0,391,1063,1109,0,0,0,0,dahye,cross_leg_left,1
958,1786867307.034049,0,380,501,719,746,690,566,693,605,0,0,566,679,782,726,823,679,445,615,544,591,523,119,0,0,393,1063,1107,0,0,0,0,dahye,cross_leg_left,1
959,1786867307.054030,0,379,501,718,747,687,567,691,605,0,0,566,678,781,732,823,671,446,615,547,591,523,118,0,0,382,1063,1108,0,0,0,0,dahye,cross_leg_left,1
960,1786867307.074002,0,379,500,719,747,687,571,691,605,0,0,567,679,782,725,821,681,448,615,548,594,523,119,0,0,392,1065,1113,0,0,0,0,dahye,cross_leg_left,1
961,1786867307.094094,0,379,495,719,747,687,567,691,607,0,0,567,679,786,727,827,680,452,616,543,591,523,116,0,0,393,1061,1109,0,0,0,0,dahye,cross_leg_left,1
962,1786867307.114155,0,379,501,718,747,687,566,693,607,0,0,567,678,783,727,825,679,445,617,547,593,525,111,0,0,391,1063,1113,0,0,0,0,dahye,cross_leg_left,1
963,1786867307.134027,0,379,500,717,747,687,569,691,606,0,0,567,679,783,727,827,683,447,615,547,594,523,105,0,0,391,1063,1111,0,0,0,0,dahye,cross_leg_left,1
964,1786867307.154158,0,378,495,717,747,687,566,692,605,0,0,568,679,785,729,820,680,447,615,544,593,523,105,0,0,390,1064,1105,0,0,0,0,dahye,cross_leg_left,1
965,1786867307.174069,0,381,499,717,747,689,567,691,607,0,0,567,678,782,725,823,679,453,617,547,593,523,107,0,0,376,1065,1111,0,0,0,0,dahye,cross_leg_left,1
966,1786867307.194044,0,383,501,717,748,687,568,693,605,0,0,567,679,787,725,825,677,453,622,547,594,524,105,0,0,403,1063,1111,0,0,0,0,dahye,cross_leg_left,1
967,1786867307.214090,0,381,499,717,749,687,569,688,601,0,0,567,679,783,728,827,680,453,617,547,591,521,104,0,0,402,1063,1112,0,0,0,0,dahye,cross_leg_left,1
968,1786867307.234016,0,383,499,717,747,687,563,691,605,0,0,567,679,787,731,824,678,454,616,547,594,523,105,0,0,401,1064,1113,0,0,0,0,dahye,cross_leg_left,1
969,1786867307.254055,0,383,495,717,747,685,568,688,605,0,0,569,679,787,725,827,680,454,617,547,591,521,105,0,0,395,1061,1115,0,0,0,0,dahye,cross_leg_left,1
970,1786867307.274118,0,381,495,715,745,687,558,687,602,0,0,567,677,785,729,822,680,453,617,548,591,519,103,0,0,411,1067,1113,0,0,0,0,dahye,cross_leg_left,1
971,1786867307.294101,0,383,500,719,746,685,565,685,603,0,0,569,679,788,727,824,681,447,617,548,591,521,102,0,0,403,1067,1113,0,0,0,0,dahye,cross_leg_left,1
972,1786867307.314037,0,389,495,717,747,685,567,688,601,0,0,567,679,786,725,821,683,453,617,547,591,519,104,0,0,407,1065,1114,0,0,0,0,dahye,cross_leg_left,1
973,1786867307.334014,0,382,499,717,747,687,565,685,601,0,0,568,679,781,725,826,683,455,617,547,593,520,101,0,0,407,1064,1115,0,0,0,0,dahye,cross_leg_left,1
974,1786867307.354077,0,382,496,717,748,685,565,687,600,0,0,569,679,785,730,823,681,455,617,547,591,519,101,0,0,393,1064,1113,0,0,0,0,dahye,cross_leg_left,1
975,1786867307.374000,0,383,496,717,747,685,563,687,597,0,0,569,679,787,731,824,682,454,616,543,591,519,101,0,0,407,1065,1113,0,0,0,0,dahye,cross_leg_left,1
976,1786867307.394028,0,383,499,717,747,685,565,685,593,0,0,569,679,788,727,825,681,453,616,548,593,519,101,0,0,415,1067,1113,0,0,0,0,dahye,cross_leg_left,1
977,1786867307.414046,0,383,499,717,745,685,567,684,596,0,0,569,680,787,729,829,681,455,616,543,589,519,100,0,0,423,1063,1113,0,0,0,0,dahye,cross_leg_left,1
978,1786867307.434009,0,383,500,716,747,685,565,685,597,0,0,569,681,785,729,837,685,455,617,543,594,520,100,0,0,413,1067,1113,0,0,0,0,dahye,cross_leg_left,1
979,1786867307.454032,0,384,499,717,747,685,566,683,597,0,0,569,679,782,739,837,685,455,616,547,591,521,100,0,0,415,1065,1115,0,0,0,0,dahye,cross_leg_left,1
980,1786867307.474067,0,383,499,718,746,685,559,685,596,0,0,569,681,787,718,829,683,455,617,546,591,519,101,0,0,415,1064,1113,0,0,0,0,dahye,cross_leg_left,1
981,1786867307.494030,0,389,501,717,747,685,565,685,597,0,0,569,681,787,725,821,685,455,617,547,591,521,100,0,0,415,1065,1113,0,0,0,0,dahye,cross_leg_left,1
982,1786867307.514039,0,389,499,718,747,685,565,685,597,0,0,569,680,787,728,824,691,455,616,547,591,517,101,0,0,413,1065,1113,0,0,0,0,dahye,cross_leg_left,1
983,1786867307.534046,0,391,501,717,748,685,567,684,597,0,0,569,680,789,732,819,680,455,615,542,589,520,89,0,0,411,1069,1114,0,0,0,0,dahye,cross_leg_left,1
984,1786867307.554065,0,389,499,718,745,685,563,685,597,0,0,569,680,782,717,831,682,455,616,547,591,520,99,0,0,411,1067,1113,0,0,0,0,dahye,cross_leg_left,1
985,1786867307.574058,0,381,500,717,747,685,567,687,596,0,0,570,685,787,727,825,681,459,616,547,589,509,101,0,0,410,1066,1111,0,0,0,0,dahye,cross_leg_left,1
986,1786867307.594056,0,391,501,717,747,686,567,686,597,0,0,568,683,789,729,824,681,455,616,547,589,517,100,0,0,412,1075,1112,0,0,0,0,dahye,cross_leg_left,1
987,1786867307.614089,0,389,502,715,746,685,567,687,599,0,0,569,680,793,732,821,683,455,617,549,591,517,100,0,0,409,1067,1113,0,0,0,0,dahye,cross_leg_left,1
988,1786867307.634054,0,390,493,718,748,687,566,687,600,0,0,569,677,791,729,824,675,457,617,547,591,518,101,0,0,409,1068,1113,0,0,0,0,dahye,cross_leg_left,1
989,1786867307.654076,0,391,507,717,748,687,565,686,601,0,0,569,679,781,731,825,684,455,617,544,591,519,98,0,0,411,1065,1113,0,0,0,0,dahye,cross_leg_left,1
990,1786867307.674051,0,391,500,717,747,687,567,687,601,0,0,569,681,804,747,823,682,455,617,547,593,517,99,0,0,409,1069,1113,0,0,0,0,dahye,cross_leg_left,1
991,1786867307.694036,0,391,500,717,747,687,567,690,601,0,0,569,681,787,728,824,675,457,617,549,590,518,101,0,0,409,1067,1115,0,0,0,0,dahye,cross_leg_left,1
992,1786867307.714058,0,392,492,717,747,687,567,691,602,0,0,569,680,783,728,823,679,457,617,547,589,519,99,0,0,409,1064,1113,0,0,0,0,dahye,cross_leg_left,1
993,1786867307.734053,0,391,503,717,748,686,567,691,603,0,0,569,680,787,728,823,681,456,617,547,591,519,100,0,0,407,1065,1112,0,0,0,0,dahye,cross_leg_left,1
994,1786867307.754050,0,391,501,718,749,686,567,690,603,0,0,569,679,788,730,824,679,456,617,547,591,521,99,0,0,407,1065,1113,0,0,0,0,dahye,cross_leg_left,1
995,1786867307.773130,0,391,499,717,748,687,567,687,603,0,0,569,681,791,730,821,683,457,617,547,590,521,101,0,0,405,1067,1113,0,0,0,0,dahye,cross_leg_left,1
