frame,timestamp,ch0,ch1,ch2,ch3,ch4,ch5,ch6,ch7,ch8,ch9,ch10,ch11,ch12,ch13,ch14,ch15,ch16,ch17,ch18,ch19,ch20,ch21,ch22,ch23,ch24,ch25,ch26,ch27,ch28,ch29,ch30,ch31,person,posture,trial
0,1786864796.024587,0,0,87,467,445,557,267,280,0,0,433,556,589,680,617,701,639,604,668,568,580,549,407,126,717,1067,1079,670,887,1099,1067,395,yewon,lean_forward,1
1,1786864796.025941,0,0,89,467,453,551,251,275,0,0,430,557,590,685,621,712,633,603,653,568,575,547,407,121,713,1079,1081,711,882,1095,1064,399,yewon,lean_forward,1
2,1786864796.027232,0,0,92,471,453,542,249,270,0,0,431,557,595,687,631,711,637,603,653,567,575,549,407,123,713,1061,1078,749,876,1094,1067,402,yewon,lean_forward,1
3,1786864796.028211,0,0,93,473,455,537,249,261,0,0,435,559,593,687,631,723,640,601,654,568,575,549,407,119,699,1052,1085,779,876,1095,1075,399,yewon,lean_forward,1
4,1786864796.029154,0,0,93,475,455,523,245,249,0,0,435,559,595,691,635,720,639,600,654,568,575,549,407,115,685,1041,1082,799,879,1097,1071,379,yewon,lean_forward,1
5,1786864796.029994,0,0,94,474,455,523,240,245,0,0,437,559,596,693,635,723,647,603,644,569,575,551,407,119,674,1021,1077,809,885,1101,1078,403,yewon,lean_forward,1
6,1786864796.030864,0,0,99,473,455,523,243,243,0,0,437,563,603,695,633,721,647,605,645,563,580,549,408,118,653,1015,1069,799,892,1109,1082,401,yewon,lean_forward,1
7,1786864796.031686,0,0,95,469,455,529,244,243,0,0,437,559,603,695,635,718,649,605,647,573,587,553,410,120,645,1007,1064,789,905,1115,1093,399,yewon,lean_forward,1
8,1786864796.032478,0,0,79,454,443,523,244,237,0,0,435,561,603,697,633,719,647,605,661,575,587,551,410,121,649,1007,1067,782,919,1127,1095,398,yewon,lean_forward,1
9,1786864796.033236,0,0,0,407,423,521,235,217,0,0,423,553,597,697,632,709,639,604,661,573,585,549,409,121,655,1017,1079,763,939,1134,1093,421,yewon,lean_forward,1
10,1786864796.033903,0,0,0,332,389,499,221,180,0,0,389,527,585,695,627,699,633,600,664,581,583,542,407,115,661,1017,1097,781,967,1157,1083,383,yewon,lean_forward,1
11,1786864796.034557,0,0,0,221,341,474,203,114,0,0,297,477,556,683,622,691,631,597,664,581,572,533,397,114,664,1031,1111,761,983,1181,1052,367,yewon,lean_forward,1
12,1786864796.035206,0,0,0,53,286,441,183,93,0,0,239,457,555,669,617,686,622,597,681,591,571,524,403,111,657,1049,1127,766,1015,1208,1048,358,yewon,lean_forward,1
13,1786864796.035868,0,0,0,0,225,409,171,81,0,0,217,447,554,663,615,682,622,600,683,585,573,523,405,121,647,1063,1133,777,1013,1225,1042,349,yewon,lean_forward,1
14,1786864796.036541,0,0,0,0,187,393,155,57,0,0,207,445,553,655,615,683,623,603,683,597,581,531,411,134,638,1065,1144,779,1041,1228,1035,341,yewon,lean_forward,1
15,1786864796.037188,0,0,0,0,155,381,150,21,0,0,191,445,555,654,613,685,623,603,687,600,586,539,416,151,633,1079,1150,793,1032,1215,1031,331,yewon,lean_forward,1
16,1786864796.037877,0,0,0,0,141,379,147,0,0,0,175,443,555,645,611,683,627,604,685,606,590,543,423,169,644,1081,1164,803,1011,1205,1014,309,yewon,lean_forward,1
17,1786864796.038620,0,0,0,0,140,381,149,50,0,0,171,441,554,646,611,687,623,601,682,601,587,549,426,201,643,1079,1174,819,985,1192,974,291,yewon,lean_forward,1
18,1786864796.039273,0,0,0,0,169,399,155,76,0,0,165,437,557,645,611,687,623,601,683,587,591,549,427,204,648,1086,1179,826,977,1183,937,285,yewon,lean_forward,1
19,1786864796.040023,0,0,0,0,207,415,163,84,0,0,163,435,555,633,607,683,620,598,679,597,591,551,427,201,648,1081,1187,851,967,1178,931,283,yewon,lean_forward,1
20,1786864796.041003,0,0,0,0,219,425,167,85,0,0,155,435,551,632,603,685,621,597,680,597,591,553,425,169,633,1069,1188,870,973,1178,935,281,yewon,lean_forward,1
21,1786864796.041680,0,0,0,0,213,434,167,79,0,0,143,422,541,621,596,683,620,597,682,599,595,553,419,153,567,1054,1190,889,983,1196,922,279,yewon,lean_forward,1
22,1786864796.042290,0,0,0,0,171,408,157,54,0,0,125,405,537,613,585,682,619,595,683,588,595,552,404,126,521,1021,1181,941,999,1205,948,275,yewon,lean_forward,1
23,1786864796.042936,0,0,0,0,105,355,135,0,0,0,107,393,519,611,585,686,627,595,685,601,597,542,381,93,437,995,1183,1015,1015,1223,971,271,yewon,lean_forward,1
24,1786864796.043675,0,0,0,0,76,298,106,0,0,0,93,382,504,616,590,695,623,595,684,597,597,535,361,53,379,953,1190,1063,1017,1228,1003,263,yewon,lean_forward,1
25,1786864796.044390,0,0,0,0,27,277,89,0,0,0,92,380,503,617,597,699,627,595,685,595,600,529,343,25,312,936,1195,1093,1033,1230,1007,229,yewon,lean_forward,1
26,1786864796.045095,0,0,0,0,0,264,75,0,0,0,93,393,505,623,611,701,627,593,685,615,599,521,332,0,219,915,1199,1106,1035,1233,988,139,yewon,lean_forward,1
27,1786864796.045669,0,0,0,0,91,265,69,0,0,0,95,409,522,647,627,715,628,591,680,600,590,507,313,0,205,911,1205,1113,1048,1228,952,69,yewon,lean_forward,1
28,1786864796.046233,0,0,0,25,163,271,72,0,0,0,105,427,538,667,635,727,633,587,681,591,581,489,285,0,184,916,1211,1109,1063,1225,920,0,yewon,lean_forward,1
29,1786864796.046795,0,0,0,175,261,290,91,0,0,0,123,445,559,680,658,731,636,585,678,569,563,474,245,0,183,923,1221,1113,1078,1213,901,0,yewon,lean_forward,1
30,1786864796.047357,0,0,0,247,299,303,96,0,0,0,170,467,571,695,671,744,653,585,679,585,547,468,231,0,185,931,1223,1113,1086,1215,885,0,yewon,lean_forward,1
31,1786864796.047917,0,0,0,274,327,315,93,0,0,0,189,489,585,701,676,744,655,588,669,573,534,461,221,0,189,947,1225,1116,1087,1209,871,0,yewon,lean_forward,1
32,1786864796.048489,0,0,0,279,331,312,87,0,0,0,209,502,597,713,677,743,659,586,666,549,531,454,215,0,197,955,1225,1110,1095,1193,854,0,yewon,lean_forward,1
33,1786864796.049058,0,0,0,279,331,307,75,0,0,0,253,507,599,719,677,749,665,583,651,543,521,440,207,0,237,989,1216,1093,1095,1181,841,0,yewon,lean_forward,1
34,1786864796.049625,0,0,0,265,317,291,37,0,0,0,277,517,599,717,680,741,653,573,636,527,505,437,201,0,297,973,1221,1083,1095,1173,827,0,yewon,lean_forward,1
35,1786864796.050182,0,0,0,263,310,277,0,0,0,0,284,520,599,715,680,741,651,565,622,517,501,429,198,0,318,983,1215,1081,1095,1165,831,0,yewon,lean_forward,1
36,1786864796.050746,0,0,0,262,304,255,0,0,0,0,288,520,597,716,677,741,635,551,613,499,495,427,187,0,349,993,1215,1082,1093,1162,827,0,yewon,lean_forward,1
37,1786864796.051303,0,0,0,263,309,249,0,0,0,0,291,521,598,719,677,739,635,551,603,493,493,431,187,0,384,1001,1213,1076,1093,1164,829,0,yewon,lean_forward,1
38,1786864796.051868,0,0,0,269,303,245,0,0,0,0,293,521,595,715,675,733,635,550,599,491,495,431,191,0,424,1003,1207,1073,1095,1159,831,0,yewon,lean_forward,1
39,1786864796.052439,0,0,0,283,310,245,0,0,0,0,287,521,595,714,671,735,636,548,597,493,495,436,191,0,414,1003,1207,1069,1093,1157,831,0,yewon,lean_forward,1
40,1786864796.053025,0,0,0,297,327,249,0,0,0,0,284,521,590,713,665,735,636,551,593,494,498,436,191,0,411,1011,1207,1077,1086,1149,828,0,yewon,lean_forward,1
41,1786864796.053542,0,0,0,307,335,249,0,0,0,0,265,519,594,709,674,734,637,543,593,494,499,440,198,0,398,999,1207,1075,1083,1143,827,0,yewon,lean_forward,1
42,1786864796.054054,0,0,0,311,343,247,0,0,0,0,239,509,584,701,663,733,634,547,590,492,498,440,199,0,403,1000,1207,1080,1079,1135,826,0,yewon,lean_forward,1
43,1786864796.054575,0,0,0,303,345,245,0,0,0,0,234,507,581,701,660,729,633,547,587,489,499,440,203,0,411,997,1207,1078,1077,1133,841,0,yewon,lean_forward,1
44,1786864796.055094,0,0,0,286,343,239,0,0,0,0,232,503,575,692,649,728,631,549,583,493,498,440,205,0,412,1003,1209,1091,1067,1133,831,0,yewon,lean_forward,1
45,1786864796.055625,0,0,0,273,338,235,0,0,0,0,231,503,573,687,655,743,631,549,589,491,499,441,210,0,415,1003,1211,1087,1061,1128,838,0,yewon,lean_forward,1
46,1786864796.056141,0,0,0,249,332,235,0,0,0,0,232,503,571,685,637,725,632,548,589,493,495,440,211,0,415,1015,1213,1093,1051,1123,837,0,yewon,lean_forward,1
47,1786864796.056654,0,0,0,231,324,231,0,0,0,0,233,503,569,686,645,723,629,549,587,485,495,436,215,0,416,1013,1209,1080,1045,1117,836,0,yewon,lean_forward,1
48,1786864796.057145,0,0,0,190,309,221,0,0,0,0,233,503,568,685,634,719,629,549,586,491,495,434,217,0,421,1007,1212,1078,1043,1115,845,0,yewon,lean_forward,1
49,1786864796.057640,0,0,0,148,297,221,0,0,0,0,234,502,567,686,635,719,628,543,581,486,493,436,220,0,425,1013,1205,1071,1039,1110,849,0,yewon,lean_forward,1
50,1786864796.058145,0,0,0,103,269,189,0,0,0,0,237,501,567,683,635,723,629,541,576,472,491,427,223,0,429,1008,1203,1077,1039,1109,855,0,yewon,lean_forward,1
51,1786864796.058646,0,0,0,37,248,159,0,0,0,0,235,499,563,683,623,721,623,535,565,473,477,425,225,0,467,1015,1199,1064,1033,1107,856,0,yewon,lean_forward,1
52,1786864796.059137,0,0,0,23,236,111,0,0,0,0,238,495,563,679,619,711,622,525,555,467,477,412,227,0,439,1006,1195,1063,1031,1099,841,0,yewon,lean_forward,1
53,1786864796.059589,0,0,0,0,216,77,0,0,0,0,239,499,559,675,619,701,619,507,543,458,471,403,227,0,445,1003,1191,1053,1023,1097,859,0,yewon,lean_forward,1
54,1786864796.060024,0,0,0,0,201,41,0,0,0,0,241,499,555,671,621,701,627,503,537,442,465,393,223,0,444,1005,1188,1049,1021,1097,857,0,yewon,lean_forward,1
55,1786864796.060455,0,0,0,0,191,0,0,0,0,0,239,499,563,671,617,711,615,501,525,439,461,391,223,0,453,1007,1187,1048,1023,1094,853,0,yewon,lean_forward,1
56,1786864796.060889,0,0,0,0,191,0,0,0,0,0,243,503,563,669,627,715,620,490,524,431,460,383,221,0,471,1013,1189,1047,1018,1085,853,0,yewon,lean_forward,1
57,1786864796.061312,0,0,0,0,184,0,0,0,0,0,263,503,565,684,621,729,622,501,519,429,456,379,220,0,477,1012,1190,1043,1029,1087,852,0,yewon,lean_forward,1
58,1786864796.061743,0,0,0,0,179,0,0,0,0,0,277,505,567,679,621,717,627,502,519,429,455,379,217,0,487,1013,1189,1039,1033,1092,855,0,yewon,lean_forward,1
59,1786864796.062168,0,0,0,0,157,0,0,0,0,0,283,507,569,677,627,711,621,499,511,425,453,377,217,0,495,1017,1187,1031,1039,1095,849,0,yewon,lean_forward,1
60,1786864796.062602,0,0,0,0,125,0,0,0,0,0,287,509,569,679,616,716,621,499,509,421,453,375,213,0,495,1011,1184,1013,1036,1086,845,0,yewon,lean_forward,1
61,1786864796.063041,0,0,0,0,121,0,0,0,0,0,292,508,568,679,627,715,617,493,521,419,443,371,211,0,502,1013,1182,1010,1033,1087,843,0,yewon,lean_forward,1
62,1786864796.063482,0,0,0,0,116,0,0,0,0,0,295,508,568,677,620,727,617,491,501,415,441,367,205,0,503,1013,1179,1013,1031,1079,843,0,yewon,lean_forward,1
63,1786864796.063916,0,0,0,0,117,0,0,0,0,0,315,509,569,679,627,716,633,495,503,418,441,367,205,0,507,1014,1183,1011,1022,1082,845,0,yewon,lean_forward,1
64,1786864796.064351,0,0,0,0,118,0,0,0,0,0,325,518,569,679,627,717,617,490,501,419,440,367,204,0,518,1019,1183,1033,1032,1083,843,0,yewon,lean_forward,1
65,1786864796.064785,0,0,0,0,122,0,0,0,0,0,327,519,571,679,633,725,621,491,498,419,441,371,203,0,523,1022,1183,1023,1035,1083,845,0,yewon,lean_forward,1
66,1786864796.065172,0,0,0,0,124,0,0,0,0,0,329,520,569,681,635,723,621,491,493,419,441,367,203,0,523,1031,1181,1022,1041,1084,841,0,yewon,lean_forward,1
67,1786864796.065556,0,0,0,0,125,0,0,0,0,0,331,521,593,681,631,722,622,491,494,421,437,371,201,0,523,1020,1184,1035,1041,1084,840,0,yewon,lean_forward,1
68,1786864796.065934,0,0,0,0,126,0,0,0,0,0,334,521,571,682,629,721,623,493,501,419,441,373,199,0,519,1021,1183,1007,1039,1084,841,0,yewon,lean_forward,1
69,1786864796.066323,0,0,0,0,125,0,0,0,0,0,333,519,569,679,633,719,620,491,501,419,439,373,199,0,521,1012,1181,1043,1039,1081,843,0,yewon,lean_forward,1
70,1786864796.066706,0,0,0,0,125,0,0,0,0,0,333,521,585,680,645,715,621,491,501,421,429,371,199,0,521,1011,1180,1007,1043,1085,841,0,yewon,lean_forward,1
71,1786864796.067097,0,0,0,0,127,0,0,0,0,0,331,519,571,680,631,717,621,493,501,415,443,377,200,0,519,1013,1177,1003,1045,1085,841,0,yewon,lean_forward,1
72,1786864796.067478,0,0,0,0,133,0,0,0,0,0,331,521,570,681,631,723,621,493,508,425,443,375,203,0,511,1018,1172,1004,1047,1085,841,0,yewon,lean_forward,1
73,1786864796.067858,0,0,0,0,152,0,0,0,0,0,333,521,556,681,630,719,622,496,507,427,445,379,201,0,510,1017,1176,1007,1048,1093,843,0,yewon,lean_forward,1
74,1786864796.068243,0,0,0,20,183,0,0,0,0,0,331,521,571,683,625,719,619,501,519,435,447,381,205,0,507,1007,1177,1007,1053,1095,846,0,yewon,lean_forward,1
75,1786864796.068631,0,0,0,29,207,54,0,0,0,0,328,521,571,683,631,722,623,504,524,437,447,391,207,0,500,1007,1175,1013,1055,1097,851,0,yewon,lean_forward,1
76,1786864796.069028,0,0,0,33,218,69,0,0,0,0,303,521,573,681,638,727,627,507,529,431,455,395,213,0,492,1001,1173,1032,1059,1096,853,0,yewon,lean_forward,1
77,1786864796.069411,0,0,0,37,228,89,0,0,0,0,297,519,569,681,637,719,622,509,531,442,457,403,216,0,482,997,1172,1046,1059,1098,853,0,yewon,lean_forward,1
78,1786864796.069803,0,0,0,37,231,117,0,0,0,0,287,509,567,679,631,725,620,519,533,440,460,407,219,0,467,995,1172,1049,1061,1097,857,0,yewon,lean_forward,1
79,1786864796.070189,0,0,0,37,235,151,0,0,0,0,251,506,565,677,630,717,631,521,539,453,463,414,229,0,456,1003,1167,1053,1061,1096,857,0,yewon,lean_forward,1
80,1786864796.070580,0,0,0,45,237,183,0,0,0,0,245,503,563,671,632,723,627,524,553,453,470,427,233,0,443,981,1173,1061,1063,1100,861,0,yewon,lean_forward,1
81,1786864796.070963,0,0,0,54,245,203,0,0,0,0,239,498,562,671,624,717,627,529,547,456,473,429,245,0,440,981,1175,1065,1066,1101,868,0,yewon,lean_forward,1
82,1786864796.071349,0,0,0,61,248,219,0,0,0,0,235,489,559,669,628,725,621,533,551,469,477,437,251,0,435,979,1167,1060,1067,1106,871,0,yewon,lean_forward,1
83,1786864796.071732,0,0,0,69,253,233,0,0,0,0,236,493,558,669,628,721,623,539,557,475,483,445,263,0,435,983,1171,1059,1069,1105,875,0,yewon,lean_forward,1
84,1786864796.072111,0,0,0,51,253,239,0,0,0,0,235,491,558,667,629,709,629,541,555,475,487,452,273,0,431,974,1171,1070,1068,1105,883,0,yewon,lean_forward,1
85,1786864796.072494,0,0,0,37,254,245,0,0,0,0,233,489,556,667,631,725,632,543,563,485,489,455,281,0,431,976,1175,1077,1067,1109,886,0,yewon,lean_forward,1
86,1786864796.072866,0,0,0,31,251,245,0,0,0,0,230,489,553,663,629,722,628,543,565,484,492,457,286,0,425,975,1174,1071,1067,1107,887,0,yewon,lean_forward,1
87,1786864796.073221,0,0,0,0,238,243,0,0,0,0,231,485,553,659,629,721,609,541,563,485,493,457,293,0,415,978,1171,1069,1065,1107,889,0,yewon,lean_forward,1
88,1786864796.073579,0,0,0,0,225,237,0,0,0,0,230,484,553,655,628,715,629,541,565,487,493,459,295,0,420,982,1173,1071,1065,1107,891,0,yewon,lean_forward,1
89,1786864796.073935,0,0,0,0,206,232,0,0,0,0,228,485,553,655,623,715,635,535,565,487,495,459,297,0,414,978,1167,1055,1065,1107,885,0,yewon,lean_forward,1
90,1786864796.074283,0,0,0,0,189,223,0,0,0,0,227,483,551,655,615,717,629,538,569,483,493,459,299,0,413,983,1173,1065,1061,1103,889,0,yewon,lean_forward,1
91,1786864796.074633,0,0,0,0,166,216,0,0,0,0,229,485,554,659,619,718,630,539,567,484,493,459,297,0,412,981,1175,1055,1055,1103,889,0,yewon,lean_forward,1
92,1786864796.074989,0,0,0,0,155,211,0,0,0,0,227,485,556,660,623,714,627,541,567,486,493,459,298,0,420,985,1175,1068,1054,1099,889,0,yewon,lean_forward,1
93,1786864796.075343,0,0,0,0,124,199,0,0,0,0,230,487,555,659,621,713,622,536,567,484,495,458,298,0,421,990,1176,1071,1053,1100,887,0,yewon,lean_forward,1
94,1786864796.075700,0,0,0,0,115,187,0,0,0,0,230,487,556,657,627,710,623,535,569,485,493,457,296,0,427,989,1179,1075,1049,1101,888,0,yewon,lean_forward,1
95,1786864796.076050,0,0,0,0,103,173,0,0,0,0,229,483,557,659,619,714,605,535,567,485,493,457,293,0,429,989,1181,1059,1047,1107,891,0,yewon,lean_forward,1
96,1786864796.076405,0,0,0,0,103,163,0,0,0,0,230,487,555,659,624,709,621,533,565,485,491,457,291,0,427,999,1181,1069,1041,1099,904,0,yewon,lean_forward,1
97,1786864796.076758,0,0,0,0,94,154,0,0,0,0,231,491,557,661,622,702,619,533,568,483,492,457,285,0,435,999,1181,1087,1039,1099,892,0,yewon,lean_forward,1
98,1786864796.077113,0,0,0,0,92,153,0,0,0,0,233,490,557,660,628,703,629,534,563,485,492,456,284,0,440,1004,1181,1060,1033,1097,889,0,yewon,lean_forward,1
99,1786864796.077466,0,0,0,0,91,151,0,0,0,0,233,491,559,663,630,703,621,535,566,483,492,455,285,0,441,1011,1178,1069,1034,1100,885,0,yewon,lean_forward,1
100,1786864796.077820,0,0,0,0,91,149,0,0,0,0,235,491,559,661,624,701,626,535,567,483,493,456,283,0,441,1007,1182,1069,1033,1099,909,0,yewon,lean_forward,1
101,1786864796.078172,0,0,0,0,91,149,0,0,0,0,229,493,561,664,623,701,621,534,567,483,492,452,282,0,446,1016,1190,1067,1033,1099,891,0,yewon,lean_forward,1
102,1786864796.078529,0,0,0,0,89,149,0,0,0,0,237,493,559,683,624,703,623,533,567,483,494,456,283,0,447,1008,1187,1067,1033,1099,891,0,yewon,lean_forward,1
103,1786864796.078878,0,0,0,0,89,149,0,0,0,0,235,493,559,665,627,702,620,535,568,485,495,457,284,0,443,1005,1181,1067,1035,1099,871,0,yewon,lean_forward,1
104,1786864796.079212,0,0,0,0,93,163,0,0,0,0,236,493,559,663,621,703,621,534,569,487,493,459,284,0,445,1011,1179,1065,1033,1101,904,0,yewon,lean_forward,1
105,1786864796.079556,0,0,0,0,93,173,0,0,0,0,237,493,559,661,623,700,623,535,554,487,493,459,285,0,441,1019,1182,1063,1035,1099,894,0,yewon,lean_forward,1
106,1786864796.079887,0,0,0,0,93,179,0,0,0,0,235,493,559,664,619,698,623,535,571,487,495,459,287,0,447,1007,1181,1060,1039,1098,894,0,yewon,lean_forward,1
107,1786864796.080216,0,0,0,0,92,185,0,0,0,0,235,493,557,661,616,701,623,537,571,487,495,459,287,0,445,1007,1181,1053,1035,1099,893,0,yewon,lean_forward,1
108,1786864796.080544,0,0,0,0,89,191,0,0,0,0,235,493,557,661,619,700,623,523,573,491,495,461,293,0,444,1013,1180,1055,1036,1101,903,0,yewon,lean_forward,1
109,1786864796.080879,0,0,0,0,86,202,0,0,0,0,235,488,557,660,623,703,623,538,573,491,499,462,295,0,441,1011,1195,1047,1039,1107,895,0,yewon,lean_forward,1
110,1786864796.081209,0,0,0,0,83,207,0,0,0,0,233,487,557,659,616,698,623,538,573,493,501,466,299,0,439,1014,1179,1044,1041,1100,905,0,yewon,lean_forward,1
111,1786864796.081540,0,0,0,0,72,211,0,0,0,0,229,487,555,659,616,695,621,539,573,493,500,463,299,0,442,986,1180,1043,1041,1107,883,0,yewon,lean_forward,1
112,1786864796.081866,0,0,0,0,59,206,0,0,0,0,229,485,553,654,624,697,624,540,574,493,499,467,303,0,442,1011,1181,1041,1041,1107,905,0,yewon,lean_forward,1
113,1786864796.082192,0,0,0,0,45,205,0,0,0,0,225,484,553,652,613,697,617,540,573,493,501,467,303,0,439,1009,1177,1035,1043,1101,906,0,yewon,lean_forward,1
114,1786864796.082524,0,0,0,0,29,201,0,0,0,0,221,479,551,651,604,696,620,543,572,493,501,463,307,0,439,1008,1175,1033,1041,1106,909,0,yewon,lean_forward,1
115,1786864796.082852,0,0,0,0,0,199,0,0,0,0,215,477,551,649,613,695,618,539,573,494,501,467,309,0,444,1011,1179,1034,1044,1107,909,0,yewon,lean_forward,1
116,1786864796.083186,0,0,0,0,0,191,0,0,0,0,215,477,551,647,605,697,619,540,573,495,503,455,309,0,443,1011,1177,1033,1043,1107,915,0,yewon,lean_forward,1
117,1786864796.083514,0,0,0,0,0,184,0,0,0,0,212,477,550,648,603,698,620,541,573,494,503,467,309,0,435,1007,1181,1039,1043,1107,919,0,yewon,lean_forward,1
118,1786864796.083846,0,0,0,0,0,175,0,0,0,0,211,477,551,650,604,697,619,539,579,499,503,469,309,0,441,1011,1177,1039,1044,1105,909,0,yewon,lean_forward,1
119,1786864796.084176,0,0,0,0,0,168,0,0,0,0,209,476,549,645,603,694,621,541,575,495,503,467,311,0,431,1014,1175,1043,1046,1107,913,0,yewon,lean_forward,1
120,1786864796.084509,0,0,0,0,0,155,0,0,0,0,207,475,549,648,597,695,617,540,563,495,503,469,309,0,445,1015,1173,1041,1047,1110,923,0,yewon,lean_forward,1
121,1786864796.084849,0,0,0,0,0,154,0,0,0,0,207,476,549,649,607,695,623,538,575,493,502,469,311,0,437,995,1175,1039,1044,1107,916,0,yewon,lean_forward,1
122,1786864796.085189,0,0,0,0,0,149,0,0,0,0,211,475,549,650,600,690,621,540,575,494,502,468,308,0,443,1007,1176,1033,1043,1101,905,0,yewon,lean_forward,1
123,1786864796.085523,0,0,0,0,0,142,0,0,0,0,211,479,551,652,605,687,617,540,575,493,503,467,303,0,444,1013,1175,1033,1041,1109,911,0,yewon,lean_forward,1
124,1786864796.085854,0,0,0,0,0,143,0,0,0,0,212,477,550,650,605,693,615,537,575,491,499,467,302,0,444,999,1177,1033,1039,1107,909,0,yewon,lean_forward,1
125,1786864796.086187,0,0,0,0,51,143,0,0,0,0,215,481,552,653,602,693,620,539,574,493,501,465,300,0,458,1019,1175,1039,1045,1111,913,0,yewon,lean_forward,1
126,1786864796.086512,0,0,0,0,73,140,0,0,0,0,217,482,553,652,603,691,615,537,573,491,499,467,295,0,457,1016,1175,1039,1043,1107,907,0,yewon,lean_forward,1
127,1786864796.086829,0,0,0,0,79,141,0,0,0,0,217,483,553,653,603,699,613,536,567,489,498,463,287,0,467,1013,1173,1031,1039,1099,917,0,yewon,lean_forward,1
128,1786864796.087136,0,0,0,0,79,136,0,0,0,0,217,482,553,651,605,693,607,531,567,485,495,459,281,0,459,1012,1171,1020,1033,1100,901,0,yewon,lean_forward,1
129,1786864796.087446,0,0,0,0,78,135,0,0,0,0,220,483,553,649,603,696,615,529,565,483,494,459,278,0,455,1012,1173,1017,1022,1097,906,0,yewon,lean_forward,1
130,1786864796.087753,0,0,0,0,85,136,0,0,0,0,219,484,553,650,601,694,613,531,565,485,495,461,279,0,461,1015,1175,1017,1029,1097,901,0,yewon,lean_forward,1
131,1786864796.088063,0,0,0,0,93,145,0,0,0,0,223,484,552,659,603,695,613,532,565,485,495,459,282,0,463,1016,1171,1017,1023,1095,917,0,yewon,lean_forward,1
132,1786864796.088368,0,0,0,0,101,154,0,0,0,0,227,483,555,652,607,696,619,533,565,484,499,461,281,0,459,1017,1173,1020,1030,1096,905,0,yewon,lean_forward,1
133,1786864796.088678,0,0,0,0,108,159,0,0,0,0,223,483,553,651,605,695,615,535,569,487,499,465,281,0,458,1016,1176,1020,1022,1097,916,0,yewon,lean_forward,1
134,1786864796.088990,0,0,0,0,110,165,0,0,0,0,225,485,553,651,603,695,614,533,567,485,499,465,281,0,475,1013,1175,1019,1031,1096,905,0,yewon,lean_forward,1
135,1786864796.089300,0,0,0,0,109,169,0,0,0,0,227,483,553,651,601,691,606,529,565,484,499,461,283,0,469,995,1170,1012,1019,1087,906,0,yewon,lean_forward,1
136,1786864796.089614,0,0,0,0,110,173,0,0,0,0,227,483,553,653,603,691,611,525,563,485,499,463,279,0,455,1013,1171,1001,1016,1091,904,0,yewon,lean_forward,1
137,1786864796.089922,0,0,0,0,108,175,0,0,0,0,227,483,555,623,603,691,613,525,564,485,499,459,280,0,457,1019,1164,997,1011,1085,901,0,yewon,lean_forward,1
138,1786864796.090237,0,0,0,0,109,183,0,0,0,0,227,484,554,651,603,693,607,529,563,483,494,461,281,0,436,1003,1165,996,1013,1093,917,0,yewon,lean_forward,1
139,1786864796.090543,0,0,0,0,116,203,0,0,0,0,227,484,555,651,601,697,606,531,565,486,499,457,282,0,463,1019,1173,999,1015,1095,907,0,yewon,lean_forward,1
140,1786864796.090851,0,0,0,0,156,219,0,0,0,0,229,485,553,653,607,697,613,533,565,487,500,467,283,0,474,1017,1173,1003,1018,1095,903,0,yewon,lean_forward,1
141,1786864796.091154,0,0,0,0,180,228,0,0,0,0,232,486,557,653,605,697,619,534,571,487,499,463,285,0,469,1021,1179,1005,1019,1093,909,0,yewon,lean_forward,1
142,1786864796.091460,0,0,0,0,197,231,0,0,0,0,230,486,555,655,607,695,605,533,568,487,499,461,283,0,473,1019,1166,1007,1021,1095,903,0,yewon,lean_forward,1
143,1786864796.091762,0,0,0,0,199,232,0,0,0,0,229,487,552,653,603,691,611,533,568,485,499,462,284,0,467,1019,1179,1004,1021,1097,907,0,yewon,lean_forward,1
144,1786864796.092067,0,0,0,0,187,231,0,0,0,0,232,483,555,651,602,695,605,525,565,485,495,467,281,0,458,1018,1175,999,1017,1087,907,0,yewon,lean_forward,1
145,1786864796.092368,0,0,0,0,175,233,0,0,0,0,231,484,553,651,599,685,605,524,559,485,495,461,279,0,460,1021,1173,995,1017,1093,909,0,yewon,lean_forward,1
146,1786864796.092669,0,0,0,0,170,234,0,0,0,0,231,484,553,653,599,685,607,525,564,484,499,463,280,0,453,1022,1173,993,1015,1093,905,0,yewon,lean_forward,1
147,1786864796.092974,0,0,0,0,179,235,0,0,0,0,224,483,551,653,597,685,606,530,565,485,498,462,280,0,463,1022,1172,995,1013,1087,905,0,yewon,lean_forward,1
148,1786864796.093276,0,0,0,0,191,238,0,0,0,0,213,486,565,653,603,694,610,533,567,489,501,461,283,0,459,1019,1175,999,1021,1093,909,0,yewon,lean_forward,1
149,1786864796.093581,0,0,0,0,212,247,0,0,0,0,232,487,557,653,605,693,611,535,568,488,501,467,285,0,463,1031,1180,1003,1021,1097,911,0,yewon,lean_forward,1
150,1786864796.093881,0,0,0,0,221,248,0,0,0,0,233,487,553,653,611,696,617,536,569,488,501,467,285,0,463,1031,1181,1005,1021,1098,902,0,yewon,lean_forward,1
151,1786864796.094187,0,0,0,0,227,247,0,0,0,0,230,485,553,653,603,693,604,536,569,489,503,469,285,0,457,1031,1175,1012,1023,1099,919,0,yewon,lean_forward,1
152,1786864796.094491,0,0,0,0,219,244,0,0,0,0,226,485,554,653,602,686,611,535,569,489,501,463,285,0,467,1033,1173,1013,1029,1095,911,0,yewon,lean_forward,1
153,1786864796.094784,0,0,0,0,199,237,0,0,0,0,229,479,550,649,596,683,599,529,569,487,499,467,283,0,467,1017,1181,1007,1023,1102,907,0,yewon,lean_forward,1
154,1786864796.095071,0,0,0,0,156,229,0,0,0,0,219,483,549,648,609,677,601,524,567,485,500,466,281,0,457,1021,1176,1005,1020,1099,902,0,yewon,lean_forward,1
155,1786864796.095355,0,0,0,0,139,221,0,0,0,0,214,479,547,645,591,677,600,521,567,485,499,461,283,0,459,1019,1177,999,1021,1095,917,0,yewon,lean_forward,1
156,1786864796.095643,0,0,0,0,114,219,0,0,0,0,216,479,547,645,583,679,595,524,565,485,495,462,283,0,455,1019,1173,997,1021,1094,919,0,yewon,lean_forward,1
157,1786864796.095930,0,0,0,0,111,219,0,0,0,0,211,479,547,639,593,679,603,524,566,485,499,466,281,0,447,1022,1176,1000,1021,1096,921,0,yewon,lean_forward,1
158,1786864796.096221,0,0,0,0,117,229,0,0,0,0,210,482,549,647,596,681,607,530,567,486,501,462,281,0,457,1021,1177,1006,1021,1101,907,0,yewon,lean_forward,1
159,1786864796.096510,0,0,0,0,135,234,0,0,0,0,214,483,551,647,599,703,603,533,569,489,501,467,281,0,460,1023,1176,1005,1029,1100,907,0,yewon,lean_forward,1
160,1786864796.096801,0,0,0,0,150,237,0,0,0,0,215,484,551,659,599,697,604,535,568,487,503,469,285,0,457,1033,1176,1011,1031,1101,910,0,yewon,lean_forward,1
161,1786864796.097089,0,0,0,0,162,241,0,0,0,0,221,485,553,647,588,690,611,535,571,489,501,467,286,0,459,1031,1179,1012,1033,1102,915,0,yewon,lean_forward,1
162,1786864796.097378,0,0,0,0,167,241,0,0,0,0,219,485,553,651,599,691,616,535,572,491,503,469,287,0,459,995,1181,1017,1032,1095,921,0,yewon,lean_forward,1
163,1786864796.097668,0,0,0,0,163,236,0,0,0,0,221,485,551,648,605,691,612,534,569,487,503,467,287,0,463,1031,1179,1019,1032,1099,919,0,yewon,lean_forward,1
164,1786864796.097959,0,0,0,0,153,222,0,0,0,0,218,484,550,645,584,683,611,509,569,491,502,463,286,0,457,1019,1179,1013,1034,1101,914,0,yewon,lean_forward,1
165,1786864796.098245,0,0,0,0,148,228,0,0,0,0,217,482,545,647,595,681,605,525,568,485,504,478,281,0,455,1019,1177,1011,1035,1101,915,0,yewon,lean_forward,1
166,1786864796.098531,0,0,0,0,143,229,0,0,0,0,213,483,548,647,595,681,597,522,567,488,502,467,285,0,434,1021,1174,1003,1031,1103,917,0,yewon,lean_forward,1
167,1786864796.098816,0,0,0,0,147,237,0,0,0,0,215,483,551,647,595,681,617,529,569,489,501,467,287,0,441,1022,1173,1005,1031,1101,907,0,yewon,lean_forward,1
168,1786864796.099103,0,0,0,0,165,242,0,0,0,0,219,483,549,651,597,683,613,533,569,490,503,463,285,0,447,1022,1181,1006,1030,1101,911,0,yewon,lean_forward,1
169,1786864796.099391,0,0,0,0,210,250,0,0,0,0,215,486,553,649,597,687,613,535,571,491,503,471,287,0,457,1031,1179,1012,1032,1101,917,0,yewon,lean_forward,1
170,1786864796.099681,0,0,0,0,229,253,0,0,0,0,227,487,555,648,599,691,617,535,579,492,504,472,292,0,455,1033,1183,1014,1035,1109,920,0,yewon,lean_forward,1
171,1786864796.099970,0,0,0,0,238,261,0,0,0,0,228,493,555,647,601,693,611,539,581,493,505,469,292,0,457,1030,1179,1015,1035,1100,909,0,yewon,lean_forward,1
172,1786864796.100257,0,0,0,0,244,261,0,0,0,0,230,492,555,645,607,693,618,539,581,493,505,461,293,0,467,1029,1181,1017,1039,1107,915,0,yewon,lean_forward,1
173,1786864796.100541,0,0,0,0,244,253,0,0,0,0,223,493,555,649,603,695,613,538,581,495,504,469,292,0,455,1047,1189,1019,1039,1103,908,0,yewon,lean_forward,1
174,1786864796.100816,0,0,0,0,235,250,0,0,0,0,229,483,555,659,611,690,616,538,579,493,504,469,287,0,459,1021,1183,1017,1041,1109,911,0,yewon,lean_forward,1
175,1786864796.101092,0,0,0,0,230,243,0,0,0,0,228,488,555,653,601,692,614,533,575,492,504,467,287,0,456,1047,1181,1017,1039,1134,908,0,yewon,lean_forward,1
176,1786864796.101369,0,0,0,0,219,245,0,0,0,0,227,488,551,651,602,695,613,531,573,492,503,469,283,0,461,1019,1183,1015,1031,1103,917,0,yewon,lean_forward,1
177,1786864796.101649,0,0,0,0,213,245,0,0,0,0,226,487,553,657,599,685,616,531,573,491,503,469,284,0,453,1015,1179,1012,1035,1107,916,0,yewon,lean_forward,1
178,1786864796.101929,0,0,0,0,203,243,0,0,0,0,231,488,555,651,601,690,612,533,573,491,503,471,285,0,455,1029,1181,1011,1033,1103,907,0,yewon,lean_forward,1
179,1786864796.102208,0,0,0,0,198,245,0,0,0,0,231,489,555,651,601,685,612,535,575,494,503,472,283,0,456,1039,1177,1011,1033,1107,907,0,yewon,lean_forward,1
180,1786864796.102524,0,0,0,0,211,248,0,0,0,0,231,495,553,653,601,699,617,535,583,495,505,473,287,0,456,1033,1180,1016,1033,1109,915,0,yewon,lean_forward,1
181,1786864796.102807,0,0,0,0,213,250,0,0,0,0,232,495,557,653,603,691,627,538,582,495,505,473,287,0,463,1033,1177,1020,1039,1106,914,0,yewon,lean_forward,1
182,1786864796.103088,0,0,0,0,212,248,0,0,0,0,233,495,556,653,603,692,615,539,585,495,505,473,291,0,459,1031,1177,1020,1039,1113,917,0,yewon,lean_forward,1
183,1786864796.103369,0,0,0,0,199,239,0,0,0,0,233,489,556,651,601,691,614,537,582,493,507,473,293,0,459,1039,1171,1023,1041,1109,917,0,yewon,lean_forward,1
184,1786864796.103651,0,0,0,0,175,229,0,0,0,0,227,489,555,653,599,677,611,534,574,490,504,473,287,0,461,1031,1177,1019,1039,1107,917,0,yewon,lean_forward,1
185,1786864796.103930,0,0,0,0,151,221,0,0,0,0,227,488,555,651,596,679,607,530,575,492,504,457,284,0,455,1023,1179,1016,1033,1107,909,0,yewon,lean_forward,1
186,1786864796.104209,0,0,0,0,136,221,0,0,0,0,220,487,553,648,591,680,606,531,573,491,503,471,285,0,459,1022,1179,1015,1034,1103,911,0,yewon,lean_forward,1
187,1786864796.104487,0,0,0,0,125,227,0,0,0,0,218,488,554,653,597,682,611,533,575,491,504,471,287,0,455,1031,1175,1011,1032,1100,909,0,yewon,lean_forward,1
188,1786864796.104768,0,0,0,0,127,236,0,0,0,0,219,488,555,649,598,685,618,535,581,493,505,479,287,0,459,1033,1182,1015,1033,1101,915,0,yewon,lean_forward,1
189,1786864796.105052,0,0,0,0,155,243,0,0,0,0,227,489,553,653,601,691,615,536,585,495,505,474,291,0,459,1033,1179,1016,1035,1113,919,0,yewon,lean_forward,1
190,1786864796.105326,0,0,0,0,185,249,0,0,0,0,229,493,557,651,603,697,610,539,583,495,505,475,292,0,461,1033,1183,1020,1035,1105,921,0,yewon,lean_forward,1
191,1786864796.105602,0,0,0,0,205,249,0,0,0,0,229,496,558,651,603,694,617,541,583,498,507,473,295,0,466,1035,1181,1031,1043,1111,921,0,yewon,lean_forward,1
192,1786864796.105882,0,0,0,0,200,239,0,0,0,0,231,495,557,655,605,693,611,538,582,495,507,483,295,0,460,1032,1189,1021,1043,1109,925,0,yewon,lean_forward,1
193,1786864796.106158,0,0,0,0,169,223,0,0,0,0,226,489,555,651,601,694,632,537,581,494,504,469,291,0,461,1033,1184,1032,1039,1107,917,0,yewon,lean_forward,1
194,1786864796.106436,0,0,0,0,152,213,0,0,0,0,228,491,555,653,599,687,612,533,575,491,506,471,287,0,465,1023,1181,1019,1039,1107,917,0,yewon,lean_forward,1
195,1786864796.106716,0,0,0,0,120,205,0,0,0,0,229,489,553,649,599,683,610,529,573,491,503,469,284,0,459,1039,1181,1017,1059,1101,916,0,yewon,lean_forward,1
196,1786864796.106996,0,0,0,0,117,206,0,0,0,0,220,491,556,650,602,685,611,529,573,490,501,475,283,0,455,1033,1177,1013,1033,1103,918,0,yewon,lean_forward,1
197,1786864796.107276,0,0,0,0,119,211,0,0,0,0,228,489,557,655,599,687,601,531,573,490,502,471,285,0,457,1032,1182,1012,1035,1103,919,0,yewon,lean_forward,1
198,1786864796.107556,0,0,0,0,139,219,0,0,0,0,223,495,556,654,601,693,597,533,581,491,505,472,284,0,462,1031,1179,1014,1039,1109,917,0,yewon,lean_forward,1
199,1786864796.107835,0,0,0,0,141,230,0,0,0,0,230,496,557,659,602,693,615,539,582,493,505,473,287,0,459,1023,1181,1017,1035,1111,919,0,yewon,lean_forward,1
200,1786864796.108115,0,0,0,0,157,231,0,0,0,0,231,498,563,659,604,695,614,537,583,495,504,475,285,0,447,1035,1179,1021,1041,1097,915,0,yewon,lean_forward,1
201,1786864796.108392,0,0,0,0,158,227,0,0,0,0,231,499,561,655,605,697,617,538,575,501,507,473,291,0,461,1039,1187,1022,1039,1110,917,0,yewon,lean_forward,1
202,1786864796.108666,0,0,0,0,164,213,0,0,0,0,231,496,556,662,603,698,616,537,581,493,506,471,287,0,461,1033,1191,1031,1043,1108,931,0,yewon,lean_forward,1
203,1786864796.108936,0,0,0,0,123,197,0,0,0,0,219,491,557,661,603,687,616,537,580,495,505,475,283,0,461,1033,1189,1031,1042,1107,918,0,yewon,lean_forward,1
204,1786864796.109207,0,0,0,0,117,181,0,0,0,0,227,492,556,653,602,695,613,524,571,477,502,470,280,0,459,1031,1183,1035,1067,1111,917,0,yewon,lean_forward,1
205,1786864796.109476,0,0,0,0,113,167,0,0,0,0,225,492,557,652,601,691,613,533,573,490,501,469,281,0,444,1034,1164,1031,1039,1111,932,0,yewon,lean_forward,1
206,1786864796.109748,0,0,0,0,104,165,0,0,0,0,220,491,555,652,601,691,613,533,575,489,503,471,283,0,454,1023,1179,1021,1039,1109,915,0,yewon,lean_forward,1
207,1786864796.110015,0,0,0,0,107,171,0,0,0,0,227,492,557,655,601,691,613,535,573,491,503,470,283,0,431,1033,1213,1021,1039,1117,915,0,yewon,lean_forward,1
208,1786864796.110283,0,0,0,0,107,179,0,0,0,0,223,492,559,654,601,696,603,535,575,491,504,472,281,0,457,1016,1181,1022,1039,1111,919,0,yewon,lean_forward,1
209,1786864796.110577,0,0,0,0,115,188,0,0,0,0,227,495,559,653,604,693,610,536,581,491,505,475,282,0,455,997,1182,1031,1044,1111,917,0,yewon,lean_forward,1
210,1786864796.110846,0,0,0,0,119,197,0,0,0,0,231,499,563,657,605,696,617,539,583,493,505,473,281,0,461,1039,1179,1031,1043,1109,915,0,yewon,lean_forward,1
211,1786864796.111116,0,0,0,0,123,191,0,0,0,0,229,499,559,658,606,696,617,539,583,493,505,473,284,0,461,1039,1186,1035,1044,1118,919,0,yewon,lean_forward,1
212,1786864796.111384,0,0,0,0,120,177,0,0,0,0,232,499,557,654,605,695,616,536,579,491,503,472,284,0,457,1031,1171,1033,1041,1112,911,0,yewon,lean_forward,1
213,1786864796.111655,0,0,0,0,114,159,0,0,0,0,229,499,559,658,603,697,613,530,569,489,504,471,279,0,467,1036,1180,1032,1041,1111,917,0,yewon,lean_forward,1
214,1786864796.111924,0,0,0,0,109,140,0,0,0,0,232,493,562,659,601,693,613,531,569,486,501,471,275,0,465,1035,1180,1021,1021,1109,920,0,yewon,lean_forward,1
215,1786864796.112193,0,0,0,0,103,137,0,0,0,0,233,494,559,661,603,694,613,529,569,487,500,468,275,0,466,1036,1175,1019,1039,1112,911,0,yewon,lean_forward,1
216,1786864796.112464,0,0,0,0,105,136,0,0,0,0,231,494,559,659,595,696,613,529,571,487,500,467,271,0,461,1031,1180,1019,1035,1109,913,0,yewon,lean_forward,1
217,1786864796.112734,0,0,0,0,106,140,0,0,0,0,231,501,563,654,605,695,614,531,571,487,501,468,274,0,460,1047,1181,1019,1039,1109,919,0,yewon,lean_forward,1
218,1786864796.113005,0,0,0,0,115,154,0,0,0,0,231,500,557,654,604,693,615,527,571,489,501,469,275,0,468,1031,1203,1021,1041,1117,919,0,yewon,lean_forward,1
219,1786864796.113274,0,0,0,0,119,168,0,0,0,0,232,501,563,659,605,697,616,533,570,488,501,469,276,0,463,1041,1179,1031,1013,1111,921,0,yewon,lean_forward,1
220,1786864796.113546,0,0,0,0,123,173,0,0,0,0,233,503,559,663,605,697,617,532,574,491,502,468,275,0,483,1042,1188,1031,1039,1111,909,0,yewon,lean_forward,1
221,1786864796.113814,0,0,0,0,155,181,0,0,0,0,233,503,562,655,606,696,617,537,581,489,501,469,278,0,453,1039,1171,1035,1039,1116,919,0,yewon,lean_forward,1
222,1786864796.114087,0,0,0,0,170,179,0,0,0,0,236,503,563,655,610,699,617,536,573,489,501,469,277,0,462,1029,1193,1035,1043,1111,919,0,yewon,lean_forward,1
223,1786864796.114377,0,0,0,0,175,164,0,0,0,0,233,503,563,663,608,698,617,535,571,491,501,467,275,0,458,1035,1177,1041,1041,1111,919,0,yewon,lean_forward,1
224,1786864796.114646,0,0,0,0,167,143,0,0,0,0,235,503,566,660,607,697,617,532,569,487,501,467,273,0,444,1035,1174,1039,1043,1109,917,0,yewon,lean_forward,1
225,1786864796.114910,0,0,0,0,140,123,0,0,0,0,241,504,564,661,607,698,616,532,573,485,500,466,273,0,455,1021,1177,1039,1043,1099,933,0,yewon,lean_forward,1
226,1786864796.115175,0,0,0,0,121,119,0,0,0,0,232,502,559,658,613,696,617,530,569,484,495,467,270,0,483,1023,1193,1033,1039,1107,915,0,yewon,lean_forward,1
227,1786864796.115438,0,0,0,0,109,117,0,0,0,0,237,505,564,660,610,697,617,535,570,486,499,469,268,0,469,1039,1187,1039,1041,1109,893,0,yewon,lean_forward,1
228,1786864796.115700,0,0,0,0,119,113,0,0,0,0,235,505,565,661,611,697,619,535,569,487,499,467,269,0,471,1033,1187,1039,1042,1109,919,0,yewon,lean_forward,1
229,1786864796.115966,0,0,0,0,115,107,0,0,0,0,239,505,567,651,612,699,617,536,572,486,500,467,275,0,470,1041,1191,1039,1047,1113,914,0,yewon,lean_forward,1
230,1786864796.116235,0,0,0,0,112,88,0,0,0,0,239,506,563,646,610,699,618,536,573,487,499,467,269,0,471,1034,1183,1041,1046,1115,917,0,yewon,lean_forward,1
231,1786864796.116503,0,0,0,0,101,85,0,0,0,0,244,505,567,660,611,699,618,536,571,486,502,463,269,0,472,1041,1181,1039,1043,1109,923,0,yewon,lean_forward,1
232,1786864796.116770,0,0,0,0,87,76,0,0,0,0,239,505,563,651,611,698,616,533,567,484,493,468,266,0,471,1032,1189,1039,1045,1113,921,0,yewon,lean_forward,1
233,1786864796.117037,0,0,0,0,0,75,0,0,0,0,245,505,566,651,609,695,615,530,567,485,498,459,266,0,471,1033,1178,1037,1045,1113,917,0,yewon,lean_forward,1
234,1786864796.117305,0,0,0,0,0,73,0,0,0,0,239,505,565,651,606,696,614,531,568,483,499,460,266,0,469,1030,1181,1033,1039,1113,927,0,yewon,lean_forward,1
235,1786864796.117573,0,0,0,0,0,75,0,0,0,0,239,505,564,660,607,694,617,529,567,483,499,461,264,0,469,1033,1183,1034,1042,1103,920,0,yewon,lean_forward,1
236,1786864796.117844,0,0,0,0,0,75,0,0,0,0,239,505,564,661,607,697,616,532,568,483,499,463,266,0,463,1035,1181,1035,1045,1112,923,0,yewon,lean_forward,1
237,1786864796.118113,0,0,0,0,0,83,0,0,0,0,239,505,565,662,607,694,617,533,569,487,500,467,265,0,473,1033,1185,1039,1047,1111,919,0,yewon,lean_forward,1
238,1786864796.118408,0,0,0,0,55,88,0,0,0,0,237,507,583,669,609,700,617,537,574,488,495,468,268,0,471,1039,1188,1039,1067,1115,920,0,yewon,lean_forward,1
239,1786864796.118695,0,0,0,0,72,87,0,0,0,0,243,505,557,659,613,699,618,536,571,484,499,467,269,0,470,1033,1187,1041,1043,1109,921,0,yewon,lean_forward,1
240,1786864796.118989,0,0,0,0,73,91,0,0,0,0,235,504,565,661,611,694,618,535,573,485,503,468,269,0,482,1035,1187,1039,1047,1112,934,0,yewon,lean_forward,1
241,1786864796.119271,0,0,0,0,83,93,0,0,0,0,233,504,564,653,607,699,617,535,572,486,502,469,269,0,469,1031,1192,1036,1050,1114,917,0,yewon,lean_forward,1
242,1786864796.119544,0,0,0,0,75,100,0,0,0,0,237,503,563,646,607,697,617,533,571,487,502,465,271,0,462,1035,1187,1035,1047,1115,918,0,yewon,lean_forward,1
243,1786864796.119814,0,0,0,0,76,115,0,0,0,0,233,504,564,655,605,699,617,537,573,487,501,468,269,0,467,1055,1183,1037,1046,1114,923,0,yewon,lean_forward,1
244,1786864796.120086,0,0,0,0,73,117,0,0,0,0,233,504,563,659,607,701,617,535,573,487,500,469,271,0,462,1039,1183,1035,1047,1111,935,0,yewon,lean_forward,1
245,1786864796.120357,0,0,0,0,92,121,0,0,0,0,235,505,563,662,607,696,619,537,575,488,503,469,273,0,463,1039,1193,1039,1048,1113,922,0,yewon,lean_forward,1
246,1786864796.120627,0,0,0,0,95,124,0,0,0,0,237,503,551,659,611,695,617,537,574,491,501,468,270,0,461,1035,1181,1042,1047,1111,921,0,yewon,lean_forward,1
247,1786864796.120897,0,0,0,0,99,124,0,0,0,0,236,507,565,651,613,701,619,541,574,489,503,470,271,0,460,1043,1186,1044,1048,1117,919,0,yewon,lean_forward,1
248,1786864796.121166,0,0,0,0,102,125,0,0,0,0,251,505,563,666,612,701,619,538,580,487,503,467,269,0,459,1039,1191,1043,1048,1117,921,0,yewon,lean_forward,1
249,1786864796.121436,0,0,0,0,103,122,0,0,0,0,229,505,589,659,612,693,619,537,571,489,506,476,276,0,459,1020,1179,1045,1047,1115,921,0,yewon,lean_forward,1
250,1786864796.129189,0,0,0,0,95,108,0,0,0,0,235,505,565,659,612,699,617,536,579,489,502,468,271,0,445,1013,1187,1043,1047,1115,914,0,yewon,lean_forward,1
251,1786864796.149200,0,0,0,0,61,88,0,0,0,0,235,505,557,660,611,698,617,535,569,486,501,467,271,0,447,1019,1183,1045,1047,1113,920,0,yewon,lean_forward,1
252,1786864796.169232,0,0,0,0,22,88,0,0,0,0,232,505,565,661,611,699,617,533,574,485,499,467,269,0,427,1017,1167,1039,1047,1129,920,0,yewon,lean_forward,1
253,1786864796.189237,0,0,0,0,0,90,0,0,0,0,233,505,563,655,613,699,616,533,574,487,501,466,270,0,442,1017,1183,1047,1048,1114,919,0,yewon,lean_forward,1
254,1786864796.209248,0,0,0,0,0,93,0,0,0,0,235,505,565,660,613,699,617,533,573,489,501,468,269,0,443,1000,1179,1047,1049,1119,921,0,yewon,lean_forward,1
255,1786864796.229299,0,0,0,0,0,93,0,0,0,0,232,505,565,658,615,701,617,533,574,487,501,467,274,0,443,1011,1187,1045,1045,1113,924,0,yewon,lean_forward,1
256,1786864796.249333,0,0,0,0,71,111,0,0,0,0,237,507,567,677,613,701,619,535,574,489,503,469,275,0,445,1021,1183,1043,1045,1117,922,0,yewon,lean_forward,1
257,1786864796.269328,0,0,0,0,85,119,0,0,0,0,240,507,563,679,613,700,619,539,574,489,503,469,275,0,445,1021,1183,1047,1046,1115,924,0,yewon,lean_forward,1
258,1786864796.289355,0,0,0,0,103,119,0,0,0,0,236,507,565,659,612,703,617,537,575,487,503,469,276,0,447,1011,1190,1045,1048,1112,920,0,yewon,lean_forward,1
259,1786864796.310397,0,0,0,0,85,123,0,0,0,0,235,505,567,668,611,699,617,535,573,488,503,471,271,0,445,1015,1183,1045,1048,1109,917,0,yewon,lean_forward,1
260,1786864796.330382,0,0,0,0,94,123,0,0,0,0,242,505,565,659,611,699,617,537,572,488,504,469,274,0,445,1015,1183,1044,1047,1116,915,0,yewon,lean_forward,1
261,1786864796.350472,0,0,0,0,95,135,0,0,0,0,237,505,565,655,611,700,617,537,574,489,503,469,273,0,443,1009,1184,1041,1045,1112,905,0,yewon,lean_forward,1
262,1786864796.370419,0,0,0,0,100,139,0,0,0,0,237,505,560,661,611,699,617,539,575,489,504,471,271,0,445,1015,1191,1043,1047,1119,920,0,yewon,lean_forward,1
263,1786864796.389954,0,0,0,0,98,141,0,0,0,0,237,506,565,677,612,701,619,537,583,490,507,469,273,0,445,1019,1180,1044,1047,1113,926,0,yewon,lean_forward,1
264,1786864796.410400,0,0,0,0,101,145,0,0,0,0,237,505,564,661,612,701,620,527,573,490,507,471,274,0,447,1021,1180,1043,1043,1116,923,0,yewon,lean_forward,1
265,1786864796.430408,0,0,0,0,109,142,0,0,0,0,235,507,567,661,613,701,619,536,575,489,503,473,271,0,451,1017,1187,1045,1047,1110,924,0,yewon,lean_forward,1
266,1786864796.450327,0,0,0,0,107,143,0,0,0,0,248,507,588,659,615,701,619,542,580,491,500,470,275,0,451,1015,1187,1046,1049,1115,923,0,yewon,lean_forward,1
267,1786864796.470383,0,0,0,0,106,140,0,0,0,0,239,506,550,661,613,701,619,537,575,489,504,470,275,0,453,1021,1187,1047,1047,1111,923,0,yewon,lean_forward,1
268,1786864796.490365,0,0,0,0,105,135,0,0,0,0,243,505,569,659,613,701,619,536,573,490,503,472,277,0,454,1021,1184,1047,1047,1123,923,0,yewon,lean_forward,1
269,1786864796.510321,0,0,0,0,100,125,0,0,0,0,235,505,559,663,612,701,617,535,567,489,504,469,273,0,453,1023,1183,1045,1045,1109,902,0,yewon,lean_forward,1
270,1786864796.530326,0,0,0,0,91,124,0,0,0,0,239,507,563,658,611,687,616,535,569,485,503,469,267,0,445,1015,1178,1035,1041,1113,914,0,yewon,lean_forward,1
271,1786864796.550319,0,0,0,0,89,124,0,0,0,0,235,505,566,655,609,697,617,533,568,487,501,463,269,0,454,1021,1189,1033,1043,1133,922,0,yewon,lean_forward,1
272,1786864796.570443,0,0,0,0,83,127,0,0,0,0,233,506,564,659,610,699,617,536,570,487,505,470,275,0,452,1023,1181,1032,1045,1109,941,0,yewon,lean_forward,1
273,1786864796.590311,0,0,0,0,89,137,0,0,0,0,237,507,551,659,611,699,616,536,571,488,503,469,269,0,452,1033,1189,1033,1044,1117,941,0,yewon,lean_forward,1
274,1786864796.610396,0,0,0,0,94,143,0,0,0,0,245,506,560,659,612,699,619,537,575,488,504,469,274,0,454,1031,1178,1033,1047,1116,925,0,yewon,lean_forward,1
275,1786864796.630444,0,0,0,0,101,147,0,0,0,0,235,507,559,661,612,700,619,540,571,489,501,470,275,0,455,1031,1176,1043,1049,1119,924,0,yewon,lean_forward,1
276,1786864796.650403,0,0,0,0,107,152,0,0,0,0,237,507,565,661,613,701,619,543,575,491,505,471,274,0,456,1039,1179,1043,1047,1114,924,0,yewon,lean_forward,1
277,1786864796.670378,0,0,0,0,109,157,0,0,0,0,231,507,557,661,613,703,619,541,579,492,505,469,274,0,455,1007,1189,1045,1041,1117,925,0,yewon,lean_forward,1
278,1786864796.690418,0,0,0,0,108,155,0,0,0,0,235,505,567,655,611,701,619,539,579,489,503,473,271,0,447,1021,1183,1041,1045,1109,923,0,yewon,lean_forward,1
279,1786864796.710348,0,0,0,0,107,155,0,0,0,0,233,504,563,659,611,701,619,536,573,488,504,471,274,0,456,1049,1182,1045,1044,1118,923,0,yewon,lean_forward,1
280,1786864796.730364,0,0,0,0,105,159,0,0,0,0,229,500,563,665,607,711,617,537,573,491,505,469,275,0,445,1043,1179,1039,1044,1117,910,0,yewon,lean_forward,1
281,1786864796.750345,0,0,0,0,109,169,0,0,0,0,222,499,564,659,606,698,615,534,574,489,504,469,276,0,453,1020,1175,1031,1045,1112,923,0,yewon,lean_forward,1
282,1786864796.770370,0,0,0,0,107,181,0,0,0,0,235,500,563,659,607,699,618,533,575,491,505,471,280,0,455,1029,1161,1031,1041,1112,923,0,yewon,lean_forward,1
283,1786864796.790385,0,0,0,0,111,189,0,0,0,0,221,505,571,659,611,699,619,540,582,491,506,471,274,0,453,1019,1182,1033,1044,1117,923,0,yewon,lean_forward,1
284,1786864796.810350,0,0,0,0,111,205,0,0,0,0,227,505,567,659,611,701,619,540,585,491,505,471,274,0,453,1031,1187,1035,1047,1117,925,0,yewon,lean_forward,1
285,1786864796.830384,0,0,0,0,115,211,0,0,0,0,231,505,564,653,611,701,619,543,582,501,507,472,277,0,453,1032,1181,1033,1059,1118,925,0,yewon,lean_forward,1
286,1786864796.850333,0,0,0,0,118,211,0,0,0,0,227,505,563,661,613,701,621,543,584,493,508,477,280,0,455,1032,1184,1059,1053,1118,925,0,yewon,lean_forward,1
287,1786864796.870316,0,0,0,0,110,199,0,0,0,0,232,505,565,658,612,701,619,541,581,495,508,472,280,0,457,1015,1179,1044,1050,1123,925,0,yewon,lean_forward,1
288,1786864796.890159,0,0,0,0,110,175,0,0,0,0,222,499,567,658,610,700,619,539,581,499,508,469,281,0,457,1031,1191,1045,1048,1107,923,0,yewon,lean_forward,1
289,1786864796.910342,0,0,0,0,95,158,0,0,0,0,201,495,559,677,605,697,617,539,585,492,507,472,279,0,448,1023,1190,1039,1049,1113,925,0,yewon,lean_forward,1
290,1786864796.930330,0,0,0,0,88,154,0,0,0,0,220,499,567,653,605,699,618,539,583,493,507,470,274,0,453,1023,1178,1039,1045,1117,925,0,yewon,lean_forward,1
291,1786864796.950336,0,0,0,0,61,143,0,0,0,0,218,495,559,655,605,697,617,539,583,491,507,473,280,0,453,1017,1181,1036,1045,1117,925,0,yewon,lean_forward,1
292,1786864796.970362,0,0,0,0,0,141,0,0,0,0,219,496,563,655,605,697,617,541,583,491,507,472,277,0,443,1039,1175,1036,1049,1117,925,0,yewon,lean_forward,1
293,1786864796.990408,0,0,0,0,0,139,0,0,0,0,223,495,559,659,605,699,618,539,589,493,507,473,279,0,437,1023,1180,1033,1047,1110,927,0,yewon,lean_forward,1
294,1786864797.010314,0,0,0,0,0,139,0,0,0,0,223,495,565,658,605,699,617,543,584,499,519,473,270,0,443,1033,1181,1035,1047,1131,926,0,yewon,lean_forward,1
295,1786864797.030350,0,0,0,0,0,137,0,0,0,0,227,499,565,659,610,699,618,543,591,495,507,471,279,0,453,1033,1181,1039,1045,1118,925,0,yewon,lean_forward,1
296,1786864797.050334,0,0,0,0,0,133,0,0,0,0,227,496,568,659,607,699,619,553,585,495,517,473,282,0,452,1033,1177,1041,1045,1132,927,0,yewon,lean_forward,1
297,1786864797.070360,0,0,0,0,0,120,0,0,0,0,221,495,557,655,605,697,617,539,583,494,507,473,279,0,453,1033,1179,1043,1044,1117,927,0,yewon,lean_forward,1
298,1786864797.089788,0,0,0,0,0,126,0,0,0,0,219,498,559,655,603,695,617,538,581,493,509,471,277,0,447,1019,1183,1039,1047,1097,925,0,yewon,lean_forward,1
299,1786864797.110420,0,0,0,0,0,125,0,0,0,0,220,494,559,653,601,693,616,537,576,493,506,472,277,0,443,1019,1183,1035,1053,1123,926,0,yewon,lean_forward,1
300,1786864797.130388,0,0,0,0,0,140,0,0,0,0,211,495,562,653,603,695,615,535,581,493,509,473,275,0,440,1023,1178,1023,1041,1135,927,0,yewon,lean_forward,1
301,1786864797.150343,0,0,0,0,0,143,0,0,0,0,219,495,563,659,604,693,617,537,583,493,507,473,287,0,439,1031,1177,1030,1045,1097,926,0,yewon,lean_forward,1
302,1786864797.170346,0,0,0,0,0,151,0,0,0,0,215,496,552,657,601,694,615,535,584,492,503,472,279,0,439,1021,1179,1021,1031,1116,927,0,yewon,lean_forward,1
303,1786864797.190322,0,0,0,0,47,159,0,0,0,0,219,496,567,657,604,695,617,548,585,495,509,473,277,0,439,1030,1179,1032,1041,1125,927,0,yewon,lean_forward,1
304,1786864797.210338,0,0,0,0,61,165,0,0,0,0,215,495,563,654,605,695,617,541,583,495,506,474,281,0,439,1022,1181,1039,1047,1119,927,0,yewon,lean_forward,1
305,1786864797.230328,0,0,0,0,83,169,0,0,0,0,215,498,563,655,603,697,617,539,584,493,508,476,279,0,437,1030,1172,1036,1045,1117,927,0,yewon,lean_forward,1
306,1786864797.249987,0,0,0,0,88,168,0,0,0,0,215,495,567,658,606,697,617,539,583,491,504,469,281,0,436,1031,1179,1035,1047,1117,927,0,yewon,lean_forward,1
307,1786864797.270347,0,0,0,0,85,163,0,0,0,0,211,491,555,653,603,700,615,537,575,489,510,473,283,0,435,1020,1181,1035,1047,1116,927,0,yewon,lean_forward,1
308,1786864797.290369,0,0,0,0,89,163,0,0,0,0,212,495,563,655,607,697,617,539,571,495,505,476,278,0,435,1031,1180,1039,1048,1111,926,0,yewon,lean_forward,1
309,1786864797.310266,0,0,0,0,91,167,0,0,0,0,217,499,562,661,607,699,619,537,580,494,509,473,277,0,431,1029,1179,1045,1035,1113,927,0,yewon,lean_forward,1
310,1786864797.330375,0,0,0,0,91,169,0,0,0,0,201,493,565,659,607,698,618,540,583,495,503,475,284,0,440,1032,1181,1039,1045,1115,931,0,yewon,lean_forward,1
311,1786864797.350307,0,0,0,0,92,183,0,0,0,0,215,499,563,659,611,699,611,539,583,495,507,473,283,0,431,1029,1183,1045,1049,1117,933,0,yewon,lean_forward,1
312,1786864797.370318,0,0,0,0,93,201,0,0,0,0,215,503,565,659,611,699,619,541,582,493,501,477,285,0,437,1035,1181,1043,1048,1125,927,0,yewon,lean_forward,1
313,1786864797.390358,0,0,0,0,101,197,0,0,0,0,216,503,569,659,611,699,619,543,571,501,521,467,281,0,439,1032,1181,1042,1043,1117,927,0,yewon,lean_forward,1
314,1786864797.410316,0,0,0,0,103,213,0,0,0,0,230,505,565,660,611,700,619,539,584,498,502,473,281,0,440,1035,1181,1043,1048,1116,927,0,yewon,lean_forward,1
315,1786864797.430369,0,0,0,0,107,217,0,0,0,0,221,505,563,661,611,699,619,538,584,495,517,473,269,0,443,1033,1181,1044,1047,1111,927,0,yewon,lean_forward,1
316,1786864797.450266,0,0,0,0,101,218,0,0,0,0,227,504,569,662,612,701,619,540,586,499,511,475,283,0,445,1031,1180,1043,1049,1115,925,0,yewon,lean_forward,1
317,1786864797.470330,0,0,0,0,97,217,0,0,0,0,223,505,569,662,611,701,619,539,584,495,508,475,282,0,443,1036,1181,1044,1047,1099,925,0,yewon,lean_forward,1
318,1786864797.490352,0,0,0,0,99,205,0,0,0,0,227,505,565,659,611,699,617,536,582,493,509,473,282,0,442,1031,1183,1043,1049,1103,925,0,yewon,lean_forward,1
319,1786864797.510249,0,0,0,0,90,189,0,0,0,0,229,499,565,659,607,699,617,537,581,493,517,473,265,0,439,1033,1183,1045,1039,1109,925,0,yewon,lean_forward,1
320,1786864797.530366,0,0,0,0,73,185,0,0,0,0,223,500,563,655,607,698,617,541,575,493,507,476,280,0,470,1031,1181,1039,1045,1116,925,0,yewon,lean_forward,1
321,1786864797.550429,0,0,0,0,62,183,0,0,0,0,225,499,563,653,606,695,617,539,579,495,509,471,281,0,429,1021,1181,1036,1043,1113,925,0,yewon,lean_forward,1
322,1786864797.570330,0,0,0,0,63,202,0,0,0,0,223,498,559,657,605,697,617,535,583,499,504,473,302,0,435,1031,1181,1035,1044,1113,927,0,yewon,lean_forward,1
323,1786864797.589650,0,0,0,0,79,215,0,0,0,0,221,495,564,659,605,697,617,535,584,495,507,476,283,0,435,1021,1181,1041,1041,1116,926,0,yewon,lean_forward,1
324,1786864797.610395,0,0,0,0,90,223,0,0,0,0,222,498,564,655,603,700,617,539,583,495,509,475,285,0,437,1051,1181,1041,1045,1115,932,0,yewon,lean_forward,1
325,1786864797.630370,0,0,0,0,95,230,0,0,0,0,223,495,567,659,605,699,617,543,584,495,511,472,288,0,435,1031,1181,1041,1039,1119,933,0,yewon,lean_forward,1
326,1786864797.650271,0,0,0,0,99,235,0,0,0,0,215,493,557,657,603,699,617,541,585,499,508,475,287,0,437,1032,1181,1041,1045,1116,931,0,yewon,lean_forward,1
327,1786864797.670344,0,0,0,0,103,235,0,0,0,0,213,493,555,657,605,696,617,539,585,499,507,474,293,0,435,1031,1181,1039,1043,1114,931,0,yewon,lean_forward,1
328,1786864797.690352,0,0,0,0,99,239,0,0,0,0,227,493,556,639,605,695,616,539,587,498,506,476,297,0,427,1031,1180,1041,1045,1117,931,0,yewon,lean_forward,1
329,1786864797.710294,0,0,0,0,103,239,0,0,0,0,209,491,559,653,605,695,617,539,587,501,517,477,287,0,422,1018,1179,1035,1045,1114,931,0,yewon,lean_forward,1
330,1786864797.730361,0,0,0,0,99,237,0,0,0,0,200,491,565,653,603,693,617,537,586,500,501,487,297,0,419,1021,1181,1035,1045,1116,934,0,yewon,lean_forward,1
331,1786864797.750304,0,0,0,0,101,247,0,0,0,0,190,491,583,653,606,695,617,542,580,499,517,475,303,0,419,1017,1179,1039,1041,1116,933,0,yewon,lean_forward,1
332,1786864797.770315,0,0,0,0,101,247,0,0,0,0,201,491,568,653,602,693,619,533,582,495,517,479,299,0,419,1020,1179,1033,1049,1116,933,0,yewon,lean_forward,1
333,1786864797.790427,0,0,0,0,103,251,0,0,0,0,199,491,559,653,602,695,617,537,585,508,510,477,307,0,415,1021,1179,1037,1043,1117,932,0,yewon,lean_forward,1
334,1786864797.810323,0,0,0,0,109,251,0,0,0,0,201,491,559,659,604,695,618,539,585,501,517,478,311,0,411,1022,1180,1039,1043,1116,934,24,yewon,lean_forward,1
335,1786864797.830357,0,0,0,0,110,254,0,0,0,0,197,491,559,651,604,693,617,540,589,503,509,479,317,0,424,1019,1205,1021,1047,1117,935,22,yewon,lean_forward,1
336,1786864797.850286,0,0,0,0,105,251,0,0,0,0,189,491,559,635,599,685,617,540,585,504,493,483,303,0,413,1016,1178,1018,1045,1117,935,25,yewon,lean_forward,1
337,1786864797.870325,0,0,0,0,103,253,0,0,0,0,200,489,553,637,599,685,615,537,585,501,520,489,307,0,408,1012,1175,1014,1039,1113,935,21,yewon,lean_forward,1
338,1786864797.890080,0,0,0,0,101,253,0,0,0,0,163,485,555,649,599,682,613,535,584,503,511,481,307,0,397,1013,1173,1004,1047,1116,933,0,yewon,lean_forward,1
339,1786864797.910308,0,0,0,0,100,253,0,0,0,0,175,483,553,647,599,681,613,533,583,501,519,477,303,0,393,1007,1171,1017,1039,1109,933,25,yewon,lean_forward,1
340,1786864797.930343,0,0,0,0,103,253,0,0,0,0,173,485,553,633,595,681,615,535,583,501,517,479,309,0,383,1013,1164,991,1042,1112,933,40,yewon,lean_forward,1
341,1786864797.950261,0,0,0,0,103,255,0,0,0,0,163,485,563,645,591,679,613,535,583,501,520,478,309,0,377,1012,1169,993,1042,1115,936,47,yewon,lean_forward,1
342,1786864797.970325,0,0,0,0,114,261,0,0,0,0,165,485,553,647,596,681,615,537,583,501,519,479,298,0,379,1011,1171,1002,1041,1113,934,57,yewon,lean_forward,1
343,1786864797.990354,0,0,0,0,137,269,0,0,0,0,165,485,553,647,598,669,613,540,585,502,518,483,317,0,379,1016,1175,999,1043,1117,934,59,yewon,lean_forward,1
344,1786864798.010271,0,0,0,0,154,264,0,0,0,0,147,486,548,647,596,685,616,544,585,501,518,483,315,0,382,1015,1173,1002,1043,1117,937,47,yewon,lean_forward,1
345,1786864798.030309,0,0,0,0,167,271,0,0,0,0,157,485,552,648,596,683,616,542,589,502,509,484,319,0,380,1013,1172,1003,1043,1118,937,85,yewon,lean_forward,1
346,1786864798.050296,0,0,0,0,157,271,0,0,0,0,153,487,565,647,597,681,616,543,587,505,517,473,317,0,374,1016,1173,1001,1045,1117,937,55,yewon,lean_forward,1
347,1786864798.069402,0,0,0,0,156,271,0,0,0,0,153,485,553,647,595,683,617,537,589,507,521,483,325,0,372,1011,1173,999,1033,1117,937,47,yewon,lean_forward,1
348,1786864798.089678,0,0,0,0,152,265,0,0,0,0,149,483,552,651,595,682,615,543,583,503,519,485,319,0,370,1015,1173,995,1043,1112,937,46,yewon,lean_forward,1
349,1786864798.110400,0,0,0,0,153,276,0,0,0,0,153,486,549,645,595,683,616,543,587,503,521,485,317,0,373,1015,1172,996,1044,1115,936,43,yewon,lean_forward,1
350,1786864798.129296,0,0,0,0,153,277,0,0,0,0,151,487,553,645,595,683,616,543,589,505,520,485,342,0,373,1019,1172,993,1043,1107,936,37,yewon,lean_forward,1
351,1786864798.149284,0,0,0,0,155,273,0,0,0,0,155,487,555,647,598,691,617,541,587,505,521,483,325,0,378,1017,1171,999,1046,1116,937,37,yewon,lean_forward,1
352,1786864798.169968,0,0,0,0,153,269,0,0,0,0,154,486,551,647,595,683,616,542,589,509,519,484,319,0,384,1003,1173,997,1045,1117,937,29,yewon,lean_forward,1
353,1786864798.190021,0,0,0,0,141,266,0,0,0,0,167,485,552,639,597,685,617,544,589,507,521,484,314,0,390,1019,1173,997,1041,1116,937,27,yewon,lean_forward,1
354,1786864798.209710,0,0,0,0,119,255,0,0,0,0,155,487,553,627,597,683,617,541,587,500,523,483,327,0,394,1021,1171,994,1043,1115,937,40,yewon,lean_forward,1
355,1786864798.229685,0,0,0,0,111,251,0,0,0,0,159,483,549,645,595,681,613,539,585,505,518,477,314,0,395,1023,1171,995,1043,1113,937,24,yewon,lean_forward,1
356,1786864798.249494,0,0,0,0,104,247,0,0,0,0,157,479,551,635,591,677,627,537,587,503,519,483,315,0,390,1015,1173,982,1043,1117,935,25,yewon,lean_forward,1
357,1786864798.270288,0,0,0,0,98,243,0,0,0,0,147,482,555,639,587,671,607,534,569,500,507,483,312,0,383,1007,1164,969,1043,1115,936,22,yewon,lean_forward,1
358,1786864798.289872,0,0,0,0,87,231,0,0,0,0,140,479,547,636,587,667,606,529,599,501,507,479,304,0,373,1011,1163,953,1041,1114,937,21,yewon,lean_forward,1
359,1786864798.310104,0,0,0,0,83,243,0,0,0,0,139,477,556,635,585,661,605,525,579,503,523,475,317,0,365,1012,1162,947,1041,1115,937,26,yewon,lean_forward,1
360,1786864798.330266,0,0,0,0,88,251,0,0,0,0,137,477,551,635,584,665,604,535,579,504,520,483,319,0,363,1011,1161,951,1039,1117,937,51,yewon,lean_forward,1
361,1786864798.350247,0,0,0,0,103,253,0,0,0,0,137,478,551,637,583,667,609,537,582,505,519,483,318,0,365,1013,1161,956,1039,1115,937,79,yewon,lean_forward,1
362,1786864798.370343,0,0,0,0,135,269,0,0,0,0,137,480,550,637,585,671,613,537,588,505,521,485,330,0,371,1016,1161,949,1041,1117,941,92,yewon,lean_forward,1
363,1786864798.390215,0,0,0,0,157,276,0,0,0,0,139,480,551,637,589,676,613,541,587,525,520,485,329,0,375,1015,1163,972,1043,1123,945,103,yewon,lean_forward,1
364,1786864798.410316,0,0,0,0,169,282,0,0,0,0,138,479,551,637,588,679,612,547,585,507,522,485,329,0,377,1013,1167,988,1033,1119,943,99,yewon,lean_forward,1
365,1786864798.430368,0,0,0,0,167,285,0,0,0,0,136,478,551,639,590,671,615,544,587,500,522,489,315,0,375,1012,1165,979,1043,1117,943,95,yewon,lean_forward,1
366,1786864798.450476,0,0,0,0,153,281,0,0,0,0,136,477,551,636,588,671,613,544,587,507,523,489,331,0,365,1017,1165,979,1047,1118,941,91,yewon,lean_forward,1
367,1786864798.470324,0,0,0,0,149,283,0,0,0,0,135,475,549,633,586,675,613,541,595,507,521,487,327,0,358,1017,1165,974,1033,1117,941,89,yewon,lean_forward,1
368,1786864798.490346,0,0,0,0,141,282,0,0,0,0,135,476,550,633,587,671,613,542,589,506,522,488,327,0,347,1015,1165,977,1041,1127,940,83,yewon,lean_forward,1
369,1786864798.510301,0,0,0,0,139,285,0,0,0,0,137,477,549,633,587,676,615,543,587,508,521,487,329,0,346,1017,1165,967,1043,1118,937,87,yewon,lean_forward,1
370,1786864798.530324,0,0,0,0,141,285,0,0,0,0,137,477,551,635,587,675,613,541,589,508,521,483,328,0,349,1013,1167,979,1041,1117,941,86,yewon,lean_forward,1
371,1786864798.550387,0,0,0,0,141,283,0,0,0,0,136,479,551,636,588,677,615,543,591,509,523,487,335,0,355,1016,1165,984,1043,1119,943,85,yewon,lean_forward,1
372,1786864798.570334,0,0,0,0,141,285,0,0,0,0,135,478,549,637,587,677,615,539,586,505,509,488,335,0,363,1022,1167,981,1043,1117,943,78,yewon,lean_forward,1
373,1786864798.590348,0,0,0,0,141,281,0,0,0,0,137,483,550,637,587,677,613,548,589,509,523,488,333,0,367,1023,1167,979,1043,1119,941,71,yewon,lean_forward,1
374,1786864798.609628,0,0,0,0,137,276,0,0,0,0,137,479,549,639,589,677,613,535,590,508,525,485,335,0,372,1018,1167,979,1041,1115,937,62,yewon,lean_forward,1
375,1786864798.630426,0,0,0,0,119,271,0,0,0,0,135,479,551,644,589,671,621,543,591,505,523,491,331,0,375,1019,1173,981,1043,1119,941,56,yewon,lean_forward,1
376,1786864798.650464,0,0,0,0,116,265,0,0,0,0,139,483,549,636,587,677,613,542,589,506,523,491,327,0,379,1018,1167,973,1043,1113,938,43,yewon,lean_forward,1
377,1786864798.670353,0,0,0,0,105,263,0,0,0,0,141,479,559,639,587,677,615,543,585,519,520,486,332,0,381,1016,1167,973,1048,1117,939,45,yewon,lean_forward,1
378,1786864798.690377,0,0,0,0,103,253,0,0,0,0,137,482,549,637,588,676,615,543,591,503,521,483,330,0,381,1021,1167,981,1043,1119,939,35,yewon,lean_forward,1
379,1786864798.710336,0,0,0,0,99,249,0,0,0,0,139,479,547,637,589,677,615,539,589,507,523,487,328,0,382,1029,1165,982,1043,1117,939,29,yewon,lean_forward,1
380,1786864798.730299,0,0,0,0,91,252,0,0,0,0,158,483,539,637,589,677,615,540,589,507,521,488,327,0,389,1032,1167,977,1039,1112,938,41,yewon,lean_forward,1
381,1786864798.750552,0,0,0,0,87,245,0,0,0,0,139,482,550,637,589,676,613,543,590,536,523,485,344,0,391,1023,1171,975,1043,1132,937,22,yewon,lean_forward,1
382,1786864798.770370,0,0,0,0,86,246,0,0,0,0,140,479,550,637,585,677,615,544,594,508,523,487,328,0,391,1031,1165,968,1041,1123,939,24,yewon,lean_forward,1
383,1786864798.790342,0,0,0,0,79,245,0,0,0,0,141,483,551,639,589,676,615,541,585,507,521,486,326,0,391,1032,1165,967,1046,1119,941,23,yewon,lean_forward,1
384,1786864798.810328,0,0,0,0,75,244,0,0,0,0,141,482,551,638,587,679,615,541,591,507,523,487,335,0,392,1022,1169,957,1043,1119,939,24,yewon,lean_forward,1
385,1786864798.830379,0,0,0,0,71,253,0,0,0,0,139,483,551,637,589,677,615,539,594,508,523,485,331,0,390,1031,1165,951,1043,1123,936,26,yewon,lean_forward,1
386,1786864798.850359,0,0,0,0,59,247,0,0,0,0,141,483,553,637,587,676,614,539,589,507,521,487,330,0,394,1019,1163,951,1033,1118,940,26,yewon,lean_forward,1
387,1786864798.870353,0,0,0,0,50,247,0,0,0,0,139,482,551,635,587,675,613,539,590,507,523,487,326,0,383,1022,1163,937,1043,1119,939,25,yewon,lean_forward,1
388,1786864798.890395,0,0,0,0,42,247,0,0,0,0,139,479,553,636,588,672,611,541,584,509,509,485,330,0,389,1017,1163,935,1043,1117,943,25,yewon,lean_forward,1
389,1786864798.910294,0,0,0,0,45,249,0,0,0,0,139,482,549,637,585,670,613,540,591,508,522,487,330,0,383,1019,1165,932,1042,1119,935,29,yewon,lean_forward,1
390,1786864798.930372,0,0,0,0,63,253,0,0,0,0,139,483,551,636,586,675,614,542,591,508,523,487,304,0,379,1020,1163,937,1039,1117,939,35,yewon,lean_forward,1
391,1786864798.950323,0,0,0,0,76,261,0,0,0,0,141,481,551,639,587,675,613,539,589,509,522,486,332,0,389,1019,1164,925,1041,1117,938,41,yewon,lean_forward,1
392,1786864798.970003,0,0,0,0,78,265,0,0,0,0,141,479,551,637,587,677,615,538,593,519,520,487,333,0,383,1019,1163,921,1023,1118,940,40,yewon,lean_forward,1
393,1786864798.989335,0,0,0,0,83,266,0,0,0,0,139,483,552,639,589,677,617,543,591,508,543,487,333,0,381,1033,1165,933,1041,1119,940,43,yewon,lean_forward,1
394,1786864799.010379,0,0,0,0,82,267,0,0,0,0,142,481,552,637,588,677,615,547,591,510,529,487,333,0,391,1019,1165,927,1041,1119,941,45,yewon,lean_forward,1
395,1786864799.030325,0,0,0,0,75,267,0,0,0,0,141,483,556,639,586,675,613,541,587,507,521,488,331,0,383,1021,1163,932,1041,1118,941,43,yewon,lean_forward,1
396,1786864799.050261,0,0,0,0,48,255,0,0,0,0,140,479,551,637,587,669,612,540,583,506,523,488,332,0,377,1019,1165,933,1039,1117,943,43,yewon,lean_forward,1
397,1786864799.070344,0,0,0,0,23,279,0,0,0,0,139,479,549,637,590,669,613,551,591,506,519,487,333,0,381,1017,1163,933,1039,1115,940,41,yewon,lean_forward,1
398,1786864799.090348,0,0,0,0,0,268,0,0,0,0,141,481,553,637,586,671,612,540,594,507,524,487,334,0,379,1015,1167,928,1041,1117,946,41,yewon,lean_forward,1
399,1786864799.110101,0,0,0,0,0,270,0,0,0,0,140,481,552,637,589,669,613,540,587,519,523,487,329,0,379,1020,1165,923,1039,1117,941,43,yewon,lean_forward,1
400,1786864799.130314,0,0,0,0,0,268,0,0,0,0,139,479,551,637,587,669,613,544,597,507,524,489,317,0,375,1017,1164,925,1042,1117,941,44,yewon,lean_forward,1
401,1786864799.150365,0,0,0,0,57,271,0,0,0,0,139,479,551,639,586,678,613,541,593,509,535,489,337,0,377,985,1165,935,1044,1117,943,47,yewon,lean_forward,1
402,1786864799.170343,0,0,0,0,85,274,0,0,0,0,141,483,552,639,588,675,616,541,589,508,525,490,335,0,379,1017,1164,931,1043,1123,943,51,yewon,lean_forward,1
403,1786864799.190349,0,0,0,0,95,275,0,0,0,0,140,483,552,644,589,677,616,541,593,510,523,489,338,0,377,985,1163,934,1043,1117,943,51,yewon,lean_forward,1
404,1786864799.210340,0,0,0,0,105,278,27,0,0,0,139,483,547,638,591,677,615,543,593,517,521,491,339,0,379,1015,1167,933,1045,1117,943,53,yewon,lean_forward,1
405,1786864799.230343,0,0,0,0,112,277,41,0,0,0,140,483,553,639,589,677,617,543,588,519,524,491,339,0,379,1015,1165,939,1045,1117,939,53,yewon,lean_forward,1
406,1786864799.249484,0,0,0,0,123,287,45,0,0,0,147,483,555,644,590,679,618,543,591,509,529,491,343,0,393,1015,1165,933,1045,1117,939,55,yewon,lean_forward,1
407,1786864799.270317,0,0,0,0,141,287,56,0,0,0,153,483,555,645,591,680,616,543,591,518,521,491,341,0,384,1020,1165,934,1045,1116,941,55,yewon,lean_forward,1
408,1786864799.290312,0,0,0,0,167,293,56,0,0,0,159,484,565,647,596,679,617,544,591,519,527,491,343,0,389,1017,1165,933,1043,1116,936,51,yewon,lean_forward,1
409,1786864799.310262,0,0,0,0,180,293,59,0,0,0,169,485,556,638,588,682,615,542,591,517,529,491,341,0,391,1049,1167,925,1044,1115,943,47,yewon,lean_forward,1
410,1786864799.330344,0,0,0,0,189,287,59,0,0,0,182,487,557,647,595,683,617,541,591,519,529,483,339,0,394,997,1166,935,1035,1115,935,41,yewon,lean_forward,1
411,1786864799.350287,0,0,0,0,200,291,56,0,0,0,187,485,557,647,594,683,616,543,590,509,525,487,338,0,413,1019,1163,932,1044,1125,951,29,yewon,lean_forward,1
412,1786864799.370313,0,0,0,0,200,291,51,0,0,0,197,485,557,646,595,685,619,541,590,507,523,488,339,0,397,1006,1166,935,1043,1113,933,21,yewon,lean_forward,1
413,1786864799.390311,0,0,0,0,201,291,53,0,0,0,199,487,559,649,598,696,615,541,591,517,525,487,334,0,393,1020,1165,933,1043,1116,938,0,yewon,lean_forward,1
414,1786864799.409996,0,0,0,0,203,295,51,0,0,0,201,487,559,649,595,683,616,542,590,507,531,487,335,0,401,1016,1167,935,1045,1113,937,0,yewon,lean_forward,1
415,1786864799.430323,0,0,0,0,203,288,51,0,0,0,205,487,558,649,594,685,617,543,595,509,524,488,333,0,403,1022,1171,941,1045,1115,931,0,yewon,lean_forward,1
416,1786864799.450237,0,0,0,0,206,291,43,0,0,0,210,488,559,651,595,683,617,541,595,509,530,487,331,0,406,1019,1171,935,1044,1113,935,0,yewon,lean_forward,1
417,1786864799.470295,0,0,0,0,205,288,41,0,0,0,210,488,565,650,597,683,618,542,591,508,536,487,335,0,413,1021,1166,937,1045,1114,935,0,yewon,lean_forward,1
418,1786864799.490349,0,0,0,0,197,294,27,0,0,0,211,487,559,651,594,683,617,541,587,517,524,488,333,0,415,1020,1170,935,1047,1113,937,0,yewon,lean_forward,1
419,1786864799.510294,0,0,0,0,176,285,0,0,0,0,214,489,559,651,597,683,616,541,591,523,525,487,335,0,419,1019,1169,938,1045,1114,937,0,yewon,lean_forward,1
420,1786864799.530374,0,0,0,0,171,281,0,0,0,0,213,487,558,651,595,681,618,544,591,510,525,487,335,0,421,1020,1171,937,1045,1115,938,0,yewon,lean_forward,1
421,1786864799.550255,0,0,0,0,152,277,0,0,0,0,211,489,559,651,598,681,616,543,573,517,517,491,335,0,424,1013,1167,937,1047,1113,937,0,yewon,lean_forward,1
422,1786864799.570293,0,0,0,0,135,275,0,0,0,0,210,487,559,649,596,679,619,541,593,519,524,488,333,0,421,1019,1167,943,1045,1115,935,0,yewon,lean_forward,1
423,1786864799.590325,0,0,0,0,121,268,0,0,0,0,207,487,559,649,591,697,617,541,590,520,525,487,335,0,419,1018,1169,937,1046,1115,937,0,yewon,lean_forward,1
424,1786864799.610274,0,0,0,0,118,265,0,0,0,0,205,488,557,649,574,680,617,543,591,509,523,487,338,0,421,1021,1167,937,1043,1115,934,0,yewon,lean_forward,1
425,1786864799.630322,0,0,0,0,111,267,0,0,0,0,203,488,557,649,589,679,619,541,586,505,522,486,335,0,420,1050,1169,935,1045,1115,937,0,yewon,lean_forward,1
426,1786864799.650330,0,0,0,0,109,261,0,0,0,0,201,487,539,649,598,681,617,538,591,508,523,487,335,0,415,1012,1167,941,1043,1111,937,0,yewon,lean_forward,1
427,1786864799.670379,0,0,0,0,109,255,0,0,0,0,203,487,557,648,593,679,619,543,589,510,535,487,333,0,415,1019,1167,941,1046,1114,943,0,yewon,lean_forward,1
428,1786864799.690367,0,0,0,0,109,255,0,0,0,0,205,488,559,649,593,687,619,541,589,509,523,488,334,0,415,1021,1167,936,1045,1117,943,0,yewon,lean_forward,1
429,1786864799.710355,0,0,0,0,109,253,0,0,0,0,205,488,557,651,596,680,619,541,591,511,527,488,333,0,419,1033,1170,949,1045,1112,936,0,yewon,lean_forward,1
430,1786864799.730392,0,0,0,0,109,259,0,0,0,0,201,489,564,647,597,681,618,540,590,517,524,491,333,0,420,1023,1171,942,1045,1113,937,0,yewon,lean_forward,1
431,1786864799.750306,0,0,0,0,115,265,0,0,0,0,205,488,557,649,593,681,618,541,603,510,519,487,334,0,423,1030,1169,939,1047,1115,936,0,yewon,lean_forward,1
432,1786864799.770311,0,0,0,0,117,263,0,0,0,0,209,490,559,649,595,683,619,540,587,509,525,486,333,0,421,1021,1169,941,1048,1115,937,0,yewon,lean_forward,1
433,1786864799.790179,0,0,0,0,121,265,0,0,0,0,211,489,559,647,597,681,618,542,589,508,524,488,332,0,425,1044,1169,941,1047,1113,939,0,yewon,lean_forward,1
434,1786864799.810277,0,0,0,0,133,266,0,0,0,0,212,489,559,649,595,681,619,543,588,507,505,489,333,0,429,1033,1166,940,1045,1115,937,0,yewon,lean_forward,1
435,1786864799.830317,0,0,0,0,139,268,0,0,0,0,211,489,559,652,596,685,616,540,587,519,527,486,332,0,429,1030,1167,948,1045,1115,935,0,yewon,lean_forward,1
436,1786864799.850270,0,0,0,0,153,270,0,0,0,0,214,489,569,650,595,681,619,541,589,507,523,487,331,0,431,1013,1171,943,1047,1115,935,0,yewon,lean_forward,1
437,1786864799.870281,0,0,0,0,172,271,0,0,0,0,215,489,562,653,595,685,618,542,591,509,540,489,331,0,437,1039,1169,948,1047,1114,938,0,yewon,lean_forward,1
438,1786864799.890302,0,0,0,0,183,281,0,0,0,0,215,489,562,653,595,685,617,541,587,507,524,488,330,0,439,1021,1171,952,1047,1115,937,0,yewon,lean_forward,1
439,1786864799.910278,0,0,0,0,199,275,0,0,0,0,217,489,563,651,585,685,618,541,589,507,523,487,329,0,441,1031,1174,953,1045,1115,937,0,yewon,lean_forward,1
440,1786864799.930301,0,0,0,0,203,277,0,0,0,0,217,489,563,649,597,692,609,560,589,508,523,486,330,0,443,1033,1171,959,1046,1115,940,0,yewon,lean_forward,1
441,1786864799.950316,0,0,0,0,203,276,0,0,0,0,217,489,562,651,599,687,617,549,594,507,525,486,329,0,443,1035,1173,955,1046,1114,939,0,yewon,lean_forward,1
442,1786864799.970290,0,0,0,0,205,277,0,0,0,0,219,490,564,653,615,684,617,541,589,507,523,485,329,0,443,1019,1171,969,1043,1115,939,0,yewon,lean_forward,1
443,1786864799.990312,0,0,0,0,204,275,0,0,0,0,219,490,556,653,595,685,615,547,595,508,505,487,331,0,443,1035,1171,967,1045,1113,938,0,yewon,lean_forward,1
444,1786864800.010265,0,0,0,0,205,278,0,0,0,0,219,489,554,652,599,687,615,542,597,517,533,484,329,0,445,1033,1171,965,1046,1115,937,0,yewon,lean_forward,1
445,1786864800.030332,0,0,0,0,205,276,0,0,0,0,219,490,548,653,597,687,618,542,590,509,527,485,331,0,445,1031,1173,970,1033,1116,935,0,yewon,lean_forward,1
446,1786864800.050262,0,0,0,0,206,277,0,0,0,0,219,489,562,634,598,687,618,540,589,509,525,484,330,0,448,1033,1175,971,1044,1115,936,0,yewon,lean_forward,1
447,1786864800.070273,0,0,0,0,205,276,0,0,0,0,219,491,565,653,599,681,617,543,589,504,524,488,330,0,446,1030,1172,972,1045,1117,939,0,yewon,lean_forward,1
448,1786864800.090068,0,0,0,0,204,279,0,0,0,0,220,491,561,652,596,691,617,544,590,507,524,487,331,0,445,1032,1171,957,1047,1115,937,0,yewon,lean_forward,1
449,1786864800.110308,0,0,0,0,203,277,0,0,0,0,221,491,563,653,597,691,617,544,591,509,525,487,331,0,446,1029,1177,974,1045,1117,941,0,yewon,lean_forward,1
450,1786864800.130305,0,0,0,0,205,278,0,0,0,0,219,491,563,650,601,691,617,543,591,508,525,487,331,0,445,1020,1171,979,1047,1116,939,0,yewon,lean_forward,1
451,1786864800.150262,0,0,0,0,207,279,0,0,0,0,202,491,564,652,597,686,617,547,593,507,525,493,335,0,447,1033,1175,971,1047,1121,940,0,yewon,lean_forward,1
452,1786864800.170344,0,0,0,0,212,277,0,0,0,0,227,488,559,649,599,685,616,542,591,510,523,488,331,0,447,1043,1171,972,1043,1113,937,0,yewon,lean_forward,1
453,1786864800.190428,0,0,0,0,207,281,0,0,0,0,213,490,560,649,598,683,617,539,591,516,523,485,332,0,447,1033,1165,974,1045,1111,939,21,yewon,lean_forward,1
454,1786864800.210275,0,0,0,0,209,280,0,0,0,0,215,489,561,651,605,681,613,538,595,509,525,493,331,0,454,1022,1171,967,1045,1117,939,22,yewon,lean_forward,1
455,1786864800.230321,0,0,0,0,201,281,0,0,0,0,215,489,559,649,595,680,613,543,590,509,523,487,343,0,447,1021,1171,959,1043,1119,937,23,yewon,lean_forward,1
456,1786864800.250318,0,0,0,0,189,280,0,0,0,0,213,489,558,639,593,679,613,539,589,509,525,487,330,0,443,1029,1167,979,1044,1114,939,30,yewon,lean_forward,1
457,1786864800.270306,0,0,0,0,183,281,0,0,0,0,205,487,555,647,595,679,611,539,589,509,524,487,331,0,440,1019,1171,957,1039,1112,943,45,yewon,lean_forward,1
458,1786864800.290310,0,0,0,0,183,283,0,0,0,0,200,487,555,646,591,669,621,537,590,507,525,489,331,0,441,1018,1170,956,1039,1114,941,46,yewon,lean_forward,1
459,1786864800.310309,0,0,0,0,183,283,0,0,0,0,191,487,555,645,585,671,610,537,589,507,525,488,332,0,440,1017,1163,949,1035,1109,937,47,yewon,lean_forward,1
460,1786864800.330311,0,0,0,0,185,285,0,0,0,0,188,488,555,646,589,670,605,535,589,508,525,501,332,0,431,1031,1165,965,1035,1113,939,47,yewon,lean_forward,1
461,1786864800.350257,0,0,0,0,198,287,0,0,0,0,185,487,554,644,585,664,605,536,589,511,523,485,332,0,431,1016,1163,949,1035,1113,939,47,yewon,lean_forward,1
462,1786864800.370099,0,0,0,0,213,293,0,0,0,0,184,487,553,639,596,671,609,536,589,509,524,487,333,0,429,1015,1163,946,1031,1111,935,47,yewon,lean_forward,1
463,1786864800.389330,0,0,0,0,231,297,44,0,0,0,185,487,555,647,589,677,616,536,591,505,525,487,333,0,426,1017,1163,939,1033,1111,940,53,yewon,lean_forward,1
464,1786864800.410287,0,0,0,0,262,302,63,0,0,0,187,489,555,647,591,671,627,537,593,529,525,469,333,0,431,1031,1161,967,1035,1113,937,53,yewon,lean_forward,1
465,1786864800.430322,0,0,0,0,273,313,71,0,0,0,187,489,557,647,595,680,614,541,594,517,525,489,335,0,427,1017,1161,963,1035,1113,937,53,yewon,lean_forward,1
466,1786864800.450246,0,0,0,0,282,325,81,0,0,0,197,489,557,649,599,680,605,542,595,507,524,481,337,0,433,1031,1167,965,1036,1113,940,61,yewon,lean_forward,1
467,1786864800.470286,0,0,0,0,294,327,85,0,0,0,199,489,557,648,599,678,617,541,593,517,529,489,340,0,427,1017,1167,965,1039,1114,939,59,yewon,lean_forward,1
468,1786864800.490379,0,0,0,0,293,329,87,0,0,0,199,489,556,647,595,680,613,542,595,518,525,490,340,0,435,1020,1165,957,1039,1112,939,51,yewon,lean_forward,1
469,1786864800.510317,0,0,0,0,293,330,89,0,0,0,196,489,557,648,591,679,613,539,593,505,527,490,342,0,431,1015,1163,947,1034,1112,939,41,yewon,lean_forward,1
470,1786864800.530289,0,0,0,0,295,331,91,0,0,0,191,489,556,648,589,677,634,540,595,517,527,491,341,0,426,1012,1161,954,1035,1112,933,36,yewon,lean_forward,1
471,1786864800.550229,0,0,0,27,298,337,95,0,0,0,191,487,557,648,595,680,613,541,595,519,525,491,341,0,425,1016,1163,979,1039,1115,941,41,yewon,lean_forward,1
472,1786864800.570294,0,0,0,45,300,341,93,0,0,0,197,489,557,649,599,675,615,541,595,517,527,491,340,0,427,1014,1163,951,1033,1113,935,43,yewon,lean_forward,1
473,1786864800.590309,0,0,0,47,299,344,95,0,0,0,197,490,557,648,597,677,620,543,595,520,529,488,341,0,427,1019,1163,953,1039,1112,938,45,yewon,lean_forward,1
474,1786864800.610302,0,0,0,35,299,343,95,0,0,0,199,489,559,649,595,683,611,543,596,519,529,493,343,0,429,1021,1167,965,1039,1112,969,45,yewon,lean_forward,1
475,1786864800.630298,0,0,0,23,295,333,98,0,0,0,197,490,558,651,593,681,615,543,595,517,527,492,343,0,428,1021,1169,972,1039,1113,941,41,yewon,lean_forward,1
476,1786864800.650257,0,0,0,0,285,331,89,0,0,0,191,489,557,649,591,681,615,543,594,519,529,496,345,0,425,1013,1171,965,1039,1111,935,37,yewon,lean_forward,1
477,1786864800.670297,0,0,0,0,270,325,83,0,0,0,191,489,557,651,591,679,612,541,595,518,529,491,342,0,425,1043,1165,965,1039,1113,941,31,yewon,lean_forward,1
478,1786864800.690359,0,0,0,0,265,313,75,0,0,0,191,489,557,651,595,675,615,543,593,519,529,493,341,0,422,1021,1163,965,1041,1112,935,29,yewon,lean_forward,1
479,1786864800.710362,0,0,0,0,250,303,63,0,0,0,191,489,556,650,597,677,617,541,595,518,529,491,343,0,415,1021,1167,967,1039,1113,939,25,yewon,lean_forward,1
480,1786864800.730301,0,0,0,0,243,299,55,0,0,0,189,489,557,651,589,679,615,542,595,519,529,491,343,0,415,1017,1166,968,1041,1117,939,25,yewon,lean_forward,1
481,1786864800.750282,0,0,0,0,235,295,41,0,0,0,187,490,557,647,591,679,617,543,595,519,529,492,343,0,415,1019,1165,971,1039,1113,941,26,yewon,lean_forward,1
482,1786864800.770311,0,0,0,0,219,288,23,0,0,0,188,489,557,649,598,678,618,543,595,519,529,493,344,0,419,1031,1163,971,1043,1114,935,0,yewon,lean_forward,1
483,1786864800.790336,0,0,0,0,213,282,0,0,0,0,187,489,557,651,599,679,620,543,595,517,529,493,343,0,415,1019,1167,969,1043,1119,938,0,yewon,lean_forward,1
484,1786864800.810260,0,0,0,0,201,275,0,0,0,0,189,489,557,649,598,683,617,565,599,519,529,489,342,0,421,1022,1169,973,1043,1117,941,0,yewon,lean_forward,1
485,1786864800.830308,0,0,0,0,179,265,0,0,0,0,189,491,557,648,597,681,619,543,595,519,529,491,341,0,429,1005,1170,979,1043,1117,941,0,yewon,lean_forward,1
486,1786864800.850272,0,0,0,0,147,251,0,0,0,0,189,489,557,650,591,681,619,540,589,511,529,487,340,0,422,1019,1173,980,1043,1116,939,0,yewon,lean_forward,1
487,1786864800.870276,0,0,0,0,117,239,0,0,0,0,188,489,559,650,595,681,615,541,595,519,527,488,335,0,423,1021,1162,982,1044,1116,941,0,yewon,lean_forward,1
488,1786864800.890332,0,0,0,0,104,221,0,0,0,0,189,489,557,651,597,679,616,540,593,507,525,487,330,0,425,1033,1166,983,1045,1117,950,0,yewon,lean_forward,1
489,1786864800.910247,0,0,0,0,95,205,0,0,0,0,187,489,559,651,595,679,616,538,590,506,521,483,327,0,422,1021,1166,984,1046,1112,938,0,yewon,lean_forward,1
490,1786864800.930279,0,0,0,0,85,189,0,0,0,0,188,489,557,650,593,675,616,537,587,504,521,484,315,0,427,1031,1167,987,1045,1117,939,0,yewon,lean_forward,1
491,1786864800.950272,0,0,0,0,75,182,0,0,0,0,200,489,564,649,595,683,615,536,584,503,520,479,309,0,426,1031,1167,988,1047,1121,936,0,yewon,lean_forward,1
492,1786864800.970274,0,0,0,0,63,175,0,0,0,0,197,489,559,653,600,678,619,537,584,501,520,478,304,0,448,1041,1163,991,1047,1115,939,0,yewon,lean_forward,1
493,1786864800.990275,0,0,0,0,68,175,0,0,0,0,205,491,559,652,597,679,612,536,584,502,521,479,299,0,429,1017,1165,995,1045,1115,939,0,yewon,lean_forward,1
494,1786864801.010254,0,0,0,0,75,172,0,0,0,0,209,489,559,651,595,677,617,539,583,501,520,483,297,0,434,1019,1143,999,1047,1117,937,0,yewon,lean_forward,1
495,1786864801.030311,0,0,0,0,85,183,0,0,0,0,211,491,557,652,597,680,617,540,583,500,521,487,297,0,436,1035,1166,1000,1048,1115,937,0,yewon,lean_forward,1
496,1786864801.050250,0,0,0,0,87,179,0,0,0,0,213,490,559,652,595,680,616,531,581,501,520,479,296,0,441,1041,1181,1002,1045,1117,933,0,yewon,lean_forward,1
497,1786864801.069253,0,0,0,0,92,172,0,0,0,0,217,491,565,651,599,682,617,537,581,501,519,477,295,0,435,1035,1171,1003,1047,1116,939,0,yewon,lean_forward,1
498,1786864801.090158,0,0,0,0,95,171,0,0,0,0,213,492,565,653,587,693,618,538,582,501,519,479,294,0,455,1034,1171,1007,1048,1115,935,0,yewon,lean_forward,1
499,1786864801.110298,0,0,0,0,99,165,0,0,0,0,216,492,563,651,599,681,622,535,584,501,519,477,293,0,445,1007,1170,1007,1047,1115,937,0,yewon,lean_forward,1
500,1786864801.130297,0,0,0,0,98,159,0,0,0,0,217,491,563,653,599,683,615,537,573,501,519,477,291,0,445,1035,1175,1011,1047,1116,940,0,yewon,lean_forward,1
501,1786864801.150299,0,0,0,0,100,151,0,0,0,0,217,493,563,654,595,683,617,537,581,500,519,479,291,0,445,1036,1172,1012,1049,1115,942,0,yewon,lean_forward,1
502,1786864801.170300,0,0,0,0,99,142,0,0,0,0,219,493,563,651,599,683,617,537,581,499,520,475,288,0,453,1036,1175,1015,1047,1125,937,0,yewon,lean_forward,1
503,1786864801.190353,0,0,0,0,101,141,0,0,0,0,220,491,559,655,601,681,615,536,575,500,519,483,288,0,455,1047,1173,1017,1045,1114,936,0,yewon,lean_forward,1
504,1786864801.210354,0,0,0,0,99,135,0,0,0,0,220,493,565,651,599,682,618,536,575,499,518,477,287,0,463,1039,1173,1017,1045,1114,953,0,yewon,lean_forward,1
505,1786864801.230307,0,0,0,0,101,125,0,0,0,0,223,493,565,659,597,686,619,537,575,499,519,479,287,0,488,1039,1172,1019,1047,1116,950,0,yewon,lean_forward,1
506,1786864801.249902,0,0,0,0,103,123,0,0,0,0,221,501,565,653,601,690,615,537,575,496,519,477,287,0,445,1019,1176,1019,1048,1117,943,0,yewon,lean_forward,1
507,1786864801.270320,0,0,0,0,99,121,0,0,0,0,223,499,563,657,605,671,618,535,574,498,519,483,287,0,461,1039,1175,1019,1047,1117,942,0,yewon,lean_forward,1
508,1786864801.290314,0,0,0,0,103,121,0,0,0,0,223,499,565,659,587,697,617,535,573,498,517,477,287,0,457,1039,1175,1019,1045,1115,939,0,yewon,lean_forward,1
509,1786864801.310290,0,0,0,0,105,120,0,0,0,0,221,501,563,633,597,671,618,535,573,495,519,477,285,0,453,1039,1179,1019,1045,1113,935,0,yewon,lean_forward,1
510,1786864801.330305,0,0,0,0,103,121,0,0,0,0,220,501,565,651,599,687,618,535,572,499,510,477,285,0,447,1039,1175,1020,1047,1119,933,0,yewon,lean_forward,1
511,1786864801.350242,0,0,0,0,107,121,0,0,0,0,224,501,563,649,594,687,621,535,573,495,509,481,284,0,453,1039,1177,1018,1045,1117,934,0,yewon,lean_forward,1
512,1786864801.370291,0,0,0,0,110,123,0,0,0,0,227,501,565,653,594,685,617,536,573,495,509,478,283,0,459,1039,1179,1017,1045,1115,933,0,yewon,lean_forward,1
513,1786864801.390283,0,0,0,0,111,135,0,0,0,0,229,501,565,658,597,691,621,536,573,495,509,477,285,0,460,1041,1175,1019,1046,1116,937,0,yewon,lean_forward,1
514,1786864801.410284,0,0,0,0,112,137,0,0,0,0,231,503,565,657,601,691,619,536,573,497,508,477,283,0,459,1036,1177,1019,1045,1115,937,0,yewon,lean_forward,1
515,1786864801.430287,0,0,0,0,117,139,0,0,0,0,231,502,565,655,598,691,614,537,583,495,509,477,282,0,461,1039,1177,1019,1047,1115,935,0,yewon,lean_forward,1
516,1786864801.450218,0,0,0,0,115,135,0,0,0,0,232,502,566,662,599,693,611,535,573,499,511,476,281,0,455,1041,1179,1020,1045,1119,939,0,yewon,lean_forward,1
517,1786864801.470284,0,0,0,0,115,127,0,0,0,0,228,502,565,665,590,671,618,537,572,495,508,482,281,0,465,1041,1179,1019,1047,1115,917,0,yewon,lean_forward,1
518,1786864801.490294,0,0,0,0,111,125,0,0,0,0,231,503,567,679,601,685,620,536,572,495,509,477,280,0,463,1043,1179,1019,1045,1112,936,0,yewon,lean_forward,1
519,1786864801.510269,0,0,0,0,110,125,0,0,0,0,231,503,565,659,602,685,629,537,573,493,509,477,281,0,461,1042,1176,1019,1047,1117,939,0,yewon,lean_forward,1
520,1786864801.530330,0,0,0,0,111,125,0,0,0,0,233,502,567,653,595,682,617,536,573,495,510,473,280,0,460,1041,1179,1021,1048,1117,967,0,yewon,lean_forward,1
521,1786864801.550223,0,0,0,0,109,125,0,0,0,0,231,503,567,635,601,685,617,537,573,495,517,479,279,0,471,1043,1179,1019,1047,1117,938,0,yewon,lean_forward,1
522,1786864801.570281,0,0,0,0,111,126,0,0,0,0,231,502,565,658,603,695,617,537,573,494,509,477,279,0,462,1041,1176,1031,1047,1121,941,0,yewon,lean_forward,1
523,1786864801.590333,0,0,0,0,111,127,0,0,0,0,230,503,566,659,601,696,618,537,573,495,509,474,279,0,467,1041,1176,1019,1049,1116,938,0,yewon,lean_forward,1
524,1786864801.610260,0,0,0,0,111,127,0,0,0,0,231,503,566,658,599,685,619,537,573,495,519,479,279,0,467,1041,1181,1020,1048,1116,941,0,yewon,lean_forward,1
525,1786864801.630276,0,0,0,0,115,127,0,0,0,0,233,502,567,658,601,699,613,537,573,498,507,475,280,0,462,1042,1179,1019,1050,1113,934,0,yewon,lean_forward,1
526,1786864801.650214,0,0,0,0,114,126,0,0,0,0,230,503,565,653,601,691,636,537,572,495,510,477,279,0,459,1043,1181,1019,1045,1118,939,0,yewon,lean_forward,1
527,1786864801.670311,0,0,0,0,111,127,0,0,0,0,227,503,567,647,595,684,617,537,573,495,517,477,280,0,472,1043,1175,1018,1045,1117,923,0,yewon,lean_forward,1
528,1786864801.690348,0,0,0,0,111,133,0,0,0,0,233,503,566,661,587,691,621,536,573,494,517,476,280,0,471,1042,1181,1019,1048,1117,937,0,yewon,lean_forward,1
529,1786864801.710265,0,0,0,0,109,127,0,0,0,0,229,503,565,654,600,690,619,537,573,496,517,477,282,0,471,1042,1180,1021,1045,1117,937,0,yewon,lean_forward,1
530,1786864801.730339,0,0,0,0,109,136,0,0,0,0,231,503,563,655,600,685,618,537,575,495,509,481,281,0,471,1042,1181,1019,1043,1119,937,0,yewon,lean_forward,1
531,1786864801.750271,0,0,0,0,109,139,0,0,0,0,232,502,565,658,600,691,617,537,574,496,519,477,284,0,461,1041,1179,1019,1044,1112,938,0,yewon,lean_forward,1
532,1786864801.770313,0,0,0,0,109,140,0,0,0,0,231,503,567,659,602,693,619,538,574,496,509,476,279,0,466,1041,1176,1019,1043,1117,939,0,yewon,lean_forward,1
533,1786864801.790359,0,0,0,0,108,143,0,0,0,0,231,503,566,659,601,685,619,539,575,498,517,477,285,0,467,1041,1181,1020,1043,1123,939,0,yewon,lean_forward,1
534,1786864801.810279,0,0,0,0,108,147,0,0,0,0,229,503,565,658,601,695,612,539,574,495,518,488,283,0,463,1041,1175,1021,1044,1123,933,0,yewon,lean_forward,1
535,1786864801.830284,0,0,0,0,107,146,0,0,0,0,231,503,566,639,589,695,619,537,575,499,519,483,283,0,463,1043,1181,1019,1043,1123,935,0,yewon,lean_forward,1
536,1786864801.850239,0,0,0,0,109,143,0,0,0,0,231,502,563,653,601,691,618,540,573,495,511,479,286,0,459,1041,1177,1017,1039,1117,938,0,yewon,lean_forward,1
537,1786864801.870238,0,0,0,0,105,145,0,0,0,0,227,501,565,659,594,703,621,539,572,499,519,469,283,0,467,1042,1179,1020,1043,1119,935,0,yewon,lean_forward,1
538,1786864801.890273,0,0,0,0,104,147,0,0,0,0,229,499,564,653,593,683,617,538,575,497,519,479,284,0,472,1041,1175,1019,1043,1118,943,0,yewon,lean_forward,1
539,1786864801.910253,0,0,0,0,102,149,0,0,0,0,227,499,560,659,603,691,618,537,575,495,509,477,285,0,471,1039,1177,1019,1035,1121,939,0,yewon,lean_forward,1
540,1786864801.930273,0,0,0,0,104,150,0,0,0,0,231,501,563,655,601,693,613,539,579,499,518,484,285,0,458,1041,1175,1019,1043,1116,935,0,yewon,lean_forward,1
541,1786864801.950200,0,0,0,0,101,151,0,0,0,0,232,499,565,655,605,695,621,539,575,498,519,477,285,0,461,1042,1175,1018,1041,1118,931,0,yewon,lean_forward,1
542,1786864801.970265,0,0,0,0,103,151,0,0,0,0,232,499,564,661,599,693,603,539,579,495,511,479,283,0,469,1043,1179,1017,1043,1123,925,0,yewon,lean_forward,1
543,1786864801.990315,0,0,0,0,103,151,0,0,0,0,229,499,566,657,599,687,618,539,580,499,519,477,285,0,465,1043,1175,1018,1041,1105,940,0,yewon,lean_forward,1
544,1786864802.010256,0,0,0,0,103,151,0,0,0,0,233,499,564,655,600,686,619,539,579,500,519,478,283,0,457,1042,1174,1016,1041,1123,935,0,yewon,lean_forward,1
545,1786864802.030276,0,0,0,0,104,150,0,0,0,0,230,499,563,653,601,685,621,539,575,499,519,475,286,0,459,1043,1173,1015,1043,1119,936,0,yewon,lean_forward,1
546,1786864802.050237,0,0,0,0,103,148,0,0,0,0,231,499,565,653,599,686,618,539,581,496,521,478,287,0,463,1042,1174,1013,1035,1117,941,0,yewon,lean_forward,1
547,1786864802.070268,0,0,0,0,103,151,0,0,0,0,231,495,567,655,599,685,617,537,575,499,519,478,286,0,456,1042,1175,1011,1041,1122,943,0,yewon,lean_forward,1
548,1786864802.090109,0,0,0,0,101,151,0,0,0,0,233,499,565,656,599,683,617,537,579,499,517,479,287,0,469,1043,1163,1007,1039,1121,923,0,yewon,lean_forward,1
549,1786864802.110289,0,0,0,0,103,151,0,0,0,0,232,499,565,659,599,683,617,539,574,499,517,479,285,0,465,1043,1187,1011,1037,1115,947,0,yewon,lean_forward,1
550,1786864802.130363,0,0,0,0,103,153,0,0,0,0,229,499,565,653,599,671,618,539,580,499,519,466,287,0,457,1042,1180,1011,1039,1119,939,0,yewon,lean_forward,1
551,1786864802.150076,0,0,0,0,103,156,0,0,0,0,231,498,563,655,599,684,618,541,581,501,509,477,308,0,463,1039,1176,1011,1035,1117,939,0,yewon,lean_forward,1
552,1786864802.170342,0,0,0,0,102,159,0,0,0,0,240,499,557,655,599,701,618,536,580,500,519,479,287,0,461,1042,1173,1010,1013,1117,936,0,yewon,lean_forward,1
553,1786864802.190342,0,0,0,0,102,167,0,0,0,0,231,499,565,655,601,685,618,541,579,499,519,479,281,0,461,1041,1175,1001,1039,1129,939,0,yewon,lean_forward,1
554,1786864802.210256,0,0,0,0,103,166,0,0,0,0,231,499,565,653,600,683,627,537,575,500,518,479,287,0,467,1042,1173,1011,1039,1119,935,0,yewon,lean_forward,1
555,1786864802.230299,0,0,0,0,101,166,0,0,0,0,227,499,566,659,600,685,617,537,580,499,509,478,286,0,456,1043,1191,1011,1039,1119,939,0,yewon,lean_forward,1
556,1786864802.250282,0,0,0,0,99,169,0,0,0,0,230,499,567,648,599,687,619,539,579,499,520,477,291,0,471,1043,1162,1011,1031,1123,953,0,yewon,lean_forward,1
557,1786864802.270338,0,0,0,0,95,168,0,0,0,0,228,495,566,651,599,686,618,539,580,499,520,479,287,0,457,1043,1177,1011,1035,1122,941,0,yewon,lean_forward,1
558,1786864802.290318,0,0,0,0,93,167,0,0,0,0,231,498,563,657,599,693,623,537,581,499,519,469,287,0,462,1043,1172,1011,1035,1119,937,0,yewon,lean_forward,1
559,1786864802.310295,0,0,0,0,93,167,0,0,0,0,229,495,565,657,599,685,618,539,575,501,520,479,288,0,463,1042,1176,1008,1039,1123,948,0,yewon,lean_forward,1
560,1786864802.330307,0,0,0,0,93,159,0,0,0,0,229,498,565,659,597,686,619,539,581,499,519,478,287,0,463,1042,1169,1006,1047,1123,939,0,yewon,lean_forward,1
561,1786864802.350212,0,0,0,0,91,157,0,0,0,0,232,499,565,653,601,686,618,538,575,499,521,479,291,0,463,1043,1172,1007,1035,1115,941,0,yewon,lean_forward,1
562,1786864802.370294,0,0,0,0,91,153,0,0,0,0,231,499,567,661,599,686,619,540,575,499,517,479,285,0,460,1042,1171,1007,1031,1118,927,0,yewon,lean_forward,1
563,1786864802.390048,0,0,0,0,91,152,0,0,0,0,232,499,566,659,600,687,617,539,581,495,518,479,287,0,458,1043,1167,1007,1036,1129,940,0,yewon,lean_forward,1
564,1786864802.410261,0,0,0,0,91,143,0,0,0,0,229,500,567,659,600,687,618,539,579,499,517,483,285,0,460,1041,1175,1005,1035,1123,940,0,yewon,lean_forward,1
565,1786864802.430319,0,0,0,0,89,136,0,0,0,0,231,498,564,659,602,693,619,536,575,494,517,479,287,0,461,1041,1179,1013,1031,1117,941,0,yewon,lean_forward,1
566,1786864802.450223,0,0,0,0,93,135,0,0,0,0,232,501,565,659,601,693,619,537,574,495,517,473,284,0,461,1043,1175,1007,1036,1119,933,0,yewon,lean_forward,1
567,1786864802.470276,0,0,0,0,90,133,0,0,0,0,233,503,565,657,601,691,621,539,574,495,509,473,283,0,462,1043,1173,1008,1032,1115,939,0,yewon,lean_forward,1
568,1786864802.490265,0,0,0,0,91,127,0,0,0,0,232,505,567,653,601,690,617,537,575,495,518,479,283,0,458,1043,1175,1011,1039,1117,939,0,yewon,lean_forward,1
569,1786864802.510240,0,0,0,0,93,127,0,0,0,0,233,504,566,653,600,691,618,537,575,493,517,478,283,0,457,1042,1176,1011,1041,1127,940,0,yewon,lean_forward,1
570,1786864802.530284,0,0,0,0,93,126,0,0,0,0,232,504,567,653,601,687,618,535,573,495,518,476,283,0,459,1043,1180,1012,1039,1123,936,0,yewon,lean_forward,1
571,1786864802.550213,0,0,0,0,93,125,0,0,0,0,233,505,568,653,601,691,619,536,573,495,511,477,279,0,456,1044,1176,1013,1036,1124,943,0,yewon,lean_forward,1
572,1786864802.570292,0,0,0,0,94,123,0,0,0,0,232,505,567,653,601,693,619,537,573,494,511,473,279,0,460,1043,1193,1011,1035,1119,940,0,yewon,lean_forward,1
573,1786864802.590294,0,0,0,0,94,121,0,0,0,0,233,503,567,655,600,687,635,537,573,495,509,476,281,0,453,1043,1196,1013,1036,1119,934,0,yewon,lean_forward,1
574,1786864802.610239,0,0,0,0,91,119,0,0,0,0,233,503,563,655,600,686,619,537,573,493,509,477,279,0,465,1043,1179,1013,1039,1119,943,0,yewon,lean_forward,1
575,1786864802.630287,0,0,0,0,105,115,0,0,0,0,236,503,567,651,600,686,619,537,573,493,518,477,281,0,462,1043,1175,1015,1035,1124,947,0,yewon,lean_forward,1
576,1786864802.650530,0,0,0,0,88,115,0,0,0,0,233,505,567,661,600,685,619,536,573,493,517,478,279,0,463,1041,1174,1015,1041,1118,967,0,yewon,lean_forward,1
577,1786864802.670418,0,0,0,0,83,110,0,0,0,0,230,504,569,662,601,683,617,536,572,495,508,461,275,0,462,1043,1178,1013,1041,1122,940,0,yewon,lean_forward,1
578,1786864802.690317,0,0,0,0,75,109,0,0,0,0,231,504,565,659,600,685,617,537,573,492,509,475,279,0,453,1041,1177,1013,1039,1117,942,0,yewon,lean_forward,1
579,1786864802.710310,0,0,0,0,75,119,0,0,0,0,233,504,567,655,601,686,617,533,573,492,507,476,279,0,468,1045,1176,1017,1039,1122,940,0,yewon,lean_forward,1
580,1786864802.729580,0,0,0,0,84,111,0,0,0,0,235,504,565,655,600,687,617,537,573,493,517,477,280,0,457,1043,1169,1014,1039,1115,920,0,yewon,lean_forward,1
581,1786864802.750261,0,0,0,0,69,115,0,0,0,0,236,505,565,659,600,687,618,537,579,492,509,477,277,0,467,1044,1177,1014,1039,1119,947,0,yewon,lean_forward,1
582,1786864802.770336,0,0,0,0,69,117,0,0,0,0,236,505,571,659,601,690,617,537,575,493,509,477,279,0,473,1043,1176,1016,1035,1107,935,0,yewon,lean_forward,1
583,1786864802.790320,0,0,0,0,61,121,0,0,0,0,235,504,565,653,600,686,618,537,579,493,510,477,279,0,456,1043,1193,1014,1039,1123,940,0,yewon,lean_forward,1
584,1786864802.810234,0,0,0,0,58,121,0,0,0,0,235,504,567,653,601,687,617,539,575,495,517,476,280,0,468,1043,1177,1014,1039,1117,943,0,yewon,lean_forward,1
585,1786864802.830304,0,0,0,0,56,121,0,0,0,0,233,501,567,653,600,687,617,536,579,493,517,477,281,0,475,1044,1175,1015,1043,1116,948,0,yewon,lean_forward,1
586,1786864802.850227,0,0,0,0,44,123,0,0,0,0,233,499,566,655,599,686,617,539,580,494,517,477,281,0,473,1043,1180,1014,1041,1115,942,0,yewon,lean_forward,1
587,1786864802.870295,0,0,0,0,43,125,0,0,0,0,232,499,564,655,601,689,617,539,574,495,517,477,281,0,462,1044,1179,1013,1041,1116,941,0,yewon,lean_forward,1
588,1786864802.890288,0,0,0,0,44,127,0,0,0,0,231,499,565,652,599,685,617,535,575,495,517,477,283,0,453,1042,1175,1013,1045,1124,935,0,yewon,lean_forward,1
589,1786864802.910253,0,0,0,0,41,128,0,0,0,0,227,499,559,653,600,685,619,539,580,498,520,476,281,0,459,1043,1187,1014,1041,1119,940,0,yewon,lean_forward,1
590,1786864802.930256,0,0,0,0,40,139,0,0,0,0,228,499,564,655,600,686,619,539,581,495,521,477,283,0,462,1043,1175,1015,1041,1125,951,0,yewon,lean_forward,1
591,1786864802.950225,0,0,0,0,26,139,0,0,0,0,227,491,565,653,598,691,617,537,581,495,519,489,283,0,461,1039,1174,1013,1035,1115,941,0,yewon,lean_forward,1
592,1786864802.970283,0,0,0,0,34,143,0,0,0,0,251,498,557,653,600,687,618,539,583,497,511,475,287,0,461,1042,1181,1015,1041,1117,940,0,yewon,lean_forward,1
593,1786864802.990271,0,0,0,0,31,148,0,0,0,0,229,496,563,661,599,684,617,537,581,499,519,477,287,0,460,1043,1179,1016,1041,1131,935,0,yewon,lean_forward,1
594,1786864803.010261,0,0,0,0,33,149,0,0,0,0,227,499,567,653,603,687,619,543,583,490,518,478,282,0,458,1043,1183,1015,1042,1119,937,0,yewon,lean_forward,1
595,1786864803.030286,0,0,0,0,38,154,0,0,0,0,229,499,564,655,601,686,619,541,583,499,519,479,285,0,459,1039,1177,1017,1039,1119,940,0,yewon,lean_forward,1
596,1786864803.050205,0,0,0,0,37,156,0,0,0,0,224,495,567,653,599,687,617,541,581,498,517,479,285,0,461,1043,1174,1016,1039,1123,939,0,yewon,lean_forward,1
597,1786864803.070239,0,0,0,0,47,159,0,0,0,0,229,499,559,655,599,687,618,540,581,493,520,477,286,0,461,1043,1173,1016,1042,1125,941,0,yewon,lean_forward,1
598,1786864803.090303,0,0,0,0,54,166,0,0,0,0,227,495,563,646,600,687,619,541,581,495,519,479,287,0,461,1043,1181,1015,1042,1123,939,0,yewon,lean_forward,1
599,1786864803.110250,0,0,0,0,58,169,0,0,0,0,232,499,563,647,600,685,618,539,582,495,518,481,283,0,459,1043,1173,1016,1039,1126,923,0,yewon,lean_forward,1
600,1786864803.130265,0,0,0,0,55,170,0,0,0,0,229,499,565,659,599,684,619,539,583,495,523,479,286,0,461,1043,1171,1018,1041,1123,943,0,yewon,lean_forward,1
601,1786864803.150264,0,0,0,0,47,168,0,0,0,0,219,493,563,660,600,701,619,539,581,493,523,488,291,0,459,1045,1167,1018,1041,1122,943,0,yewon,lean_forward,1
602,1786864803.170270,0,0,0,0,37,166,0,0,0,0,228,499,558,655,599,687,619,537,581,499,521,486,291,0,460,1043,1206,1019,1041,1118,943,0,yewon,lean_forward,1
603,1786864803.190311,0,0,0,0,0,165,0,0,0,0,223,495,564,657,599,684,617,539,583,499,522,477,287,0,462,1042,1179,1019,1041,1125,941,0,yewon,lean_forward,1
604,1786864803.210290,0,0,0,0,0,161,0,0,0,0,228,495,565,649,599,685,619,537,583,499,508,476,292,0,459,1044,1173,1017,1039,1117,944,0,yewon,lean_forward,1
605,1786864803.230305,0,0,0,0,0,155,0,0,0,0,227,495,564,655,599,683,619,535,581,504,520,482,287,0,459,1039,1176,1015,1039,1123,943,0,yewon,lean_forward,1
606,1786864803.250269,0,0,0,0,0,151,0,0,0,0,227,495,563,653,599,687,617,539,581,495,518,485,291,0,457,1042,1177,1018,1039,1125,947,0,yewon,lean_forward,1
607,1786864803.270353,0,0,0,0,0,147,0,0,0,0,225,495,567,653,597,683,619,536,579,499,520,478,269,0,459,1043,1176,1019,1039,1132,941,0,yewon,lean_forward,1
608,1786864803.290306,0,0,0,0,0,139,0,0,0,0,221,498,557,653,599,684,617,537,575,496,519,479,292,0,456,1043,1175,1019,1041,1117,947,0,yewon,lean_forward,1
609,1786864803.310251,0,0,0,0,0,135,0,0,0,0,217,497,555,655,599,685,618,539,581,488,520,483,293,0,459,1045,1173,1015,1035,1125,943,0,yewon,lean_forward,1
610,1786864803.330254,0,0,0,0,0,136,0,0,0,0,227,495,563,654,597,683,617,540,581,496,519,477,288,0,458,1045,1167,1020,1041,1122,943,0,yewon,lean_forward,1
611,1786864803.350283,0,0,0,0,0,135,0,0,0,0,218,495,569,651,601,682,617,539,576,495,522,479,291,0,457,1046,1171,1019,1041,1123,942,0,yewon,lean_forward,1
612,1786864803.370260,0,0,0,0,0,134,0,0,0,0,222,495,563,654,599,684,617,537,579,499,520,477,313,0,459,1044,1177,1013,1041,1118,942,0,yewon,lean_forward,1
613,1786864803.390253,0,0,0,0,0,135,0,0,0,0,227,495,563,655,599,683,619,536,581,499,518,479,294,0,460,1043,1173,1016,1042,1113,943,0,yewon,lean_forward,1
614,1786864803.410250,0,0,0,0,0,135,0,0,0,0,217,495,564,664,599,683,619,541,580,499,521,482,291,0,459,1045,1173,1019,1041,1123,940,0,yewon,lean_forward,1
615,1786864803.430285,0,0,0,0,0,137,0,0,0,0,221,496,563,654,599,683,617,536,579,499,519,477,293,0,457,1042,1174,1019,1041,1122,943,0,yewon,lean_forward,1
616,1786864803.450202,0,0,0,0,0,137,0,0,0,0,221,495,570,655,599,683,616,539,581,495,520,478,291,0,457,1042,1176,1015,1043,1126,943,0,yewon,lean_forward,1
617,1786864803.470244,0,0,0,0,0,139,0,0,0,0,221,495,563,653,599,683,619,537,581,495,519,477,281,0,457,1044,1176,1017,1043,1113,941,0,yewon,lean_forward,1
618,1786864803.490270,0,0,0,0,0,151,0,0,0,0,228,495,562,658,599,684,617,539,583,501,519,479,293,0,459,1045,1169,1017,1069,1119,943,0,yewon,lean_forward,1
619,1786864803.510216,0,0,0,0,0,151,0,0,0,0,216,495,571,653,599,682,617,538,581,499,521,483,291,0,457,1043,1167,1014,1043,1116,943,0,yewon,lean_forward,1
620,1786864803.530244,0,0,0,0,0,153,0,0,0,0,213,495,564,655,599,682,617,539,583,499,520,479,293,0,461,1043,1173,1015,1043,1125,943,0,yewon,lean_forward,1
621,1786864803.550274,0,0,0,0,0,155,0,0,0,0,219,495,559,654,598,681,617,536,581,502,517,484,292,0,456,1045,1176,1012,1048,1127,943,0,yewon,lean_forward,1
622,1786864803.570243,0,0,0,0,0,166,0,0,0,0,231,495,565,655,598,683,617,539,583,499,519,483,287,0,459,1043,1173,1015,1042,1115,947,0,yewon,lean_forward,1
623,1786864803.590231,0,0,0,0,0,169,0,0,0,0,226,495,571,654,599,683,617,539,582,499,521,479,293,0,456,1043,1173,1017,1039,1123,943,0,yewon,lean_forward,1
624,1786864803.610235,0,0,0,0,0,175,0,0,0,0,226,495,563,653,599,683,617,537,583,494,524,482,294,0,456,1043,1175,1015,1039,1125,945,0,yewon,lean_forward,1
625,1786864803.630275,0,0,0,0,0,172,0,0,0,0,221,495,567,653,599,683,617,535,583,499,520,477,294,0,455,1043,1165,1013,1041,1125,943,0,yewon,lean_forward,1
626,1786864803.650210,0,0,0,0,0,179,0,0,0,0,219,495,559,653,599,683,617,540,583,495,523,484,271,0,455,1043,1183,1011,1041,1101,943,0,yewon,lean_forward,1
627,1786864803.670269,0,0,0,0,0,179,0,0,0,0,217,495,564,655,599,683,617,541,583,501,521,485,285,0,455,1044,1197,1007,1041,1115,943,0,yewon,lean_forward,1
628,1786864803.690289,0,0,0,0,0,179,0,0,0,0,218,495,559,653,599,683,618,541,582,501,523,477,295,0,455,1043,1167,1012,1037,1122,943,0,yewon,lean_forward,1
629,1786864803.710209,0,0,0,0,0,181,0,0,0,0,219,496,563,655,599,683,619,539,583,499,521,483,309,0,447,1044,1175,1011,1041,1140,943,0,yewon,lean_forward,1
630,1786864803.730277,0,0,0,0,0,181,0,0,0,0,219,495,567,654,599,683,620,552,583,499,521,485,295,0,455,1045,1151,1014,1041,1123,943,0,yewon,lean_forward,1
631,1786864803.750218,0,0,0,0,0,181,0,0,0,0,219,495,565,648,597,683,616,549,583,502,520,487,283,0,447,1043,1171,1018,1041,1117,943,0,yewon,lean_forward,1
632,1786864803.769603,0,0,0,0,0,181,0,0,0,0,219,495,563,651,599,683,617,539,583,499,520,483,294,0,457,1043,1171,1011,1041,1123,943,0,yewon,lean_forward,1
633,1786864803.790343,0,0,0,0,0,165,0,0,0,0,216,495,557,654,599,684,620,539,583,501,519,486,295,0,455,1043,1181,1012,1043,1115,943,0,yewon,lean_forward,1
634,1786864803.810231,0,0,0,0,0,163,0,0,0,0,220,495,564,653,598,683,618,540,583,499,522,479,291,0,454,1043,1151,1011,1042,1111,943,0,yewon,lean_forward,1
635,1786864803.830257,0,0,0,0,0,159,0,0,0,0,219,499,566,655,599,683,617,539,581,503,521,483,293,0,445,1044,1170,1007,1035,1122,943,0,yewon,lean_forward,1
636,1786864803.850236,0,0,0,0,0,157,0,0,0,0,218,495,559,659,600,681,617,536,583,501,517,478,297,0,453,1035,1171,1016,1042,1122,943,0,yewon,lean_forward,1
637,1786864803.870240,0,0,0,0,0,157,0,0,0,0,223,498,565,653,598,683,618,537,583,501,521,483,288,0,453,1039,1175,1007,1042,1125,945,0,yewon,lean_forward,1
638,1786864803.890265,0,0,0,0,0,157,0,0,0,0,222,495,563,653,598,683,619,538,583,499,521,487,293,0,453,1041,1175,1005,1043,1123,943,0,yewon,lean_forward,1
639,1786864803.910219,0,0,0,0,0,150,0,0,0,0,219,494,563,654,599,682,617,541,583,499,522,481,296,0,446,1035,1146,1011,1044,1115,953,0,yewon,lean_forward,1
640,1786864803.930262,0,0,0,0,0,146,0,0,0,0,220,495,565,651,599,683,618,541,583,501,522,479,287,0,445,1035,1173,1011,1045,1127,943,0,yewon,lean_forward,1
641,1786864803.950212,0,0,0,0,0,137,0,0,0,0,215,495,565,653,600,683,617,551,582,501,521,479,297,0,445,1039,1171,1013,1045,1123,943,0,yewon,lean_forward,1
642,1786864803.970217,0,0,0,0,0,141,0,0,0,0,215,495,562,654,599,682,618,540,583,499,519,479,294,0,445,1035,1159,1011,1019,1119,943,0,yewon,lean_forward,1
643,1786864803.990247,0,0,0,0,0,139,0,0,0,0,215,494,559,655,599,681,617,526,582,499,522,483,300,0,439,1034,1171,1015,1044,1119,943,0,yewon,lean_forward,1
644,1786864804.010246,0,0,0,0,0,127,0,0,0,0,211,495,567,653,599,681,619,541,582,498,518,483,291,0,443,1039,1176,1013,1045,1124,943,0,yewon,lean_forward,1
645,1786864804.030224,0,0,0,0,0,136,0,0,0,0,212,496,559,649,597,683,619,541,583,502,523,484,295,0,453,1036,1173,1012,1045,1118,943,0,yewon,lean_forward,1
646,1786864804.049304,0,0,0,0,0,136,0,0,0,0,215,493,565,653,599,681,617,543,583,503,531,488,294,0,445,1035,1171,1013,1043,1118,941,0,yewon,lean_forward,1
647,1786864804.070163,0,0,0,0,0,136,0,0,0,0,216,495,560,651,600,683,617,541,582,501,521,482,297,0,431,1020,1167,1012,1046,1125,947,0,yewon,lean_forward,1
648,1786864804.090292,0,0,0,0,0,137,0,0,0,0,213,495,558,653,597,681,619,547,583,503,523,485,301,0,445,1033,1171,1014,1045,1125,946,0,yewon,lean_forward,1
649,1786864804.110213,0,0,0,0,0,137,0,0,0,0,213,495,565,654,597,681,617,543,583,499,503,483,297,0,444,1039,1171,1011,1048,1124,948,0,yewon,lean_forward,1
650,1786864804.130281,0,0,0,0,0,137,0,0,0,0,211,495,565,653,599,682,617,541,583,503,521,484,299,0,445,1035,1173,1013,1051,1126,949,0,yewon,lean_forward,1
651,1786864804.150276,0,0,0,0,0,135,0,0,0,0,215,494,559,653,595,681,618,541,583,501,522,483,297,0,443,1032,1171,1017,1045,1123,947,0,yewon,lean_forward,1
652,1786864804.170251,0,0,0,0,0,134,0,0,0,0,213,494,563,653,597,683,617,541,583,501,521,483,313,0,445,1041,1171,1013,1049,1113,948,0,yewon,lean_forward,1
653,1786864804.190317,0,0,0,0,0,125,0,0,0,0,205,494,559,653,597,683,619,543,584,503,521,481,297,0,444,1039,1173,1015,1050,1124,947,0,yewon,lean_forward,1
654,1786864804.210279,0,0,0,0,0,123,0,0,0,0,215,495,563,653,598,682,617,542,583,503,509,474,299,0,443,1039,1173,1017,1051,1125,947,0,yewon,lean_forward,1
655,1786864804.230266,0,0,0,0,0,121,0,0,0,0,211,494,563,651,596,681,615,543,585,501,522,487,299,0,443,1039,1171,1012,1054,1119,948,0,yewon,lean_forward,1
656,1786864804.250218,0,0,0,0,0,117,0,0,0,0,207,493,557,651,596,681,615,541,585,503,521,483,286,0,444,1039,1173,1017,1054,1109,949,0,yewon,lean_forward,1
657,1786864804.270288,0,0,0,0,0,117,0,0,0,0,211,494,557,652,599,683,615,543,585,501,499,485,299,0,446,1035,1172,1016,1053,1123,947,0,yewon,lean_forward,1
658,1786864804.290288,0,0,0,0,0,111,0,0,0,0,203,493,555,652,597,680,617,540,585,504,521,483,297,0,445,1039,1173,1017,1054,1111,948,0,yewon,lean_forward,1
659,1786864804.310260,0,0,0,0,0,106,0,0,0,0,204,493,564,651,597,680,615,539,585,504,523,483,301,0,445,1039,1171,1017,1055,1129,947,0,yewon,lean_forward,1
660,1786864804.330270,0,0,0,0,0,103,0,0,0,0,202,495,562,651,596,681,615,539,585,501,523,483,283,0,444,1041,1148,1017,1055,1125,949,0,yewon,lean_forward,1
661,1786864804.350216,0,0,0,0,0,91,0,0,0,0,211,495,564,653,597,681,613,539,585,503,520,483,295,0,453,1041,1173,1017,1055,1117,947,0,yewon,lean_forward,1
662,1786864804.370255,0,0,0,0,0,91,0,0,0,0,205,495,563,651,597,680,615,541,584,503,521,483,295,0,452,1035,1171,1015,1055,1127,948,0,yewon,lean_forward,1
663,1786864804.390290,0,0,0,0,0,91,0,0,0,0,211,495,575,653,595,678,614,535,585,500,527,495,297,0,454,1043,1173,1015,1055,1125,947,0,yewon,lean_forward,1
664,1786864804.410240,0,0,0,0,0,91,0,0,0,0,211,495,550,653,599,679,615,537,585,503,520,489,296,0,455,1039,1172,1015,1059,1129,947,0,yewon,lean_forward,1
665,1786864804.430236,0,0,0,0,0,94,0,0,0,0,213,495,563,655,598,679,615,539,585,503,508,475,292,0,455,1041,1172,1014,1059,1127,943,0,yewon,lean_forward,1
666,1786864804.450231,0,0,0,0,0,95,0,0,0,0,203,495,551,651,597,679,617,541,585,500,508,468,287,0,457,1041,1173,1018,1059,1125,947,0,yewon,lean_forward,1
667,1786864804.470230,0,0,0,0,0,93,0,0,0,0,205,495,563,653,597,679,614,537,585,500,521,483,299,0,457,1039,1172,1012,1059,1133,943,0,yewon,lean_forward,1
668,1786864804.490243,0,0,0,0,0,91,0,0,0,0,213,495,551,653,597,677,615,540,585,503,520,487,296,0,457,1042,1173,1013,1059,1125,947,0,yewon,lean_forward,1
669,1786864804.510251,0,0,0,0,0,92,0,0,0,0,218,495,555,651,598,679,615,540,584,501,521,482,295,0,457,1043,1172,1013,1059,1125,947,0,yewon,lean_forward,1
670,1786864804.530271,0,0,0,0,0,87,0,0,0,0,215,495,562,657,597,679,615,544,586,501,519,477,295,0,471,1045,1173,1014,1059,1127,948,0,yewon,lean_forward,1
671,1786864804.550199,0,0,0,0,0,95,0,0,0,0,211,493,563,654,597,680,614,540,586,499,520,479,284,0,457,1043,1172,1013,1055,1115,947,0,yewon,lean_forward,1
672,1786864804.570246,0,0,0,0,0,105,0,0,0,0,211,495,567,652,597,680,615,537,586,521,519,483,295,0,457,1041,1173,1017,1059,1125,947,0,yewon,lean_forward,1
673,1786864804.590262,0,0,0,0,0,109,0,0,0,0,210,493,559,651,597,680,615,541,586,505,521,485,296,0,455,1036,1171,1013,1059,1126,947,0,yewon,lean_forward,1
674,1786864804.610276,0,0,0,0,0,105,0,0,0,0,191,493,559,650,596,681,615,543,585,503,523,489,297,0,456,1041,1172,1016,1059,1117,949,0,yewon,lean_forward,1
675,1786864804.630251,0,0,0,0,0,107,0,0,0,0,201,495,559,651,598,681,616,544,587,503,525,483,295,0,457,1043,1173,1012,1055,1125,947,0,yewon,lean_forward,1
676,1786864804.650193,0,0,0,0,0,107,0,0,0,0,205,496,553,650,597,679,615,543,585,495,519,483,295,0,456,1044,1171,1015,1055,1123,947,0,yewon,lean_forward,1
677,1786864804.670271,0,0,0,0,0,103,0,0,0,0,205,495,557,652,595,680,617,541,587,501,503,483,299,0,455,1042,1171,1013,1060,1123,949,0,yewon,lean_forward,1
678,1786864804.690285,0,0,0,0,0,95,0,0,0,0,205,493,565,650,597,679,616,541,587,503,520,483,293,0,455,1042,1171,1008,1055,1129,947,0,yewon,lean_forward,1
679,1786864804.710220,0,0,0,0,0,93,0,0,0,0,217,495,563,659,595,681,615,543,586,519,521,483,299,0,453,1039,1171,1011,1055,1125,947,0,yewon,lean_forward,1
680,1786864804.730268,0,0,0,0,0,95,0,0,0,0,205,493,559,651,595,681,614,538,585,495,524,483,297,0,455,1045,1173,1007,1055,1126,949,0,yewon,lean_forward,1
681,1786864804.750201,0,0,0,0,0,93,0,0,0,0,201,495,555,651,597,680,616,541,585,503,524,481,295,0,455,1041,1171,1015,1055,1125,948,0,yewon,lean_forward,1
682,1786864804.770235,0,0,0,0,0,92,0,0,0,0,207,495,562,651,597,681,615,543,585,494,517,483,294,0,455,1045,1171,1011,1059,1125,947,0,yewon,lean_forward,1
683,1786864804.789688,0,0,0,0,0,91,0,0,0,0,201,495,561,652,593,680,617,547,585,504,518,467,293,0,455,1045,1171,1011,1059,1119,948,0,yewon,lean_forward,1
684,1786864804.810291,0,0,0,0,0,93,0,0,0,0,202,495,558,653,597,678,615,544,585,499,523,483,295,0,455,1041,1171,1013,1055,1125,949,0,yewon,lean_forward,1
685,1786864804.830283,0,0,0,0,0,101,0,0,0,0,231,495,557,648,599,681,617,539,586,507,521,483,298,0,456,1041,1172,1011,1054,1126,948,0,yewon,lean_forward,1
686,1786864804.850225,0,0,0,0,0,107,0,0,0,0,207,495,558,653,599,681,615,540,585,502,509,477,299,0,456,1041,1171,1015,1055,1124,949,0,yewon,lean_forward,1
687,1786864804.870241,0,0,0,0,0,107,0,0,0,0,205,495,551,653,597,681,617,543,586,501,521,484,297,0,455,1045,1171,1015,1053,1127,948,0,yewon,lean_forward,1
688,1786864804.890259,0,0,0,0,0,111,0,0,0,0,206,495,560,658,596,681,617,541,587,503,517,485,295,0,455,1041,1171,1013,1053,1129,949,0,yewon,lean_forward,1
689,1786864804.910222,0,0,0,0,0,117,0,0,0,0,206,493,559,651,596,680,615,542,580,503,523,487,294,0,447,1039,1169,1014,1053,1125,943,0,yewon,lean_forward,1
690,1786864804.930275,0,0,0,0,0,120,0,0,0,0,203,495,559,651,599,693,617,541,585,505,523,483,299,0,447,1042,1175,1015,1054,1127,948,0,yewon,lean_forward,1
691,1786864804.950200,0,0,0,0,0,117,0,0,0,0,201,495,559,651,597,682,619,541,587,501,519,484,311,0,447,1043,1172,1020,1055,1125,949,0,yewon,lean_forward,1
692,1786864804.970283,0,0,0,0,0,121,0,0,0,0,184,492,559,651,596,680,615,541,583,499,521,477,306,0,445,1039,1171,1017,1051,1123,948,0,yewon,lean_forward,1
693,1786864804.990271,0,0,0,0,0,122,0,0,0,0,191,493,559,649,595,686,617,543,586,505,522,485,301,0,443,1039,1177,1015,1053,1126,950,0,yewon,lean_forward,1
694,1786864805.010215,0,0,0,0,0,122,0,0,0,0,187,493,559,649,596,683,617,540,587,506,521,483,309,0,440,1042,1171,1013,1054,1125,949,0,yewon,lean_forward,1
695,1786864805.030313,0,0,0,0,0,125,0,0,0,0,183,492,565,651,598,682,610,543,586,507,520,483,303,0,439,1039,1171,1015,1052,1123,948,0,yewon,lean_forward,1
696,1786864805.050204,0,0,0,0,0,123,0,0,0,0,181,493,563,648,595,681,616,543,587,505,523,485,305,0,432,1035,1165,1016,1053,1127,948,0,yewon,lean_forward,1
697,1786864805.070223,0,0,0,0,0,121,0,0,0,0,181,495,559,651,593,680,616,540,586,504,521,485,307,0,437,1043,1169,1018,1053,1125,949,0,yewon,lean_forward,1
698,1786864805.089976,0,0,0,0,0,123,0,0,0,0,180,494,562,651,595,681,617,540,587,500,521,485,303,0,435,1043,1169,1012,1052,1125,949,0,yewon,lean_forward,1
699,1786864805.110270,0,0,0,0,0,123,0,0,0,0,181,495,563,651,597,680,617,547,587,507,523,485,303,0,431,1035,1171,1031,1074,1123,948,0,yewon,lean_forward,1
700,1786864805.130269,0,0,0,0,0,120,0,0,0,0,181,494,559,651,597,679,615,537,587,505,521,485,299,0,429,1035,1171,1017,1053,1125,951,0,yewon,lean_forward,1
701,1786864805.150248,0,0,0,0,0,123,0,0,0,0,179,494,563,653,599,677,616,543,587,505,523,484,305,0,429,1039,1169,1017,1054,1127,948,0,yewon,lean_forward,1
702,1786864805.170277,0,0,0,0,0,123,0,0,0,0,182,495,559,652,595,682,620,543,586,505,503,484,307,0,429,1041,1169,1015,1053,1125,949,0,yewon,lean_forward,1
703,1786864805.190277,0,0,0,0,0,125,0,0,0,0,181,495,559,651,597,681,617,543,588,499,524,484,309,0,427,1034,1169,1017,1053,1125,949,0,yewon,lean_forward,1
704,1786864805.210233,0,0,0,0,0,121,0,0,0,0,183,494,559,651,599,681,617,543,587,503,519,485,302,0,427,1034,1169,1021,1053,1125,949,0,yewon,lean_forward,1
705,1786864805.230277,0,0,0,0,0,124,0,0,0,0,185,495,561,651,599,681,617,543,588,505,521,485,311,0,427,1039,1167,1020,1051,1127,947,0,yewon,lean_forward,1
706,1786864805.250236,0,0,0,0,0,123,0,0,0,0,184,493,559,651,597,681,617,543,587,505,521,485,307,0,428,1043,1171,1045,1052,1128,949,0,yewon,lean_forward,1
707,1786864805.270286,0,0,0,0,0,133,0,0,0,0,185,495,560,651,599,681,617,541,587,506,521,486,315,0,425,1039,1167,1017,1053,1126,949,0,yewon,lean_forward,1
708,1786864805.290315,0,0,0,0,0,124,0,0,0,0,184,495,559,651,597,683,620,547,587,507,525,483,311,0,427,1039,1170,1034,1053,1127,950,0,yewon,lean_forward,1
709,1786864805.310287,0,0,0,0,0,125,0,0,0,0,187,495,563,652,599,683,616,553,587,508,521,485,309,0,427,1039,1171,1019,1053,1125,943,0,yewon,lean_forward,1
710,1786864805.330253,0,0,0,0,0,133,0,0,0,0,187,495,563,653,595,683,618,548,587,509,521,485,309,0,425,1041,1172,1021,1051,1125,949,0,yewon,lean_forward,1
711,1786864805.350216,0,0,0,0,0,123,0,0,0,0,188,494,559,651,595,681,616,540,588,506,523,485,315,0,425,1034,1171,1029,1047,1124,947,0,yewon,lean_forward,1
712,1786864805.370257,0,0,0,0,0,132,0,0,0,0,187,494,560,652,597,680,617,541,587,507,523,486,308,0,425,1033,1170,1011,1051,1125,943,0,yewon,lean_forward,1
713,1786864805.390261,0,0,0,0,0,133,0,0,0,0,191,495,573,651,596,681,616,543,588,505,525,484,307,0,425,1039,1171,1019,1053,1121,947,0,yewon,lean_forward,1
714,1786864805.410237,0,0,0,0,0,124,0,0,0,0,188,495,563,653,597,681,619,530,588,509,529,487,314,0,420,1039,1171,1019,1051,1125,947,0,yewon,lean_forward,1
715,1786864805.430303,0,0,0,0,0,133,0,0,0,0,187,495,560,653,598,681,613,541,587,509,521,485,309,0,427,1039,1172,1021,1049,1124,947,0,yewon,lean_forward,1
716,1786864805.450208,0,0,0,0,0,135,0,0,0,0,188,495,559,653,595,681,619,540,587,505,523,487,310,0,426,1043,1173,1021,1051,1125,947,0,yewon,lean_forward,1
717,1786864805.470235,0,0,0,0,0,133,0,0,0,0,187,496,563,651,598,683,618,543,587,507,527,485,308,0,425,1039,1171,1023,1051,1127,947,0,yewon,lean_forward,1
718,1786864805.490261,0,0,0,0,0,125,0,0,0,0,187,494,559,653,597,681,607,537,587,505,522,485,308,0,419,1041,1171,1022,1051,1125,946,0,yewon,lean_forward,1
719,1786864805.510212,0,0,0,0,0,133,0,0,0,0,187,495,559,651,598,683,617,547,587,507,505,485,310,0,420,1043,1172,1021,1052,1125,951,0,yewon,lean_forward,1
720,1786864805.530258,0,0,0,0,0,123,0,0,0,0,186,495,558,652,601,680,618,524,588,506,524,486,310,0,424,1039,1169,1021,1053,1115,947,0,yewon,lean_forward,1
721,1786864805.550206,0,0,0,0,0,133,0,0,0,0,184,495,556,651,598,681,615,552,587,509,521,485,310,0,421,1035,1171,1023,1052,1124,951,0,yewon,lean_forward,1
722,1786864805.570229,0,0,0,0,0,125,0,0,0,0,185,493,565,652,595,681,617,544,587,505,521,486,310,0,421,1039,1171,1031,1052,1125,947,0,yewon,lean_forward,1
723,1786864805.590310,0,0,0,0,0,121,0,0,0,0,183,494,559,652,599,679,617,547,589,507,519,486,309,0,415,1041,1171,1020,1051,1125,949,0,yewon,lean_forward,1
724,1786864805.610286,0,0,0,0,0,119,0,0,0,0,183,494,563,651,599,680,617,538,588,507,523,486,313,0,419,1039,1172,1021,1051,1127,949,0,yewon,lean_forward,1
725,1786864805.630263,0,0,0,0,0,121,0,0,0,0,181,495,563,651,599,678,617,543,589,486,527,487,309,0,419,1035,1171,1020,1051,1127,947,0,yewon,lean_forward,1
726,1786864805.650208,0,0,0,0,0,124,0,0,0,0,179,495,565,651,597,675,615,547,587,509,523,487,311,0,413,1017,1171,1021,1051,1126,948,0,yewon,lean_forward,1
727,1786864805.670291,0,0,0,0,0,117,0,0,0,0,179,493,563,650,599,677,612,541,589,507,525,487,309,0,409,1030,1169,1023,1049,1123,942,0,yewon,lean_forward,1
728,1786864805.690279,0,0,0,0,0,126,0,0,0,0,178,493,559,651,597,672,616,543,587,507,524,486,311,0,407,1035,1171,1033,1053,1133,947,0,yewon,lean_forward,1
729,1786864805.710218,0,0,0,0,0,125,0,0,0,0,175,493,559,651,593,675,615,543,587,505,523,487,311,0,404,1033,1169,1016,1053,1123,948,0,yewon,lean_forward,1
730,1786864805.730235,0,0,0,0,0,126,0,0,0,0,175,493,563,649,591,675,615,543,589,507,524,485,311,0,399,1035,1172,1023,1051,1127,946,0,yewon,lean_forward,1
731,1786864805.750201,0,0,0,0,0,126,0,0,0,0,169,492,559,649,595,671,615,546,588,508,504,486,311,0,396,1007,1171,1023,1051,1125,949,0,yewon,lean_forward,1
732,1786864805.770240,0,0,0,0,0,137,0,0,0,0,167,491,557,649,594,674,615,539,588,504,531,485,302,0,384,1034,1170,1023,1051,1126,949,0,yewon,lean_forward,1
733,1786864805.790243,0,0,0,0,0,139,0,0,0,0,163,490,557,649,598,671,615,547,588,501,523,486,315,0,379,1039,1171,1019,1053,1127,951,23,yewon,lean_forward,1
734,1786864805.810207,0,0,0,0,0,141,0,0,0,0,159,491,556,648,597,669,616,547,588,505,523,486,317,0,367,1032,1171,1034,1052,1127,949,0,yewon,lean_forward,1
735,1786864805.830267,0,0,0,0,0,142,0,0,0,0,156,491,557,649,595,670,615,547,588,507,523,487,317,0,341,1031,1171,1030,1053,1144,951,0,yewon,lean_forward,1
736,1786864805.850219,0,0,0,0,0,141,0,0,0,0,155,491,556,651,596,669,615,545,588,506,525,487,317,0,341,1039,1171,1031,1054,1126,952,0,yewon,lean_forward,1
737,1786864805.870245,0,0,0,0,0,141,0,0,0,0,151,490,556,649,595,670,615,549,588,507,524,487,319,0,348,1013,1171,1023,1053,1125,951,0,yewon,lean_forward,1
738,1786864805.890277,0,0,0,0,0,145,0,0,0,0,151,491,556,649,591,671,634,548,589,507,529,487,319,0,341,1035,1171,1032,1052,1127,951,0,yewon,lean_forward,1
739,1786864805.910200,0,0,0,0,0,140,0,0,0,0,153,491,557,651,595,668,616,543,588,507,524,489,318,0,355,1039,1166,1029,1053,1125,943,0,yewon,lean_forward,1
740,1786864805.930231,0,0,0,0,0,139,0,0,0,0,153,491,556,648,597,667,612,547,587,507,525,487,317,0,355,1039,1171,1022,1053,1127,950,0,yewon,lean_forward,1
741,1786864805.950196,0,0,0,0,0,127,0,0,0,0,153,493,557,649,597,668,615,543,589,506,526,485,317,0,363,1032,1173,1022,1052,1127,943,0,yewon,lean_forward,1
742,1786864805.970231,0,0,0,0,0,127,0,0,0,0,157,493,557,651,599,683,614,544,588,508,525,487,316,0,367,1035,1171,1030,1054,1127,949,0,yewon,lean_forward,1
743,1786864805.990213,0,0,0,0,0,127,0,0,0,0,159,492,557,650,596,669,613,547,587,504,523,488,315,0,371,1033,1171,1019,1053,1126,947,0,yewon,lean_forward,1
744,1786864806.010205,0,0,0,0,0,135,0,0,0,0,165,492,559,651,595,669,615,542,587,509,525,486,314,0,381,1045,1175,1019,1055,1127,950,0,yewon,lean_forward,1
745,1786864806.030257,0,0,0,0,0,121,0,0,0,0,169,493,559,647,593,669,613,539,588,505,525,484,312,0,395,1039,1171,1034,1053,1125,941,0,yewon,lean_forward,1
746,1786864806.050221,0,0,0,0,0,117,0,0,0,0,170,495,558,651,602,661,615,543,587,505,523,483,309,0,399,1041,1173,1023,1055,1126,949,0,yewon,lean_forward,1
747,1786864806.070253,0,0,0,0,0,107,0,0,0,0,160,492,556,651,595,668,615,543,587,505,519,483,307,0,404,1019,1171,1030,1050,1122,943,0,yewon,lean_forward,1
748,1786864806.090279,0,0,0,0,0,101,0,0,0,0,171,494,563,636,595,671,615,542,587,504,522,485,308,0,407,1043,1177,1031,1055,1126,953,0,yewon,lean_forward,1
749,1786864806.110207,0,0,0,0,0,87,0,0,0,0,171,494,563,650,595,671,614,541,585,507,525,487,307,0,405,1049,1167,1022,1054,1125,941,0,yewon,lean_forward,1
750,1786864806.130252,0,0,0,0,0,91,0,0,0,0,175,493,557,649,597,669,615,541,585,503,524,485,301,0,407,1042,1173,1019,1055,1124,947,0,yewon,lean_forward,1
751,1786864806.150235,0,0,0,0,0,91,0,0,0,0,173,495,559,651,595,675,615,543,585,501,529,485,303,0,407,1075,1175,1031,1053,1125,947,0,yewon,lean_forward,1
752,1786864806.170258,0,0,0,0,0,89,0,0,0,0,173,493,559,649,590,671,613,541,587,504,522,485,302,0,408,1035,1172,1022,1055,1125,951,0,yewon,lean_forward,1
753,1786864806.190289,0,0,0,0,0,86,0,0,0,0,173,493,557,649,593,669,613,540,587,504,523,485,303,0,405,1043,1174,1031,1056,1125,951,0,yewon,lean_forward,1
754,1786864806.210254,0,0,0,0,0,85,0,0,0,0,174,493,559,649,593,671,613,541,587,503,520,485,303,0,409,1051,1176,1031,1056,1126,946,0,yewon,lean_forward,1
755,1786864806.230254,0,0,0,0,0,87,0,0,0,0,173,494,573,650,589,669,612,543,587,491,523,486,303,0,411,1041,1176,1031,1055,1126,948,0,yewon,lean_forward,1
756,1786864806.250181,0,0,0,0,0,85,0,0,0,0,173,495,559,651,591,671,613,541,587,505,529,485,303,0,413,1045,1173,1020,1056,1127,947,0,yewon,lean_forward,1
757,1786864806.270290,0,0,0,0,0,87,0,0,0,0,173,495,559,651,597,676,613,541,587,505,523,485,303,0,413,1042,1172,1031,1055,1126,947,0,yewon,lean_forward,1
758,1786864806.290256,0,0,0,0,0,87,0,0,0,0,173,493,559,649,596,685,613,542,587,505,524,485,303,0,413,1043,1175,1033,1055,1123,948,0,yewon,lean_forward,1
759,1786864806.310222,0,0,0,0,0,88,0,0,0,0,175,495,559,648,595,675,615,549,585,505,519,485,303,0,421,1048,1174,1021,1059,1127,943,0,yewon,lean_forward,1
760,1786864806.330250,0,0,0,0,0,87,0,0,0,0,175,493,559,651,595,667,613,543,587,505,524,486,303,0,422,1045,1173,1032,1061,1127,942,0,yewon,lean_forward,1
761,1786864806.350218,0,0,0,0,0,88,0,0,0,0,179,494,559,651,595,674,607,542,586,491,523,485,303,0,425,1045,1174,1022,1061,1125,943,0,yewon,lean_forward,1
762,1786864806.370253,0,0,0,0,0,87,0,0,0,0,179,494,559,651,591,675,613,547,585,504,523,485,302,0,425,1046,1175,1039,1056,1127,941,0,yewon,lean_forward,1
763,1786864806.390242,0,0,0,0,0,88,0,0,0,0,181,493,563,651,607,675,612,541,586,504,525,486,303,0,426,1036,1177,1035,1059,1126,943,0,yewon,lean_forward,1
764,1786864806.410217,0,0,0,0,0,89,0,0,0,0,183,493,559,652,594,671,613,541,585,504,505,486,302,0,429,1041,1173,1023,1056,1127,951,0,yewon,lean_forward,1
765,1786864806.430242,0,0,0,0,0,89,0,0,0,0,182,495,559,653,599,664,613,541,587,505,525,484,301,0,430,1046,1175,1031,1061,1127,949,0,yewon,lean_forward,1
766,1786864806.450180,0,0,0,0,0,89,0,0,0,0,183,493,563,651,606,672,611,548,586,520,523,485,301,0,431,1049,1176,1030,1055,1125,947,0,yewon,lean_forward,1
767,1786864806.470259,0,0,0,0,0,86,0,0,0,0,180,494,556,651,605,679,607,541,585,503,521,485,307,0,431,1046,1175,1031,1053,1126,946,0,yewon,lean_forward,1
768,1786864806.490289,0,0,0,0,0,87,0,0,0,0,181,495,559,651,594,672,612,541,585,506,523,483,303,0,435,1049,1176,1031,1055,1128,946,0,yewon,lean_forward,1
769,1786864806.510249,0,0,0,0,0,85,0,0,0,0,181,493,559,649,589,669,611,541,585,504,523,485,301,0,435,1043,1175,1048,1060,1128,941,0,yewon,lean_forward,1
770,1786864806.530212,0,0,0,0,0,85,0,0,0,0,181,495,567,649,593,668,610,541,587,503,525,484,301,0,435,1054,1175,1021,1059,1127,949,0,yewon,lean_forward,1
771,1786864806.550207,0,0,0,0,0,85,0,0,0,0,179,493,559,648,587,669,611,541,587,505,523,485,301,0,437,1046,1175,1021,1062,1127,951,0,yewon,lean_forward,1
772,1786864806.570206,0,0,0,0,0,84,0,0,0,0,175,495,559,651,593,671,610,541,586,504,523,485,303,0,431,1045,1175,1029,1056,1127,948,0,yewon,lean_forward,1
773,1786864806.590243,0,0,0,0,0,83,0,0,0,0,179,494,559,650,589,667,611,531,587,503,523,485,301,0,437,1046,1173,1033,1059,1127,941,0,yewon,lean_forward,1
774,1786864806.610217,0,0,0,0,0,85,0,0,0,0,179,494,559,649,589,675,611,539,587,505,524,485,303,0,435,1041,1173,1031,1059,1127,947,0,yewon,lean_forward,1
775,1786864806.630253,0,0,0,0,0,85,0,0,0,0,176,495,557,649,595,670,611,541,589,505,523,485,303,0,431,1049,1179,1023,1061,1124,948,0,yewon,lean_forward,1
776,1786864806.650171,0,0,0,0,0,89,0,0,0,0,178,495,559,649,601,675,611,539,589,504,523,475,303,0,435,1049,1177,1021,1059,1127,949,0,yewon,lean_forward,1
777,1786864806.670205,0,0,0,0,0,89,0,0,0,0,179,493,563,650,587,671,610,543,587,507,524,487,305,0,431,1043,1175,1021,1059,1127,943,0,yewon,lean_forward,1
778,1786864806.690254,0,0,0,0,0,89,0,0,0,0,173,494,558,648,591,671,611,541,587,503,524,487,303,0,431,1045,1175,1043,1059,1125,947,0,yewon,lean_forward,1
779,1786864806.710245,0,0,0,0,0,89,0,0,0,0,175,494,557,647,597,671,613,541,587,505,525,487,304,0,427,1041,1172,1021,1061,1130,951,0,yewon,lean_forward,1
780,1786864806.730220,0,0,0,0,0,91,0,0,0,0,175,493,558,648,594,671,611,541,588,503,524,488,307,0,430,1045,1174,1019,1059,1127,949,0,yewon,lean_forward,1
781,1786864806.750197,0,0,0,0,0,89,0,0,0,0,173,493,559,649,591,671,626,541,587,505,524,485,308,0,429,1043,1173,1021,1062,1125,943,0,yewon,lean_forward,1
782,1786864806.770232,0,0,0,0,0,91,0,0,0,0,173,493,558,649,597,677,611,541,589,505,523,487,307,0,425,1043,1175,1015,1060,1128,937,0,yewon,lean_forward,1
783,1786864806.790255,0,0,0,0,0,91,0,0,0,0,172,493,559,649,595,671,611,543,589,505,525,486,307,0,423,1049,1176,1017,1059,1128,947,0,yewon,lean_forward,1
784,1786864806.810185,0,0,0,0,0,93,0,0,0,0,173,493,563,649,591,667,605,543,587,499,525,487,307,0,427,1047,1174,999,1061,1127,943,0,yewon,lean_forward,1
785,1786864806.830259,0,0,0,0,0,99,0,0,0,0,173,494,559,649,588,677,613,543,588,505,525,501,307,0,425,1046,1175,1003,1061,1127,948,0,yewon,lean_forward,1
786,1786864806.850200,0,0,0,0,0,101,0,0,0,0,171,493,559,649,598,675,612,543,589,505,525,487,308,0,427,1045,1171,1000,1060,1128,943,0,yewon,lean_forward,1
787,1786864806.870247,0,0,0,0,0,93,0,0,0,0,171,493,559,649,588,671,613,541,589,491,525,487,308,0,429,1047,1173,1039,1059,1127,949,0,yewon,lean_forward,1
788,1786864806.890250,0,0,0,0,0,93,0,0,0,0,170,493,559,649,596,675,611,542,587,505,524,487,308,0,425,1046,1171,1017,1059,1127,952,0,yewon,lean_forward,1
789,1786864806.910197,0,0,0,0,0,93,0,0,0,0,169,492,557,647,595,669,613,541,587,505,525,489,309,0,424,1041,1176,1017,1055,1125,965,0,yewon,lean_forward,1
790,1786864806.930194,0,0,0,0,0,93,0,0,0,0,169,491,557,648,589,670,613,543,587,507,527,487,309,0,421,1021,1175,1019,1061,1127,943,0,yewon,lean_forward,1
791,1786864806.950203,0,0,0,0,0,91,0,0,0,0,169,491,558,648,595,671,611,542,589,507,525,487,310,0,419,1041,1175,1036,1061,1129,947,0,yewon,lean_forward,1
792,1786864806.970201,0,0,0,0,0,91,0,0,0,0,169,491,557,649,597,668,613,543,588,505,525,486,310,0,419,1047,1175,1019,1060,1130,955,0,yewon,lean_forward,1
793,1786864806.990230,0,0,0,0,0,91,0,0,0,0,168,493,557,649,595,675,613,543,589,506,524,479,309,0,420,1035,1177,1015,1061,1127,943,0,yewon,lean_forward,1
794,1786864807.010180,0,0,0,0,0,91,0,0,0,0,169,491,555,649,602,675,615,557,589,507,525,487,309,0,413,1042,1175,1023,1059,1127,947,0,yewon,lean_forward,1
795,1786864807.030234,0,0,0,0,0,91,0,0,0,0,169,493,557,651,597,667,613,543,589,505,525,487,310,0,413,1035,1174,1017,1059,1125,949,0,yewon,lean_forward,1
796,1786864807.050191,0,0,0,0,0,92,0,0,0,0,168,491,556,649,595,675,613,543,588,507,525,487,309,0,409,1031,1176,1019,1059,1128,946,0,yewon,lean_forward,1
797,1786864807.070256,0,0,0,0,0,93,0,0,0,0,169,492,557,647,594,675,612,543,587,507,525,487,311,0,410,1034,1175,1019,1060,1127,945,0,yewon,lean_forward,1
798,1786864807.090260,0,0,0,0,0,92,0,0,0,0,167,491,557,648,597,670,613,543,587,508,527,487,311,0,408,1039,1177,1019,1059,1127,942,0,yewon,lean_forward,1
799,1786864807.110189,0,0,0,0,0,93,0,0,0,0,167,491,557,649,592,669,613,543,589,507,525,487,311,0,409,1033,1177,1019,1063,1127,937,0,yewon,lean_forward,1
800,1786864807.130254,0,0,0,0,0,93,0,0,0,0,167,487,557,647,588,679,613,543,589,507,525,485,311,0,408,1033,1165,1017,1059,1131,943,0,yewon,lean_forward,1
801,1786864807.150225,0,0,0,0,0,93,0,0,0,0,170,491,557,647,595,676,613,543,588,505,524,486,311,0,409,1039,1179,1020,1069,1126,947,0,yewon,lean_forward,1
802,1786864807.170254,0,0,0,0,0,94,0,0,0,0,169,492,559,646,591,675,614,547,589,507,527,483,313,0,409,1037,1172,1017,1063,1130,943,0,yewon,lean_forward,1
803,1786864807.190267,0,0,0,0,0,93,0,0,0,0,167,487,557,651,595,679,614,543,587,507,527,489,312,0,407,1035,1175,1017,1059,1129,938,0,yewon,lean_forward,1
804,1786864807.210225,0,0,0,0,0,95,0,0,0,0,169,492,557,647,590,675,615,541,587,507,525,487,312,0,405,1033,1175,1039,1062,1127,947,0,yewon,lean_forward,1
805,1786864807.230246,0,0,0,0,0,93,0,0,0,0,169,491,557,649,597,671,613,542,589,507,527,487,313,0,405,1023,1175,1019,1063,1128,943,0,yewon,lean_forward,1
806,1786864807.250199,0,0,0,0,0,93,0,0,0,0,165,486,557,647,587,675,597,543,589,507,525,484,313,0,407,1021,1175,1015,1063,1129,943,0,yewon,lean_forward,1
807,1786864807.270258,0,0,0,0,0,94,0,0,0,0,166,491,557,649,597,675,615,543,589,508,525,487,312,0,404,1032,1176,1018,1059,1129,949,0,yewon,lean_forward,1
808,1786864807.290249,0,0,0,0,0,94,0,0,0,0,163,491,556,645,593,671,615,543,589,507,525,487,315,0,403,1055,1176,1017,1063,1129,953,0,yewon,lean_forward,1
809,1786864807.310198,0,0,0,0,0,95,0,0,0,0,163,490,556,647,595,672,613,543,589,507,529,490,315,0,405,1047,1164,1015,1055,1127,937,0,yewon,lean_forward,1
810,1786864807.330266,0,0,0,0,0,95,0,0,0,0,159,491,555,639,593,671,615,547,589,507,527,488,315,0,405,1020,1175,1014,1061,1129,952,0,yewon,lean_forward,1
811,1786864807.350178,0,0,0,0,0,94,0,0,0,0,156,491,555,648,593,671,613,547,589,509,525,488,315,0,403,1039,1176,1013,1060,1130,947,0,yewon,lean_forward,1
812,1786864807.370221,0,0,0,0,0,94,0,0,0,0,152,491,555,647,589,671,614,543,589,507,527,486,315,0,404,1045,1173,1012,1062,1127,971,0,yewon,lean_forward,1
813,1786864807.390324,0,0,0,0,0,103,0,0,0,0,151,491,557,645,584,671,614,543,589,507,525,486,317,0,399,1039,1176,1012,1062,1127,948,0,yewon,lean_forward,1
814,1786864807.410210,0,0,0,0,0,105,0,0,0,0,151,490,556,647,595,669,612,543,587,509,527,490,317,0,435,1032,1173,1013,1059,1126,949,0,yewon,lean_forward,1
815,1786864807.430239,0,0,0,0,0,109,0,0,0,0,143,491,555,637,590,669,613,543,590,508,527,487,317,0,395,1041,1175,1013,1063,1128,949,0,yewon,lean_forward,1
816,1786864807.450209,0,0,0,0,0,109,0,0,0,0,139,489,556,639,588,671,611,543,588,510,524,487,316,0,395,1042,1173,1011,1059,1127,934,0,yewon,lean_forward,1
817,1786864807.470239,0,0,0,0,0,109,0,0,0,0,141,489,556,645,597,675,613,543,589,508,527,489,318,0,394,1021,1173,1013,1061,1129,955,0,yewon,lean_forward,1
818,1786864807.490222,0,0,0,0,0,109,0,0,0,0,141,491,555,639,573,685,613,543,589,508,525,486,319,0,396,1039,1179,1014,1061,1131,949,0,yewon,lean_forward,1
819,1786864807.510252,0,0,0,0,0,110,0,0,0,0,139,491,555,649,589,671,613,542,589,509,529,486,318,0,393,1035,1175,1015,1055,1127,947,0,yewon,lean_forward,1
820,1786864807.530252,0,0,0,0,0,110,0,0,0,0,147,490,555,647,587,670,615,541,589,505,527,489,325,0,403,1037,1175,1018,1053,1130,951,0,yewon,lean_forward,1
821,1786864807.550186,0,0,0,0,0,111,0,0,0,0,142,490,557,647,600,661,612,543,589,508,527,488,319,0,395,1039,1175,1014,1055,1125,951,0,yewon,lean_forward,1
822,1786864807.570245,0,0,0,0,0,114,0,0,0,0,141,491,553,649,591,671,615,543,589,507,529,489,318,0,403,1039,1179,1015,1055,1130,947,0,yewon,lean_forward,1
823,1786864807.590248,0,0,0,0,0,115,0,0,0,0,142,491,556,644,587,668,609,543,589,508,529,489,319,0,393,1035,1175,1014,1059,1127,955,0,yewon,lean_forward,1
824,1786864807.610212,0,0,0,0,0,115,0,0,0,0,141,489,556,639,597,669,614,543,589,509,527,488,319,0,405,1051,1176,1015,1059,1125,949,0,yewon,lean_forward,1
825,1786864807.630221,0,0,0,0,0,115,0,0,0,0,141,491,557,647,587,664,615,543,588,508,527,487,325,0,375,1039,1176,1015,1061,1129,955,0,yewon,lean_forward,1
826,1786864807.650183,0,0,0,0,0,111,0,0,0,0,141,491,557,647,600,671,613,542,587,507,527,489,323,0,407,1041,1176,1015,1061,1129,951,0,yewon,lean_forward,1
827,1786864807.670218,0,0,0,0,0,108,0,0,0,0,144,491,555,639,592,675,614,543,589,508,527,488,319,0,441,1041,1177,1015,1063,1127,947,0,yewon,lean_forward,1
828,1786864807.690228,0,0,0,0,0,107,0,0,0,0,142,491,555,631,589,664,613,541,589,507,525,488,317,0,411,1041,1179,1014,1061,1123,947,0,yewon,lean_forward,1
829,1786864807.710206,0,0,0,0,0,95,0,0,0,0,147,489,557,665,597,668,613,541,589,507,525,487,315,0,411,1041,1177,1013,1059,1127,943,0,yewon,lean_forward,1
830,1786864807.730225,0,0,0,0,0,93,0,0,0,0,149,490,557,647,590,679,615,543,587,506,527,489,314,0,411,1041,1171,1013,1070,1127,947,0,yewon,lean_forward,1
831,1786864807.750193,0,0,0,0,0,93,0,0,0,0,153,491,557,649,590,671,615,541,586,505,525,487,315,0,411,1039,1173,1012,1063,1124,942,0,yewon,lean_forward,1
832,1786864807.770210,0,0,0,0,0,91,0,0,0,0,159,491,557,653,590,685,615,541,585,505,527,489,313,0,411,1042,1179,1011,1071,1125,950,0,yewon,lean_forward,1
833,1786864807.790259,0,0,0,0,0,91,0,0,0,0,159,491,558,648,589,675,615,541,584,505,523,487,311,0,412,1041,1175,1011,1061,1128,944,0,yewon,lean_forward,1
834,1786864807.810182,0,0,0,0,0,89,0,0,0,0,158,492,556,645,595,685,613,540,585,505,524,487,309,0,419,1041,1175,1011,1062,1124,947,0,yewon,lean_forward,1
835,1786864807.830176,0,0,0,0,0,89,0,0,0,0,164,493,557,637,593,675,614,543,586,505,525,487,311,0,414,1041,1178,1013,1053,1127,941,0,yewon,lean_forward,1
836,1786864807.850200,0,0,0,0,0,89,0,0,0,0,165,491,557,647,591,676,615,543,587,505,526,484,308,0,414,1041,1177,1015,1039,1121,951,0,yewon,lean_forward,1
837,1786864807.870204,0,0,0,0,0,89,0,0,0,0,169,491,557,648,594,676,615,541,585,505,523,485,311,0,415,1041,1179,1014,1053,1124,941,0,yewon,lean_forward,1
838,1786864807.890239,0,0,0,0,0,89,0,0,0,0,168,492,557,649,595,677,615,542,585,504,525,485,307,0,421,1043,1175,1013,1083,1128,943,0,yewon,lean_forward,1
839,1786864807.910248,0,0,0,0,0,89,0,0,0,0,171,493,556,645,595,675,615,543,585,506,525,485,308,0,424,1041,1175,1013,1053,1127,943,0,yewon,lean_forward,1
840,1786864807.930244,0,0,0,0,0,89,0,0,0,0,173,493,558,649,588,677,615,541,586,505,527,487,309,0,425,1041,1175,1013,1059,1127,950,0,yewon,lean_forward,1
841,1786864807.950164,0,0,0,0,0,89,0,0,0,0,179,493,557,647,594,677,613,539,585,505,527,485,308,0,423,1043,1173,1013,1061,1123,949,0,yewon,lean_forward,1
842,1786864807.970241,0,0,0,0,0,90,0,0,0,0,179,493,557,645,595,677,615,541,587,507,525,488,309,0,427,1043,1176,1013,1061,1123,948,0,yewon,lean_forward,1
843,1786864807.990254,0,0,0,0,0,90,0,0,0,0,174,494,557,639,584,675,615,543,589,505,525,487,309,0,419,1043,1179,1013,1055,1127,947,0,yewon,lean_forward,1
844,1786864808.010177,0,0,0,0,0,91,0,0,0,0,175,493,557,646,593,677,615,541,588,506,524,484,313,0,427,1043,1176,1013,1059,1127,949,0,yewon,lean_forward,1
845,1786864808.030248,0,0,0,0,0,91,0,0,0,0,175,494,558,651,593,678,615,543,589,506,529,488,309,0,427,1043,1177,1013,1056,1125,968,0,yewon,lean_forward,1
846,1786864808.050182,0,0,0,0,0,92,0,0,0,0,174,493,557,649,589,679,615,547,589,505,533,483,315,0,425,1039,1176,1013,1056,1125,949,0,yewon,lean_forward,1
847,1786864808.070210,0,0,0,0,0,93,0,0,0,0,175,492,559,648,591,677,615,543,587,507,525,485,313,0,420,1042,1176,1014,1055,1123,948,0,yewon,lean_forward,1
848,1786864808.090234,0,0,0,0,0,93,0,0,0,0,175,493,558,648,594,676,615,543,589,507,527,487,310,0,427,1041,1175,1015,1059,1123,951,0,yewon,lean_forward,1
849,1786864808.110223,0,0,0,0,0,93,0,0,0,0,175,494,558,647,594,677,616,541,589,506,527,488,313,0,427,1041,1177,1013,1043,1129,951,0,yewon,lean_forward,1
850,1786864808.130243,0,0,0,0,0,93,0,0,0,0,176,492,558,648,589,681,617,541,588,505,525,487,314,0,416,1041,1181,1012,1055,1125,937,0,yewon,lean_forward,1
851,1786864808.150191,0,0,0,0,0,93,0,0,0,0,165,493,579,647,594,681,615,540,589,507,529,489,315,0,421,1035,1176,1013,1055,1127,948,0,yewon,lean_forward,1
852,1786864808.170258,0,0,0,0,0,93,0,0,0,0,179,493,557,663,595,679,615,541,589,507,525,501,312,0,421,1041,1174,1015,1052,1127,947,0,yewon,lean_forward,1
853,1786864808.190311,0,0,0,0,0,95,0,0,0,0,178,494,559,653,595,669,614,542,589,506,525,473,315,0,423,1039,1173,1015,1059,1128,949,0,yewon,lean_forward,1
854,1786864808.210227,0,0,0,0,0,93,0,0,0,0,179,493,559,647,595,679,615,543,589,507,529,488,313,0,424,1041,1175,1013,1059,1127,951,0,yewon,lean_forward,1
855,1786864808.230243,0,0,0,0,0,95,0,0,0,0,181,495,557,651,595,678,615,547,589,507,529,487,316,0,413,1042,1176,1015,1083,1127,947,0,yewon,lean_forward,1
856,1786864808.250193,0,0,0,0,0,95,0,0,0,0,180,494,557,648,595,679,615,543,589,507,525,488,315,0,418,1041,1177,1019,1055,1127,948,0,yewon,lean_forward,1
857,1786864808.270246,0,0,0,0,0,95,0,0,0,0,184,495,559,647,593,677,616,543,589,505,527,489,313,0,423,1042,1179,1015,1052,1126,943,0,yewon,lean_forward,1
858,1786864808.290244,0,0,0,0,0,95,0,0,0,0,183,493,559,649,595,677,615,539,589,505,525,485,317,0,419,1043,1177,1013,1060,1107,937,0,yewon,lean_forward,1
859,1786864808.310197,0,0,0,0,0,93,0,0,0,0,185,494,560,647,595,681,615,543,589,505,525,487,313,0,426,1042,1191,1015,1059,1128,949,0,yewon,lean_forward,1
860,1786864808.330217,0,0,0,0,0,94,0,0,0,0,185,494,557,649,595,681,613,541,586,505,523,487,311,0,427,1043,1181,1015,1059,1126,935,0,yewon,lean_forward,1
861,1786864808.350169,0,0,0,0,0,91,0,0,0,0,189,493,559,647,595,677,615,543,587,506,525,487,313,0,427,1043,1176,1013,1055,1128,943,0,yewon,lean_forward,1
862,1786864808.370188,0,0,0,0,0,92,0,0,0,0,189,495,560,651,596,677,615,541,585,506,527,487,311,0,425,1043,1177,1015,1062,1119,955,0,yewon,lean_forward,1
863,1786864808.389557,0,0,0,0,0,91,0,0,0,0,191,495,559,650,594,677,615,541,585,503,527,487,310,0,428,1043,1173,1016,1059,1125,948,0,yewon,lean_forward,1
864,1786864808.410266,0,0,0,0,0,95,0,0,0,0,188,494,559,651,596,677,615,542,585,505,527,489,311,0,421,1043,1176,1015,1051,1117,949,0,yewon,lean_forward,1
865,1786864808.430253,0,0,0,0,0,91,0,0,0,0,199,495,559,653,597,677,617,543,587,505,527,489,307,0,430,1043,1177,1015,1055,1125,951,0,yewon,lean_forward,1
866,1786864808.450147,0,0,0,0,0,93,0,0,0,0,200,495,563,652,596,677,615,543,585,505,523,486,311,0,425,1043,1205,1013,1059,1117,953,0,yewon,lean_forward,1
867,1786864808.470255,0,0,0,0,0,92,0,0,0,0,200,493,559,650,599,675,613,539,587,505,524,485,311,0,429,1041,1175,1013,1053,1122,943,0,yewon,lean_forward,1
868,1786864808.490236,0,0,0,0,0,94,0,0,0,0,201,495,559,647,595,679,616,542,587,505,525,488,309,0,429,1043,1175,1015,1061,1126,951,0,yewon,lean_forward,1
869,1786864808.510176,0,0,0,0,0,93,0,0,0,0,203,495,557,647,596,679,615,543,589,505,525,487,310,0,436,1041,1175,1015,1065,1125,947,0,yewon,lean_forward,1
870,1786864808.530215,0,0,0,0,0,93,0,0,0,0,201,495,562,653,597,677,616,542,587,506,531,489,311,0,442,1043,1191,1015,1061,1126,934,0,yewon,lean_forward,1
871,1786864808.550164,0,0,0,0,0,93,0,0,0,0,201,495,559,649,595,679,613,542,589,505,525,487,309,0,436,1043,1176,1015,1055,1123,948,0,yewon,lean_forward,1
872,1786864808.570196,0,0,0,0,0,95,0,0,0,0,201,495,558,649,596,679,616,541,589,508,525,488,309,0,426,1043,1175,1015,1055,1125,946,0,yewon,lean_forward,1
873,1786864808.590230,0,0,0,0,0,93,0,0,0,0,205,495,559,653,595,679,615,543,589,505,523,489,311,0,454,1041,1182,1014,1053,1122,947,0,yewon,lean_forward,1
874,1786864808.610211,0,0,0,0,0,93,0,0,0,0,205,495,563,651,597,679,613,547,589,507,527,487,307,0,431,1043,1179,1016,1061,1103,938,0,yewon,lean_forward,1
875,1786864808.630214,0,0,0,0,0,93,0,0,0,0,206,495,557,647,595,679,615,543,589,509,525,491,313,0,430,1043,1177,1017,1053,1129,941,0,yewon,lean_forward,1
876,1786864808.650148,0,0,0,0,0,93,0,0,0,0,203,495,563,647,595,679,615,541,588,507,525,487,309,0,429,1042,1176,1016,1059,1129,954,0,yewon,lean_forward,1
877,1786864808.670221,0,0,0,0,0,91,0,0,0,0,203,495,559,649,595,679,617,543,589,506,525,487,313,0,435,1042,1177,1015,1052,1127,952,0,yewon,lean_forward,1
878,1786864808.690227,0,0,0,0,0,93,0,0,0,0,206,495,563,649,595,679,617,543,589,506,525,486,309,0,431,1041,1196,1015,1051,1124,941,0,yewon,lean_forward,1
879,1786864808.710188,0,0,0,0,0,93,0,0,0,0,207,495,563,649,595,679,617,543,591,507,525,491,311,0,423,1042,1179,1015,1060,1125,949,0,yewon,lean_forward,1
880,1786864808.730203,0,0,0,0,0,93,0,0,0,0,204,495,563,647,595,678,629,540,590,507,529,489,311,0,427,1041,1177,1017,1062,1125,978,0,yewon,lean_forward,1
881,1786864808.750140,0,0,0,0,0,92,0,0,0,0,205,495,559,651,595,680,617,543,589,506,529,485,311,0,443,1043,1174,1016,1056,1126,940,0,yewon,lean_forward,1
882,1786864808.770206,0,0,0,0,0,93,0,0,0,0,206,495,559,647,595,679,617,541,589,505,524,485,311,0,454,1043,1179,1015,1049,1097,941,0,yewon,lean_forward,1
883,1786864808.790217,0,0,0,0,0,93,0,0,0,0,211,498,563,651,596,679,616,543,588,507,527,489,310,0,431,1043,1177,1017,1051,1123,950,0,yewon,lean_forward,1
884,1786864808.810175,0,0,0,0,0,93,0,0,0,0,210,499,562,647,595,679,617,543,589,507,531,487,311,0,427,1042,1177,1019,1059,1127,954,0,yewon,lean_forward,1
885,1786864808.830191,0,0,0,0,0,93,0,0,0,0,211,495,563,648,597,677,615,541,589,507,524,488,311,0,440,1043,1176,1015,1051,1123,943,0,yewon,lean_forward,1
886,1786864808.850128,0,0,0,0,0,94,0,0,0,0,203,498,561,649,597,681,615,543,589,507,525,485,311,0,407,1044,1180,1016,1053,1133,937,0,yewon,lean_forward,1
887,1786864808.870209,0,0,0,0,0,93,0,0,0,0,210,495,559,648,596,676,615,543,589,507,525,485,311,0,428,1042,1179,1015,1059,1124,946,0,yewon,lean_forward,1
888,1786864808.890221,0,0,0,0,0,95,0,0,0,0,207,495,563,645,597,677,616,539,589,505,523,485,313,0,419,1043,1159,1015,1053,1124,943,0,yewon,lean_forward,1
889,1786864808.910153,0,0,0,0,0,93,0,0,0,0,181,495,560,639,596,679,617,547,589,506,525,491,312,0,427,1041,1179,1014,1051,1123,943,0,yewon,lean_forward,1
890,1786864808.930263,0,0,0,0,0,93,0,0,0,0,207,499,564,646,597,679,617,543,589,507,529,487,311,0,430,1043,1179,1013,1054,1123,947,0,yewon,lean_forward,1
891,1786864808.950166,0,0,0,0,0,95,0,0,0,0,211,495,562,651,596,676,617,543,590,508,525,485,311,0,429,1043,1181,1013,1055,1131,946,0,yewon,lean_forward,1
892,1786864808.970199,0,0,0,0,0,94,0,0,0,0,210,495,564,653,596,680,618,548,589,505,525,488,312,0,407,1042,1192,1013,1051,1127,926,0,yewon,lean_forward,1
893,1786864808.990246,0,0,0,0,0,93,0,0,0,0,212,494,564,655,595,679,616,541,590,509,523,487,311,0,441,1041,1181,1015,1053,1123,942,0,yewon,lean_forward,1
894,1786864809.010175,0,0,0,0,0,93,0,0,0,0,211,495,559,652,612,680,619,543,589,510,526,487,313,0,426,1039,1179,1015,1055,1123,942,0,yewon,lean_forward,1
895,1786864809.030213,0,0,0,0,0,93,0,0,0,0,213,499,563,649,597,681,617,543,589,507,521,492,312,0,427,1042,1173,1013,1054,1119,947,0,yewon,lean_forward,1
896,1786864809.050154,0,0,0,0,0,93,0,0,0,0,210,494,563,657,597,682,617,543,590,506,532,485,313,0,423,1043,1180,1015,1051,1125,943,0,yewon,lean_forward,1
897,1786864809.070215,0,0,0,0,0,93,0,0,0,0,211,496,559,649,597,679,616,543,589,507,529,487,313,0,423,1043,1179,1015,1048,1123,940,0,yewon,lean_forward,1
898,1786864809.090237,0,0,0,0,0,92,0,0,0,0,213,498,563,654,597,680,617,542,589,506,523,488,314,0,420,1043,1173,1013,1051,1119,956,0,yewon,lean_forward,1
899,1786864809.110180,0,0,0,0,0,91,0,0,0,0,214,495,563,651,597,675,617,543,589,507,525,488,311,0,423,1043,1179,1015,1053,1125,957,0,yewon,lean_forward,1
900,1786864809.130260,0,0,0,0,0,91,0,0,0,0,213,495,559,650,597,680,617,547,589,507,529,489,314,0,435,1043,1179,1017,1047,1118,947,0,yewon,lean_forward,1
901,1786864809.150176,0,0,0,0,0,94,0,0,0,0,213,495,563,652,597,683,618,543,589,507,525,489,314,0,425,1021,1179,1015,1051,1123,941,0,yewon,lean_forward,1
902,1786864809.170201,0,0,0,0,0,93,0,0,0,0,219,495,558,651,597,681,617,543,589,503,527,487,315,0,426,1043,1171,1015,1053,1119,945,0,yewon,lean_forward,1
903,1786864809.190239,0,0,0,0,0,93,0,0,0,0,213,495,562,669,597,680,618,541,590,508,524,485,315,0,427,1043,1178,1013,1050,1122,943,0,yewon,lean_forward,1
904,1786864809.209283,0,0,0,0,0,91,0,0,0,0,217,499,559,659,597,680,617,543,591,507,524,489,313,0,426,1044,1179,1013,1063,1128,947,0,yewon,lean_forward,1
905,1786864809.229275,0,0,0,0,0,93,0,0,0,0,220,499,569,651,599,681,617,547,589,504,527,489,313,0,427,1043,1177,1013,1052,1123,943,0,yewon,lean_forward,1
906,1786864809.250232,0,0,0,0,0,90,0,0,0,0,219,499,558,649,594,681,613,543,589,505,527,488,311,0,427,1045,1179,1011,1051,1124,939,0,yewon,lean_forward,1
907,1786864809.270270,0,0,0,0,0,89,0,0,0,0,215,495,563,652,595,679,617,543,589,505,525,487,312,0,425,1046,1179,1011,1051,1123,947,0,yewon,lean_forward,1
908,1786864809.290419,0,0,0,0,0,89,0,0,0,0,214,499,565,655,597,680,617,541,585,505,525,487,311,0,431,1045,1180,1013,1062,1117,941,0,yewon,lean_forward,1
909,1786864809.310222,0,0,0,0,0,89,0,0,0,0,213,499,563,648,598,681,617,539,586,505,525,487,309,0,429,1045,1179,1011,1055,1123,939,0,yewon,lean_forward,1
910,1786864809.330263,0,0,0,0,0,88,0,0,0,0,217,499,563,652,597,685,617,543,585,500,523,484,309,0,429,1047,1180,1013,1066,1123,942,0,yewon,lean_forward,1
911,1786864809.350173,0,0,0,0,0,87,0,0,0,0,219,499,581,653,597,681,619,539,585,504,523,487,303,0,435,1047,1175,1013,1049,1123,941,0,yewon,lean_forward,1
912,1786864809.370228,0,0,0,0,0,87,0,0,0,0,223,504,563,647,599,680,617,543,585,503,522,485,303,0,435,1045,1187,1013,1051,1122,939,0,yewon,lean_forward,1
913,1786864809.390208,0,0,0,0,0,87,0,0,0,0,219,503,564,650,598,681,617,539,584,502,525,485,301,0,431,1046,1179,1015,1053,1103,939,0,yewon,lean_forward,1
914,1786864809.409489,0,0,0,0,0,78,0,0,0,0,222,505,563,653,599,682,616,541,583,502,519,485,299,0,436,1047,1176,1016,1051,1117,939,0,yewon,lean_forward,1
915,1786864809.430252,0,0,0,0,0,75,0,0,0,0,223,505,555,649,597,681,619,539,583,503,525,485,295,0,438,1047,1189,1015,1050,1122,939,0,yewon,lean_forward,1
916,1786864809.450172,0,0,0,0,0,74,0,0,0,0,208,503,564,651,599,683,616,539,583,504,521,479,295,0,439,1047,1183,1015,1045,1118,941,0,yewon,lean_forward,1
917,1786864809.470220,0,0,0,0,0,71,0,0,0,0,223,505,565,653,600,680,615,539,585,503,523,484,293,0,441,1044,1180,1003,1049,1119,939,0,yewon,lean_forward,1
918,1786864809.490290,0,0,0,0,0,71,0,0,0,0,223,504,565,651,599,691,617,539,583,501,522,489,288,0,441,1047,1187,1015,1055,1123,939,0,yewon,lean_forward,1
919,1786864809.510191,0,0,0,0,0,63,0,0,0,0,219,505,574,653,596,679,621,540,583,501,522,483,288,0,441,1045,1179,1018,1049,1118,937,0,yewon,lean_forward,1
920,1786864809.530214,0,0,0,0,0,61,0,0,0,0,223,505,571,653,595,681,619,539,584,499,523,485,292,0,441,1053,1177,1015,1049,1119,939,0,yewon,lean_forward,1
921,1786864809.550148,0,0,0,0,0,59,0,0,0,0,246,505,563,660,599,693,616,541,583,503,523,484,291,0,441,1047,1181,1013,1047,1123,939,0,yewon,lean_forward,1
922,1786864809.570196,0,0,0,0,0,59,0,0,0,0,226,505,563,653,599,681,617,538,583,499,522,483,291,0,441,1047,1181,1013,1049,1127,939,0,yewon,lean_forward,1
923,1786864809.590298,0,0,0,0,0,58,0,0,0,0,229,505,565,653,597,683,617,539,583,501,523,483,287,0,453,1047,1181,1012,1049,1122,941,0,yewon,lean_forward,1
924,1786864809.610203,0,0,0,0,0,57,0,0,0,0,227,506,567,654,599,680,617,536,583,503,523,484,292,0,441,1048,1182,1012,1051,1114,939,0,yewon,lean_forward,1
925,1786864809.630188,0,0,0,0,0,55,0,0,0,0,235,506,563,651,599,682,617,537,584,500,523,483,293,0,441,1048,1187,1015,1050,1123,939,0,yewon,lean_forward,1
926,1786864809.650170,0,0,0,0,0,56,0,0,0,0,231,505,565,653,599,691,617,537,584,501,523,487,291,0,444,1048,1181,1015,1043,1124,939,0,yewon,lean_forward,1
927,1786864809.670172,0,0,0,0,0,57,0,0,0,0,232,505,565,654,599,682,618,530,583,496,521,484,297,0,443,1048,1188,1015,1049,1123,939,0,yewon,lean_forward,1
928,1786864809.690194,0,0,0,0,0,56,0,0,0,0,223,507,564,653,598,669,618,535,581,501,521,483,287,0,442,1048,1176,1015,1053,1118,939,0,yewon,lean_forward,1
929,1786864809.710162,0,0,0,0,0,56,0,0,0,0,232,506,567,654,599,681,617,536,582,501,525,483,294,0,443,1047,1181,1015,1051,1105,939,0,yewon,lean_forward,1
930,1786864809.730195,0,0,0,0,0,55,0,0,0,0,220,507,567,653,599,681,617,539,581,503,523,483,284,0,445,1048,1181,1017,1048,1115,939,0,yewon,lean_forward,1
931,1786864809.750153,0,0,0,0,0,55,0,0,0,0,223,507,567,655,599,683,617,534,581,502,524,485,281,0,441,1049,1175,1017,1049,1124,939,0,yewon,lean_forward,1
932,1786864809.770219,0,0,0,0,0,56,0,0,0,0,223,507,566,653,599,683,618,539,581,499,523,483,285,0,445,1048,1181,1013,1046,1135,939,0,yewon,lean_forward,1
933,1786864809.790231,0,0,0,0,0,56,0,0,0,0,233,507,565,652,599,682,617,522,579,498,523,479,285,0,445,1049,1183,1014,1050,1119,937,0,yewon,lean_forward,1
934,1786864809.810137,0,0,0,0,0,53,0,0,0,0,229,506,567,659,599,683,617,538,581,498,539,483,285,0,441,1050,1187,1011,1049,1117,937,0,yewon,lean_forward,1
935,1786864809.830180,0,0,0,0,0,46,0,0,0,0,233,507,565,653,599,682,619,549,581,501,517,484,285,0,445,1049,1193,1015,1049,1117,937,0,yewon,lean_forward,1
936,1786864809.850167,0,0,0,0,0,56,0,0,0,0,235,507,568,653,599,681,619,536,575,501,522,479,282,0,447,1049,1181,1015,1047,1119,937,0,yewon,lean_forward,1
937,1786864809.870186,0,0,0,0,0,57,0,0,0,0,234,507,563,653,599,681,618,535,580,502,521,483,285,0,453,1048,1188,1017,1049,1117,937,0,yewon,lean_forward,1
938,1786864809.890250,0,0,0,0,0,62,0,0,0,0,231,507,564,652,599,681,619,539,581,495,519,483,279,0,452,1053,1199,1015,1051,1123,938,0,yewon,lean_forward,1
939,1786864809.910168,0,0,0,0,0,55,0,0,0,0,229,507,568,654,599,681,617,531,580,499,521,483,285,0,445,1049,1181,1013,1049,1108,939,0,yewon,lean_forward,1
940,1786864809.930210,0,0,0,0,0,57,0,0,0,0,233,506,565,655,599,683,617,536,581,499,519,479,282,0,447,1050,1191,1017,1049,1119,939,0,yewon,lean_forward,1
941,1786864809.950138,0,0,0,0,0,56,0,0,0,0,236,507,563,654,599,681,618,535,581,501,519,478,281,0,453,1047,1171,1016,1034,1125,939,0,yewon,lean_forward,1
942,1786864809.970198,0,0,0,0,0,70,0,0,0,0,235,506,567,655,599,681,617,543,580,500,523,478,281,0,453,1045,1181,1018,1049,1119,939,0,yewon,lean_forward,1
943,1786864809.990056,0,0,0,0,0,61,0,0,0,0,229,507,567,655,599,683,620,539,581,501,524,483,282,0,452,1048,1165,1015,1051,1129,939,0,yewon,lean_forward,1
944,1786864810.010226,0,0,0,0,0,71,0,0,0,0,235,507,565,651,599,683,619,537,580,499,520,485,279,0,448,1048,1183,1019,1047,1125,939,0,yewon,lean_forward,1
945,1786864810.030291,0,0,0,0,0,76,0,0,0,0,235,507,567,654,595,683,617,539,581,500,525,483,279,0,453,1047,1180,1017,1051,1116,939,0,yewon,lean_forward,1
946,1786864810.050254,0,0,0,0,0,74,0,0,0,0,234,507,563,655,599,681,621,537,581,502,523,484,287,0,452,1048,1183,1014,1049,1119,939,0,yewon,lean_forward,1
947,1786864810.070275,0,0,0,0,0,78,0,0,0,0,231,507,567,654,599,683,615,536,581,499,520,483,283,0,445,1047,1181,1023,1050,1111,939,0,yewon,lean_forward,1
948,1786864810.090115,0,0,0,0,41,79,0,0,0,0,229,507,565,653,600,682,618,539,581,501,521,483,287,0,448,1045,1181,1015,1049,1119,941,0,yewon,lean_forward,1
949,1786864810.110316,0,0,0,0,44,79,0,0,0,0,233,507,567,659,598,683,617,539,580,503,523,485,285,0,452,1059,1179,1015,1049,1119,941,0,yewon,lean_forward,1
950,1786864810.130295,0,0,0,0,47,83,0,0,0,0,237,507,571,653,599,681,617,535,583,503,522,488,285,0,447,1047,1179,1017,1051,1119,939,0,yewon,lean_forward,1
951,1786864810.150227,0,0,0,0,56,83,0,0,0,0,232,507,567,653,600,679,629,537,580,501,523,483,287,0,446,1051,1181,1015,1051,1116,936,0,yewon,lean_forward,1
952,1786864810.170245,0,0,0,0,57,83,0,0,0,0,234,507,568,653,597,681,618,538,581,501,520,483,288,0,445,1050,1180,1019,1049,1107,938,0,yewon,lean_forward,1
953,1786864810.190256,0,0,0,0,53,75,0,0,0,0,233,507,567,654,599,682,615,535,581,501,522,483,280,0,447,1047,1179,1018,1050,1099,939,0,yewon,lean_forward,1
954,1786864810.210185,0,0,0,0,42,63,0,0,0,0,235,507,570,655,599,681,617,539,581,497,524,485,284,0,446,1051,1159,1015,1047,1123,939,0,yewon,lean_forward,1
955,1786864810.230232,0,0,0,0,22,71,0,0,0,0,234,507,567,654,599,682,619,537,579,501,521,487,285,0,447,1046,1181,1020,1049,1122,939,0,yewon,lean_forward,1
956,1786864810.250153,0,0,0,0,0,61,0,0,0,0,231,507,568,658,598,684,616,533,575,503,523,484,283,0,456,1049,1181,1013,1051,1118,939,0,yewon,lean_forward,1
957,1786864810.270200,0,0,0,0,0,59,0,0,0,0,229,507,564,659,599,683,618,534,580,495,524,499,285,0,470,1045,1181,1017,1051,1122,939,0,yewon,lean_forward,1
958,1786864810.290224,0,0,0,0,0,61,0,0,0,0,224,507,566,653,599,683,617,536,581,501,522,481,277,0,453,1049,1181,1015,1052,1117,937,0,yewon,lean_forward,1
959,1786864810.310196,0,0,0,0,0,61,0,0,0,0,235,509,567,655,595,683,603,536,579,499,523,483,283,0,481,1049,1179,1017,1051,1123,937,0,yewon,lean_forward,1
960,1786864810.330204,0,0,0,0,0,60,0,0,0,0,244,507,571,654,597,679,617,537,580,501,521,478,281,0,448,1049,1181,1019,1051,1123,938,0,yewon,lean_forward,1
961,1786864810.350164,0,0,0,0,0,60,0,0,0,0,235,507,567,653,597,684,615,537,581,507,520,481,286,0,453,1047,1179,1016,1050,1121,939,0,yewon,lean_forward,1
962,1786864810.370231,0,0,0,0,21,62,0,0,0,0,232,507,567,653,599,681,617,535,580,495,520,483,294,0,443,1051,1181,1019,1060,1115,937,0,yewon,lean_forward,1
963,1786864810.390215,0,0,0,0,0,62,0,0,0,0,233,507,567,649,600,681,616,539,580,497,519,482,283,0,455,1050,1181,1017,1051,1121,939,0,yewon,lean_forward,1
964,1786864810.410168,0,0,0,0,0,71,0,0,0,0,237,505,567,655,599,683,617,535,581,499,522,483,286,0,452,1046,1179,1017,1051,1123,939,0,yewon,lean_forward,1
965,1786864810.429504,0,0,0,0,0,76,0,0,0,0,237,507,567,653,599,681,618,539,581,499,521,483,277,0,455,1047,1181,1017,1051,1123,941,0,yewon,lean_forward,1
966,1786864810.450173,0,0,0,0,24,78,0,0,0,0,234,507,567,654,595,683,618,539,580,499,523,476,281,0,455,1048,1180,1017,1051,1123,939,0,yewon,lean_forward,1
967,1786864810.470196,0,0,0,0,42,79,0,0,0,0,236,507,565,653,601,683,618,537,581,501,519,468,283,0,427,1050,1181,1019,1052,1123,939,0,yewon,lean_forward,1
968,1786864810.490224,0,0,0,0,40,83,0,0,0,0,247,507,566,660,598,683,617,541,581,502,520,485,286,0,453,1051,1181,1017,1051,1123,941,0,yewon,lean_forward,1
969,1786864810.510180,0,0,0,0,45,71,0,0,0,0,229,507,565,658,599,682,617,540,579,500,521,482,284,0,457,1047,1179,1029,1051,1119,939,0,yewon,lean_forward,1
970,1786864810.530190,0,0,0,0,41,79,0,0,0,0,231,506,565,655,598,683,619,539,581,503,534,485,291,0,447,1047,1180,1020,1053,1125,940,0,yewon,lean_forward,1
971,1786864810.550119,0,0,0,0,39,87,0,0,0,0,231,502,565,654,601,682,615,539,582,500,523,503,283,0,443,1047,1181,1019,1053,1125,939,0,yewon,lean_forward,1
972,1786864810.570221,0,0,0,0,20,87,0,0,0,0,231,503,567,652,598,683,617,541,582,522,523,483,283,0,443,1047,1181,1019,1053,1124,939,0,yewon,lean_forward,1
973,1786864810.590189,0,0,0,0,0,87,0,0,0,0,229,501,551,653,597,684,615,541,582,501,521,485,286,0,441,1044,1181,1020,1053,1124,939,0,yewon,lean_forward,1
974,1786864810.610168,0,0,0,0,0,86,0,0,0,0,229,501,567,651,599,681,617,539,583,503,509,493,287,0,471,1047,1183,1019,1046,1125,941,0,yewon,lean_forward,1
975,1786864810.630206,0,0,0,0,0,88,0,0,0,0,215,501,563,653,596,680,618,541,583,503,536,495,284,0,439,1045,1181,1017,1055,1125,942,0,yewon,lean_forward,1
976,1786864810.650153,0,0,0,0,0,92,0,0,0,0,227,502,553,653,598,684,617,543,583,519,519,485,291,0,439,1043,1179,1016,1053,1125,941,0,yewon,lean_forward,1
977,1786864810.670196,0,0,0,0,0,89,0,0,0,0,221,501,567,653,595,681,617,539,583,501,525,484,287,0,437,1046,1179,1019,1055,1125,941,0,yewon,lean_forward,1
978,1786864810.690225,0,0,0,0,0,88,0,0,0,0,227,501,565,652,599,682,617,541,585,503,525,486,295,0,435,1046,1179,1019,1044,1128,941,0,yewon,lean_forward,1
979,1786864810.710152,0,0,0,0,0,89,0,0,0,0,231,501,567,653,597,682,618,544,585,501,525,486,296,0,435,1045,1179,1021,1055,1127,943,0,yewon,lean_forward,1
980,1786864810.730182,0,0,0,0,0,89,0,0,0,0,223,501,567,661,598,683,616,541,586,501,529,485,295,0,435,1045,1179,1022,1055,1125,941,0,yewon,lean_forward,1
981,1786864810.750179,0,0,0,0,0,89,0,0,0,0,221,501,565,653,599,683,619,541,585,509,524,485,293,0,435,1047,1181,1019,1059,1123,941,0,yewon,lean_forward,1
982,1786864810.770183,0,0,0,0,0,91,0,0,0,0,211,499,565,647,597,681,617,539,585,503,525,485,297,0,435,1045,1180,1021,1055,1125,942,0,yewon,lean_forward,1
983,1786864810.790204,0,0,0,0,0,92,0,0,0,0,221,500,550,653,597,681,616,543,587,502,527,484,301,0,434,1048,1179,1021,1053,1125,941,0,yewon,lean_forward,1
984,1786864810.810154,0,0,0,0,0,92,0,0,0,0,228,500,566,649,599,681,618,538,587,503,521,483,306,0,436,1045,1179,1019,1055,1124,942,0,yewon,lean_forward,1
985,1786864810.830210,0,0,0,0,0,89,0,0,0,0,215,501,549,652,595,685,619,539,588,501,529,500,295,0,437,1045,1179,1022,1055,1127,941,0,yewon,lean_forward,1
986,1786864810.850124,0,0,0,0,0,92,0,0,0,0,231,501,567,658,597,683,619,543,586,504,537,483,298,0,437,1049,1179,1019,1051,1125,942,0,yewon,lean_forward,1
987,1786864810.870201,0,0,0,0,0,90,0,0,0,0,223,501,566,653,597,683,619,543,587,502,523,487,295,0,436,1044,1179,1020,1055,1125,947,0,yewon,lean_forward,1
988,1786864810.890195,0,0,0,0,0,89,0,0,0,0,227,501,566,668,600,687,619,543,587,503,523,485,295,0,441,1047,1181,1019,1056,1125,949,0,yewon,lean_forward,1
989,1786864810.910139,0,0,0,0,0,88,0,0,0,0,226,501,568,639,599,680,619,537,584,499,521,485,291,0,439,1049,1180,1020,1055,1127,941,0,yewon,lean_forward,1
990,1786864810.930193,0,0,0,0,0,88,0,0,0,0,227,501,566,653,599,683,619,543,584,503,525,485,311,0,439,1048,1180,1017,1055,1114,941,0,yewon,lean_forward,1
991,1786864810.950173,0,0,0,0,0,85,0,0,0,0,229,501,567,653,597,682,618,539,585,504,525,495,296,0,439,1049,1181,1020,1068,1119,943,0,yewon,lean_forward,1
992,1786864810.970255,0,0,0,0,0,88,0,0,0,0,231,503,568,654,595,683,618,547,584,501,509,485,296,0,441,1048,1181,1022,1055,1125,941,0,yewon,lean_forward,1
993,1786864810.990233,0,0,0,0,0,85,0,0,0,0,226,501,567,653,599,681,617,539,583,503,531,495,296,0,439,1047,1179,1018,1055,1125,942,0,yewon,lean_forward,1
994,1786864811.010258,0,0,0,0,0,87,0,0,0,0,227,503,567,653,599,680,619,543,585,501,521,477,291,0,441,1049,1179,1018,1060,1125,943,0,yewon,lean_forward,1
995,1786864811.030218,0,0,0,0,0,84,0,0,0,0,227,500,565,653,600,682,620,538,583,503,525,485,294,0,442,1049,1179,1020,1053,1126,943,0,yewon,lean_forward,1
