frame,timestamp,ch0,ch1,ch2,ch3,ch4,ch5,ch6,ch7,ch8,ch9,ch10,ch11,ch12,ch13,ch14,ch15,ch16,ch17,ch18,ch19,ch20,ch21,ch22,ch23,ch24,ch25,ch26,ch27,ch28,ch29,ch30,ch31,person,posture,trial
0,1786864971.931829,0,245,404,648,617,556,372,535,203,0,537,612,693,735,765,891,727,439,537,530,599,539,427,77,827,1108,1065,685,612,919,875,41,yewon,lean_right,1
1,1786864971.933092,0,239,402,647,617,555,367,535,189,0,535,613,693,743,767,893,728,440,539,533,607,540,430,60,829,1113,1063,691,606,918,861,33,yewon,lean_right,1
2,1786864971.933958,0,243,403,646,615,555,365,533,173,0,539,614,697,741,775,893,733,441,540,535,594,540,429,53,839,1115,1067,699,603,917,859,31,yewon,lean_right,1
3,1786864971.934776,0,249,407,649,615,551,350,530,147,0,543,618,699,755,789,905,741,441,542,535,595,541,427,0,845,1119,1071,711,595,916,854,0,yewon,lean_right,1
4,1786864971.935504,0,263,414,651,615,541,301,522,100,0,553,621,711,745,808,911,747,441,541,533,595,538,424,0,855,1125,1079,721,587,908,841,0,yewon,lean_right,1
5,1786864971.936234,0,279,421,651,619,529,281,507,74,0,569,623,713,750,827,915,746,431,536,531,588,531,420,0,865,1131,1080,723,571,903,811,0,yewon,lean_right,1
6,1786864971.936968,0,299,426,664,617,505,271,503,0,0,573,632,721,757,843,920,754,415,521,525,581,517,399,0,873,1149,1087,735,555,886,761,0,yewon,lean_right,1
7,1786864971.937695,0,319,429,665,617,489,255,473,0,0,586,652,727,762,867,924,757,420,508,506,567,501,399,0,875,1135,1093,735,523,871,698,0,yewon,lean_right,1
8,1786864971.938479,0,347,443,680,617,475,249,453,0,0,600,655,731,767,878,927,759,420,500,483,548,490,373,0,878,1147,1117,739,502,857,665,0,yewon,lean_right,1
9,1786864971.939133,0,414,455,691,629,467,243,424,0,0,614,661,739,783,887,933,763,411,486,457,529,477,347,0,877,1151,1087,741,490,837,623,0,yewon,lean_right,1
10,1786864971.939776,0,469,469,701,648,445,231,395,0,0,627,665,743,793,892,935,765,406,470,428,501,459,317,0,881,1151,1099,741,483,803,605,0,yewon,lean_right,1
11,1786864971.940413,0,503,475,716,655,431,217,341,0,0,636,667,747,800,909,941,765,397,441,410,476,444,292,0,879,1165,1124,741,473,789,581,0,yewon,lean_right,1
12,1786864971.941053,0,537,489,727,670,411,203,312,0,0,653,681,751,825,916,949,773,383,420,393,455,423,249,0,879,1164,1123,743,471,753,551,0,yewon,lean_right,1
13,1786864971.941693,0,559,503,735,679,397,183,296,0,0,664,691,760,842,921,951,775,371,399,373,439,399,227,0,884,1165,1116,743,477,709,506,0,yewon,lean_right,1
14,1786864971.942332,0,579,518,741,687,380,173,281,0,0,671,693,767,859,924,955,780,357,373,355,419,363,198,0,883,1167,1109,743,478,690,489,0,yewon,lean_right,1
15,1786864971.942984,0,595,527,747,693,361,167,252,0,0,679,699,776,869,927,956,781,342,349,341,403,310,177,0,879,1167,1122,745,487,670,471,0,yewon,lean_right,1
16,1786864971.943645,0,611,536,762,701,333,157,235,0,0,675,701,779,871,932,954,791,327,327,315,376,267,135,0,883,1170,1123,743,491,664,456,0,yewon,lean_right,1
17,1786864971.944289,31,629,544,773,713,331,151,214,0,0,693,710,786,879,936,964,799,307,313,287,325,253,93,0,885,1173,1130,747,499,660,452,0,yewon,lean_right,1
18,1786864971.944927,45,644,553,787,714,325,147,191,0,0,696,725,791,885,939,967,807,291,301,283,313,244,75,0,884,1175,1131,749,503,661,431,0,yewon,lean_right,1
19,1786864971.945577,93,651,559,795,723,327,143,159,0,0,703,733,792,889,938,970,819,274,296,279,295,245,62,0,885,1178,1129,749,507,659,411,0,yewon,lean_right,1
20,1786864971.946228,107,655,567,796,727,327,139,125,0,0,711,743,795,894,946,979,824,255,299,275,293,232,44,0,886,1177,1135,754,517,661,391,0,yewon,lean_right,1
21,1786864971.946899,120,660,580,797,732,326,137,120,0,0,713,745,796,901,941,984,831,249,295,269,285,217,25,0,889,1179,1128,757,524,659,357,0,yewon,lean_right,1
22,1786864971.947593,121,663,583,799,735,319,133,115,0,0,713,749,797,903,943,986,843,235,288,269,276,215,0,0,887,1177,1143,759,527,653,313,0,yewon,lean_right,1
23,1786864971.948389,121,664,580,795,738,318,125,108,0,0,711,748,796,903,941,999,851,217,277,268,266,214,0,0,888,1180,1143,759,519,647,299,0,yewon,lean_right,1
24,1786864971.948965,116,663,567,793,734,316,121,89,0,0,716,755,799,895,940,1010,853,205,271,265,253,197,0,0,891,1176,1143,761,508,635,283,0,yewon,lean_right,1
25,1786864971.949533,107,664,575,793,734,313,119,83,0,0,713,757,797,893,940,1007,857,189,265,261,251,191,0,0,890,1175,1151,759,504,623,269,0,yewon,lean_right,1
26,1786864971.950108,93,663,581,791,733,313,118,69,0,0,714,759,799,893,938,1012,859,187,267,260,238,185,0,0,892,1175,1143,759,504,615,249,0,yewon,lean_right,1
27,1786864971.950863,75,665,582,791,733,312,115,41,0,0,713,761,797,893,939,1015,860,207,263,260,231,183,0,0,892,1178,1139,755,503,605,219,0,yewon,lean_right,1
28,1786864971.951557,57,663,579,787,731,311,111,0,0,0,719,761,799,893,937,1013,863,212,267,253,227,171,0,0,893,1173,1134,751,505,599,185,0,yewon,lean_right,1
29,1786864971.952240,57,664,573,783,731,311,109,0,0,0,717,759,799,893,936,1012,866,203,265,251,217,159,0,0,893,1171,1131,745,505,587,147,0,yewon,lean_right,1
30,1786864971.952808,56,661,569,776,731,311,109,0,0,0,715,759,799,893,933,1013,867,201,268,251,220,147,0,0,893,1165,1127,741,509,589,87,0,yewon,lean_right,1
31,1786864971.953372,53,661,567,767,727,310,107,0,0,0,715,759,799,893,933,1011,871,204,266,251,223,135,0,0,892,1163,1124,739,520,590,28,0,yewon,lean_right,1
32,1786864971.953952,52,660,567,761,723,311,108,0,0,0,715,750,797,891,926,1011,869,203,266,249,213,135,0,0,891,1151,1122,729,529,597,0,0,yewon,lean_right,1
33,1786864971.954513,52,655,566,756,723,311,108,0,0,0,716,757,799,891,927,1001,878,201,269,245,219,133,0,0,891,1159,1118,728,571,604,0,0,yewon,lean_right,1
34,1786864971.955085,51,659,567,751,723,311,106,0,0,0,715,757,799,889,925,999,883,201,277,249,217,135,0,0,888,1157,1117,739,663,615,0,0,yewon,lean_right,1
35,1786864971.955642,51,655,573,751,723,313,106,0,0,0,715,757,799,891,923,999,885,204,279,248,217,133,0,0,886,1157,1115,743,715,627,0,0,yewon,lean_right,1
36,1786864971.956216,51,657,575,751,727,315,107,0,0,0,711,757,804,890,923,999,886,211,280,249,215,109,0,0,884,1150,1116,747,745,637,0,0,yewon,lean_right,1
37,1786864971.956773,53,659,576,750,728,315,105,0,0,0,709,760,806,892,923,1004,887,216,279,249,203,93,0,0,883,1151,1119,755,779,647,0,0,yewon,lean_right,1
38,1786864971.957334,50,661,583,751,732,315,103,0,0,0,712,760,804,893,925,1007,887,221,285,251,191,39,0,0,878,1157,1115,761,821,665,0,0,yewon,lean_right,1
39,1786864971.957891,51,663,582,751,733,318,99,0,0,0,710,764,805,901,927,1007,888,226,287,251,205,43,0,0,875,1149,1119,757,838,675,0,0,yewon,lean_right,1
40,1786864971.958449,51,661,582,751,733,317,98,0,0,0,708,776,807,901,927,1011,887,223,281,251,201,23,0,0,873,1151,1119,759,844,679,0,0,yewon,lean_right,1
41,1786864971.959015,53,661,583,755,739,317,93,0,0,0,711,776,807,903,926,1007,885,226,286,251,199,26,0,0,875,1151,1117,757,854,687,0,0,yewon,lean_right,1
42,1786864971.959573,54,661,584,747,731,311,93,0,0,0,709,775,809,903,927,1007,885,222,287,252,211,45,0,0,879,1157,1117,755,859,687,0,0,yewon,lean_right,1
43,1786864971.960139,55,660,571,747,713,299,87,0,0,0,712,774,807,903,922,997,885,212,287,251,205,43,0,0,885,1151,1115,751,859,683,0,0,yewon,lean_right,1
44,1786864971.960638,54,651,566,731,687,284,74,0,0,0,709,773,807,901,917,981,879,199,288,249,205,21,0,0,887,1149,1113,747,852,667,0,0,yewon,lean_right,1
45,1786864971.961135,53,632,553,717,646,267,27,0,0,0,716,773,805,892,908,967,878,201,283,247,203,0,0,0,893,1159,1113,755,841,648,0,0,yewon,lean_right,1
46,1786864971.961617,53,619,541,709,616,247,0,0,0,0,713,767,803,889,903,955,872,186,275,245,185,0,0,0,901,1148,1110,742,837,606,0,0,yewon,lean_right,1
47,1786864971.962122,52,606,537,695,603,235,0,0,0,0,715,765,799,877,891,953,867,181,265,243,174,0,0,0,919,1151,1110,741,829,599,0,0,yewon,lean_right,1
48,1786864971.962627,51,603,532,695,603,231,0,0,0,0,717,767,798,869,888,949,861,171,263,251,171,0,0,0,923,1150,1100,741,830,589,0,0,yewon,lean_right,1
49,1786864971.963107,52,605,533,692,601,225,0,0,0,0,713,775,799,869,887,950,867,169,261,239,157,0,0,0,933,1159,1109,743,839,589,0,0,yewon,lean_right,1
50,1786864971.963597,55,604,533,696,605,217,0,0,0,0,718,775,799,867,889,951,867,167,250,239,152,0,0,0,939,1157,1107,747,843,586,0,0,yewon,lean_right,1
51,1786864971.964093,54,605,533,695,611,207,0,0,0,0,718,779,800,873,889,951,867,171,249,235,132,0,0,0,949,1157,1113,757,843,573,0,0,yewon,lean_right,1
52,1786864971.964582,53,612,533,696,615,203,0,0,0,0,725,782,804,883,903,952,861,179,229,227,104,0,0,0,964,1161,1113,751,837,559,0,0,yewon,lean_right,1
53,1786864971.965059,56,615,535,699,617,203,0,0,0,0,729,786,807,886,895,953,867,183,237,229,84,0,0,0,971,1163,1113,749,811,541,0,0,yewon,lean_right,1
54,1786864971.965543,57,616,535,701,627,205,0,0,0,0,719,787,809,888,903,953,867,187,235,221,75,0,0,0,975,1161,1111,745,746,521,0,0,yewon,lean_right,1
55,1786864971.966043,60,629,537,709,631,210,0,0,0,0,735,795,809,890,906,954,863,189,234,221,69,0,0,0,981,1166,1109,741,715,505,0,0,yewon,lean_right,1
56,1786864971.966487,61,633,537,703,639,213,0,0,0,0,739,799,815,894,903,952,860,191,239,220,57,0,0,0,987,1164,1105,732,685,501,0,0,yewon,lean_right,1
57,1786864971.966948,68,653,541,712,652,218,0,0,0,0,739,807,831,905,913,951,857,200,247,219,55,0,0,0,988,1165,1103,728,649,484,0,0,yewon,lean_right,1
58,1786864971.967386,123,647,543,716,664,226,0,0,0,0,742,807,843,907,909,955,855,201,265,219,59,0,0,0,990,1165,1103,717,613,486,0,0,yewon,lean_right,1
59,1786864971.967830,185,651,547,719,679,229,0,0,0,0,746,818,851,915,915,952,855,201,267,218,69,0,0,0,990,1171,1101,713,605,491,0,0,yewon,lean_right,1
60,1786864971.968253,211,653,549,725,686,231,0,0,0,0,761,823,857,919,918,952,858,205,271,221,77,0,0,0,991,1175,1133,712,636,503,0,0,yewon,lean_right,1
61,1786864971.968678,215,654,547,719,683,236,0,0,0,0,745,821,851,923,927,953,860,199,275,225,89,0,0,0,987,1176,1101,701,667,507,0,0,yewon,lean_right,1
62,1786864971.969115,211,649,543,723,687,235,0,0,0,0,747,821,859,922,923,952,854,202,280,229,102,0,0,0,984,1176,1101,696,675,509,0,0,yewon,lean_right,1
63,1786864971.969544,201,647,543,717,684,235,0,0,0,0,741,820,861,925,930,954,865,197,283,232,111,0,0,0,987,1179,1102,696,661,505,0,0,yewon,lean_right,1
64,1786864971.969982,173,637,541,717,675,233,0,0,0,0,739,819,859,923,925,953,865,191,281,232,111,0,0,0,985,1179,1117,695,613,488,0,0,yewon,lean_right,1
65,1786864971.970421,91,637,540,715,661,229,0,0,0,0,747,815,859,917,919,954,867,199,269,231,105,0,0,0,990,1178,1123,696,570,462,0,0,yewon,lean_right,1
66,1786864971.970857,73,635,538,713,645,223,0,0,0,0,749,818,859,923,924,955,867,190,268,230,99,0,0,0,995,1169,1119,700,551,447,0,0,yewon,lean_right,1
67,1786864971.971286,71,633,537,713,635,216,0,0,0,0,743,811,855,921,922,955,868,188,266,229,91,0,0,0,999,1177,1125,719,539,445,0,0,yewon,lean_right,1
68,1786864971.971716,71,635,539,715,634,209,0,0,0,0,747,813,852,922,924,955,867,189,268,226,86,0,0,0,1003,1177,1125,739,535,443,0,0,yewon,lean_right,1
69,1786864971.972138,71,632,539,713,632,200,0,0,0,0,747,807,851,920,921,954,870,190,265,222,81,0,0,0,1003,1179,1123,745,535,453,0,0,yewon,lean_right,1
70,1786864971.972518,71,634,540,727,631,190,0,0,0,0,745,797,847,919,921,956,870,189,263,221,77,0,0,0,1007,1176,1127,755,537,455,0,0,yewon,lean_right,1
71,1786864971.972907,71,631,539,713,627,203,0,0,0,0,751,809,845,920,923,949,869,189,263,222,76,0,0,0,1017,1177,1127,757,540,464,0,0,yewon,lean_right,1
72,1786864971.973288,99,636,533,710,655,189,0,0,0,0,747,805,847,920,923,957,867,189,261,221,77,0,0,0,1034,1173,1128,760,557,485,0,0,yewon,lean_right,1
73,1786864971.973670,116,644,533,698,629,191,0,0,0,0,747,791,847,921,923,955,868,188,263,221,83,0,0,0,1041,1175,1129,767,632,495,0,0,yewon,lean_right,1
74,1786864971.974047,174,636,533,703,633,189,0,0,0,0,747,809,847,919,923,955,867,191,264,217,84,0,0,0,1047,1159,1129,777,663,501,0,0,yewon,lean_right,1
75,1786864971.974434,199,637,535,695,629,188,0,0,0,0,749,791,840,918,922,949,861,188,262,216,83,0,0,0,1049,1177,1127,774,667,501,0,0,yewon,lean_right,1
76,1786864971.974822,199,633,531,691,619,183,0,0,0,0,749,797,843,915,918,943,858,188,251,215,83,0,0,0,1047,1181,1125,779,657,499,0,0,yewon,lean_right,1
77,1786864971.975201,171,630,525,690,609,170,0,0,0,0,748,807,840,913,911,939,855,183,247,207,59,0,0,0,1049,1165,1123,774,633,494,0,0,yewon,lean_right,1
78,1786864971.975585,137,623,523,683,603,148,0,0,0,0,751,811,840,911,907,935,847,175,243,200,41,0,0,0,1051,1164,1121,767,610,492,0,0,yewon,lean_right,1
79,1786864971.975961,115,615,519,682,597,119,0,0,0,0,752,811,845,909,907,931,844,172,236,187,0,0,0,0,1050,1177,1117,762,603,488,0,0,yewon,lean_right,1
80,1786864971.976350,103,605,517,667,593,91,0,0,0,0,750,821,851,909,905,923,846,169,235,185,0,0,0,0,1049,1163,1118,761,599,487,0,0,yewon,lean_right,1
81,1786864971.976729,87,597,504,663,590,88,0,0,0,0,755,825,855,909,905,922,846,171,223,183,0,0,0,0,1049,1164,1121,761,591,482,0,0,yewon,lean_right,1
82,1786864971.977111,79,597,501,661,585,79,0,0,0,0,756,827,857,910,906,923,844,170,234,157,0,0,0,0,1052,1175,1124,762,570,479,0,0,yewon,lean_right,1
83,1786864971.977510,83,598,501,659,591,75,0,0,0,0,757,839,860,911,907,924,847,173,235,167,0,0,0,0,1054,1188,1125,763,566,469,0,0,yewon,lean_right,1
84,1786864971.977892,99,601,496,661,595,75,0,0,0,0,758,841,867,915,909,925,837,175,235,165,0,0,0,0,1054,1173,1127,767,559,469,0,0,yewon,lean_right,1
85,1786864971.978285,107,597,499,660,590,73,0,0,0,0,761,841,869,915,909,923,849,181,238,158,0,0,0,0,1049,1172,1127,759,539,467,0,0,yewon,lean_right,1
86,1786864971.978670,116,596,495,657,588,77,0,0,0,0,755,843,871,915,909,921,839,189,237,155,0,0,0,0,1045,1177,1126,751,533,461,0,0,yewon,lean_right,1
87,1786864971.979055,133,600,491,668,583,79,0,0,0,0,760,839,861,915,893,919,837,198,235,157,0,0,0,0,1035,1179,1117,740,529,455,0,0,yewon,lean_right,1
88,1786864971.979436,145,595,487,651,572,83,0,0,0,0,758,839,859,917,908,915,823,191,237,151,0,0,0,0,1039,1183,1119,739,509,442,0,0,yewon,lean_right,1
89,1786864971.979818,151,594,483,645,565,85,0,0,0,0,761,829,858,917,908,913,821,188,233,136,0,0,0,0,1041,1191,1117,729,498,429,0,0,yewon,lean_right,1
90,1786864971.980184,152,590,488,635,567,84,0,0,0,0,776,827,856,914,905,909,816,189,237,127,0,0,0,0,1051,1194,1114,731,484,410,0,0,yewon,lean_right,1
91,1786864971.980536,146,587,473,637,573,91,0,0,0,0,759,821,847,913,895,886,818,191,237,135,0,0,0,0,1063,1183,1106,702,460,377,0,0,yewon,lean_right,1
92,1786864971.980891,139,585,472,636,575,92,0,0,0,0,751,821,855,909,891,904,810,173,231,145,0,0,0,0,1065,1182,1094,683,435,357,0,0,yewon,lean_right,1
93,1786864971.981240,135,583,475,637,584,117,0,0,0,0,755,813,845,905,876,905,815,211,239,149,0,0,0,0,1059,1176,1077,646,421,315,0,0,yewon,lean_right,1
94,1786864971.981589,127,575,473,639,587,139,0,0,0,0,747,805,813,893,873,905,809,189,237,155,0,0,0,0,1048,1165,1067,605,405,279,0,0,yewon,lean_right,1
95,1786864971.981942,123,582,473,649,591,171,0,0,0,0,750,800,815,888,867,907,813,198,233,163,0,0,0,0,1043,1150,1063,586,399,271,0,0,yewon,lean_right,1
96,1786864971.982289,125,581,475,654,598,200,0,0,0,0,745,790,811,884,873,911,814,199,235,171,0,0,0,0,1039,1156,1061,570,392,268,0,0,yewon,lean_right,1
97,1786864971.982642,125,589,479,665,605,219,0,0,0,0,740,790,809,879,872,917,819,215,239,187,0,0,0,0,1031,1159,1061,559,390,269,0,0,yewon,lean_right,1
98,1786864971.982991,127,591,487,672,613,237,0,0,0,0,713,778,806,873,869,921,820,215,249,197,37,0,0,0,1019,1161,1063,567,396,264,0,0,yewon,lean_right,1
99,1786864971.983344,125,601,485,681,617,249,38,0,0,0,725,782,805,869,867,921,821,227,249,200,54,0,0,0,1017,1163,1063,575,409,269,0,0,yewon,lean_right,1
100,1786864971.983692,109,596,491,688,622,263,59,0,0,0,713,773,795,857,860,923,825,232,253,204,68,0,0,0,1015,1149,1061,589,435,299,0,0,yewon,lean_right,1
101,1786864971.984044,73,597,504,692,623,270,71,0,0,0,715,759,797,853,849,924,823,234,255,215,87,0,0,0,1012,1149,1063,595,473,377,0,0,yewon,lean_right,1
102,1786864971.984391,61,587,496,695,629,278,77,0,0,0,715,750,795,837,839,928,824,238,261,220,95,0,0,0,1005,1150,1061,597,493,423,0,0,yewon,lean_right,1
103,1786864971.984738,60,587,499,693,631,281,85,0,0,0,701,733,791,827,829,933,824,238,255,227,115,0,0,0,995,1143,1061,600,507,447,0,0,yewon,lean_right,1
104,1786864971.985111,53,587,499,695,633,291,89,0,0,0,701,718,787,845,827,935,825,245,263,231,152,0,0,0,985,1143,1059,600,522,455,0,0,yewon,lean_right,1
105,1786864971.985513,48,583,496,695,635,296,94,0,0,0,699,715,782,821,830,939,835,248,261,237,169,0,0,0,983,1143,1065,604,553,487,0,0,yewon,lean_right,1
106,1786864971.985869,47,582,499,693,639,301,109,0,0,0,688,727,782,813,837,943,843,251,281,235,199,43,0,0,970,1151,1064,613,651,509,0,0,yewon,lean_right,1
107,1786864971.986228,47,583,501,704,646,312,109,0,0,0,699,711,783,815,843,949,845,281,280,242,218,77,0,0,965,1163,1066,637,741,535,0,0,yewon,lean_right,1
108,1786864971.986607,41,593,503,712,648,316,121,0,0,0,685,715,783,815,847,949,849,265,286,247,230,99,0,0,959,1148,1069,651,789,559,0,0,yewon,lean_right,1
109,1786864971.986946,35,571,521,711,647,331,123,0,0,0,679,712,780,821,853,952,850,255,287,249,239,111,0,0,956,1151,1071,666,822,600,0,0,yewon,lean_right,1
110,1786864971.987288,28,571,507,709,648,334,125,0,0,0,677,703,781,815,855,952,857,275,296,249,245,120,0,0,953,1147,1076,678,841,635,0,0,yewon,lean_right,1
111,1786864971.987643,0,573,507,709,645,333,131,0,0,0,671,701,781,815,849,951,862,275,297,251,249,123,0,0,952,1149,1077,687,845,649,0,0,yewon,lean_right,1
112,1786864971.987969,0,564,505,710,645,332,124,0,0,0,677,700,779,815,831,951,867,275,297,261,247,121,0,0,951,1144,1079,691,847,649,0,0,yewon,lean_right,1
113,1786864971.988304,0,563,504,700,644,333,124,0,0,0,662,703,779,817,841,951,859,265,294,253,248,115,0,0,949,1161,1080,693,843,620,0,0,yewon,lean_right,1
114,1786864971.988630,0,558,503,698,647,333,123,0,0,0,677,703,779,819,837,951,855,263,293,251,246,102,0,0,952,1158,1095,690,824,599,0,0,yewon,lean_right,1
115,1786864971.988959,0,557,503,709,639,337,119,0,0,0,669,703,778,813,827,949,855,265,287,253,239,95,0,0,953,1149,1079,685,805,582,0,0,yewon,lean_right,1
116,1786864971.989296,0,558,499,697,646,331,121,0,0,0,677,711,779,812,824,949,853,255,291,245,237,88,0,0,953,1165,1077,683,793,557,0,0,yewon,lean_right,1
117,1786864971.989623,0,558,499,697,633,327,119,0,0,0,677,700,779,815,827,951,844,251,285,247,234,78,0,0,969,1157,1075,675,789,553,0,0,yewon,lean_right,1
118,1786864971.989964,0,557,499,693,636,324,119,0,0,0,677,711,779,809,815,950,838,263,285,251,232,69,0,0,975,1159,1078,667,789,555,0,0,yewon,lean_right,1
119,1786864971.990292,0,559,500,702,637,318,117,0,0,0,683,725,781,813,813,946,831,249,277,247,229,62,0,0,987,1145,1075,659,793,555,0,0,yewon,lean_right,1
120,1786864971.990635,0,557,493,695,631,315,115,0,0,0,685,699,781,810,821,948,822,251,280,248,229,61,0,0,997,1149,1069,659,798,601,0,0,yewon,lean_right,1
121,1786864971.990965,0,552,493,695,628,313,111,0,0,0,687,716,781,809,812,941,823,244,279,247,227,71,0,0,1003,1143,1067,645,808,631,0,0,yewon,lean_right,1
122,1786864971.991291,0,547,490,681,617,310,109,0,0,0,693,712,781,808,815,941,815,248,275,246,229,78,0,0,1009,1151,1069,639,815,679,0,0,yewon,lean_right,1
123,1786864971.991633,0,539,483,697,609,306,102,0,0,0,693,718,783,805,819,939,805,243,276,248,231,89,0,0,1011,1131,1061,637,829,730,51,0,yewon,lean_right,1
124,1786864971.991952,0,521,475,675,599,297,101,0,0,0,695,723,781,800,813,936,799,237,276,247,233,102,0,0,1016,1134,1055,635,841,783,107,0,yewon,lean_right,1
125,1786864971.992268,0,503,473,666,599,307,111,0,0,0,696,713,781,798,807,935,797,237,280,247,235,109,0,0,1015,1129,1055,633,845,780,189,0,yewon,lean_right,1
126,1786864971.992575,0,495,469,659,585,298,105,0,0,0,695,738,781,796,804,931,789,233,279,249,238,117,0,0,1015,1135,1051,627,837,775,205,0,yewon,lean_right,1
127,1786864971.992883,0,485,463,654,582,293,105,0,0,0,699,716,781,789,793,927,782,231,279,247,239,121,0,0,1017,1129,1052,620,805,748,175,0,yewon,lean_right,1
128,1786864971.993204,0,474,460,653,581,296,93,0,0,0,696,719,777,788,783,925,789,236,276,248,239,123,0,0,1015,1127,1053,609,749,708,149,0,yewon,lean_right,1
129,1786864971.993514,0,468,461,653,585,295,107,0,0,0,693,711,773,781,764,927,795,233,270,237,237,120,0,0,1014,1123,1049,600,694,695,141,0,yewon,lean_right,1
130,1786864971.993827,0,463,461,654,589,297,107,0,0,0,693,713,765,776,760,921,797,237,271,246,237,121,0,0,1013,1125,1047,595,685,695,147,0,yewon,lean_right,1
131,1786864971.994137,0,462,461,653,591,298,109,0,0,0,691,714,765,777,775,927,791,236,273,247,239,125,0,0,1011,1125,1049,601,691,701,157,0,yewon,lean_right,1
132,1786864971.994445,0,463,459,660,596,300,109,0,0,0,685,711,764,778,777,931,783,233,281,247,244,127,0,0,1007,1144,1047,607,701,715,183,0,yewon,lean_right,1
133,1786864971.994761,0,471,465,661,594,307,115,0,0,0,687,711,763,779,787,931,794,238,281,249,245,139,0,0,1005,1127,1049,615,721,729,213,0,yewon,lean_right,1
134,1786864971.995067,0,482,461,661,603,312,118,0,0,0,686,713,763,781,791,932,792,243,283,252,253,152,0,0,1003,1125,1050,615,729,741,219,0,yewon,lean_right,1
135,1786864971.995385,0,486,460,666,615,319,120,0,0,0,685,711,763,785,791,933,789,247,286,247,253,151,0,0,999,1127,1051,617,727,735,221,0,yewon,lean_right,1
136,1786864971.995715,0,487,461,666,610,326,124,0,0,0,685,711,763,787,792,933,790,246,285,251,263,155,0,0,987,1127,1049,614,727,739,229,0,yewon,lean_right,1
137,1786864971.996022,0,487,467,667,616,326,125,0,0,0,685,711,763,786,782,932,796,243,284,253,261,156,0,0,973,1133,1051,615,734,739,227,0,yewon,lean_right,1
138,1786864971.996334,0,489,465,669,615,329,137,0,0,0,677,701,755,779,777,933,789,239,269,253,263,158,0,0,955,1125,1051,613,763,738,231,0,yewon,lean_right,1
139,1786864971.996640,0,487,467,669,613,325,127,0,0,0,675,701,751,775,765,933,788,245,280,253,263,159,0,0,938,1119,1055,617,791,733,243,0,yewon,lean_right,1
140,1786864971.996954,0,480,461,669,613,327,133,0,0,0,669,700,745,763,760,932,781,235,281,251,261,159,0,0,923,1123,1067,652,807,744,253,0,yewon,lean_right,1
141,1786864971.997258,0,477,470,671,615,333,133,0,0,0,663,695,733,755,772,931,775,231,277,243,261,157,0,0,915,1131,1084,687,809,734,239,0,yewon,lean_right,1
142,1786864971.997567,0,476,468,670,615,317,133,0,0,0,659,687,727,746,781,927,767,220,273,249,261,158,0,0,917,1140,1101,713,805,725,233,0,yewon,lean_right,1
143,1786864971.997884,0,467,459,670,615,328,127,0,0,0,653,684,723,741,789,921,761,210,277,249,253,156,0,0,922,1144,1119,727,793,709,231,0,yewon,lean_right,1
144,1786864971.998193,0,459,455,672,616,325,125,0,0,0,649,679,723,741,799,915,745,213,275,245,263,156,0,0,919,1147,1131,741,780,680,189,0,yewon,lean_right,1
145,1786864971.998509,0,457,454,671,619,329,133,0,0,0,648,675,719,747,808,909,744,210,281,248,263,155,0,0,920,1151,1143,749,761,676,171,0,yewon,lean_right,1
146,1786864971.998820,0,461,457,675,616,329,137,0,0,0,636,666,727,749,808,911,739,207,279,249,265,155,0,0,917,1151,1149,760,742,668,159,0,yewon,lean_right,1
147,1786864971.999130,0,463,459,679,621,329,136,0,0,0,627,667,724,751,821,907,740,211,283,251,264,163,0,0,917,1151,1151,775,716,666,159,0,yewon,lean_right,1
148,1786864971.999446,0,471,461,681,627,339,140,0,0,0,637,667,723,761,821,909,733,215,277,260,265,157,0,0,917,1161,1159,781,683,663,149,0,yewon,lean_right,1
149,1786864971.999753,0,478,463,689,632,340,149,0,0,0,647,667,726,761,822,915,737,216,285,253,266,159,0,0,917,1165,1165,789,660,659,138,0,yewon,lean_right,1
150,1786864972.000058,0,485,467,694,637,343,149,0,0,0,647,665,729,764,823,911,743,220,293,247,265,163,0,0,919,1171,1161,792,650,653,135,0,yewon,lean_right,1
151,1786864972.000356,0,487,461,697,635,346,151,0,0,0,647,667,729,762,825,919,743,235,296,263,267,164,0,0,919,1171,1163,797,632,650,121,0,yewon,lean_right,1
152,1786864972.000650,0,487,471,698,637,349,155,0,0,0,645,665,731,764,817,920,751,227,295,264,267,164,0,0,917,1173,1163,803,621,639,101,0,yewon,lean_right,1
153,1786864972.000952,0,487,472,700,644,351,159,0,0,0,622,667,727,773,812,920,760,221,308,263,269,169,0,0,918,1177,1161,805,615,649,117,0,yewon,lean_right,1
154,1786864972.001245,0,484,474,703,645,365,158,0,0,0,639,663,731,763,809,921,759,233,301,265,277,170,0,0,917,1173,1162,804,613,649,118,0,yewon,lean_right,1
155,1786864972.001550,0,485,474,709,645,363,164,0,0,0,635,661,731,766,805,921,765,229,302,266,279,187,0,0,917,1172,1159,797,611,651,121,0,yewon,lean_right,1
156,1786864972.001844,0,489,483,709,653,371,165,0,0,0,635,663,733,765,803,925,773,231,309,268,281,173,0,0,916,1172,1149,791,614,653,133,0,yewon,lean_right,1
157,1786864972.002139,0,493,490,712,647,389,167,0,0,0,637,664,734,773,803,926,775,239,311,265,280,175,0,0,919,1171,1145,787,611,651,141,0,yewon,lean_right,1
158,1786864972.002443,0,498,485,713,649,389,167,0,0,0,637,667,733,775,807,928,772,235,313,269,281,175,0,0,920,1171,1145,777,609,651,141,0,yewon,lean_right,1
159,1786864972.002733,0,501,486,715,649,393,169,0,0,0,638,667,739,759,792,927,774,237,313,271,281,174,0,0,920,1173,1143,767,607,654,155,0,yewon,lean_right,1
160,1786864972.003033,0,504,481,715,649,397,171,0,0,0,640,669,740,775,799,927,779,235,308,269,283,179,0,0,923,1171,1135,762,611,659,163,0,yewon,lean_right,1
161,1786864972.003323,0,507,487,714,649,391,168,0,0,0,647,687,741,773,803,928,778,238,315,270,281,175,0,0,927,1179,1162,759,615,661,180,0,yewon,lean_right,1
162,1786864972.003614,0,505,475,711,649,395,169,0,0,0,640,677,751,775,796,933,779,237,319,270,281,173,0,0,933,1163,1139,756,621,669,203,0,yewon,lean_right,1
163,1786864972.003919,0,505,487,713,649,390,171,0,0,0,649,675,742,773,791,923,775,238,317,269,281,173,0,0,941,1170,1159,757,649,679,229,0,yewon,lean_right,1
164,1786864972.004212,0,521,487,713,647,383,167,0,0,0,655,680,743,775,787,921,758,237,318,269,276,168,0,0,943,1167,1112,751,674,691,235,0,yewon,lean_right,1
165,1786864972.004512,0,517,486,711,647,377,167,0,0,0,655,681,743,776,787,920,765,237,319,271,271,165,0,0,944,1167,1135,752,691,691,243,0,yewon,lean_right,1
166,1786864972.004801,0,521,487,713,645,373,160,0,0,0,659,683,750,775,785,919,757,237,329,273,275,160,0,0,951,1174,1135,751,693,693,245,0,yewon,lean_right,1
167,1786864972.005093,0,523,485,709,639,364,159,0,0,0,663,685,745,775,791,919,751,237,329,270,269,154,0,0,955,1171,1135,759,685,694,219,0,yewon,lean_right,1
168,1786864972.005400,0,524,485,703,639,359,157,0,0,0,664,685,745,765,803,917,747,237,318,263,269,147,0,0,956,1172,1125,758,676,692,201,0,yewon,lean_right,1
169,1786864972.005692,0,523,485,701,637,350,155,0,0,0,667,686,749,776,777,915,744,237,329,269,268,137,0,0,956,1173,1140,761,665,687,167,0,yewon,lean_right,1
170,1786864972.005993,0,527,485,703,637,347,151,0,0,0,667,699,747,775,779,914,743,237,318,270,273,123,0,0,956,1176,1145,763,665,691,163,0,yewon,lean_right,1
171,1786864972.006285,0,533,486,711,639,347,149,0,0,0,669,687,747,775,782,915,751,238,329,275,269,119,0,0,955,1172,1140,765,669,687,167,0,yewon,lean_right,1
172,1786864972.006580,0,533,489,715,645,347,147,0,0,0,671,691,747,777,789,917,744,240,326,275,271,121,0,0,955,1175,1145,776,679,692,165,0,yewon,lean_right,1
173,1786864972.006891,0,539,488,715,647,345,147,0,0,0,671,692,749,776,796,919,744,242,327,276,269,120,0,0,953,1176,1145,779,687,691,165,0,yewon,lean_right,1
174,1786864972.007195,0,552,489,717,648,345,147,0,0,0,676,693,751,776,804,921,773,245,317,275,269,121,0,0,953,1177,1161,787,696,694,175,0,yewon,lean_right,1
175,1786864972.007495,0,551,491,717,649,341,141,0,0,0,677,694,751,781,805,925,759,243,325,271,267,125,0,0,951,1177,1151,789,697,695,180,0,yewon,lean_right,1
176,1786864972.007789,0,553,492,716,650,339,141,0,0,0,676,713,753,782,804,927,764,243,312,269,269,125,0,0,947,1163,1151,792,695,695,180,0,yewon,lean_right,1
177,1786864972.008073,0,552,491,717,649,333,141,0,0,0,676,679,751,780,805,933,761,239,309,267,269,133,0,0,934,1196,1157,794,694,693,185,0,yewon,lean_right,1
178,1786864972.008371,0,551,490,716,648,329,138,0,0,0,677,695,755,777,806,933,788,243,306,266,264,138,0,0,931,1177,1151,794,699,696,211,0,yewon,lean_right,1
179,1786864972.008654,0,543,489,715,649,328,137,0,0,0,677,693,755,780,806,933,767,243,309,266,271,146,0,0,927,1179,1158,797,699,698,230,0,yewon,lean_right,1
180,1786864972.008943,0,544,491,715,649,329,139,0,0,0,675,694,755,778,807,935,780,246,305,267,267,152,0,0,928,1177,1159,798,703,698,243,0,yewon,lean_right,1
181,1786864972.009224,0,543,489,717,650,329,138,0,0,0,675,695,755,786,808,937,783,245,307,267,273,151,0,0,931,1177,1151,799,711,699,248,0,yewon,lean_right,1
182,1786864972.009513,0,543,491,717,652,330,137,0,0,0,677,697,757,787,811,937,787,247,299,268,275,159,0,0,930,1177,1157,798,701,701,251,0,yewon,lean_right,1
183,1786864972.009802,0,547,491,717,655,327,145,0,0,0,676,691,757,788,813,940,799,247,308,267,274,159,0,0,933,1177,1159,795,695,697,266,0,yewon,lean_right,1
184,1786864972.010085,0,548,495,717,653,329,136,0,0,0,677,697,759,781,813,941,788,249,307,267,273,157,0,0,933,1177,1149,791,683,703,239,0,yewon,lean_right,1
185,1786864972.010382,0,551,493,717,657,328,134,0,0,0,678,698,759,789,814,941,777,248,303,267,271,157,0,0,935,1175,1145,778,669,693,261,0,yewon,lean_right,1
186,1786864972.010662,0,553,494,718,657,325,133,0,0,0,680,699,761,787,813,939,783,247,303,267,273,163,0,0,937,1175,1135,765,653,694,254,0,yewon,lean_right,1
187,1786864972.010947,0,555,495,718,659,318,127,0,0,0,681,701,762,793,814,941,785,246,301,267,269,167,0,0,938,1175,1135,755,637,691,260,0,yewon,lean_right,1
188,1786864972.011239,0,557,495,721,659,325,133,0,0,0,681,701,763,791,819,939,783,245,300,267,269,164,0,0,943,1171,1129,743,629,692,255,0,yewon,lean_right,1
189,1786864972.011520,0,559,499,723,659,327,132,0,0,0,681,703,763,789,815,941,783,243,287,265,273,147,0,0,949,1170,1129,729,619,695,252,0,yewon,lean_right,1
190,1786864972.011814,0,564,505,723,650,327,126,0,0,0,683,701,764,789,819,942,791,243,301,265,271,157,0,0,951,1169,1116,716,607,687,249,0,yewon,lean_right,1
191,1786864972.012098,0,566,505,723,661,327,134,0,0,0,685,709,767,791,819,942,787,244,300,267,279,159,0,0,957,1165,1113,701,591,683,253,0,yewon,lean_right,1
192,1786864972.012380,0,568,507,724,661,329,134,0,0,0,683,703,766,791,815,941,786,243,303,266,275,149,0,0,959,1163,1108,690,583,688,249,0,yewon,lean_right,1
193,1786864972.012665,0,567,508,724,661,329,135,0,0,0,686,709,765,793,815,940,785,243,301,267,267,159,0,0,967,1163,1107,682,564,693,249,0,yewon,lean_right,1
194,1786864972.012941,0,567,509,725,659,329,134,0,0,0,685,708,773,791,813,941,787,243,301,265,271,155,0,0,967,1161,1103,677,559,684,248,0,yewon,lean_right,1
195,1786864972.013224,0,568,507,723,659,329,135,0,0,0,686,709,767,795,812,941,787,242,302,267,275,155,0,0,973,1161,1095,667,555,681,250,0,yewon,lean_right,1
196,1786864972.013498,0,567,507,724,659,331,124,0,0,0,685,703,773,795,813,941,788,240,303,268,278,155,0,0,972,1159,1093,660,540,680,252,0,yewon,lean_right,1
197,1786864972.013767,0,567,508,723,653,329,136,0,0,0,687,703,767,795,813,941,788,242,302,267,287,163,0,0,973,1159,1087,659,539,667,251,0,yewon,lean_right,1
198,1786864972.014040,0,565,509,723,657,330,137,0,0,0,687,709,767,783,813,941,789,244,301,267,275,164,0,0,973,1157,1086,653,539,684,229,0,yewon,lean_right,1
199,1786864972.014311,0,565,507,723,659,331,136,0,0,0,684,709,765,797,813,941,789,245,303,267,285,169,0,0,973,1157,1081,651,536,681,251,0,yewon,lean_right,1
200,1786864972.014589,0,564,508,722,654,332,135,0,0,0,686,703,772,793,815,943,789,245,307,269,277,165,0,0,973,1157,1083,649,535,677,249,0,yewon,lean_right,1
201,1786864972.014857,0,567,507,722,655,332,137,0,0,0,691,712,774,799,815,941,789,247,307,268,269,171,0,0,973,1157,1083,649,534,681,249,0,yewon,lean_right,1
202,1786864972.015125,0,565,517,722,655,330,136,0,0,0,687,710,773,792,819,943,791,247,303,270,277,172,0,0,973,1151,1079,645,532,679,263,0,yewon,lean_right,1
203,1786864972.015398,0,559,508,723,654,335,139,0,0,0,687,710,775,812,823,943,793,249,308,270,279,173,0,0,973,1159,1087,639,532,684,254,0,yewon,lean_right,1
204,1786864972.015665,0,559,508,721,653,339,137,0,0,0,691,711,775,803,824,945,795,251,309,271,277,174,0,0,969,1161,1079,648,530,669,262,0,yewon,lean_right,1
205,1786864972.015937,0,566,519,723,652,342,139,0,0,0,687,702,775,803,823,943,794,252,302,281,283,179,0,0,974,1163,1083,635,531,676,264,0,yewon,lean_right,1
206,1786864972.016205,0,565,519,725,653,339,139,0,0,0,691,711,775,803,826,947,795,253,312,273,292,183,0,0,972,1159,1083,649,531,679,263,0,yewon,lean_right,1
207,1786864972.016473,0,565,517,725,650,339,139,0,0,0,687,709,775,791,830,947,797,250,311,271,281,176,0,0,973,1159,1084,654,530,671,262,0,yewon,lean_right,1
208,1786864972.016757,0,569,519,725,653,339,139,0,0,0,693,711,775,813,827,946,795,254,312,275,287,180,0,0,973,1161,1084,653,532,677,281,0,yewon,lean_right,1
209,1786864972.017059,0,568,520,724,651,332,139,0,0,0,685,711,779,811,827,947,796,253,300,271,287,182,0,0,979,1161,1081,653,531,681,267,0,yewon,lean_right,1
210,1786864972.017382,0,569,520,721,651,339,138,0,0,0,687,711,776,807,837,948,797,251,311,273,285,179,0,0,981,1159,1085,652,530,669,265,0,yewon,lean_right,1
211,1786864972.017679,0,570,521,725,651,339,139,0,0,0,692,712,778,805,829,947,797,253,311,275,285,175,0,0,983,1161,1085,653,531,671,260,0,yewon,lean_right,1
212,1786864972.017949,0,571,521,726,653,339,136,0,0,0,692,714,780,805,837,947,797,251,309,273,279,171,0,0,982,1163,1077,655,531,671,254,0,yewon,lean_right,1
213,1786864972.018231,0,572,523,723,653,335,134,0,0,0,695,716,781,807,837,947,797,250,307,270,276,159,0,0,985,1161,1099,654,530,677,251,0,yewon,lean_right,1
214,1786864972.018504,0,579,523,723,653,329,125,0,0,0,695,715,782,809,831,948,799,245,303,269,263,154,0,0,987,1163,1085,653,527,665,247,0,yewon,lean_right,1
215,1786864972.018787,20,575,523,724,653,327,121,0,0,0,699,716,781,813,839,949,797,243,301,267,270,147,0,0,987,1165,1085,653,525,661,245,0,yewon,lean_right,1
216,1786864972.019062,0,579,523,722,652,320,116,0,0,0,699,717,783,809,838,947,797,239,299,265,271,135,0,0,987,1164,1075,651,523,661,237,0,yewon,lean_right,1
217,1786864972.019335,27,581,523,723,652,317,109,0,0,0,699,718,785,807,837,948,797,237,297,265,267,123,0,0,996,1165,1085,648,521,657,226,0,yewon,lean_right,1
218,1786864972.019614,24,579,523,718,651,313,109,0,0,0,703,717,785,812,840,947,796,233,297,263,263,121,0,0,998,1164,1109,649,521,648,220,0,yewon,lean_right,1
219,1786864972.019891,35,580,523,717,652,311,111,0,0,0,709,717,781,813,841,949,799,231,296,261,255,118,0,0,999,1165,1106,651,519,652,216,0,yewon,lean_right,1
220,1786864972.020173,38,583,522,723,653,311,107,0,0,0,713,723,782,811,843,949,799,229,293,263,248,111,0,0,1000,1163,1086,649,519,647,205,0,yewon,lean_right,1
221,1786864972.020444,39,585,523,731,651,308,107,0,0,0,711,712,788,814,847,943,797,229,297,261,255,107,0,0,1001,1143,1087,651,519,648,201,0,yewon,lean_right,1
222,1786864972.020714,40,588,523,723,652,308,105,0,0,0,713,719,787,814,845,949,799,227,295,262,253,107,0,0,1003,1171,1086,655,519,651,197,0,yewon,lean_right,1
223,1786864972.020997,43,587,525,725,653,307,104,0,0,0,713,724,789,815,849,949,798,227,295,262,250,103,0,0,1003,1165,1084,655,519,645,185,0,yewon,lean_right,1
224,1786864972.021266,41,589,527,723,655,307,103,0,0,0,713,725,791,815,847,949,799,223,294,261,253,109,0,0,1003,1167,1085,655,520,632,184,0,yewon,lean_right,1
225,1786864972.021546,41,589,525,726,655,307,103,0,0,0,715,722,785,818,851,946,798,227,295,262,261,103,0,0,1004,1170,1086,659,519,645,185,0,yewon,lean_right,1
226,1786864972.021814,43,588,527,725,655,307,103,0,0,0,713,723,789,815,851,949,799,228,296,263,253,105,0,0,1001,1165,1093,651,519,637,186,0,yewon,lean_right,1
227,1786864972.022084,44,587,527,725,657,309,103,0,0,0,713,725,790,819,850,951,799,227,297,263,255,103,0,0,1003,1164,1085,653,518,630,188,0,yewon,lean_right,1
228,1786864972.022354,43,588,527,725,654,309,106,0,0,0,713,719,790,819,849,950,799,229,297,263,261,109,0,0,1001,1165,1087,649,519,648,188,0,yewon,lean_right,1
229,1786864972.022623,51,587,527,728,657,309,107,0,0,0,717,723,790,815,847,949,799,231,297,263,251,111,0,0,999,1166,1085,648,519,638,189,0,yewon,lean_right,1
230,1786864972.022901,41,587,527,729,655,311,107,0,0,0,716,718,795,817,847,952,803,229,297,263,263,115,0,0,999,1161,1083,644,518,639,191,0,yewon,lean_right,1
231,1786864972.023170,43,585,527,726,653,313,111,0,0,0,711,723,789,815,845,950,797,231,299,264,265,116,0,0,1003,1167,1085,637,517,644,198,0,yewon,lean_right,1
232,1786864972.023445,41,587,525,728,655,316,115,0,0,0,715,723,789,815,844,949,797,230,301,267,266,121,0,0,1003,1166,1085,633,510,629,219,0,yewon,lean_right,1
233,1786864972.023712,39,584,524,728,659,316,116,0,0,0,709,725,783,815,843,952,797,234,300,264,263,124,0,0,1003,1167,1086,629,509,635,221,0,yewon,lean_right,1
234,1786864972.023980,39,583,523,727,657,323,120,0,0,0,713,722,788,819,842,950,797,233,301,265,265,135,0,0,1007,1163,1084,629,511,633,227,0,yewon,lean_right,1
235,1786864972.024262,36,582,525,728,658,327,121,0,0,0,710,719,789,815,842,950,797,233,301,267,267,139,0,0,1003,1165,1081,628,509,639,233,0,yewon,lean_right,1
236,1786864972.024529,31,584,524,729,658,325,125,0,0,0,704,719,787,813,839,947,796,233,302,265,273,141,0,0,1001,1163,1083,623,509,657,234,0,yewon,lean_right,1
237,1786864972.024805,30,585,523,731,659,331,127,0,0,0,710,723,789,813,839,949,795,235,303,267,271,150,0,0,999,1163,1083,619,509,645,239,0,yewon,lean_right,1
238,1786864972.025077,26,581,522,727,655,333,133,0,0,0,710,718,787,813,837,949,795,235,306,269,267,153,0,0,1001,1161,1082,621,510,639,245,0,yewon,lean_right,1
239,1786864972.025349,21,580,520,727,658,332,133,0,0,0,701,717,783,813,837,949,794,233,303,269,279,155,0,0,1001,1163,1081,619,509,629,245,0,yewon,lean_right,1
240,1786864972.025631,0,575,521,728,653,337,136,0,0,0,697,715,781,813,829,954,791,235,307,268,276,157,0,0,1001,1157,1083,619,509,647,249,0,yewon,lean_right,1
241,1786864972.025904,0,574,519,727,656,339,136,0,0,0,699,717,787,811,830,949,792,236,308,269,277,163,0,0,1000,1161,1079,621,509,648,251,0,yewon,lean_right,1
242,1786864972.026187,0,571,521,727,655,339,135,0,0,0,697,715,785,811,829,948,791,239,309,271,278,163,0,0,997,1160,1081,618,518,652,255,0,yewon,lean_right,1
243,1786864972.026460,0,571,517,727,655,338,138,0,0,0,699,716,782,811,830,951,791,238,309,271,275,168,0,0,997,1161,1081,622,518,658,261,0,yewon,lean_right,1
244,1786864972.026730,0,571,517,729,657,341,138,0,0,0,701,719,787,810,829,951,789,240,310,274,267,165,0,0,991,1162,1081,618,519,663,265,0,yewon,lean_right,1
245,1786864972.027003,0,573,517,727,654,339,139,0,0,0,699,717,787,811,829,949,787,242,311,275,285,170,0,0,993,1160,1082,617,521,657,267,0,yewon,lean_right,1
246,1786864972.027274,0,571,509,727,655,341,139,0,0,0,695,718,781,808,829,949,787,244,311,276,278,173,0,0,989,1157,1081,619,523,670,268,0,yewon,lean_right,1
247,1786864972.027547,0,571,517,725,657,343,139,0,0,0,697,716,783,809,831,951,789,243,313,279,281,176,0,0,989,1159,1081,619,525,669,271,0,yewon,lean_right,1
248,1786864972.027808,0,571,509,727,657,344,143,0,0,0,695,717,783,810,836,951,791,247,310,275,284,187,0,0,988,1159,1082,623,529,669,275,0,yewon,lean_right,1
249,1786864972.028072,0,569,509,728,653,345,147,0,0,0,697,716,783,807,837,955,789,247,311,275,287,181,0,0,989,1162,1081,627,531,680,275,0,yewon,lean_right,1
250,1786864972.047667,0,567,510,727,653,346,147,0,0,0,699,717,779,809,837,952,789,249,316,277,287,179,0,0,993,1160,1082,623,531,677,277,0,yewon,lean_right,1
251,1786864972.067722,0,570,509,727,659,347,148,0,0,0,697,717,783,811,839,951,793,244,314,277,287,183,0,0,989,1159,1081,626,533,680,291,0,yewon,lean_right,1
252,1786864972.087684,0,571,509,729,659,349,151,0,0,0,695,719,783,809,837,951,791,249,315,277,285,183,0,0,994,1161,1085,629,535,683,280,0,yewon,lean_right,1
253,1786864972.107731,0,571,517,728,659,347,151,0,0,0,697,715,781,809,831,953,793,249,315,275,287,183,0,0,991,1159,1087,627,535,683,281,0,yewon,lean_right,1
254,1786864972.127757,0,571,509,729,659,349,149,0,0,0,695,717,785,810,839,952,794,251,317,277,287,181,0,0,996,1159,1083,631,535,684,283,0,yewon,lean_right,1
255,1786864972.147769,0,570,517,729,659,347,148,0,0,0,697,715,783,811,836,955,794,251,315,283,287,183,0,0,994,1159,1083,631,535,684,281,0,yewon,lean_right,1
256,1786864972.167777,0,569,519,718,660,347,150,0,0,0,697,703,787,811,839,953,793,248,317,279,286,183,0,0,997,1173,1084,631,535,683,279,0,yewon,lean_right,1
257,1786864972.187790,0,570,519,731,659,346,149,0,0,0,703,717,783,811,836,953,793,249,317,277,286,183,0,0,999,1159,1083,628,536,685,280,0,yewon,lean_right,1
258,1786864972.207793,0,573,517,729,659,347,148,0,0,0,697,718,787,811,839,951,792,249,315,277,287,179,0,0,1001,1161,1083,622,535,685,281,0,yewon,lean_right,1
259,1786864972.228789,0,571,517,729,655,347,147,0,0,0,701,717,781,810,837,954,792,249,317,277,285,180,0,0,1003,1161,1081,619,535,684,281,0,yewon,lean_right,1
260,1786864972.248682,0,571,510,729,657,347,146,0,0,0,697,717,781,811,837,949,788,248,313,278,286,179,0,0,1003,1181,1064,621,535,684,281,0,yewon,lean_right,1
261,1786864972.268794,0,573,509,729,659,345,141,0,0,0,701,718,782,810,840,951,789,247,315,275,286,173,0,0,1001,1160,1082,622,535,683,280,0,yewon,lean_right,1
262,1786864972.288758,0,565,509,727,654,345,141,0,0,0,697,717,782,812,841,949,787,247,316,279,286,178,0,0,1005,1159,1081,621,535,684,281,0,yewon,lean_right,1
263,1786864972.308697,0,582,517,727,655,341,140,0,0,0,699,715,786,811,840,949,781,245,315,278,285,179,0,0,1005,1147,1082,619,535,685,283,0,yewon,lean_right,1
264,1786864972.328751,0,569,517,729,657,343,139,0,0,0,701,723,783,812,839,951,785,247,316,276,286,179,0,0,1007,1149,1081,621,536,684,281,0,yewon,lean_right,1
265,1786864972.348678,0,572,518,725,654,342,139,0,0,0,699,719,788,812,839,951,783,246,317,278,299,176,0,0,1011,1160,1081,613,537,679,281,0,yewon,lean_right,1
266,1786864972.368730,0,567,517,727,655,341,137,0,0,0,715,715,779,811,837,951,780,246,315,279,287,175,0,0,1013,1161,1077,615,537,685,281,0,yewon,lean_right,1
267,1786864972.388757,0,571,509,727,654,341,138,0,0,0,700,718,793,811,840,948,780,245,313,276,285,177,0,0,1011,1170,1079,616,536,687,282,0,yewon,lean_right,1
268,1786864972.408698,0,573,509,725,653,341,137,0,0,0,701,724,792,813,844,951,779,246,315,277,285,175,0,0,1013,1163,1080,614,536,686,283,0,yewon,lean_right,1
269,1786864972.428746,0,569,509,727,653,341,137,0,0,0,709,719,787,813,844,949,777,243,315,277,285,173,0,0,1015,1160,1081,620,537,683,284,0,yewon,lean_right,1
270,1786864972.448746,0,580,509,727,652,344,138,0,0,0,701,727,781,813,843,954,777,237,317,277,281,173,0,0,1018,1158,1081,615,537,687,283,0,yewon,lean_right,1
271,1786864972.468735,26,572,509,729,658,341,136,0,0,0,713,723,789,819,853,948,779,245,316,275,285,173,0,0,1017,1161,1083,619,539,687,283,0,yewon,lean_right,1
272,1786864972.488874,35,585,520,731,657,343,137,0,0,0,717,718,794,821,854,953,779,247,316,278,285,171,0,0,1020,1167,1077,621,537,690,285,0,yewon,lean_right,1
273,1786864972.508791,39,587,520,735,657,339,138,0,0,0,715,727,793,821,859,949,780,247,317,277,283,173,0,0,1022,1171,1085,628,537,685,286,0,yewon,lean_right,1
274,1786864972.528770,41,587,521,729,661,343,137,0,0,0,713,733,789,823,857,951,777,247,316,280,285,171,0,0,1021,1181,1087,628,539,690,284,0,yewon,lean_right,1
275,1786864972.548706,42,586,527,727,659,340,133,0,0,0,717,727,795,823,857,948,781,247,317,269,284,171,0,0,1023,1175,1086,645,539,691,281,0,yewon,lean_right,1
276,1786864972.568760,43,591,524,729,660,341,135,0,0,0,715,724,792,823,856,949,781,249,315,279,284,169,0,0,1021,1175,1091,647,541,687,281,0,yewon,lean_right,1
277,1786864972.588794,43,593,529,741,661,339,135,0,0,0,716,723,790,822,859,953,782,247,316,279,285,171,0,0,1031,1175,1093,651,540,691,281,0,yewon,lean_right,1
278,1786864972.608739,45,594,529,724,663,341,135,0,0,0,710,729,791,823,857,949,785,248,315,280,285,172,0,0,1031,1151,1093,661,543,692,281,0,yewon,lean_right,1
279,1786864972.628724,44,591,527,734,662,340,135,0,0,0,715,730,795,823,856,950,787,247,313,276,285,171,0,0,1033,1171,1095,667,543,693,279,0,yewon,lean_right,1
280,1786864972.648728,43,589,529,739,663,341,136,0,0,0,713,721,793,823,856,951,795,251,317,278,285,173,0,0,1036,1177,1095,671,544,693,279,0,yewon,lean_right,1
281,1786864972.668775,43,591,531,745,665,344,137,0,0,0,715,727,791,823,857,950,797,251,317,282,284,171,0,0,1033,1174,1097,677,555,693,279,0,yewon,lean_right,1
282,1786864972.688743,41,589,533,735,665,345,139,0,0,0,711,727,795,825,856,951,797,251,317,281,287,171,0,0,1033,1179,1097,683,556,693,281,0,yewon,lean_right,1
283,1786864972.708739,38,593,535,737,664,347,137,0,0,0,713,724,797,823,860,955,799,252,325,279,285,173,0,0,1032,1176,1099,684,557,695,279,0,yewon,lean_right,1
284,1786864972.728789,37,595,533,743,664,347,139,0,0,0,713,739,797,823,857,953,799,251,317,279,287,173,0,0,1032,1193,1100,691,556,693,277,0,yewon,lean_right,1
285,1786864972.748696,35,589,535,735,664,347,143,0,0,0,711,725,792,823,857,954,803,249,316,283,288,174,0,0,1031,1179,1101,695,555,693,275,0,yewon,lean_right,1
286,1786864972.768756,35,587,533,735,663,349,146,0,0,0,709,749,795,823,855,952,805,250,326,281,287,175,0,0,1023,1177,1101,693,559,695,275,0,yewon,lean_right,1
287,1786864972.788411,35,595,535,732,669,353,147,0,0,0,703,723,795,824,857,951,803,251,317,281,291,179,0,0,1021,1179,1101,692,558,696,276,0,yewon,lean_right,1
288,1786864972.808768,37,594,535,735,663,351,147,0,0,0,711,725,791,823,858,950,799,252,317,281,293,183,0,0,1019,1177,1101,701,563,696,275,0,yewon,lean_right,1
289,1786864972.828869,39,595,535,735,663,354,153,0,0,0,713,727,791,823,856,951,799,253,317,277,291,180,0,0,1015,1176,1101,711,569,699,274,0,yewon,lean_right,1
290,1786864972.848735,43,597,538,739,664,350,148,0,0,0,712,725,798,825,859,951,798,255,319,277,293,183,0,0,1007,1173,1102,717,584,699,274,0,yewon,lean_right,1
291,1786864972.868762,44,597,535,731,663,351,147,0,0,0,711,723,795,822,853,947,795,251,319,275,292,182,0,0,998,1173,1103,703,591,697,269,0,yewon,lean_right,1
292,1786864972.888774,45,596,537,731,662,347,146,0,0,0,711,725,793,823,851,941,797,251,307,283,287,179,0,0,988,1174,1105,712,599,699,269,0,yewon,lean_right,1
293,1786864972.908701,47,599,535,731,663,349,140,0,0,0,709,726,792,823,855,953,797,249,309,275,290,175,0,0,984,1173,1103,699,606,699,267,0,yewon,lean_right,1
294,1786864972.928754,47,599,535,733,663,349,139,0,0,0,711,725,791,823,855,948,795,249,310,273,288,171,0,0,983,1172,1105,715,614,699,249,0,yewon,lean_right,1
295,1786864972.948732,48,601,533,731,661,348,137,0,0,0,715,720,791,823,855,950,793,248,311,277,286,170,0,0,969,1171,1103,712,615,699,253,0,yewon,lean_right,1
296,1786864972.968741,55,605,536,732,663,347,139,0,0,0,713,725,794,815,857,949,793,249,309,276,287,169,0,0,981,1172,1105,715,617,709,263,0,yewon,lean_right,1
297,1786864972.988563,57,611,535,731,661,347,137,0,0,0,716,725,791,825,854,947,791,250,307,274,287,167,0,0,981,1171,1105,697,619,701,243,0,yewon,lean_right,1
298,1786864973.008077,59,615,536,733,662,345,135,0,0,0,730,723,795,826,859,951,792,254,303,277,285,163,0,0,982,1174,1105,715,619,701,239,0,yewon,lean_right,1
299,1786864973.028803,61,615,535,731,660,343,133,0,0,0,719,729,796,825,857,956,791,249,307,271,285,159,0,0,995,1165,1107,717,617,700,231,0,yewon,lean_right,1
300,1786864973.048707,61,615,536,729,659,339,125,0,0,0,717,727,797,825,860,949,791,249,301,270,283,157,0,0,980,1172,1106,717,616,699,227,0,yewon,lean_right,1
301,1786864973.068755,67,619,535,731,663,334,121,0,0,0,715,725,795,827,859,949,789,249,301,269,283,149,0,0,979,1175,1106,717,610,699,226,0,yewon,lean_right,1
302,1786864973.088796,67,621,533,727,659,335,118,0,0,0,711,725,793,825,859,947,787,249,297,273,280,147,0,0,967,1171,1107,727,603,697,218,0,yewon,lean_right,1
303,1786864973.108760,71,618,525,727,659,335,116,0,0,0,710,729,795,825,859,946,786,239,299,268,281,141,0,0,953,1167,1107,717,601,697,215,0,yewon,lean_right,1
304,1786864973.128745,76,616,529,729,653,329,111,0,0,0,716,728,795,825,856,947,791,247,295,269,281,137,0,0,940,1165,1107,716,589,696,210,0,yewon,lean_right,1
305,1786864973.148726,89,619,533,725,653,333,111,0,0,0,721,726,793,823,859,947,789,248,291,267,281,138,0,0,925,1164,1106,717,581,693,219,0,yewon,lean_right,1
306,1786864973.168787,109,620,535,723,653,328,111,0,0,0,719,726,793,823,855,935,791,247,295,263,279,139,0,0,919,1159,1103,711,571,691,201,0,yewon,lean_right,1
307,1786864973.188819,112,613,525,723,655,329,111,0,0,0,717,725,793,825,855,941,793,249,287,267,279,136,0,0,915,1150,1103,718,568,686,197,0,yewon,lean_right,1
308,1786864973.208751,117,619,533,723,652,329,107,0,0,0,715,727,795,827,859,947,788,249,291,265,280,138,0,0,905,1157,1102,718,555,684,191,0,yewon,lean_right,1
309,1786864973.228784,110,622,534,723,657,327,109,0,0,0,717,725,793,824,861,949,795,251,291,265,285,140,0,0,904,1145,1103,721,547,683,189,0,yewon,lean_right,1
310,1786864973.248735,107,623,533,725,655,317,107,0,0,0,717,725,795,826,862,951,796,251,293,265,279,143,0,0,891,1145,1102,717,542,675,189,0,yewon,lean_right,1
311,1786864973.268740,109,617,533,725,655,319,109,0,0,0,715,723,807,825,869,952,797,251,296,265,280,143,0,0,885,1147,1102,717,535,677,185,0,yewon,lean_right,1
312,1786864973.288779,109,623,533,723,654,319,107,0,0,0,715,723,793,824,867,951,797,254,295,265,279,143,0,0,876,1140,1105,719,529,671,183,0,yewon,lean_right,1
313,1786864973.308726,110,623,531,723,653,316,105,0,0,0,715,723,791,825,869,953,793,253,295,267,281,147,0,0,871,1135,1102,717,525,675,170,0,yewon,lean_right,1
314,1786864973.328722,103,623,531,729,651,314,103,0,0,0,714,727,791,821,869,955,797,251,297,263,278,148,0,0,863,1131,1107,716,521,666,169,0,yewon,lean_right,1
315,1786864973.348038,82,617,525,719,651,312,103,0,0,0,697,717,787,822,863,955,799,249,295,264,278,147,0,0,853,1119,1106,717,510,664,157,0,yewon,lean_right,1
316,1786864973.368544,77,617,524,717,652,307,101,0,0,0,713,719,789,820,869,950,803,251,297,265,279,148,0,0,847,1117,1107,716,519,662,169,0,yewon,lean_right,1
317,1786864973.388783,74,615,523,714,651,307,101,0,0,0,715,719,778,823,859,955,799,254,297,267,280,151,0,0,829,1111,1106,715,519,664,167,0,yewon,lean_right,1
318,1786864973.408715,73,615,521,711,650,301,103,0,0,0,711,723,785,815,846,953,803,253,300,267,280,152,0,0,819,1100,1105,716,519,663,163,0,yewon,lean_right,1
319,1786864973.428796,73,614,524,714,649,301,101,0,0,0,703,718,785,815,871,955,799,251,296,265,278,155,0,0,805,1099,1101,713,511,661,165,0,yewon,lean_right,1
320,1786864973.448725,79,615,525,713,648,300,102,0,0,0,703,717,781,821,873,955,799,252,297,265,279,155,0,0,797,1084,1099,715,509,659,167,0,yewon,lean_right,1
321,1786864973.468774,89,614,525,714,647,300,105,0,0,0,711,696,781,815,874,963,798,253,299,264,279,157,0,0,792,1083,1098,743,507,655,157,0,yewon,lean_right,1
322,1786864973.488879,105,616,525,715,650,301,103,0,0,0,699,715,779,815,873,958,799,253,299,266,287,163,0,0,789,1079,1099,717,507,655,157,0,yewon,lean_right,1
323,1786864973.508073,125,619,527,717,649,307,105,0,0,0,698,713,779,811,876,957,799,263,299,269,280,167,0,0,777,1071,1097,716,507,680,163,0,yewon,lean_right,1
324,1786864973.528764,120,621,529,715,651,311,107,0,0,0,696,712,775,811,877,957,804,265,301,269,282,171,0,0,765,1072,1097,715,509,659,159,0,yewon,lean_right,1
325,1786864973.548760,125,621,531,719,651,315,109,0,0,0,691,713,773,809,879,958,801,267,305,268,283,177,0,0,761,1060,1095,719,509,661,165,0,yewon,lean_right,1
326,1786864973.568739,123,623,531,722,648,319,115,0,0,0,685,708,765,812,883,959,799,269,307,270,286,175,0,0,751,1054,1093,719,519,665,158,0,yewon,lean_right,1
327,1786864973.588744,123,623,531,724,648,328,121,0,0,0,679,702,760,807,881,957,800,275,303,269,287,184,0,0,745,1051,1087,718,520,663,174,0,yewon,lean_right,1
328,1786864973.608746,122,623,533,723,645,330,124,0,0,0,669,697,753,804,876,957,805,269,308,271,287,187,0,0,734,1048,1085,721,517,665,189,0,yewon,lean_right,1
329,1786864973.628283,121,623,535,724,646,333,125,0,0,0,666,696,755,797,879,960,805,271,309,274,291,191,0,0,727,1045,1084,719,521,662,213,0,yewon,lean_right,1
330,1786864973.648743,115,623,537,725,638,339,137,0,0,0,663,695,749,796,879,957,797,275,298,286,295,199,0,0,717,1021,1083,719,521,677,221,0,yewon,lean_right,1
331,1786864973.668794,108,621,537,725,639,345,136,0,0,0,649,693,741,791,877,957,803,275,311,271,296,200,0,0,700,1049,1081,715,523,675,239,0,yewon,lean_right,1
332,1786864973.688768,99,623,537,723,636,345,139,0,0,0,639,683,734,790,875,964,809,274,311,275,297,201,0,0,687,1045,1078,717,521,677,246,0,yewon,lean_right,1
333,1786864973.708767,85,621,536,724,636,346,141,0,0,0,634,677,731,789,877,959,805,277,313,275,299,203,0,0,685,1035,1076,715,519,669,251,0,yewon,lean_right,1
334,1786864973.728780,75,620,537,731,636,349,145,0,0,0,621,670,725,781,877,965,805,275,330,269,300,212,0,0,682,1039,1075,715,519,677,255,0,yewon,lean_right,1
335,1786864973.748726,73,623,537,726,636,347,147,0,0,0,617,664,723,779,877,964,805,277,313,271,302,214,0,0,679,1039,1070,713,517,679,260,0,yewon,lean_right,1
336,1786864973.768767,69,617,537,724,636,349,149,0,0,0,612,659,721,763,876,964,805,277,313,275,297,217,0,0,671,1031,1067,701,519,681,261,0,yewon,lean_right,1
337,1786864973.788741,69,617,537,724,637,350,149,0,0,0,605,655,711,765,871,969,799,277,308,270,306,221,0,0,669,1032,1066,692,519,682,267,0,yewon,lean_right,1
338,1786864973.808729,71,617,536,725,636,351,151,0,0,0,603,649,703,765,875,964,805,279,315,276,308,223,0,0,671,1009,1063,684,517,681,275,0,yewon,lean_right,1
339,1786864973.828784,71,615,536,723,635,351,153,0,0,0,595,647,697,763,875,967,805,278,314,277,309,223,0,0,665,1030,1060,679,517,677,255,0,yewon,lean_right,1
340,1786864973.848704,71,616,537,718,630,345,153,0,0,0,587,647,695,760,875,967,807,284,302,275,311,229,0,0,661,1020,1055,668,509,684,281,0,yewon,lean_right,1
341,1786864973.868718,69,616,535,723,633,354,153,0,0,0,583,623,693,761,877,965,807,278,317,275,311,231,0,0,659,1015,1053,670,509,685,283,0,yewon,lean_right,1
342,1786864973.888774,67,612,535,718,633,355,155,0,0,0,571,633,695,777,875,967,807,279,317,279,311,232,0,0,651,1023,1052,663,511,685,291,0,yewon,lean_right,1
343,1786864973.908684,63,613,537,717,634,355,155,0,0,0,571,631,692,761,875,979,807,279,317,279,315,233,0,0,650,1021,1051,659,510,687,284,0,yewon,lean_right,1
344,1786864973.928735,63,613,534,711,632,351,155,0,0,0,571,629,699,759,874,969,809,281,324,280,317,236,0,0,645,1031,1047,654,509,687,285,0,yewon,lean_right,1
345,1786864973.948708,59,613,534,717,632,353,155,0,0,0,569,628,693,756,875,968,808,281,319,279,314,235,0,0,649,1031,1047,654,509,687,287,0,yewon,lean_right,1
346,1786864973.968699,63,613,537,717,629,353,154,0,0,0,563,621,693,757,875,969,811,281,317,278,317,237,0,0,649,1031,1047,659,509,683,293,0,yewon,lean_right,1
347,1786864973.988717,63,615,537,716,631,354,152,0,0,0,565,627,692,759,876,969,810,285,319,280,315,239,0,0,651,1023,1045,660,507,684,278,0,yewon,lean_right,1
348,1786864974.008746,63,614,535,715,632,350,153,0,0,0,563,625,691,759,877,970,814,284,297,279,317,239,0,0,651,1032,1045,660,509,690,293,0,yewon,lean_right,1
349,1786864974.028779,63,615,537,717,631,349,150,0,0,0,565,623,691,759,876,971,811,287,323,265,317,239,0,0,653,1031,1046,663,509,687,298,0,yewon,lean_right,1
350,1786864974.048737,68,617,529,721,635,355,155,0,0,0,569,627,691,761,883,971,804,285,319,279,326,239,0,0,661,1033,1045,667,510,687,293,0,yewon,lean_right,1
351,1786864974.068734,73,622,540,725,635,355,153,0,0,0,560,619,687,761,887,971,804,276,327,279,318,243,0,0,668,1022,1045,663,517,691,300,0,yewon,lean_right,1
352,1786864974.088754,99,623,537,727,637,359,157,0,0,0,557,619,686,760,887,972,799,285,319,280,325,239,0,0,675,1035,1044,664,519,693,297,0,yewon,lean_right,1
353,1786864974.108736,111,627,543,729,649,369,155,0,0,0,555,617,685,759,888,973,804,282,319,283,317,247,0,0,681,1031,1043,664,517,694,296,0,yewon,lean_right,1
354,1786864974.128753,119,628,542,733,659,375,159,0,0,0,551,613,679,757,886,967,800,291,319,285,318,245,0,0,697,1035,1042,661,518,695,299,0,yewon,lean_right,1
355,1786864974.148720,123,632,544,737,663,382,163,0,0,0,550,613,680,761,893,979,805,291,326,281,319,262,0,0,685,1033,1045,667,519,696,299,0,yewon,lean_right,1
356,1786864974.168765,132,637,547,739,663,398,165,0,0,0,547,607,679,765,903,980,811,294,325,283,319,248,0,0,691,1035,1045,669,522,726,301,0,yewon,lean_right,1
357,1786864974.188788,123,637,547,739,668,406,168,0,0,0,540,606,677,763,905,981,811,292,327,283,325,248,0,0,696,1039,1045,671,522,701,307,0,yewon,lean_right,1
358,1786864974.208751,124,639,551,738,670,409,168,0,0,0,539,603,671,761,903,983,811,299,327,277,327,245,0,0,696,1039,1047,675,521,699,301,0,yewon,lean_right,1
359,1786864974.228738,111,639,550,740,671,413,170,0,0,0,537,599,668,779,909,980,811,291,331,283,329,249,0,0,696,1042,1046,677,521,701,309,0,yewon,lean_right,1
360,1786864974.248713,103,636,551,751,671,414,171,0,0,0,549,588,659,759,909,981,810,297,330,282,312,254,0,0,702,1043,1047,693,521,697,302,0,yewon,lean_right,1
361,1786864974.268740,71,635,552,740,675,419,171,0,0,0,532,591,661,759,903,981,815,297,327,284,330,253,0,0,697,1047,1047,687,523,703,301,0,yewon,lean_right,1
362,1786864974.288725,61,633,559,742,671,421,172,0,0,0,527,585,661,757,895,981,813,295,331,270,329,253,0,0,699,1047,1051,691,529,709,301,0,yewon,lean_right,1
363,1786864974.308751,68,631,549,739,676,421,173,0,0,0,527,585,661,749,908,981,811,297,329,285,327,254,0,0,699,1055,1049,695,529,709,307,0,yewon,lean_right,1
364,1786864974.328757,63,631,551,739,672,420,171,0,0,0,521,580,653,749,891,980,815,297,329,285,338,255,0,0,709,1035,1049,696,529,713,319,0,yewon,lean_right,1
365,1786864974.348691,61,631,552,739,671,421,172,0,0,0,521,563,654,740,901,979,811,295,329,285,331,255,0,0,701,1049,1049,696,529,695,311,0,yewon,lean_right,1
366,1786864974.368741,63,632,551,740,675,423,175,0,0,0,521,579,658,755,889,980,815,295,329,285,329,261,0,0,702,1049,1049,697,529,711,313,0,yewon,lean_right,1
367,1786864974.388767,58,633,553,743,679,426,165,0,0,0,523,580,659,749,895,981,813,295,329,285,319,253,0,0,701,1047,1048,695,529,714,313,0,yewon,lean_right,1
368,1786864974.408733,76,635,551,743,681,427,173,0,0,0,527,581,659,758,903,983,804,293,330,285,331,260,0,0,711,1049,1051,697,531,731,312,0,yewon,lean_right,1
369,1786864974.428764,83,635,553,743,679,429,173,0,0,0,530,580,661,756,908,981,806,293,330,285,329,255,0,0,715,1053,1051,697,531,715,313,0,yewon,lean_right,1
370,1786864974.448744,107,637,551,744,683,429,175,0,0,0,532,583,663,754,907,997,811,291,329,287,328,261,0,0,742,1052,1052,697,532,710,314,0,yewon,lean_right,1
371,1786864974.468724,107,637,553,745,681,429,169,0,0,0,533,582,665,763,905,989,799,288,331,285,329,260,0,0,729,1053,1051,695,531,715,331,0,yewon,lean_right,1
372,1786864974.488732,105,637,552,747,679,429,172,0,0,0,533,583,663,751,903,981,797,287,331,285,333,264,0,0,732,1053,1051,697,532,713,327,0,yewon,lean_right,1
373,1786864974.508732,103,635,551,743,675,427,175,0,0,0,535,584,663,759,923,982,797,285,331,281,330,260,0,0,738,1053,1049,693,531,718,327,0,yewon,lean_right,1
374,1786864974.528070,73,633,551,743,669,421,171,0,0,0,535,584,661,755,901,977,797,285,331,285,331,259,0,0,743,1048,1049,693,533,716,325,0,yewon,lean_right,1
375,1786864974.548717,69,631,549,743,664,413,169,0,0,0,536,589,663,757,891,982,796,282,329,285,329,261,0,0,741,1053,1049,681,533,715,317,0,yewon,lean_right,1
376,1786864974.568740,63,629,549,741,661,405,172,0,0,0,535,583,664,749,888,981,789,283,329,285,330,261,0,0,740,1049,1048,676,533,703,326,0,yewon,lean_right,1
377,1786864974.588758,69,627,547,741,659,402,159,0,0,0,537,586,664,751,893,980,790,281,330,285,331,255,0,0,721,1048,1045,665,533,711,325,0,yewon,lean_right,1
378,1786864974.608711,53,623,548,740,659,397,175,0,0,0,538,585,665,755,895,981,795,283,331,286,331,254,0,0,741,1048,1045,659,533,718,319,0,yewon,lean_right,1
379,1786864974.628725,61,619,563,741,658,394,171,0,0,0,539,587,665,751,877,983,797,283,331,286,328,261,0,0,740,1051,1043,651,534,713,305,0,yewon,lean_right,1
380,1786864974.648708,59,619,550,741,663,402,171,0,0,0,539,585,667,756,889,983,797,285,331,285,329,261,0,0,739,1047,1041,647,533,717,329,0,yewon,lean_right,1
381,1786864974.668743,59,621,547,741,665,405,180,0,0,0,541,587,668,751,894,983,803,287,331,287,331,263,0,0,741,1046,1043,639,535,713,319,0,yewon,lean_right,1
382,1786864974.688801,63,621,547,743,670,410,171,0,0,0,543,587,671,763,895,989,795,287,331,285,332,275,0,0,743,1047,1043,635,535,716,325,0,yewon,lean_right,1
383,1786864974.708706,59,627,549,743,667,403,171,0,0,0,548,589,675,761,901,989,799,287,331,287,329,265,0,0,742,1047,1041,638,534,713,329,0,yewon,lean_right,1
384,1786864974.728780,63,623,543,743,667,411,173,0,0,0,549,573,677,760,895,1001,791,287,331,286,333,261,0,0,743,1047,1043,637,535,715,330,0,yewon,lean_right,1
385,1786864974.748702,59,627,549,742,665,411,171,0,0,0,551,589,678,759,895,981,795,286,331,287,333,256,0,0,739,1047,1039,633,536,716,325,0,yewon,lean_right,1
386,1786864974.768739,68,626,549,743,663,405,171,0,0,0,551,590,678,761,901,982,797,285,332,286,333,265,0,0,739,1045,1039,631,536,711,317,0,yewon,lean_right,1
387,1786864974.788091,63,624,549,741,660,399,169,0,0,0,553,594,679,760,894,981,797,284,331,285,329,253,0,0,733,1045,1039,629,535,713,325,0,yewon,lean_right,1
388,1786864974.808739,63,621,548,741,667,393,169,0,0,0,551,591,679,760,891,981,792,284,328,285,330,251,0,0,733,1043,1035,628,533,725,315,0,yewon,lean_right,1
389,1786864974.828728,60,623,547,743,654,392,167,0,0,0,553,594,681,765,889,978,795,283,331,286,331,251,0,0,733,1071,1035,627,531,715,314,0,yewon,lean_right,1
390,1786864974.848716,61,623,548,742,653,383,167,0,0,0,553,595,681,759,889,979,797,283,331,286,333,253,0,0,732,1043,1033,620,529,709,313,0,yewon,lean_right,1
391,1786864974.868709,61,623,548,742,655,379,167,0,0,0,553,595,681,763,888,981,799,283,330,285,329,263,0,0,730,1041,1033,615,525,710,308,0,yewon,lean_right,1
392,1786864974.888710,59,623,549,741,653,381,166,0,0,0,555,596,681,773,887,981,797,281,331,285,329,248,0,0,729,1039,1021,611,523,713,313,0,yewon,lean_right,1
393,1786864974.908737,61,621,548,742,655,396,167,0,0,0,555,596,683,761,887,979,797,281,324,285,331,244,0,0,723,1039,1019,601,523,711,317,0,yewon,lean_right,1
394,1786864974.928756,61,623,549,742,660,383,167,0,0,0,556,595,683,765,887,975,803,280,331,286,331,253,0,0,727,1035,1017,597,521,709,313,0,yewon,lean_right,1
395,1786864974.948729,60,621,548,741,654,391,167,0,0,0,559,599,683,763,885,981,799,279,330,287,341,249,0,0,726,1032,1016,589,520,709,311,0,yewon,lean_right,1
396,1786864974.968747,57,621,544,747,653,393,167,0,0,0,557,597,682,763,889,980,799,278,330,284,329,255,0,0,731,1031,1015,581,518,696,310,0,yewon,lean_right,1
397,1786864974.988704,57,619,547,743,659,395,169,0,0,0,559,599,686,766,885,981,799,280,331,285,329,252,0,0,726,1035,1015,571,517,711,315,0,yewon,lean_right,1
398,1786864975.008719,59,619,548,743,660,399,169,0,0,0,562,601,685,765,883,981,799,279,331,286,329,261,0,0,725,1032,1012,562,518,701,313,0,yewon,lean_right,1
399,1786864975.028809,58,617,541,740,659,405,167,0,0,0,552,599,683,765,879,983,792,280,331,286,329,251,0,0,717,1035,1007,554,509,696,317,0,yewon,lean_right,1
400,1786864975.048761,57,618,555,739,663,407,171,0,0,0,559,601,687,761,878,983,799,277,345,281,331,254,0,0,719,1032,1007,549,517,697,314,0,yewon,lean_right,1
401,1786864975.068743,52,618,547,743,667,423,173,0,0,0,563,601,687,758,879,979,798,280,333,287,332,254,0,0,719,1033,1007,548,519,695,314,0,yewon,lean_right,1
402,1786864975.088734,57,617,549,743,671,431,175,0,0,0,568,603,687,759,883,980,799,281,334,291,331,264,0,0,717,1033,1007,551,517,702,311,0,yewon,lean_right,1
403,1786864975.108741,57,616,548,743,677,437,180,21,0,0,567,603,685,756,881,981,799,282,334,291,337,261,0,0,719,1034,1011,554,520,697,299,0,yewon,lean_right,1
404,1786864975.128735,53,616,551,743,683,441,181,27,0,0,565,604,687,764,879,980,807,283,337,291,331,253,0,0,717,1035,1011,553,519,702,316,0,yewon,lean_right,1
405,1786864975.148719,51,616,544,744,683,443,181,29,0,0,568,605,687,761,883,969,804,287,349,291,333,267,0,0,718,1039,1011,555,517,700,329,0,yewon,lean_right,1
406,1786864975.168770,47,617,549,743,687,443,183,31,0,0,563,607,687,760,879,975,803,285,337,293,333,261,0,0,717,1033,1013,555,508,698,325,0,yewon,lean_right,1
407,1786864975.188745,47,616,549,744,681,443,184,31,0,0,565,607,691,755,875,979,805,284,340,291,331,269,0,0,714,1039,1011,559,505,697,319,0,yewon,lean_right,1
408,1786864975.208733,45,607,549,743,679,443,181,29,0,0,566,609,691,749,873,979,808,283,339,291,341,267,0,0,715,1041,1013,559,505,689,317,0,yewon,lean_right,1
409,1786864975.228781,39,603,548,747,678,441,179,26,0,0,569,611,692,751,872,979,809,281,337,287,335,268,0,0,711,1035,1011,565,504,691,315,0,yewon,lean_right,1
410,1786864975.248686,43,603,547,739,672,439,179,0,0,0,567,613,695,759,871,979,809,277,338,293,329,271,0,0,717,1041,1013,568,498,687,313,0,yewon,lean_right,1
411,1786864975.268736,38,601,549,741,675,439,179,0,0,0,570,612,693,755,870,979,809,275,339,288,334,269,0,0,716,1035,1015,580,494,681,313,0,yewon,lean_right,1
412,1786864975.288747,37,603,547,737,676,438,179,0,0,0,567,615,693,760,875,979,811,274,335,287,329,266,0,0,715,1035,1013,581,491,683,313,0,yewon,lean_right,1
413,1786864975.308731,40,602,547,742,676,437,179,0,0,0,571,615,696,765,871,980,811,275,335,291,328,263,0,0,724,1043,1015,585,490,679,311,0,yewon,lean_right,1
414,1786864975.328801,43,604,547,741,676,437,179,0,0,0,575,615,697,763,871,980,807,275,337,287,331,261,0,0,727,1043,1015,585,489,678,311,0,yewon,lean_right,1
415,1786864975.348718,41,603,549,741,675,437,175,0,0,0,579,619,701,763,871,979,807,277,334,286,330,263,0,0,730,1045,1013,581,487,675,311,0,yewon,lean_right,1
416,1786864975.368747,41,605,544,733,677,437,185,0,0,0,583,627,700,766,875,979,807,275,329,287,329,254,0,0,738,1043,1015,582,489,676,314,0,yewon,lean_right,1
417,1786864975.388740,42,611,549,741,675,431,175,0,0,0,588,623,701,751,871,979,806,275,331,286,329,252,0,0,738,1047,1013,581,487,677,341,0,yewon,lean_right,1
418,1786864975.408723,45,613,549,743,671,428,175,0,0,0,591,627,709,773,873,979,807,275,333,287,333,252,0,0,739,1047,1013,567,487,680,317,0,yewon,lean_right,1
419,1786864975.428794,46,612,547,743,668,423,173,0,0,0,597,627,710,773,873,975,803,271,331,286,327,245,0,0,734,1047,1012,563,489,671,317,0,yewon,lean_right,1
420,1786864975.448695,45,613,549,745,669,415,173,0,0,0,597,632,711,774,871,975,803,271,331,286,327,245,0,0,743,1047,1011,557,491,657,325,0,yewon,lean_right,1
421,1786864975.468749,51,617,549,744,668,413,169,0,0,0,599,633,716,775,873,975,799,270,333,285,327,247,0,0,745,1048,1011,558,491,666,327,0,yewon,lean_right,1
422,1786864975.488762,44,615,549,744,669,406,169,0,0,0,602,633,714,777,873,974,799,275,331,285,324,246,0,0,751,1051,1013,557,491,680,325,0,yewon,lean_right,1
423,1786864975.508728,51,617,549,743,666,403,169,0,0,0,605,635,716,778,873,973,799,273,331,286,317,245,0,0,749,1049,1011,555,492,659,319,0,yewon,lean_right,1
424,1786864975.528794,50,619,549,745,666,395,167,0,0,0,611,637,717,779,873,975,799,273,331,285,317,243,0,0,750,1051,1011,549,493,677,315,0,yewon,lean_right,1
425,1786864975.548731,51,617,549,743,667,384,165,0,0,0,613,637,723,778,872,973,797,269,331,282,325,249,0,0,751,1053,1011,555,493,679,314,0,yewon,lean_right,1
426,1786864975.568738,51,617,549,745,665,382,163,0,0,0,613,647,722,779,873,972,797,269,332,285,317,238,0,0,751,1053,1011,557,495,678,313,0,yewon,lean_right,1
427,1786864975.588753,52,618,549,745,666,379,165,0,0,0,613,647,723,777,873,973,797,269,331,284,325,239,0,0,757,1054,1014,563,495,679,312,0,yewon,lean_right,1
428,1786864975.608726,47,617,549,745,663,377,165,0,0,0,617,643,725,779,871,977,800,268,329,282,306,237,0,0,755,1061,1013,565,499,679,311,0,yewon,lean_right,1
429,1786864975.628724,48,619,549,743,666,376,163,0,0,0,615,651,727,779,875,973,799,268,333,284,319,251,0,0,759,1063,1017,568,499,680,313,0,yewon,lean_right,1
430,1786864975.648703,47,619,550,746,666,376,163,0,0,0,619,653,725,780,874,972,799,269,331,284,329,235,0,0,761,1060,1019,582,499,691,313,0,yewon,lean_right,1
431,1786864975.668745,50,619,549,744,667,375,165,0,0,0,617,651,727,779,874,973,799,269,349,286,319,249,0,0,765,1063,1019,586,498,679,317,0,yewon,lean_right,1
432,1786864975.688759,47,619,551,739,667,373,165,0,0,0,620,653,725,779,885,979,799,266,331,287,318,239,0,0,765,1065,1021,589,499,676,314,0,yewon,lean_right,1
433,1786864975.708689,48,615,551,745,666,373,163,0,0,0,619,653,727,781,873,970,797,269,332,285,309,239,0,0,777,1065,1021,597,501,679,315,0,yewon,lean_right,1
434,1786864975.728713,47,615,549,744,665,366,163,0,0,0,620,653,729,781,872,971,799,271,333,287,329,237,0,0,779,1069,1031,604,499,683,312,0,yewon,lean_right,1
435,1786864975.748708,47,615,549,745,663,364,159,0,0,0,628,659,731,781,870,968,797,269,333,285,325,237,0,0,781,1068,1033,605,500,677,313,0,yewon,lean_right,1
436,1786864975.768716,47,613,549,743,663,363,157,0,0,0,623,660,729,783,870,971,797,271,333,287,324,239,0,0,783,1075,1032,610,501,683,313,0,yewon,lean_right,1
437,1786864975.788736,48,613,549,745,662,362,159,0,0,0,629,659,733,783,871,968,797,271,333,287,333,237,0,0,790,1075,1035,613,501,681,311,0,yewon,lean_right,1
438,1786864975.808748,47,615,549,744,663,363,157,0,0,0,631,659,733,785,871,970,793,269,332,285,318,236,0,0,789,1076,1035,615,503,679,313,0,yewon,lean_right,1
439,1786864975.828752,47,613,547,745,661,359,157,0,0,0,634,662,733,787,871,969,795,268,329,286,319,237,0,0,793,1077,1035,616,501,681,313,0,yewon,lean_right,1
440,1786864975.848697,49,612,548,745,661,362,157,0,0,0,633,661,741,787,873,968,792,269,330,287,325,235,0,0,795,1075,1035,613,503,681,313,0,yewon,lean_right,1
441,1786864975.868752,47,613,549,743,663,362,157,0,0,0,633,661,738,789,871,967,793,267,332,285,319,219,0,0,793,1076,1035,617,503,681,314,0,yewon,lean_right,1
442,1786864975.888741,50,613,550,743,661,365,159,0,0,0,633,662,739,787,872,971,793,268,330,285,331,233,0,0,796,1077,1036,616,503,681,314,0,yewon,lean_right,1
443,1786864975.908663,50,615,551,743,663,367,157,0,0,0,635,659,741,789,871,969,793,267,327,283,315,231,0,0,799,1071,1035,617,504,681,314,0,yewon,lean_right,1
444,1786864975.928745,47,615,549,742,663,366,159,0,0,0,636,661,740,788,873,969,793,266,331,284,318,233,0,0,797,1076,1039,616,503,681,313,0,yewon,lean_right,1
445,1786864975.948683,48,613,551,747,664,367,159,0,0,0,636,661,742,788,873,971,793,266,329,284,314,232,0,0,795,1077,1035,619,503,678,312,0,yewon,lean_right,1
446,1786864975.968686,49,613,550,745,663,365,159,0,0,0,638,663,739,789,873,971,793,266,329,283,313,232,0,0,798,1075,1035,613,503,665,312,0,yewon,lean_right,1
447,1786864975.988757,47,613,551,746,662,365,159,0,0,0,638,661,740,789,871,970,791,265,328,283,315,230,0,0,799,1074,1034,616,502,679,312,0,yewon,lean_right,1
448,1786864976.008828,46,611,553,744,663,365,157,0,0,0,639,661,741,788,869,969,793,265,319,285,314,230,0,0,803,1075,1033,611,501,679,307,0,yewon,lean_right,1
449,1786864976.028084,46,609,551,745,661,363,161,0,0,0,647,664,743,790,871,967,789,265,327,281,317,223,0,0,799,1079,1035,613,503,679,311,0,yewon,lean_right,1
450,1786864976.048079,47,607,549,744,661,363,159,0,0,0,644,664,740,789,873,968,790,267,328,283,312,229,0,0,803,1075,1035,612,501,678,311,0,yewon,lean_right,1
451,1786864976.067812,46,605,547,743,665,363,163,0,0,0,648,663,740,789,872,967,789,265,319,281,313,223,0,0,804,1071,1034,610,501,677,309,0,yewon,lean_right,1
452,1786864976.087996,47,606,549,743,661,363,163,0,0,0,649,663,744,788,873,969,789,261,325,280,313,223,0,0,805,1077,1035,607,501,677,308,0,yewon,lean_right,1
453,1786864976.108252,47,607,549,744,663,364,163,0,0,0,646,666,743,789,871,965,789,261,325,281,313,223,0,0,807,1081,1035,603,502,677,307,0,yewon,lean_right,1
454,1786864976.128926,47,607,549,745,665,364,164,0,0,0,649,666,747,791,873,968,788,265,327,281,314,221,0,0,807,1081,1034,605,500,677,307,0,yewon,lean_right,1
455,1786864976.148783,51,607,549,746,663,364,163,0,0,0,649,665,741,793,872,957,789,267,331,277,314,221,0,0,807,1077,1037,605,501,671,311,0,yewon,lean_right,1
456,1786864976.168750,47,605,548,745,659,364,164,0,0,0,651,665,745,792,873,967,791,261,327,281,311,223,0,0,811,1079,1036,599,499,671,307,0,yewon,lean_right,1
457,1786864976.188773,47,607,548,744,659,365,163,0,0,0,651,667,743,791,872,968,789,264,319,282,313,223,0,0,811,1083,1036,605,499,671,309,0,yewon,lean_right,1
458,1786864976.208773,47,605,549,745,659,366,163,0,0,0,653,669,745,791,871,970,790,263,325,283,313,225,0,0,812,1081,1035,605,499,671,307,0,yewon,lean_right,1
459,1786864976.228712,47,604,543,744,663,365,163,0,0,0,659,669,747,791,873,969,789,261,328,283,313,222,0,0,813,1083,1035,598,495,671,304,0,yewon,lean_right,1
460,1786864976.248712,46,603,547,747,661,373,163,0,0,0,655,669,747,792,871,973,790,265,325,281,313,221,0,0,815,1079,1036,603,494,667,304,0,yewon,lean_right,1
461,1786864976.268029,44,603,547,744,659,365,160,0,0,0,655,669,747,795,869,967,791,263,329,281,304,220,0,0,811,1085,1039,600,499,672,307,0,yewon,lean_right,1
462,1786864976.288747,47,613,547,743,658,364,163,0,0,0,654,671,743,793,871,971,787,263,331,281,311,222,0,0,820,1085,1035,585,498,669,307,0,yewon,lean_right,1
463,1786864976.308698,46,604,543,746,657,364,163,0,0,0,658,670,749,793,871,968,785,265,328,280,313,221,0,0,823,1085,1039,599,495,668,310,0,yewon,lean_right,1
464,1786864976.328799,46,603,543,745,659,362,163,0,0,0,659,676,750,793,870,967,789,263,329,285,315,222,0,0,821,1093,1035,597,495,668,303,0,yewon,lean_right,1
465,1786864976.348763,45,591,543,745,659,365,163,0,0,0,655,677,750,793,871,968,785,263,329,281,313,223,0,0,823,1093,1039,582,495,669,309,0,yewon,lean_right,1
466,1786864976.368416,45,597,541,744,658,363,164,0,0,0,665,669,740,795,872,970,785,262,331,283,313,224,0,0,823,1085,1037,599,495,669,307,0,yewon,lean_right,1
467,1786864976.387739,45,598,543,745,659,363,164,0,0,0,659,671,728,793,871,969,786,260,329,283,311,222,0,0,825,1093,1039,585,496,668,308,0,yewon,lean_right,1
468,1786864976.408710,45,599,543,745,660,365,163,0,0,0,659,675,751,793,868,967,787,261,329,281,313,227,0,0,827,1092,1035,596,495,669,307,0,yewon,lean_right,1
469,1786864976.428728,45,600,541,745,659,367,165,0,0,0,645,677,751,795,871,967,787,263,330,283,312,223,0,0,827,1093,1039,595,499,671,306,0,yewon,lean_right,1
470,1786864976.448694,43,601,549,759,659,365,163,0,0,0,675,679,757,794,867,969,791,273,331,282,314,224,0,0,825,1100,1034,603,495,669,303,0,yewon,lean_right,1
471,1786864976.468671,43,599,543,745,659,367,165,0,0,0,667,679,762,793,870,969,787,255,330,283,312,223,0,0,831,1100,1035,619,495,671,306,0,yewon,lean_right,1
472,1786864976.488666,43,596,543,745,659,367,164,0,0,0,661,679,756,793,871,967,790,262,331,282,317,229,0,0,837,1099,1042,584,499,669,306,0,yewon,lean_right,1
473,1786864976.508650,45,597,543,749,661,363,168,0,0,0,661,680,751,793,869,967,789,263,329,283,313,221,0,0,837,1101,1039,591,499,670,308,0,yewon,lean_right,1
474,1786864976.528704,44,599,544,747,661,365,163,0,0,0,661,677,754,793,869,967,792,255,327,283,310,227,0,0,841,1099,1036,603,499,671,303,0,yewon,lean_right,1
475,1786864976.547911,43,602,543,747,661,371,165,0,0,0,663,679,751,794,871,970,791,261,319,281,313,220,0,0,843,1101,1041,591,499,669,302,0,yewon,lean_right,1
476,1786864976.568132,43,603,547,747,663,365,163,0,0,0,668,683,755,794,871,965,791,262,327,282,314,223,0,0,845,1115,1041,591,495,669,303,0,yewon,lean_right,1
477,1786864976.588828,43,602,547,746,665,365,159,0,0,0,663,683,757,793,871,967,791,255,326,281,312,216,0,0,849,1107,1043,595,496,667,300,0,yewon,lean_right,1
478,1786864976.608776,44,607,549,749,664,375,163,0,0,0,669,679,759,795,871,965,791,255,312,283,310,214,0,0,851,1108,1045,595,499,666,301,0,yewon,lean_right,1
479,1786864976.628784,45,613,550,747,665,361,159,0,0,0,667,685,759,795,873,968,793,250,319,285,307,211,0,0,854,1111,1045,595,499,665,295,0,yewon,lean_right,1
480,1786864976.648571,45,611,552,749,667,361,155,0,0,0,667,687,759,795,877,969,795,253,317,281,312,206,0,0,851,1127,1041,599,499,663,293,0,yewon,lean_right,1
481,1786864976.668745,46,613,550,751,667,361,157,0,0,0,675,693,758,795,869,965,793,247,318,279,307,209,0,0,851,1114,1047,603,499,663,293,0,yewon,lean_right,1
482,1786864976.688724,45,617,549,751,667,359,153,0,0,0,669,693,759,796,869,967,795,246,317,295,304,203,0,0,855,1113,1048,603,498,663,291,0,yewon,lean_right,1
483,1786864976.708738,47,617,550,750,668,356,152,0,0,0,669,691,763,795,868,966,795,245,315,281,301,191,0,0,855,1113,1049,606,499,663,287,0,yewon,lean_right,1
484,1786864976.728812,39,617,551,751,669,356,150,0,0,0,671,694,761,797,867,959,795,243,313,280,299,198,0,0,852,1119,1051,611,499,660,286,0,yewon,lean_right,1
485,1786864976.748667,48,617,551,749,669,356,149,0,0,0,677,693,761,797,868,967,795,244,313,277,299,191,0,0,859,1113,1049,607,498,659,283,0,yewon,lean_right,1
486,1786864976.768418,47,613,549,749,668,348,143,0,0,0,675,695,765,797,867,959,796,238,313,283,295,189,0,0,861,1116,1051,613,499,660,279,0,yewon,lean_right,1
487,1786864976.788023,47,618,549,755,669,351,146,0,0,0,671,698,764,797,870,959,795,237,312,277,301,185,0,0,859,1119,1051,605,499,655,283,0,yewon,lean_right,1
488,1786864976.808746,51,618,551,753,668,359,141,0,0,0,677,698,763,798,871,967,803,237,311,278,291,183,0,0,859,1118,1051,615,499,657,285,0,yewon,lean_right,1
489,1786864976.828752,50,614,552,755,668,349,141,0,0,0,677,699,759,799,865,969,795,238,309,276,286,181,0,0,863,1119,1052,605,499,654,279,0,yewon,lean_right,1
490,1786864976.848683,50,619,551,747,669,349,140,0,0,0,679,697,763,800,861,965,795,237,309,278,287,197,0,0,871,1123,1051,613,499,653,282,0,yewon,lean_right,1
491,1786864976.868702,51,618,551,747,669,347,141,0,0,0,677,699,767,799,868,965,794,235,311,279,287,177,0,0,870,1117,1053,609,499,653,279,0,yewon,lean_right,1
492,1786864976.888711,51,617,551,749,668,347,138,0,0,0,680,699,763,803,867,965,797,233,303,279,286,175,0,0,869,1124,1052,615,499,655,283,0,yewon,lean_right,1
493,1786864976.908702,51,619,551,754,669,345,139,0,0,0,681,700,765,804,867,965,797,235,306,283,287,172,0,0,872,1117,1053,611,499,653,278,0,yewon,lean_right,1
494,1786864976.928745,51,619,551,754,669,347,137,0,0,0,683,699,767,805,861,964,797,233,301,274,283,168,0,0,870,1119,1051,613,500,652,279,0,yewon,lean_right,1
495,1786864976.948651,51,615,551,755,668,346,137,0,0,0,681,701,775,804,870,959,795,229,303,278,283,167,0,0,860,1118,1053,611,496,651,275,0,yewon,lean_right,1
496,1786864976.968726,51,618,551,749,669,358,136,0,0,0,680,701,767,807,868,955,795,229,303,285,283,165,0,0,871,1123,1053,615,498,651,271,0,yewon,lean_right,1
497,1786864976.988718,53,619,552,747,669,345,139,0,0,0,679,700,772,805,867,959,796,233,305,273,281,165,0,0,871,1123,1052,610,498,649,270,0,yewon,lean_right,1
498,1786864977.008726,55,619,552,754,669,343,137,0,0,0,681,699,765,806,869,967,794,235,306,265,285,165,0,0,879,1123,1053,611,498,649,269,0,yewon,lean_right,1
499,1786864977.028823,53,620,551,757,667,347,137,0,0,0,685,701,766,807,870,965,793,229,300,273,279,167,0,0,875,1118,1051,605,494,649,266,0,yewon,lean_right,1
500,1786864977.048687,57,621,553,755,669,345,137,0,0,0,683,701,780,809,869,965,793,227,308,271,281,164,0,0,879,1123,1052,616,495,647,263,0,yewon,lean_right,1
501,1786864977.068035,55,623,553,752,669,347,137,0,0,0,684,701,775,811,870,968,793,229,301,275,282,161,0,0,878,1125,1053,609,495,646,265,0,yewon,lean_right,1
502,1786864977.088673,56,627,553,756,669,350,137,0,0,0,683,709,777,808,869,949,797,231,299,275,281,159,0,0,891,1126,1055,606,495,647,265,0,yewon,lean_right,1
503,1786864977.108745,57,627,553,755,669,347,139,0,0,0,691,703,775,807,869,965,793,231,303,274,281,153,0,0,877,1125,1053,611,495,646,264,0,yewon,lean_right,1
504,1786864977.128742,57,622,552,751,669,345,137,0,0,0,686,709,773,808,867,985,796,233,303,273,282,163,0,0,891,1125,1055,607,495,647,269,0,yewon,lean_right,1
505,1786864977.148712,55,627,551,752,669,348,138,0,0,0,685,709,776,809,869,965,793,233,303,275,278,164,0,0,873,1127,1054,607,495,647,268,0,yewon,lean_right,1
506,1786864977.168027,59,627,555,755,669,347,140,0,0,0,687,710,776,808,869,966,805,235,303,261,281,165,0,0,877,1127,1056,607,495,645,267,0,yewon,lean_right,1
507,1786864977.188504,59,623,555,751,670,349,137,0,0,0,686,712,773,812,872,970,797,236,301,273,282,165,0,0,863,1128,1056,606,496,647,267,0,yewon,lean_right,1
508,1786864977.208736,58,627,553,751,670,347,139,0,0,0,686,709,775,809,873,959,794,237,303,274,283,184,0,0,877,1128,1055,613,499,647,267,0,yewon,lean_right,1
509,1786864977.228744,59,626,553,757,671,351,137,0,0,0,685,712,777,809,869,969,797,240,304,276,285,167,0,0,879,1128,1061,621,499,647,267,0,yewon,lean_right,1
510,1786864977.248683,59,633,553,757,670,349,135,0,0,0,686,711,799,812,869,967,797,236,303,275,283,167,0,0,877,1125,1056,638,500,647,266,0,yewon,lean_right,1
511,1786864977.268706,59,619,551,755,670,347,139,0,0,0,687,709,789,811,873,968,795,235,309,276,283,168,0,0,877,1127,1060,603,500,648,267,0,yewon,lean_right,1
512,1786864977.288768,57,627,553,767,670,349,139,0,0,0,685,709,777,811,877,969,795,235,307,275,286,167,0,0,875,1129,1059,639,495,646,267,0,yewon,lean_right,1
513,1786864977.308728,59,631,555,755,671,347,140,0,0,0,687,701,779,811,873,967,795,234,311,277,285,169,0,0,876,1129,1060,601,499,647,268,0,yewon,lean_right,1
514,1786864977.328717,59,635,563,755,669,351,142,0,0,0,677,709,778,811,873,959,793,237,300,286,284,171,0,0,883,1128,1060,619,500,645,267,0,yewon,lean_right,1
515,1786864977.348662,60,631,553,755,671,347,141,0,0,0,685,709,776,809,872,967,792,239,309,277,283,171,0,0,879,1133,1063,615,495,647,265,0,yewon,lean_right,1
516,1786864977.368735,59,619,552,758,671,351,139,0,0,0,671,699,767,812,875,967,791,236,307,275,285,172,0,0,883,1127,1062,597,495,639,263,0,yewon,lean_right,1
517,1786864977.388833,59,628,555,750,671,350,140,0,0,0,687,725,779,813,874,959,792,237,309,275,285,172,0,0,879,1127,1063,612,493,647,267,0,yewon,lean_right,1
518,1786864977.408735,61,632,554,757,671,350,139,0,0,0,681,709,780,811,857,967,797,243,312,275,285,174,0,0,879,1131,1063,607,493,637,261,0,yewon,lean_right,1
519,1786864977.428765,59,631,553,751,670,352,139,0,0,0,687,703,775,813,875,959,793,243,310,278,291,177,0,0,877,1117,1062,607,492,637,263,0,yewon,lean_right,1
520,1786864977.448678,61,637,555,755,669,355,140,0,0,0,679,715,782,813,872,969,789,233,311,279,283,174,0,0,875,1127,1063,619,491,637,263,0,yewon,lean_right,1
521,1786864977.468732,60,631,550,759,671,349,141,0,0,0,683,717,779,811,883,957,792,238,311,271,285,175,0,0,877,1131,1063,615,490,637,263,0,yewon,lean_right,1
522,1786864977.488740,61,630,550,755,671,354,140,0,0,0,687,713,779,813,874,966,795,243,310,279,285,178,0,0,879,1119,1063,614,489,635,265,0,yewon,lean_right,1
523,1786864977.508688,60,632,553,757,671,353,141,0,0,0,690,707,767,813,875,965,795,243,307,281,285,181,0,0,880,1131,1063,620,489,637,263,0,yewon,lean_right,1
524,1786864977.528732,62,631,555,759,672,354,141,0,0,0,687,697,777,813,873,968,793,245,310,273,285,179,0,0,876,1108,1061,615,487,633,265,0,yewon,lean_right,1
525,1786864977.548933,60,629,553,761,668,349,140,0,0,0,687,701,775,811,863,965,793,245,311,277,283,175,0,0,873,1115,1063,616,485,631,265,0,yewon,lean_right,1
526,1786864977.568797,60,631,553,755,670,355,141,0,0,0,685,711,777,813,874,967,793,244,311,277,287,181,0,0,877,1127,1063,615,485,637,265,0,yewon,lean_right,1
527,1786864977.588466,61,631,553,759,670,359,142,0,0,0,687,711,778,812,869,965,792,244,304,283,286,179,0,0,879,1116,1064,616,484,633,267,0,yewon,lean_right,1
528,1786864977.608751,59,631,553,747,670,354,139,0,0,0,693,711,776,809,877,973,809,243,311,274,285,176,0,0,879,1115,1063,620,483,631,263,0,yewon,lean_right,1
529,1786864977.628774,61,629,557,755,671,355,137,0,0,0,687,711,777,815,875,957,795,245,311,283,285,181,0,0,874,1129,1063,617,482,631,261,0,yewon,lean_right,1
530,1786864977.648678,61,630,557,755,670,351,140,0,0,0,687,711,778,811,877,951,799,249,312,277,286,179,0,0,877,1127,1063,615,483,631,265,0,yewon,lean_right,1
531,1786864977.668696,59,631,553,755,671,355,141,0,0,0,689,713,776,819,875,968,788,246,313,278,287,181,0,0,875,1128,1063,615,483,630,271,0,yewon,lean_right,1
532,1786864977.688720,61,619,555,755,675,351,141,0,0,0,686,711,777,811,872,967,791,243,309,275,288,181,0,0,875,1127,1063,613,479,634,267,0,yewon,lean_right,1
533,1786864977.708697,61,631,554,755,670,357,141,0,0,0,687,709,777,814,875,972,808,247,315,280,283,181,0,0,877,1127,1063,616,481,629,247,0,yewon,lean_right,1
534,1786864977.728712,62,631,555,759,670,355,141,0,0,0,689,729,777,813,867,965,793,245,317,281,287,182,0,0,876,1113,1064,617,481,629,267,0,yewon,lean_right,1
535,1786864977.748678,62,631,555,755,672,357,141,0,0,0,683,712,776,813,874,957,792,245,317,277,285,181,0,0,880,1127,1064,617,478,630,269,0,yewon,lean_right,1
536,1786864977.768733,62,630,556,755,669,345,141,0,0,0,690,710,778,813,876,969,804,247,313,274,286,181,0,0,879,1126,1063,615,479,627,268,0,yewon,lean_right,1
537,1786864977.788727,63,631,554,758,669,351,143,0,0,0,688,701,779,811,872,968,791,235,313,275,286,181,0,0,877,1157,1064,616,482,629,267,0,yewon,lean_right,1
538,1786864977.808697,61,631,551,756,669,354,139,0,0,0,691,711,778,814,877,959,789,243,313,277,285,183,0,0,879,1127,1063,616,479,629,269,0,yewon,lean_right,1
539,1786864977.828758,63,631,555,755,671,347,145,0,0,0,688,709,779,815,878,966,780,248,313,275,291,178,0,0,875,1129,1064,619,479,623,267,0,yewon,lean_right,1
540,1786864977.848660,62,631,554,755,669,351,141,0,0,0,691,709,777,811,874,964,789,261,312,278,287,183,0,0,877,1128,1065,617,483,629,265,0,yewon,lean_right,1
541,1786864977.868712,63,632,553,755,669,351,139,0,0,0,687,709,777,811,873,943,805,249,312,277,287,182,0,0,875,1127,1064,617,478,631,263,0,yewon,lean_right,1
542,1786864977.888720,63,632,553,755,671,351,142,0,0,0,695,709,775,815,871,959,779,248,313,279,287,181,0,0,856,1125,1064,617,479,629,268,0,yewon,lean_right,1
543,1786864977.908680,62,631,555,755,669,354,141,0,0,0,693,711,777,813,877,977,791,247,313,277,287,181,0,0,871,1133,1065,616,478,627,295,0,yewon,lean_right,1
544,1786864977.928708,61,632,549,755,671,354,143,0,0,0,691,709,779,811,875,957,797,246,313,279,293,181,0,0,875,1128,1065,620,479,623,271,0,yewon,lean_right,1
545,1786864977.948665,63,633,555,755,669,355,143,0,0,0,690,703,775,818,876,969,790,244,313,276,297,183,0,0,874,1129,1063,617,479,631,269,0,yewon,lean_right,1
546,1786864977.968691,63,632,553,755,669,355,143,0,0,0,685,710,777,814,878,959,810,247,313,279,299,184,0,0,872,1124,1065,616,479,629,267,0,yewon,lean_right,1
547,1786864977.988711,63,631,561,755,669,355,139,0,0,0,691,711,777,811,878,966,792,249,314,279,280,185,0,0,877,1127,1063,612,479,631,247,0,yewon,lean_right,1
548,1786864978.008730,61,629,554,751,668,358,141,0,0,0,688,703,775,816,872,955,791,243,317,283,286,183,0,0,867,1127,1065,615,477,627,287,0,yewon,lean_right,1
549,1786864978.028761,61,629,555,756,671,355,142,0,0,0,691,701,776,814,875,966,790,247,315,280,291,191,0,0,875,1123,1064,617,477,627,265,0,yewon,lean_right,1
550,1786864978.048658,68,631,553,755,669,355,142,0,0,0,687,711,779,813,871,979,787,245,313,265,287,181,0,0,873,1127,1065,615,477,633,265,0,yewon,lean_right,1
551,1786864978.068700,61,631,549,755,669,355,143,0,0,0,697,703,777,810,873,965,791,249,315,278,285,183,0,0,876,1127,1065,616,478,630,275,0,yewon,lean_right,1
552,1786864978.088780,62,631,557,755,669,355,145,0,0,0,689,709,779,813,877,965,792,261,314,277,288,185,0,0,876,1125,1063,614,478,623,282,0,yewon,lean_right,1
553,1786864978.108734,62,631,544,756,669,357,140,0,0,0,691,710,777,811,877,965,791,246,317,278,293,188,0,0,879,1127,1065,615,479,631,271,0,yewon,lean_right,1
554,1786864978.128750,61,632,554,756,669,357,143,0,0,0,690,710,778,819,873,965,789,248,315,277,293,187,0,0,875,1127,1066,617,483,632,277,0,yewon,lean_right,1
555,1786864978.148737,63,631,543,755,670,359,143,0,0,0,691,710,777,815,873,965,791,245,315,279,291,185,0,0,876,1126,1063,617,482,629,279,0,yewon,lean_right,1
556,1786864978.168738,69,631,555,755,670,351,145,0,0,0,687,710,778,813,875,965,811,248,328,279,291,187,0,0,893,1127,1065,617,482,631,273,0,yewon,lean_right,1
557,1786864978.188732,62,632,553,757,669,356,147,0,0,0,687,711,778,819,874,966,795,248,315,277,287,185,0,0,877,1128,1065,617,483,632,277,0,yewon,lean_right,1
558,1786864978.207720,68,631,547,756,671,356,143,0,0,0,690,709,779,815,877,965,789,247,313,282,293,185,0,0,877,1125,1065,621,483,632,275,0,yewon,lean_right,1
559,1786864978.228864,61,631,554,756,671,355,147,0,0,0,687,711,779,814,869,967,793,249,313,279,293,189,0,0,873,1127,1065,619,483,629,278,0,yewon,lean_right,1
560,1786864978.248682,63,631,555,756,671,356,149,0,0,0,687,711,778,813,877,969,790,247,316,279,296,185,0,0,876,1122,1065,619,484,634,275,0,yewon,lean_right,1
561,1786864978.268768,63,631,555,755,671,357,147,0,0,0,687,697,778,807,873,968,791,249,317,279,293,187,0,0,872,1113,1065,619,483,632,279,0,yewon,lean_right,1
562,1786864978.288712,61,632,558,755,671,349,147,0,0,0,686,709,777,818,873,965,795,248,313,287,295,188,0,0,874,1125,1065,619,483,633,269,0,yewon,lean_right,1
563,1786864978.308694,63,631,554,755,671,355,148,0,0,0,687,709,778,811,877,966,791,248,316,279,291,187,0,0,875,1127,1065,618,483,629,279,0,yewon,lean_right,1
564,1786864978.328722,62,629,565,755,670,357,147,0,0,0,683,711,763,821,873,967,789,247,319,279,293,188,0,0,873,1127,1065,618,485,637,279,0,yewon,lean_right,1
565,1786864978.348718,61,631,555,755,671,357,143,0,0,0,687,711,777,817,883,966,792,249,317,279,293,188,0,0,875,1127,1065,623,484,633,270,0,yewon,lean_right,1
566,1786864978.368721,69,629,553,753,669,356,143,0,0,0,687,709,778,809,869,966,792,249,315,279,297,189,0,0,879,1127,1065,616,485,630,281,0,yewon,lean_right,1
567,1786864978.388685,61,629,555,756,669,357,147,0,0,0,687,711,777,815,889,967,791,249,315,279,291,189,0,0,871,1127,1063,616,485,634,271,0,yewon,lean_right,1
568,1786864978.407734,67,631,555,756,670,357,147,0,0,0,690,711,779,815,872,967,793,245,317,279,292,189,0,0,874,1127,1065,615,484,631,274,0,yewon,lean_right,1
569,1786864978.428846,63,629,553,755,669,357,143,0,0,0,680,711,783,820,877,968,787,251,317,279,280,189,0,0,873,1131,1066,613,483,633,279,0,yewon,lean_right,1
570,1786864978.448679,61,631,555,755,670,355,143,0,0,0,689,709,778,814,874,967,787,239,315,280,293,185,0,0,877,1127,1065,607,485,635,269,0,yewon,lean_right,1
571,1786864978.468757,73,631,555,755,669,356,140,0,0,0,690,709,779,814,878,965,787,248,317,279,291,189,0,0,879,1126,1065,613,484,635,277,0,yewon,lean_right,1
572,1786864978.488734,63,631,554,755,668,355,138,0,0,0,688,710,777,815,876,965,785,249,317,280,293,187,0,0,858,1126,1063,613,485,651,275,0,yewon,lean_right,1
573,1786864978.508112,63,630,557,755,669,357,143,0,0,0,691,703,781,820,873,966,789,246,318,279,283,187,0,0,874,1127,1065,612,485,636,278,0,yewon,lean_right,1
574,1786864978.528814,67,629,553,755,667,355,143,0,0,0,685,697,777,815,867,969,787,247,317,277,292,189,0,0,875,1123,1065,605,486,631,278,0,yewon,lean_right,1
575,1786864978.548694,63,629,554,755,667,351,141,0,0,0,691,711,777,819,875,967,793,247,316,279,291,187,0,0,874,1127,1063,611,486,635,276,0,yewon,lean_right,1
576,1786864978.568711,62,629,554,755,668,352,150,0,0,0,688,710,777,813,876,966,781,247,317,279,291,189,0,0,877,1125,1064,611,485,645,281,0,yewon,lean_right,1
577,1786864978.588738,69,629,555,753,669,355,140,0,0,0,691,710,777,812,875,965,777,247,319,280,299,188,0,0,873,1125,1065,605,485,621,281,0,yewon,lean_right,1
578,1786864978.608747,71,629,553,755,668,357,141,0,0,0,687,711,777,815,873,971,785,247,317,280,294,190,0,0,872,1129,1064,606,487,650,279,0,yewon,lean_right,1
579,1786864978.628792,61,627,553,755,669,355,143,0,0,0,687,707,777,810,876,965,787,247,316,279,296,191,0,0,873,1125,1064,607,487,637,273,0,yewon,lean_right,1
580,1786864978.648658,59,628,553,755,667,356,145,0,0,0,687,704,777,815,872,965,799,248,317,279,291,188,0,0,879,1125,1064,606,487,645,280,0,yewon,lean_right,1
581,1786864978.668752,70,627,553,755,669,355,147,0,0,0,686,703,776,805,871,965,779,247,315,280,294,191,0,0,871,1123,1063,604,489,640,279,0,yewon,lean_right,1
582,1786864978.688720,61,627,551,755,668,357,149,0,0,0,685,703,778,813,871,970,791,247,311,280,295,189,0,0,873,1124,1063,603,489,637,283,0,yewon,lean_right,1
583,1786864978.708695,59,627,551,755,668,356,148,0,0,0,686,699,775,809,871,965,789,246,316,280,294,191,0,0,869,1124,1065,602,489,644,271,0,yewon,lean_right,1
584,1786864978.728744,59,623,553,755,669,357,151,0,0,0,685,708,773,807,869,965,798,246,317,280,296,189,0,0,875,1125,1063,601,489,637,277,0,yewon,lean_right,1
585,1786864978.748657,60,623,553,755,668,357,149,0,0,0,685,702,774,808,869,965,803,247,319,281,299,199,0,0,871,1122,1063,600,489,647,283,0,yewon,lean_right,1
586,1786864978.768689,57,620,553,751,669,353,151,0,0,0,683,702,774,805,869,965,786,245,337,280,300,201,0,0,871,1123,1062,597,490,645,277,0,yewon,lean_right,1
587,1786864978.788750,53,619,555,751,667,356,153,0,0,0,683,701,773,805,867,967,797,246,316,281,297,197,0,0,858,1119,1063,599,491,645,285,0,yewon,lean_right,1
588,1786864978.808694,59,617,553,754,667,357,153,0,0,0,683,701,772,809,869,966,785,248,317,281,290,196,0,0,869,1119,1062,597,491,647,293,0,yewon,lean_right,1
589,1786864978.828680,57,616,553,751,667,358,164,0,0,0,681,702,767,809,867,965,799,247,317,282,299,197,0,0,869,1119,1063,597,491,639,284,0,yewon,lean_right,1
590,1786864978.848637,59,616,554,755,668,359,154,0,0,0,683,701,767,805,867,967,787,247,317,281,308,199,0,0,877,1123,1062,597,492,650,299,0,yewon,lean_right,1
591,1786864978.868719,56,615,549,751,667,359,156,0,0,0,681,701,766,803,867,953,773,247,317,281,299,199,0,0,870,1119,1061,597,492,647,285,0,yewon,lean_right,1
592,1786864978.888676,45,615,549,755,668,359,156,0,0,0,682,700,767,807,867,965,787,247,325,281,299,201,0,0,872,1123,1063,597,491,649,292,0,yewon,lean_right,1
593,1786864978.908673,56,613,551,755,667,360,157,0,0,0,680,701,765,807,867,966,783,246,319,281,296,200,0,0,877,1123,1063,597,493,633,293,0,yewon,lean_right,1
594,1786864978.928766,55,613,551,755,667,359,158,0,0,0,680,700,767,805,867,967,781,245,325,283,299,187,0,0,887,1119,1063,595,493,651,284,0,yewon,lean_right,1
595,1786864978.948667,52,613,551,755,669,360,159,0,0,0,680,700,765,803,867,966,785,248,318,283,287,201,0,0,871,1123,1063,595,493,649,298,0,yewon,lean_right,1
596,1786864978.968639,53,611,551,755,667,360,158,0,0,0,681,700,767,808,862,967,783,249,319,283,301,201,0,0,874,1121,1061,596,493,651,293,0,yewon,lean_right,1
597,1786864978.988749,55,611,550,751,665,361,159,0,0,0,677,695,773,805,862,969,779,248,319,281,299,202,0,0,877,1117,1063,591,493,647,293,0,yewon,lean_right,1
598,1786864979.008671,54,607,549,754,668,361,159,0,0,0,683,699,766,807,863,966,781,249,319,283,297,205,0,0,873,1123,1063,597,494,658,295,0,yewon,lean_right,1
599,1786864979.028726,53,606,548,751,667,361,162,0,0,0,681,699,767,797,865,965,780,247,319,283,301,205,0,0,875,1118,1063,595,493,649,291,0,yewon,lean_right,1
600,1786864979.048645,53,605,549,753,667,361,159,0,0,0,681,700,765,807,863,957,777,249,325,283,315,205,0,0,876,1119,1061,595,493,652,299,0,yewon,lean_right,1
601,1786864979.068735,55,604,543,753,667,362,162,0,0,0,678,699,767,808,867,965,779,249,325,281,303,201,0,0,869,1119,1062,590,493,649,275,0,yewon,lean_right,1
602,1786864979.088677,51,604,543,751,667,361,159,0,0,0,679,699,765,802,862,965,781,249,325,283,300,203,0,0,873,1117,1063,595,495,648,295,0,yewon,lean_right,1
603,1786864979.108720,51,604,543,751,666,361,160,0,0,0,680,699,766,809,863,967,779,249,325,284,301,201,0,0,861,1119,1061,589,493,651,295,0,yewon,lean_right,1
604,1786864979.128770,51,603,543,751,667,363,159,0,0,0,679,699,765,803,863,965,779,248,325,283,306,205,0,0,869,1119,1061,591,493,651,297,0,yewon,lean_right,1
605,1786864979.148709,51,601,541,749,667,359,159,0,0,0,677,699,773,805,859,964,779,249,319,294,301,205,0,0,867,1125,1059,591,494,651,297,0,yewon,lean_right,1
606,1786864979.168407,50,605,543,755,666,361,160,0,0,0,680,699,765,807,867,964,779,249,324,283,303,203,0,0,867,1119,1060,588,493,653,297,0,yewon,lean_right,1
607,1786864979.188756,46,605,545,751,669,364,164,0,0,0,680,700,765,799,862,967,779,250,325,283,307,206,0,0,867,1123,1063,588,498,660,299,0,yewon,lean_right,1
608,1786864979.208705,52,603,543,751,669,365,164,0,0,0,679,699,765,791,863,967,779,249,328,283,307,206,0,0,863,1122,1061,591,495,649,299,0,yewon,lean_right,1
609,1786864979.228912,51,603,549,754,668,367,165,0,0,0,679,699,765,814,863,967,781,251,327,283,303,207,0,0,863,1119,1059,589,494,661,300,0,yewon,lean_right,1
610,1786864979.248701,53,605,543,755,669,367,164,0,0,0,680,699,765,811,863,967,779,249,327,284,307,211,0,0,869,1118,1061,587,495,653,299,0,yewon,lean_right,1
611,1786864979.268721,51,605,547,755,669,368,164,0,0,0,681,699,765,809,863,965,779,250,328,283,309,205,0,0,872,1123,1061,589,494,648,300,0,yewon,lean_right,1
612,1786864979.287675,52,601,547,755,667,377,165,0,0,0,679,698,763,806,862,965,779,251,328,283,307,219,0,0,863,1117,1061,587,495,655,300,0,yewon,lean_right,1
613,1786864979.308699,51,603,552,754,669,371,166,0,0,0,678,699,765,805,863,966,779,249,327,285,303,209,0,0,871,1117,1061,591,495,657,303,0,yewon,lean_right,1
614,1786864979.328734,53,603,544,756,670,371,165,0,0,0,679,701,765,803,862,967,781,251,330,283,307,213,0,0,869,1117,1061,587,495,651,301,0,yewon,lean_right,1
615,1786864979.348638,41,604,547,751,669,371,165,0,0,0,677,697,765,804,863,966,779,251,329,284,309,213,0,0,863,1116,1061,588,495,647,301,0,yewon,lean_right,1
616,1786864979.368698,50,604,547,751,669,371,165,0,0,0,672,699,765,811,863,966,779,251,328,284,303,211,0,0,863,1113,1061,586,493,649,291,0,yewon,lean_right,1
617,1786864979.388701,50,603,547,755,669,372,167,0,0,0,677,698,765,803,867,967,781,252,329,285,304,213,0,0,871,1116,1063,583,495,653,303,0,yewon,lean_right,1
618,1786864979.408669,58,603,547,751,668,371,167,0,0,0,682,699,764,807,865,967,779,251,329,285,309,215,0,0,879,1115,1061,584,493,647,300,0,yewon,lean_right,1
619,1786864979.428740,59,605,547,755,670,372,165,0,0,0,677,697,763,804,867,966,779,252,329,284,309,212,0,0,875,1115,1061,584,493,645,301,0,yewon,lean_right,1
620,1786864979.448649,46,602,547,755,667,371,165,0,0,0,679,700,767,805,863,967,777,253,331,285,309,213,0,0,869,1118,1059,583,493,661,301,0,yewon,lean_right,1
621,1786864979.468733,53,605,544,752,669,372,165,0,0,0,678,699,765,804,863,967,777,252,329,285,308,215,0,0,869,1115,1061,581,491,652,299,0,yewon,lean_right,1
622,1786864979.488680,50,603,547,754,669,371,165,0,0,0,679,700,766,805,863,967,779,253,329,285,303,213,0,0,871,1115,1061,581,491,659,301,0,yewon,lean_right,1
623,1786864979.508677,51,605,549,755,669,373,167,0,0,0,681,699,773,807,867,967,777,252,329,285,309,217,0,0,855,1119,1059,572,491,675,299,0,yewon,lean_right,1
624,1786864979.528825,51,605,547,751,669,371,166,0,0,0,680,698,767,805,867,969,776,253,329,285,307,213,0,0,872,1115,1061,571,488,645,299,0,yewon,lean_right,1
625,1786864979.548668,53,607,549,757,669,372,164,0,0,0,677,697,767,805,866,967,778,253,329,285,307,215,0,0,894,1117,1062,571,487,649,296,0,yewon,lean_right,1
626,1786864979.568690,53,603,549,756,667,371,165,0,0,0,680,698,766,807,866,967,777,253,331,287,309,207,0,0,870,1117,1060,567,484,646,295,0,yewon,lean_right,1
627,1786864979.588723,52,603,549,756,669,371,166,0,0,0,681,699,766,805,865,969,777,253,330,287,303,212,0,0,873,1118,1061,563,481,645,297,0,yewon,lean_right,1
628,1786864979.607959,45,605,549,755,665,371,165,0,0,0,681,701,765,806,867,967,777,253,331,283,308,216,0,0,879,1117,1061,557,478,651,294,0,yewon,lean_right,1
629,1786864979.628721,54,607,549,752,664,369,165,0,0,0,681,701,767,807,868,967,774,253,330,283,307,211,0,0,873,1119,1061,556,475,635,293,0,yewon,lean_right,1
630,1786864979.648686,55,605,541,751,666,369,165,0,0,0,681,700,767,805,867,967,775,253,329,285,307,212,0,0,876,1121,1060,553,475,633,288,0,yewon,lean_right,1
631,1786864979.668734,55,607,548,750,667,371,165,0,0,0,675,712,775,806,868,965,760,254,327,287,301,213,0,0,871,1118,1061,547,471,629,285,0,yewon,lean_right,1
632,1786864979.688769,55,607,548,751,665,367,165,0,0,0,679,701,763,807,868,966,774,253,329,285,309,207,0,0,873,1115,1059,549,468,623,293,0,yewon,lean_right,1
633,1786864979.708654,55,610,549,755,666,367,165,0,0,0,681,699,767,807,869,967,773,253,329,284,307,211,0,0,875,1117,1061,549,466,621,292,0,yewon,lean_right,1
634,1786864979.728732,57,606,549,755,668,367,166,0,0,0,683,700,767,807,867,967,777,255,329,287,305,213,0,0,875,1119,1061,543,461,617,291,0,yewon,lean_right,1
635,1786864979.748731,55,607,549,751,666,371,165,0,0,0,681,703,773,807,867,968,775,255,328,284,308,211,0,0,875,1119,1060,543,460,618,291,0,yewon,lean_right,1
636,1786864979.768702,54,607,549,755,659,371,165,0,0,0,681,699,766,806,868,967,775,252,329,283,306,213,0,0,874,1123,1061,541,457,615,293,0,yewon,lean_right,1
637,1786864979.788722,55,607,549,755,669,371,165,0,0,0,683,700,767,807,869,967,775,260,328,285,307,211,0,0,876,1117,1061,541,456,615,293,0,yewon,lean_right,1
638,1786864979.808696,46,607,547,751,668,373,167,0,0,0,682,700,765,807,869,967,775,262,331,283,310,217,0,0,875,1119,1061,542,454,615,294,0,yewon,lean_right,1
639,1786864979.828704,55,605,549,750,669,374,167,0,0,0,681,701,767,807,869,967,775,255,330,285,309,215,0,0,875,1117,1062,543,453,615,297,0,yewon,lean_right,1
640,1786864979.848658,56,607,549,754,669,371,165,0,0,0,679,698,766,807,868,965,774,259,329,283,307,228,0,0,875,1119,1061,539,445,612,297,0,yewon,lean_right,1
641,1786864979.868673,55,607,547,755,667,373,167,0,0,0,684,700,772,805,868,966,775,255,331,285,307,216,0,0,875,1125,1061,542,443,612,296,0,yewon,lean_right,1
642,1786864979.888586,57,605,548,751,668,373,166,0,0,0,681,700,767,805,869,967,774,255,330,285,308,213,0,0,873,1119,1061,544,441,611,297,0,yewon,lean_right,1
643,1786864979.908670,55,606,543,755,671,375,167,0,0,0,683,699,773,806,869,965,775,251,329,285,309,216,0,0,874,1117,1060,543,440,609,297,0,yewon,lean_right,1
644,1786864979.928756,55,611,547,755,669,375,166,0,0,0,680,697,774,807,869,965,774,260,331,285,308,216,0,0,873,1119,1061,541,437,605,296,0,yewon,lean_right,1
645,1786864979.948632,56,606,543,755,669,376,167,0,0,0,679,699,765,807,869,966,775,255,331,287,310,217,0,0,875,1119,1059,536,435,605,298,0,yewon,lean_right,1
646,1786864979.968656,57,612,547,755,669,377,167,0,0,0,681,700,767,805,869,967,773,255,329,284,310,217,0,0,873,1118,1061,539,434,607,297,0,yewon,lean_right,1
647,1786864979.988720,56,611,543,755,667,375,167,0,0,0,683,699,772,807,869,967,773,255,329,281,309,223,0,0,875,1123,1061,534,429,603,294,0,yewon,lean_right,1
648,1786864980.008674,57,613,549,756,683,375,168,0,0,0,682,697,763,807,869,967,775,260,330,284,309,215,0,0,875,1117,1059,533,429,602,297,0,yewon,lean_right,1
649,1786864980.028706,56,611,548,757,664,377,167,0,0,0,679,701,773,806,869,968,773,260,330,282,311,214,0,0,875,1115,1061,530,427,605,297,0,yewon,lean_right,1
650,1786864980.048663,57,611,549,756,669,375,166,0,0,0,681,700,767,806,868,967,776,255,331,285,307,220,0,0,873,1118,1056,527,427,601,299,0,yewon,lean_right,1
651,1786864980.068703,57,611,549,756,671,376,166,0,0,0,684,700,765,805,869,967,774,255,331,287,309,229,0,0,876,1122,1059,529,425,599,297,0,yewon,lean_right,1
652,1786864980.088827,57,612,551,755,667,376,167,0,0,0,684,699,765,807,869,967,772,255,331,283,303,215,0,0,875,1118,1060,527,425,599,296,0,yewon,lean_right,1
653,1786864980.108704,58,611,549,756,671,374,167,0,0,0,680,696,767,806,868,964,776,260,329,283,308,216,0,0,875,1117,1059,527,424,594,296,0,yewon,lean_right,1
654,1786864980.128725,58,611,549,755,669,377,169,0,0,0,685,699,767,805,871,971,774,261,330,284,309,216,0,0,892,1115,1059,524,423,595,293,0,yewon,lean_right,1
655,1786864980.148754,57,613,541,756,669,378,168,0,0,0,683,701,772,807,871,957,775,253,333,283,308,216,0,0,877,1117,1060,517,421,595,296,0,yewon,lean_right,1
656,1786864980.168714,58,612,551,749,667,377,169,0,0,0,677,722,765,807,868,965,766,261,329,285,309,217,0,0,875,1117,1059,529,422,595,293,0,yewon,lean_right,1
657,1786864980.188777,57,613,551,757,667,381,167,0,0,0,681,701,773,806,871,967,775,261,333,287,309,219,0,0,875,1115,1059,519,420,596,295,0,yewon,lean_right,1
658,1786864980.208674,58,613,549,755,671,381,168,0,0,0,682,700,767,807,871,967,775,254,333,285,306,218,0,0,876,1118,1060,519,419,596,297,0,yewon,lean_right,1
659,1786864980.228688,57,613,551,757,670,382,169,0,0,0,679,699,767,807,871,959,774,255,329,287,310,218,0,0,875,1115,1059,519,419,595,297,0,yewon,lean_right,1
660,1786864980.248703,57,612,551,757,670,389,169,0,0,0,681,700,774,807,871,966,767,259,333,286,307,219,0,0,875,1119,1059,509,419,596,299,0,yewon,lean_right,1
661,1786864980.268706,59,615,551,756,667,391,168,0,0,0,699,698,777,807,872,967,775,261,332,286,307,219,0,0,874,1123,1059,485,419,597,300,0,yewon,lean_right,1
662,1786864980.288663,57,611,549,755,669,389,168,0,0,0,683,701,767,807,871,967,775,260,330,284,309,217,0,0,875,1118,1059,520,415,595,301,0,yewon,lean_right,1
663,1786864980.308684,56,611,550,758,669,391,168,0,0,0,691,699,767,807,872,967,775,261,334,285,302,217,0,0,875,1111,1059,507,415,595,302,0,yewon,lean_right,1
664,1786864980.328762,59,613,550,756,671,391,177,0,0,0,681,699,773,813,877,965,777,255,331,285,309,219,0,0,875,1117,1061,509,415,595,300,0,yewon,lean_right,1
665,1786864980.348640,57,607,549,755,671,391,168,0,0,0,691,701,757,808,867,967,776,255,331,283,309,217,0,0,875,1125,1059,509,415,596,307,0,yewon,lean_right,1
666,1786864980.368665,57,615,551,757,671,391,169,0,0,0,685,699,767,807,871,966,775,260,331,287,311,217,0,0,875,1119,1060,511,415,599,303,0,yewon,lean_right,1
667,1786864980.388718,59,613,551,757,672,393,168,0,0,0,682,701,767,808,872,959,775,261,332,285,307,219,0,0,876,1097,1059,491,415,595,307,0,yewon,lean_right,1
668,1786864980.408684,58,613,551,757,671,392,169,0,0,0,683,699,758,808,873,959,776,263,331,283,307,219,0,0,876,1116,1060,522,415,597,307,0,yewon,lean_right,1
669,1786864980.428703,59,612,550,757,669,393,169,0,0,0,679,702,779,807,872,968,777,259,333,283,299,218,0,0,877,1125,1059,525,415,597,309,0,yewon,lean_right,1
670,1786864980.448683,58,606,551,758,671,393,170,0,0,0,679,701,775,807,871,967,777,261,331,287,308,219,0,0,876,1118,1059,508,415,597,307,0,yewon,lean_right,1
671,1786864980.468740,59,611,551,748,670,393,169,0,0,0,685,698,774,807,870,965,777,253,333,287,309,219,0,0,876,1127,1060,508,415,597,309,0,yewon,lean_right,1
672,1786864980.488663,59,614,549,757,675,393,169,0,0,0,683,695,773,808,871,966,778,261,333,291,309,220,0,0,877,1115,1060,520,415,597,309,0,yewon,lean_right,1
673,1786864980.508733,59,615,551,761,671,393,169,0,0,0,683,695,775,808,872,967,773,261,333,285,309,219,0,0,877,1115,1059,519,415,597,309,0,yewon,lean_right,1
674,1786864980.528717,58,615,551,742,668,394,168,0,0,0,685,701,765,807,872,965,775,261,332,286,299,220,0,0,876,1114,1061,517,419,598,311,0,yewon,lean_right,1
675,1786864980.548661,59,620,551,759,671,391,169,0,0,0,683,701,771,807,871,965,775,253,331,287,296,219,0,0,875,1113,1060,491,415,597,311,0,yewon,lean_right,1
676,1786864980.568729,60,615,551,757,675,391,168,0,0,0,679,697,765,807,871,967,775,260,332,285,307,221,0,0,875,1125,1060,506,415,597,311,0,yewon,lean_right,1
677,1786864980.588709,59,613,551,761,669,392,167,0,0,0,681,696,776,807,871,965,777,255,332,283,303,218,0,0,875,1116,1059,507,415,597,311,0,yewon,lean_right,1
678,1786864980.608647,58,621,551,757,670,389,169,0,0,0,683,701,773,807,872,965,776,261,331,285,307,220,0,0,876,1117,1059,509,418,597,311,0,yewon,lean_right,1
679,1786864980.628019,63,611,549,755,669,399,167,0,0,0,713,699,775,807,873,967,773,261,339,287,307,219,0,0,876,1117,1059,521,413,599,313,0,yewon,lean_right,1
680,1786864980.648689,54,612,551,757,671,390,182,0,0,0,683,699,767,806,868,965,777,255,333,287,309,217,0,0,875,1117,1059,508,419,597,316,0,yewon,lean_right,1
681,1786864980.668681,59,617,551,755,669,391,169,0,0,0,669,702,761,807,872,967,775,261,332,285,309,220,0,0,877,1115,1060,505,415,599,313,0,yewon,lean_right,1
682,1786864980.688668,59,611,551,759,675,393,175,0,0,0,683,701,765,807,883,965,777,254,331,287,296,212,0,0,876,1117,1059,507,415,597,313,0,yewon,lean_right,1
683,1786864980.708735,59,611,551,755,675,391,168,0,0,0,683,703,774,807,869,967,776,261,334,287,309,221,0,0,877,1117,1061,507,416,599,313,0,yewon,lean_right,1
684,1786864980.728692,58,613,551,758,676,393,168,0,0,0,681,702,775,807,871,959,773,263,339,278,307,221,0,0,876,1125,1059,509,419,599,317,0,yewon,lean_right,1
685,1786864980.748648,57,614,551,757,669,391,169,0,0,0,683,702,765,807,869,965,775,263,333,287,309,223,0,0,876,1117,1061,509,416,600,313,0,yewon,lean_right,1
686,1786864980.768727,59,611,551,757,670,383,169,0,0,0,679,699,767,807,871,958,775,255,333,283,311,221,0,0,875,1124,1061,508,416,600,313,0,yewon,lean_right,1
687,1786864980.788695,59,613,548,757,675,389,169,0,0,0,679,697,773,809,871,967,776,254,341,279,310,221,0,0,876,1125,1061,517,419,599,317,0,yewon,lean_right,1
688,1786864980.808644,57,612,551,756,666,392,169,0,0,0,679,699,773,807,871,965,774,263,333,291,309,221,0,0,876,1115,1061,509,420,599,319,0,yewon,lean_right,1
689,1786864980.828715,58,611,551,757,671,392,169,0,0,0,680,700,772,807,869,969,775,262,333,295,315,223,0,0,876,1119,1061,505,419,600,315,0,yewon,lean_right,1
690,1786864980.848644,57,607,551,756,677,393,168,0,0,0,680,695,766,807,871,967,777,261,333,297,312,221,0,0,872,1115,1061,506,419,601,317,0,yewon,lean_right,1
691,1786864980.868664,58,615,551,758,666,391,169,0,0,0,685,702,777,807,870,947,779,261,341,297,315,221,0,0,875,1126,1061,509,419,599,316,0,yewon,lean_right,1
692,1786864980.888714,57,614,549,752,667,382,169,20,0,0,681,710,763,808,871,949,774,262,337,273,313,221,0,0,877,1123,1063,519,419,601,313,0,yewon,lean_right,1
693,1786864980.908669,57,615,550,757,671,392,169,0,0,0,681,699,765,807,873,972,775,245,333,287,308,223,0,0,877,1115,1059,519,419,600,317,0,yewon,lean_right,1
694,1786864980.928693,58,612,549,755,670,393,171,0,0,0,683,700,777,809,873,965,773,269,333,286,310,221,0,0,875,1125,1061,520,415,601,315,0,yewon,lean_right,1
695,1786864980.948649,57,611,549,761,671,392,169,20,0,0,683,700,767,807,873,965,796,263,330,295,313,219,0,0,871,1121,1056,508,419,600,317,0,yewon,lean_right,1
696,1786864980.968650,57,613,549,757,671,391,169,0,0,0,685,701,777,805,869,973,775,263,335,307,317,221,0,0,877,1122,1060,517,416,601,317,0,yewon,lean_right,1
697,1786864980.988713,57,612,551,756,670,391,169,0,0,0,682,699,773,808,867,966,775,251,332,283,313,220,0,0,875,1123,1063,505,415,600,316,0,yewon,lean_right,1
698,1786864981.008736,57,611,559,756,671,392,170,0,0,0,683,701,765,807,873,965,777,263,334,288,313,221,0,0,876,1111,1059,509,419,599,319,0,yewon,lean_right,1
699,1786864981.028750,55,613,549,759,681,393,169,0,0,0,679,701,774,808,870,985,775,264,317,284,309,221,0,0,875,1117,1061,503,419,601,319,0,yewon,lean_right,1
700,1786864981.048643,57,611,549,759,671,391,168,0,0,0,679,699,775,807,873,959,767,245,334,283,308,221,0,0,879,1127,1060,504,415,601,317,0,yewon,lean_right,1
701,1786864981.068673,57,612,549,757,671,393,167,0,0,0,683,701,773,807,873,971,775,265,339,287,309,221,0,0,875,1119,1061,503,419,601,315,0,yewon,lean_right,1
702,1786864981.088709,57,612,549,758,669,391,170,0,0,0,685,701,767,807,869,967,776,264,340,285,312,222,0,0,873,1118,1061,504,415,600,319,0,yewon,lean_right,1
703,1786864981.108651,56,611,550,757,675,393,169,20,0,0,681,701,774,809,873,969,777,264,335,290,307,222,0,0,876,1125,1059,509,419,600,317,0,yewon,lean_right,1
704,1786864981.128683,56,611,551,759,675,394,167,0,0,0,682,701,765,808,871,967,775,263,334,291,311,223,0,0,879,1123,1061,503,420,601,317,0,yewon,lean_right,1
705,1786864981.148684,55,605,557,760,671,395,169,0,0,0,693,696,765,807,873,959,777,264,338,291,310,223,0,0,879,1113,1060,503,419,601,314,0,yewon,lean_right,1
706,1786864981.168737,54,611,549,755,671,381,167,0,0,0,683,700,772,808,872,971,781,264,327,297,311,221,0,0,873,1117,1059,503,417,598,325,0,yewon,lean_right,1
707,1786864981.188732,57,611,551,755,670,392,168,0,0,0,675,696,773,809,873,957,777,265,335,283,313,222,0,0,877,1111,1060,505,419,601,319,0,yewon,lean_right,1
708,1786864981.208682,59,611,551,757,669,392,169,0,0,0,685,701,773,807,872,969,775,264,337,295,313,223,0,0,874,1119,1059,505,419,601,318,0,yewon,lean_right,1
709,1786864981.228717,56,607,552,757,670,393,169,0,0,0,681,699,762,806,872,965,775,265,339,285,319,222,0,0,875,1119,1061,503,421,599,326,0,yewon,lean_right,1
710,1786864981.248641,57,607,543,755,671,393,168,0,0,0,669,701,751,809,873,959,776,264,337,286,311,222,0,0,877,1125,1061,505,419,601,319,0,yewon,lean_right,1
711,1786864981.268726,56,619,554,755,671,394,169,0,0,0,665,699,761,807,873,959,773,265,334,287,314,223,0,0,878,1113,1060,507,419,601,319,0,yewon,lean_right,1
712,1786864981.288691,56,607,550,757,670,393,169,0,0,0,681,699,773,807,871,968,777,264,339,285,314,223,0,0,879,1117,1060,504,415,599,329,0,yewon,lean_right,1
713,1786864981.308628,57,611,557,755,674,393,169,0,0,0,698,699,781,809,873,967,777,264,333,284,309,226,0,0,875,1116,1061,501,420,603,328,0,yewon,lean_right,1
714,1786864981.328731,58,613,549,755,671,381,168,0,0,0,681,699,773,807,871,969,780,263,339,285,311,222,0,0,875,1118,1061,503,416,599,317,0,yewon,lean_right,1
715,1786864981.348676,56,613,550,757,671,393,168,22,0,0,682,700,773,807,871,967,776,264,335,287,310,222,0,0,877,1118,1061,503,419,583,327,0,yewon,lean_right,1
716,1786864981.368698,57,610,551,751,671,399,165,21,0,0,682,719,774,807,847,959,775,265,335,293,309,223,0,0,879,1116,1061,505,421,603,326,0,yewon,lean_right,1
717,1786864981.388689,53,613,551,748,670,392,171,23,0,0,681,697,767,809,873,971,777,261,339,285,313,225,0,0,876,1111,1061,503,421,599,328,0,yewon,lean_right,1
718,1786864981.408690,56,611,548,759,670,393,168,21,0,0,684,698,774,808,872,965,777,265,333,291,313,225,0,0,875,1138,1061,507,420,601,329,0,yewon,lean_right,1
719,1786864981.428707,56,613,549,755,671,392,171,22,0,0,669,709,763,807,874,969,780,265,343,277,315,227,0,0,875,1118,1061,503,421,601,329,0,yewon,lean_right,1
720,1786864981.448635,57,611,549,757,671,393,169,23,0,0,683,701,773,809,875,965,773,261,333,291,299,227,0,0,873,1115,1061,508,420,605,327,0,yewon,lean_right,1
721,1786864981.468727,57,613,547,751,671,393,169,20,0,0,681,719,775,805,872,967,774,264,333,291,317,224,0,0,883,1145,1062,501,421,605,329,0,yewon,lean_right,1
722,1786864981.488711,58,613,553,755,670,393,169,0,0,0,682,700,767,809,872,969,782,265,343,282,312,222,0,0,879,1119,1061,504,419,605,329,0,yewon,lean_right,1
723,1786864981.508669,56,612,552,756,669,394,168,0,0,0,692,702,759,807,888,969,775,265,338,284,306,227,0,0,878,1123,1061,505,421,605,327,0,yewon,lean_right,1
724,1786864981.528703,55,613,549,756,671,390,168,20,0,0,677,697,766,807,867,967,775,263,333,291,313,227,0,0,878,1122,1061,504,421,603,333,0,yewon,lean_right,1
725,1786864981.548646,56,611,553,757,670,393,167,0,0,0,683,726,774,808,869,965,776,255,333,287,327,227,0,0,879,1100,1061,503,421,603,331,0,yewon,lean_right,1
726,1786864981.568660,55,612,551,750,671,394,170,0,0,0,683,687,767,807,895,970,777,265,339,293,309,227,0,0,876,1119,1061,503,422,605,325,0,yewon,lean_right,1
727,1786864981.588702,49,607,552,758,669,393,167,0,0,0,683,696,765,810,874,965,774,263,339,295,315,227,0,0,878,1119,1061,501,419,603,333,0,yewon,lean_right,1
728,1786864981.608676,58,613,551,756,671,392,169,0,0,0,683,699,774,807,872,967,777,264,338,287,313,225,0,0,877,1123,1061,503,421,603,329,0,yewon,lean_right,1
729,1786864981.628738,57,611,551,755,669,389,170,0,0,0,683,714,773,808,871,967,779,262,338,285,313,229,0,0,877,1099,1062,503,421,603,327,0,yewon,lean_right,1
730,1786864981.648692,57,611,549,756,669,393,170,0,0,0,683,699,773,808,875,969,775,263,329,283,313,227,0,0,877,1119,1062,503,421,602,329,0,yewon,lean_right,1
731,1786864981.668000,59,611,551,757,671,392,169,21,0,0,683,701,773,808,871,967,782,264,341,287,317,227,0,0,875,1118,1062,503,421,601,331,0,yewon,lean_right,1
732,1786864981.688752,56,611,552,757,671,384,159,0,0,0,683,701,773,809,869,968,777,265,326,297,311,227,0,0,883,1119,1061,501,421,603,327,0,yewon,lean_right,1
733,1786864981.708678,57,611,552,757,671,392,173,20,0,0,683,701,773,808,877,971,775,263,337,287,313,227,0,0,877,1123,1061,501,421,603,327,0,yewon,lean_right,1
734,1786864981.728764,56,611,551,756,676,393,169,20,0,0,685,701,766,808,873,967,776,263,341,285,313,227,0,0,878,1125,1063,501,421,602,333,0,yewon,lean_right,1
735,1786864981.748642,55,611,549,756,671,393,167,24,0,0,683,701,772,805,877,957,789,251,334,288,312,227,0,0,879,1119,1062,503,421,603,331,0,yewon,lean_right,1
736,1786864981.768661,55,611,548,755,671,391,167,22,0,0,682,701,767,808,875,986,775,262,339,283,315,227,0,0,879,1119,1061,503,421,604,331,0,yewon,lean_right,1
737,1786864981.788715,52,611,551,755,671,393,170,21,0,0,680,699,775,807,875,967,781,264,335,285,313,226,0,0,876,1123,1059,503,421,605,332,0,yewon,lean_right,1
738,1786864981.808636,57,613,541,757,671,392,169,23,0,0,682,701,773,809,871,969,778,264,337,287,313,227,0,0,881,1123,1062,501,421,605,319,0,yewon,lean_right,1
739,1786864981.828674,57,611,551,756,671,391,169,21,0,0,683,701,774,811,872,977,776,263,349,277,313,227,0,0,875,1123,1063,503,421,603,333,0,yewon,lean_right,1
740,1786864981.848658,52,613,549,756,675,395,169,23,0,0,683,699,774,807,870,979,765,263,333,290,315,223,0,0,875,1123,1063,504,421,601,329,0,yewon,lean_right,1
741,1786864981.868660,56,611,551,755,669,393,169,22,0,0,680,710,777,808,873,967,775,263,337,288,313,227,0,0,872,1119,1061,503,420,605,313,0,yewon,lean_right,1
742,1786864981.888672,53,611,548,757,669,393,169,23,0,0,683,701,773,806,873,971,777,268,335,290,313,227,0,0,880,1119,1062,499,420,605,329,0,yewon,lean_right,1
743,1786864981.908664,52,611,551,757,671,393,167,22,0,0,681,701,773,797,862,967,776,263,338,287,313,227,0,0,883,1123,1063,503,415,603,331,0,yewon,lean_right,1
744,1786864981.928679,55,611,550,756,671,392,169,23,0,0,683,701,775,808,872,967,779,262,337,287,315,227,0,0,877,1125,1063,503,421,600,330,0,yewon,lean_right,1
745,1786864981.948658,55,611,550,756,671,393,169,22,0,0,683,701,773,807,871,955,775,250,344,289,313,227,0,0,884,1119,1062,505,421,609,339,0,yewon,lean_right,1
746,1786864981.968658,55,611,549,755,671,392,169,22,0,0,683,701,767,810,873,969,767,265,338,287,313,227,0,0,876,1119,1061,501,419,604,333,0,yewon,lean_right,1
747,1786864981.988711,52,611,541,756,671,380,169,21,0,0,682,701,773,807,873,971,777,264,329,285,315,228,0,0,877,1119,1059,501,421,603,331,0,yewon,lean_right,1
748,1786864982.008646,55,612,549,756,671,393,172,27,0,0,681,699,765,807,875,955,799,263,339,283,313,227,0,0,883,1119,1061,500,420,605,331,0,yewon,lean_right,1
749,1786864982.028703,56,611,552,755,672,393,171,21,0,0,681,700,766,809,873,972,777,265,355,277,315,229,0,0,877,1121,1061,502,419,605,328,0,yewon,lean_right,1
750,1786864982.048641,54,611,552,755,671,393,169,28,0,0,683,701,773,809,874,969,776,265,339,287,313,230,0,0,875,1121,1063,500,421,604,317,0,yewon,lean_right,1
751,1786864982.068667,57,611,552,755,670,392,171,22,0,0,683,701,773,809,871,966,780,255,339,287,313,227,0,0,875,1123,1061,498,420,605,333,0,yewon,lean_right,1
752,1786864982.088666,55,611,551,755,671,393,169,21,0,0,703,697,779,811,871,969,777,265,338,290,316,227,0,0,861,1123,1061,495,419,603,331,0,yewon,lean_right,1
753,1786864982.108684,57,609,553,753,669,392,168,31,0,0,684,699,767,808,871,969,779,264,339,291,312,228,0,0,873,1123,1063,499,415,601,328,0,yewon,lean_right,1
754,1786864982.128717,55,611,551,756,667,393,169,22,0,0,683,699,775,807,871,968,776,263,339,287,315,229,0,0,878,1125,1061,503,420,603,329,0,yewon,lean_right,1
755,1786864982.148025,56,612,551,755,669,393,169,23,0,0,682,700,767,809,873,968,777,263,337,287,315,229,0,0,877,1122,1061,499,421,603,331,0,yewon,lean_right,1
756,1786864982.168732,53,611,552,755,671,391,171,20,0,0,682,701,773,811,871,963,779,263,347,293,309,227,0,0,871,1119,1061,495,421,605,329,0,yewon,lean_right,1
757,1786864982.188719,55,611,549,757,671,393,171,22,0,0,683,699,772,809,873,967,776,263,337,291,315,228,0,0,879,1119,1061,495,421,605,331,0,yewon,lean_right,1
758,1786864982.208691,57,611,547,756,671,393,167,25,0,0,681,699,773,809,872,968,775,263,341,288,315,227,0,0,860,1118,1061,493,422,605,329,0,yewon,lean_right,1
759,1786864982.228720,54,611,553,757,670,393,169,22,0,0,699,696,773,811,872,969,776,263,338,291,314,228,0,0,873,1123,1061,493,421,603,334,0,yewon,lean_right,1
760,1786864982.248662,55,612,551,757,670,391,169,22,0,0,681,701,773,797,873,969,775,263,339,291,313,229,0,0,877,1121,1061,494,421,607,339,0,yewon,lean_right,1
761,1786864982.268680,55,611,553,757,671,391,168,25,0,0,683,701,773,811,876,968,775,261,339,290,313,229,0,0,885,1119,1061,493,421,607,308,0,yewon,lean_right,1
762,1786864982.288605,55,611,552,756,671,391,169,23,0,0,683,709,761,808,873,973,775,263,341,291,315,229,0,0,877,1125,1060,493,422,605,330,0,yewon,lean_right,1
763,1786864982.308684,53,611,551,757,671,391,169,22,0,0,681,700,775,815,875,967,781,265,340,288,313,229,0,0,879,1119,1061,495,421,609,331,0,yewon,lean_right,1
764,1786864982.328698,55,612,551,757,671,393,171,23,0,0,683,701,773,799,872,969,782,263,339,290,315,230,0,0,882,1121,1061,493,423,607,328,0,yewon,lean_right,1
765,1786864982.348628,53,611,551,757,669,390,167,23,0,0,683,702,773,808,869,969,775,263,335,291,315,228,0,0,873,1119,1061,493,421,601,339,0,yewon,lean_right,1
766,1786864982.368729,57,611,551,755,671,392,169,22,0,0,683,702,775,795,869,969,779,263,339,288,314,226,0,0,875,1119,1061,499,421,606,339,0,yewon,lean_right,1
767,1786864982.388682,57,611,551,756,671,392,168,25,0,0,683,701,773,807,861,968,778,264,339,287,315,227,0,0,879,1117,1061,494,421,607,329,0,yewon,lean_right,1
768,1786864982.408652,58,612,551,757,671,392,170,26,0,0,683,700,772,807,873,969,779,263,339,288,314,231,0,0,879,1119,1061,493,423,599,333,0,yewon,lean_right,1
769,1786864982.428104,55,611,551,755,669,391,169,23,0,0,685,697,774,797,872,971,775,266,339,292,328,231,0,0,877,1117,1060,493,422,605,341,0,yewon,lean_right,1
770,1786864982.448648,57,612,547,755,675,393,169,25,0,0,685,709,771,808,871,967,777,263,341,287,316,229,0,0,877,1125,1061,495,422,603,332,0,yewon,lean_right,1
771,1786864982.468675,53,611,551,757,671,395,163,27,0,0,683,701,773,811,863,968,776,264,339,291,313,230,0,0,873,1119,1061,493,423,601,339,0,yewon,lean_right,1
772,1786864982.488700,47,611,551,757,670,393,169,27,0,0,682,700,773,809,871,983,776,264,340,287,316,228,0,0,878,1118,1061,493,421,607,333,0,yewon,lean_right,1
773,1786864982.508676,53,603,550,757,671,395,170,27,0,0,680,701,773,809,872,968,779,265,339,291,314,233,0,0,878,1119,1060,492,423,605,338,0,yewon,lean_right,1
774,1786864982.528675,51,613,551,755,671,395,171,29,0,0,683,701,772,809,871,967,777,265,340,287,315,227,0,0,879,1118,1061,493,421,627,339,0,yewon,lean_right,1
775,1786864982.548604,52,613,551,755,671,396,170,29,0,0,683,700,767,807,872,968,779,265,338,291,314,231,0,0,879,1119,1061,493,423,604,335,0,yewon,lean_right,1
776,1786864982.568700,53,611,552,756,672,395,169,28,0,0,679,709,767,803,867,966,777,263,341,292,315,227,0,0,883,1119,1061,492,423,605,335,0,yewon,lean_right,1
777,1786864982.588657,55,613,551,757,674,395,170,30,0,0,683,701,767,809,873,968,777,263,341,290,315,232,0,0,875,1122,1062,495,423,611,338,0,yewon,lean_right,1
778,1786864982.608651,56,613,551,755,671,395,171,30,0,0,682,699,772,808,872,967,777,263,341,291,316,221,0,0,879,1119,1063,495,423,605,341,0,yewon,lean_right,1
779,1786864982.628706,55,611,549,759,671,395,169,25,0,0,681,701,775,807,872,967,777,265,340,291,315,229,0,0,869,1118,1056,492,423,615,343,0,yewon,lean_right,1
780,1786864982.648608,57,611,548,757,671,395,171,31,0,0,683,699,773,812,871,967,776,264,340,288,315,231,0,0,875,1119,1063,495,423,603,343,0,yewon,lean_right,1
781,1786864982.668677,57,611,550,757,671,395,171,29,0,0,682,699,772,807,872,968,757,263,341,288,315,229,0,0,875,1119,1062,493,424,603,345,0,yewon,lean_right,1
782,1786864982.687990,57,611,551,757,669,395,171,30,0,0,683,701,773,807,875,967,792,264,341,292,315,230,0,0,879,1122,1061,495,425,605,343,0,yewon,lean_right,1
783,1786864982.708725,55,611,549,757,671,395,170,29,0,0,682,713,767,807,873,965,777,263,339,291,315,230,0,0,878,1119,1061,493,423,613,344,0,yewon,lean_right,1
784,1786864982.728693,53,610,550,757,671,395,169,31,0,0,682,700,773,807,871,968,766,264,340,288,315,244,0,0,885,1119,1061,493,421,612,320,0,yewon,lean_right,1
785,1786864982.748608,57,607,551,755,671,394,169,29,0,0,682,699,767,809,872,969,766,264,341,291,315,220,0,0,879,1119,1061,494,425,605,343,0,yewon,lean_right,1
786,1786864982.768660,53,611,551,755,671,396,170,33,0,0,683,700,767,812,872,965,776,264,335,292,315,231,0,0,882,1119,1060,493,423,611,339,0,yewon,lean_right,1
787,1786864982.788685,55,607,551,756,671,396,170,30,0,0,683,700,772,806,873,968,775,265,340,288,317,233,0,0,883,1119,1062,495,424,611,340,0,yewon,lean_right,1
788,1786864982.808608,54,607,548,755,672,395,171,30,0,0,683,701,772,811,871,968,776,265,341,293,315,229,0,0,877,1121,1061,493,425,605,359,0,yewon,lean_right,1
789,1786864982.828709,55,607,549,759,669,395,168,31,0,0,683,697,773,807,873,967,775,264,340,291,315,234,0,0,877,1119,1059,492,425,616,343,0,yewon,lean_right,1
790,1786864982.848612,54,610,549,756,672,395,168,31,0,0,683,716,773,807,873,968,780,265,340,292,315,233,0,0,872,1127,1061,495,425,605,343,0,yewon,lean_right,1
791,1786864982.868644,55,610,549,756,675,395,170,30,0,0,683,701,773,807,873,967,775,264,341,291,316,232,0,0,875,1119,1061,494,425,603,347,0,yewon,lean_right,1
792,1786864982.888679,55,607,550,751,668,395,169,30,0,0,682,697,765,809,871,969,775,264,341,291,314,246,0,0,867,1117,1061,493,423,610,360,0,yewon,lean_right,1
793,1786864982.908661,53,612,550,756,671,394,171,30,0,0,683,697,773,807,872,970,774,265,339,293,315,234,0,0,884,1118,1061,499,425,607,347,0,yewon,lean_right,1
794,1786864982.928697,57,610,549,755,671,396,171,31,0,0,683,700,772,811,871,968,775,264,341,291,317,231,0,0,877,1119,1061,495,425,610,357,0,yewon,lean_right,1
795,1786864982.948591,55,607,549,757,668,395,169,31,0,0,683,700,773,809,872,968,775,265,341,291,315,229,0,0,875,1119,1062,495,425,604,345,0,yewon,lean_right,1
796,1786864982.968644,53,607,549,757,670,397,170,38,0,0,681,701,767,813,872,969,776,265,359,291,317,235,0,0,891,1118,1061,494,425,603,341,0,yewon,lean_right,1
797,1786864982.988666,54,607,551,755,671,397,171,36,0,0,680,699,767,812,871,968,776,265,341,291,316,229,0,0,879,1117,1063,494,424,603,348,0,yewon,lean_right,1
798,1786864983.008664,53,611,549,757,671,395,169,35,0,0,681,700,773,805,871,967,776,264,340,291,315,231,0,0,856,1119,1062,493,426,610,350,0,yewon,lean_right,1
799,1786864983.028713,55,605,549,755,669,396,170,31,0,0,683,701,773,807,872,969,775,267,341,293,316,228,0,0,878,1119,1061,495,425,603,350,0,yewon,lean_right,1
800,1786864983.048613,53,606,551,757,669,396,171,35,0,0,683,701,772,805,872,969,776,264,341,293,316,233,0,0,877,1119,1061,494,427,604,349,0,yewon,lean_right,1
801,1786864983.068651,53,607,549,756,669,397,171,37,0,0,680,701,773,810,872,969,775,264,341,292,316,231,0,0,888,1119,1060,492,425,603,350,0,yewon,lean_right,1
802,1786864983.088667,54,606,550,757,669,397,169,35,0,0,681,701,772,809,872,967,776,265,341,291,315,231,0,0,889,1117,1061,494,425,606,355,0,yewon,lean_right,1
803,1786864983.108656,55,611,550,755,671,397,169,27,0,0,681,700,764,809,872,969,775,267,339,293,317,231,0,0,877,1117,1061,493,425,601,353,0,yewon,lean_right,1
804,1786864983.128662,54,606,549,755,669,397,171,37,0,0,681,701,767,811,872,967,775,264,341,291,315,229,0,0,873,1122,1061,494,425,616,351,0,yewon,lean_right,1
805,1786864983.148641,53,609,548,757,669,409,169,35,0,0,684,701,766,809,871,968,773,265,342,293,313,232,0,0,879,1112,1061,491,426,607,351,0,yewon,lean_right,1
806,1786864983.168712,55,607,551,755,671,397,171,35,0,0,681,699,765,807,873,971,775,264,343,291,317,217,0,0,879,1119,1062,495,426,607,355,0,yewon,lean_right,1
807,1786864983.188652,55,605,549,756,669,397,170,36,0,0,679,701,777,807,872,968,776,265,341,292,317,231,0,0,875,1119,1063,493,427,612,354,0,yewon,lean_right,1
808,1786864983.207958,54,607,549,757,671,397,171,37,0,0,682,701,767,811,872,968,775,264,341,293,316,231,0,0,883,1119,1062,498,425,613,355,0,yewon,lean_right,1
809,1786864983.227672,55,607,551,755,675,398,171,36,0,0,684,699,771,809,872,968,777,267,340,293,317,231,0,0,878,1119,1061,500,427,599,355,0,yewon,lean_right,1
810,1786864983.248679,55,607,549,757,671,397,171,35,0,0,682,701,773,809,872,969,775,265,341,292,315,231,0,0,888,1119,1062,494,425,607,355,0,yewon,lean_right,1
811,1786864983.268675,55,607,549,755,671,396,170,33,0,0,683,699,774,799,872,967,775,265,341,291,316,227,0,0,877,1123,1062,490,425,611,357,0,yewon,lean_right,1
812,1786864983.288695,53,609,551,755,670,397,171,35,0,0,686,698,773,809,871,967,775,267,341,291,315,235,0,0,879,1119,1063,495,427,604,357,0,yewon,lean_right,1
813,1786864983.308671,61,609,550,755,670,396,170,33,0,0,683,699,767,807,872,967,775,263,341,293,317,231,0,0,877,1119,1061,493,425,623,355,0,yewon,lean_right,1
814,1786864983.328696,54,607,550,756,671,397,171,31,0,0,683,701,765,807,873,967,775,265,340,292,318,229,0,0,879,1123,1061,495,426,595,355,0,yewon,lean_right,1
815,1786864983.348608,52,611,549,757,675,397,171,31,0,0,682,699,775,809,873,967,775,265,341,293,317,235,0,0,878,1121,1063,499,427,606,355,0,yewon,lean_right,1
816,1786864983.368658,55,607,550,755,671,397,169,31,0,0,685,701,767,813,871,969,775,265,341,292,316,235,0,0,877,1122,1062,495,425,616,356,0,yewon,lean_right,1
817,1786864983.388678,55,607,552,756,669,397,169,30,0,0,683,701,773,820,871,967,776,265,340,293,317,230,0,0,877,1118,1063,494,427,622,355,0,yewon,lean_right,1
818,1786864983.408665,61,607,551,757,671,397,170,31,0,0,681,701,775,808,872,967,775,264,341,292,316,233,0,0,879,1125,1061,495,427,621,355,0,yewon,lean_right,1
819,1786864983.428086,53,607,550,757,671,396,169,31,0,0,681,699,775,808,873,967,775,264,341,292,315,231,0,0,877,1119,1061,495,425,601,355,0,yewon,lean_right,1
820,1786864983.447762,56,610,549,756,671,397,170,30,0,0,682,700,773,815,872,968,776,265,339,293,314,229,0,0,877,1119,1061,492,427,613,355,0,yewon,lean_right,1
821,1786864983.468695,61,607,551,751,669,397,171,31,0,0,680,703,775,809,873,967,775,263,341,293,317,231,0,0,877,1117,1061,495,427,612,354,0,yewon,lean_right,1
822,1786864983.488713,56,607,550,755,672,396,169,31,0,0,683,697,773,809,872,967,774,264,341,292,317,235,0,0,879,1121,1063,498,427,601,353,0,yewon,lean_right,1
823,1786864983.508650,58,609,550,755,671,397,170,31,0,0,683,702,774,808,871,967,775,265,341,292,317,231,0,0,878,1123,1062,497,426,614,355,0,yewon,lean_right,1
824,1786864983.528685,51,611,550,757,669,397,170,31,0,0,681,703,767,809,872,967,775,264,341,293,317,237,0,0,879,1123,1061,495,427,629,354,0,yewon,lean_right,1
825,1786864983.548676,56,607,549,757,672,396,170,30,0,0,684,700,773,808,870,968,775,265,343,292,317,231,0,0,879,1119,1063,494,425,612,355,0,yewon,lean_right,1
826,1786864983.568690,57,607,548,757,671,397,169,31,0,0,683,699,766,808,872,967,775,264,341,291,318,232,0,0,877,1125,1061,496,425,631,353,0,yewon,lean_right,1
827,1786864983.588677,55,607,549,756,670,397,171,31,0,0,683,700,773,809,871,967,775,264,342,295,317,233,0,0,878,1122,1061,495,425,635,356,0,yewon,lean_right,1
828,1786864983.608639,55,607,549,755,671,397,169,33,0,0,685,699,767,809,873,965,775,264,343,294,319,239,0,0,877,1123,1061,499,425,612,356,0,yewon,lean_right,1
829,1786864983.628685,55,611,549,755,671,397,168,35,0,0,683,701,773,808,872,968,775,265,342,292,316,233,0,0,879,1122,1061,495,425,610,361,0,yewon,lean_right,1
830,1786864983.648659,51,609,549,755,671,397,171,31,0,0,683,701,773,807,873,968,776,265,343,293,317,247,0,0,877,1119,1061,494,425,613,363,0,yewon,lean_right,1
831,1786864983.668659,43,611,548,755,674,396,170,31,0,0,683,701,767,808,873,965,775,265,340,287,318,239,0,0,877,1125,1061,499,425,613,361,0,yewon,lean_right,1
832,1786864983.688690,56,609,548,755,671,399,169,31,0,0,684,699,767,808,872,969,775,265,341,291,317,233,0,0,877,1121,1061,494,425,594,361,0,yewon,lean_right,1
833,1786864983.707932,55,610,550,755,671,397,171,35,0,0,683,701,773,809,873,971,775,264,341,291,317,231,0,0,878,1121,1063,493,426,615,364,0,yewon,lean_right,1
834,1786864983.728688,55,611,547,755,672,395,169,35,0,0,685,699,775,809,872,965,775,264,341,287,317,249,0,0,879,1125,1063,495,426,614,365,0,yewon,lean_right,1
835,1786864983.748646,53,607,549,755,671,399,169,35,0,0,683,699,767,809,871,970,777,265,339,293,318,249,0,0,877,1123,1061,495,425,611,363,0,yewon,lean_right,1
836,1786864983.768686,55,611,549,755,671,397,170,35,0,0,681,701,767,809,872,968,775,263,341,295,316,231,0,0,879,1115,1061,495,426,617,364,0,yewon,lean_right,1
837,1786864983.788680,61,607,549,756,671,401,170,35,0,0,683,699,767,808,875,968,775,263,339,293,319,233,0,0,875,1119,1063,495,426,612,363,0,yewon,lean_right,1
838,1786864983.808650,56,605,547,756,671,397,171,35,0,0,683,699,773,809,872,968,777,264,341,291,317,233,0,0,877,1119,1063,495,427,612,363,0,yewon,lean_right,1
839,1786864983.828716,55,607,550,755,671,399,169,33,0,0,685,701,765,809,872,967,775,263,342,291,317,232,0,0,877,1124,1061,495,427,613,363,0,yewon,lean_right,1
840,1786864983.848606,55,610,549,757,671,398,170,37,0,0,683,701,767,809,872,969,776,263,343,293,315,230,0,0,877,1123,1063,495,425,613,363,0,yewon,lean_right,1
841,1786864983.868649,55,611,549,755,669,399,171,33,0,0,679,696,772,809,871,969,773,265,342,291,319,233,0,0,877,1117,1061,495,427,613,363,0,yewon,lean_right,1
842,1786864983.888677,55,610,550,756,671,402,171,36,0,0,684,700,773,809,873,967,776,265,339,295,317,233,0,0,877,1119,1062,492,427,613,363,0,yewon,lean_right,1
843,1786864983.908637,54,612,549,755,671,401,172,35,0,0,683,701,775,808,873,967,775,263,340,293,317,233,0,0,879,1121,1062,499,426,615,363,0,yewon,lean_right,1
844,1786864983.928686,55,607,550,757,671,397,170,31,0,0,685,700,775,808,871,971,776,263,340,294,316,233,0,0,877,1117,1063,495,427,615,363,0,yewon,lean_right,1
845,1786864983.948639,57,611,551,751,675,396,171,33,0,0,683,699,763,809,873,968,777,265,344,293,317,231,0,0,877,1119,1063,493,427,613,362,0,yewon,lean_right,1
846,1786864983.968651,55,606,548,757,673,399,171,35,0,0,683,701,773,808,873,969,775,264,341,292,319,234,0,0,878,1123,1062,495,427,615,361,0,yewon,lean_right,1
847,1786864983.988642,55,611,549,755,667,399,171,35,0,0,683,701,773,809,872,967,775,263,341,291,317,233,0,0,877,1124,1062,495,427,615,361,0,yewon,lean_right,1
848,1786864984.008641,51,610,550,756,670,396,171,35,0,0,679,702,767,809,872,968,775,264,339,292,317,233,0,0,877,1122,1063,493,426,614,361,0,yewon,lean_right,1
849,1786864984.028706,55,607,549,757,667,399,171,35,0,0,683,703,775,809,872,969,776,265,341,293,317,232,0,0,879,1123,1063,495,427,615,361,0,yewon,lean_right,1
850,1786864984.048618,55,608,548,755,671,397,169,36,0,0,685,701,775,808,874,967,774,263,343,288,317,229,0,0,878,1124,1064,495,428,613,361,0,yewon,lean_right,1
851,1786864984.068653,59,610,549,757,669,407,169,35,0,0,683,699,777,808,873,968,776,255,343,295,327,233,0,0,877,1124,1059,493,427,615,361,0,yewon,lean_right,1
852,1786864984.088670,55,610,549,756,670,403,170,35,0,0,685,700,766,808,871,969,776,263,343,293,317,233,0,0,877,1119,1063,492,427,613,361,0,yewon,lean_right,1
853,1786864984.108632,55,609,549,757,671,397,169,35,0,0,686,700,773,809,872,969,775,264,343,292,319,233,0,0,879,1119,1063,499,428,616,361,0,yewon,lean_right,1
854,1786864984.128672,55,613,551,758,675,398,171,35,0,0,682,698,766,809,873,965,776,264,342,294,318,233,0,0,879,1125,1064,495,428,615,362,0,yewon,lean_right,1
855,1786864984.148649,59,609,549,757,667,399,169,37,0,0,681,701,773,809,872,969,775,264,343,293,319,232,0,0,879,1123,1063,495,429,613,361,0,yewon,lean_right,1
856,1786864984.168684,55,610,551,751,671,399,171,36,0,0,685,701,773,809,872,967,777,265,341,292,316,233,0,0,878,1119,1063,499,427,615,363,0,yewon,lean_right,1
857,1786864984.188678,55,613,549,755,677,399,171,35,0,0,684,701,767,809,873,967,775,264,340,292,315,231,0,0,877,1125,1062,499,429,613,363,0,yewon,lean_right,1
858,1786864984.208722,53,607,548,757,675,399,172,31,0,0,681,698,765,809,872,967,776,264,343,291,317,233,0,0,879,1125,1063,495,428,613,363,0,yewon,lean_right,1
859,1786864984.228705,56,606,549,756,679,401,171,35,0,0,681,701,775,809,872,968,776,263,339,293,319,235,0,0,877,1123,1063,493,429,615,361,0,yewon,lean_right,1
860,1786864984.248631,55,611,549,757,670,397,171,35,0,0,678,701,767,808,873,967,776,263,344,294,325,233,0,0,879,1123,1063,495,429,615,359,0,yewon,lean_right,1
861,1786864984.268681,55,611,550,755,669,397,171,35,0,0,681,702,745,809,874,969,777,263,341,292,316,232,0,0,878,1119,1063,496,428,613,351,0,yewon,lean_right,1
862,1786864984.288687,55,617,551,757,671,399,170,35,0,0,676,701,767,809,873,968,777,263,342,295,316,234,0,0,877,1123,1063,469,428,616,354,0,yewon,lean_right,1
863,1786864984.308631,55,619,549,757,674,399,171,37,0,0,697,702,788,809,874,969,777,263,343,293,317,233,0,0,879,1125,1063,519,429,614,355,0,yewon,lean_right,1
864,1786864984.328815,55,605,551,757,675,399,169,35,0,0,687,697,780,809,875,967,775,265,343,293,317,233,0,0,877,1123,1063,489,429,613,351,0,yewon,lean_right,1
865,1786864984.348668,57,611,551,757,671,399,171,37,0,0,696,709,749,808,871,968,775,263,343,292,318,233,0,0,879,1122,1062,501,429,614,354,0,yewon,lean_right,1
866,1786864984.368662,55,611,551,755,671,397,171,36,0,0,683,700,765,808,875,968,777,263,341,292,318,232,0,0,879,1123,1063,499,429,614,357,0,yewon,lean_right,1
867,1786864984.388686,55,605,551,757,677,399,169,31,0,0,691,699,751,808,872,969,775,263,343,293,316,233,0,0,877,1123,1063,502,428,614,358,0,yewon,lean_right,1
868,1786864984.408668,55,605,550,757,671,399,171,35,0,0,677,699,761,809,873,969,776,265,343,295,319,232,0,0,879,1125,1063,531,429,614,357,0,yewon,lean_right,1
869,1786864984.427707,56,619,549,755,671,401,169,35,0,0,684,701,774,809,875,968,776,263,340,295,316,233,0,0,879,1123,1065,501,429,615,358,0,yewon,lean_right,1
870,1786864984.448639,55,601,550,757,675,397,171,35,0,0,683,702,765,809,874,971,777,264,343,291,317,233,0,0,878,1144,1063,502,429,615,361,0,yewon,lean_right,1
871,1786864984.468673,56,610,549,757,669,398,160,31,0,0,687,697,779,809,873,967,779,251,341,292,316,233,0,0,877,1123,1063,501,428,615,361,0,yewon,lean_right,1
872,1786864984.488677,53,611,549,757,671,402,169,35,0,0,684,699,773,810,873,969,776,264,343,291,311,229,0,0,877,1123,1064,489,429,615,361,0,yewon,lean_right,1
873,1786864984.508634,53,610,551,759,670,399,171,35,0,0,683,699,772,809,873,967,776,263,339,293,307,234,0,0,878,1125,1063,504,429,615,361,0,yewon,lean_right,1
874,1786864984.528697,53,611,550,751,671,399,169,35,0,0,684,709,767,809,873,967,777,279,343,293,325,235,0,0,879,1127,1063,495,427,615,361,0,yewon,lean_right,1
875,1786864984.548643,53,612,549,757,671,401,172,36,0,0,684,701,775,810,873,971,775,264,343,291,327,231,0,0,878,1123,1063,500,425,614,358,0,yewon,lean_right,1
876,1786864984.568635,55,623,552,757,675,403,171,36,0,0,683,709,773,809,873,969,775,264,343,294,319,233,0,0,878,1124,1063,492,425,613,358,0,yewon,lean_right,1
877,1786864984.588656,57,615,548,757,677,401,171,31,0,0,684,709,773,809,875,967,774,263,343,296,299,234,0,0,878,1127,1063,499,425,613,349,0,yewon,lean_right,1
878,1786864984.608635,57,609,550,761,672,402,171,35,0,0,685,700,773,810,875,969,776,265,342,293,317,233,0,0,879,1125,1063,505,426,615,349,0,yewon,lean_right,1
879,1786864984.628681,57,611,550,757,676,399,171,36,0,0,691,701,763,809,873,968,777,263,343,295,324,235,0,0,879,1118,1062,500,425,613,349,0,yewon,lean_right,1
880,1786864984.648618,55,610,549,743,675,399,171,37,0,0,680,719,773,810,874,966,778,263,343,293,319,235,0,0,879,1148,1063,503,425,613,347,0,yewon,lean_right,1
881,1786864984.668683,55,607,549,757,671,399,173,35,0,0,690,702,774,809,873,969,777,263,343,295,317,235,0,0,879,1117,1063,501,426,613,347,0,yewon,lean_right,1
882,1786864984.688674,57,612,549,757,675,411,171,31,0,0,681,701,775,809,875,967,777,262,339,301,319,233,0,0,879,1125,1063,499,425,613,347,0,yewon,lean_right,1
883,1786864984.708645,56,611,550,755,676,397,171,37,0,0,683,701,773,809,875,969,777,263,343,293,319,234,0,0,879,1124,1064,495,425,615,349,0,yewon,lean_right,1
884,1786864984.728712,57,610,551,755,670,399,173,34,0,0,684,695,775,811,871,975,776,264,343,294,316,233,0,0,879,1125,1063,503,426,615,345,0,yewon,lean_right,1
885,1786864984.748893,53,607,549,756,670,402,171,33,0,0,683,699,767,809,874,968,775,263,344,293,326,232,0,0,879,1124,1064,499,425,615,344,0,yewon,lean_right,1
886,1786864984.768769,57,611,551,755,671,402,170,34,0,0,685,697,775,808,874,970,777,263,357,295,319,233,0,0,879,1116,1063,505,425,614,345,0,yewon,lean_right,1
887,1786864984.788675,55,607,551,757,671,399,171,31,0,0,685,702,767,809,871,969,777,262,341,296,315,233,0,0,879,1122,1063,502,427,617,347,0,yewon,lean_right,1
888,1786864984.808625,55,607,551,754,676,397,171,35,0,0,683,703,773,809,872,969,779,262,340,295,333,233,0,0,879,1125,1063,500,427,614,347,0,yewon,lean_right,1
889,1786864984.828758,55,613,550,755,676,399,171,31,0,0,681,699,777,809,875,973,777,263,348,303,317,232,0,0,875,1124,1064,500,427,615,345,0,yewon,lean_right,1
890,1786864984.848643,56,613,549,757,669,393,171,33,0,0,687,702,777,809,875,966,777,263,342,303,317,233,0,0,875,1117,1063,503,425,615,347,0,yewon,lean_right,1
891,1786864984.868652,53,611,549,763,671,400,171,31,0,0,681,702,773,809,873,943,780,265,343,293,330,233,0,0,877,1125,1063,493,425,615,347,0,yewon,lean_right,1
892,1786864984.888655,57,613,548,757,667,396,171,31,0,0,681,699,764,811,875,956,779,263,347,295,325,233,0,0,878,1127,1065,495,426,615,343,0,yewon,lean_right,1
893,1786864984.908641,57,613,549,757,669,398,170,33,0,0,683,702,773,810,875,969,781,262,333,291,317,234,0,0,877,1124,1063,506,427,615,345,0,yewon,lean_right,1
894,1786864984.928693,69,607,550,757,671,398,171,30,0,0,683,701,767,811,873,970,777,264,343,285,323,235,0,0,883,1119,1063,503,427,614,351,0,yewon,lean_right,1
895,1786864984.948599,55,611,537,755,676,403,172,39,0,0,695,703,773,813,872,967,779,263,345,297,315,233,0,0,883,1122,1064,501,427,615,345,0,yewon,lean_right,1
896,1786864984.968607,54,614,551,757,677,399,171,23,0,0,684,701,775,810,875,986,779,263,343,294,316,233,0,0,883,1129,1064,502,427,616,347,0,yewon,lean_right,1
897,1786864984.988674,53,611,551,757,675,401,171,35,0,0,686,703,767,809,872,969,779,263,345,295,325,239,0,0,883,1123,1063,502,429,617,351,0,yewon,lean_right,1
898,1786864985.008636,57,611,550,757,674,405,171,35,0,0,667,695,773,807,871,966,779,263,345,297,325,233,0,0,878,1119,1063,499,429,615,357,0,yewon,lean_right,1
899,1786864985.028654,53,607,552,757,670,402,169,33,0,0,677,699,775,811,877,970,778,263,339,291,319,233,0,0,883,1119,1064,505,428,616,349,0,yewon,lean_right,1
900,1786864985.048623,55,611,549,757,671,397,173,34,0,0,684,701,773,811,876,957,761,263,343,293,316,233,0,0,883,1118,1063,499,426,615,351,0,yewon,lean_right,1
901,1786864985.068657,57,613,551,755,679,405,171,39,0,0,681,703,774,809,876,971,779,263,343,296,317,234,0,0,875,1128,1063,500,427,616,350,0,yewon,lean_right,1
902,1786864985.088650,55,610,548,751,676,403,170,33,0,0,687,701,765,811,876,969,779,264,346,288,315,233,0,0,880,1123,1065,503,428,615,360,0,yewon,lean_right,1
903,1786864985.108645,54,611,551,751,668,403,171,31,0,0,680,701,764,809,873,971,780,261,343,293,329,228,0,0,883,1123,1063,493,427,615,359,0,yewon,lean_right,1
904,1786864985.128681,58,607,551,757,667,403,173,38,0,0,681,697,766,810,877,995,777,261,343,299,325,234,0,0,875,1123,1064,499,427,615,361,0,yewon,lean_right,1
905,1786864985.148852,55,611,552,756,675,403,171,31,0,0,683,701,773,810,874,969,778,263,343,293,318,239,0,0,873,1123,1064,501,427,616,341,0,yewon,lean_right,1
906,1786864985.168650,55,611,553,756,671,399,171,33,0,0,683,700,775,811,871,972,751,263,343,296,318,234,0,0,877,1123,1063,501,429,615,361,0,yewon,lean_right,1
907,1786864985.188685,55,612,549,757,677,403,170,35,0,0,683,701,767,813,877,969,776,263,342,287,317,233,0,0,880,1127,1064,501,429,616,359,0,yewon,lean_right,1
908,1786864985.208640,53,611,543,755,671,403,171,31,0,0,680,711,773,812,869,969,779,263,343,293,317,235,0,0,879,1123,1065,509,428,615,364,0,yewon,lean_right,1
909,1786864985.228699,56,617,552,759,675,402,173,31,0,0,679,702,767,813,874,971,779,263,345,295,317,235,0,0,880,1123,1063,509,428,616,361,0,yewon,lean_right,1
910,1786864985.248297,57,607,549,757,671,403,168,33,0,0,683,703,767,811,871,971,781,263,341,295,327,235,0,0,877,1108,1065,501,427,616,356,0,yewon,lean_right,1
911,1786864985.268673,55,607,551,757,671,399,171,33,0,0,684,697,779,813,875,970,779,263,347,294,330,234,0,0,883,1149,1065,522,427,618,359,0,yewon,lean_right,1
912,1786864985.288657,56,601,551,755,675,401,171,31,0,0,681,699,763,808,872,969,779,263,343,295,319,235,0,0,877,1125,1064,505,427,617,360,0,yewon,lean_right,1
913,1786864985.308640,55,615,551,755,670,405,170,33,0,0,699,701,767,811,876,965,780,267,343,297,319,235,0,0,879,1127,1063,503,429,617,357,0,yewon,lean_right,1
914,1786864985.328678,57,613,551,759,670,401,171,31,0,0,669,702,782,811,871,969,779,263,345,299,319,235,0,0,879,1125,1063,500,427,617,359,0,yewon,lean_right,1
915,1786864985.348623,57,611,551,764,671,399,171,29,0,0,684,699,773,809,871,971,779,262,345,291,307,236,0,0,882,1132,1063,504,428,616,359,0,yewon,lean_right,1
916,1786864985.368678,55,612,551,761,667,396,170,30,0,0,683,696,767,810,872,973,775,263,341,296,329,234,0,0,878,1123,1064,501,426,613,360,0,yewon,lean_right,1
917,1786864985.388670,56,612,549,763,671,403,171,30,0,0,683,702,775,807,877,968,776,263,345,295,309,233,0,0,879,1129,1065,501,427,617,357,0,yewon,lean_right,1
918,1786864985.408631,57,611,548,757,671,397,171,28,0,0,683,710,773,811,887,967,779,263,345,287,331,235,0,0,879,1127,1065,499,428,619,359,0,yewon,lean_right,1
919,1786864985.427913,57,613,549,757,677,403,171,30,0,0,684,698,786,808,874,965,777,262,344,293,330,235,0,0,877,1124,1063,493,428,616,359,0,yewon,lean_right,1
920,1786864985.448660,57,611,549,764,671,402,165,29,0,0,685,713,767,810,875,969,779,261,341,292,319,235,0,0,875,1123,1065,501,429,616,360,0,yewon,lean_right,1
921,1786864985.468677,57,611,551,763,674,399,171,28,0,0,685,685,773,807,876,967,775,263,343,291,312,234,0,0,876,1123,1065,502,428,617,359,0,yewon,lean_right,1
922,1786864985.488664,55,617,551,756,668,403,170,30,0,0,663,701,775,807,873,969,779,263,340,287,331,236,0,0,875,1124,1064,521,427,611,357,0,yewon,lean_right,1
923,1786864985.508655,55,611,551,764,671,398,163,30,0,0,683,728,773,809,874,972,780,252,339,298,319,235,0,0,878,1124,1063,500,427,615,359,0,yewon,lean_right,1
924,1786864985.528691,56,612,548,751,671,399,171,29,0,0,683,701,773,809,887,969,776,263,344,293,324,233,0,0,879,1127,1064,502,429,617,359,0,yewon,lean_right,1
925,1786864985.548599,56,603,549,755,671,399,170,35,0,0,685,699,779,809,871,969,775,261,341,293,316,233,0,0,883,1124,1064,501,427,615,360,0,yewon,lean_right,1
926,1786864985.568656,56,611,549,751,671,399,163,29,0,0,684,703,773,811,888,970,775,261,339,295,327,233,0,0,883,1123,1064,503,427,615,359,0,yewon,lean_right,1
927,1786864985.588667,53,611,549,751,670,399,171,28,0,0,685,727,773,807,873,968,777,255,345,293,319,236,0,0,877,1124,1064,501,428,613,357,0,yewon,lean_right,1
928,1786864985.608628,55,611,551,751,672,397,171,30,0,0,710,699,767,811,875,971,775,263,343,295,313,235,0,0,877,1124,1064,502,427,615,357,0,yewon,lean_right,1
929,1786864985.628647,59,611,550,759,671,397,171,29,0,0,683,691,773,811,890,973,776,263,345,296,317,235,0,0,879,1124,1063,503,429,616,361,0,yewon,lean_right,1
930,1786864985.648627,55,611,550,756,671,399,171,28,0,0,685,703,774,809,877,969,776,253,347,292,329,235,0,0,877,1117,1064,503,429,618,360,0,yewon,lean_right,1
931,1786864985.668637,59,611,549,759,677,401,169,31,0,0,684,699,776,810,875,969,776,261,345,292,319,235,0,0,876,1123,1063,501,429,618,355,0,yewon,lean_right,1
932,1786864985.688642,55,611,548,757,671,407,170,31,0,0,683,703,772,811,873,971,782,262,343,287,318,234,0,0,877,1123,1063,502,429,617,359,0,yewon,lean_right,1
933,1786864985.708647,56,613,551,755,671,393,171,31,0,0,683,701,773,813,873,971,779,261,345,293,313,236,0,0,877,1116,1064,503,429,617,361,0,yewon,lean_right,1
934,1786864985.728657,59,611,550,755,671,403,171,31,0,0,683,701,773,809,867,969,778,263,334,295,317,235,0,0,885,1144,1065,502,429,613,362,0,yewon,lean_right,1
935,1786864985.748614,56,611,549,757,671,399,171,28,0,0,684,700,773,811,871,980,777,261,343,293,319,235,0,0,879,1123,1063,503,429,615,331,0,yewon,lean_right,1
936,1786864985.768650,55,611,553,755,671,399,169,31,0,0,684,701,774,813,878,970,779,249,341,292,315,233,0,0,879,1125,1064,503,430,617,357,0,yewon,lean_right,1
937,1786864985.788704,57,611,550,751,675,403,171,31,0,0,679,715,765,809,872,968,778,263,342,299,319,234,0,0,880,1125,1064,503,429,615,359,0,yewon,lean_right,1
938,1786864985.808628,57,612,557,756,671,403,171,40,0,0,683,700,775,812,871,969,777,263,343,293,319,236,0,0,877,1125,1065,505,429,619,355,0,yewon,lean_right,1
939,1786864985.828687,56,611,552,755,671,393,171,31,0,0,684,701,773,811,876,958,781,261,333,292,325,236,0,0,883,1126,1065,503,430,615,358,0,yewon,lean_right,1
940,1786864985.848616,55,613,552,757,671,403,171,31,0,0,684,701,774,812,877,965,777,262,347,286,318,235,0,0,878,1123,1064,500,431,618,343,0,yewon,lean_right,1
941,1786864985.868649,62,613,544,757,671,399,171,29,0,0,683,701,773,809,877,967,776,261,347,287,319,233,0,0,883,1123,1065,501,429,617,361,0,yewon,lean_right,1
942,1786864985.888658,56,611,551,753,671,403,171,41,0,0,683,699,765,807,875,969,778,261,343,291,317,235,0,0,879,1123,1063,501,427,617,359,0,yewon,lean_right,1
943,1786864985.908624,57,612,551,755,676,409,171,30,0,0,686,701,775,811,875,968,779,263,343,295,319,235,0,0,885,1125,1065,502,431,613,361,0,yewon,lean_right,1
944,1786864985.928640,55,613,552,757,675,403,171,37,0,0,683,701,767,811,875,969,779,263,343,292,319,232,0,0,883,1125,1065,505,430,615,357,0,yewon,lean_right,1
945,1786864985.948599,57,614,549,756,671,401,171,31,0,0,683,701,775,807,871,965,777,263,339,294,319,234,0,0,883,1124,1065,503,430,617,347,0,yewon,lean_right,1
946,1786864985.968649,56,613,551,757,672,409,170,31,0,0,685,701,774,811,875,971,775,261,345,293,319,235,0,0,875,1115,1065,503,429,615,347,0,yewon,lean_right,1
947,1786864985.988628,57,613,560,757,675,403,172,30,0,0,684,701,775,809,873,969,777,265,343,293,320,235,0,0,878,1125,1065,499,431,619,351,0,yewon,lean_right,1
948,1786864986.008595,56,613,551,755,671,403,171,41,0,0,683,702,774,807,877,971,779,263,344,293,319,235,0,0,883,1123,1064,503,431,617,349,0,yewon,lean_right,1
949,1786864986.028700,57,613,551,756,671,409,171,31,0,0,680,701,775,813,871,971,778,261,343,295,318,235,0,0,911,1116,1067,503,431,621,347,0,yewon,lean_right,1
950,1786864986.048765,55,613,551,757,674,403,171,31,0,0,685,701,773,810,879,969,776,262,344,293,318,232,0,0,873,1125,1065,503,431,616,346,0,yewon,lean_right,1
951,1786864986.068690,59,612,548,755,671,403,171,27,0,0,683,701,775,807,874,969,774,263,345,293,319,235,0,0,909,1125,1065,503,430,616,354,0,yewon,lean_right,1
952,1786864986.088671,57,613,551,757,671,399,172,30,0,0,684,701,775,809,873,967,776,254,343,296,319,235,0,0,867,1118,1065,502,431,621,351,0,yewon,lean_right,1
953,1786864986.108635,59,613,551,757,671,394,171,30,0,0,683,701,775,809,873,974,775,263,345,298,325,233,0,0,877,1125,1065,503,430,619,360,0,yewon,lean_right,1
954,1786864986.128668,57,613,552,756,671,407,171,31,0,0,684,700,775,807,873,971,778,263,343,295,325,235,0,0,884,1125,1065,503,431,617,361,0,yewon,lean_right,1
955,1786864986.148629,57,615,551,756,675,403,169,31,0,0,685,700,775,809,876,969,777,262,345,295,318,233,0,0,879,1125,1065,503,427,616,359,0,yewon,lean_right,1
956,1786864986.168679,57,611,551,757,676,403,172,31,0,0,684,703,765,809,877,972,777,262,344,296,317,235,0,0,879,1119,1065,503,431,617,360,0,yewon,lean_right,1
957,1786864986.188665,57,613,552,757,671,403,170,31,0,0,683,699,773,808,873,969,779,263,345,294,325,235,0,0,901,1124,1065,503,431,615,358,0,yewon,lean_right,1
958,1786864986.208636,55,613,552,757,672,405,171,35,0,0,696,703,761,808,876,969,780,263,345,294,319,237,0,0,879,1125,1065,502,431,619,360,0,yewon,lean_right,1
959,1786864986.228718,57,613,551,759,672,405,171,31,0,0,681,701,755,811,875,969,778,274,345,296,319,235,0,0,884,1121,1065,536,431,617,363,0,yewon,lean_right,1
960,1786864986.248587,58,613,550,757,675,402,170,31,0,0,685,700,773,823,875,968,777,262,344,295,325,235,0,0,883,1123,1065,503,431,616,348,0,yewon,lean_right,1
961,1786864986.268462,57,613,551,755,671,402,171,31,0,0,689,701,774,804,872,967,777,261,342,295,325,235,0,0,884,1125,1065,503,430,621,360,0,yewon,lean_right,1
962,1786864986.288044,57,613,555,751,675,403,169,30,0,0,685,723,774,809,853,968,777,276,346,291,325,235,0,0,879,1123,1063,503,431,619,361,0,yewon,lean_right,1
963,1786864986.308729,57,615,551,756,670,403,171,28,0,0,683,701,775,811,873,969,777,261,345,295,319,236,0,0,879,1125,1065,504,431,616,361,0,yewon,lean_right,1
964,1786864986.328698,57,614,551,757,670,403,171,28,0,0,695,700,755,811,875,970,779,263,344,295,325,235,0,0,883,1125,1065,503,430,615,361,0,yewon,lean_right,1
965,1786864986.348623,55,612,551,757,671,403,172,29,0,0,685,701,775,809,885,969,779,261,345,295,325,234,0,0,879,1127,1063,499,431,621,356,0,yewon,lean_right,1
966,1786864986.368631,57,613,551,757,670,403,171,29,0,0,684,700,775,811,875,969,779,263,345,295,319,233,0,0,883,1125,1065,505,430,612,360,0,yewon,lean_right,1
967,1786864986.388633,59,614,555,756,670,402,171,29,0,0,680,697,783,807,876,967,778,261,344,295,319,236,0,0,879,1125,1065,501,429,620,355,0,yewon,lean_right,1
968,1786864986.408640,57,613,549,756,670,403,173,29,0,0,683,699,773,809,867,973,761,263,345,295,319,235,0,0,885,1113,1067,502,431,616,360,0,yewon,lean_right,1
969,1786864986.427962,58,615,551,757,675,404,171,30,0,0,683,701,773,827,873,969,779,263,345,295,325,232,0,0,883,1124,1065,504,431,620,359,0,yewon,lean_right,1
970,1786864986.448583,52,613,567,757,675,404,171,29,0,0,680,702,774,810,875,967,781,263,347,295,319,236,0,0,887,1125,1063,499,431,619,357,0,yewon,lean_right,1
971,1786864986.468623,53,613,551,757,672,403,171,29,0,0,685,701,774,809,873,969,773,263,344,295,320,236,0,0,879,1125,1065,503,431,619,359,0,yewon,lean_right,1
972,1786864986.488664,57,613,552,755,671,403,173,30,0,0,683,701,773,809,879,974,776,263,345,297,333,235,0,0,876,1130,1064,501,430,619,347,0,yewon,lean_right,1
973,1786864986.508628,58,613,552,757,672,403,171,29,0,0,684,701,775,807,873,969,779,263,345,295,319,235,0,0,879,1125,1064,502,431,618,349,0,yewon,lean_right,1
974,1786864986.528675,56,613,551,757,671,403,171,31,0,0,685,702,773,811,875,969,781,262,346,295,324,234,0,0,877,1125,1065,502,431,621,351,0,yewon,lean_right,1
975,1786864986.548599,57,615,549,756,671,410,171,30,0,0,683,699,773,809,876,969,781,262,345,291,328,235,0,0,883,1125,1065,501,434,621,351,0,yewon,lean_right,1
976,1786864986.568608,58,615,551,757,674,403,172,29,0,0,684,701,775,804,877,969,779,264,345,295,325,235,0,0,879,1123,1065,501,431,615,349,0,yewon,lean_right,1
977,1786864986.588626,51,615,551,757,672,403,171,29,0,0,684,701,774,813,879,969,764,261,345,295,325,235,0,0,887,1125,1064,501,431,632,351,0,yewon,lean_right,1
978,1786864986.608635,57,613,552,756,675,405,171,29,0,0,685,701,775,808,877,967,787,261,349,295,319,235,0,0,885,1124,1064,501,432,618,355,0,yewon,lean_right,1
979,1786864986.628674,57,615,551,755,671,403,171,30,0,0,685,701,775,807,874,969,778,263,345,295,325,235,0,0,880,1124,1065,503,431,613,351,0,yewon,lean_right,1
980,1786864986.648607,59,613,555,757,671,404,172,27,0,0,685,701,775,808,875,980,779,263,344,294,319,233,0,0,883,1125,1065,501,431,620,354,0,yewon,lean_right,1
981,1786864986.668645,59,614,550,757,674,393,171,29,0,0,681,699,772,808,875,971,778,255,343,287,319,235,0,0,885,1119,1063,501,429,617,349,0,yewon,lean_right,1
982,1786864986.688657,59,615,553,755,675,405,172,29,0,0,684,701,775,810,874,969,778,262,344,295,324,235,0,0,882,1125,1065,503,431,601,349,0,yewon,lean_right,1
983,1786864986.708309,59,613,552,757,671,405,172,29,0,0,684,701,775,811,875,968,777,261,345,295,325,238,0,0,883,1125,1066,500,435,613,345,0,yewon,lean_right,1
984,1786864986.728648,59,615,551,757,675,406,171,28,0,0,685,701,775,812,875,969,793,261,345,294,325,233,0,0,877,1125,1064,501,431,616,347,0,yewon,lean_right,1
985,1786864986.748622,57,613,551,755,671,403,171,30,0,0,683,687,774,810,875,969,765,262,345,296,320,235,0,0,879,1129,1065,501,431,619,355,0,yewon,lean_right,1
986,1786864986.768661,60,613,551,757,675,405,171,29,0,0,684,701,775,811,875,968,779,261,347,297,319,231,0,0,883,1125,1065,501,431,619,348,0,yewon,lean_right,1
987,1786864986.788666,59,614,551,757,675,404,172,31,0,0,685,701,775,811,875,967,765,261,345,294,319,236,0,0,883,1125,1065,501,431,621,349,0,yewon,lean_right,1
988,1786864986.807720,59,614,551,757,675,405,171,35,0,0,685,700,774,811,876,967,777,263,345,295,325,235,0,0,885,1116,1065,501,431,619,338,0,yewon,lean_right,1
989,1786864986.828706,57,613,551,759,675,405,173,31,0,0,685,703,774,811,875,967,779,263,343,294,319,227,0,0,884,1125,1065,499,431,621,350,0,yewon,lean_right,1
990,1786864986.848584,59,613,551,756,675,402,171,36,0,0,683,701,774,810,875,969,777,263,345,295,323,235,0,0,882,1125,1065,501,435,619,348,0,yewon,lean_right,1
991,1786864986.868644,59,613,549,758,677,405,172,33,0,0,685,698,765,812,890,967,779,255,355,299,318,235,0,0,877,1122,1063,495,430,617,350,0,yewon,lean_right,1
992,1786864986.888657,59,614,551,756,675,407,171,35,0,0,683,710,775,809,875,971,777,263,347,293,327,237,0,0,885,1125,1065,504,435,619,349,0,yewon,lean_right,1
993,1786864986.908616,58,614,551,757,676,407,171,31,0,0,684,701,774,809,875,969,778,261,343,295,325,223,0,0,880,1127,1064,501,431,619,368,0,yewon,lean_right,1
994,1786864986.928646,59,615,552,756,675,405,171,31,0,0,684,701,773,811,875,969,776,261,345,295,325,231,0,0,877,1125,1065,502,431,618,346,0,yewon,lean_right,1
995,1786864986.948637,59,615,550,757,672,404,171,35,0,0,683,701,775,813,876,969,781,261,345,295,320,237,0,0,867,1122,1065,504,434,623,351,0,yewon,lean_right,1
