frame,timestamp,ch0,ch1,ch2,ch3,ch4,ch5,ch6,ch7,ch8,ch9,ch10,ch11,ch12,ch13,ch14,ch15,ch16,ch17,ch18,ch19,ch20,ch21,ch22,ch23,ch24,ch25,ch26,ch27,ch28,ch29,ch30,ch31,person,posture,trial
0,1786864901.601927,0,315,291,612,553,571,277,366,0,0,393,603,708,779,773,837,683,636,715,599,582,517,363,0,0,1034,1246,1131,0,0,0,0,yewon,cross_leg_left,1
1,1786864901.602821,0,313,291,609,552,570,276,367,0,0,391,603,711,786,775,839,683,637,719,599,581,499,364,0,0,1039,1251,1135,0,0,0,0,yewon,cross_leg_left,1
2,1786864901.603642,0,311,286,603,551,571,274,366,0,0,391,605,709,781,777,839,684,645,719,597,582,519,365,0,0,1039,1251,1143,0,0,0,0,yewon,cross_leg_left,1
3,1786864901.604367,0,307,285,602,549,573,275,367,0,0,391,603,703,781,779,839,686,630,721,599,583,521,366,0,0,1041,1242,1143,0,0,0,0,yewon,cross_leg_left,1
4,1786864901.605091,0,301,282,591,541,573,277,371,0,0,383,603,709,781,779,840,686,646,701,601,583,519,371,0,0,1043,1250,1142,0,0,0,0,yewon,cross_leg_left,1
5,1786864901.605846,0,298,283,589,547,575,281,376,0,0,379,611,701,781,780,843,701,649,726,603,587,520,382,0,0,1039,1251,1143,0,0,0,0,yewon,cross_leg_left,1
6,1786864901.606576,0,292,279,585,539,575,283,378,0,0,371,601,701,776,776,840,687,662,729,605,586,523,373,0,0,1041,1257,1142,0,0,0,0,yewon,cross_leg_left,1
7,1786864901.607300,0,285,278,575,537,580,285,383,0,0,362,595,703,773,768,838,687,651,731,603,588,525,373,0,0,1041,1253,1145,0,0,0,0,yewon,cross_leg_left,1
8,1786864901.607953,0,279,275,573,531,581,285,389,0,0,349,612,697,765,767,837,681,651,731,604,589,527,376,0,0,1044,1246,1141,0,0,0,0,yewon,cross_leg_left,1
9,1786864901.608591,0,273,277,572,532,582,287,395,0,0,341,597,695,765,765,839,689,649,732,620,591,523,380,0,0,1039,1249,1140,0,0,0,0,yewon,cross_leg_left,1
10,1786864901.609226,0,271,277,574,532,587,293,403,0,0,335,591,701,767,764,836,690,659,735,615,595,535,383,0,0,1044,1241,1139,0,0,0,0,yewon,cross_leg_left,1
11,1786864901.609865,0,271,279,580,533,589,293,415,0,0,327,591,703,767,763,829,695,663,743,617,600,539,389,0,0,1041,1245,1130,0,0,0,0,yewon,cross_leg_left,1
12,1786864901.610495,0,275,278,583,534,596,299,428,0,0,318,585,710,767,763,831,693,660,744,623,603,548,395,0,0,1048,1244,1133,0,0,0,0,yewon,cross_leg_left,1
13,1786864901.611125,0,278,280,599,539,602,309,442,0,0,315,587,699,767,765,837,697,677,749,627,613,552,401,0,0,1053,1241,1129,0,0,0,0,yewon,cross_leg_left,1
14,1786864901.611759,0,287,287,603,548,605,318,460,0,0,307,587,697,780,763,836,697,669,755,637,619,562,403,0,0,1067,1244,1124,0,0,0,0,yewon,cross_leg_left,1
15,1786864901.612400,0,301,296,612,554,613,326,475,56,0,303,589,713,780,764,839,699,677,755,637,627,567,406,0,0,1067,1251,1123,0,0,0,0,yewon,cross_leg_left,1
16,1786864901.613053,0,312,301,621,565,617,328,488,107,0,294,589,713,781,765,839,701,679,754,645,631,567,407,0,0,1071,1243,1117,0,0,0,0,yewon,cross_leg_left,1
17,1786864901.613698,0,329,313,633,575,619,332,509,138,0,295,589,699,783,764,830,701,670,756,649,632,572,407,0,0,1069,1246,1113,0,0,0,0,yewon,cross_leg_left,1
18,1786864901.614340,0,374,332,648,597,621,335,519,164,0,295,593,714,788,763,825,700,671,751,648,633,568,407,0,0,1075,1237,1112,0,0,0,0,yewon,cross_leg_left,1
19,1786864901.614999,0,415,367,655,593,621,339,523,183,0,296,591,725,789,764,829,697,667,749,652,633,558,405,0,0,1072,1247,1111,0,0,0,0,yewon,cross_leg_left,1
20,1786864901.615754,0,452,383,665,597,624,339,531,191,0,301,595,731,791,763,829,695,663,751,637,633,562,405,0,0,1075,1247,1107,0,0,0,0,yewon,cross_leg_left,1
21,1786864901.616454,0,479,403,675,602,630,343,535,203,0,313,596,717,793,762,827,695,663,739,650,631,551,399,0,0,1075,1239,1099,0,0,0,0,yewon,cross_leg_left,1
22,1786864901.617087,0,509,413,685,607,633,341,538,209,0,327,585,722,794,761,827,682,657,739,635,631,548,389,0,0,1080,1233,1099,0,0,0,0,yewon,cross_leg_left,1
23,1786864901.617659,0,537,425,693,613,635,351,540,214,0,329,601,722,796,763,829,685,653,733,618,629,543,391,0,0,1080,1235,1086,0,0,0,0,yewon,cross_leg_left,1
24,1786864901.618221,0,551,435,703,620,637,347,542,214,0,355,605,719,798,764,827,685,651,731,631,627,541,381,0,0,1083,1233,1083,0,0,0,0,yewon,cross_leg_left,1
25,1786864901.618785,0,565,442,711,627,645,345,543,218,0,365,611,729,799,767,827,687,649,727,648,628,539,375,0,0,1085,1230,1077,0,0,0,0,yewon,cross_leg_left,1
26,1786864901.619503,0,583,447,719,627,649,348,549,221,0,374,615,728,805,774,827,687,647,731,631,623,538,375,0,0,1085,1229,1071,0,0,0,0,yewon,cross_leg_left,1
27,1786864901.620210,0,591,459,727,635,655,349,551,232,0,383,616,732,806,777,829,687,637,743,635,623,536,367,0,0,1093,1207,1077,0,0,0,0,yewon,cross_leg_left,1
28,1786864901.620889,0,602,463,733,636,659,351,555,239,0,395,616,729,808,779,827,683,649,734,630,626,535,366,0,0,1087,1227,1067,0,0,0,0,yewon,cross_leg_left,1
29,1786864901.621490,0,616,471,739,649,663,356,557,251,0,409,619,735,810,777,829,687,635,733,632,623,533,363,0,0,1097,1227,1061,0,0,0,0,yewon,cross_leg_left,1
30,1786864901.622066,37,623,473,743,645,671,356,565,261,0,412,615,734,808,777,837,683,637,718,631,626,532,359,0,0,1095,1226,1055,0,0,0,0,yewon,cross_leg_left,1
31,1786864901.622636,47,629,477,745,651,675,357,570,276,0,420,619,735,809,777,829,687,635,729,645,623,529,358,0,0,1100,1229,1061,0,0,0,0,yewon,cross_leg_left,1
32,1786864901.623218,57,633,479,749,653,677,361,571,279,0,423,619,735,811,779,829,685,627,733,627,623,529,349,0,0,1097,1227,1060,0,0,0,0,yewon,cross_leg_left,1
33,1786864901.623787,63,633,483,749,659,683,369,582,288,0,422,619,735,811,778,829,683,635,739,631,623,527,351,0,0,1099,1227,1055,0,0,0,0,yewon,cross_leg_left,1
34,1786864901.624362,72,636,486,755,664,687,381,589,295,0,423,621,735,809,779,827,686,635,732,629,623,525,350,0,0,1102,1227,1064,0,0,0,0,yewon,cross_leg_left,1
35,1786864901.624930,75,636,487,755,665,694,397,595,315,0,427,623,735,811,778,830,685,646,733,627,627,529,350,0,0,1106,1226,1065,0,0,0,0,yewon,cross_leg_left,1
36,1786864901.625507,75,636,487,756,667,695,405,599,304,0,425,620,735,815,777,827,681,631,732,628,629,529,349,0,0,1111,1227,1053,0,0,0,0,yewon,cross_leg_left,1
37,1786864901.626068,75,633,487,755,668,699,411,601,315,0,425,619,735,809,775,823,681,635,739,631,629,531,351,0,0,1105,1225,1051,0,0,0,0,yewon,cross_leg_left,1
38,1786864901.626629,75,631,484,757,670,701,415,601,317,0,423,620,733,811,768,824,681,628,733,644,629,533,350,0,0,1099,1224,1055,0,0,0,0,yewon,cross_leg_left,1
39,1786864901.627200,69,623,484,759,672,703,419,603,315,0,420,619,733,808,762,818,683,627,746,621,629,533,357,0,0,1103,1223,1054,0,0,0,0,yewon,cross_leg_left,1
40,1786864901.627772,61,619,478,757,671,708,415,599,317,0,422,617,733,809,761,815,681,638,735,633,629,535,355,0,0,1099,1223,1055,0,0,0,0,yewon,cross_leg_left,1
41,1786864901.628365,59,616,479,757,675,703,415,599,309,0,419,616,733,805,761,811,680,623,739,633,630,537,358,0,0,1099,1215,1052,0,0,0,0,yewon,cross_leg_left,1
42,1786864901.628919,56,615,479,757,677,703,419,597,301,0,421,616,735,808,760,813,680,629,738,631,630,539,357,0,0,1101,1215,1049,0,0,0,0,yewon,cross_leg_left,1
43,1786864901.629421,57,614,476,757,682,710,419,597,299,0,423,617,734,803,758,810,678,620,740,631,631,536,357,0,0,1099,1214,1048,0,0,0,0,yewon,cross_leg_left,1
44,1786864901.629923,54,611,477,759,683,709,411,589,293,0,421,619,734,807,757,803,675,623,739,627,631,535,360,0,0,1097,1213,1049,0,0,0,0,yewon,cross_leg_left,1
45,1786864901.630409,53,605,477,755,683,703,411,583,278,0,421,616,732,800,755,795,671,611,732,631,629,536,359,0,0,1095,1212,1039,0,0,0,0,yewon,cross_leg_left,1
46,1786864901.630894,45,601,477,755,681,703,409,581,267,0,423,615,731,803,750,789,661,595,730,623,627,537,358,0,0,1087,1208,1043,0,0,0,0,yewon,cross_leg_left,1
47,1786864901.631381,44,599,475,751,687,704,405,573,251,0,443,620,732,799,748,786,665,611,730,627,627,533,360,0,0,1085,1205,1041,0,0,0,0,yewon,cross_leg_left,1
48,1786864901.631877,37,599,475,749,686,709,406,569,239,0,422,617,730,799,747,778,660,610,729,629,627,533,355,0,0,1093,1205,1039,0,0,0,0,yewon,cross_leg_left,1
49,1786864901.632364,37,597,475,750,691,709,409,568,231,0,423,615,731,797,743,775,659,595,729,627,627,535,355,0,0,1085,1203,1036,0,0,0,0,yewon,cross_leg_left,1
50,1786864901.632857,40,596,475,755,688,709,411,569,221,0,424,616,731,804,741,766,658,605,731,623,623,537,356,0,0,1093,1203,1022,0,0,0,0,yewon,cross_leg_left,1
51,1786864901.633355,43,595,477,756,695,709,411,565,220,0,419,613,731,796,743,763,653,603,741,631,623,536,351,0,0,1092,1199,1033,0,0,0,0,yewon,cross_leg_left,1
52,1786864901.633852,47,599,477,755,699,710,415,565,212,0,426,611,729,795,735,757,649,601,728,625,621,532,351,0,0,1081,1198,1017,0,0,0,0,yewon,cross_leg_left,1
53,1786864901.634340,57,599,479,756,711,715,413,559,205,0,421,612,729,791,733,747,648,600,725,621,619,531,347,0,0,1086,1196,1018,0,0,0,0,yewon,cross_leg_left,1
54,1786864901.634824,63,605,481,761,710,715,423,557,204,0,421,615,729,797,731,747,637,599,731,623,618,532,351,0,0,1084,1194,1015,0,0,0,0,yewon,cross_leg_left,1
55,1786864901.635265,71,605,484,759,712,722,427,559,201,0,423,611,729,794,730,744,633,601,731,627,619,531,351,0,0,1080,1195,1011,0,0,0,0,yewon,cross_leg_left,1
56,1786864901.635699,74,606,485,761,717,723,435,558,201,0,423,612,729,792,728,738,635,599,727,623,619,529,351,0,0,1081,1193,1005,0,0,0,0,yewon,cross_leg_left,1
57,1786864901.636133,79,610,487,762,716,725,435,563,202,0,423,608,729,789,727,736,635,612,731,626,619,529,349,0,0,1078,1195,1007,0,0,0,0,yewon,cross_leg_left,1
58,1786864901.636566,82,609,488,761,719,727,445,565,205,0,421,612,729,789,727,731,635,603,739,621,619,531,355,0,0,1080,1193,1003,0,0,0,0,yewon,cross_leg_left,1
59,1786864901.637009,79,603,489,760,716,729,443,567,205,0,421,611,728,786,727,733,634,605,733,627,621,533,357,0,0,1071,1193,1004,0,0,0,0,yewon,cross_leg_left,1
60,1786864901.637440,77,603,485,761,723,730,444,568,211,0,413,613,727,779,724,731,632,597,743,627,621,536,360,0,0,1068,1192,1004,0,0,0,0,yewon,cross_leg_left,1
61,1786864901.637872,75,598,484,759,719,730,453,567,223,0,413,605,724,757,723,729,627,601,738,631,622,536,361,0,0,1067,1191,1000,0,0,0,0,yewon,cross_leg_left,1
62,1786864901.638308,70,595,483,759,717,731,447,571,229,0,374,606,724,775,723,725,619,604,731,631,623,537,363,0,0,1060,1190,999,0,0,0,0,yewon,cross_leg_left,1
63,1786864901.638745,59,585,478,756,715,737,455,573,233,0,389,601,723,760,717,717,618,605,738,631,624,538,364,0,0,1059,1189,996,0,0,0,0,yewon,cross_leg_left,1
64,1786864901.639194,53,575,478,751,719,739,456,575,243,0,379,601,717,765,716,712,624,605,739,633,627,539,367,0,0,1053,1188,997,0,0,0,0,yewon,cross_leg_left,1
65,1786864901.639626,47,571,475,755,721,741,459,583,251,0,375,599,716,756,717,713,623,603,735,635,623,540,367,0,0,1053,1187,997,0,0,0,0,yewon,cross_leg_left,1
66,1786864901.640065,44,567,475,757,719,740,462,583,263,0,367,599,717,779,715,709,623,607,743,634,629,541,368,0,0,1055,1183,995,0,0,0,0,yewon,cross_leg_left,1
67,1786864901.640495,35,567,476,759,722,742,469,585,269,0,363,584,713,761,715,710,621,605,743,638,628,543,371,0,0,1051,1188,991,0,0,0,0,yewon,cross_leg_left,1
68,1786864901.640911,29,569,477,759,723,743,466,587,275,0,358,597,712,760,715,711,619,607,743,639,629,547,373,0,0,1047,1189,1004,0,0,0,0,yewon,cross_leg_left,1
69,1786864901.641294,26,569,477,760,711,745,472,588,279,0,349,601,713,760,713,703,611,607,735,647,631,543,377,0,0,1049,1189,983,0,0,0,0,yewon,cross_leg_left,1
70,1786864901.641674,23,573,477,759,729,747,478,589,281,0,349,593,712,761,715,711,620,607,743,647,631,543,374,0,0,1043,1188,983,0,0,0,0,yewon,cross_leg_left,1
71,1786864901.642060,24,569,483,761,730,747,479,593,287,0,348,614,712,761,717,711,627,609,735,648,632,547,377,0,0,1051,1189,997,0,0,0,0,yewon,cross_leg_left,1
72,1786864901.642442,23,564,483,762,739,748,485,594,293,0,343,587,713,761,716,725,628,611,748,648,633,549,379,0,0,1014,1189,987,0,0,0,0,yewon,cross_leg_left,1
73,1786864901.642831,23,563,482,761,731,747,485,588,287,0,361,589,713,761,717,714,623,612,747,648,634,551,383,0,0,1035,1187,993,0,0,0,0,yewon,cross_leg_left,1
74,1786864901.643218,0,563,479,763,729,749,485,593,293,0,353,584,713,760,715,717,613,612,760,645,634,552,383,0,0,1035,1188,995,0,0,0,0,yewon,cross_leg_left,1
75,1786864901.643603,22,564,483,764,730,747,479,595,285,0,345,600,716,760,717,715,623,613,749,649,635,553,389,0,0,1044,1186,991,0,0,0,0,yewon,cross_leg_left,1
76,1786864901.643981,22,567,482,761,731,745,477,587,281,0,347,594,713,761,714,711,629,611,749,649,634,551,391,0,0,1052,1187,988,0,0,0,0,yewon,cross_leg_left,1
77,1786864901.644361,23,569,479,763,735,745,467,588,279,0,349,597,715,760,717,733,626,613,747,649,635,553,390,0,0,1042,1187,990,0,0,0,0,yewon,cross_leg_left,1
78,1786864901.644746,30,571,478,762,731,745,458,587,262,0,356,605,715,760,717,717,616,613,759,649,633,565,383,0,0,1039,1187,1005,0,0,0,0,yewon,cross_leg_left,1
79,1786864901.645128,26,573,483,763,734,745,457,586,247,0,357,595,713,761,717,711,624,613,749,647,633,553,392,0,0,1044,1187,989,0,0,0,0,yewon,cross_leg_left,1
80,1786864901.645515,28,580,483,763,739,747,457,585,245,0,357,597,715,761,717,711,630,613,749,647,635,551,383,0,0,1045,1189,997,0,0,0,0,yewon,cross_leg_left,1
81,1786864901.645894,31,575,485,763,731,745,455,582,240,0,359,595,715,761,719,713,627,613,747,647,633,551,393,0,0,1043,1183,995,0,0,0,0,yewon,cross_leg_left,1
82,1786864901.646289,40,580,483,763,735,743,455,581,240,0,365,599,715,763,718,715,631,615,750,646,633,551,391,0,0,1035,1191,1013,0,0,0,0,yewon,cross_leg_left,1
83,1786864901.646673,42,581,485,765,733,743,457,583,233,0,363,600,715,763,727,719,627,614,749,646,633,552,389,0,0,1039,1189,995,0,0,0,0,yewon,cross_leg_left,1
84,1786864901.647054,43,583,484,766,737,743,453,581,237,0,365,597,717,763,721,718,621,615,749,645,634,551,393,0,0,1039,1189,995,0,0,0,0,yewon,cross_leg_left,1
85,1786864901.647440,45,582,485,767,733,744,447,581,243,0,361,595,715,763,723,717,631,613,749,647,634,550,391,0,0,1043,1191,996,0,0,0,0,yewon,cross_leg_left,1
86,1786864901.647827,45,583,482,765,731,743,455,582,235,0,371,597,715,763,719,711,630,615,751,645,633,551,389,0,0,1047,1193,999,0,0,0,0,yewon,cross_leg_left,1
87,1786864901.648231,47,583,484,767,731,743,455,582,227,0,367,599,716,765,719,723,631,615,749,646,635,551,391,0,0,1041,1191,997,0,0,0,0,yewon,cross_leg_left,1
88,1786864901.648608,46,582,485,773,739,742,453,581,232,0,371,601,717,764,722,724,627,616,749,645,633,550,391,0,0,1049,1189,1000,0,0,0,0,yewon,cross_leg_left,1
89,1786864901.648964,44,585,485,767,733,741,456,582,229,0,378,597,717,765,722,699,632,615,749,645,633,551,393,0,0,1047,1191,997,0,0,0,0,yewon,cross_leg_left,1
90,1786864901.649315,50,587,487,767,739,741,451,581,233,0,378,599,717,765,737,725,629,617,751,645,635,551,393,0,0,1048,1193,999,0,0,0,0,yewon,cross_leg_left,1
91,1786864901.649668,47,586,485,773,739,741,447,583,235,0,379,600,718,767,724,725,632,616,751,645,633,552,393,0,0,1051,1192,999,0,0,0,0,yewon,cross_leg_left,1
92,1786864901.650022,51,585,487,767,733,743,455,582,233,0,379,600,717,766,727,725,633,617,750,646,633,551,397,0,0,1047,1193,1003,0,0,0,0,yewon,cross_leg_left,1
93,1786864901.650372,50,585,485,767,745,742,455,573,243,0,379,601,719,765,724,725,633,618,750,646,634,551,393,0,0,1047,1193,995,0,0,0,0,yewon,cross_leg_left,1
94,1786864901.650726,47,587,485,773,730,741,455,583,235,0,383,603,718,765,725,727,633,613,751,639,635,557,392,0,0,1044,1192,999,0,0,0,0,yewon,cross_leg_left,1
95,1786864901.651078,49,587,485,767,731,747,455,583,235,0,381,600,721,766,723,727,633,618,757,649,635,553,393,0,0,1045,1195,999,0,0,0,0,yewon,cross_leg_left,1
96,1786864901.651460,51,587,484,766,723,743,459,585,237,0,379,597,719,766,721,728,635,620,755,648,635,551,393,0,0,1045,1191,999,0,0,0,0,yewon,cross_leg_left,1
97,1786864901.651825,49,587,486,766,734,743,460,584,239,0,381,597,718,767,723,727,636,621,756,651,635,551,394,0,0,1041,1192,999,0,0,0,0,yewon,cross_leg_left,1
98,1786864901.652202,51,587,484,773,732,749,467,585,243,0,383,600,717,773,725,727,633,621,757,654,637,555,393,0,0,1045,1195,997,0,0,0,0,yewon,cross_leg_left,1
99,1786864901.652589,46,586,483,766,733,745,459,587,244,0,383,602,718,765,723,726,633,621,757,649,635,551,393,0,0,1047,1192,1001,0,0,0,0,yewon,cross_leg_left,1
100,1786864901.652944,49,586,485,765,733,744,469,580,243,0,389,604,719,766,725,729,633,620,757,649,635,554,393,0,0,1047,1193,999,0,0,0,0,yewon,cross_leg_left,1
101,1786864901.653305,51,585,484,765,735,743,472,571,245,0,382,599,719,773,725,725,635,621,757,651,636,551,395,0,0,1045,1191,999,0,0,0,0,yewon,cross_leg_left,1
102,1786864901.653656,51,587,483,765,731,742,461,587,246,0,392,600,719,767,727,731,631,621,758,651,637,550,397,0,0,1050,1193,1001,0,0,0,0,yewon,cross_leg_left,1
103,1786864901.654024,47,587,482,765,733,743,461,585,247,0,389,603,719,767,728,726,635,623,758,651,635,551,391,0,0,1045,1189,999,0,0,0,0,yewon,cross_leg_left,1
104,1786864901.654381,51,581,478,764,731,743,465,587,248,0,383,595,719,767,725,729,634,623,759,651,636,551,395,0,0,1049,1193,1001,0,0,0,0,yewon,cross_leg_left,1
105,1786864901.654709,47,587,485,763,731,743,469,586,249,0,399,597,719,767,725,730,636,622,757,651,635,556,395,0,0,1053,1195,1001,0,0,0,0,yewon,cross_leg_left,1
106,1786864901.655046,47,585,479,764,731,746,466,589,248,0,389,597,719,776,725,728,631,623,759,653,637,553,394,0,0,1055,1194,1001,0,0,0,0,yewon,cross_leg_left,1
107,1786864901.655375,51,588,478,765,731,743,461,587,245,0,393,603,719,767,725,731,637,623,758,651,637,552,395,0,0,1055,1195,1001,0,0,0,0,yewon,cross_leg_left,1
108,1786864901.655707,51,599,483,765,731,745,459,586,247,0,395,599,723,773,726,735,645,623,759,651,637,553,407,0,0,1055,1191,1003,0,0,0,0,yewon,cross_leg_left,1
109,1786864901.656038,53,589,480,765,732,744,458,588,249,0,393,601,719,773,731,731,635,623,759,651,637,553,399,0,0,1053,1197,1003,0,0,0,0,yewon,cross_leg_left,1
110,1786864901.656364,53,590,485,765,732,745,455,583,248,0,407,601,723,766,730,734,639,623,759,651,637,550,392,0,0,1056,1195,1003,0,0,0,0,yewon,cross_leg_left,1
111,1786864901.656704,55,605,485,765,731,743,456,587,247,0,397,602,723,775,728,731,635,624,759,651,636,553,391,0,0,1061,1195,1003,0,0,0,0,yewon,cross_leg_left,1
112,1786864901.657032,55,595,484,765,732,743,457,583,247,0,393,607,722,777,729,733,631,623,759,649,637,555,395,0,0,1045,1196,1005,0,0,0,0,yewon,cross_leg_left,1
113,1786864901.657372,57,597,484,765,733,733,457,583,247,0,376,605,723,777,728,739,638,624,759,649,637,549,397,0,0,1055,1197,1004,0,0,0,0,yewon,cross_leg_left,1
114,1786864901.657700,57,596,487,772,734,741,455,587,245,0,395,601,723,776,728,733,635,623,761,651,636,553,397,0,0,1063,1193,1011,0,0,0,0,yewon,cross_leg_left,1
115,1786864901.658040,59,595,483,765,730,743,455,586,247,0,396,597,723,777,733,740,637,627,759,651,637,551,391,0,0,1055,1199,1006,0,0,0,0,yewon,cross_leg_left,1
116,1786864901.658368,61,597,484,765,728,742,459,585,245,0,397,614,722,776,731,733,636,627,759,649,637,551,392,0,0,1055,1197,1005,0,0,0,0,yewon,cross_leg_left,1
117,1786864901.658698,62,599,484,767,731,743,455,586,246,0,399,608,724,777,729,740,659,627,759,650,637,551,405,0,0,1059,1197,1007,0,0,0,0,yewon,cross_leg_left,1
118,1786864901.659039,61,600,483,767,729,743,456,587,246,0,389,589,723,777,730,743,647,627,757,649,635,551,383,0,0,1059,1199,1013,0,0,0,0,yewon,cross_leg_left,1
119,1786864901.659371,63,600,487,765,728,741,454,585,249,0,407,601,725,777,733,741,637,627,759,649,637,552,392,0,0,1067,1199,1005,0,0,0,0,yewon,cross_leg_left,1
120,1786864901.659713,67,600,483,767,729,743,455,587,245,0,403,590,723,781,734,741,639,628,759,649,636,549,389,0,0,1063,1199,1007,0,0,0,0,yewon,cross_leg_left,1
121,1786864901.660043,63,601,487,765,725,739,455,586,246,0,403,603,723,777,731,742,639,627,757,649,637,552,393,0,0,1079,1198,1011,0,0,0,0,yewon,cross_leg_left,1
122,1786864901.660374,63,603,486,765,729,741,453,586,246,0,399,607,725,781,733,743,644,627,758,649,635,549,391,0,0,1065,1199,1011,0,0,0,0,yewon,cross_leg_left,1
123,1786864901.660715,69,602,485,767,729,743,455,585,247,0,403,605,723,779,739,743,639,629,759,647,637,548,389,0,0,1065,1203,1008,0,0,0,0,yewon,cross_leg_left,1
124,1786864901.661043,67,601,486,767,727,743,455,585,247,0,415,606,726,778,731,747,635,628,759,648,637,552,383,0,0,1065,1199,1006,0,0,0,0,yewon,cross_leg_left,1
125,1786864901.661381,69,603,486,772,729,740,455,587,251,0,405,607,723,780,735,749,648,627,759,648,637,551,390,0,0,1066,1204,1011,0,0,0,0,yewon,cross_leg_left,1
126,1786864901.661709,69,603,488,773,731,741,455,587,247,0,407,611,723,780,733,745,663,629,758,647,637,551,379,0,0,1064,1202,1012,0,0,0,0,yewon,cross_leg_left,1
127,1786864901.662036,71,605,485,772,726,741,455,587,246,0,407,611,727,780,731,759,647,622,758,648,636,552,383,0,0,1079,1203,1011,0,0,0,0,yewon,cross_leg_left,1
128,1786864901.662369,73,605,488,781,731,741,455,587,245,0,409,607,727,789,735,745,647,627,756,651,635,551,381,0,0,1069,1203,1012,0,0,0,0,yewon,cross_leg_left,1
129,1786864901.662684,73,607,487,773,731,743,455,586,245,0,409,610,728,782,734,749,645,629,757,647,635,550,383,0,0,1070,1204,1006,0,0,0,0,yewon,cross_leg_left,1
130,1786864901.663000,77,607,483,775,733,742,455,583,245,0,404,609,725,783,739,749,647,628,757,648,635,551,376,0,0,1068,1200,1007,0,0,0,0,yewon,cross_leg_left,1
131,1786864901.663312,77,607,483,774,733,745,454,586,243,0,411,611,725,783,735,733,637,629,757,647,635,549,377,0,0,1068,1199,1015,0,0,0,0,yewon,cross_leg_left,1
132,1786864901.663621,81,610,485,775,731,743,455,586,231,0,413,611,729,783,733,745,639,627,758,647,634,549,381,0,0,1061,1198,995,0,0,0,0,yewon,cross_leg_left,1
133,1786864901.663929,79,611,489,776,740,739,456,584,235,0,411,611,725,785,739,760,635,629,759,649,635,549,377,0,0,1069,1199,1013,0,0,0,0,yewon,cross_leg_left,1
134,1786864901.664236,83,609,490,776,734,745,453,583,232,0,415,611,729,787,738,738,639,627,759,647,634,549,377,0,0,1081,1199,994,0,0,0,0,yewon,cross_leg_left,1
135,1786864901.664550,85,613,491,777,739,747,457,585,237,0,415,611,727,787,737,748,647,629,757,648,633,548,379,0,0,1076,1198,1014,0,0,0,0,yewon,cross_leg_left,1
136,1786864901.664859,85,613,486,777,727,739,453,585,243,0,411,612,728,787,734,749,644,629,759,647,633,548,376,0,0,1101,1205,1017,0,0,0,0,yewon,cross_leg_left,1
137,1786864901.665172,86,613,490,779,733,749,455,589,235,0,411,611,727,787,739,773,639,624,757,644,633,544,374,0,0,1075,1203,1013,0,0,0,0,yewon,cross_leg_left,1
138,1786864901.665480,85,614,492,779,740,740,452,586,223,0,414,611,728,787,739,747,639,629,757,645,633,549,373,0,0,1081,1199,1012,0,0,0,0,yewon,cross_leg_left,1
139,1786864901.665787,85,615,493,779,734,738,455,573,230,0,419,613,728,788,733,751,647,631,757,645,633,549,375,0,0,1076,1200,1013,0,0,0,0,yewon,cross_leg_left,1
140,1786864901.666097,87,611,491,776,731,740,453,583,232,0,415,610,727,789,740,748,647,629,755,645,631,547,375,0,0,1081,1203,1013,0,0,0,0,yewon,cross_leg_left,1
141,1786864901.666404,86,615,491,778,735,741,453,584,229,0,419,613,729,789,739,747,647,626,759,646,633,549,374,0,0,1075,1203,1017,0,0,0,0,yewon,cross_leg_left,1
142,1786864901.666716,87,613,492,778,735,745,456,591,227,0,421,612,727,786,739,745,647,627,757,648,632,549,375,0,0,1069,1203,1013,0,0,0,0,yewon,cross_leg_left,1
143,1786864901.667040,87,615,489,779,734,742,454,585,229,0,415,611,727,783,738,747,646,628,757,647,633,547,375,0,0,1076,1203,1013,0,0,0,0,yewon,cross_leg_left,1
144,1786864901.667392,85,613,493,781,735,741,455,583,230,0,425,611,727,787,739,733,639,629,757,645,633,550,379,0,0,1075,1203,1013,0,0,0,0,yewon,cross_leg_left,1
145,1786864901.667723,85,614,492,779,737,733,455,589,230,0,415,613,729,791,719,749,647,629,757,645,633,551,371,0,0,1069,1205,1015,0,0,0,0,yewon,cross_leg_left,1
146,1786864901.668038,85,613,489,781,734,743,459,587,229,0,421,611,727,785,741,745,646,629,757,639,633,549,372,0,0,1075,1205,1013,0,0,0,0,yewon,cross_leg_left,1
147,1786864901.668373,85,613,491,781,735,739,456,584,231,0,419,611,728,788,739,747,646,630,757,645,634,549,375,0,0,1076,1205,1013,0,0,0,0,yewon,cross_leg_left,1
148,1786864901.668683,83,614,493,781,739,738,457,590,233,0,421,613,729,791,741,747,647,630,758,649,636,550,372,0,0,1075,1199,1014,0,0,0,0,yewon,cross_leg_left,1
149,1786864901.669006,83,614,491,779,735,745,457,589,235,0,420,612,725,783,739,759,648,629,760,646,636,551,373,0,0,1071,1205,1015,0,0,0,0,yewon,cross_leg_left,1
150,1786864901.669322,79,613,491,779,738,748,455,581,237,0,414,611,727,782,739,743,649,629,759,651,635,550,377,0,0,1067,1205,1015,0,0,0,0,yewon,cross_leg_left,1
151,1786864901.669633,75,607,491,779,735,745,459,586,239,0,415,611,725,781,733,745,647,630,760,651,635,549,375,0,0,1069,1199,1015,0,0,0,0,yewon,cross_leg_left,1
152,1786864901.669952,74,607,487,779,735,744,460,587,243,0,412,607,726,781,724,743,645,629,759,653,635,551,375,0,0,1071,1199,1013,0,0,0,0,yewon,cross_leg_left,1
153,1786864901.670253,69,605,492,779,735,745,461,588,245,0,409,605,729,781,731,743,645,629,759,650,635,532,377,0,0,1069,1205,1013,0,0,0,0,yewon,cross_leg_left,1
154,1786864901.670559,61,605,489,775,734,745,460,589,247,0,407,606,725,779,731,742,645,631,761,649,635,551,380,0,0,1067,1203,1014,0,0,0,0,yewon,cross_leg_left,1
155,1786864901.670855,60,601,492,779,733,747,470,589,249,0,405,606,725,777,733,741,645,628,761,651,637,551,381,0,0,1067,1198,1013,0,0,0,0,yewon,cross_leg_left,1
156,1786864901.671156,58,603,490,775,735,744,471,587,251,0,405,606,724,779,729,743,647,625,761,651,637,553,379,0,0,1067,1201,1013,0,0,0,0,yewon,cross_leg_left,1
157,1786864901.671461,58,601,493,777,732,745,473,590,255,0,403,601,727,777,729,745,638,629,761,651,637,550,383,0,0,1063,1200,1011,0,0,0,0,yewon,cross_leg_left,1
158,1786864901.671763,58,603,492,776,735,746,473,591,261,0,415,606,725,777,731,744,639,629,760,652,637,559,394,0,0,1075,1196,1013,0,0,0,0,yewon,cross_leg_left,1
159,1786864901.672069,56,601,489,778,738,747,482,595,264,0,399,607,727,778,735,743,635,628,763,651,637,553,379,0,0,1068,1195,1015,0,0,0,0,yewon,cross_leg_left,1
160,1786864901.672365,58,601,491,778,734,744,471,594,263,0,391,605,727,778,729,743,635,631,760,654,637,552,383,0,0,1063,1199,1013,0,0,0,0,yewon,cross_leg_left,1
161,1786864901.672666,57,598,487,779,735,747,473,591,265,0,403,607,719,779,729,742,639,629,760,653,637,552,383,0,0,1065,1205,1013,0,0,0,0,yewon,cross_leg_left,1
162,1786864901.672965,56,599,491,777,734,747,473,594,265,0,399,605,725,778,729,739,639,627,760,652,639,555,391,0,0,1063,1194,1011,0,0,0,0,yewon,cross_leg_left,1
163,1786864901.673263,55,599,490,775,733,745,473,597,264,0,398,605,725,775,728,740,639,629,761,651,637,554,397,0,0,1063,1199,1012,0,0,0,0,yewon,cross_leg_left,1
164,1786864901.673569,55,595,489,775,735,743,483,597,265,0,406,605,723,775,729,739,637,627,759,655,637,553,395,0,0,1055,1200,1013,0,0,0,0,yewon,cross_leg_left,1
165,1786864901.673866,55,597,489,773,735,747,475,595,265,0,395,606,725,767,730,743,647,629,759,655,638,552,391,0,0,1065,1204,1013,0,0,0,0,yewon,cross_leg_left,1
166,1786864901.674172,54,597,491,775,734,747,475,595,265,0,381,605,721,776,729,735,635,627,761,655,637,555,390,0,0,1059,1197,1013,0,0,0,0,yewon,cross_leg_left,1
167,1786864901.674469,55,597,491,777,734,749,473,595,267,0,398,605,721,776,729,739,639,630,763,654,639,553,391,0,0,1063,1197,1013,0,0,0,0,yewon,cross_leg_left,1
168,1786864901.674766,55,598,489,776,735,751,472,597,266,0,401,605,727,777,729,739,645,631,763,653,639,554,389,0,0,1063,1204,1012,0,0,0,0,yewon,cross_leg_left,1
169,1786864901.675071,55,597,485,760,733,749,475,594,265,0,399,606,723,765,729,739,639,631,763,653,638,555,392,0,0,1064,1198,1013,0,0,0,0,yewon,cross_leg_left,1
170,1786864901.675368,55,595,487,779,733,748,473,594,267,0,401,605,722,765,729,749,645,632,764,655,638,557,393,0,0,1049,1195,1017,0,0,0,0,yewon,cross_leg_left,1
171,1786864901.675673,54,596,488,775,733,747,474,591,267,0,399,605,726,775,728,740,639,631,763,655,639,549,392,0,0,1064,1199,1013,0,0,0,0,yewon,cross_leg_left,1
172,1786864901.675968,54,597,488,775,733,748,475,590,267,0,399,603,724,775,727,739,639,629,763,654,639,554,395,0,0,1062,1199,1013,0,0,0,0,yewon,cross_leg_left,1
173,1786864901.676256,43,595,487,764,731,747,472,593,267,0,403,601,723,773,727,739,639,631,760,653,636,550,395,0,0,1061,1199,1013,0,0,0,0,yewon,cross_leg_left,1
174,1786864901.676549,51,596,487,767,729,748,475,594,269,0,399,605,723,775,729,740,659,631,764,655,638,553,397,0,0,1063,1202,1011,0,0,0,0,yewon,cross_leg_left,1
175,1786864901.676832,52,595,484,767,732,747,475,595,269,0,399,605,719,773,729,740,645,631,761,652,639,551,395,0,0,1063,1199,1017,0,0,0,0,yewon,cross_leg_left,1
176,1786864901.677123,52,595,486,761,733,747,475,595,273,0,397,605,723,779,727,741,638,633,763,658,639,553,394,0,0,1063,1198,1013,0,0,0,0,yewon,cross_leg_left,1
177,1786864901.677408,53,587,480,775,733,747,475,595,270,0,396,603,721,776,729,735,640,631,763,655,639,557,395,0,0,1061,1197,1009,0,0,0,0,yewon,cross_leg_left,1
178,1786864901.677692,52,597,491,777,732,747,476,595,275,0,397,605,723,773,729,739,645,630,761,655,639,555,395,0,0,1062,1205,1017,0,0,0,0,yewon,cross_leg_left,1
179,1786864901.677988,53,598,487,774,733,748,476,595,275,0,398,604,721,775,730,741,647,630,764,653,639,565,395,0,0,1066,1195,1013,0,0,0,0,yewon,cross_leg_left,1
180,1786864901.678270,53,596,489,773,733,747,477,595,275,0,399,605,723,776,729,739,645,629,762,657,637,556,396,0,0,1063,1203,1015,0,0,0,0,yewon,cross_leg_left,1
181,1786864901.678567,56,597,491,773,733,747,473,597,273,0,401,605,724,791,728,741,646,632,761,659,639,555,395,0,0,1064,1205,1014,0,0,0,0,yewon,cross_leg_left,1
182,1786864901.678850,56,598,490,777,734,747,463,595,269,0,403,605,725,775,729,741,646,629,763,653,637,552,396,0,0,1064,1203,1015,0,0,0,0,yewon,cross_leg_left,1
183,1786864901.679138,57,597,489,776,733,748,462,591,267,0,403,606,698,779,729,742,645,627,758,653,638,555,397,0,0,1065,1205,1016,0,0,0,0,yewon,cross_leg_left,1
184,1786864901.679427,56,599,488,780,734,749,460,591,263,0,405,605,723,771,729,742,647,631,761,655,637,555,395,0,0,1065,1203,1017,0,0,0,0,yewon,cross_leg_left,1
185,1786864901.679712,58,601,489,777,737,747,461,591,261,0,403,605,723,778,730,742,639,632,763,654,638,553,396,0,0,1065,1203,1015,0,0,0,0,yewon,cross_leg_left,1
186,1786864901.680003,57,602,489,767,735,743,461,591,265,0,405,607,721,781,749,746,639,629,759,652,637,554,393,0,0,1065,1199,1011,0,0,0,0,yewon,cross_leg_left,1
187,1786864901.680284,59,603,489,777,735,747,461,589,251,0,407,601,725,779,731,743,644,629,759,651,638,555,396,0,0,1067,1203,1015,0,0,0,0,yewon,cross_leg_left,1
188,1786864901.680562,58,603,500,778,735,745,459,589,251,0,407,609,714,775,731,757,644,629,759,650,639,554,395,0,0,1061,1223,1014,0,0,0,0,yewon,cross_leg_left,1
189,1786864901.680847,60,603,491,776,736,747,459,590,249,0,406,606,725,779,731,744,645,627,761,662,638,553,396,0,0,1064,1205,1011,0,0,0,0,yewon,cross_leg_left,1
190,1786864901.681126,61,601,490,777,735,746,459,589,251,0,407,607,719,777,728,743,645,627,759,659,637,553,395,0,0,1065,1181,1015,0,0,0,0,yewon,cross_leg_left,1
191,1786864901.681412,63,603,489,779,737,748,460,591,249,0,407,607,727,781,731,744,645,627,759,648,637,551,395,0,0,1066,1197,1013,0,0,0,0,yewon,cross_leg_left,1
192,1786864901.681691,63,604,489,778,735,751,461,589,250,0,407,611,727,777,739,743,645,630,761,647,639,555,396,0,0,1067,1179,1015,0,0,0,0,yewon,cross_leg_left,1
193,1786864901.681969,63,604,489,781,739,747,458,589,250,0,409,607,726,781,730,744,645,631,761,653,637,556,397,0,0,1066,1191,1016,0,0,0,0,yewon,cross_leg_left,1
194,1786864901.682255,63,606,487,779,739,748,459,591,252,0,409,607,735,779,733,745,645,631,761,652,637,555,396,0,0,1065,1212,1017,0,0,0,0,yewon,cross_leg_left,1
195,1786864901.682535,67,605,489,778,739,747,461,591,251,0,409,607,697,779,735,749,647,631,762,651,638,553,397,0,0,1077,1199,1016,0,0,0,0,yewon,cross_leg_left,1
196,1786864901.682819,69,605,489,779,735,747,460,590,253,0,409,606,723,775,731,743,645,631,763,653,637,555,393,0,0,1066,1199,1015,0,0,0,0,yewon,cross_leg_left,1
197,1786864901.683097,63,604,489,779,739,747,462,590,255,0,411,607,726,779,733,743,649,631,761,652,639,553,397,0,0,1063,1203,1016,0,0,0,0,yewon,cross_leg_left,1
198,1786864901.683378,61,602,489,776,735,747,459,591,253,0,411,607,725,781,731,745,646,631,761,651,638,553,397,0,0,1065,1207,1017,0,0,0,0,yewon,cross_leg_left,1
199,1786864901.683660,61,603,491,775,737,748,459,591,253,0,410,607,719,781,731,745,645,631,761,655,639,554,396,0,0,1065,1199,1015,0,0,0,0,yewon,cross_leg_left,1
200,1786864901.683939,61,603,488,778,739,756,461,589,253,0,411,607,722,777,731,745,645,629,760,651,639,553,397,0,0,1065,1199,1019,0,0,0,0,yewon,cross_leg_left,1
201,1786864901.684241,61,601,489,776,739,751,461,590,255,0,409,607,725,777,729,743,645,631,761,653,639,555,396,0,0,1064,1203,1019,0,0,0,0,yewon,cross_leg_left,1
202,1786864901.684564,61,603,489,777,735,747,461,591,255,0,411,607,725,776,731,745,645,621,761,647,639,563,397,0,0,1067,1207,1017,0,0,0,0,yewon,cross_leg_left,1
203,1786864901.684860,61,601,489,781,738,747,462,591,261,0,409,605,727,776,729,743,645,635,761,666,639,557,395,0,0,1065,1206,1012,0,0,0,0,yewon,cross_leg_left,1
204,1786864901.685149,61,603,489,779,735,749,461,591,261,0,411,607,725,777,731,745,647,631,763,668,639,557,397,0,0,1067,1203,1021,0,0,0,0,yewon,cross_leg_left,1
205,1786864901.685431,61,605,490,776,738,746,460,593,261,0,411,610,724,779,732,745,645,629,763,652,637,555,396,0,0,1066,1198,1017,0,0,0,0,yewon,cross_leg_left,1
206,1786864901.685714,63,603,489,779,739,739,461,590,261,0,411,611,723,778,731,746,647,631,763,659,639,557,396,0,0,1067,1207,1016,0,0,0,0,yewon,cross_leg_left,1
207,1786864901.685991,63,603,491,779,739,746,460,593,262,0,411,610,728,776,733,745,639,630,761,657,638,553,395,0,0,1065,1203,1017,0,0,0,0,yewon,cross_leg_left,1
208,1786864901.686274,69,605,489,776,738,748,459,590,261,0,412,607,725,781,731,746,647,631,763,659,637,551,395,0,0,1067,1204,1015,0,0,0,0,yewon,cross_leg_left,1
209,1786864901.686549,67,605,491,781,739,747,459,590,254,0,411,607,726,781,730,745,646,632,761,649,637,542,395,0,0,1067,1207,1015,0,0,0,0,yewon,cross_leg_left,1
210,1786864901.686832,69,606,490,781,739,748,457,589,253,0,413,610,726,772,732,745,647,631,759,651,638,553,395,0,0,1067,1207,1013,0,0,0,0,yewon,cross_leg_left,1
211,1786864901.687110,69,609,491,781,739,740,459,590,250,0,411,611,724,779,731,747,646,629,761,647,638,553,395,0,0,1067,1204,1017,0,0,0,0,yewon,cross_leg_left,1
212,1786864901.687380,70,609,491,781,739,747,459,589,250,0,411,610,725,779,732,746,647,633,759,647,637,556,393,0,0,1067,1208,1017,0,0,0,0,yewon,cross_leg_left,1
213,1786864901.687662,72,611,491,776,735,747,457,589,247,0,411,607,728,777,731,747,645,628,763,647,636,551,394,0,0,1064,1199,1015,0,0,0,0,yewon,cross_leg_left,1
214,1786864901.687937,73,604,491,781,739,747,459,591,247,0,414,614,726,781,733,745,647,629,761,651,638,553,393,0,0,1065,1205,1016,0,0,0,0,yewon,cross_leg_left,1
215,1786864901.688216,73,612,491,781,740,746,457,589,245,0,413,611,723,780,731,747,647,621,763,649,636,554,393,0,0,1068,1205,1016,0,0,0,0,yewon,cross_leg_left,1
216,1786864901.688492,74,612,491,782,739,746,457,589,243,0,413,607,727,782,733,747,647,629,761,650,636,555,395,0,0,1067,1207,1017,0,0,0,0,yewon,cross_leg_left,1
217,1786864901.688765,73,613,492,781,735,745,457,589,244,0,415,613,728,781,733,747,639,629,760,649,637,555,394,0,0,1067,1204,1017,0,0,0,0,yewon,cross_leg_left,1
218,1786864901.689045,73,612,491,779,741,745,457,588,243,0,415,611,729,783,732,747,647,631,762,651,636,553,393,0,0,1069,1211,1017,0,0,0,0,yewon,cross_leg_left,1
219,1786864901.689324,75,613,492,783,740,746,456,587,240,0,415,611,725,782,734,745,647,628,761,651,637,551,393,0,0,1067,1205,1017,0,0,0,0,yewon,cross_leg_left,1
220,1786864901.689603,75,611,492,776,740,745,456,587,239,0,416,610,731,779,734,745,647,631,762,646,636,553,393,0,0,1068,1205,1019,0,0,0,0,yewon,cross_leg_left,1
221,1786864901.689875,75,613,493,781,740,745,455,588,239,0,415,614,727,781,733,747,647,631,761,652,637,553,395,0,0,1068,1205,1015,0,0,0,0,yewon,cross_leg_left,1
222,1786864901.690150,75,611,493,781,739,745,455,586,239,0,413,605,727,782,733,745,647,629,759,649,637,555,397,0,0,1065,1204,1018,0,0,0,0,yewon,cross_leg_left,1
223,1786864901.690437,77,613,493,781,741,747,455,588,246,0,419,607,727,786,731,747,646,623,758,647,635,555,394,0,0,1068,1183,1017,0,0,0,0,yewon,cross_leg_left,1
224,1786864901.690711,77,613,493,773,740,745,455,587,237,0,415,607,724,772,734,745,646,630,760,648,637,553,393,0,0,1068,1207,1017,0,0,0,0,yewon,cross_leg_left,1
225,1786864901.690995,79,615,493,783,741,745,456,585,235,0,416,611,731,779,735,747,646,623,759,649,636,553,393,0,0,1067,1206,1018,0,0,0,0,yewon,cross_leg_left,1
226,1786864901.691269,77,614,494,779,740,743,455,587,233,0,415,613,731,781,739,751,639,629,761,647,636,553,393,0,0,1067,1203,1017,0,0,0,0,yewon,cross_leg_left,1
227,1786864901.691546,78,615,495,781,740,745,453,581,231,0,408,602,727,783,735,749,633,628,759,649,636,553,395,0,0,1071,1204,1017,0,0,0,0,yewon,cross_leg_left,1
228,1786864901.691830,79,615,493,781,741,745,455,585,231,0,415,607,724,787,735,745,647,629,755,640,637,553,393,0,0,1069,1208,1018,0,0,0,0,yewon,cross_leg_left,1
229,1786864901.692108,81,616,492,785,739,744,452,585,223,0,416,606,728,780,735,745,647,627,757,649,635,554,393,0,0,1071,1199,1017,0,0,0,0,yewon,cross_leg_left,1
230,1786864901.692387,81,615,493,783,741,744,451,584,225,0,419,611,728,773,739,744,647,623,759,648,637,555,393,0,0,1067,1207,1017,0,0,0,0,yewon,cross_leg_left,1
231,1786864901.692667,83,616,493,783,742,743,453,583,221,0,421,609,724,783,735,744,644,620,751,637,635,553,393,0,0,1065,1207,1019,0,0,0,0,yewon,cross_leg_left,1
232,1786864901.692940,83,615,495,783,741,743,451,582,219,0,419,607,728,786,738,747,645,623,755,639,637,553,393,0,0,1069,1205,1016,0,0,0,0,yewon,cross_leg_left,1
233,1786864901.693225,83,617,495,787,741,743,447,581,217,0,423,613,728,779,733,746,637,623,751,647,635,557,395,0,0,1068,1203,1013,0,0,0,0,yewon,cross_leg_left,1
234,1786864901.693501,85,616,495,785,739,742,445,583,217,0,421,611,746,785,735,743,638,627,751,647,635,554,395,0,0,1071,1203,1015,0,0,0,0,yewon,cross_leg_left,1
235,1786864901.693783,85,617,495,789,742,743,446,581,215,0,421,613,727,791,735,745,645,621,755,637,635,553,393,0,0,1066,1206,1017,0,0,0,0,yewon,cross_leg_left,1
236,1786864901.694066,85,617,495,787,741,743,445,582,217,0,423,613,729,783,735,746,647,623,749,639,636,551,394,0,0,1068,1230,1011,0,0,0,0,yewon,cross_leg_left,1
237,1786864901.694343,85,617,495,787,743,741,446,581,215,0,423,612,723,783,739,746,645,621,751,637,635,553,393,0,0,1067,1197,1017,0,0,0,0,yewon,cross_leg_left,1
238,1786864901.694631,86,617,495,787,743,739,448,575,215,0,421,609,732,783,739,745,639,621,755,639,635,554,395,0,0,1067,1203,1015,0,0,0,0,yewon,cross_leg_left,1
239,1786864901.694906,87,618,495,788,743,741,447,583,217,0,425,611,731,789,735,747,644,621,751,647,634,554,397,0,0,1068,1203,1013,0,0,0,0,yewon,cross_leg_left,1
240,1786864901.695188,85,619,495,789,745,743,446,579,217,0,423,611,728,779,735,759,646,622,751,645,636,554,399,0,0,1066,1199,1013,0,0,0,0,yewon,cross_leg_left,1
241,1786864901.695466,86,617,495,789,742,741,445,581,219,0,423,613,717,785,737,747,645,626,751,639,634,553,396,0,0,1069,1213,1015,0,0,0,0,yewon,cross_leg_left,1
242,1786864901.695742,87,617,495,789,741,741,445,581,217,0,423,611,729,783,737,745,645,617,749,638,636,555,395,0,0,1065,1211,1005,0,0,0,0,yewon,cross_leg_left,1
243,1786864901.696030,87,615,495,789,743,741,445,582,215,0,424,613,725,783,739,745,647,623,754,633,636,552,397,0,0,1069,1179,1013,0,0,0,0,yewon,cross_leg_left,1
244,1786864901.696319,87,618,495,789,741,740,445,581,219,0,424,611,712,783,737,747,646,623,749,649,635,555,398,0,0,1066,1211,1033,0,0,0,0,yewon,cross_leg_left,1
245,1786864901.696606,85,617,499,789,742,740,451,581,216,0,423,612,729,786,739,747,639,613,751,645,635,555,396,0,0,1069,1199,1018,0,0,0,0,yewon,cross_leg_left,1
246,1786864901.696872,86,617,495,789,741,741,445,581,217,0,423,614,727,781,739,747,644,623,749,640,635,553,397,0,0,1070,1189,1019,0,0,0,0,yewon,cross_leg_left,1
247,1786864901.697136,87,617,495,789,741,741,445,582,217,0,425,613,729,788,739,747,639,613,756,640,635,555,397,0,0,1069,1203,1015,0,0,0,0,yewon,cross_leg_left,1
248,1786864901.697401,87,617,495,789,740,741,447,581,217,0,426,614,727,786,738,747,646,623,748,640,635,555,396,0,0,1067,1200,1014,0,0,0,0,yewon,cross_leg_left,1
249,1786864901.697665,87,617,495,790,741,741,447,583,216,0,428,615,727,785,715,747,645,623,752,647,635,551,395,0,0,1069,1203,1017,0,0,0,0,yewon,cross_leg_left,1
250,1786864901.708297,87,617,495,789,743,740,445,583,218,0,423,613,727,783,739,745,637,630,757,647,635,554,393,0,0,1067,1204,1013,0,0,0,0,yewon,cross_leg_left,1
251,1786864901.728307,87,617,495,788,741,741,446,579,219,0,425,613,727,785,735,746,647,628,755,644,636,554,395,0,0,1069,1203,1009,0,0,0,0,yewon,cross_leg_left,1
252,1786864901.748313,87,617,495,788,743,741,445,581,211,0,429,613,728,787,739,745,647,623,755,649,637,550,395,0,0,1069,1203,1020,0,0,0,0,yewon,cross_leg_left,1
253,1786864901.768342,86,617,496,787,742,743,443,583,219,0,423,613,727,786,735,747,646,627,753,645,636,553,395,0,0,1069,1203,1013,0,0,0,0,yewon,cross_leg_left,1
254,1786864901.788347,87,619,495,785,743,743,447,583,212,0,425,613,727,783,738,747,645,647,757,648,637,555,398,0,0,1074,1203,1017,0,0,0,0,yewon,cross_leg_left,1
255,1786864901.808360,85,617,496,787,742,743,453,583,221,0,425,614,726,783,735,747,647,627,757,659,637,559,397,0,0,1063,1205,1019,0,0,0,0,yewon,cross_leg_left,1
256,1786864901.828396,83,617,495,783,743,743,454,584,217,0,425,613,728,783,734,747,645,619,761,649,637,553,395,0,0,1067,1203,1015,0,0,0,0,yewon,cross_leg_left,1
257,1786864901.848366,83,616,495,786,744,743,453,584,225,0,423,613,727,782,735,747,645,631,757,649,637,555,397,0,0,1067,1203,1019,0,0,0,0,yewon,cross_leg_left,1
258,1786864901.868411,79,615,494,786,741,745,454,585,230,0,421,611,727,783,733,747,645,649,761,651,637,559,398,0,0,1067,1203,1015,0,0,0,0,yewon,cross_leg_left,1
259,1786864901.889408,77,614,495,785,742,745,455,585,220,0,421,610,728,783,733,747,647,626,757,648,639,555,397,0,0,1067,1205,1017,0,0,0,0,yewon,cross_leg_left,1
260,1786864901.909303,75,614,493,787,742,744,453,584,235,0,421,611,728,783,733,747,646,631,759,649,637,555,397,0,0,1067,1203,1016,0,0,0,0,yewon,cross_leg_left,1
261,1786864901.929371,74,613,492,783,739,745,455,585,237,0,419,614,727,782,735,747,647,631,762,652,638,553,401,0,0,1067,1205,1017,0,0,0,0,yewon,cross_leg_left,1
262,1786864901.949316,73,613,493,783,741,745,455,587,237,0,420,613,728,782,735,749,647,631,767,653,639,555,395,0,0,1067,1205,1017,0,0,0,0,yewon,cross_leg_left,1
263,1786864901.969337,72,612,492,781,741,744,455,585,240,0,421,611,727,786,733,747,645,629,765,653,639,553,399,0,0,1067,1203,1015,0,0,0,0,yewon,cross_leg_left,1
264,1786864901.989343,73,613,493,783,741,744,454,587,244,0,421,611,725,787,739,749,647,633,761,654,637,555,393,0,0,1067,1205,1016,0,0,0,0,yewon,cross_leg_left,1
265,1786864902.009305,75,613,493,783,742,746,455,587,244,0,421,613,727,779,738,749,648,628,761,645,639,554,393,0,0,1066,1205,1017,0,0,0,0,yewon,cross_leg_left,1
266,1786864902.029339,74,613,494,783,743,745,453,589,244,0,421,610,727,786,735,745,650,631,763,654,639,553,394,0,0,1068,1204,1016,0,0,0,0,yewon,cross_leg_left,1
267,1786864902.049312,76,614,493,783,742,744,457,587,245,0,423,614,727,787,735,748,645,631,763,651,637,553,392,0,0,1067,1205,1015,0,0,0,0,yewon,cross_leg_left,1
268,1786864902.069333,76,616,493,783,742,745,455,595,245,0,424,613,727,783,735,749,647,627,761,651,637,551,394,0,0,1066,1205,1015,0,0,0,0,yewon,cross_leg_left,1
269,1786864902.089133,77,616,493,786,739,745,457,587,243,0,407,616,727,787,737,749,658,631,763,653,637,553,383,0,0,1065,1205,1022,0,0,0,0,yewon,cross_leg_left,1
270,1786864902.109315,78,617,493,785,743,745,456,587,243,0,426,615,727,787,739,751,647,631,763,653,637,553,383,0,0,1067,1205,1017,0,0,0,0,yewon,cross_leg_left,1
271,1786864902.129354,79,617,495,786,744,745,453,586,238,0,421,611,729,781,740,749,647,632,763,653,637,551,389,0,0,1065,1206,1015,0,0,0,0,yewon,cross_leg_left,1
272,1786864902.149337,81,617,492,787,743,745,456,597,239,0,425,613,728,787,739,751,648,629,763,655,635,553,380,0,0,1067,1203,1017,0,0,0,0,yewon,cross_leg_left,1
273,1786864902.169426,83,616,493,785,743,745,457,587,243,0,425,595,727,787,735,755,650,633,762,654,637,551,382,0,0,1068,1205,1017,0,0,0,0,yewon,cross_leg_left,1
274,1786864902.189479,83,617,495,783,743,743,454,587,243,0,427,611,728,789,739,751,649,631,763,653,636,552,383,0,0,1071,1206,1014,0,0,0,0,yewon,cross_leg_left,1
275,1786864902.209378,83,619,495,785,742,746,456,586,237,0,425,613,729,780,739,751,647,631,763,653,637,552,381,0,0,1069,1205,1020,0,0,0,0,yewon,cross_leg_left,1
276,1786864902.229346,85,617,495,783,743,745,459,587,237,0,423,613,728,787,741,752,651,630,761,653,637,552,378,0,0,1071,1205,1016,0,0,0,0,yewon,cross_leg_left,1
277,1786864902.249355,85,618,495,786,748,745,455,587,235,0,430,612,728,789,739,749,638,631,763,653,636,553,379,0,0,1067,1205,1013,0,0,0,0,yewon,cross_leg_left,1
278,1786864902.269372,85,618,494,787,745,745,455,587,235,0,430,613,727,787,740,750,649,633,763,653,636,552,381,0,0,1069,1205,1016,0,0,0,0,yewon,cross_leg_left,1
279,1786864902.289242,86,618,501,786,744,745,455,587,236,0,430,613,728,789,739,751,645,632,763,653,635,553,383,0,0,1074,1205,1017,0,0,0,0,yewon,cross_leg_left,1
280,1786864902.309311,85,619,495,783,743,745,456,585,237,0,431,615,729,788,739,749,645,632,762,653,637,553,383,0,0,1071,1205,1018,0,0,0,0,yewon,cross_leg_left,1
281,1786864902.329370,85,619,495,787,744,745,455,586,237,0,428,625,729,789,733,751,645,632,764,653,635,555,381,0,0,1069,1207,1034,0,0,0,0,yewon,cross_leg_left,1
282,1786864902.348646,87,619,497,787,745,747,455,587,237,0,435,619,729,789,740,749,668,632,761,653,637,554,382,0,0,1067,1205,1017,0,0,0,0,yewon,cross_leg_left,1
283,1786864902.369362,87,617,495,786,745,745,457,589,235,0,429,613,728,789,741,752,649,627,759,653,637,553,381,0,0,1070,1205,1017,0,0,0,0,yewon,cross_leg_left,1
284,1786864902.389388,86,619,501,787,744,745,455,585,235,0,431,619,729,789,739,749,638,633,761,653,637,553,383,0,0,1071,1206,1019,0,0,0,0,yewon,cross_leg_left,1
285,1786864902.409342,85,618,495,787,743,743,455,587,237,0,431,597,728,789,739,748,661,633,763,653,637,553,390,0,0,1075,1206,1019,0,0,0,0,yewon,cross_leg_left,1
286,1786864902.429343,84,619,499,786,743,745,457,587,243,0,441,629,728,789,739,749,647,633,762,653,637,553,389,0,0,1069,1207,1019,0,0,0,0,yewon,cross_leg_left,1
287,1786864902.449302,84,619,495,787,741,746,459,589,239,0,425,604,729,789,740,749,650,633,757,653,637,551,389,0,0,1067,1206,1019,0,0,0,0,yewon,cross_leg_left,1
288,1786864902.469372,84,617,499,786,747,747,456,587,242,0,429,615,728,789,741,750,651,633,762,654,636,551,383,0,0,1077,1205,1021,0,0,0,0,yewon,cross_leg_left,1
289,1786864902.489374,83,619,495,785,744,743,457,589,237,0,418,613,731,788,739,751,661,631,763,654,637,558,381,0,0,1071,1205,1031,0,0,0,0,yewon,cross_leg_left,1
290,1786864902.509315,83,619,499,787,743,745,454,587,239,0,425,613,729,789,739,773,645,631,762,654,637,553,383,0,0,1059,1207,1033,0,0,0,0,yewon,cross_leg_left,1
291,1786864902.529383,82,617,495,787,730,747,457,587,237,0,437,627,729,788,738,755,637,632,760,653,637,553,383,0,0,1072,1206,1011,0,0,0,0,yewon,cross_leg_left,1
292,1786864902.549332,83,618,495,787,744,745,457,587,236,0,440,620,729,788,741,749,655,633,773,653,635,553,381,0,0,1069,1207,1007,0,0,0,0,yewon,cross_leg_left,1
293,1786864902.569349,83,619,495,786,746,747,455,589,243,0,429,613,729,789,740,749,647,633,763,653,637,553,383,0,0,1093,1207,1021,0,0,0,0,yewon,cross_leg_left,1
294,1786864902.589387,83,618,494,786,743,745,456,586,237,0,431,615,729,789,741,755,647,633,763,653,636,553,388,0,0,1071,1207,1021,0,0,0,0,yewon,cross_leg_left,1
295,1786864902.609335,83,618,495,787,738,747,457,587,239,0,429,615,729,789,740,759,646,632,763,653,637,553,381,0,0,1065,1207,1023,0,0,0,0,yewon,cross_leg_left,1
296,1786864902.629359,83,619,495,786,751,745,455,587,239,0,428,606,729,789,739,750,647,633,763,653,637,553,383,0,0,1067,1211,1016,0,0,0,0,yewon,cross_leg_left,1
297,1786864902.649350,83,617,494,785,745,744,457,589,233,0,425,613,728,789,740,733,648,633,763,653,636,554,383,0,0,1066,1207,1020,0,0,0,0,yewon,cross_leg_left,1
298,1786864902.668799,82,618,495,785,743,744,457,587,243,0,427,613,727,788,740,749,649,634,761,653,637,555,390,0,0,1071,1205,1023,0,0,0,0,yewon,cross_leg_left,1
299,1786864902.689208,82,615,499,785,727,744,457,589,243,0,427,613,727,789,739,755,648,633,763,655,637,555,383,0,0,1071,1208,1029,0,0,0,0,yewon,cross_leg_left,1
300,1786864902.709337,79,617,493,783,740,739,456,587,244,0,425,613,729,787,739,755,649,633,761,653,637,553,392,0,0,1067,1207,1003,0,0,0,0,yewon,cross_leg_left,1
301,1786864902.729388,77,617,492,785,739,747,457,589,243,0,424,621,727,788,739,752,647,634,765,653,637,553,393,0,0,1067,1207,1023,0,0,0,0,yewon,cross_leg_left,1
302,1786864902.749324,79,616,494,786,741,748,455,588,235,0,420,613,728,788,739,756,647,632,763,653,637,555,392,0,0,1071,1207,1031,0,0,0,0,yewon,cross_leg_left,1
303,1786864902.769314,77,614,495,786,731,755,457,591,243,0,419,610,729,787,739,750,648,633,763,653,639,553,393,0,0,1069,1208,1019,0,0,0,0,yewon,cross_leg_left,1
304,1786864902.789360,77,615,495,785,743,747,463,590,245,0,423,611,728,788,741,755,649,633,763,654,638,554,393,0,0,1070,1207,1031,0,0,0,0,yewon,cross_leg_left,1
305,1786864902.809304,77,617,493,783,741,757,459,589,244,0,429,616,729,789,739,757,651,633,762,653,639,554,390,0,0,1071,1211,1033,0,0,0,0,yewon,cross_leg_left,1
306,1786864902.829315,79,615,495,785,747,749,459,589,239,0,425,609,728,787,739,755,650,634,763,653,637,557,393,0,0,1062,1207,1020,0,0,0,0,yewon,cross_leg_left,1
307,1786864902.849323,79,614,495,781,740,747,455,588,240,0,427,606,725,788,739,757,645,635,759,653,636,554,393,0,0,1070,1205,1023,0,0,0,0,yewon,cross_leg_left,1
308,1786864902.869323,81,615,495,787,741,747,456,587,243,0,424,613,729,793,741,755,649,629,773,658,639,557,393,0,0,1067,1209,1029,0,0,0,0,yewon,cross_leg_left,1
309,1786864902.889322,79,617,494,783,744,747,457,585,237,0,427,611,728,790,739,755,651,634,764,655,637,555,393,0,0,1066,1210,1023,0,0,0,0,yewon,cross_leg_left,1
310,1786864902.909330,79,617,495,783,741,747,456,587,229,0,429,605,729,791,739,751,649,631,763,653,637,556,393,0,0,1077,1211,1022,0,0,0,0,yewon,cross_leg_left,1
311,1786864902.929390,79,617,495,781,741,747,456,587,230,0,423,611,729,787,735,755,649,631,765,652,637,555,393,0,0,1069,1209,1031,0,0,0,0,yewon,cross_leg_left,1
312,1786864902.949312,79,617,495,781,741,745,465,589,231,0,419,611,728,791,740,755,647,633,765,653,638,555,391,0,0,1064,1213,1035,0,0,0,0,yewon,cross_leg_left,1
313,1786864902.969374,81,617,493,781,741,743,456,589,231,0,420,615,728,789,739,755,645,633,763,651,637,556,379,0,0,1075,1211,1031,0,0,0,0,yewon,cross_leg_left,1
314,1786864902.989344,83,617,495,781,735,745,457,587,233,0,419,610,728,789,754,757,651,633,773,653,637,557,391,0,0,1066,1211,1031,0,0,0,0,yewon,cross_leg_left,1
315,1786864903.009329,83,611,493,780,742,747,456,587,231,0,427,617,727,791,739,754,637,633,761,653,637,557,394,0,0,1067,1213,1033,0,0,0,0,yewon,cross_leg_left,1
316,1786864903.029351,83,611,495,781,739,747,455,589,230,0,421,612,727,791,740,751,648,635,761,652,637,559,393,0,0,1067,1213,1034,0,0,0,0,yewon,cross_leg_left,1
317,1786864903.049333,82,620,493,780,741,744,456,586,231,0,412,614,727,789,740,751,651,635,761,651,639,559,379,0,0,1069,1211,1033,0,0,0,0,yewon,cross_leg_left,1
318,1786864903.069325,83,617,493,781,739,749,458,585,231,0,419,613,730,789,740,755,649,633,763,653,638,559,389,0,0,1069,1212,1033,0,0,0,0,yewon,cross_leg_left,1
319,1786864903.089423,82,611,495,781,743,747,455,589,232,0,404,611,729,787,739,759,647,633,761,653,643,559,397,0,0,1067,1214,1033,0,0,0,0,yewon,cross_leg_left,1
320,1786864903.109375,83,617,493,781,738,745,455,586,233,0,413,605,728,788,735,760,647,634,773,651,639,560,394,0,0,1061,1213,1021,0,0,0,0,yewon,cross_leg_left,1
321,1786864903.129433,84,623,491,781,739,745,455,587,233,0,424,605,728,789,739,750,639,633,762,651,637,559,407,0,0,1075,1215,1033,0,0,0,0,yewon,cross_leg_left,1
322,1786864903.149355,83,615,493,781,741,735,454,587,232,0,420,612,730,789,739,755,649,632,765,649,637,564,395,0,0,1069,1215,1033,0,0,0,0,yewon,cross_leg_left,1
323,1786864903.169401,85,619,493,780,735,746,455,589,232,0,419,611,729,791,739,757,648,632,761,654,639,563,395,0,0,1069,1213,1039,0,0,0,0,yewon,cross_leg_left,1
324,1786864903.189434,85,619,493,779,740,743,455,587,234,0,416,611,728,792,739,756,645,633,760,651,639,564,397,0,0,1076,1215,1034,0,0,0,0,yewon,cross_leg_left,1
325,1786864903.209380,86,628,493,781,741,745,454,589,233,0,429,611,727,790,739,759,663,633,763,653,645,564,399,0,0,1067,1215,1033,0,0,0,0,yewon,cross_leg_left,1
326,1786864903.229355,85,617,493,779,740,745,447,587,234,0,423,612,729,789,739,755,651,633,761,651,637,563,399,0,0,1072,1214,1039,0,0,0,0,yewon,cross_leg_left,1
327,1786864903.249457,85,619,495,780,740,747,453,589,230,0,431,617,729,792,741,755,657,633,761,652,639,563,395,0,0,1069,1213,1035,0,0,0,0,yewon,cross_leg_left,1
328,1786864903.269357,85,618,493,779,734,746,453,587,231,0,437,619,729,791,741,756,648,633,761,653,638,563,391,0,0,1076,1214,1039,0,0,0,0,yewon,cross_leg_left,1
329,1786864903.289358,87,618,495,780,739,743,452,589,235,0,422,613,729,791,741,760,649,633,763,651,639,563,394,0,0,1075,1215,1036,0,0,0,0,yewon,cross_leg_left,1
330,1786864903.309359,85,617,491,779,737,743,455,587,234,0,419,603,729,791,749,761,647,635,761,652,639,566,393,0,0,1065,1215,1035,0,0,0,0,yewon,cross_leg_left,1
331,1786864903.329328,85,613,494,781,734,744,455,591,233,0,423,605,729,791,743,760,652,634,763,652,638,564,396,0,0,1071,1214,1035,0,0,0,0,yewon,cross_leg_left,1
332,1786864903.348480,86,619,493,779,735,747,453,588,237,0,411,621,728,790,741,761,649,634,763,653,639,565,395,0,0,1075,1215,1035,0,0,0,0,yewon,cross_leg_left,1
333,1786864903.369383,87,619,494,783,734,745,455,587,235,0,427,601,725,794,745,761,639,633,764,651,637,559,399,0,0,1070,1213,1036,0,0,0,0,yewon,cross_leg_left,1
334,1786864903.389361,87,619,493,781,744,745,454,585,236,0,423,614,731,792,742,755,653,634,765,653,639,565,391,0,0,1063,1215,1035,0,0,0,0,yewon,cross_leg_left,1
335,1786864903.409329,87,617,494,783,740,744,455,584,239,0,415,615,729,789,743,761,646,635,764,652,645,564,397,0,0,1068,1213,1037,0,0,0,0,yewon,cross_leg_left,1
336,1786864903.429348,88,621,492,780,744,747,454,589,237,0,427,609,729,791,743,755,651,635,761,653,645,562,393,0,0,1093,1213,1039,0,0,0,0,yewon,cross_leg_left,1
337,1786864903.449350,87,618,494,782,739,745,455,585,243,0,437,613,729,793,741,759,653,635,765,652,644,565,407,0,0,1069,1213,1039,0,0,0,0,yewon,cross_leg_left,1
338,1786864903.469333,87,621,493,781,739,746,455,586,237,0,427,627,729,789,743,759,651,635,765,652,645,564,393,0,0,1082,1215,1039,0,0,0,0,yewon,cross_leg_left,1
339,1786864903.489369,87,619,495,781,740,743,455,589,239,0,415,631,729,791,742,759,651,635,762,653,639,564,393,0,0,1074,1212,1039,0,0,0,0,yewon,cross_leg_left,1
340,1786864903.509358,86,619,495,781,749,745,455,586,239,0,427,613,729,792,743,760,652,635,764,653,645,563,397,0,0,1067,1211,1039,0,0,0,0,yewon,cross_leg_left,1
341,1786864903.529368,87,620,496,781,729,745,454,589,240,0,425,612,729,792,742,761,651,635,766,653,645,565,398,0,0,1093,1212,1041,0,0,0,0,yewon,cross_leg_left,1
342,1786864903.549342,85,619,495,781,733,746,455,580,243,0,431,607,730,793,743,763,633,634,765,653,645,563,399,0,0,1071,1215,1039,0,0,0,0,yewon,cross_leg_left,1
343,1786864903.569362,85,619,494,781,733,745,453,588,243,0,428,605,729,791,743,759,661,634,762,653,645,565,419,0,0,1083,1213,1037,0,0,0,0,yewon,cross_leg_left,1
344,1786864903.589359,86,619,493,781,743,745,453,589,243,0,427,617,728,791,743,761,649,636,764,653,645,563,403,0,0,1074,1213,1039,0,0,0,0,yewon,cross_leg_left,1
345,1786864903.609315,85,619,499,779,742,746,455,588,243,0,427,613,727,791,741,751,651,637,765,653,645,564,397,0,0,1080,1211,1039,0,0,0,0,yewon,cross_leg_left,1
346,1786864903.629358,87,617,489,779,735,743,447,589,243,0,427,611,726,791,743,761,651,636,764,651,637,559,395,0,0,1069,1215,1039,0,0,0,0,yewon,cross_leg_left,1
347,1786864903.649347,85,627,493,781,735,745,455,589,242,0,426,614,725,791,743,761,651,634,779,659,639,563,397,0,0,1071,1205,1042,0,0,0,0,yewon,cross_leg_left,1
348,1786864903.669310,86,618,493,779,741,745,454,587,244,0,431,611,729,790,743,761,664,635,763,653,645,557,395,0,0,1077,1221,1039,0,0,0,0,yewon,cross_leg_left,1
349,1786864903.689373,87,621,495,781,746,745,453,587,243,0,427,614,731,791,743,763,651,636,766,653,645,563,397,0,0,1075,1211,1039,0,0,0,0,yewon,cross_leg_left,1
350,1786864903.709378,86,622,495,780,739,745,453,587,245,0,425,613,739,793,743,763,651,636,763,658,645,567,397,0,0,1069,1213,1016,0,0,0,0,yewon,cross_leg_left,1
351,1786864903.729381,87,619,491,780,744,744,455,589,241,0,424,613,727,791,744,761,651,637,765,652,646,565,401,0,0,1070,1209,1039,0,0,0,0,yewon,cross_leg_left,1
352,1786864903.749322,86,617,495,780,735,745,453,589,245,0,423,613,728,791,743,761,655,636,765,653,645,564,381,0,0,1076,1215,1039,0,0,0,0,yewon,cross_leg_left,1
353,1786864903.769364,87,621,499,781,733,747,455,589,245,0,427,613,731,792,743,762,649,637,756,653,645,564,395,0,0,1068,1221,1039,0,0,0,0,yewon,cross_leg_left,1
354,1786864903.789374,87,622,483,778,733,745,453,590,245,0,427,607,729,792,744,760,659,636,765,653,644,563,398,0,0,1069,1213,1041,0,0,0,0,yewon,cross_leg_left,1
355,1786864903.809334,87,619,501,781,733,747,453,587,245,0,427,613,729,792,743,767,653,637,765,653,645,564,399,0,0,1084,1212,1049,0,0,0,0,yewon,cross_leg_left,1
356,1786864903.829361,86,619,489,780,733,744,453,588,243,0,426,605,727,792,741,755,652,633,763,655,645,559,411,0,0,1063,1212,1035,0,0,0,0,yewon,cross_leg_left,1
357,1786864903.849457,87,619,493,780,739,745,453,589,245,0,426,613,729,792,743,757,652,637,765,653,645,565,398,0,0,1071,1213,1039,0,0,0,0,yewon,cross_leg_left,1
358,1786864903.869344,87,619,495,777,739,745,453,590,243,0,427,613,729,793,743,761,652,638,766,655,645,563,395,0,0,1075,1213,1041,0,0,0,0,yewon,cross_leg_left,1
359,1786864903.889318,87,620,495,780,739,745,454,589,245,0,425,615,729,792,743,764,651,638,765,655,645,565,397,0,0,1075,1212,1041,0,0,0,0,yewon,cross_leg_left,1
360,1786864903.909372,87,620,493,779,739,743,453,593,245,0,426,613,729,791,743,763,651,635,763,651,645,563,401,0,0,1073,1215,1039,0,0,0,0,yewon,cross_leg_left,1
361,1786864903.929335,87,619,495,781,738,745,453,585,247,0,427,613,729,793,743,760,651,635,765,653,639,565,401,0,0,1075,1213,1039,0,0,0,0,yewon,cross_leg_left,1
362,1786864903.949284,87,619,493,779,735,745,453,588,248,0,427,613,727,793,743,767,651,637,766,653,645,563,399,0,0,1075,1212,1041,0,0,0,0,yewon,cross_leg_left,1
363,1786864903.969323,87,619,493,781,739,745,453,589,248,0,427,613,729,792,743,761,652,637,761,653,644,565,395,0,0,1074,1213,1039,0,0,0,0,yewon,cross_leg_left,1
364,1786864903.989307,87,619,493,779,738,743,454,589,247,0,429,613,727,792,744,761,655,637,765,653,645,565,397,0,0,1067,1213,1037,0,0,0,0,yewon,cross_leg_left,1
365,1786864904.009271,88,619,493,779,739,745,453,589,248,0,427,613,729,789,743,763,653,638,765,653,646,563,403,0,0,1075,1222,1039,0,0,0,0,yewon,cross_leg_left,1
366,1786864904.029362,87,618,496,779,733,745,448,589,246,0,427,605,729,791,741,765,651,638,765,654,645,564,401,0,0,1071,1213,1036,0,0,0,0,yewon,cross_leg_left,1
367,1786864904.049306,87,617,494,781,738,744,447,589,246,0,427,614,731,793,743,761,651,636,765,654,645,563,395,0,0,1071,1215,1041,0,0,0,0,yewon,cross_leg_left,1
368,1786864904.069319,89,619,493,780,735,746,453,586,245,0,425,613,728,792,743,762,652,637,765,654,645,563,403,0,0,1075,1214,1039,0,0,0,0,yewon,cross_leg_left,1
369,1786864904.089360,87,619,501,781,737,744,453,589,245,0,425,613,729,791,745,762,651,637,765,651,645,565,399,0,0,1076,1214,1039,0,0,0,0,yewon,cross_leg_left,1
370,1786864904.109353,87,619,494,779,739,744,453,589,247,0,427,612,729,795,745,763,652,637,772,651,645,565,401,0,0,1075,1212,1039,0,0,0,0,yewon,cross_leg_left,1
371,1786864904.129347,87,620,491,779,738,745,453,587,239,0,424,613,730,792,743,761,657,637,763,653,644,565,395,0,0,1063,1215,1039,0,0,0,0,yewon,cross_leg_left,1
372,1786864904.149319,88,619,493,781,739,745,453,589,246,0,427,613,730,791,743,761,651,637,765,659,645,564,399,0,0,1075,1213,1021,0,0,0,0,yewon,cross_leg_left,1
373,1786864904.168356,87,620,487,779,737,745,453,589,247,0,427,615,731,789,744,763,651,637,766,653,645,565,399,0,0,1075,1221,1039,0,0,0,0,yewon,cross_leg_left,1
374,1786864904.188991,87,617,493,779,739,745,452,587,247,0,427,613,728,793,744,759,651,637,765,655,645,563,404,0,0,1049,1213,1041,0,0,0,0,yewon,cross_leg_left,1
375,1786864904.209016,85,619,495,783,738,745,453,589,247,0,428,615,729,793,745,762,652,635,767,652,645,565,399,0,0,1076,1213,1041,0,0,0,0,yewon,cross_leg_left,1
376,1786864904.229409,86,623,495,783,739,743,454,601,247,0,427,612,731,795,745,762,653,639,766,658,645,563,397,0,0,1075,1211,1041,0,0,0,0,yewon,cross_leg_left,1
377,1786864904.249354,85,617,493,781,739,745,453,598,247,0,429,612,727,792,743,761,653,635,765,655,645,563,398,0,0,1075,1213,1039,0,0,0,0,yewon,cross_leg_left,1
378,1786864904.269323,86,620,494,783,738,745,455,588,251,0,428,613,728,789,745,762,651,639,766,652,646,563,399,0,0,1071,1210,1039,0,0,0,0,yewon,cross_leg_left,1
379,1786864904.289387,83,617,499,783,739,745,455,587,251,0,428,613,728,791,743,762,651,636,765,655,645,563,420,0,0,1071,1209,1036,0,0,0,0,yewon,cross_leg_left,1
380,1786864904.309339,83,619,491,783,739,747,455,595,254,0,427,614,729,791,743,761,651,635,766,653,647,565,405,0,0,1069,1209,1035,0,0,0,0,yewon,cross_leg_left,1
381,1786864904.329349,79,620,495,781,738,743,455,595,261,0,427,613,731,789,743,762,651,637,766,654,647,565,396,0,0,1069,1210,1033,0,0,0,0,yewon,cross_leg_left,1
382,1786864904.348646,76,623,494,779,738,745,452,587,262,0,416,611,724,789,727,762,651,635,764,657,639,558,409,0,0,1063,1207,1031,0,0,0,0,yewon,cross_leg_left,1
383,1786864904.369366,77,619,493,785,741,745,456,589,263,0,427,615,729,791,743,761,651,635,764,653,645,558,398,0,0,1067,1207,1031,0,0,0,0,yewon,cross_leg_left,1
384,1786864904.389158,78,621,493,787,740,745,456,595,264,0,411,613,729,790,745,764,654,635,765,653,647,563,403,0,0,1068,1205,1030,0,0,0,0,yewon,cross_leg_left,1
385,1786864904.409342,77,619,495,786,741,747,457,594,265,0,429,613,729,789,743,761,651,637,763,655,645,563,399,0,0,1069,1204,1031,0,0,0,0,yewon,cross_leg_left,1
386,1786864904.429378,77,619,493,787,741,747,456,593,263,0,429,613,731,773,742,761,651,635,765,658,646,562,404,0,0,1068,1205,1031,0,0,0,0,yewon,cross_leg_left,1
387,1786864904.449336,75,619,495,787,741,748,455,591,263,0,428,614,727,788,743,761,651,635,765,652,645,565,405,0,0,1069,1207,1031,0,0,0,0,yewon,cross_leg_left,1
388,1786864904.469361,75,617,493,785,741,747,455,591,255,0,439,613,733,793,743,761,654,637,765,658,639,558,402,0,0,1075,1209,1030,0,0,0,0,yewon,cross_leg_left,1
389,1786864904.489392,74,617,494,783,740,745,456,591,253,0,429,613,731,793,743,759,659,636,765,653,646,564,405,0,0,1067,1208,1032,0,0,0,0,yewon,cross_leg_left,1
390,1786864904.509345,74,619,495,787,741,745,455,590,251,0,434,614,731,792,743,759,637,636,765,653,645,561,403,0,0,1077,1209,1032,0,0,0,0,yewon,cross_leg_left,1
391,1786864904.529330,73,618,493,788,741,747,456,590,249,0,415,615,728,792,743,760,647,635,767,651,645,554,404,0,0,1067,1211,1032,0,0,0,0,yewon,cross_leg_left,1
392,1786864904.549336,75,615,495,791,741,747,455,590,249,0,429,615,729,791,743,762,651,636,765,654,645,563,403,0,0,1073,1205,1033,0,0,0,0,yewon,cross_leg_left,1
393,1786864904.569332,76,619,495,779,741,746,455,587,249,0,429,613,731,780,743,760,651,637,765,654,645,559,382,0,0,1071,1209,1022,0,0,0,0,yewon,cross_leg_left,1
394,1786864904.589355,77,619,491,781,743,746,455,589,247,0,429,615,731,791,743,761,651,637,763,655,645,563,398,0,0,1071,1197,1033,0,0,0,0,yewon,cross_leg_left,1
395,1786864904.609346,77,621,495,781,741,747,456,589,247,0,429,615,730,781,744,760,651,637,764,659,639,557,399,0,0,1071,1211,1032,0,0,0,0,yewon,cross_leg_left,1
396,1786864904.629374,78,620,494,778,741,746,455,591,249,0,429,614,730,799,743,761,651,638,761,651,645,559,389,0,0,1071,1209,1033,0,0,0,0,yewon,cross_leg_left,1
397,1786864904.649041,79,621,499,789,742,747,457,591,249,0,429,613,728,793,743,760,653,636,778,652,645,563,401,0,0,1049,1211,1039,0,0,0,0,yewon,cross_leg_left,1
398,1786864904.669379,82,621,499,783,743,747,457,591,249,0,431,613,727,782,744,761,651,637,763,655,645,565,404,0,0,1069,1207,1033,0,0,0,0,yewon,cross_leg_left,1
399,1786864904.689375,83,623,495,787,743,747,457,593,251,0,431,615,729,789,744,760,652,636,776,653,645,559,403,0,0,1069,1209,1031,0,0,0,0,yewon,cross_leg_left,1
400,1786864904.709327,83,621,501,791,743,747,457,591,252,0,431,615,731,782,743,761,650,635,747,655,646,563,405,0,0,1069,1209,1023,0,0,0,0,yewon,cross_leg_left,1
401,1786864904.729379,84,615,498,787,743,748,456,591,253,0,431,615,731,789,744,759,651,633,765,662,645,557,404,0,0,1067,1207,1021,0,0,0,0,yewon,cross_leg_left,1
402,1786864904.749343,85,621,495,787,743,748,453,593,253,0,431,611,729,791,746,759,651,636,763,655,647,560,403,0,0,1097,1206,1032,0,0,0,0,yewon,cross_leg_left,1
403,1786864904.769338,85,624,499,789,742,747,457,595,253,0,431,614,725,792,743,759,649,636,776,655,647,565,391,0,0,1071,1207,1032,0,0,0,0,yewon,cross_leg_left,1
404,1786864904.789336,84,618,495,791,743,749,456,591,253,0,431,615,729,791,743,760,649,635,761,651,646,564,412,0,0,1066,1209,1031,0,0,0,0,yewon,cross_leg_left,1
405,1786864904.809332,83,623,500,791,744,749,457,591,253,0,431,614,730,785,743,757,653,635,763,653,647,563,390,0,0,1069,1207,1021,0,0,0,0,yewon,cross_leg_left,1
406,1786864904.829352,81,617,500,781,743,747,456,591,255,0,431,614,728,792,743,759,649,637,763,653,646,563,407,0,0,1063,1203,1029,0,0,0,0,yewon,cross_leg_left,1
407,1786864904.849284,81,627,508,793,743,747,457,589,253,0,430,615,727,791,743,761,650,633,762,651,645,564,405,0,0,1069,1207,1031,0,0,0,0,yewon,cross_leg_left,1
408,1786864904.869107,83,619,499,781,740,749,455,593,252,0,416,612,733,792,743,761,649,636,762,653,637,563,405,0,0,1069,1208,1031,0,0,0,0,yewon,cross_leg_left,1
409,1786864904.889363,81,621,498,787,747,748,459,591,251,0,427,617,729,791,741,750,649,634,761,653,645,563,405,0,0,1076,1205,1031,0,0,0,0,yewon,cross_leg_left,1
410,1786864904.909290,83,617,504,789,743,744,456,589,251,0,431,615,734,792,744,760,648,635,755,653,646,562,405,0,0,1069,1215,1029,0,0,0,0,yewon,cross_leg_left,1
411,1786864904.929358,85,619,487,787,741,747,455,589,251,0,431,613,725,791,744,761,649,635,762,651,638,564,411,0,0,1067,1205,1021,0,0,0,0,yewon,cross_leg_left,1
412,1786864904.949312,84,619,491,787,741,745,456,593,250,0,429,612,729,792,744,761,649,634,761,653,645,563,407,0,0,1069,1205,1030,0,0,0,0,yewon,cross_leg_left,1
413,1786864904.969295,84,619,497,783,743,747,457,589,249,0,431,614,728,795,741,759,649,634,765,651,644,563,407,0,0,1067,1211,1023,0,0,0,0,yewon,cross_leg_left,1
414,1786864904.989339,85,621,501,786,743,745,456,589,249,0,431,615,723,789,745,760,649,635,773,653,645,563,405,0,0,1069,1203,1031,0,0,0,0,yewon,cross_leg_left,1
415,1786864905.009342,84,619,499,789,741,748,456,589,251,0,430,616,731,791,744,764,651,635,761,653,645,563,403,0,0,1071,1207,1031,0,0,0,0,yewon,cross_leg_left,1
416,1786864905.029327,85,621,496,789,743,747,457,589,250,0,435,615,731,789,743,760,649,633,761,653,639,563,405,0,0,1065,1207,1031,0,0,0,0,yewon,cross_leg_left,1
417,1786864905.049296,85,620,501,787,743,748,457,589,249,0,431,615,725,792,743,760,649,635,749,655,645,559,405,0,0,1069,1204,1031,0,0,0,0,yewon,cross_leg_left,1
418,1786864905.069390,85,623,498,789,743,745,457,591,249,0,431,615,731,789,745,761,649,636,763,653,645,559,406,0,0,1069,1199,1031,0,0,0,0,yewon,cross_leg_left,1
419,1786864905.089384,85,623,499,787,742,748,456,591,249,0,435,615,731,791,743,761,649,635,765,653,645,563,406,0,0,1068,1207,1029,0,0,0,0,yewon,cross_leg_left,1
420,1786864905.109352,84,619,499,791,743,746,457,590,253,0,435,615,730,792,743,760,649,627,761,653,645,556,406,0,0,1069,1205,1034,0,0,0,0,yewon,cross_leg_left,1
421,1786864905.129358,83,623,496,789,743,745,457,593,253,0,431,615,725,791,743,760,649,635,765,657,647,563,407,0,0,1068,1203,1031,0,0,0,0,yewon,cross_leg_left,1
422,1786864905.149328,83,619,495,787,741,747,457,589,262,0,431,611,729,790,747,759,649,634,763,653,645,559,409,0,0,1066,1205,1023,0,0,0,0,yewon,cross_leg_left,1
423,1786864905.169350,83,621,500,787,743,749,457,594,254,0,431,615,723,788,743,761,649,632,764,653,647,563,407,0,0,1067,1221,1031,0,0,0,0,yewon,cross_leg_left,1
424,1786864905.189381,82,617,499,787,741,748,459,594,253,0,431,607,731,797,741,761,647,634,763,659,645,560,407,0,0,1063,1199,1018,0,0,0,0,yewon,cross_leg_left,1
425,1786864905.209335,79,619,497,785,742,749,458,591,255,0,430,614,733,793,741,760,651,635,762,651,646,564,407,0,0,1065,1197,1032,0,0,0,0,yewon,cross_leg_left,1
426,1786864905.229338,78,618,499,789,743,747,457,593,261,0,431,615,729,793,743,758,649,638,767,663,646,563,408,0,0,1065,1199,1021,0,0,0,0,yewon,cross_leg_left,1
427,1786864905.249326,78,621,495,781,743,747,457,594,260,0,430,615,727,787,741,759,651,635,763,648,646,564,407,0,0,1063,1204,1029,0,0,0,0,yewon,cross_leg_left,1
428,1786864905.269424,77,615,495,789,743,747,457,594,262,0,430,614,729,789,739,759,649,634,764,647,645,564,408,0,0,1063,1203,1022,0,0,0,0,yewon,cross_leg_left,1
429,1786864905.289377,76,619,495,786,743,748,455,594,261,0,429,613,727,789,741,760,648,634,765,668,647,563,408,0,0,1063,1200,1019,0,0,0,0,yewon,cross_leg_left,1
430,1786864905.309337,77,617,496,785,743,757,458,595,263,0,431,613,729,789,740,760,651,635,765,661,647,561,407,0,0,1063,1209,1033,0,0,0,0,yewon,cross_leg_left,1
431,1786864905.329361,76,611,495,787,743,748,457,594,263,0,429,615,728,790,743,759,649,634,763,633,647,563,409,0,0,1063,1198,1019,0,0,0,0,yewon,cross_leg_left,1
432,1786864905.348815,75,616,498,788,743,748,459,594,264,0,428,614,730,792,741,759,649,635,765,659,647,587,408,0,0,1063,1197,1019,0,0,0,0,yewon,cross_leg_left,1
433,1786864905.369089,77,618,495,783,743,747,459,595,265,0,429,614,731,795,742,759,649,631,767,653,647,565,407,0,0,1062,1205,1023,0,0,0,0,yewon,cross_leg_left,1
434,1786864905.389381,74,611,495,783,743,745,457,595,265,0,427,613,727,788,741,760,650,644,765,658,647,559,409,0,0,1060,1209,1030,0,0,0,0,yewon,cross_leg_left,1
435,1786864905.409327,73,620,499,789,743,748,457,594,267,0,427,613,725,787,742,759,651,637,773,658,646,565,409,0,0,1063,1204,1023,0,0,0,0,yewon,cross_leg_left,1
436,1786864905.429325,74,619,497,789,743,749,459,595,267,0,427,614,729,788,743,759,650,637,767,653,648,565,409,0,0,1059,1205,1021,0,0,0,0,yewon,cross_leg_left,1
437,1786864905.449310,72,617,495,780,744,745,459,597,271,0,427,617,731,799,741,759,650,634,765,659,646,559,409,0,0,1061,1206,1019,0,0,0,0,yewon,cross_leg_left,1
438,1786864905.469357,72,617,495,787,741,751,458,595,269,0,427,611,729,787,739,759,653,626,773,661,648,565,409,0,0,1061,1207,1033,0,0,0,0,yewon,cross_leg_left,1
439,1786864905.489350,72,615,496,789,741,748,459,595,274,0,424,607,724,799,741,759,651,637,774,654,648,565,409,0,0,1061,1203,1021,0,0,0,0,yewon,cross_leg_left,1
440,1786864905.509335,71,617,495,779,743,749,459,595,275,0,425,613,729,779,740,759,649,645,767,663,647,569,411,0,0,1063,1199,1020,0,0,0,0,yewon,cross_leg_left,1
441,1786864905.529339,71,618,495,777,743,749,459,595,275,0,423,610,731,777,739,759,649,644,775,658,647,565,411,0,0,1059,1197,1017,0,0,0,0,yewon,cross_leg_left,1
442,1786864905.549309,71,617,495,797,743,748,459,595,275,0,424,611,728,775,739,758,649,637,776,660,647,571,411,0,0,1058,1196,1032,0,0,0,0,yewon,cross_leg_left,1
443,1786864905.569332,71,613,495,781,741,749,460,595,277,0,416,610,715,787,739,759,647,643,767,659,639,568,411,0,0,1052,1205,1019,0,0,0,0,yewon,cross_leg_left,1
444,1786864905.589361,69,616,495,787,743,747,460,597,277,0,419,603,729,783,738,758,645,637,773,659,647,566,413,0,0,1033,1203,1021,0,0,0,0,yewon,cross_leg_left,1
445,1786864905.609317,69,617,495,793,741,748,459,596,277,0,423,613,729,792,739,759,647,635,772,660,647,565,411,0,0,1055,1203,1019,0,0,0,0,yewon,cross_leg_left,1
446,1786864905.629323,69,617,494,786,743,748,459,597,278,0,422,610,731,773,739,758,651,635,762,663,647,566,411,0,0,1054,1203,1020,0,0,0,0,yewon,cross_leg_left,1
447,1786864905.649313,70,617,498,797,743,749,460,596,279,0,421,615,728,783,740,759,649,634,767,655,645,565,411,0,0,1055,1205,1019,0,0,0,0,yewon,cross_leg_left,1
448,1786864905.669362,71,615,499,786,743,751,461,597,279,0,423,616,732,774,740,760,649,629,772,659,647,563,411,0,0,1055,1199,1019,0,0,0,0,yewon,cross_leg_left,1
449,1786864905.689335,73,620,499,789,745,751,460,597,277,0,423,615,727,788,741,759,650,637,773,659,648,565,413,0,0,1055,1199,1021,0,0,0,0,yewon,cross_leg_left,1
450,1786864905.709324,76,619,499,791,744,749,461,597,277,0,423,617,725,793,742,759,651,632,767,659,647,567,412,0,0,1059,1203,1021,0,0,0,0,yewon,cross_leg_left,1
451,1786864905.729325,81,623,499,791,745,749,461,597,277,0,425,616,725,789,743,760,651,651,765,655,647,567,411,0,0,1061,1197,1020,0,0,0,0,yewon,cross_leg_left,1
452,1786864905.749300,83,619,499,791,745,748,461,597,273,0,426,614,730,791,743,760,651,622,766,658,647,565,411,0,0,1056,1207,1031,0,0,0,0,yewon,cross_leg_left,1
453,1786864905.769102,87,622,499,791,744,750,460,595,271,0,427,615,745,791,744,761,648,635,766,661,647,554,411,0,0,1062,1203,1045,0,0,0,0,yewon,cross_leg_left,1
454,1786864905.789412,88,622,500,791,744,749,460,595,268,0,428,615,727,791,744,761,651,637,777,653,647,565,411,0,0,1063,1213,1019,0,0,0,0,yewon,cross_leg_left,1
455,1786864905.809318,89,619,500,790,745,749,461,597,270,0,431,615,717,788,743,759,650,636,773,659,647,563,411,0,0,1064,1199,1019,0,0,0,0,yewon,cross_leg_left,1
456,1786864905.829368,91,622,500,789,743,749,461,597,269,0,429,614,723,789,745,761,651,646,767,660,647,565,412,0,0,1067,1195,1023,0,0,0,0,yewon,cross_leg_left,1
457,1786864905.849296,89,623,498,787,742,749,460,597,269,0,429,614,724,789,741,759,649,635,777,651,646,563,410,0,0,1063,1207,1034,0,0,0,0,yewon,cross_leg_left,1
458,1786864905.869332,87,620,499,787,742,749,461,597,275,0,427,615,725,790,745,759,652,660,767,661,647,564,411,0,0,1065,1203,1021,0,0,0,0,yewon,cross_leg_left,1
459,1786864905.889337,82,619,498,787,742,749,459,597,275,0,426,614,727,780,740,757,649,633,773,661,647,565,411,0,0,1065,1204,1031,0,0,0,0,yewon,cross_leg_left,1
460,1786864905.909309,75,619,501,781,747,751,461,599,269,0,423,614,727,787,735,751,648,637,767,660,645,566,408,0,0,1063,1205,1023,0,0,0,0,yewon,cross_leg_left,1
461,1786864905.929308,71,613,492,783,741,749,471,598,281,0,421,611,733,778,738,755,649,638,767,658,647,565,413,0,0,1063,1227,1022,0,0,0,0,yewon,cross_leg_left,1
462,1786864905.949331,61,611,491,781,739,749,472,598,287,0,419,611,724,782,734,755,649,637,767,661,647,567,412,0,0,1063,1208,1039,0,0,0,0,yewon,cross_leg_left,1
463,1786864905.969314,57,605,488,781,739,749,476,599,291,0,409,607,724,781,733,754,651,637,765,659,645,567,413,0,0,1061,1205,1022,0,0,0,0,yewon,cross_leg_left,1
464,1786864905.989309,43,603,487,779,735,749,479,599,297,0,408,611,723,779,730,754,649,645,763,659,649,567,414,0,0,1061,1215,1017,0,0,0,0,yewon,cross_leg_left,1
465,1786864906.009298,33,596,487,775,733,751,481,600,299,0,399,607,717,780,732,749,649,639,773,664,649,567,415,0,0,1061,1197,1041,0,0,0,0,yewon,cross_leg_left,1
466,1786864906.029356,0,593,487,767,731,749,487,601,312,0,395,604,723,779,733,747,649,645,773,681,649,569,415,0,0,1059,1203,1031,0,0,0,0,yewon,cross_leg_left,1
467,1786864906.049300,0,589,485,765,731,750,487,601,303,0,389,603,722,777,731,747,648,636,773,665,649,571,415,0,0,1055,1203,1033,0,0,0,0,yewon,cross_leg_left,1
468,1786864906.069299,0,586,483,767,729,751,487,603,308,0,381,605,719,776,731,748,648,638,773,665,650,566,419,0,0,1053,1203,1031,0,0,0,0,yewon,cross_leg_left,1
469,1786864906.089349,0,586,483,767,731,751,491,602,303,0,377,605,719,775,731,747,648,635,773,663,651,571,419,0,0,1053,1199,1019,0,0,0,0,yewon,cross_leg_left,1
470,1786864906.109341,0,587,484,767,731,751,491,603,312,0,374,607,716,776,732,746,649,645,773,663,651,569,419,0,0,1051,1200,1030,0,0,0,0,yewon,cross_leg_left,1
471,1786864906.129318,0,589,483,765,731,751,492,605,311,0,373,601,717,775,731,747,649,638,773,671,649,570,419,0,0,1053,1199,1019,0,0,0,0,yewon,cross_leg_left,1
472,1786864906.149304,0,587,486,773,733,748,492,603,311,0,373,605,719,777,733,749,649,637,765,663,651,571,423,0,0,1067,1205,1033,0,0,0,0,yewon,cross_leg_left,1
473,1786864906.169375,0,593,486,773,735,755,491,601,311,0,373,599,719,779,731,755,651,639,775,664,651,569,421,0,0,1041,1199,1022,0,0,0,0,yewon,cross_leg_left,1
474,1786864906.189368,0,597,486,775,733,751,489,603,309,0,375,603,721,778,731,751,649,639,767,668,649,569,420,0,0,1059,1203,1032,0,0,0,0,yewon,cross_leg_left,1
475,1786864906.209316,27,601,487,775,733,749,483,601,303,0,381,606,725,781,739,756,651,639,772,662,648,569,419,0,0,1061,1204,1033,0,0,0,0,yewon,cross_leg_left,1
476,1786864906.229369,53,606,486,775,732,747,473,600,295,0,393,606,725,783,742,757,651,645,764,660,648,551,416,0,0,1055,1205,1033,0,0,0,0,yewon,cross_leg_left,1
477,1786864906.249294,59,611,485,775,727,744,460,596,285,0,397,608,725,787,740,757,650,649,763,659,647,559,414,0,0,1067,1205,1033,0,0,0,0,yewon,cross_leg_left,1
478,1786864906.269384,71,611,485,775,723,741,455,591,255,0,403,613,727,789,749,761,651,635,763,663,647,563,413,0,0,1063,1205,1039,0,0,0,0,yewon,cross_leg_left,1
479,1786864906.289231,74,613,484,773,717,739,447,590,244,0,407,614,728,789,741,761,651,645,764,653,645,563,411,0,0,1065,1205,1022,0,0,0,0,yewon,cross_leg_left,1
480,1786864906.309409,81,615,483,765,715,737,453,589,238,0,415,613,728,791,741,759,651,637,762,653,645,547,411,0,0,1069,1207,1034,0,0,0,0,yewon,cross_leg_left,1
481,1786864906.329438,83,615,483,763,711,735,447,587,239,0,415,614,728,791,744,763,652,631,763,657,639,559,411,0,0,1069,1206,1035,0,0,0,0,yewon,cross_leg_left,1
482,1786864906.349368,81,611,482,761,699,737,455,588,239,0,419,614,729,791,749,761,653,647,765,659,645,562,415,0,0,1065,1205,1032,0,0,0,0,yewon,cross_leg_left,1
483,1786864906.369392,74,606,476,758,695,735,445,588,248,0,415,613,728,789,739,761,653,649,773,658,646,563,419,0,0,1074,1208,1033,0,0,0,0,yewon,cross_leg_left,1
484,1786864906.389331,63,596,473,749,685,735,443,589,261,0,411,611,727,787,746,756,653,648,776,660,647,559,423,0,0,1069,1208,1036,0,0,0,0,yewon,cross_leg_left,1
485,1786864906.409315,43,589,467,745,682,735,448,591,275,0,403,606,725,783,735,756,655,649,785,664,647,568,423,0,0,1068,1207,1033,0,0,0,0,yewon,cross_leg_left,1
486,1786864906.429329,0,567,461,739,679,733,460,595,293,0,396,605,722,781,733,748,651,659,783,665,648,573,426,0,0,1067,1207,1035,0,0,0,0,yewon,cross_leg_left,1
487,1786864906.448366,0,555,455,733,672,733,476,595,299,0,374,605,717,777,731,747,653,650,789,667,650,573,427,0,0,1067,1207,1039,0,0,0,0,yewon,cross_leg_left,1
488,1786864906.469049,0,543,445,729,671,731,491,599,311,0,359,601,717,759,729,745,653,650,789,671,651,575,431,0,0,1061,1207,1035,0,0,0,0,yewon,cross_leg_left,1
489,1786864906.489345,0,525,441,722,663,731,493,601,325,0,325,598,715,767,727,743,655,651,792,677,653,581,439,0,0,1061,1207,1039,0,0,0,0,yewon,cross_leg_left,1
490,1786864906.509290,0,501,431,717,660,730,499,605,331,0,281,596,711,765,730,733,651,639,789,679,655,587,443,0,0,1061,1207,1033,0,0,0,0,yewon,cross_leg_left,1
491,1786864906.529347,0,482,423,713,655,733,500,610,334,0,227,587,703,763,727,734,650,652,792,681,655,595,447,0,0,1059,1205,1036,0,0,0,0,yewon,cross_leg_left,1
492,1786864906.549321,0,461,415,709,647,734,508,613,345,0,205,587,700,759,723,728,651,652,795,687,659,595,453,0,0,1053,1207,1035,0,0,0,0,yewon,cross_leg_left,1
493,1786864906.569319,0,443,409,701,637,733,510,615,361,0,183,587,697,757,719,723,649,653,795,691,663,599,459,0,0,1047,1207,1039,0,0,0,0,yewon,cross_leg_left,1
494,1786864906.589318,0,431,397,697,633,738,521,616,367,0,127,581,695,749,719,721,648,655,797,695,665,603,459,0,0,1051,1205,1035,0,0,0,0,yewon,cross_leg_left,1
495,1786864906.609305,0,424,383,685,626,735,520,617,375,0,140,575,687,754,715,717,647,657,799,696,665,602,463,0,0,1048,1206,1035,0,0,0,0,yewon,cross_leg_left,1
496,1786864906.629335,0,424,371,686,623,733,519,617,375,0,149,580,691,755,715,717,648,658,799,697,665,603,467,0,0,1041,1208,1035,0,0,0,0,yewon,cross_leg_left,1
497,1786864906.649303,0,420,364,683,622,735,521,619,375,0,153,573,687,749,717,715,647,657,803,699,667,605,466,0,0,1065,1205,1031,0,0,0,0,yewon,cross_leg_left,1
498,1786864906.669336,0,416,361,681,621,731,508,617,376,0,151,582,687,747,713,715,647,654,803,695,669,605,466,0,0,1047,1207,1034,0,0,0,0,yewon,cross_leg_left,1
499,1786864906.689349,0,419,360,675,621,732,518,619,376,0,152,574,685,751,711,715,647,657,803,699,669,604,469,0,0,1049,1199,1032,0,0,0,0,yewon,cross_leg_left,1
500,1786864906.709291,0,418,357,679,622,732,519,619,379,0,155,575,687,747,713,716,649,655,803,699,671,611,469,0,0,1049,1207,1035,0,0,0,0,yewon,cross_leg_left,1
501,1786864906.729346,0,415,359,679,621,733,519,621,379,0,153,560,686,749,713,717,648,657,793,699,671,609,472,0,0,1048,1205,1035,0,0,0,0,yewon,cross_leg_left,1
502,1786864906.749312,0,422,359,679,623,731,518,620,381,0,151,572,687,747,713,718,649,659,807,699,670,610,471,0,0,1051,1207,1039,0,0,0,0,yewon,cross_leg_left,1
503,1786864906.769334,0,423,361,679,627,731,518,621,392,0,153,579,687,745,712,717,649,659,805,699,671,607,469,0,0,1052,1208,1039,0,0,0,0,yewon,cross_leg_left,1
504,1786864906.789331,0,427,363,679,622,731,510,621,391,0,168,583,687,750,711,721,649,657,798,699,670,605,467,0,0,1055,1206,1035,0,0,0,0,yewon,cross_leg_left,1
505,1786864906.808625,0,427,359,679,623,729,509,619,397,0,172,565,691,749,712,719,649,658,798,697,669,607,469,0,0,1052,1208,1031,0,0,0,0,yewon,cross_leg_left,1
506,1786864906.829335,0,431,361,679,627,731,505,621,396,0,179,553,690,749,713,722,649,655,799,695,667,606,467,0,0,1051,1210,1031,0,0,0,0,yewon,cross_leg_left,1
507,1786864906.849283,0,439,371,679,622,731,505,619,389,0,178,575,689,750,716,698,647,655,798,696,668,605,467,0,0,1042,1211,1039,0,0,0,0,yewon,cross_leg_left,1
508,1786864906.869293,0,443,375,680,623,730,505,621,383,0,181,571,691,751,712,723,647,659,789,695,667,605,467,0,0,1059,1208,1039,0,0,0,0,yewon,cross_leg_left,1
509,1786864906.889324,0,447,376,681,635,729,499,621,373,0,181,573,687,755,718,727,652,655,797,695,667,603,465,0,0,1049,1209,1045,0,0,0,0,yewon,cross_leg_left,1
510,1786864906.909283,0,457,381,683,635,729,499,619,371,0,187,587,694,755,723,740,651,655,810,694,665,603,467,0,0,1062,1211,1041,0,0,0,0,yewon,cross_leg_left,1
511,1786864906.929299,0,466,383,685,639,730,489,619,361,0,201,583,696,757,716,731,653,657,794,694,664,601,461,0,0,1068,1213,1042,0,0,0,0,yewon,cross_leg_left,1
512,1786864906.949325,0,472,391,687,631,728,477,616,344,0,211,582,700,759,718,735,653,657,785,690,663,599,460,0,0,1067,1212,1043,0,0,0,0,yewon,cross_leg_left,1
513,1786864906.969320,0,478,395,691,636,729,469,616,348,0,231,597,701,761,723,739,653,655,797,691,662,600,457,0,0,1067,1211,1045,0,0,0,0,yewon,cross_leg_left,1
514,1786864906.989278,0,486,399,693,649,727,469,613,343,0,245,587,701,760,727,743,655,654,791,686,663,597,457,0,0,1084,1211,1046,0,0,0,0,yewon,cross_leg_left,1
515,1786864907.009285,0,489,405,695,633,727,459,611,334,0,255,583,703,762,728,739,659,653,789,685,661,595,454,0,0,1075,1215,1036,0,0,0,0,yewon,cross_leg_left,1
516,1786864907.029311,0,492,411,697,648,727,447,611,329,0,282,589,701,763,723,743,655,652,791,682,659,595,452,0,0,1069,1213,1044,0,0,0,0,yewon,cross_leg_left,1
517,1786864907.049288,0,498,407,699,647,724,439,613,329,0,299,589,711,764,722,743,654,651,792,679,659,589,445,0,0,1077,1214,1043,0,0,0,0,yewon,cross_leg_left,1
518,1786864907.069271,0,501,411,701,649,724,431,612,312,0,304,596,710,765,725,745,659,651,783,675,659,587,441,0,0,1071,1214,1043,0,0,0,0,yewon,cross_leg_left,1
519,1786864907.089367,0,507,413,703,651,723,425,611,311,0,313,589,709,767,729,747,659,649,780,671,658,587,439,0,0,1077,1213,1043,0,0,0,0,yewon,cross_leg_left,1
520,1786864907.109298,0,510,425,711,653,723,428,605,310,0,325,593,712,772,731,755,655,648,777,669,655,585,436,0,0,1080,1215,1045,0,0,0,0,yewon,cross_leg_left,1
521,1786864907.129326,0,521,426,714,654,723,426,605,309,0,329,599,711,773,729,749,653,647,774,667,654,584,437,0,0,1079,1215,1043,0,0,0,0,yewon,cross_leg_left,1
522,1786864907.149336,0,531,432,717,659,719,431,611,313,0,339,595,713,775,727,755,655,647,767,667,655,584,435,0,0,1079,1215,1045,0,0,0,0,yewon,cross_leg_left,1
523,1786864907.169348,0,536,439,722,665,728,435,602,309,0,341,597,713,777,731,741,655,647,785,667,652,583,437,0,0,1077,1215,1047,0,0,0,0,yewon,cross_leg_left,1
524,1786864907.189361,0,541,441,726,667,730,439,606,301,0,343,601,715,777,727,759,655,647,765,667,653,587,435,0,0,1077,1215,1043,0,0,0,0,yewon,cross_leg_left,1
525,1786864907.209311,0,548,445,729,671,731,445,603,311,0,357,603,715,779,731,777,657,647,767,667,652,581,429,0,0,1077,1214,1044,0,0,0,0,yewon,cross_leg_left,1
526,1786864907.229351,25,555,447,733,671,721,452,605,303,0,355,601,714,779,731,757,661,647,763,667,653,583,430,0,0,1077,1213,1043,0,0,0,0,yewon,cross_leg_left,1
527,1786864907.249360,29,571,455,733,677,731,445,595,302,0,357,601,717,779,731,761,660,647,775,665,651,583,438,0,0,1081,1213,1043,0,0,0,0,yewon,cross_leg_left,1
528,1786864907.269288,35,573,459,739,680,733,447,603,301,0,361,599,717,779,731,755,653,645,773,665,651,581,422,0,0,1083,1213,1041,0,0,0,0,yewon,cross_leg_left,1
529,1786864907.289346,43,579,457,739,695,735,444,603,299,0,366,601,717,781,731,755,653,643,767,663,651,581,429,0,0,1083,1212,1041,0,0,0,0,yewon,cross_leg_left,1
530,1786864907.308619,44,579,459,740,681,731,444,602,303,0,371,605,717,779,734,751,655,637,761,663,649,575,427,0,0,1078,1211,1041,0,0,0,0,yewon,cross_leg_left,1
531,1786864907.329329,44,581,459,741,682,733,440,599,296,0,372,603,717,781,733,751,653,635,764,661,649,575,427,0,0,1077,1210,1041,0,0,0,0,yewon,cross_leg_left,1
532,1786864907.349319,43,575,461,741,684,731,439,611,285,0,375,600,717,779,739,751,647,633,761,660,649,575,425,0,0,1083,1210,1039,0,0,0,0,yewon,cross_leg_left,1
533,1786864907.369342,31,563,461,741,680,729,429,595,282,0,367,600,717,779,732,751,651,635,759,659,651,573,423,0,0,1069,1211,1041,0,0,0,0,yewon,cross_leg_left,1
534,1786864907.389334,30,559,459,744,683,729,437,593,277,0,366,600,717,779,733,747,649,632,760,659,649,574,438,0,0,1069,1208,1039,0,0,0,0,yewon,cross_leg_left,1
535,1786864907.409287,27,558,461,745,683,733,436,594,279,0,367,607,717,779,733,751,653,633,759,659,649,581,427,0,0,1071,1209,1039,0,0,0,0,yewon,cross_leg_left,1
536,1786864907.429319,22,559,463,746,685,733,439,595,283,0,365,601,716,779,731,751,649,633,751,661,649,575,427,0,0,1069,1209,1039,0,0,0,0,yewon,cross_leg_left,1
537,1786864907.449288,0,563,463,747,684,733,429,597,277,0,363,610,717,779,733,757,649,631,751,661,651,575,425,0,0,1075,1209,1039,0,0,0,0,yewon,cross_leg_left,1
538,1786864907.469298,0,563,468,748,687,735,445,599,279,0,363,604,717,779,734,748,652,631,757,661,651,575,427,0,0,1067,1209,1041,0,0,0,0,yewon,cross_leg_left,1
539,1786864907.489355,0,575,466,749,692,739,441,597,280,0,365,600,721,781,733,751,653,633,757,661,651,581,428,0,0,1069,1209,1036,0,0,0,0,yewon,cross_leg_left,1
540,1786864907.509279,0,583,473,755,697,739,441,595,283,0,371,603,719,781,739,756,650,631,760,663,650,581,423,0,0,1066,1209,1039,0,0,0,0,yewon,cross_leg_left,1
541,1786864907.529295,23,589,474,759,711,743,453,599,285,0,373,601,717,781,738,754,652,632,765,661,651,579,429,0,0,1067,1209,1035,0,0,0,0,yewon,cross_leg_left,1
542,1786864907.549363,29,597,476,761,715,743,453,599,287,0,365,606,716,782,735,755,639,631,762,661,651,579,425,0,0,1070,1209,1039,0,0,0,0,yewon,cross_leg_left,1
543,1786864907.569302,39,599,479,767,723,744,455,596,292,0,362,601,723,785,735,754,651,631,757,659,652,575,425,0,0,1063,1209,1035,0,0,0,0,yewon,cross_leg_left,1
544,1786864907.589314,53,603,483,773,724,747,456,601,292,0,371,604,724,787,741,755,651,629,751,659,650,575,426,0,0,1067,1209,1035,0,0,0,0,yewon,cross_leg_left,1
545,1786864907.609321,57,605,487,775,728,743,457,604,292,0,375,607,724,787,741,757,651,627,757,653,649,573,423,0,0,1071,1208,1035,0,0,0,0,yewon,cross_leg_left,1
546,1786864907.629345,61,611,487,785,727,744,458,604,291,0,377,606,725,780,743,758,650,635,759,653,649,563,423,0,0,1067,1203,1034,0,0,0,0,yewon,cross_leg_left,1
547,1786864907.649286,69,611,487,781,728,746,444,605,285,0,395,605,725,788,741,755,650,628,758,651,647,567,423,0,0,1064,1205,1023,0,0,0,0,yewon,cross_leg_left,1
548,1786864907.669306,73,611,489,783,730,745,455,604,281,0,389,603,725,787,728,755,651,627,749,651,647,569,415,0,0,1069,1207,1041,0,0,0,0,yewon,cross_leg_left,1
549,1786864907.689352,75,613,491,782,729,745,453,599,279,0,389,613,725,787,743,756,651,623,761,651,646,567,419,0,0,1069,1209,1034,0,0,0,0,yewon,cross_leg_left,1
550,1786864907.709302,75,611,489,781,731,741,453,588,269,0,391,617,725,789,747,752,639,621,747,649,645,564,413,0,0,1068,1209,1032,0,0,0,0,yewon,cross_leg_left,1
551,1786864907.729348,77,613,493,785,725,743,452,594,261,0,389,615,729,787,741,755,639,623,749,649,638,563,415,0,0,1083,1208,1039,0,0,0,0,yewon,cross_leg_left,1
552,1786864907.749319,77,614,491,783,737,741,447,591,251,0,389,606,724,787,741,745,643,623,745,649,639,563,412,0,0,1055,1203,1033,0,0,0,0,yewon,cross_leg_left,1
553,1786864907.769322,78,613,491,786,730,751,447,595,247,0,382,619,727,787,741,750,646,621,747,647,639,565,413,0,0,1071,1204,1032,0,0,0,0,yewon,cross_leg_left,1
554,1786864907.789309,78,613,489,787,731,743,445,591,245,0,381,606,723,789,743,749,637,622,747,647,637,563,413,0,0,1078,1203,1033,0,0,0,0,yewon,cross_leg_left,1
555,1786864907.809308,78,615,490,788,743,743,453,589,244,0,409,610,725,787,739,748,653,620,749,648,639,564,413,0,0,1065,1206,1033,0,0,0,0,yewon,cross_leg_left,1
556,1786864907.829323,81,615,485,787,741,741,453,589,245,0,392,610,725,787,741,749,639,621,747,647,639,563,413,0,0,1067,1207,1033,0,0,0,0,yewon,cross_leg_left,1
557,1786864907.849498,81,615,490,789,741,744,455,581,245,0,391,611,726,788,740,751,639,621,749,648,644,565,409,0,0,1067,1209,1035,0,0,0,0,yewon,cross_leg_left,1
558,1786864907.869376,83,615,492,791,743,745,453,587,244,0,391,607,727,789,760,750,637,621,749,649,645,565,414,0,0,1061,1205,1035,0,0,0,0,yewon,cross_leg_left,1
559,1786864907.889343,83,615,492,789,743,744,454,593,247,0,394,607,717,787,742,751,638,627,751,646,640,566,414,0,0,1065,1207,1033,0,0,0,0,yewon,cross_leg_left,1
560,1786864907.909262,83,616,487,791,742,745,456,597,248,0,395,610,723,789,743,751,638,621,751,649,645,565,421,0,0,1063,1207,1034,0,0,0,0,yewon,cross_leg_left,1
561,1786864907.929314,83,616,493,789,742,747,458,594,251,0,395,607,725,789,741,743,639,621,742,650,645,565,411,0,0,1063,1207,1033,0,0,0,0,yewon,cross_leg_left,1
562,1786864907.949309,79,613,492,788,742,745,459,594,251,0,395,607,725,787,739,749,637,621,751,649,645,565,415,0,0,1091,1205,1034,0,0,0,0,yewon,cross_leg_left,1
563,1786864907.969322,77,613,489,789,727,745,457,596,251,0,393,606,725,787,739,754,629,623,749,649,645,559,413,0,0,1049,1208,1031,0,0,0,0,yewon,cross_leg_left,1
564,1786864907.988661,75,610,488,787,745,745,457,595,250,0,393,605,724,787,739,750,635,622,755,649,645,568,413,0,0,1067,1209,1032,0,0,0,0,yewon,cross_leg_left,1
565,1786864908.009372,71,611,489,783,735,745,457,597,251,0,395,605,731,787,733,747,644,621,755,649,646,565,415,0,0,1055,1206,1031,0,0,0,0,yewon,cross_leg_left,1
566,1786864908.029344,69,605,489,783,733,743,447,596,249,0,405,607,719,781,741,744,633,621,751,649,647,567,423,0,0,1055,1205,1023,0,0,0,0,yewon,cross_leg_left,1
567,1786864908.049273,68,605,489,783,735,745,459,593,253,0,391,605,723,781,735,745,635,621,749,649,646,567,419,0,0,1055,1203,1045,0,0,0,0,yewon,cross_leg_left,1
568,1786864908.069322,61,605,487,783,733,747,459,595,254,0,393,604,714,779,733,745,635,623,757,651,645,567,415,0,0,1054,1207,1031,0,0,0,0,yewon,cross_leg_left,1
569,1786864908.089346,61,606,490,782,733,757,459,595,264,0,390,605,716,783,737,745,637,623,757,655,649,569,413,0,0,1055,1205,1031,0,0,0,0,yewon,cross_leg_left,1
570,1786864908.109323,61,603,487,779,734,747,470,597,268,0,389,605,719,781,734,747,637,623,761,659,648,570,416,0,0,1055,1239,1031,0,0,0,0,yewon,cross_leg_left,1
571,1786864908.129336,57,603,489,779,735,757,473,603,276,0,381,605,713,781,735,745,637,629,759,661,649,575,421,0,0,1056,1213,1024,0,0,0,0,yewon,cross_leg_left,1
572,1786864908.149412,52,600,489,781,733,749,479,599,281,0,379,605,717,780,733,746,639,623,761,661,651,573,423,0,0,1055,1203,1021,0,0,0,0,yewon,cross_leg_left,1
573,1786864908.169369,43,596,487,781,733,749,475,601,285,0,379,603,719,756,734,745,639,627,763,665,651,579,425,0,0,1063,1203,1030,0,0,0,0,yewon,cross_leg_left,1
574,1786864908.189219,31,596,482,778,732,749,498,599,293,0,381,601,717,781,733,744,636,629,765,664,652,575,425,0,0,1049,1203,1032,0,0,0,0,yewon,cross_leg_left,1
575,1786864908.209359,23,575,483,777,731,751,489,601,298,0,365,601,717,779,733,745,637,622,767,667,651,583,425,0,0,1053,1205,1031,0,0,0,0,yewon,cross_leg_left,1
576,1786864908.229282,0,571,482,775,730,751,491,604,300,0,357,601,714,775,732,742,638,630,751,667,653,581,426,0,0,1055,1203,1033,0,0,0,0,yewon,cross_leg_left,1
577,1786864908.249263,0,569,483,767,729,749,493,598,301,0,350,599,716,776,731,742,639,629,765,668,652,576,437,0,0,1050,1203,1031,0,0,0,0,yewon,cross_leg_left,1
578,1786864908.269354,0,567,479,766,728,761,494,600,303,0,346,599,715,779,733,743,639,629,767,667,653,583,425,0,0,1049,1203,1023,0,0,0,0,yewon,cross_leg_left,1
579,1786864908.289317,0,564,477,766,727,751,499,603,307,0,343,599,717,773,731,741,637,629,765,667,653,583,419,0,0,1049,1203,1029,0,0,0,0,yewon,cross_leg_left,1
580,1786864908.309283,0,567,479,766,727,755,500,609,309,0,343,597,717,777,734,742,639,629,773,672,653,581,429,0,0,1045,1203,1031,0,0,0,0,yewon,cross_leg_left,1
581,1786864908.328673,0,565,481,765,728,751,503,605,301,0,335,597,716,776,729,742,645,629,767,667,654,583,428,0,0,1049,1197,1022,0,0,0,0,yewon,cross_leg_left,1
582,1786864908.349312,0,567,477,765,727,754,507,607,309,0,333,599,713,777,731,733,647,631,775,670,653,583,427,0,0,1048,1199,1029,0,0,0,0,yewon,cross_leg_left,1
583,1786864908.369328,0,567,477,767,727,755,506,611,311,0,339,599,712,777,732,742,639,631,777,670,653,587,427,0,0,1049,1199,1023,0,0,0,0,yewon,cross_leg_left,1
584,1786864908.389343,0,569,483,765,724,751,506,611,312,0,335,591,714,775,729,745,637,636,779,671,654,585,429,0,0,1046,1199,1020,0,0,0,0,yewon,cross_leg_left,1
585,1786864908.409296,0,566,478,765,726,751,499,611,311,0,335,597,717,776,742,743,648,630,779,675,654,589,425,0,0,1052,1203,1023,0,0,0,0,yewon,cross_leg_left,1
586,1786864908.429284,0,565,473,763,725,754,503,611,311,0,339,597,712,776,730,743,639,629,779,677,657,587,430,0,0,1048,1208,1029,0,0,0,0,yewon,cross_leg_left,1
587,1786864908.449263,0,565,478,763,727,755,507,611,312,0,340,597,713,777,745,739,648,631,789,676,655,585,435,0,0,1052,1205,1031,0,0,0,0,yewon,cross_leg_left,1
588,1786864908.469349,0,569,481,765,727,745,518,615,315,0,339,597,716,779,731,745,645,631,786,679,657,583,431,0,0,1049,1199,1023,0,0,0,0,yewon,cross_leg_left,1
589,1786864908.489310,0,569,483,767,729,757,521,614,317,0,343,599,719,778,733,745,648,634,787,679,662,589,435,0,0,1049,1206,1031,0,0,0,0,yewon,cross_leg_left,1
590,1786864908.509299,0,575,477,773,731,772,527,615,325,0,346,600,715,779,732,743,650,637,793,682,661,589,434,0,0,1053,1205,1031,0,0,0,0,yewon,cross_leg_left,1
591,1786864908.529350,0,571,477,766,731,758,533,615,328,0,349,599,715,777,733,748,647,634,791,681,660,589,435,0,0,1053,1203,1031,0,0,0,0,yewon,cross_leg_left,1
592,1786864908.549274,0,580,479,772,729,755,532,615,327,0,346,597,714,777,731,747,653,632,791,681,660,586,429,0,0,1049,1208,1031,0,0,0,0,yewon,cross_leg_left,1
593,1786864908.569311,0,565,479,765,726,751,525,615,327,0,345,597,719,779,725,742,638,634,791,682,659,591,421,0,0,1047,1204,1030,0,0,0,0,yewon,cross_leg_left,1
594,1786864908.589155,0,569,475,762,715,751,521,613,325,0,344,597,716,777,727,743,639,634,789,679,659,601,435,0,0,1049,1205,1023,0,0,0,0,yewon,cross_leg_left,1
595,1786864908.609289,0,563,482,758,713,751,517,613,327,0,333,597,715,775,730,741,639,633,787,679,659,587,435,0,0,1051,1205,1031,0,0,0,0,yewon,cross_leg_left,1
596,1786864908.629316,0,559,473,755,711,749,518,613,319,0,319,595,716,774,729,739,637,635,787,680,658,587,437,0,0,1049,1199,1029,0,0,0,0,yewon,cross_leg_left,1
597,1786864908.649284,0,555,475,751,711,749,518,613,319,0,312,595,713,747,729,740,639,632,786,677,659,588,436,0,0,1049,1199,1022,0,0,0,0,yewon,cross_leg_left,1
598,1786864908.669287,0,553,471,757,711,751,517,615,319,0,297,595,713,767,729,742,637,634,787,681,659,588,436,0,0,1051,1205,1022,0,0,0,0,yewon,cross_leg_left,1
599,1786864908.688301,0,558,473,761,715,755,521,615,327,0,310,595,715,773,729,743,645,637,788,681,661,590,437,0,0,1050,1209,1023,0,0,0,0,yewon,cross_leg_left,1
600,1786864908.709361,0,563,475,763,721,757,527,615,328,0,313,597,717,776,730,745,637,635,789,684,661,590,437,0,0,1039,1199,1031,0,0,0,0,yewon,cross_leg_left,1
601,1786864908.729421,0,565,476,763,727,757,527,615,329,0,329,597,716,785,731,746,647,637,788,682,660,589,437,0,0,1051,1199,1033,0,0,0,0,yewon,cross_leg_left,1
602,1786864908.749295,0,573,477,765,728,757,529,615,328,0,339,598,716,792,731,749,647,633,789,684,660,593,435,0,0,1052,1203,1032,0,0,0,0,yewon,cross_leg_left,1
603,1786864908.769347,0,584,477,766,731,757,525,615,325,0,347,599,716,775,733,749,648,636,789,683,661,591,437,0,0,1053,1202,1032,0,0,0,0,yewon,cross_leg_left,1
604,1786864908.788449,0,587,477,763,731,757,521,613,319,0,355,597,715,787,734,751,649,637,789,683,659,589,437,0,0,1041,1204,1029,0,0,0,0,yewon,cross_leg_left,1
605,1786864908.808294,23,589,482,766,730,759,509,615,315,0,361,601,719,777,733,749,639,635,791,679,660,585,435,0,0,1050,1205,1030,0,0,0,0,yewon,cross_leg_left,1
606,1786864908.829326,26,589,481,773,729,757,504,615,313,0,375,599,717,781,733,755,647,634,787,679,658,587,431,0,0,1050,1207,1032,0,0,0,0,yewon,cross_leg_left,1
607,1786864908.849301,28,591,481,763,727,755,495,612,311,0,365,600,719,779,733,757,648,633,783,676,655,589,429,0,0,1039,1203,1032,0,0,0,0,yewon,cross_leg_left,1
608,1786864908.869342,28,591,488,773,728,751,495,612,311,0,367,601,720,780,733,751,649,631,780,675,659,587,435,0,0,1053,1205,1034,0,0,0,0,yewon,cross_leg_left,1
609,1786864908.889370,29,591,483,774,727,755,493,613,311,0,367,601,717,781,734,751,648,633,779,671,658,589,431,0,0,1055,1193,1030,0,0,0,0,yewon,cross_leg_left,1
610,1786864908.909283,30,595,479,775,727,751,493,611,309,0,370,602,717,774,735,755,660,635,779,677,657,587,430,0,0,1053,1205,1033,0,0,0,0,yewon,cross_leg_left,1
611,1786864908.929326,29,590,473,773,728,755,491,613,309,0,373,601,716,779,735,755,649,633,779,675,658,588,429,0,0,1055,1195,1033,0,0,0,0,yewon,cross_leg_left,1
612,1786864908.949252,30,591,484,777,729,754,493,611,309,0,373,601,717,782,735,758,651,632,780,678,655,585,431,0,0,1053,1205,1033,0,0,0,0,yewon,cross_leg_left,1
613,1786864908.969280,31,595,485,781,731,752,492,612,308,0,375,603,735,779,735,757,647,635,781,677,659,585,429,0,0,1055,1206,1033,0,0,0,0,yewon,cross_leg_left,1
614,1786864908.989309,37,599,483,776,730,755,494,612,307,0,375,603,740,786,739,757,650,635,781,677,657,588,431,0,0,1060,1193,1033,0,0,0,0,yewon,cross_leg_left,1
615,1786864909.009311,41,599,483,778,731,755,494,612,309,0,377,605,716,785,740,757,649,637,780,669,659,587,431,0,0,1059,1207,1031,0,0,0,0,yewon,cross_leg_left,1
616,1786864909.029323,46,603,484,779,733,755,495,613,307,0,380,605,723,785,739,759,649,633,779,677,659,585,429,0,0,1061,1224,1033,0,0,0,0,yewon,cross_leg_left,1
617,1786864909.049284,53,603,479,779,733,755,495,611,307,0,381,605,725,791,741,759,650,634,777,675,657,588,429,0,0,1063,1207,1035,0,0,0,0,yewon,cross_leg_left,1
618,1786864909.069270,55,603,487,779,733,756,494,611,303,0,391,605,721,789,741,761,649,632,777,653,655,585,429,0,0,1063,1205,1035,0,0,0,0,yewon,cross_leg_left,1
619,1786864909.089377,57,611,485,779,735,756,491,601,303,0,392,605,730,791,741,763,648,631,776,667,653,581,426,0,0,1063,1212,1039,0,0,0,0,yewon,cross_leg_left,1
620,1786864909.109357,57,612,485,782,735,755,491,607,295,0,395,611,726,790,743,761,651,633,774,666,657,584,425,0,0,1069,1211,1033,0,0,0,0,yewon,cross_leg_left,1
621,1786864909.129325,68,611,487,785,735,751,485,607,297,0,395,611,729,792,744,761,649,629,771,675,653,587,427,0,0,1067,1209,1034,0,0,0,0,yewon,cross_leg_left,1
622,1786864909.149274,71,613,488,787,731,751,473,605,295,0,397,607,728,791,747,773,647,631,773,665,653,580,425,0,0,1055,1207,1033,0,0,0,0,yewon,cross_leg_left,1
623,1786864909.169340,72,615,489,795,739,751,471,603,287,0,403,614,725,793,745,763,649,633,765,663,652,575,423,0,0,1070,1209,1032,0,0,0,0,yewon,cross_leg_left,1
624,1786864909.188314,75,617,490,786,735,750,471,602,279,0,405,613,726,791,745,765,651,632,765,663,651,574,421,0,0,1071,1197,1032,0,0,0,0,yewon,cross_leg_left,1
625,1786864909.209434,78,617,493,791,740,749,459,603,271,0,407,613,729,795,747,765,651,629,763,657,649,571,419,0,0,1075,1205,1036,0,0,0,0,yewon,cross_leg_left,1
626,1786864909.229362,83,616,491,789,739,746,459,601,268,0,412,614,729,795,749,765,650,629,763,659,647,568,419,0,0,1075,1235,1035,0,0,0,0,yewon,cross_leg_left,1
627,1786864909.249287,85,617,491,789,737,755,459,599,261,0,413,615,734,791,747,765,649,628,761,659,647,552,415,0,0,1071,1212,1034,0,0,0,0,yewon,cross_leg_left,1
628,1786864909.269293,86,617,494,792,738,747,458,601,252,0,415,615,719,795,748,780,649,633,761,659,646,568,413,0,0,1075,1207,1035,0,0,0,0,yewon,cross_leg_left,1
629,1786864909.289331,86,615,493,792,739,747,458,600,248,0,416,615,729,795,749,767,649,627,761,655,645,567,413,0,0,1075,1213,1035,0,0,0,0,yewon,cross_leg_left,1
630,1786864909.309304,87,620,493,795,739,748,457,599,249,0,419,615,733,799,749,767,649,628,760,659,647,568,413,0,0,1072,1212,1035,0,0,0,0,yewon,cross_leg_left,1
631,1786864909.329313,87,619,495,795,739,748,458,599,249,0,419,617,728,795,751,767,649,611,759,655,647,569,413,0,0,1074,1213,1035,0,0,0,0,yewon,cross_leg_left,1
632,1786864909.349307,89,621,495,794,741,748,457,600,249,0,421,615,728,793,749,767,650,619,761,655,647,559,413,0,0,1076,1212,1035,0,0,0,0,yewon,cross_leg_left,1
633,1786864909.369353,87,619,495,794,741,749,457,599,252,0,421,616,731,795,746,765,649,624,760,653,647,572,412,0,0,1075,1221,1034,0,0,0,0,yewon,cross_leg_left,1
634,1786864909.389346,89,619,495,793,741,748,459,600,255,0,421,614,731,792,748,781,649,622,760,653,647,565,411,0,0,1077,1229,1036,0,0,0,0,yewon,cross_leg_left,1
635,1786864909.409311,89,617,499,797,740,749,459,599,251,0,423,611,729,795,747,775,647,627,761,655,647,565,411,0,0,1071,1211,1039,0,0,0,0,yewon,cross_leg_left,1
636,1786864909.429297,91,627,495,798,741,749,457,601,253,0,422,617,731,795,747,767,650,621,761,665,645,568,415,0,0,1071,1213,1034,0,0,0,0,yewon,cross_leg_left,1
637,1786864909.449258,89,620,495,796,741,749,459,601,255,0,423,615,727,791,749,767,649,623,760,660,648,567,413,0,0,1076,1209,1039,0,0,0,0,yewon,cross_leg_left,1
638,1786864909.469249,89,619,497,797,741,749,459,601,261,0,424,617,729,791,749,767,649,627,761,653,647,568,415,0,0,1075,1213,1032,0,0,0,0,yewon,cross_leg_left,1
639,1786864909.489146,88,621,499,799,741,749,458,601,263,0,423,619,731,805,747,767,650,627,761,661,648,563,413,0,0,1076,1213,1036,0,0,0,0,yewon,cross_leg_left,1
640,1786864909.509306,89,621,498,797,742,749,460,601,261,0,427,617,733,793,749,767,651,627,761,653,648,572,414,0,0,1076,1211,1035,0,0,0,0,yewon,cross_leg_left,1
641,1786864909.529279,89,623,499,789,743,749,459,602,263,0,423,613,731,793,751,768,649,631,762,661,648,568,412,0,0,1077,1209,1039,0,0,0,0,yewon,cross_leg_left,1
642,1786864909.549284,89,621,499,798,742,751,460,601,264,0,425,618,731,793,749,768,649,621,763,661,648,563,415,0,0,1075,1207,1035,0,0,0,0,yewon,cross_leg_left,1
643,1786864909.569284,89,621,499,806,742,751,461,601,265,0,425,619,731,793,751,773,651,629,762,659,648,567,414,0,0,1077,1211,1039,0,0,0,0,yewon,cross_leg_left,1
644,1786864909.589302,89,623,499,797,743,751,461,602,266,0,425,617,729,799,749,772,648,629,763,659,647,569,413,0,0,1078,1211,1039,0,0,0,0,yewon,cross_leg_left,1
645,1786864909.609286,89,617,499,798,742,751,460,602,265,0,426,616,729,793,749,773,648,630,761,655,647,555,413,0,0,1075,1205,1039,0,0,0,0,yewon,cross_leg_left,1
646,1786864909.629324,89,621,499,799,741,751,461,602,267,0,426,615,727,795,749,774,647,627,763,659,648,571,414,0,0,1075,1210,1039,0,0,0,0,yewon,cross_leg_left,1
647,1786864909.649256,87,623,499,797,743,751,461,601,267,0,426,616,729,792,749,767,649,629,763,661,647,567,413,0,0,1076,1211,1036,0,0,0,0,yewon,cross_leg_left,1
648,1786864909.669299,85,621,499,796,743,751,461,601,267,0,425,614,729,797,749,767,649,631,763,660,649,569,415,0,0,1075,1209,1041,0,0,0,0,yewon,cross_leg_left,1
649,1786864909.689314,85,620,495,795,741,749,461,601,267,0,424,615,727,792,749,767,648,624,763,659,647,573,413,0,0,1075,1205,1035,0,0,0,0,yewon,cross_leg_left,1
650,1786864909.709271,85,620,498,795,741,750,459,602,267,0,427,614,729,797,747,767,649,633,763,661,648,563,415,0,0,1075,1211,1039,0,0,0,0,yewon,cross_leg_left,1
651,1786864909.729287,85,619,499,815,739,751,467,601,265,0,427,613,729,799,745,763,648,631,765,661,649,562,413,0,0,1077,1208,1033,0,0,0,0,yewon,cross_leg_left,1
652,1786864909.749258,84,620,495,796,742,751,461,601,267,0,423,617,729,792,747,766,645,629,763,662,648,573,413,0,0,1072,1207,1035,0,0,0,0,yewon,cross_leg_left,1
653,1786864909.769257,83,618,495,789,741,751,461,603,269,0,421,617,727,794,747,767,647,627,763,661,648,569,414,0,0,1076,1209,1039,0,0,0,0,yewon,cross_leg_left,1
654,1786864909.789331,83,620,498,793,741,751,462,603,273,0,423,615,713,795,748,765,648,627,765,667,649,569,419,0,0,1077,1207,1039,0,0,0,0,yewon,cross_leg_left,1
655,1786864909.809279,78,619,499,795,743,755,463,603,271,0,421,614,732,798,748,765,651,635,765,661,651,570,419,0,0,1078,1210,1035,0,0,0,0,yewon,cross_leg_left,1
656,1786864909.829265,79,619,496,795,740,751,463,604,276,0,423,615,733,787,746,765,648,629,765,665,651,571,419,0,0,1071,1208,1035,0,0,0,0,yewon,cross_leg_left,1
657,1786864909.849258,77,619,499,796,741,754,465,603,279,0,423,615,729,795,746,765,649,631,765,664,649,573,415,0,0,1071,1203,1036,0,0,0,0,yewon,cross_leg_left,1
658,1786864909.869335,76,619,498,800,742,755,467,603,279,0,421,615,730,795,747,765,649,629,765,660,651,571,415,0,0,1071,1204,1035,0,0,0,0,yewon,cross_leg_left,1
659,1786864909.889318,76,619,495,793,743,751,467,603,281,0,421,615,729,789,747,764,647,630,767,667,651,584,419,0,0,1075,1211,1041,0,0,0,0,yewon,cross_leg_left,1
660,1786864909.909253,74,618,495,793,741,755,466,604,280,0,420,615,718,795,747,763,649,633,773,661,651,573,420,0,0,1071,1209,1033,0,0,0,0,yewon,cross_leg_left,1
661,1786864909.929284,73,619,499,793,739,755,467,604,281,0,418,614,728,799,746,763,648,633,767,665,651,572,421,0,0,1069,1205,1033,0,0,0,0,yewon,cross_leg_left,1
662,1786864909.948826,75,618,495,793,742,755,467,605,283,0,420,615,729,798,745,765,647,635,767,667,651,571,419,0,0,1069,1211,1039,0,0,0,0,yewon,cross_leg_left,1
663,1786864909.969328,72,617,498,787,741,756,467,604,283,0,415,615,727,795,746,764,648,631,773,664,652,572,421,0,0,1067,1213,1039,0,0,0,0,yewon,cross_leg_left,1
664,1786864909.989279,71,619,496,794,741,755,471,605,285,0,415,616,733,793,748,766,649,632,774,669,651,572,421,0,0,1069,1211,1035,0,0,0,0,yewon,cross_leg_left,1
665,1786864910.009031,71,619,495,793,740,755,473,604,285,0,415,615,729,787,746,765,647,632,767,664,652,571,419,0,0,1064,1208,1017,0,0,0,0,yewon,cross_leg_left,1
666,1786864910.029297,71,617,495,793,743,751,473,605,287,0,415,613,729,793,745,761,647,635,773,665,652,573,421,0,0,1067,1198,1021,0,0,0,0,yewon,cross_leg_left,1
667,1786864910.049254,71,619,495,793,743,755,475,604,286,0,415,615,715,793,746,765,648,633,773,669,652,572,421,0,0,1069,1210,1018,0,0,0,0,yewon,cross_leg_left,1
668,1786864910.069290,70,618,495,793,743,755,475,605,287,0,413,615,727,793,745,765,649,631,765,665,651,573,420,0,0,1065,1193,1033,0,0,0,0,yewon,cross_leg_left,1
669,1786864910.089296,71,618,498,793,742,755,475,605,288,0,419,615,729,793,745,765,645,631,775,667,653,576,421,0,0,1065,1187,1050,0,0,0,0,yewon,cross_leg_left,1
670,1786864910.109286,71,619,495,793,741,755,473,605,288,0,415,619,728,797,745,765,649,633,773,665,653,574,422,0,0,1066,1208,1035,0,0,0,0,yewon,cross_leg_left,1
671,1786864910.129310,71,619,493,795,741,750,473,599,292,0,415,615,727,793,743,760,650,635,773,666,651,571,420,0,0,1067,1190,1039,0,0,0,0,yewon,cross_leg_left,1
672,1786864910.149313,73,621,499,793,743,751,472,604,291,0,416,613,728,795,745,763,648,634,774,665,653,573,422,0,0,1065,1207,1036,0,0,0,0,yewon,cross_leg_left,1
673,1786864910.169275,75,621,499,794,741,756,469,605,291,0,415,614,730,789,745,765,647,633,774,666,653,573,421,0,0,1065,1207,1035,0,0,0,0,yewon,cross_leg_left,1
674,1786864910.189355,73,621,501,795,742,751,469,605,288,0,421,615,725,794,745,773,649,634,775,668,651,579,420,0,0,1039,1212,1021,0,0,0,0,yewon,cross_leg_left,1
675,1786864910.209311,75,619,501,796,745,755,468,605,288,0,422,615,731,793,746,777,649,633,773,667,652,574,423,0,0,1067,1209,1036,0,0,0,0,yewon,cross_leg_left,1
676,1786864910.229293,77,621,501,795,745,754,469,605,285,0,423,615,740,795,747,764,649,635,773,665,653,572,423,0,0,1067,1212,1041,0,0,0,0,yewon,cross_leg_left,1
677,1786864910.249244,77,620,501,795,743,755,469,605,283,0,423,615,727,793,746,767,648,631,767,664,651,573,420,0,0,1067,1209,1039,0,0,0,0,yewon,cross_leg_left,1
678,1786864910.269304,78,621,501,795,742,755,467,604,279,0,423,611,731,795,747,767,648,635,765,679,650,575,421,0,0,1068,1205,1039,0,0,0,0,yewon,cross_leg_left,1
679,1786864910.289282,79,622,501,797,742,755,466,601,271,0,428,613,729,795,749,767,649,629,767,665,651,569,421,0,0,1069,1207,1039,0,0,0,0,yewon,cross_leg_left,1
680,1786864910.309291,79,621,501,797,741,755,467,603,276,0,425,615,731,795,747,765,648,633,765,665,650,571,421,0,0,1069,1209,1035,0,0,0,0,yewon,cross_leg_left,1
681,1786864910.329297,79,621,501,797,743,755,467,602,277,0,425,612,731,795,749,767,649,619,763,663,650,573,420,0,0,1071,1207,1035,0,0,0,0,yewon,cross_leg_left,1
682,1786864910.349266,79,622,501,797,744,754,468,603,279,0,427,615,729,795,747,764,648,631,765,668,650,573,421,0,0,1073,1207,1039,0,0,0,0,yewon,cross_leg_left,1
683,1786864910.369097,81,621,501,798,743,755,467,603,277,0,423,613,732,799,747,767,649,646,767,665,650,569,423,0,0,1068,1209,1039,0,0,0,0,yewon,cross_leg_left,1
684,1786864910.389369,83,623,499,799,743,755,467,603,277,0,423,615,730,797,748,773,650,635,773,665,651,573,424,0,0,1069,1207,1037,0,0,0,0,yewon,cross_leg_left,1
685,1786864910.409320,83,622,501,797,743,755,455,605,279,0,425,619,731,795,757,774,651,632,767,665,651,573,421,0,0,1067,1209,1035,0,0,0,0,yewon,cross_leg_left,1
686,1786864910.429327,82,623,501,799,743,755,469,604,281,0,423,616,731,795,747,767,651,635,775,667,650,580,423,0,0,1065,1209,1032,0,0,0,0,yewon,cross_leg_left,1
687,1786864910.449293,83,623,501,798,743,755,467,604,279,0,427,611,728,795,747,767,647,633,766,677,650,573,421,0,0,1067,1207,1036,0,0,0,0,yewon,cross_leg_left,1
688,1786864910.469294,83,622,501,799,742,755,468,605,284,0,425,613,730,795,745,767,650,635,767,666,651,581,423,0,0,1064,1207,1033,0,0,0,0,yewon,cross_leg_left,1
689,1786864910.489293,83,623,501,799,742,755,471,605,287,0,425,615,729,795,749,767,647,647,767,665,653,559,421,0,0,1067,1208,1039,0,0,0,0,yewon,cross_leg_left,1
690,1786864910.509284,84,623,501,797,742,755,471,605,285,0,416,613,727,797,747,767,647,645,767,665,650,573,422,0,0,1067,1209,1035,0,0,0,0,yewon,cross_leg_left,1
691,1786864910.529324,83,623,499,799,744,750,472,603,283,0,425,616,730,796,747,773,648,631,765,666,651,571,422,0,0,1066,1212,1041,0,0,0,0,yewon,cross_leg_left,1
692,1786864910.549240,85,622,503,799,745,755,473,605,285,0,425,613,729,795,748,766,648,632,765,663,651,573,422,0,0,1067,1210,1039,0,0,0,0,yewon,cross_leg_left,1
693,1786864910.569272,85,623,501,799,742,755,469,605,279,0,427,613,731,795,745,767,647,631,773,665,651,573,422,0,0,1067,1209,1033,0,0,0,0,yewon,cross_leg_left,1
694,1786864910.589302,83,623,501,799,743,756,466,605,280,0,428,613,729,795,750,773,647,623,765,663,651,569,423,0,0,1069,1209,1034,0,0,0,0,yewon,cross_leg_left,1
695,1786864910.609279,85,623,501,797,740,751,467,601,276,0,427,617,731,794,747,767,647,635,767,665,651,571,421,0,0,1068,1208,1033,0,0,0,0,yewon,cross_leg_left,1
696,1786864910.629289,85,623,501,797,739,751,463,603,276,0,425,615,729,796,748,767,649,633,767,663,650,573,420,0,0,1067,1209,1045,0,0,0,0,yewon,cross_leg_left,1
697,1786864910.649299,85,623,501,796,739,751,461,601,265,0,425,611,729,791,743,776,647,632,765,663,649,570,425,0,0,1067,1209,1031,0,0,0,0,yewon,cross_leg_left,1
698,1786864910.669284,87,623,501,795,742,749,459,602,267,0,423,615,731,795,747,767,645,631,766,661,649,573,420,0,0,1069,1209,1035,0,0,0,0,yewon,cross_leg_left,1
699,1786864910.689273,85,623,501,795,741,749,459,601,263,0,426,617,731,797,748,771,649,632,766,663,650,571,421,0,0,1069,1209,1039,0,0,0,0,yewon,cross_leg_left,1
700,1786864910.709256,85,623,499,794,739,749,459,600,264,0,427,617,729,796,751,772,649,634,766,662,650,569,419,0,0,1075,1209,1035,0,0,0,0,yewon,cross_leg_left,1
701,1786864910.729308,85,623,501,794,739,747,457,601,260,0,428,619,717,794,761,765,648,632,767,663,650,575,419,0,0,1072,1209,1042,0,0,0,0,yewon,cross_leg_left,1
702,1786864910.749268,86,623,499,791,739,748,461,601,263,0,427,615,730,796,749,774,651,637,765,662,650,569,421,0,0,1070,1211,1041,0,0,0,0,yewon,cross_leg_left,1
703,1786864910.769265,85,623,499,793,739,750,460,601,263,0,431,613,732,781,747,775,648,633,766,664,651,571,421,0,0,1077,1211,1041,0,0,0,0,yewon,cross_leg_left,1
704,1786864910.789317,85,623,499,792,739,750,461,601,265,0,431,616,730,790,751,771,651,633,763,663,649,572,423,0,0,1077,1211,1043,0,0,0,0,yewon,cross_leg_left,1
705,1786864910.809239,85,623,499,794,739,750,463,603,267,0,429,616,731,797,749,774,651,635,765,663,651,562,421,0,0,1075,1211,1039,0,0,0,0,yewon,cross_leg_left,1
706,1786864910.829319,86,623,500,793,739,748,459,603,269,0,427,595,733,796,749,777,645,633,767,665,651,571,420,0,0,1075,1211,1035,0,0,0,0,yewon,cross_leg_left,1
707,1786864910.849276,85,623,499,795,738,749,462,604,274,0,425,627,732,797,747,777,648,633,767,665,651,572,421,0,0,1075,1212,1055,0,0,0,0,yewon,cross_leg_left,1
708,1786864910.869278,85,623,499,793,740,749,461,605,275,0,428,616,731,786,748,777,651,635,767,665,652,573,421,0,0,1075,1211,1041,0,0,0,0,yewon,cross_leg_left,1
709,1786864910.889278,85,623,499,793,740,749,469,603,280,0,427,617,731,797,751,777,654,634,774,667,653,573,421,0,0,1075,1212,1041,0,0,0,0,yewon,cross_leg_left,1
710,1786864910.909241,87,623,499,791,739,751,469,604,281,0,453,619,731,805,747,779,652,635,773,667,651,574,421,0,0,1077,1211,1041,0,0,0,0,yewon,cross_leg_left,1
711,1786864910.929335,87,623,499,791,739,749,468,605,281,0,431,615,735,797,755,777,652,635,775,666,653,574,422,0,0,1071,1212,1007,0,0,0,0,yewon,cross_leg_left,1
712,1786864910.949238,87,623,499,789,735,747,467,605,281,0,428,617,731,795,751,777,653,635,774,665,652,572,421,0,0,1077,1212,1039,0,0,0,0,yewon,cross_leg_left,1
713,1786864910.969265,85,623,499,789,732,748,461,604,283,0,431,599,732,797,751,779,651,635,765,666,652,574,421,0,0,1076,1213,1039,0,0,0,0,yewon,cross_leg_left,1
714,1786864910.989303,87,623,495,790,725,748,459,603,282,0,428,621,732,797,756,782,665,635,773,665,653,571,420,0,0,1093,1213,1043,0,0,0,0,yewon,cross_leg_left,1
715,1786864911.009256,87,623,500,789,733,747,459,605,281,0,431,616,734,797,749,781,654,635,775,665,652,573,421,0,0,1077,1213,1034,0,0,0,0,yewon,cross_leg_left,1
716,1786864911.029322,87,621,495,789,735,748,460,603,281,0,431,617,728,798,749,778,659,633,773,664,651,573,421,0,0,1079,1213,1043,0,0,0,0,yewon,cross_leg_left,1
717,1786864911.049258,87,623,494,789,731,746,459,606,282,0,431,619,731,798,756,780,653,633,773,664,652,573,429,0,0,1077,1213,1048,0,0,0,0,yewon,cross_leg_left,1
718,1786864911.069247,87,623,499,789,733,747,457,605,281,0,434,623,733,797,749,779,655,635,773,665,652,571,419,0,0,1079,1221,1041,0,0,0,0,yewon,cross_leg_left,1
719,1786864911.089290,88,623,500,789,735,747,457,603,279,0,427,619,733,797,755,781,653,636,773,664,651,581,419,0,0,1071,1213,1047,0,0,0,0,yewon,cross_leg_left,1
720,1786864911.109299,87,623,499,789,739,747,448,603,278,0,434,615,729,799,751,783,659,635,755,663,651,571,419,0,0,1079,1214,1055,0,0,0,0,yewon,cross_leg_left,1
721,1786864911.129309,88,623,499,790,737,747,457,605,279,0,437,621,730,799,755,783,655,635,773,663,651,571,420,0,0,1076,1213,1047,0,0,0,0,yewon,cross_leg_left,1
722,1786864911.149280,89,623,495,789,734,749,457,603,279,0,428,619,731,803,755,783,650,638,767,665,653,569,419,0,0,1071,1212,1043,0,0,0,0,yewon,cross_leg_left,1
723,1786864911.169284,89,626,499,789,735,749,457,605,279,0,437,615,735,803,755,782,662,633,764,665,651,571,419,0,0,1070,1212,1043,0,0,0,0,yewon,cross_leg_left,1
724,1786864911.189351,89,624,499,791,739,745,457,605,278,0,437,617,728,799,758,787,651,635,773,664,651,571,419,0,0,1109,1213,1045,0,0,0,0,yewon,cross_leg_left,1
725,1786864911.209294,91,623,499,791,733,747,458,605,279,0,429,619,732,800,749,774,659,635,759,662,651,570,419,0,0,1082,1215,1043,0,0,0,0,yewon,cross_leg_left,1
726,1786864911.229292,91,627,500,791,738,747,459,604,280,0,431,629,731,799,755,785,671,635,767,663,651,571,418,0,0,1084,1222,1043,0,0,0,0,yewon,cross_leg_left,1
727,1786864911.249265,91,627,500,793,739,744,458,603,273,0,434,620,735,800,755,786,659,635,775,663,650,570,419,0,0,1082,1215,1039,0,0,0,0,yewon,cross_leg_left,1
728,1786864911.269284,91,627,499,793,732,745,458,605,280,0,436,619,733,799,757,787,659,635,765,662,651,573,415,0,0,1080,1215,1018,0,0,0,0,yewon,cross_leg_left,1
729,1786864911.289281,91,627,499,793,735,747,457,605,269,0,434,621,731,799,759,790,659,635,781,664,650,569,415,0,0,1080,1215,1039,0,0,0,0,yewon,cross_leg_left,1
730,1786864911.309312,91,628,495,792,735,755,455,605,291,0,430,623,735,799,756,789,653,634,781,663,651,569,419,0,0,1079,1215,1045,0,0,0,0,yewon,cross_leg_left,1
731,1786864911.329309,91,627,496,794,733,749,455,605,279,0,436,619,731,799,751,787,655,633,765,661,649,569,415,0,0,1075,1216,1041,0,0,0,0,yewon,cross_leg_left,1
732,1786864911.349242,92,627,499,793,734,745,457,613,273,0,431,620,731,799,755,787,660,633,773,663,649,569,415,0,0,1079,1215,1043,0,0,0,0,yewon,cross_leg_left,1
733,1786864911.369318,92,629,501,795,734,745,455,599,277,0,439,617,732,803,757,794,653,633,765,661,649,568,415,0,0,1081,1215,1043,0,0,0,0,yewon,cross_leg_left,1
734,1786864911.389332,93,627,500,796,738,745,454,603,275,0,437,621,733,797,756,791,655,633,765,655,647,572,413,0,0,1083,1206,1043,0,0,0,0,yewon,cross_leg_left,1
735,1786864911.409276,93,628,501,795,740,754,457,604,263,0,437,620,733,803,759,791,653,633,751,661,648,565,413,0,0,1082,1223,1044,0,0,0,0,yewon,cross_leg_left,1
736,1786864911.429290,93,629,501,797,734,745,456,603,271,0,439,627,735,803,757,795,660,634,763,659,647,566,412,0,0,1075,1215,1044,0,0,0,0,yewon,cross_leg_left,1
737,1786864911.449297,93,631,500,799,740,745,455,604,265,0,440,626,729,804,755,790,659,633,760,659,647,566,413,0,0,1084,1215,1041,0,0,0,0,yewon,cross_leg_left,1
738,1786864911.469309,93,627,501,799,734,743,455,601,267,0,438,629,735,805,755,791,657,633,765,659,647,565,411,0,0,1083,1221,1043,0,0,0,0,yewon,cross_leg_left,1
739,1786864911.489269,94,629,501,797,738,744,453,603,265,0,439,616,733,804,760,791,659,633,767,657,647,565,409,0,0,1079,1215,1043,0,0,0,0,yewon,cross_leg_left,1
740,1786864911.509283,94,629,503,799,740,745,455,603,265,0,423,623,733,805,757,791,657,632,763,658,646,566,408,0,0,1079,1215,1047,0,0,0,0,yewon,cross_leg_left,1
741,1786864911.529304,95,632,499,803,741,743,457,601,264,0,439,620,739,804,755,789,653,632,762,655,647,563,409,0,0,1091,1221,1043,0,0,0,0,yewon,cross_leg_left,1
742,1786864911.549250,97,631,501,800,738,745,455,603,261,0,439,617,739,800,759,787,651,632,763,657,640,564,408,0,0,1087,1221,1045,0,0,0,0,yewon,cross_leg_left,1
743,1786864911.569272,98,631,503,799,741,743,455,591,263,0,430,624,739,807,751,793,659,633,767,655,645,563,407,0,0,1081,1216,1047,0,0,0,0,yewon,cross_leg_left,1
744,1786864911.589300,98,632,501,803,740,745,443,601,263,0,439,619,735,805,755,792,651,632,759,655,646,564,407,0,0,1087,1221,1044,0,0,0,0,yewon,cross_leg_left,1
745,1786864911.609239,98,631,501,803,739,745,456,603,261,0,441,629,733,805,757,791,653,633,759,655,645,559,407,0,0,1083,1221,1043,0,0,0,0,yewon,cross_leg_left,1
746,1786864911.628598,95,632,505,811,749,743,454,603,263,0,437,622,735,805,759,789,654,631,765,657,645,562,427,0,0,1080,1212,1035,0,0,0,0,yewon,cross_leg_left,1
747,1786864911.649286,99,633,501,805,739,744,455,601,263,0,461,623,737,805,757,793,649,632,757,655,639,563,407,0,0,1078,1221,1044,0,0,0,0,yewon,cross_leg_left,1
748,1786864911.669271,95,633,502,799,738,743,447,601,261,0,443,622,735,805,765,791,655,632,749,654,639,560,407,0,0,1083,1213,1044,0,0,0,0,yewon,cross_leg_left,1
749,1786864911.689278,97,632,503,804,743,745,455,600,262,0,439,623,733,804,755,795,654,632,760,657,639,563,405,0,0,1082,1221,1043,0,0,0,0,yewon,cross_leg_left,1
750,1786864911.709277,97,633,502,803,740,745,446,605,261,0,441,623,733,805,748,787,651,631,759,657,639,563,403,0,0,1077,1221,1041,0,0,0,0,yewon,cross_leg_left,1
751,1786864911.729292,95,633,505,804,739,745,454,600,255,0,439,621,739,805,759,789,655,630,750,653,639,563,407,0,0,1081,1223,1045,0,0,0,0,yewon,cross_leg_left,1
752,1786864911.749249,95,632,503,805,739,745,456,595,260,0,441,621,735,803,755,791,651,631,758,654,645,560,405,0,0,1085,1221,1043,0,0,0,0,yewon,cross_leg_left,1
753,1786864911.769279,95,633,503,805,741,745,453,600,260,0,425,621,733,807,757,787,664,633,757,655,639,560,407,0,0,1083,1221,1044,0,0,0,0,yewon,cross_leg_left,1
754,1786864911.789295,95,632,501,805,739,743,455,601,261,0,443,619,733,799,757,787,645,633,761,655,647,559,404,0,0,1083,1215,1045,0,0,0,0,yewon,cross_leg_left,1
755,1786864911.809222,95,633,503,805,741,747,455,603,255,0,431,613,733,807,757,783,663,631,763,655,639,560,405,0,0,1085,1221,1043,0,0,0,0,yewon,cross_leg_left,1
756,1786864911.829318,95,632,503,807,739,743,454,601,262,0,441,621,733,803,754,788,650,631,759,658,639,564,403,0,0,1080,1220,1045,0,0,0,0,yewon,cross_leg_left,1
757,1786864911.849256,95,634,503,803,741,745,455,601,255,0,441,623,739,809,755,788,651,637,759,655,639,557,405,0,0,1081,1224,1047,0,0,0,0,yewon,cross_leg_left,1
758,1786864911.869214,95,633,503,807,742,749,455,604,261,0,455,627,733,805,761,786,648,631,761,654,639,563,405,0,0,1079,1222,1045,0,0,0,0,yewon,cross_leg_left,1
759,1786864911.889384,95,636,503,807,744,745,455,602,261,0,443,615,734,803,757,785,633,633,759,654,638,565,405,0,0,1079,1215,1043,0,0,0,0,yewon,cross_leg_left,1
760,1786864911.908566,99,633,503,807,739,747,456,605,255,0,445,631,735,806,757,786,659,632,760,657,639,564,403,0,0,1087,1215,1041,0,0,0,0,yewon,cross_leg_left,1
761,1786864911.929320,95,633,502,806,739,745,457,602,261,0,441,620,733,805,759,779,649,631,761,655,639,563,405,0,0,1103,1221,1043,0,0,0,0,yewon,cross_leg_left,1
762,1786864911.949161,94,633,505,806,743,745,457,605,254,0,426,633,739,805,759,790,653,631,758,655,638,563,404,0,0,1079,1215,1043,0,0,0,0,yewon,cross_leg_left,1
763,1786864911.969353,95,635,503,807,741,747,457,599,261,0,442,621,735,805,756,781,649,632,761,653,639,561,403,0,0,1081,1214,1045,0,0,0,0,yewon,cross_leg_left,1
764,1786864911.989305,96,635,501,807,741,747,459,603,255,0,447,623,735,803,759,785,651,631,761,655,637,563,403,0,0,1077,1215,1043,0,0,0,0,yewon,cross_leg_left,1
765,1786864912.009244,95,633,505,805,744,745,455,600,261,0,443,633,735,805,757,785,653,633,761,654,638,563,404,0,0,1103,1215,1043,0,0,0,0,yewon,cross_leg_left,1
766,1786864912.029314,99,634,494,807,749,747,455,603,254,0,441,623,735,805,757,787,650,632,759,655,638,563,419,0,0,1071,1213,1041,0,0,0,0,yewon,cross_leg_left,1
767,1786864912.049243,99,634,505,807,731,747,455,601,260,0,441,620,735,803,757,772,649,632,757,657,639,563,405,0,0,1107,1223,1043,0,0,0,0,yewon,cross_leg_left,1
768,1786864912.069272,97,633,501,808,749,747,455,602,255,0,441,621,733,805,757,787,649,631,764,654,639,563,403,0,0,1083,1221,1041,0,0,0,0,yewon,cross_leg_left,1
769,1786864912.089328,100,633,503,805,742,747,445,601,263,0,432,631,732,807,759,798,651,631,763,658,637,560,405,0,0,1079,1214,1032,0,0,0,0,yewon,cross_leg_left,1
770,1786864912.109285,99,633,504,809,743,747,457,601,255,0,443,621,733,805,757,787,651,628,761,652,645,559,403,0,0,1079,1215,1045,0,0,0,0,yewon,cross_leg_left,1
771,1786864912.129270,99,633,504,809,744,747,456,599,255,0,443,621,723,803,756,781,648,633,752,659,644,563,405,0,0,1081,1213,1043,0,0,0,0,yewon,cross_leg_left,1
772,1786864912.149266,99,635,504,807,743,746,455,602,255,0,441,619,730,795,755,787,649,630,760,658,639,559,407,0,0,1080,1221,1044,0,0,0,0,yewon,cross_leg_left,1
773,1786864912.169300,99,637,505,807,743,747,456,605,261,0,440,621,734,799,756,781,649,631,761,658,639,563,405,0,0,1081,1215,1043,0,0,0,0,yewon,cross_leg_left,1
774,1786864912.189299,99,633,503,808,746,746,455,603,261,0,440,621,733,805,757,783,648,631,765,654,639,558,405,0,0,1103,1215,1043,0,0,0,0,yewon,cross_leg_left,1
775,1786864912.219776,99,632,517,809,743,748,457,602,263,0,443,619,723,803,755,786,649,631,759,659,644,564,403,0,0,1080,1223,1043,0,0,0,0,yewon,cross_leg_left,1
776,1786864912.228260,95,633,505,807,743,745,457,603,263,0,441,621,734,803,755,786,649,633,760,655,644,565,405,0,0,1081,1213,1043,0,0,0,0,yewon,cross_leg_left,1
777,1786864912.248189,95,633,503,810,750,745,457,603,263,0,441,621,733,803,755,785,651,632,759,655,645,554,406,0,0,1072,1220,1044,0,0,0,0,yewon,cross_leg_left,1
778,1786864912.269394,95,633,504,807,743,747,455,604,266,0,439,620,727,805,752,785,649,633,761,654,645,565,407,0,0,1097,1211,1043,0,0,0,0,yewon,cross_leg_left,1
779,1786864912.289048,95,634,506,809,743,745,457,603,263,0,443,621,735,805,755,780,650,632,759,657,645,564,405,0,0,1086,1214,1043,0,0,0,0,yewon,cross_leg_left,1
780,1786864912.309237,94,633,501,809,742,746,459,603,261,0,445,620,735,804,758,783,648,631,760,657,645,565,407,0,0,1071,1223,1043,0,0,0,0,yewon,cross_leg_left,1
781,1786864912.329251,94,633,499,808,744,746,456,603,264,0,441,620,727,799,756,777,649,631,760,657,645,563,407,0,0,1079,1237,1043,0,0,0,0,yewon,cross_leg_left,1
782,1786864912.349281,94,630,504,805,739,749,457,603,265,0,432,619,732,803,757,789,648,632,759,655,639,559,415,0,0,1079,1213,1043,0,0,0,0,yewon,cross_leg_left,1
783,1786864912.369320,95,633,503,809,743,747,459,603,265,0,441,620,731,803,751,787,649,628,760,659,645,565,407,0,0,1077,1213,1041,0,0,0,0,yewon,cross_leg_left,1
784,1786864912.389255,95,632,503,809,741,747,458,603,264,0,443,621,733,803,755,794,649,633,763,655,645,563,407,0,0,1083,1221,1044,0,0,0,0,yewon,cross_leg_left,1
785,1786864912.408575,93,633,505,809,739,745,457,603,263,0,441,619,740,805,755,781,650,635,761,652,639,563,405,0,0,1075,1211,1044,0,0,0,0,yewon,cross_leg_left,1
786,1786864912.429306,95,633,505,809,745,748,458,603,263,0,441,623,735,799,757,787,649,635,763,669,645,558,407,0,0,1081,1211,1043,0,0,0,0,yewon,cross_leg_left,1
787,1786864912.449228,95,633,502,808,744,748,457,605,263,0,442,621,734,803,755,787,649,631,759,655,645,563,407,0,0,1081,1221,1043,0,0,0,0,yewon,cross_leg_left,1
788,1786864912.469284,98,633,505,809,744,749,461,611,265,0,445,621,735,805,753,786,652,631,763,658,645,565,405,0,0,1083,1211,1043,0,0,0,0,yewon,cross_leg_left,1
789,1786864912.489382,95,633,507,809,743,747,457,603,263,0,442,621,734,806,755,787,651,632,763,653,645,563,408,0,0,1081,1213,1044,0,0,0,0,yewon,cross_leg_left,1
790,1786864912.509256,98,635,505,809,743,749,457,597,261,0,443,621,735,804,755,787,651,632,761,655,645,563,408,0,0,1081,1207,1045,0,0,0,0,yewon,cross_leg_left,1
791,1786864912.529246,99,634,505,812,743,747,453,601,261,0,440,621,732,804,749,785,659,633,763,655,645,559,407,0,0,1079,1235,1043,0,0,0,0,yewon,cross_leg_left,1
792,1786864912.549264,100,635,501,811,743,744,455,601,255,0,441,622,734,805,757,781,650,632,763,657,639,563,407,0,0,1077,1213,1043,0,0,0,0,yewon,cross_leg_left,1
793,1786864912.569284,99,635,508,813,743,749,456,600,253,0,442,622,732,805,755,791,651,634,762,655,645,559,406,0,0,1081,1215,1045,0,0,0,0,yewon,cross_leg_left,1
794,1786864912.589256,99,633,507,809,743,747,455,601,252,0,443,622,732,805,755,783,651,633,763,652,639,565,407,0,0,1081,1215,1045,0,0,0,0,yewon,cross_leg_left,1
795,1786864912.609296,99,635,503,811,743,745,457,601,252,0,443,623,739,807,755,787,650,632,759,655,639,564,403,0,0,1081,1211,1044,0,0,0,0,yewon,cross_leg_left,1
796,1786864912.629291,99,634,505,811,745,745,455,601,252,0,443,623,734,803,751,781,651,630,761,653,645,565,407,0,0,1082,1215,1047,0,0,0,0,yewon,cross_leg_left,1
797,1786864912.649234,99,633,506,811,743,746,455,601,251,0,453,621,731,803,748,787,651,631,761,654,639,565,405,0,0,1077,1214,1045,0,0,0,0,yewon,cross_leg_left,1
798,1786864912.669233,100,633,505,809,744,755,467,601,251,0,453,623,732,803,745,783,650,632,760,658,645,585,407,0,0,1081,1212,1045,0,0,0,0,yewon,cross_leg_left,1
799,1786864912.689354,100,637,503,811,743,745,455,599,251,0,443,623,735,807,756,785,651,631,761,655,639,565,407,0,0,1083,1222,1045,0,0,0,0,yewon,cross_leg_left,1
800,1786864912.709243,99,645,505,809,744,747,455,601,253,0,444,623,733,805,755,788,649,632,761,659,639,565,405,0,0,1081,1213,1043,0,0,0,0,yewon,cross_leg_left,1
801,1786864912.729230,99,648,503,811,743,748,455,600,252,0,444,621,740,799,757,787,651,635,761,653,645,564,407,0,0,1082,1215,1046,0,0,0,0,yewon,cross_leg_left,1
802,1786864912.749253,99,639,509,812,745,749,455,599,251,0,445,623,737,803,755,790,651,632,760,653,639,563,407,0,0,1083,1215,1045,0,0,0,0,yewon,cross_leg_left,1
803,1786864912.769272,99,634,503,812,743,746,455,601,250,0,446,621,740,804,757,787,647,633,761,657,639,565,406,0,0,1076,1220,1045,0,0,0,0,yewon,cross_leg_left,1
804,1786864912.789298,99,633,505,809,744,745,455,600,249,0,447,623,731,803,757,788,654,633,759,658,639,566,407,0,0,1081,1223,1045,0,0,0,0,yewon,cross_leg_left,1
805,1786864912.809249,99,633,507,809,743,747,455,599,251,0,445,623,735,807,758,774,650,631,759,651,639,563,409,0,0,1082,1222,1045,0,0,0,0,yewon,cross_leg_left,1
806,1786864912.829298,99,634,506,811,743,747,455,599,249,0,445,621,737,807,757,787,651,633,759,653,639,563,405,0,0,1081,1214,1045,0,0,0,0,yewon,cross_leg_left,1
807,1786864912.849244,99,648,508,813,743,746,455,601,249,0,444,623,735,805,755,787,651,630,759,655,639,563,405,0,0,1081,1213,1044,0,0,0,0,yewon,cross_leg_left,1
808,1786864912.869251,99,633,505,814,743,744,454,601,249,0,445,621,738,803,751,787,650,633,760,661,639,567,407,0,0,1081,1209,1041,0,0,0,0,yewon,cross_leg_left,1
809,1786864912.889273,99,633,505,813,743,745,455,601,248,0,453,622,733,807,752,787,650,631,759,655,645,563,405,0,0,1083,1212,1043,0,0,0,0,yewon,cross_leg_left,1
810,1786864912.909236,99,636,507,811,743,745,453,600,247,0,444,621,735,806,755,785,650,631,759,655,639,559,404,0,0,1081,1214,1046,0,0,0,0,yewon,cross_leg_left,1
811,1786864912.929308,100,631,508,811,743,749,455,601,247,0,443,623,733,805,757,788,651,631,757,655,645,562,403,0,0,1079,1223,1044,0,0,0,0,yewon,cross_leg_left,1
812,1786864912.949358,99,633,507,813,745,745,455,599,247,0,443,621,737,805,755,791,649,633,759,655,639,563,407,0,0,1082,1223,1044,0,0,0,0,yewon,cross_leg_left,1
813,1786864912.969267,99,635,505,812,743,747,455,600,247,0,443,623,731,807,757,787,649,634,759,651,637,559,405,0,0,1063,1223,1041,0,0,0,0,yewon,cross_leg_left,1
814,1786864912.989254,99,635,503,811,744,745,455,600,247,0,455,623,739,807,756,787,649,631,759,659,639,563,404,0,0,1077,1215,1045,0,0,0,0,yewon,cross_leg_left,1
815,1786864913.009254,99,639,506,813,745,745,455,600,247,0,443,623,735,807,755,787,649,629,758,655,643,566,405,0,0,1093,1223,1045,0,0,0,0,yewon,cross_leg_left,1
816,1786864913.029257,99,635,503,815,744,747,456,601,247,0,445,623,732,809,757,787,649,631,759,657,639,559,405,0,0,1081,1223,1045,0,0,0,0,yewon,cross_leg_left,1
817,1786864913.049255,101,637,501,812,745,747,455,601,247,0,445,623,741,805,755,787,650,633,758,654,638,566,405,0,0,1081,1221,1045,0,0,0,0,yewon,cross_leg_left,1
818,1786864913.069311,101,636,506,813,743,745,453,601,245,0,444,623,735,809,757,787,649,645,757,651,639,563,404,0,0,1079,1222,1045,0,0,0,0,yewon,cross_leg_left,1
819,1786864913.089316,101,637,505,813,743,746,455,600,247,0,439,630,731,806,754,787,660,631,757,655,639,565,405,0,0,1077,1221,1044,0,0,0,0,yewon,cross_leg_left,1
820,1786864913.109232,100,639,506,813,744,747,455,600,249,0,447,622,743,807,755,787,645,633,757,655,639,559,405,0,0,1087,1222,1044,0,0,0,0,yewon,cross_leg_left,1
821,1786864913.129262,100,635,507,809,743,746,455,599,248,0,443,621,734,805,755,787,649,631,757,655,645,563,405,0,0,1081,1215,1043,0,0,0,0,yewon,cross_leg_left,1
822,1786864913.149274,99,633,505,815,743,746,454,600,246,0,443,622,735,807,757,789,649,631,757,651,645,564,405,0,0,1081,1213,1045,0,0,0,0,yewon,cross_leg_left,1
823,1786864913.169293,101,645,505,811,743,747,455,600,247,0,445,621,735,807,754,788,649,633,757,653,645,552,405,0,0,1081,1215,1043,0,0,0,0,yewon,cross_leg_left,1
824,1786864913.189298,100,637,501,814,744,747,455,599,247,0,445,623,739,803,755,789,648,633,757,653,645,563,405,0,0,1081,1224,1045,0,0,0,0,yewon,cross_leg_left,1
825,1786864913.209331,101,635,520,813,744,744,455,601,247,0,445,621,735,799,757,789,649,629,757,654,645,567,397,0,0,1079,1206,1045,0,0,0,0,yewon,cross_leg_left,1
826,1786864913.229297,100,635,497,810,743,741,455,601,247,0,444,621,734,803,756,789,648,633,759,645,645,567,407,0,0,1069,1215,1045,0,0,0,0,yewon,cross_leg_left,1
827,1786864913.249231,99,633,506,807,743,746,455,600,247,0,443,621,732,813,755,789,649,630,757,655,645,567,405,0,0,1081,1215,1045,0,0,0,0,yewon,cross_leg_left,1
828,1786864913.269280,100,637,501,805,744,748,456,601,247,0,443,621,735,805,755,787,649,631,760,658,645,568,409,0,0,1081,1214,1045,0,0,0,0,yewon,cross_leg_left,1
829,1786864913.289290,99,635,507,811,744,746,455,600,249,0,443,621,722,804,755,789,649,631,758,651,645,569,408,0,0,1080,1213,1047,0,0,0,0,yewon,cross_leg_left,1
830,1786864913.309252,100,632,505,814,745,749,457,601,247,0,444,621,735,805,751,787,651,633,757,645,647,568,408,0,0,1079,1212,1044,0,0,0,0,yewon,cross_leg_left,1
831,1786864913.329275,98,637,503,812,744,745,457,601,249,0,444,621,734,799,751,789,650,629,759,655,647,566,409,0,0,1082,1199,1043,0,0,0,0,yewon,cross_leg_left,1
832,1786864913.349228,95,633,505,813,743,745,457,601,249,0,444,621,734,805,751,787,649,629,758,654,646,566,409,0,0,1079,1194,1045,0,0,0,0,yewon,cross_leg_left,1
833,1786864913.369303,99,634,506,811,744,747,457,601,250,0,445,621,734,804,755,789,649,629,758,651,647,565,409,0,0,1079,1212,1043,0,0,0,0,yewon,cross_leg_left,1
834,1786864913.389260,99,637,505,813,744,746,455,601,250,0,444,621,733,799,751,789,650,633,759,655,647,582,409,0,0,1080,1213,1043,0,0,0,0,yewon,cross_leg_left,1
835,1786864913.409251,97,633,505,812,744,747,457,601,249,0,443,622,735,805,752,788,649,630,759,653,645,569,409,0,0,1079,1203,1045,0,0,0,0,yewon,cross_leg_left,1
836,1786864913.428618,99,633,505,815,743,742,456,600,250,0,444,621,735,797,755,789,650,632,759,649,647,568,409,0,0,1081,1213,1045,0,0,0,0,yewon,cross_leg_left,1
837,1786864913.449240,98,637,505,813,743,747,457,601,249,0,444,621,735,803,754,788,649,630,759,653,647,569,411,0,0,1084,1229,1043,0,0,0,0,yewon,cross_leg_left,1
838,1786864913.469275,95,635,505,811,743,747,457,601,249,0,443,621,733,799,751,787,651,633,757,659,647,570,410,0,0,1083,1210,1045,0,0,0,0,yewon,cross_leg_left,1
839,1786864913.489290,99,633,504,813,745,747,457,602,251,0,443,621,735,805,755,789,649,629,759,659,647,567,411,0,0,1081,1223,1044,0,0,0,0,yewon,cross_leg_left,1
840,1786864913.509265,95,633,505,814,744,742,457,601,250,0,443,621,733,803,755,787,649,631,759,658,646,567,409,0,0,1082,1222,1045,0,0,0,0,yewon,cross_leg_left,1
841,1786864913.529305,95,635,505,814,745,743,455,601,251,0,443,620,734,798,755,789,650,633,757,676,646,567,411,0,0,1080,1211,1043,0,0,0,0,yewon,cross_leg_left,1
842,1786864913.549228,95,631,505,815,743,749,456,601,251,0,442,620,735,805,755,787,649,633,759,653,647,567,411,0,0,1076,1229,1045,0,0,0,0,yewon,cross_leg_left,1
843,1786864913.569285,93,637,505,815,744,746,457,603,249,0,443,621,734,803,751,787,651,633,758,655,647,568,411,0,0,1093,1214,1043,0,0,0,0,yewon,cross_leg_left,1
844,1786864913.589293,95,630,505,813,744,747,457,602,251,0,442,620,732,807,751,787,650,632,759,655,647,557,411,0,0,1080,1209,1043,0,0,0,0,yewon,cross_leg_left,1
845,1786864913.609261,95,639,505,813,744,748,457,603,251,0,443,620,739,805,755,787,649,624,759,659,647,572,409,0,0,1081,1221,1044,0,0,0,0,yewon,cross_leg_left,1
846,1786864913.629277,95,632,505,813,744,748,455,601,251,0,443,621,733,807,751,787,649,632,759,655,648,566,411,0,0,1079,1225,1043,0,0,0,0,yewon,cross_leg_left,1
847,1786864913.649233,94,631,506,814,744,751,457,602,253,0,443,619,737,799,751,783,649,633,759,653,647,569,411,0,0,1081,1213,1039,0,0,0,0,yewon,cross_leg_left,1
848,1786864913.669249,95,635,504,813,745,747,457,603,251,0,443,621,733,805,755,787,651,633,759,671,647,569,412,0,0,1079,1200,1043,0,0,0,0,yewon,cross_leg_left,1
849,1786864913.689259,95,635,506,812,743,747,459,601,253,0,443,621,733,803,751,785,651,623,758,653,647,569,411,0,0,1079,1213,1044,0,0,0,0,yewon,cross_leg_left,1
850,1786864913.709261,95,635,505,819,745,747,458,602,253,0,445,619,735,813,755,787,649,631,758,656,648,565,411,0,0,1079,1213,1043,0,0,0,0,yewon,cross_leg_left,1
851,1786864913.729267,97,632,505,813,744,747,457,603,251,0,443,621,731,807,749,787,651,629,759,653,647,568,410,0,0,1079,1213,1045,0,0,0,0,yewon,cross_leg_left,1
852,1786864913.749218,94,635,505,815,745,747,457,601,253,0,443,621,735,805,752,787,649,632,759,653,647,567,413,0,0,1077,1213,1043,0,0,0,0,yewon,cross_leg_left,1
853,1786864913.769280,99,635,506,813,743,748,457,602,251,0,441,615,739,795,749,791,647,628,761,659,648,570,413,0,0,1075,1215,1041,0,0,0,0,yewon,cross_leg_left,1
854,1786864913.789269,97,635,505,811,743,747,457,601,253,0,443,621,739,799,751,788,649,631,759,651,648,567,411,0,0,1079,1213,1043,0,0,0,0,yewon,cross_leg_left,1
855,1786864913.809236,95,647,505,811,743,748,456,603,253,0,443,621,733,799,757,787,651,627,759,652,647,569,413,0,0,1080,1221,1045,0,0,0,0,yewon,cross_leg_left,1
856,1786864913.829256,99,633,507,813,744,747,457,602,253,0,443,620,738,805,751,789,651,635,759,659,648,571,415,0,0,1080,1213,1041,0,0,0,0,yewon,cross_leg_left,1
857,1786864913.849239,97,635,507,804,744,747,458,602,253,0,443,623,733,797,753,787,647,630,759,655,647,567,412,0,0,1079,1221,1043,0,0,0,0,yewon,cross_leg_left,1
858,1786864913.869233,99,635,505,814,744,749,457,603,253,0,444,621,735,809,755,787,651,633,759,649,647,570,413,0,0,1081,1209,1045,0,0,0,0,yewon,cross_leg_left,1
859,1786864913.889269,99,632,505,811,743,750,456,603,253,0,445,621,735,806,754,787,651,632,759,659,647,569,413,0,0,1080,1215,1045,0,0,0,0,yewon,cross_leg_left,1
860,1786864913.909252,99,634,506,811,744,747,456,603,253,0,445,617,739,795,752,787,651,634,760,659,647,565,413,0,0,1081,1211,1043,0,0,0,0,yewon,cross_leg_left,1
861,1786864913.929237,99,635,504,821,747,747,457,603,251,0,445,622,733,805,756,787,649,629,760,655,648,567,415,0,0,1079,1213,1044,0,0,0,0,yewon,cross_leg_left,1
862,1786864913.949320,99,635,506,815,743,747,455,602,252,0,445,621,733,788,757,787,653,631,759,654,647,571,410,0,0,1081,1211,1043,0,0,0,0,yewon,cross_leg_left,1
863,1786864913.969313,99,635,505,809,743,747,457,603,253,0,445,623,735,795,749,788,651,632,760,655,647,573,413,0,0,1080,1213,1045,0,0,0,0,yewon,cross_leg_left,1
864,1786864913.989289,99,635,506,815,743,747,455,601,253,0,453,623,735,808,754,788,649,646,759,659,649,571,413,0,0,1081,1213,1047,0,0,0,0,yewon,cross_leg_left,1
865,1786864914.009223,99,636,507,812,743,747,456,602,252,0,446,621,733,804,755,787,651,635,759,651,647,569,413,0,0,1083,1223,1044,0,0,0,0,yewon,cross_leg_left,1
866,1786864914.029289,99,635,505,811,743,745,456,602,253,0,445,619,735,797,751,789,651,632,755,652,647,567,413,0,0,1081,1213,1048,0,0,0,0,yewon,cross_leg_left,1
867,1786864914.049258,98,635,503,813,739,748,455,600,251,0,447,619,733,806,755,796,651,631,761,653,647,569,423,0,0,1075,1215,1021,0,0,0,0,yewon,cross_leg_left,1
868,1786864914.069348,99,637,507,812,744,747,455,601,251,0,445,623,734,803,755,790,649,633,759,639,645,564,413,0,0,1086,1211,1041,0,0,0,0,yewon,cross_leg_left,1
869,1786864914.089310,99,637,507,813,745,747,453,601,250,0,447,622,735,805,756,789,649,633,759,657,647,564,412,0,0,1081,1224,1044,0,0,0,0,yewon,cross_leg_left,1
870,1786864914.109281,99,636,505,809,743,747,455,600,249,0,445,621,735,819,756,789,651,634,757,651,647,564,412,0,0,1083,1215,1043,0,0,0,0,yewon,cross_leg_left,1
871,1786864914.129278,99,637,505,811,744,746,454,601,248,0,447,622,738,805,757,790,651,653,757,654,647,568,412,0,0,1081,1221,1049,0,0,0,0,yewon,cross_leg_left,1
872,1786864914.149270,101,638,503,811,743,746,455,595,248,0,456,623,739,800,756,791,659,632,756,653,645,567,407,0,0,1082,1215,1047,0,0,0,0,yewon,cross_leg_left,1
873,1786864914.169308,99,637,507,811,743,744,454,601,248,0,445,621,737,803,755,789,651,622,757,653,647,565,410,0,0,1083,1215,1047,0,0,0,0,yewon,cross_leg_left,1
874,1786864914.189297,100,637,507,811,744,745,455,601,249,0,447,621,734,805,757,789,651,629,757,653,647,567,411,0,0,1085,1195,1045,0,0,0,0,yewon,cross_leg_left,1
875,1786864914.209256,101,637,507,809,743,745,453,601,248,0,446,623,737,813,757,789,650,623,758,652,648,567,412,0,0,1083,1214,1049,0,0,0,0,yewon,cross_leg_left,1
876,1786864914.229280,99,637,505,805,744,745,455,601,249,0,446,621,737,805,757,789,651,634,760,661,647,569,411,0,0,1081,1224,1045,0,0,0,0,yewon,cross_leg_left,1
877,1786864914.249217,99,636,507,811,743,745,455,601,247,0,453,623,733,805,757,790,651,627,759,653,647,568,410,0,0,1081,1237,1044,0,0,0,0,yewon,cross_leg_left,1
878,1786864914.269256,101,636,504,811,743,745,456,601,249,0,447,623,739,804,757,791,650,629,759,655,647,567,411,0,0,1081,1234,1044,0,0,0,0,yewon,cross_leg_left,1
879,1786864914.289299,100,637,505,811,746,745,455,601,250,0,453,622,739,806,755,789,651,633,759,656,647,565,413,0,0,1085,1225,1044,0,0,0,0,yewon,cross_leg_left,1
880,1786864914.309265,100,637,505,811,741,747,455,603,247,0,447,621,735,804,756,790,651,633,761,653,648,569,411,0,0,1084,1215,1043,0,0,0,0,yewon,cross_leg_left,1
881,1786864914.329254,101,637,506,811,745,747,456,601,249,0,451,621,739,790,757,789,649,632,760,660,647,569,415,0,0,1086,1224,1045,0,0,0,0,yewon,cross_leg_left,1
882,1786864914.349198,99,636,506,811,744,747,457,601,251,0,447,621,733,807,755,789,651,635,759,653,647,572,411,0,0,1081,1215,1043,0,0,0,0,yewon,cross_leg_left,1
883,1786864914.369282,100,636,507,811,744,747,455,603,252,0,446,623,739,803,757,791,650,629,759,653,647,565,413,0,0,1080,1206,1041,0,0,0,0,yewon,cross_leg_left,1
884,1786864914.389079,100,636,505,810,743,746,457,602,250,0,447,620,735,803,755,787,651,631,759,658,647,569,414,0,0,1081,1229,1043,0,0,0,0,yewon,cross_leg_left,1
885,1786864914.409236,99,635,506,811,743,747,455,601,253,0,446,620,735,800,756,789,649,633,761,658,649,567,412,0,0,1083,1215,1043,0,0,0,0,yewon,cross_leg_left,1
886,1786864914.429257,99,636,505,809,743,747,457,601,253,0,446,621,735,803,755,790,651,633,759,661,648,570,412,0,0,1081,1205,1045,0,0,0,0,yewon,cross_leg_left,1
887,1786864914.449212,99,635,506,809,743,747,455,603,253,0,453,623,735,800,755,789,651,621,761,655,647,569,413,0,0,1079,1221,1047,0,0,0,0,yewon,cross_leg_left,1
888,1786864914.469270,99,635,506,810,743,747,456,602,253,0,446,622,734,805,758,789,652,629,760,659,648,569,412,0,0,1083,1213,1047,0,0,0,0,yewon,cross_leg_left,1
889,1786864914.489311,95,635,505,809,744,747,456,602,255,0,446,622,733,805,756,789,652,629,760,659,647,569,413,0,0,1083,1213,1041,0,0,0,0,yewon,cross_leg_left,1
890,1786864914.509274,93,636,505,809,743,747,454,602,255,0,455,619,734,803,752,789,650,628,760,657,649,567,415,0,0,1083,1211,1045,0,0,0,0,yewon,cross_leg_left,1
891,1786864914.529272,95,635,507,809,744,747,457,603,254,0,452,623,733,804,751,789,651,633,759,665,647,569,413,0,0,1081,1214,1045,0,0,0,0,yewon,cross_leg_left,1
892,1786864914.549226,95,635,505,811,743,747,457,601,254,0,452,623,739,803,756,789,649,633,759,657,648,571,415,0,0,1081,1215,1045,0,0,0,0,yewon,cross_leg_left,1
893,1786864914.569296,93,637,505,809,743,747,457,601,259,0,447,621,733,805,757,791,651,628,761,655,647,569,411,0,0,1083,1215,1047,0,0,0,0,yewon,cross_leg_left,1
894,1786864914.589267,98,636,507,809,742,746,456,601,254,0,453,621,740,803,755,787,651,635,757,647,648,571,413,0,0,1082,1214,1046,0,0,0,0,yewon,cross_leg_left,1
895,1786864914.609241,99,635,506,810,741,748,457,603,253,0,445,623,738,804,757,791,649,633,759,651,648,569,415,0,0,1082,1213,1047,0,0,0,0,yewon,cross_leg_left,1
896,1786864914.629289,99,637,507,810,745,747,457,602,263,0,453,621,733,804,756,790,651,633,760,661,649,567,413,0,0,1083,1215,1049,0,0,0,0,yewon,cross_leg_left,1
897,1786864914.649239,99,637,507,810,743,747,467,603,262,0,447,623,739,799,757,789,651,633,759,658,647,568,415,0,0,1081,1213,1045,0,0,0,0,yewon,cross_leg_left,1
898,1786864914.669262,99,635,505,811,744,747,457,605,253,0,445,621,733,799,757,789,653,631,761,659,647,565,415,0,0,1080,1215,1049,0,0,0,0,yewon,cross_leg_left,1
899,1786864914.689258,99,635,505,809,743,748,459,603,263,0,453,623,731,802,758,790,651,631,761,663,649,567,414,0,0,1083,1215,1048,0,0,0,0,yewon,cross_leg_left,1
900,1786864914.709258,95,636,505,808,744,748,457,603,251,0,448,621,733,803,755,789,651,633,760,653,648,570,416,0,0,1083,1220,1048,0,0,0,0,yewon,cross_leg_left,1
901,1786864914.729246,93,635,505,807,743,747,459,603,263,0,445,621,735,803,756,789,654,631,760,653,649,568,413,0,0,1083,1215,1050,0,0,0,0,yewon,cross_leg_left,1
902,1786864914.749202,95,635,505,807,744,747,459,604,264,0,446,625,735,797,758,787,651,635,761,667,649,568,416,0,0,1083,1215,1045,0,0,0,0,yewon,cross_leg_left,1
903,1786864914.769267,93,635,505,807,743,747,459,603,265,0,445,617,731,803,755,787,652,635,765,660,650,565,411,0,0,1082,1215,1045,0,0,0,0,yewon,cross_leg_left,1
904,1786864914.789270,93,634,505,807,743,749,456,604,269,0,443,623,733,805,759,788,653,631,763,663,651,568,413,0,0,1081,1215,1045,0,0,0,0,yewon,cross_leg_left,1
905,1786864914.809217,91,632,504,807,743,747,459,603,264,0,445,620,733,803,755,789,650,633,762,661,648,565,413,0,0,1083,1221,1046,0,0,0,0,yewon,cross_leg_left,1
906,1786864914.829276,92,633,505,805,741,748,457,605,268,0,441,619,739,805,754,787,653,621,763,661,649,571,411,0,0,1079,1215,1048,0,0,0,0,yewon,cross_leg_left,1
907,1786864914.849232,91,633,504,807,741,748,458,603,269,0,443,622,737,799,755,789,651,627,764,661,649,567,411,0,0,1083,1215,1052,0,0,0,0,yewon,cross_leg_left,1
908,1786864914.869234,91,633,505,805,741,747,459,604,265,0,443,623,738,805,751,787,653,629,763,661,650,567,412,0,0,1085,1215,1043,0,0,0,0,yewon,cross_leg_left,1
909,1786864914.889249,91,633,505,805,743,747,459,605,270,0,445,618,735,804,755,790,651,653,763,661,649,565,410,0,0,1081,1223,1047,0,0,0,0,yewon,cross_leg_left,1
910,1786864914.909204,91,633,504,804,743,748,457,604,273,0,445,619,749,804,751,791,651,633,763,661,648,565,408,0,0,1087,1223,1044,0,0,0,0,yewon,cross_leg_left,1
911,1786864914.929259,93,633,503,807,741,747,455,603,269,0,443,619,732,803,758,791,651,634,767,661,649,563,406,0,0,1083,1221,1045,0,0,0,0,yewon,cross_leg_left,1
912,1786864914.949192,91,633,504,806,742,749,456,603,268,0,445,621,744,798,755,789,651,633,762,660,647,564,407,0,0,1085,1223,1043,0,0,0,0,yewon,cross_leg_left,1
913,1786864914.969273,91,634,505,805,742,748,459,605,269,0,444,621,735,810,755,789,653,633,763,660,649,565,409,0,0,1085,1223,1043,0,0,0,0,yewon,cross_leg_left,1
914,1786864914.989269,93,633,503,805,739,749,459,605,267,0,445,623,711,805,751,787,651,645,763,660,648,563,407,0,0,1085,1223,1049,0,0,0,0,yewon,cross_leg_left,1
915,1786864915.009244,93,633,504,805,741,749,455,600,265,0,447,619,729,805,754,791,649,633,765,659,647,565,406,0,0,1085,1223,1047,0,0,0,0,yewon,cross_leg_left,1
916,1786864915.029282,93,633,505,807,743,749,460,604,267,0,446,621,735,803,754,775,651,635,763,661,647,567,406,0,0,1087,1223,1049,0,0,0,0,yewon,cross_leg_left,1
917,1786864915.049205,93,633,505,807,740,749,459,603,269,0,444,621,739,805,755,790,651,631,765,661,648,568,407,0,0,1084,1223,1045,0,0,0,0,yewon,cross_leg_left,1
918,1786864915.069225,93,633,507,806,743,748,459,603,268,0,445,618,735,807,751,796,653,633,765,662,649,567,424,0,0,1081,1224,1047,0,0,0,0,yewon,cross_leg_left,1
919,1786864915.089269,91,633,505,806,743,749,456,603,267,0,443,617,737,803,751,789,667,633,765,662,651,567,408,0,0,1087,1223,1048,0,0,0,0,yewon,cross_leg_left,1
920,1786864915.109268,92,633,503,806,745,749,459,605,274,0,443,613,741,805,757,789,649,634,763,661,649,569,409,0,0,1084,1222,1047,0,0,0,0,yewon,cross_leg_left,1
921,1786864915.129260,91,633,504,805,740,749,457,605,270,0,444,597,733,803,749,786,645,633,767,663,649,569,409,0,0,1081,1223,1050,0,0,0,0,yewon,cross_leg_left,1
922,1786864915.149229,91,636,503,807,743,749,465,601,269,0,443,621,735,804,759,793,649,635,763,664,649,570,409,0,0,1081,1213,1048,0,0,0,0,yewon,cross_leg_left,1
923,1786864915.169283,92,633,504,807,743,749,458,605,262,0,453,619,739,805,754,793,653,635,755,663,648,568,407,0,0,1087,1223,1049,0,0,0,0,yewon,cross_leg_left,1
924,1786864915.189296,91,635,504,807,740,747,459,603,271,0,443,619,734,805,754,789,655,633,764,662,649,567,409,0,0,1083,1223,1047,0,0,0,0,yewon,cross_leg_left,1
925,1786864915.209241,92,633,504,805,741,747,456,605,277,0,445,605,735,803,758,791,653,633,765,661,651,569,408,0,0,1087,1223,1045,0,0,0,0,yewon,cross_leg_left,1
926,1786864915.229273,93,632,505,805,742,747,458,603,269,0,443,620,734,803,755,785,653,633,761,663,650,569,407,0,0,1077,1223,1033,0,0,0,0,yewon,cross_leg_left,1
927,1786864915.249206,93,633,505,806,741,749,461,605,271,0,445,618,735,811,755,789,651,633,765,662,651,568,408,0,0,1083,1222,1061,0,0,0,0,yewon,cross_leg_left,1
928,1786864915.269262,91,633,503,805,742,749,457,604,271,0,443,619,732,800,755,787,651,634,757,662,649,567,410,0,0,1083,1223,1056,0,0,0,0,yewon,cross_leg_left,1
929,1786864915.289117,91,632,505,805,742,747,459,604,266,0,447,623,735,804,751,789,654,634,764,661,648,569,411,0,0,1087,1224,1051,0,0,0,0,yewon,cross_leg_left,1
930,1786864915.309232,91,633,505,805,741,747,461,605,267,0,442,627,739,803,755,786,651,634,765,661,650,568,412,0,0,1085,1225,1055,0,0,0,0,yewon,cross_leg_left,1
931,1786864915.329251,93,633,505,805,741,749,461,603,269,0,438,616,739,804,751,790,666,635,765,661,649,571,409,0,0,1084,1223,1059,0,0,0,0,yewon,cross_leg_left,1
932,1786864915.349231,91,633,505,805,741,747,459,603,269,0,443,619,731,805,751,788,653,635,766,662,649,569,409,0,0,1087,1223,1049,0,0,0,0,yewon,cross_leg_left,1
933,1786864915.369251,92,633,503,805,741,747,458,605,269,0,441,622,739,805,757,789,637,635,765,661,651,570,411,0,0,1082,1227,1044,0,0,0,0,yewon,cross_leg_left,1
934,1786864915.389248,93,633,507,804,741,747,457,603,263,0,441,623,741,804,751,793,652,636,765,661,651,570,411,0,0,1083,1224,1048,0,0,0,0,yewon,cross_leg_left,1
935,1786864915.409219,93,633,506,805,741,749,458,603,275,0,441,621,733,800,755,789,650,635,775,661,649,569,413,0,0,1080,1223,1047,0,0,0,0,yewon,cross_leg_left,1
936,1786864915.429310,93,633,505,805,741,748,461,603,269,0,441,626,741,805,755,790,648,635,765,661,649,569,425,0,0,1079,1223,1049,0,0,0,0,yewon,cross_leg_left,1
937,1786864915.449226,93,633,503,805,740,749,459,603,267,0,441,621,731,803,755,789,653,634,765,662,649,571,411,0,0,1077,1223,1050,0,0,0,0,yewon,cross_leg_left,1
938,1786864915.469243,92,633,501,803,744,747,459,603,275,0,443,619,735,800,757,789,653,635,777,661,650,571,411,0,0,1084,1223,1047,0,0,0,0,yewon,cross_leg_left,1
939,1786864915.489321,93,634,502,803,741,749,459,604,265,0,442,619,732,805,755,788,659,635,767,661,649,569,411,0,0,1063,1223,1050,0,0,0,0,yewon,cross_leg_left,1
940,1786864915.509274,93,633,505,805,733,748,459,606,270,0,441,617,739,803,749,785,653,635,765,662,649,571,413,0,0,1055,1221,1049,0,0,0,0,yewon,cross_leg_left,1
941,1786864915.529280,93,633,504,805,743,749,461,603,275,0,438,619,731,803,750,786,653,635,763,661,649,572,415,0,0,1081,1224,1053,0,0,0,0,yewon,cross_leg_left,1
942,1786864915.549250,95,633,504,805,742,751,457,605,266,0,440,617,733,803,751,788,653,635,775,662,653,571,419,0,0,1077,1223,1052,0,0,0,0,yewon,cross_leg_left,1
943,1786864915.569232,97,635,503,803,751,749,461,603,265,0,442,616,732,804,755,787,649,635,764,662,651,573,411,0,0,1074,1225,1051,0,0,0,0,yewon,cross_leg_left,1
944,1786864915.589249,95,635,504,803,733,747,460,603,277,0,441,617,736,803,749,787,653,635,762,661,649,571,413,0,0,1080,1223,1049,0,0,0,0,yewon,cross_leg_left,1
945,1786864915.609269,99,635,509,805,740,749,457,604,265,0,441,621,734,805,753,787,657,635,763,661,650,571,413,0,0,1081,1223,1053,0,0,0,0,yewon,cross_leg_left,1
946,1786864915.629251,95,634,504,805,739,749,459,605,268,0,445,621,739,800,758,787,659,635,763,661,651,573,413,0,0,1085,1221,1051,0,0,0,0,yewon,cross_leg_left,1
947,1786864915.649227,95,635,505,805,740,749,458,605,263,0,439,622,740,800,755,787,653,635,763,661,649,571,415,0,0,1083,1225,1043,0,0,0,0,yewon,cross_leg_left,1
948,1786864915.669265,95,633,504,803,741,749,461,604,263,0,437,619,739,803,755,787,651,635,787,661,649,571,415,0,0,1075,1224,1050,0,0,0,0,yewon,cross_leg_left,1
949,1786864915.689285,95,635,503,803,740,749,459,602,249,0,441,622,733,803,757,786,659,635,763,662,651,573,406,0,0,1077,1225,1050,0,0,0,0,yewon,cross_leg_left,1
950,1786864915.709228,95,633,503,803,739,748,463,598,261,0,443,619,731,803,757,787,658,635,763,661,650,571,413,0,0,1079,1223,1045,0,0,0,0,yewon,cross_leg_left,1
951,1786864915.729266,95,635,507,803,740,749,455,603,260,0,443,621,731,800,741,787,653,636,759,661,648,571,415,0,0,1082,1224,1051,0,0,0,0,yewon,cross_leg_left,1
952,1786864915.749249,98,633,504,804,740,750,459,604,261,0,442,613,725,803,751,783,654,635,761,661,650,572,415,0,0,1080,1225,1051,0,0,0,0,yewon,cross_leg_left,1
953,1786864915.769244,95,635,504,800,740,748,463,603,261,0,437,621,739,800,761,782,655,635,767,661,649,571,415,0,0,1077,1224,1048,0,0,0,0,yewon,cross_leg_left,1
954,1786864915.789337,95,635,505,804,741,747,459,605,261,0,437,619,737,799,751,787,651,637,765,663,649,585,413,0,0,1075,1223,1055,0,0,0,0,yewon,cross_leg_left,1
955,1786864915.809220,95,635,504,804,739,749,459,603,261,0,439,619,737,805,751,787,655,635,763,662,650,570,414,0,0,1077,1225,1051,0,0,0,0,yewon,cross_leg_left,1
956,1786864915.829246,95,633,505,803,737,750,459,603,252,0,436,619,735,803,749,788,654,635,765,661,649,573,412,0,0,1077,1224,1053,0,0,0,0,yewon,cross_leg_left,1
957,1786864915.849219,98,632,503,803,742,750,457,603,255,0,439,621,739,800,762,789,657,635,763,661,649,571,415,0,0,1079,1224,1046,0,0,0,0,yewon,cross_leg_left,1
958,1786864915.869299,95,633,505,803,740,749,459,603,255,0,437,621,744,799,751,785,657,635,765,661,649,575,414,0,0,1077,1224,1051,0,0,0,0,yewon,cross_leg_left,1
959,1786864915.889284,99,633,504,803,742,754,461,603,261,0,427,619,735,803,745,789,659,636,765,661,649,575,419,0,0,1076,1225,1049,0,0,0,0,yewon,cross_leg_left,1
960,1786864915.909220,99,633,505,803,741,749,461,607,259,0,441,615,743,805,755,786,649,635,765,663,649,574,421,0,0,1079,1225,1051,0,0,0,0,yewon,cross_leg_left,1
961,1786864915.929260,99,636,503,799,741,751,460,606,255,0,437,618,733,799,757,788,655,635,767,663,649,573,420,0,0,1076,1226,1051,0,0,0,0,yewon,cross_leg_left,1
962,1786864915.949206,95,633,503,803,740,749,459,604,263,0,439,618,743,800,753,785,657,635,754,661,651,574,415,0,0,1079,1223,1048,0,0,0,0,yewon,cross_leg_left,1
963,1786864915.969236,99,634,505,803,743,746,459,601,254,0,434,620,749,797,750,785,652,635,767,661,650,575,420,0,0,1071,1225,1055,0,0,0,0,yewon,cross_leg_left,1
964,1786864915.989255,99,633,504,799,741,751,459,605,253,0,429,617,739,799,751,789,653,635,764,662,650,573,420,0,0,1077,1223,1048,0,0,0,0,yewon,cross_leg_left,1
965,1786864916.009352,99,635,502,800,739,748,459,601,251,0,445,636,735,803,750,792,666,635,763,661,651,574,415,0,0,1077,1223,1052,0,0,0,0,yewon,cross_leg_left,1
966,1786864916.028629,99,633,503,805,740,748,456,603,253,0,423,623,735,799,751,787,668,633,767,662,649,575,414,0,0,1071,1224,1053,0,0,0,0,yewon,cross_leg_left,1
967,1786864916.048314,99,634,507,805,743,745,458,604,254,0,444,619,735,799,751,788,655,635,763,665,653,575,419,0,0,1071,1225,1045,0,0,0,0,yewon,cross_leg_left,1
968,1786864916.068437,99,635,504,808,739,749,459,603,252,0,438,617,733,795,750,785,657,635,764,663,651,571,421,0,0,1069,1223,1053,0,0,0,0,yewon,cross_leg_left,1
969,1786864916.088558,98,635,504,803,741,747,459,604,253,0,429,615,733,799,751,785,651,637,761,663,650,576,423,0,0,1077,1223,1055,0,0,0,0,yewon,cross_leg_left,1
970,1786864916.109220,97,632,505,799,743,748,458,603,252,0,441,611,733,799,757,772,661,635,761,663,651,575,421,0,0,1077,1223,1043,0,0,0,0,yewon,cross_leg_left,1
971,1786864916.129264,99,634,505,799,739,749,455,603,251,0,437,616,734,803,755,793,652,636,767,661,651,579,420,0,0,1075,1225,1063,0,0,0,0,yewon,cross_leg_left,1
972,1786864916.149256,98,633,505,805,739,749,459,604,253,0,439,619,733,799,751,787,658,631,765,664,651,585,422,0,0,1075,1224,1048,0,0,0,0,yewon,cross_leg_left,1
973,1786864916.169249,99,633,507,799,739,747,459,605,253,0,439,619,734,799,751,786,655,636,763,663,651,579,423,0,0,1071,1222,1051,0,0,0,0,yewon,cross_leg_left,1
974,1786864916.189132,99,635,503,803,741,748,460,603,253,0,439,623,734,803,752,785,651,635,763,662,651,576,427,0,0,1071,1224,1048,0,0,0,0,yewon,cross_leg_left,1
975,1786864916.209240,99,635,505,799,739,748,459,614,251,0,435,623,734,799,751,787,648,635,763,662,651,580,423,0,0,1069,1224,1053,0,0,0,0,yewon,cross_leg_left,1
976,1786864916.229245,99,635,505,803,734,748,461,603,252,0,435,620,735,799,759,789,653,635,779,662,650,573,421,0,0,1070,1223,1045,0,0,0,0,yewon,cross_leg_left,1
977,1786864916.249231,99,635,505,805,741,748,459,605,250,0,441,621,743,804,751,789,649,635,765,661,651,575,421,0,0,1071,1224,1051,0,0,0,0,yewon,cross_leg_left,1
978,1786864916.269262,99,637,506,800,735,749,457,607,251,0,439,613,734,799,749,796,658,635,760,663,651,575,422,0,0,1063,1223,1049,0,0,0,0,yewon,cross_leg_left,1
979,1786864916.289250,99,635,506,803,735,749,458,604,252,0,439,617,734,803,750,787,655,636,765,659,651,575,420,0,0,1087,1227,1051,0,0,0,0,yewon,cross_leg_left,1
980,1786864916.309248,99,635,508,805,741,747,459,607,251,0,440,621,734,803,750,789,655,636,777,663,650,573,421,0,0,1075,1215,1050,0,0,0,0,yewon,cross_leg_left,1
981,1786864916.329265,100,636,505,807,741,749,457,603,251,0,437,629,735,803,757,789,667,637,751,665,651,575,421,0,0,1068,1225,1054,0,0,0,0,yewon,cross_leg_left,1
982,1786864916.349206,100,637,508,803,739,757,459,605,251,0,439,619,734,799,751,789,655,635,751,659,651,575,423,0,0,1075,1223,1059,0,0,0,0,yewon,cross_leg_left,1
983,1786864916.369258,100,637,505,803,743,745,459,606,251,0,441,619,735,799,755,790,655,637,765,663,651,580,423,0,0,1069,1225,1049,0,0,0,0,yewon,cross_leg_left,1
984,1786864916.389288,101,636,517,804,741,751,458,604,249,0,439,620,735,803,751,789,655,635,761,659,655,580,421,0,0,1077,1225,1049,0,0,0,0,yewon,cross_leg_left,1
985,1786864916.409245,101,637,505,806,739,749,458,604,251,0,440,619,734,800,752,788,663,636,765,663,651,575,423,0,0,1077,1224,1050,0,0,0,0,yewon,cross_leg_left,1
986,1786864916.429231,99,635,519,806,739,748,455,603,251,0,445,621,735,804,757,789,654,635,763,663,650,581,425,0,0,1067,1222,1053,0,0,0,0,yewon,cross_leg_left,1
987,1786864916.449217,99,637,503,805,742,750,457,603,250,0,441,620,734,803,753,791,655,636,774,663,653,575,413,0,0,1071,1215,1043,0,0,0,0,yewon,cross_leg_left,1
988,1786864916.469247,99,637,507,805,741,748,460,602,239,0,440,619,738,803,747,789,655,635,766,663,650,575,423,0,0,1061,1237,1049,0,0,0,0,yewon,cross_leg_left,1
989,1786864916.489248,101,635,510,805,739,749,457,597,248,0,441,621,735,803,756,789,659,637,773,661,649,573,423,0,0,1071,1214,1052,0,0,0,0,yewon,cross_leg_left,1
990,1786864916.509219,101,637,507,804,743,748,461,597,249,0,441,627,735,803,757,809,653,637,765,661,651,589,421,0,0,1067,1213,1049,0,0,0,0,yewon,cross_leg_left,1
991,1786864916.529312,101,639,502,805,743,747,456,603,246,0,440,619,735,803,748,791,657,635,759,661,645,582,429,0,0,1076,1228,1049,0,0,0,0,yewon,cross_leg_left,1
992,1786864916.549221,101,637,505,805,741,745,455,593,253,0,446,619,738,799,749,791,651,637,762,661,651,573,423,0,0,1075,1223,1049,0,0,0,0,yewon,cross_leg_left,1
993,1786864916.569223,101,639,505,805,749,748,455,600,244,0,443,621,735,800,751,791,653,635,765,661,651,581,423,0,0,1071,1213,1049,0,0,0,0,yewon,cross_leg_left,1
994,1786864916.589274,100,636,523,805,741,745,457,600,243,0,443,621,734,803,751,787,654,635,766,661,651,575,421,0,0,1069,1223,1050,0,0,0,0,yewon,cross_leg_left,1
995,1786864916.609258,101,637,518,805,749,756,456,614,237,0,443,621,737,803,755,792,659,636,764,661,650,575,422,0,0,1063,1223,1049,0,0,0,0,yewon,cross_leg_left,1
