frame,timestamp,ch0,ch1,ch2,ch3,ch4,ch5,ch6,ch7,ch8,ch9,ch10,ch11,ch12,ch13,ch14,ch15,ch16,ch17,ch18,ch19,ch20,ch21,ch22,ch23,ch24,ch25,ch26,ch27,ch28,ch29,ch30,ch31,person,posture,trial
0,1786864858.143929,0,0,135,424,457,613,355,567,309,0,0,0,467,569,603,684,647,679,791,723,754,723,611,365,0,0,0,0,1224,1261,1228,281,yewon,cross_leg_right,1
1,1786864858.145040,0,0,140,425,457,615,359,569,309,0,0,0,461,566,595,681,639,676,789,723,751,722,613,367,0,0,0,0,1222,1259,1227,297,yewon,cross_leg_right,1
2,1786864858.146075,0,0,145,426,458,616,357,571,313,0,0,0,459,565,589,680,635,675,791,723,751,722,611,365,0,0,0,0,1222,1259,1229,309,yewon,cross_leg_right,1
3,1786864858.146943,0,0,155,429,457,619,357,575,317,0,0,0,459,565,594,679,637,677,792,725,755,717,613,367,0,0,0,0,1221,1261,1229,317,yewon,cross_leg_right,1
4,1786864858.147816,0,0,165,439,462,621,356,583,327,0,0,0,461,568,595,683,639,678,793,724,758,728,614,365,0,0,0,0,1223,1261,1235,329,yewon,cross_leg_right,1
5,1786864858.148581,0,0,188,460,473,626,357,585,331,0,0,0,461,573,596,684,637,679,795,725,755,725,616,363,0,0,0,0,1227,1261,1241,332,yewon,cross_leg_right,1
6,1786864858.149343,0,0,211,486,476,629,359,589,338,0,0,0,467,575,591,687,645,681,795,726,748,723,619,363,0,0,0,0,1223,1263,1241,345,yewon,cross_leg_right,1
7,1786864858.150241,0,0,219,505,488,635,360,590,345,0,0,0,469,581,601,686,649,681,796,727,747,725,621,359,0,0,0,0,1224,1267,1239,349,yewon,cross_leg_right,1
8,1786864858.150968,0,0,232,523,495,637,354,595,357,0,0,0,472,585,605,687,647,683,797,725,755,725,623,363,0,0,0,0,1225,1269,1244,345,yewon,cross_leg_right,1
9,1786864858.151693,0,0,245,535,499,645,360,595,391,0,0,0,473,586,603,685,639,684,800,733,760,727,627,371,0,0,0,0,1227,1271,1243,349,yewon,cross_leg_right,1
10,1786864858.152344,0,0,248,539,503,649,363,599,424,0,0,0,475,587,605,685,647,687,805,735,756,727,632,379,0,0,0,0,1226,1271,1243,340,yewon,cross_leg_right,1
11,1786864858.152989,0,0,253,549,507,651,363,606,447,0,0,0,475,591,601,686,643,691,807,734,757,729,638,397,0,0,0,0,1227,1271,1243,313,yewon,cross_leg_right,1
12,1786864858.153623,0,0,261,553,522,653,364,603,466,0,0,0,473,567,612,685,644,695,805,739,759,729,645,413,0,0,0,0,1226,1272,1245,339,yewon,cross_leg_right,1
13,1786864858.154257,0,0,255,559,520,654,366,611,476,0,0,0,475,589,614,691,649,697,811,739,773,729,647,427,0,0,0,0,1229,1273,1243,343,yewon,cross_leg_right,1
14,1786864858.154894,0,0,267,563,523,661,371,617,503,0,0,0,477,589,611,685,648,701,813,739,759,727,653,439,0,0,0,0,1227,1274,1245,342,yewon,cross_leg_right,1
15,1786864858.155525,0,0,270,568,529,664,373,627,506,0,0,0,477,595,614,681,647,701,815,743,760,718,653,447,0,0,0,0,1228,1275,1246,343,yewon,cross_leg_right,1
16,1786864858.156177,0,0,268,568,529,664,373,629,529,0,0,0,475,595,611,683,653,702,815,744,757,721,653,459,0,0,0,0,1229,1275,1246,341,yewon,cross_leg_right,1
17,1786864858.156880,0,0,269,568,531,668,367,634,538,27,0,0,473,591,603,679,647,699,815,744,779,724,649,462,0,0,0,0,1228,1275,1247,341,yewon,cross_leg_right,1
18,1786864858.157536,0,0,268,569,532,677,381,645,551,69,0,0,471,589,602,669,637,699,815,744,762,725,652,469,0,0,0,0,1227,1275,1243,335,yewon,cross_leg_right,1
19,1786864858.158177,0,0,266,570,531,676,377,648,565,103,0,0,467,587,599,661,631,698,818,745,762,726,654,471,0,0,0,0,1228,1273,1245,327,yewon,cross_leg_right,1
20,1786864858.158820,0,0,274,571,533,679,375,651,571,125,0,0,463,585,599,659,628,697,817,743,757,725,653,473,0,0,0,0,1228,1275,1243,315,yewon,cross_leg_right,1
21,1786864858.159458,0,0,276,580,531,672,381,655,581,137,0,0,463,587,600,665,629,699,819,745,763,728,677,472,0,0,0,0,1229,1276,1242,297,yewon,cross_leg_right,1
22,1786864858.160029,0,0,283,585,535,677,381,661,582,143,0,0,466,589,603,667,629,699,819,743,763,728,654,475,0,0,0,0,1228,1275,1240,278,yewon,cross_leg_right,1
23,1786864858.160597,0,0,287,594,536,669,392,667,587,151,0,0,467,591,606,670,631,701,821,747,763,731,655,474,0,0,0,0,1231,1275,1240,247,yewon,cross_leg_right,1
24,1786864858.161164,0,95,296,600,541,681,405,667,587,155,0,0,468,593,603,679,645,701,825,745,761,731,653,472,0,0,0,0,1229,1275,1237,239,yewon,cross_leg_right,1
25,1786864858.161898,0,117,301,607,548,680,410,670,589,155,0,0,471,597,611,681,638,709,824,747,764,729,651,469,0,0,0,0,1229,1275,1237,211,yewon,cross_leg_right,1
26,1786864858.162597,0,121,309,617,554,683,413,670,589,156,0,0,475,601,612,685,645,708,823,745,764,729,648,469,0,0,0,0,1227,1274,1235,221,yewon,cross_leg_right,1
27,1786864858.163280,0,127,313,623,555,681,425,671,591,155,0,0,478,603,618,685,649,709,823,745,763,725,651,461,0,0,0,0,1223,1273,1231,218,yewon,cross_leg_right,1
28,1786864858.163894,0,135,316,631,561,679,415,671,591,151,0,0,481,605,621,693,653,709,819,742,763,725,649,458,0,0,0,0,1225,1272,1227,213,yewon,cross_leg_right,1
29,1786864858.164458,0,137,325,633,563,679,412,673,593,149,0,0,483,609,624,699,653,703,821,741,761,725,652,458,0,0,0,0,1225,1271,1225,212,yewon,cross_leg_right,1
30,1786864858.165016,0,149,327,637,567,675,411,672,593,151,0,0,488,613,633,699,649,709,823,741,779,729,645,459,0,0,0,0,1224,1271,1225,211,yewon,cross_leg_right,1
31,1786864858.165585,0,157,329,647,572,675,403,671,591,151,0,0,490,617,637,711,667,712,822,741,761,727,639,457,0,0,0,0,1226,1271,1222,211,yewon,cross_leg_right,1
32,1786864858.166166,0,163,329,648,572,672,396,670,591,151,0,0,493,621,644,719,671,711,822,740,762,728,647,460,0,0,0,0,1225,1271,1223,207,yewon,cross_leg_right,1
33,1786864858.166733,0,167,329,649,573,671,391,670,594,149,0,0,502,626,649,717,677,712,821,737,761,729,649,456,0,0,0,0,1225,1271,1223,204,yewon,cross_leg_right,1
34,1786864858.167300,0,172,331,650,574,671,405,667,593,147,0,0,507,631,655,727,679,713,823,739,787,725,649,457,0,0,0,0,1225,1269,1221,200,yewon,cross_leg_right,1
35,1786864858.167878,0,175,332,654,583,671,395,664,583,136,0,44,519,635,663,728,678,713,820,741,761,727,661,452,0,0,0,0,1225,1270,1215,189,yewon,cross_leg_right,1
36,1786864858.168467,0,180,334,660,585,669,379,660,570,116,0,77,523,638,667,729,683,711,821,746,760,725,647,447,0,0,0,0,1223,1267,1206,179,yewon,cross_leg_right,1
37,1786864858.169040,0,183,339,663,587,665,377,657,565,76,0,91,524,647,671,733,685,710,819,733,758,725,631,439,0,0,0,0,1213,1267,1203,169,yewon,cross_leg_right,1
38,1786864858.169597,0,189,345,665,587,671,376,653,557,45,0,101,533,649,671,735,687,709,815,743,757,723,636,435,0,0,0,0,1213,1261,1204,165,yewon,cross_leg_right,1
39,1786864858.170166,0,219,363,669,591,663,375,653,557,23,0,105,534,653,677,755,691,709,815,732,749,725,639,425,0,0,0,0,1213,1261,1196,155,yewon,cross_leg_right,1
40,1786864858.170723,0,237,379,677,594,661,379,654,557,0,0,108,541,653,679,744,687,703,814,729,751,727,639,414,0,0,0,0,1214,1260,1192,148,yewon,cross_leg_right,1
41,1786864858.171290,0,261,397,683,598,665,375,655,557,0,0,114,543,658,687,744,693,701,813,734,750,715,631,411,0,0,0,0,1211,1258,1183,138,yewon,cross_leg_right,1
42,1786864858.171791,0,276,405,685,600,655,375,655,558,0,0,116,541,655,690,734,695,700,809,724,748,712,627,402,0,0,0,0,1211,1258,1187,131,yewon,cross_leg_right,1
43,1786864858.172281,0,291,411,695,603,661,375,657,557,0,0,119,547,661,695,749,697,697,807,724,747,711,623,397,0,0,0,0,1211,1257,1177,123,yewon,cross_leg_right,1
44,1786864858.172770,0,307,419,701,603,659,376,660,557,30,0,120,551,661,695,745,695,695,807,723,746,710,617,393,0,0,0,0,1207,1257,1175,119,yewon,cross_leg_right,1
45,1786864858.173263,0,315,425,711,620,661,376,661,564,39,0,120,554,667,697,759,696,693,806,719,745,709,619,391,0,0,0,0,1203,1259,1176,119,yewon,cross_leg_right,1
46,1786864858.173748,0,331,429,715,611,659,375,661,565,47,0,125,551,667,699,762,699,692,805,717,743,698,616,391,0,0,0,0,1205,1255,1175,118,yewon,cross_leg_right,1
47,1786864858.174240,0,335,436,717,615,653,376,660,565,53,0,125,562,671,701,764,702,693,803,713,740,700,615,383,0,0,0,0,1224,1256,1192,119,yewon,cross_leg_right,1
48,1786864858.174734,0,372,439,723,615,658,375,661,562,58,0,133,559,669,699,767,713,695,799,714,741,703,614,379,0,0,0,0,1207,1255,1175,121,yewon,cross_leg_right,1
49,1786864858.175218,0,381,441,725,616,660,373,659,559,57,0,135,565,679,712,773,711,695,799,715,742,700,615,382,0,0,0,0,1207,1257,1175,123,yewon,cross_leg_right,1
50,1786864858.175715,0,389,441,728,619,653,371,659,555,37,0,135,565,679,703,775,715,695,795,715,741,700,619,379,0,0,0,0,1203,1255,1173,123,yewon,cross_leg_right,1
51,1786864858.176205,0,393,440,728,617,653,373,655,552,0,0,179,569,682,703,779,717,695,803,713,741,700,614,378,0,0,0,0,1205,1261,1175,118,yewon,cross_leg_right,1
52,1786864858.176704,0,390,442,726,617,648,368,650,547,0,0,198,569,685,711,776,716,693,795,725,735,695,616,375,0,0,0,0,1204,1255,1175,120,yewon,cross_leg_right,1
53,1786864858.177190,0,383,436,727,617,637,364,649,533,0,0,213,573,685,716,779,715,691,793,709,734,699,611,373,0,0,0,0,1203,1255,1160,121,yewon,cross_leg_right,1
54,1786864858.177632,0,380,441,725,617,648,366,644,531,0,0,217,573,685,709,785,721,691,793,703,731,696,607,370,0,0,0,0,1199,1257,1159,120,yewon,cross_leg_right,1
55,1786864858.178065,0,377,439,725,617,632,367,633,531,0,0,220,573,685,711,779,719,687,793,701,729,695,608,371,0,0,0,0,1199,1254,1175,121,yewon,cross_leg_right,1
56,1786864858.178497,0,389,443,727,617,633,365,635,531,0,0,227,572,687,717,783,723,690,792,702,729,697,606,366,0,0,0,0,1197,1255,1173,121,yewon,cross_leg_right,1
57,1786864858.178931,0,402,441,728,619,633,365,635,533,0,0,234,575,689,723,792,719,687,792,701,731,696,607,367,0,0,0,0,1196,1256,1172,120,yewon,cross_leg_right,1
58,1786864858.179357,0,419,443,731,621,635,367,635,536,0,0,243,581,687,731,789,723,692,794,702,730,697,607,372,0,0,0,0,1197,1254,1182,121,yewon,cross_leg_right,1
59,1786864858.179808,0,437,446,733,624,635,367,645,540,0,0,247,581,691,715,793,724,691,794,711,729,697,611,373,0,0,0,0,1197,1255,1173,119,yewon,cross_leg_right,1
60,1786864858.180252,0,453,456,744,630,639,368,647,543,0,0,247,584,693,715,791,728,692,781,703,731,699,605,372,0,0,0,0,1197,1249,1171,119,yewon,cross_leg_right,1
61,1786864858.180689,0,459,459,749,626,639,371,650,543,0,0,251,582,697,717,796,726,695,796,703,731,698,607,373,0,0,0,0,1197,1263,1173,109,yewon,cross_leg_right,1
62,1786864858.181119,0,465,460,751,632,647,373,649,555,0,0,253,585,695,711,793,731,697,795,711,731,699,604,373,0,0,0,0,1199,1254,1170,104,yewon,cross_leg_right,1
63,1786864858.181543,0,470,461,759,635,645,371,650,553,0,0,261,586,695,716,799,729,697,803,703,751,699,607,371,0,0,0,0,1198,1256,1165,94,yewon,cross_leg_right,1
64,1786864858.181970,0,477,467,761,639,646,372,650,553,25,0,267,588,696,717,797,729,697,793,703,733,699,610,371,0,0,0,0,1197,1259,1169,89,yewon,cross_leg_right,1
65,1786864858.182396,0,477,463,761,637,645,373,651,553,26,0,266,588,696,717,791,729,696,797,712,732,699,613,371,0,0,0,0,1197,1257,1158,88,yewon,cross_leg_right,1
66,1786864858.182830,0,483,465,761,637,649,374,651,541,26,0,267,591,697,723,797,729,694,796,703,732,697,607,364,0,0,0,0,1197,1253,1161,87,yewon,cross_leg_right,1
67,1786864858.183257,0,483,469,764,637,648,371,651,553,26,0,266,587,697,719,797,741,693,795,702,733,696,607,361,0,0,0,0,1196,1254,1155,83,yewon,cross_leg_right,1
68,1786864858.183697,0,483,465,765,639,647,373,652,564,21,0,267,591,697,723,799,731,693,795,703,731,697,605,359,0,0,0,0,1197,1252,1163,77,yewon,cross_leg_right,1
69,1786864858.184125,0,483,466,765,643,650,373,652,554,27,0,271,589,697,723,810,731,693,795,709,731,699,607,357,0,0,0,0,1197,1255,1161,78,yewon,cross_leg_right,1
70,1786864858.184558,0,483,467,765,637,648,373,653,551,26,0,271,591,699,719,797,733,692,795,703,729,701,611,357,0,0,0,0,1199,1253,1149,77,yewon,cross_leg_right,1
71,1786864858.185040,0,483,467,765,639,647,365,651,555,29,0,274,591,696,716,799,724,691,795,707,729,699,597,359,0,0,0,0,1194,1251,1161,75,yewon,cross_leg_right,1
72,1786864858.185440,0,484,467,765,639,639,371,652,555,31,0,271,589,698,719,799,733,693,795,703,730,700,613,355,0,0,0,0,1195,1253,1150,74,yewon,cross_leg_right,1
73,1786864858.185841,0,483,467,765,639,647,373,653,555,33,0,275,591,696,719,799,731,692,796,708,728,702,599,359,0,0,0,0,1197,1254,1149,73,yewon,cross_leg_right,1
74,1786864858.186228,0,485,468,765,639,638,373,653,556,37,0,275,595,699,718,799,730,693,795,709,731,699,605,356,0,0,0,0,1196,1253,1160,75,yewon,cross_leg_right,1
75,1786864858.186622,0,483,469,765,645,646,373,653,557,38,0,277,595,700,723,803,741,695,795,709,731,699,607,360,0,0,0,0,1196,1253,1157,73,yewon,cross_leg_right,1
76,1786864858.187003,0,484,467,764,647,648,373,653,557,39,0,277,590,697,723,803,731,695,796,703,731,699,599,361,0,0,0,0,1195,1257,1157,69,yewon,cross_leg_right,1
77,1786864858.187397,0,485,469,765,645,647,373,652,557,41,0,281,596,699,722,805,727,695,795,704,733,701,605,357,0,0,0,0,1195,1253,1158,70,yewon,cross_leg_right,1
78,1786864858.187779,0,484,472,765,647,645,370,653,559,53,0,281,595,697,719,808,741,694,795,709,731,699,607,367,0,0,0,0,1197,1252,1159,72,yewon,cross_leg_right,1
79,1786864858.188175,0,484,467,764,646,649,371,653,561,58,0,283,593,698,719,804,732,694,796,709,732,701,613,363,0,0,0,0,1199,1253,1161,73,yewon,cross_leg_right,1
80,1786864858.188586,0,483,468,765,639,648,363,653,559,63,0,285,595,699,721,804,732,695,796,710,731,700,610,363,0,0,0,0,1195,1253,1159,73,yewon,cross_leg_right,1
81,1786864858.188974,0,484,468,765,647,646,373,654,564,69,0,279,596,696,724,799,733,695,797,711,731,700,613,375,0,0,0,0,1196,1251,1150,75,yewon,cross_leg_right,1
82,1786864858.189366,0,482,469,765,639,648,373,654,563,71,0,284,593,697,721,805,731,695,795,711,733,699,611,363,0,0,0,0,1195,1251,1145,75,yewon,cross_leg_right,1
83,1786864858.189751,0,482,459,763,645,651,367,654,565,75,0,281,597,697,723,799,733,695,797,711,733,701,613,367,0,0,0,0,1193,1253,1147,73,yewon,cross_leg_right,1
84,1786864858.190136,0,483,467,763,647,648,372,655,565,74,0,283,593,699,722,805,733,695,796,711,733,703,603,365,0,0,0,0,1195,1253,1159,74,yewon,cross_leg_right,1
85,1786864858.190522,0,483,467,761,647,648,373,657,564,75,0,285,596,698,722,804,733,695,797,710,731,701,611,371,0,0,0,0,1183,1247,1157,73,yewon,cross_leg_right,1
86,1786864858.190907,0,481,467,763,648,649,372,655,564,75,0,284,591,699,721,804,733,695,795,711,731,695,607,365,0,0,0,0,1192,1253,1149,73,yewon,cross_leg_right,1
87,1786864858.191278,0,483,461,762,647,647,376,657,564,76,0,283,595,699,715,805,747,695,795,709,731,701,612,367,0,0,0,0,1194,1251,1151,72,yewon,cross_leg_right,1
88,1786864858.191631,0,483,468,763,645,649,374,657,565,75,0,284,597,699,723,805,731,695,795,711,733,701,613,367,0,0,0,0,1193,1253,1159,73,yewon,cross_leg_right,1
89,1786864858.191993,0,479,466,761,647,651,373,660,565,77,0,283,595,697,723,805,733,697,803,711,733,703,611,367,0,0,0,0,1191,1251,1165,73,yewon,cross_leg_right,1
90,1786864858.192343,0,479,469,763,639,649,374,659,566,76,0,281,591,699,717,799,727,696,799,713,735,710,613,365,0,0,0,0,1195,1255,1148,73,yewon,cross_leg_right,1
91,1786864858.192695,0,483,467,762,639,651,374,659,565,77,0,281,589,699,723,804,733,697,797,715,733,710,611,373,0,0,0,0,1197,1253,1139,74,yewon,cross_leg_right,1
92,1786864858.193054,0,483,469,762,645,647,373,659,565,81,0,283,597,697,723,805,733,697,795,711,733,704,613,371,0,0,0,0,1211,1253,1157,75,yewon,cross_leg_right,1
93,1786864858.193408,0,483,468,763,646,655,373,659,565,81,0,285,594,697,723,805,734,698,797,713,733,701,611,365,0,0,0,0,1193,1253,1159,75,yewon,cross_leg_right,1
94,1786864858.193769,0,483,468,763,647,653,371,659,565,81,0,282,595,701,722,803,731,697,798,712,735,709,631,367,0,0,0,0,1197,1254,1160,76,yewon,cross_leg_right,1
95,1786864858.194122,0,479,469,763,647,650,373,659,565,77,0,285,596,699,723,805,733,699,804,711,731,699,611,367,0,0,0,0,1207,1253,1151,75,yewon,cross_leg_right,1
96,1786864858.194484,0,479,467,764,637,648,373,659,565,73,0,284,598,699,722,805,733,698,795,710,731,697,611,368,0,0,0,0,1195,1255,1156,75,yewon,cross_leg_right,1
97,1786864858.194836,0,483,468,764,645,653,374,659,565,69,0,283,595,707,721,805,734,697,798,713,733,701,611,363,0,0,0,0,1196,1253,1151,75,yewon,cross_leg_right,1
98,1786864858.195191,0,482,468,761,646,635,375,660,566,67,0,283,595,701,723,805,735,699,799,711,731,701,611,366,0,0,0,0,1195,1253,1159,73,yewon,cross_leg_right,1
99,1786864858.195552,0,485,467,761,645,646,374,659,565,60,0,285,591,700,723,805,735,698,797,709,733,701,610,365,0,0,0,0,1196,1252,1169,71,yewon,cross_leg_right,1
100,1786864858.195903,0,485,467,762,647,648,375,657,563,59,0,285,587,709,725,805,739,698,799,711,733,701,611,365,0,0,0,0,1203,1252,1148,88,yewon,cross_leg_right,1
101,1786864858.196266,0,487,469,763,646,649,375,659,565,61,0,287,595,702,719,807,733,697,797,711,733,699,612,363,0,0,0,0,1199,1255,1157,68,yewon,cross_leg_right,1
102,1786864858.196623,0,487,469,763,647,648,374,655,565,59,0,295,607,699,723,808,735,697,799,703,733,702,611,364,0,0,0,0,1199,1251,1149,68,yewon,cross_leg_right,1
103,1786864858.196980,0,488,471,765,645,647,373,657,566,67,0,297,597,702,725,807,731,699,797,711,739,701,611,376,0,0,0,0,1197,1251,1149,67,yewon,cross_leg_right,1
104,1786864858.197332,0,488,469,765,647,636,375,659,567,69,0,298,581,701,725,807,739,697,797,711,733,701,610,373,0,0,0,0,1198,1253,1149,61,yewon,cross_leg_right,1
105,1786864858.197656,0,485,470,763,658,649,373,659,567,70,0,294,600,701,723,807,735,699,799,712,733,701,612,364,0,0,0,0,1198,1253,1145,63,yewon,cross_leg_right,1
106,1786864858.197989,0,487,469,763,646,648,374,661,567,72,0,299,589,697,723,807,735,697,803,711,733,697,611,365,0,0,0,0,1209,1253,1145,60,yewon,cross_leg_right,1
107,1786864858.198314,0,489,469,763,648,637,373,659,567,73,0,299,601,699,723,807,735,698,800,713,732,701,610,362,0,0,0,0,1198,1252,1139,59,yewon,cross_leg_right,1
108,1786864858.198647,0,487,471,763,645,649,374,659,565,73,0,300,595,701,724,807,732,697,797,713,742,684,611,363,0,0,0,0,1194,1247,1145,55,yewon,cross_leg_right,1
109,1786864858.198972,0,488,469,761,647,648,373,659,568,75,0,299,597,701,714,807,738,698,799,712,733,701,607,365,0,0,0,0,1196,1255,1147,54,yewon,cross_leg_right,1
110,1786864858.199297,0,487,469,763,647,649,375,659,568,77,0,297,585,703,723,807,735,699,799,713,735,703,611,350,0,0,0,0,1209,1253,1149,59,yewon,cross_leg_right,1
111,1786864858.199631,0,486,470,762,647,650,375,659,569,84,0,295,605,701,723,807,734,698,798,714,733,702,612,375,0,0,0,0,1197,1252,1177,59,yewon,cross_leg_right,1
112,1786864858.199955,0,487,472,761,647,649,374,661,569,87,0,296,615,701,723,806,733,699,803,713,731,699,611,366,0,0,0,0,1187,1253,1149,58,yewon,cross_leg_right,1
113,1786864858.200289,0,489,469,761,645,649,375,658,573,88,0,297,591,699,723,807,738,699,800,711,735,687,614,367,0,0,0,0,1199,1251,1145,64,yewon,cross_leg_right,1
114,1786864858.200614,0,477,469,759,645,649,375,659,581,86,0,279,594,700,723,807,739,699,799,713,735,703,613,369,0,0,0,0,1193,1256,1149,61,yewon,cross_leg_right,1
115,1786864858.200943,0,490,467,763,647,648,375,661,583,89,0,283,591,703,727,807,739,697,793,713,733,703,611,367,0,0,0,0,1195,1251,1151,63,yewon,cross_leg_right,1
116,1786864858.201317,0,483,467,757,647,650,376,663,593,91,0,284,597,699,723,805,735,699,803,709,739,709,612,371,0,0,0,0,1197,1253,1149,87,yewon,cross_leg_right,1
117,1786864858.201670,0,483,466,757,639,650,375,663,584,93,0,268,591,701,723,805,735,697,805,715,735,702,613,373,0,0,0,0,1203,1255,1150,68,yewon,cross_leg_right,1
118,1786864858.202023,0,482,467,755,639,651,375,665,586,99,0,263,595,701,723,805,735,699,805,713,739,713,613,375,0,0,0,0,1203,1253,1150,67,yewon,cross_leg_right,1
119,1786864858.202352,0,477,467,755,646,651,375,665,585,99,0,281,597,696,721,805,738,700,804,715,742,711,615,377,0,0,0,0,1195,1254,1159,63,yewon,cross_leg_right,1
120,1786864858.202690,0,473,461,751,639,651,375,667,589,102,0,287,588,696,722,803,735,699,805,714,739,704,615,367,0,0,0,0,1198,1247,1147,73,yewon,cross_leg_right,1
121,1786864858.203021,0,475,461,754,647,650,377,666,587,103,0,275,589,700,721,803,734,699,805,714,739,711,614,379,0,0,0,0,1204,1251,1157,79,yewon,cross_leg_right,1
122,1786864858.203350,0,472,460,750,647,652,377,667,589,103,0,269,590,699,719,803,733,700,805,715,754,712,615,381,0,0,0,0,1192,1254,1157,77,yewon,cross_leg_right,1
123,1786864858.203687,0,469,458,751,636,651,376,667,591,105,0,267,591,701,721,799,727,701,805,717,733,725,615,381,0,0,0,0,1197,1261,1158,83,yewon,cross_leg_right,1
124,1786864858.204014,0,461,461,750,636,653,377,668,591,107,0,254,594,697,723,799,731,700,806,717,738,711,616,392,0,0,0,0,1197,1251,1161,87,yewon,cross_leg_right,1
125,1786864858.204355,0,466,461,749,635,653,377,667,589,107,0,261,591,697,723,799,731,700,803,717,741,712,617,405,0,0,0,0,1197,1256,1161,91,yewon,cross_leg_right,1
126,1786864858.204683,0,466,461,750,631,651,377,669,591,108,0,251,585,699,722,799,735,701,807,717,739,711,616,391,0,0,0,0,1197,1255,1160,93,yewon,cross_leg_right,1
127,1786864858.205003,0,467,457,750,637,652,377,671,594,109,0,251,588,699,719,802,728,701,805,716,739,711,616,389,0,0,0,0,1203,1256,1160,93,yewon,cross_leg_right,1
128,1786864858.205320,0,465,460,749,635,653,379,669,591,108,0,251,587,699,723,800,735,703,806,717,740,703,615,379,0,0,0,0,1195,1254,1160,89,yewon,cross_leg_right,1
129,1786864858.205629,0,469,461,749,637,652,376,667,593,107,0,261,590,693,722,803,733,703,807,717,741,714,617,391,0,0,0,0,1195,1256,1161,94,yewon,cross_leg_right,1
130,1786864858.205951,0,467,460,751,649,651,377,671,593,107,0,262,586,696,723,804,735,701,786,713,741,715,617,391,0,0,0,0,1193,1256,1161,95,yewon,cross_leg_right,1
131,1786864858.206261,0,469,461,751,637,653,378,671,593,109,0,263,590,687,722,803,743,701,805,717,741,709,616,391,0,0,0,0,1199,1255,1164,99,yewon,cross_leg_right,1
132,1786864858.206578,0,472,461,750,635,651,377,669,595,109,0,254,590,696,721,804,735,703,809,717,740,712,616,391,0,0,0,0,1199,1255,1160,94,yewon,cross_leg_right,1
133,1786864858.206889,0,474,463,751,637,652,377,671,595,109,0,255,587,697,722,805,749,701,806,715,737,712,617,391,0,0,0,0,1191,1256,1160,91,yewon,cross_leg_right,1
134,1786864858.207201,0,475,463,751,645,651,377,671,595,108,0,263,597,697,723,803,737,709,809,717,739,714,617,391,0,0,0,0,1199,1255,1160,90,yewon,cross_leg_right,1
135,1786864858.207519,0,475,463,755,639,653,379,671,594,106,0,265,588,717,723,806,743,709,808,717,740,711,617,393,0,0,0,0,1205,1257,1158,98,yewon,cross_leg_right,1
136,1786864858.207830,0,474,466,755,638,653,377,669,591,109,0,263,589,719,722,805,735,709,807,725,741,713,617,391,0,0,0,0,1195,1256,1162,99,yewon,cross_leg_right,1
137,1786864858.208153,0,477,462,755,624,651,377,671,595,105,0,267,591,701,723,805,737,709,808,713,740,711,617,391,0,0,0,0,1201,1253,1159,94,yewon,cross_leg_right,1
138,1786864858.208460,0,479,465,755,645,652,377,669,593,107,0,269,599,703,723,805,735,709,807,716,741,708,617,391,0,0,0,0,1199,1253,1161,91,yewon,cross_leg_right,1
139,1786864858.208771,0,479,463,756,638,653,377,677,594,105,0,271,597,700,723,805,737,709,811,704,741,712,617,392,0,0,0,0,1199,1251,1157,94,yewon,cross_leg_right,1
140,1786864858.209085,0,483,466,757,639,651,377,677,591,105,0,268,595,698,723,807,738,709,809,711,740,713,617,391,0,0,0,0,1196,1275,1160,92,yewon,cross_leg_right,1
141,1786864858.209396,0,481,466,757,645,652,379,671,595,107,0,269,596,699,723,806,739,709,803,714,740,719,617,393,0,0,0,0,1203,1259,1159,95,yewon,cross_leg_right,1
142,1786864858.209715,0,483,465,755,646,651,377,671,595,107,0,269,597,693,723,806,739,703,805,717,740,715,616,393,0,0,0,0,1199,1253,1160,91,yewon,cross_leg_right,1
143,1786864858.210022,0,479,467,756,637,651,377,669,595,107,0,275,596,687,723,806,739,709,811,717,752,711,617,393,0,0,0,0,1195,1259,1161,91,yewon,cross_leg_right,1
144,1786864858.210331,0,479,469,757,647,652,377,671,595,107,0,281,595,696,724,807,739,708,807,717,741,711,617,392,0,0,0,0,1195,1285,1151,97,yewon,cross_leg_right,1
145,1786864858.210649,0,479,469,757,645,651,381,671,598,107,0,274,597,701,719,807,740,710,807,717,741,712,621,393,0,0,0,0,1204,1255,1159,95,yewon,cross_leg_right,1
146,1786864858.210962,0,471,468,755,639,652,377,674,595,107,0,279,595,701,723,806,739,710,809,718,729,716,617,393,0,0,0,0,1197,1255,1159,95,yewon,cross_leg_right,1
147,1786864858.211280,0,477,467,757,639,651,377,671,595,109,0,277,593,701,723,807,738,708,805,717,740,713,617,393,0,0,0,0,1203,1256,1163,95,yewon,cross_leg_right,1
148,1786864858.211590,0,483,467,757,645,651,377,671,595,109,0,276,597,700,723,805,739,704,805,718,744,713,617,391,0,0,0,0,1205,1254,1160,91,yewon,cross_leg_right,1
149,1786864858.211897,0,479,467,757,637,651,377,671,595,108,0,279,587,699,723,806,739,703,807,719,743,709,617,393,0,0,0,0,1197,1253,1159,90,yewon,cross_leg_right,1
150,1786864858.212214,0,483,467,756,645,653,377,675,595,108,0,276,598,697,723,807,739,709,809,717,741,712,617,393,0,0,0,0,1203,1255,1161,95,yewon,cross_leg_right,1
151,1786864858.212523,0,479,467,756,645,653,377,670,591,103,0,279,611,697,722,807,739,709,807,717,743,712,617,393,0,0,0,0,1209,1251,1160,99,yewon,cross_leg_right,1
152,1786864858.212845,0,483,467,756,647,651,377,671,596,109,0,275,591,697,724,806,735,708,807,717,735,713,616,393,0,0,0,0,1196,1246,1162,99,yewon,cross_leg_right,1
153,1786864858.213137,0,479,467,756,639,651,377,669,595,108,0,275,597,701,725,808,740,708,809,716,741,713,617,392,0,0,0,0,1193,1255,1161,99,yewon,cross_leg_right,1
154,1786864858.213438,0,482,467,757,639,651,377,670,593,108,0,277,595,703,723,807,739,709,806,719,743,700,618,393,0,0,0,0,1195,1251,1161,101,yewon,cross_leg_right,1
155,1786864858.213764,0,481,469,757,637,651,377,671,595,109,0,278,597,703,723,807,739,703,805,718,741,713,616,393,0,0,0,0,1197,1256,1161,101,yewon,cross_leg_right,1
156,1786864858.214053,0,485,467,755,637,651,376,675,595,111,0,277,580,699,723,807,739,703,807,719,741,713,617,393,0,0,0,0,1197,1255,1169,103,yewon,cross_leg_right,1
157,1786864858.214351,0,479,467,757,645,648,373,670,595,109,0,273,601,701,723,807,741,710,808,719,741,711,627,391,0,0,0,0,1199,1255,1162,99,yewon,cross_leg_right,1
158,1786864858.214642,0,479,469,756,639,650,376,671,597,110,0,276,596,701,725,806,741,708,808,718,742,715,617,395,0,0,0,0,1198,1253,1162,99,yewon,cross_leg_right,1
159,1786864858.214937,0,479,467,757,637,651,377,671,597,110,0,279,597,699,723,807,740,709,809,723,741,714,617,393,0,0,0,0,1202,1251,1161,99,yewon,cross_leg_right,1
160,1786864858.215228,0,479,467,757,645,651,377,671,596,111,0,283,586,701,723,809,740,709,806,718,741,717,617,395,0,0,0,0,1203,1257,1158,101,yewon,cross_leg_right,1
161,1786864858.215519,0,476,466,757,644,651,377,670,596,115,0,281,581,701,724,807,741,709,797,722,745,713,617,393,0,0,0,0,1180,1255,1159,95,yewon,cross_leg_right,1
162,1786864858.215817,0,477,467,756,647,651,377,670,596,111,0,279,597,700,723,808,741,710,813,718,743,709,617,395,0,0,0,0,1198,1257,1151,95,yewon,cross_leg_right,1
163,1786864858.216108,0,471,467,757,637,651,377,681,595,111,0,280,596,697,723,809,741,710,805,717,739,715,618,394,0,0,0,0,1187,1241,1159,93,yewon,cross_leg_right,1
164,1786864858.216405,0,476,468,756,639,651,379,677,596,111,0,276,599,709,723,808,740,710,807,742,739,714,618,395,0,0,0,0,1195,1255,1159,91,yewon,cross_leg_right,1
165,1786864858.216698,0,478,468,757,644,651,378,675,597,112,0,286,602,699,723,809,741,711,793,716,741,715,617,395,0,0,0,0,1194,1255,1159,91,yewon,cross_leg_right,1
166,1786864858.216985,0,478,469,759,638,650,378,675,596,111,0,283,599,703,723,809,739,709,820,719,741,713,616,395,0,0,0,0,1199,1255,1159,93,yewon,cross_leg_right,1
167,1786864858.217280,0,476,467,757,636,650,378,676,595,110,0,277,599,699,721,812,739,711,808,717,741,713,617,395,0,0,0,0,1199,1253,1158,88,yewon,cross_leg_right,1
168,1786864858.217569,0,477,463,758,638,650,377,670,598,111,0,297,597,711,722,809,741,709,806,718,743,713,616,393,0,0,0,0,1199,1249,1159,86,yewon,cross_leg_right,1
169,1786864858.217865,0,485,468,758,634,649,377,676,597,110,0,283,617,703,723,809,741,710,813,718,743,712,617,393,0,0,0,0,1190,1255,1159,91,yewon,cross_leg_right,1
170,1786864858.218154,0,481,468,758,636,651,377,675,595,109,0,285,598,699,723,809,741,709,808,717,741,711,617,393,0,0,0,0,1198,1253,1159,85,yewon,cross_leg_right,1
171,1786864858.218448,0,479,469,758,637,650,377,664,595,108,0,291,598,699,721,810,742,710,809,724,742,712,617,394,0,0,0,0,1205,1255,1159,90,yewon,cross_leg_right,1
172,1786864858.218740,0,483,469,759,640,650,377,674,597,105,0,295,599,701,724,809,741,711,808,719,735,711,616,393,0,0,0,0,1198,1252,1159,75,yewon,cross_leg_right,1
173,1786864858.219018,0,478,469,759,639,651,377,671,597,105,0,298,597,700,724,810,741,711,809,717,745,713,616,393,0,0,0,0,1199,1267,1159,85,yewon,cross_leg_right,1
174,1786864858.219304,0,483,469,757,637,650,376,671,596,104,0,297,600,703,724,810,741,711,808,719,739,711,617,392,0,0,0,0,1199,1227,1158,83,yewon,cross_leg_right,1
175,1786864858.219584,0,472,469,757,644,650,377,680,595,107,0,309,599,699,723,811,741,711,811,719,741,714,619,393,0,0,0,0,1199,1243,1159,87,yewon,cross_leg_right,1
176,1786864858.219900,0,476,469,757,635,649,377,683,595,107,0,314,600,702,725,811,742,711,806,715,742,712,617,393,0,0,0,0,1202,1289,1159,83,yewon,cross_leg_right,1
177,1786864858.220210,0,483,471,755,637,649,376,671,599,106,0,299,598,709,725,811,740,711,805,716,740,711,617,393,0,0,0,0,1193,1251,1159,77,yewon,cross_leg_right,1
178,1786864858.220516,0,483,469,757,638,653,377,675,595,105,0,302,600,703,735,811,743,711,808,717,741,714,619,393,0,0,0,0,1198,1252,1177,87,yewon,cross_leg_right,1
179,1786864858.220795,0,485,469,758,635,650,377,675,596,105,0,303,600,709,725,813,741,711,812,713,742,713,617,394,0,0,0,0,1199,1263,1157,87,yewon,cross_leg_right,1
180,1786864858.221076,0,481,469,759,631,649,377,675,595,105,0,307,599,701,726,813,739,712,805,715,741,715,617,395,0,0,0,0,1199,1270,1159,89,yewon,cross_leg_right,1
181,1786864858.221372,0,485,471,758,637,650,377,675,598,106,0,309,600,701,723,811,741,711,809,717,735,713,617,393,0,0,0,0,1201,1239,1159,83,yewon,cross_leg_right,1
182,1786864858.221656,0,486,469,759,639,649,377,677,597,109,0,285,599,703,724,811,741,711,808,721,741,714,616,395,0,0,0,0,1199,1259,1162,87,yewon,cross_leg_right,1
183,1786864858.221946,0,483,470,757,648,649,377,675,596,108,0,305,599,701,725,810,742,711,806,721,741,713,617,392,0,0,0,0,1215,1239,1165,89,yewon,cross_leg_right,1
184,1786864858.222229,0,483,467,759,639,651,377,671,597,107,0,305,599,716,726,809,743,711,805,715,742,713,619,393,0,0,0,0,1202,1253,1159,83,yewon,cross_leg_right,1
185,1786864858.222511,0,483,469,758,647,649,375,676,599,106,0,309,600,709,725,811,743,711,813,717,742,713,617,392,0,0,0,0,1202,1255,1157,87,yewon,cross_leg_right,1
186,1786864858.222799,0,470,469,757,639,649,376,677,599,117,0,302,601,703,724,811,739,711,809,721,742,717,617,395,0,0,0,0,1199,1253,1159,86,yewon,cross_leg_right,1
187,1786864858.223081,0,483,469,757,637,649,377,663,597,109,0,296,600,703,725,811,741,710,807,719,739,713,617,394,0,0,0,0,1207,1235,1157,87,yewon,cross_leg_right,1
188,1786864858.223365,0,481,467,757,639,649,377,677,597,109,0,309,599,709,725,812,741,711,807,718,743,716,617,394,0,0,0,0,1199,1240,1158,78,yewon,cross_leg_right,1
189,1786864858.223644,0,483,469,757,637,649,376,677,593,109,0,309,599,696,724,811,740,711,807,722,743,715,617,394,0,0,0,0,1197,1253,1157,97,yewon,cross_leg_right,1
190,1786864858.223927,0,484,469,757,639,649,377,677,597,109,0,309,600,697,721,811,741,711,810,725,728,713,617,395,0,0,0,0,1202,1256,1159,77,yewon,cross_leg_right,1
191,1786864858.224218,0,485,469,758,635,649,377,669,599,111,0,308,600,709,725,811,741,711,807,717,741,713,617,394,0,0,0,0,1195,1244,1159,83,yewon,cross_leg_right,1
192,1786864858.224498,0,482,469,757,635,647,379,675,597,101,0,310,601,725,725,813,739,711,811,721,742,712,617,395,0,0,0,0,1199,1258,1159,79,yewon,cross_leg_right,1
193,1786864858.224787,0,482,469,757,639,649,376,674,597,111,0,309,599,727,725,811,743,711,806,717,743,713,617,397,0,0,0,0,1199,1246,1157,75,yewon,cross_leg_right,1
194,1786864858.225069,0,483,469,757,645,649,377,677,598,114,0,311,598,697,727,810,740,712,813,719,743,713,616,395,0,0,0,0,1201,1252,1157,76,yewon,cross_leg_right,1
195,1786864858.225356,0,479,467,759,645,648,374,675,601,111,0,312,601,701,725,815,741,711,809,721,743,713,615,395,0,0,0,0,1202,1253,1147,78,yewon,cross_leg_right,1
196,1786864858.225647,0,492,469,757,644,649,377,675,607,114,0,310,599,707,725,810,740,711,808,722,741,713,617,394,0,0,0,0,1202,1255,1151,73,yewon,cross_leg_right,1
197,1786864858.225927,0,483,467,757,637,649,376,679,599,115,0,311,600,711,725,811,743,711,812,715,743,714,616,393,0,0,0,0,1200,1251,1157,88,yewon,cross_leg_right,1
198,1786864858.226220,0,482,468,758,637,648,377,671,597,115,0,309,600,696,725,811,740,710,807,723,742,715,616,395,0,0,0,0,1199,1255,1157,77,yewon,cross_leg_right,1
199,1786864858.226503,0,482,468,756,639,648,379,677,597,111,0,310,600,703,725,812,740,711,810,718,742,715,605,394,0,0,0,0,1202,1253,1157,82,yewon,cross_leg_right,1
200,1786864858.226781,0,482,471,757,639,648,379,668,599,117,0,311,600,709,725,812,739,712,811,723,743,714,617,395,0,0,0,0,1199,1259,1157,76,yewon,cross_leg_right,1
201,1786864858.227065,0,479,467,759,645,649,379,675,599,123,0,311,601,701,725,811,741,711,809,722,744,715,616,395,0,0,0,0,1203,1252,1157,77,yewon,cross_leg_right,1
202,1786864858.227338,0,479,469,757,638,649,383,677,599,122,0,309,601,701,723,815,739,711,809,715,745,713,615,393,0,0,0,0,1199,1253,1159,79,yewon,cross_leg_right,1
203,1786864858.227621,0,477,468,758,644,649,377,675,599,125,0,312,599,725,723,812,741,710,810,719,757,711,619,395,0,0,0,0,1205,1255,1151,83,yewon,cross_leg_right,1
204,1786864858.227900,0,477,469,757,643,649,379,680,600,127,0,311,600,703,723,811,741,711,811,717,743,715,617,396,0,0,0,0,1203,1259,1151,59,yewon,cross_leg_right,1
205,1786864858.228175,0,478,469,756,638,647,379,677,601,125,0,307,600,701,723,815,739,711,809,722,742,715,620,397,0,0,0,0,1202,1270,1151,85,yewon,cross_leg_right,1
206,1786864858.228458,0,477,469,757,639,649,381,679,601,123,0,312,599,703,725,810,741,711,809,723,743,715,617,395,0,0,0,0,1193,1253,1151,79,yewon,cross_leg_right,1
207,1786864858.228740,0,476,467,757,639,648,379,679,601,123,0,313,600,703,725,813,739,711,810,716,741,715,617,395,0,0,0,0,1199,1279,1149,86,yewon,cross_leg_right,1
208,1786864858.229017,0,475,467,755,640,650,380,677,603,121,0,309,599,708,725,809,741,711,813,723,745,718,615,395,0,0,0,0,1203,1260,1157,79,yewon,cross_leg_right,1
209,1786864858.229293,0,473,466,755,639,651,379,680,600,123,0,306,599,703,725,807,741,709,827,725,744,714,619,395,0,0,0,0,1199,1247,1158,82,yewon,cross_leg_right,1
210,1786864858.229564,0,471,467,751,638,651,381,680,599,121,0,302,598,703,725,810,741,711,808,729,743,715,617,397,0,0,0,0,1200,1254,1157,75,yewon,cross_leg_right,1
211,1786864858.229844,0,470,465,755,639,651,379,675,601,125,0,300,598,701,725,811,739,709,795,717,743,714,616,394,0,0,0,0,1200,1255,1156,77,yewon,cross_leg_right,1
212,1786864858.230132,0,471,463,751,637,651,381,677,601,127,0,298,599,701,723,807,741,710,808,713,743,715,616,394,0,0,0,0,1201,1252,1159,87,yewon,cross_leg_right,1
213,1786864858.230413,0,469,467,755,639,649,374,679,599,135,0,297,598,701,723,809,739,703,809,726,743,714,617,397,0,0,0,0,1203,1255,1159,75,yewon,cross_leg_right,1
214,1786864858.230683,0,468,463,751,645,651,379,677,599,136,0,296,597,700,725,810,743,709,809,721,743,715,617,397,0,0,0,0,1199,1251,1149,83,yewon,cross_leg_right,1
215,1786864858.230952,0,468,463,755,645,649,379,679,602,139,0,295,599,701,726,807,739,711,807,723,743,703,616,397,0,0,0,0,1203,1256,1150,79,yewon,cross_leg_right,1
216,1786864858.231227,0,469,465,751,645,651,383,679,601,143,0,293,597,701,721,807,741,711,809,718,743,715,618,397,0,0,0,0,1199,1241,1150,87,yewon,cross_leg_right,1
217,1786864858.231495,0,465,465,751,639,651,380,681,601,143,0,293,597,701,724,808,740,710,819,718,743,727,617,395,0,0,0,0,1199,1245,1157,91,yewon,cross_leg_right,1
218,1786864858.231771,0,470,465,751,639,651,379,683,601,147,0,294,598,701,725,807,740,709,809,725,743,715,618,397,0,0,0,0,1199,1254,1157,85,yewon,cross_leg_right,1
219,1786864858.232037,0,469,463,751,634,653,383,680,603,146,0,292,598,702,723,809,741,710,809,709,743,715,619,397,0,0,0,0,1199,1231,1151,89,yewon,cross_leg_right,1
220,1786864858.232307,0,463,466,751,639,652,383,691,601,147,0,293,597,703,724,809,741,711,811,715,743,715,618,397,0,0,0,0,1203,1257,1157,87,yewon,cross_leg_right,1
221,1786864858.232584,0,471,463,751,639,652,389,683,601,147,0,293,597,702,725,809,741,711,810,722,743,715,621,397,0,0,0,0,1199,1255,1157,84,yewon,cross_leg_right,1
222,1786864858.232850,0,469,467,776,637,653,391,681,603,141,0,291,597,702,723,815,739,709,809,721,743,715,615,396,0,0,0,0,1199,1253,1160,85,yewon,cross_leg_right,1
223,1786864858.233122,0,473,463,752,644,653,391,681,603,149,0,291,597,701,723,813,738,710,809,719,743,714,619,397,0,0,0,0,1203,1255,1159,87,yewon,cross_leg_right,1
224,1786864858.233388,0,470,463,751,646,653,391,683,601,141,0,287,597,700,725,806,743,711,810,723,743,716,617,397,0,0,0,0,1199,1253,1157,87,yewon,cross_leg_right,1
225,1786864858.233657,0,475,468,755,637,655,393,683,601,148,0,287,597,701,723,811,735,712,810,723,744,715,613,393,0,0,0,0,1202,1254,1151,77,yewon,cross_leg_right,1
226,1786864858.233977,0,470,466,751,639,652,395,682,602,147,0,287,597,703,723,807,740,712,821,723,743,715,615,398,0,0,0,0,1203,1251,1156,77,yewon,cross_leg_right,1
227,1786864858.234261,0,471,463,750,640,654,395,681,603,146,0,291,597,701,723,800,737,711,811,722,745,715,619,396,0,0,0,0,1199,1252,1148,91,yewon,cross_leg_right,1
228,1786864858.234557,0,473,463,751,637,651,395,683,603,139,0,283,597,701,719,799,741,711,811,723,745,716,613,397,0,0,0,0,1199,1252,1150,77,yewon,cross_leg_right,1
229,1786864858.234833,0,472,469,753,645,653,395,677,601,143,0,288,599,701,725,805,740,711,810,721,745,715,618,397,0,0,0,0,1199,1245,1150,83,yewon,cross_leg_right,1
230,1786864858.235114,0,472,467,751,645,652,395,685,603,143,0,291,597,701,724,809,741,709,823,723,743,715,617,397,0,0,0,0,1197,1255,1151,78,yewon,cross_leg_right,1
231,1786864858.235395,0,473,467,751,639,653,397,684,602,142,0,285,597,701,719,811,735,710,810,723,747,715,617,401,0,0,0,0,1197,1253,1151,75,yewon,cross_leg_right,1
232,1786864858.235673,0,474,467,751,644,655,395,683,605,142,0,292,597,701,725,813,742,711,809,724,744,716,617,398,0,0,0,0,1197,1237,1149,75,yewon,cross_leg_right,1
233,1786864858.235960,0,475,463,750,639,651,393,685,603,150,0,291,597,701,723,809,739,711,811,703,743,713,619,398,0,0,0,0,1197,1262,1151,78,yewon,cross_leg_right,1
234,1786864858.236233,0,475,466,751,639,652,394,684,603,149,0,292,599,703,723,807,741,711,810,722,743,716,617,397,0,0,0,0,1197,1253,1157,76,yewon,cross_leg_right,1
235,1786864858.236515,0,475,467,751,645,651,395,697,604,149,0,291,599,703,723,797,739,710,809,717,749,715,619,397,0,0,0,0,1203,1247,1150,77,yewon,cross_leg_right,1
236,1786864858.236787,0,475,467,755,639,651,395,685,604,151,0,291,597,701,725,815,741,709,811,724,745,719,621,397,0,0,0,0,1197,1257,1149,78,yewon,cross_leg_right,1
237,1786864858.237064,0,475,469,751,646,654,394,691,606,158,0,291,599,702,715,808,739,709,809,723,744,715,621,397,0,0,0,0,1197,1252,1150,79,yewon,cross_leg_right,1
238,1786864858.237345,0,475,467,751,645,653,395,686,603,151,0,288,599,702,716,805,739,711,809,724,744,716,619,399,0,0,0,0,1195,1253,1151,59,yewon,cross_leg_right,1
239,1786864858.237621,0,485,467,751,639,653,396,687,607,153,0,291,599,703,724,807,739,711,810,729,744,713,621,397,0,0,0,0,1200,1250,1146,83,yewon,cross_leg_right,1
240,1786864858.237903,0,474,469,749,646,650,394,687,601,153,0,287,597,702,723,805,739,710,809,723,745,715,617,397,0,0,0,0,1197,1252,1151,77,yewon,cross_leg_right,1
241,1786864858.238179,0,473,463,754,645,652,397,687,619,153,0,286,597,701,723,807,743,709,811,723,744,715,621,393,0,0,0,0,1196,1253,1160,79,yewon,cross_leg_right,1
242,1786864858.238453,0,473,461,749,639,652,395,687,605,154,0,287,597,702,717,808,741,704,809,723,744,715,619,397,0,0,0,0,1196,1251,1149,81,yewon,cross_leg_right,1
243,1786864858.238736,0,479,467,749,639,655,395,685,605,155,0,285,597,701,723,805,739,704,811,711,745,717,617,399,0,0,0,0,1197,1251,1150,79,yewon,cross_leg_right,1
244,1786864858.239006,0,472,466,749,639,653,395,687,607,155,0,285,599,702,724,808,739,709,809,727,745,715,619,401,0,0,0,0,1196,1252,1151,89,yewon,cross_leg_right,1
245,1786864858.239280,0,470,466,748,647,653,397,687,607,155,0,285,597,701,713,807,738,703,811,722,743,717,619,399,0,0,0,0,1197,1255,1149,91,yewon,cross_leg_right,1
246,1786864858.239546,0,467,461,747,637,655,394,687,611,155,0,285,597,703,734,805,739,709,809,722,742,714,621,401,0,0,0,0,1195,1251,1151,79,yewon,cross_leg_right,1
247,1786864858.239812,0,466,461,744,638,653,395,687,603,154,0,285,597,701,724,805,738,703,807,723,745,718,620,398,0,0,0,0,1195,1251,1149,82,yewon,cross_leg_right,1
248,1786864858.240077,0,456,459,742,635,654,403,687,606,155,0,286,597,701,726,799,738,703,809,721,745,716,621,403,0,0,0,0,1195,1252,1159,83,yewon,cross_leg_right,1
249,1786864858.240345,0,453,456,740,637,655,393,684,603,153,0,286,597,701,723,805,741,703,807,719,743,718,621,399,0,0,0,0,1195,1251,1151,83,yewon,cross_leg_right,1
250,1786864858.248648,0,447,456,741,637,651,395,685,604,153,0,285,598,700,723,806,735,702,808,717,743,713,621,401,0,0,0,0,1195,1252,1157,82,yewon,cross_leg_right,1
251,1786864858.268701,0,445,455,739,631,658,383,685,605,155,0,280,597,700,716,807,746,701,805,719,744,715,618,402,0,0,0,0,1193,1251,1151,83,yewon,cross_leg_right,1
252,1786864858.288716,0,442,456,735,635,655,391,687,607,153,0,284,597,701,723,805,728,701,807,719,743,715,619,403,0,0,0,0,1193,1251,1156,79,yewon,cross_leg_right,1
253,1786864858.308665,0,439,453,735,633,655,393,687,611,155,0,285,597,703,723,804,733,701,807,719,744,716,618,403,0,0,0,0,1191,1251,1157,85,yewon,cross_leg_right,1
254,1786864858.328683,0,437,453,735,634,659,391,687,615,158,0,285,597,701,725,805,735,699,807,717,745,713,617,405,0,0,0,0,1191,1247,1151,83,yewon,cross_leg_right,1
255,1786864858.348738,0,437,455,739,636,654,375,687,609,158,0,285,597,702,724,799,739,697,804,721,746,717,619,407,0,0,0,0,1191,1249,1149,89,yewon,cross_leg_right,1
256,1786864858.368775,0,439,455,739,638,655,395,685,609,156,0,284,599,703,725,807,739,696,803,716,743,715,615,407,0,0,0,0,1187,1245,1149,89,yewon,cross_leg_right,1
257,1786864858.388748,0,441,453,740,638,653,379,681,607,157,0,283,599,701,727,807,735,695,800,714,741,713,627,408,0,0,0,0,1182,1242,1147,89,yewon,cross_leg_right,1
258,1786864858.408783,0,441,457,741,645,655,379,679,605,149,0,283,599,703,721,803,733,688,796,708,741,714,613,408,0,0,0,0,1178,1240,1149,89,yewon,cross_leg_right,1
259,1786864858.429556,0,441,457,739,639,655,381,677,603,149,0,285,600,701,719,797,729,683,795,709,739,695,619,407,0,0,0,0,1173,1238,1145,89,yewon,cross_leg_right,1
260,1786864858.449739,0,438,445,739,640,661,379,676,603,140,0,285,601,703,727,795,728,681,791,701,738,711,613,406,0,0,0,0,1166,1235,1143,86,yewon,cross_leg_right,1
261,1786864858.469968,0,435,444,733,629,664,378,671,600,124,0,287,600,700,719,793,724,678,788,699,735,712,616,403,0,0,0,0,1163,1231,1134,75,yewon,cross_leg_right,1
262,1786864858.489771,0,431,441,731,639,661,381,671,601,119,0,296,601,702,723,797,723,675,783,697,733,709,613,405,0,0,0,0,1162,1229,1140,67,yewon,cross_leg_right,1
263,1786864858.509763,0,436,441,733,639,664,395,670,601,119,0,310,602,702,719,795,718,675,783,699,733,711,619,405,0,0,0,0,1159,1229,1129,53,yewon,cross_leg_right,1
264,1786864858.529721,0,447,442,731,646,667,407,674,600,137,0,325,607,703,723,795,716,671,783,701,734,711,619,407,0,0,0,0,1161,1229,1124,43,yewon,cross_leg_right,1
265,1786864858.549741,0,465,446,735,649,671,416,672,601,159,0,330,607,704,725,799,721,671,787,711,735,712,615,409,0,0,0,0,1161,1227,1125,41,yewon,cross_leg_right,1
266,1786864858.569561,0,485,447,741,654,680,429,679,603,157,0,338,611,711,726,796,719,672,791,713,739,711,615,410,0,0,0,0,1160,1229,1126,37,yewon,cross_leg_right,1
267,1786864858.589732,0,499,459,743,660,683,437,683,609,159,0,347,613,714,724,803,717,677,791,709,740,713,619,413,0,0,0,0,1161,1229,1123,36,yewon,cross_leg_right,1
268,1786864858.609758,0,507,469,748,665,681,441,685,603,163,0,347,612,715,733,796,719,677,791,715,741,717,621,415,0,0,0,0,1161,1229,1126,35,yewon,cross_leg_right,1
269,1786864858.629733,0,523,463,754,669,687,447,685,612,165,0,349,613,715,729,795,717,675,791,715,741,715,615,414,0,0,0,0,1159,1227,1116,31,yewon,cross_leg_right,1
270,1786864858.649719,0,529,469,756,668,687,446,685,610,164,0,347,610,714,723,797,713,671,789,713,740,713,611,413,0,0,0,0,1160,1226,1119,27,yewon,cross_leg_right,1
271,1786864858.669623,0,529,470,758,676,685,445,685,613,165,0,347,613,713,725,798,715,668,786,711,739,713,617,410,0,0,0,0,1149,1224,1113,23,yewon,cross_leg_right,1
272,1786864858.689759,0,525,472,760,669,692,452,685,608,163,0,345,610,713,725,795,711,664,779,703,737,711,615,409,0,0,0,0,1147,1223,1111,23,yewon,cross_leg_right,1
273,1786864858.709896,0,521,473,759,666,679,445,687,612,163,0,344,611,713,719,790,711,665,776,701,733,709,615,405,0,0,0,0,1145,1215,1108,21,yewon,cross_leg_right,1
274,1786864858.729823,0,508,471,758,669,682,443,687,611,159,0,342,606,709,721,790,701,661,768,703,733,709,617,404,0,0,0,0,1143,1220,1085,21,yewon,cross_leg_right,1
275,1786864858.749784,0,499,467,751,668,683,443,686,607,159,0,343,612,709,723,787,702,660,767,699,733,711,615,407,0,0,0,0,1144,1215,1105,21,yewon,cross_leg_right,1
276,1786864858.769908,0,494,462,749,666,685,441,685,613,159,0,344,611,710,723,782,703,660,766,699,733,703,615,408,0,0,0,0,1144,1215,1109,23,yewon,cross_leg_right,1
277,1786864858.789772,0,485,462,745,663,687,431,685,611,164,0,343,603,709,723,789,699,660,775,715,731,703,615,410,0,0,0,0,1139,1211,1108,21,yewon,cross_leg_right,1
278,1786864858.809745,0,483,459,746,665,687,442,685,612,166,0,344,604,711,723,788,699,659,773,702,739,711,618,412,0,0,0,0,1143,1213,1107,21,yewon,cross_leg_right,1
279,1786864858.829737,0,479,457,745,665,687,444,685,611,167,0,347,607,709,719,790,698,661,778,711,738,713,615,414,0,0,0,0,1143,1215,1111,22,yewon,cross_leg_right,1
280,1786864858.849743,0,479,456,745,664,691,445,685,611,168,0,347,612,711,723,789,701,661,781,713,739,711,619,414,0,0,0,0,1146,1215,1112,21,yewon,cross_leg_right,1
281,1786864858.869738,0,483,457,745,665,691,445,687,611,169,0,347,612,711,723,791,703,661,803,715,745,715,619,416,0,0,0,0,1135,1221,1103,25,yewon,cross_leg_right,1
282,1786864858.889748,0,473,457,745,662,693,446,687,607,169,0,344,611,711,722,791,709,660,783,713,741,713,621,420,0,0,0,0,1145,1215,1115,26,yewon,cross_leg_right,1
283,1786864858.909660,0,474,456,744,662,687,441,685,614,169,0,347,607,710,723,787,703,659,782,713,740,713,619,421,0,0,0,0,1143,1221,1112,26,yewon,cross_leg_right,1
284,1786864858.929751,0,471,445,744,663,683,444,687,615,169,0,345,606,708,731,789,700,661,783,715,741,714,621,425,0,0,0,0,1148,1223,1126,27,yewon,cross_leg_right,1
285,1786864858.949742,0,463,455,743,662,687,438,687,615,167,0,344,607,710,731,793,703,660,782,713,740,713,618,419,0,0,0,0,1148,1221,1145,28,yewon,cross_leg_right,1
286,1786864858.969713,0,458,447,742,662,685,437,686,610,165,0,339,603,709,718,790,703,660,780,713,735,712,605,421,0,0,0,0,1147,1223,1117,29,yewon,cross_leg_right,1
287,1786864858.989574,0,455,457,743,661,683,435,686,607,164,0,340,606,703,713,789,709,659,781,711,735,713,619,421,0,0,0,0,1145,1221,1115,27,yewon,cross_leg_right,1
288,1786864859.009270,0,457,455,743,661,687,430,685,617,164,0,336,606,709,723,791,699,659,781,712,733,713,620,419,0,0,0,0,1141,1221,1115,28,yewon,cross_leg_right,1
289,1786864859.029743,0,459,453,743,661,685,429,687,613,165,0,341,604,703,725,793,710,659,781,712,739,713,623,419,0,0,0,0,1145,1221,1119,29,yewon,cross_leg_right,1
290,1786864859.049722,0,459,453,743,661,683,431,686,605,164,0,340,603,709,723,790,703,661,781,713,740,709,619,415,0,0,0,0,1142,1213,1115,31,yewon,cross_leg_right,1
291,1786864859.069728,0,467,453,743,661,685,435,693,612,167,0,340,605,709,722,789,703,662,779,711,740,703,619,421,0,0,0,0,1145,1223,1118,29,yewon,cross_leg_right,1
292,1786864859.089746,0,468,454,745,661,683,439,686,617,165,0,343,607,703,718,791,702,661,786,714,740,713,615,420,0,0,0,0,1147,1222,1114,31,yewon,cross_leg_right,1
293,1786864859.109703,0,469,455,743,659,691,438,687,613,167,0,341,605,704,725,783,709,661,787,714,741,711,614,421,0,0,0,0,1149,1222,1115,35,yewon,cross_leg_right,1
294,1786864859.129730,0,471,456,743,663,687,439,687,613,165,0,341,605,709,719,777,709,661,787,715,741,717,621,423,0,0,0,0,1149,1223,1125,36,yewon,cross_leg_right,1
295,1786864859.149736,0,473,455,743,661,690,437,687,611,167,0,343,611,704,723,791,703,661,789,715,742,715,621,423,0,0,0,0,1145,1229,1119,29,yewon,cross_leg_right,1
296,1786864859.169750,0,471,455,743,661,687,437,687,611,167,0,343,607,703,727,793,699,661,785,715,739,711,619,422,0,0,0,0,1149,1225,1115,35,yewon,cross_leg_right,1
297,1786864859.189763,0,469,444,745,664,687,437,690,617,167,0,342,605,709,726,792,704,663,787,715,741,713,620,421,0,0,0,0,1151,1223,1121,37,yewon,cross_leg_right,1
298,1786864859.208852,0,473,455,745,663,687,436,687,613,167,0,341,604,701,724,791,695,662,787,715,738,713,619,421,0,0,0,0,1144,1222,1116,37,yewon,cross_leg_right,1
299,1786864859.229787,0,473,459,745,660,684,435,687,613,167,0,344,605,711,724,792,715,663,787,713,741,713,619,421,0,0,0,0,1147,1223,1112,33,yewon,cross_leg_right,1
300,1786864859.249752,0,475,454,745,663,691,437,687,615,167,0,343,607,714,730,795,709,663,787,713,741,714,623,420,0,0,0,0,1147,1223,1115,35,yewon,cross_leg_right,1
301,1786864859.269755,0,478,457,746,662,685,430,691,611,167,0,345,607,711,723,791,699,659,787,713,741,714,617,420,0,0,0,0,1144,1221,1115,35,yewon,cross_leg_right,1
302,1786864859.289788,0,482,453,745,663,685,439,687,614,167,0,344,611,709,723,791,699,660,787,712,741,711,623,419,0,0,0,0,1147,1221,1117,35,yewon,cross_leg_right,1
303,1786864859.308862,0,483,457,747,663,685,435,687,613,167,0,346,605,711,725,793,709,663,789,713,740,715,631,420,0,0,0,0,1145,1222,1113,35,yewon,cross_leg_right,1
304,1786864859.329763,0,486,462,747,664,691,437,688,613,167,0,347,605,711,717,790,715,661,790,713,741,713,615,421,0,0,0,0,1147,1221,1117,37,yewon,cross_leg_right,1
305,1786864859.349681,0,487,461,748,663,687,439,687,604,167,0,348,606,711,723,789,709,662,790,713,739,713,623,421,0,0,0,0,1147,1227,1119,31,yewon,cross_leg_right,1
306,1786864859.369773,0,485,459,747,665,686,437,691,613,168,0,348,612,713,723,793,710,661,789,713,741,715,615,421,0,0,0,0,1147,1223,1119,35,yewon,cross_leg_right,1
307,1786864859.389766,0,487,459,748,668,679,438,687,613,169,0,347,610,711,725,794,703,661,789,716,740,717,619,420,0,0,0,0,1149,1222,1115,35,yewon,cross_leg_right,1
308,1786864859.409717,0,488,457,749,663,687,438,688,613,168,0,347,612,711,722,792,697,661,790,713,740,715,623,421,0,0,0,0,1147,1215,1123,35,yewon,cross_leg_right,1
309,1786864859.429724,0,487,459,748,660,685,435,691,613,167,0,349,611,710,722,795,715,661,789,714,742,718,621,421,0,0,0,0,1149,1223,1119,33,yewon,cross_leg_right,1
310,1786864859.449695,0,487,459,748,665,688,443,687,614,168,0,349,605,715,725,792,703,661,789,713,741,713,621,423,0,0,0,0,1147,1222,1119,31,yewon,cross_leg_right,1
311,1786864859.469709,0,488,457,749,664,685,436,687,618,167,0,351,611,715,725,796,703,661,790,713,741,713,617,421,0,0,0,0,1145,1221,1115,35,yewon,cross_leg_right,1
312,1786864859.489740,0,487,457,749,663,687,435,690,611,167,0,351,606,711,727,793,703,661,790,712,739,713,607,421,0,0,0,0,1146,1215,1114,31,yewon,cross_leg_right,1
313,1786864859.509738,0,489,457,749,665,687,445,691,613,168,0,355,607,712,725,793,714,664,789,713,735,714,629,420,0,0,0,0,1147,1215,1121,30,yewon,cross_leg_right,1
314,1786864859.529763,0,489,459,749,661,686,435,687,613,168,0,351,606,712,725,793,711,663,789,713,741,713,621,421,0,0,0,0,1147,1221,1117,35,yewon,cross_leg_right,1
315,1786864859.549682,0,491,461,749,663,687,438,687,612,167,0,355,611,713,727,791,711,663,789,712,740,711,620,419,0,0,0,0,1145,1223,1119,35,yewon,cross_leg_right,1
316,1786864859.569748,0,493,460,751,665,683,437,687,612,168,0,356,611,711,725,793,711,661,787,713,740,727,620,419,0,0,0,0,1145,1221,1103,35,yewon,cross_leg_right,1
317,1786864859.589776,0,493,460,751,667,687,443,691,613,167,0,355,607,713,725,794,715,663,789,713,739,713,621,419,0,0,0,0,1149,1221,1112,33,yewon,cross_leg_right,1
318,1786864859.609701,0,493,461,751,667,691,438,691,613,167,0,356,612,713,725,794,709,663,789,712,738,716,619,415,0,0,0,0,1175,1213,1101,35,yewon,cross_leg_right,1
319,1786864859.629758,0,494,461,750,661,687,437,688,613,167,0,356,616,713,725,795,704,663,790,713,739,713,621,423,0,0,0,0,1145,1215,1117,33,yewon,cross_leg_right,1
320,1786864859.649711,0,495,461,751,680,687,437,691,612,171,0,357,611,713,724,797,711,663,791,713,738,713,619,419,0,0,0,0,1143,1223,1117,33,yewon,cross_leg_right,1
321,1786864859.669709,0,499,462,751,665,691,439,691,613,167,0,357,611,711,725,795,711,663,789,713,735,714,621,415,0,0,0,0,1145,1215,1113,35,yewon,cross_leg_right,1
322,1786864859.689733,0,497,465,751,667,686,436,687,613,165,0,359,610,714,726,797,712,664,789,712,739,709,615,415,0,0,0,0,1145,1215,1119,37,yewon,cross_leg_right,1
323,1786864859.709742,0,500,463,751,665,681,431,689,612,165,0,355,613,715,725,795,712,664,788,711,739,716,619,413,0,0,0,0,1145,1221,1117,33,yewon,cross_leg_right,1
324,1786864859.729739,0,499,461,751,664,683,431,687,613,165,0,357,611,715,729,795,703,663,793,711,735,712,619,415,0,0,0,0,1145,1215,1129,30,yewon,cross_leg_right,1
325,1786864859.749683,0,500,468,754,667,679,431,687,612,165,0,358,610,713,726,795,715,663,789,711,738,711,620,413,0,0,0,0,1141,1213,1113,37,yewon,cross_leg_right,1
326,1786864859.769770,0,501,463,752,667,687,428,687,612,164,0,359,613,711,725,797,711,663,789,711,735,724,619,423,0,0,0,0,1144,1215,1115,36,yewon,cross_leg_right,1
327,1786864859.789757,0,503,463,755,667,683,428,685,612,165,0,363,607,714,729,789,703,663,789,711,735,708,617,413,0,0,0,0,1147,1221,1113,37,yewon,cross_leg_right,1
328,1786864859.809689,0,500,467,755,665,687,428,687,612,166,0,359,611,715,724,797,711,662,789,711,737,713,617,413,0,0,0,0,1143,1222,1117,29,yewon,cross_leg_right,1
329,1786864859.829761,0,500,467,755,667,687,429,691,613,165,0,364,615,713,728,791,713,663,789,711,739,713,619,415,0,0,0,0,1143,1221,1135,27,yewon,cross_leg_right,1
330,1786864859.849693,0,501,467,754,669,685,441,691,611,165,0,365,611,715,725,798,713,663,791,711,737,727,617,413,0,0,0,0,1144,1221,1112,31,yewon,cross_leg_right,1
331,1786864859.869700,0,500,466,755,667,687,427,686,611,164,0,366,619,717,726,797,713,661,788,712,741,712,619,415,0,0,0,0,1141,1215,1111,35,yewon,cross_leg_right,1
332,1786864859.889722,0,501,461,752,671,685,429,687,611,159,0,366,617,715,728,804,715,664,791,711,735,711,615,413,0,0,0,0,1145,1215,1113,31,yewon,cross_leg_right,1
333,1786864859.909695,0,502,467,755,658,686,431,687,615,161,0,367,615,715,726,799,714,663,791,711,734,711,619,415,0,0,0,0,1141,1214,1116,35,yewon,cross_leg_right,1
334,1786864859.929719,0,502,465,755,669,687,428,690,611,159,0,366,600,715,727,809,709,665,791,711,739,711,619,415,0,0,0,0,1147,1212,1116,36,yewon,cross_leg_right,1
335,1786864859.949671,0,503,462,755,667,686,427,688,611,162,0,371,615,714,728,793,712,665,791,711,735,713,619,413,0,0,0,0,1143,1227,1117,35,yewon,cross_leg_right,1
336,1786864859.969707,0,503,467,755,667,683,428,687,611,163,0,367,615,717,727,799,714,664,792,712,739,709,619,407,0,0,0,0,1145,1215,1119,37,yewon,cross_leg_right,1
337,1786864859.989753,0,501,466,755,667,685,428,691,612,163,0,367,633,715,717,807,712,665,788,712,737,711,619,414,0,0,0,0,1147,1222,1117,39,yewon,cross_leg_right,1
338,1786864860.009722,0,502,467,755,667,685,428,689,613,163,0,367,607,715,727,799,713,663,791,711,739,709,618,415,0,0,0,0,1142,1213,1123,37,yewon,cross_leg_right,1
339,1786864860.029751,0,503,467,757,668,685,428,690,613,165,0,372,615,716,726,799,713,665,791,711,739,709,620,416,0,0,0,0,1145,1215,1118,39,yewon,cross_leg_right,1
340,1786864860.049705,0,501,467,757,666,691,429,691,613,166,0,367,611,715,729,787,715,665,791,713,739,712,619,416,0,0,0,0,1145,1222,1107,39,yewon,cross_leg_right,1
341,1786864860.069714,0,501,467,755,665,686,430,691,613,165,0,367,601,717,726,799,713,665,791,711,742,710,619,415,0,0,0,0,1139,1221,1138,39,yewon,cross_leg_right,1
342,1786864860.089757,0,501,467,755,666,687,431,692,612,165,0,365,595,717,723,805,712,666,791,712,739,712,619,419,0,0,0,0,1143,1223,1117,37,yewon,cross_leg_right,1
343,1786864860.109728,0,502,467,755,670,687,430,687,612,167,0,371,621,713,727,799,715,664,791,714,737,712,619,419,0,0,0,0,1157,1213,1115,38,yewon,cross_leg_right,1
344,1786864860.129700,0,501,467,755,667,687,429,691,613,165,0,362,613,717,726,799,714,665,793,713,723,715,620,419,0,0,0,0,1149,1221,1118,37,yewon,cross_leg_right,1
345,1786864860.149724,0,501,467,756,667,684,430,687,613,167,0,368,611,715,727,799,713,665,779,713,742,715,620,415,0,0,0,0,1157,1221,1117,39,yewon,cross_leg_right,1
346,1786864860.169731,0,501,469,757,662,687,430,691,611,169,0,367,612,715,728,803,715,665,793,713,739,711,619,415,0,0,0,0,1149,1215,1117,41,yewon,cross_leg_right,1
347,1786864860.189768,0,501,467,755,668,687,431,693,612,167,0,371,613,717,725,797,713,666,792,715,739,713,619,419,0,0,0,0,1149,1223,1123,41,yewon,cross_leg_right,1
348,1786864860.209716,0,509,461,757,665,687,430,691,615,165,0,362,615,716,729,797,714,666,793,714,739,711,620,420,0,0,0,0,1147,1236,1123,43,yewon,cross_leg_right,1
349,1786864860.229544,0,501,467,755,665,690,431,691,614,167,0,365,611,715,727,791,717,665,793,713,739,715,621,419,0,0,0,0,1148,1223,1117,40,yewon,cross_leg_right,1
350,1786864860.249733,0,500,467,755,667,685,431,691,614,168,0,363,612,714,725,797,715,665,789,717,731,715,619,415,0,0,0,0,1142,1211,1118,43,yewon,cross_leg_right,1
351,1786864860.269744,0,499,461,756,667,687,435,687,613,168,0,366,615,713,730,797,713,665,793,715,741,715,620,422,0,0,0,0,1147,1225,1124,41,yewon,cross_leg_right,1
352,1786864860.289746,0,500,465,755,667,685,437,691,611,168,0,365,612,715,727,789,715,667,795,715,741,711,622,423,0,0,0,0,1147,1223,1117,42,yewon,cross_leg_right,1
353,1786864860.308969,0,499,467,755,667,687,437,692,614,171,0,364,613,721,725,796,712,665,795,715,741,716,620,423,0,0,0,0,1148,1216,1119,47,yewon,cross_leg_right,1
354,1786864860.329725,0,493,465,755,667,687,436,691,614,169,0,379,611,712,727,796,713,666,793,716,740,715,620,419,0,0,0,0,1147,1221,1119,43,yewon,cross_leg_right,1
355,1786864860.349707,0,495,465,756,665,685,437,691,615,170,0,363,610,713,703,793,712,665,794,712,739,715,623,423,0,0,0,0,1145,1213,1124,41,yewon,cross_leg_right,1
356,1786864860.369776,0,495,463,755,663,691,437,694,615,170,0,365,613,716,727,797,713,666,788,717,725,711,623,421,0,0,0,0,1145,1225,1121,48,yewon,cross_leg_right,1
357,1786864860.389739,0,501,462,755,665,691,437,691,615,170,0,349,615,715,725,796,712,667,791,715,739,715,621,421,0,0,0,0,1147,1215,1139,44,yewon,cross_leg_right,1
358,1786864860.409687,0,493,464,755,668,687,439,687,615,169,0,363,615,715,724,797,713,665,791,716,735,713,620,421,0,0,0,0,1151,1224,1115,44,yewon,cross_leg_right,1
359,1786864860.429463,0,495,462,755,667,687,437,693,615,171,0,363,611,715,725,796,709,667,793,715,739,713,626,423,0,0,0,0,1148,1222,1119,47,yewon,cross_leg_right,1
360,1786864860.448764,0,493,467,751,668,691,437,687,615,169,0,363,612,715,725,795,712,667,794,723,741,715,621,421,0,0,0,0,1149,1223,1119,43,yewon,cross_leg_right,1
361,1786864860.469773,0,499,463,755,671,687,437,693,615,171,0,362,613,716,725,797,716,667,814,717,741,715,621,421,0,0,0,0,1146,1214,1119,51,yewon,cross_leg_right,1
362,1786864860.489742,0,494,472,755,666,688,437,692,614,170,0,364,612,716,717,797,713,667,795,716,741,715,620,423,0,0,0,0,1148,1215,1119,51,yewon,cross_leg_right,1
363,1786864860.509705,0,495,462,755,665,691,440,693,616,168,0,362,611,714,725,795,713,667,781,717,741,715,623,423,0,0,0,0,1147,1221,1127,50,yewon,cross_leg_right,1
364,1786864860.529695,0,499,467,751,663,690,439,692,615,170,0,362,605,715,727,797,713,667,787,715,743,715,619,421,0,0,0,0,1147,1213,1123,45,yewon,cross_leg_right,1
365,1786864860.549717,0,499,467,755,669,685,437,692,614,169,0,359,607,713,727,799,711,667,794,715,741,715,620,421,0,0,0,0,1151,1221,1125,47,yewon,cross_leg_right,1
366,1786864860.569696,0,499,467,755,667,687,439,682,616,158,0,361,611,714,725,795,713,667,795,715,741,713,621,423,0,0,0,0,1161,1215,1125,56,yewon,cross_leg_right,1
367,1786864860.589719,0,501,467,756,676,691,437,693,612,167,0,354,613,716,725,797,717,667,791,715,741,715,619,421,0,0,0,0,1147,1215,1119,57,yewon,cross_leg_right,1
368,1786864860.609707,0,500,469,756,665,684,447,689,613,166,0,357,607,711,723,800,699,665,793,715,738,710,619,415,0,0,0,0,1149,1223,1117,57,yewon,cross_leg_right,1
369,1786864860.629752,0,501,467,755,669,691,439,695,612,165,0,357,607,715,724,796,711,667,795,710,741,714,621,419,0,0,0,0,1147,1226,1128,58,yewon,cross_leg_right,1
370,1786864860.649685,0,501,467,756,669,691,439,692,613,167,0,355,605,711,725,797,713,666,794,713,743,715,621,421,0,0,0,0,1157,1223,1125,59,yewon,cross_leg_right,1
371,1786864860.669711,0,501,468,758,670,691,438,692,613,165,0,355,611,713,727,797,713,666,793,715,717,717,620,421,0,0,0,0,1145,1215,1123,59,yewon,cross_leg_right,1
372,1786864860.689503,0,503,469,757,669,693,439,691,615,167,0,356,611,714,728,797,713,667,795,715,740,716,613,424,0,0,0,0,1149,1222,1127,61,yewon,cross_leg_right,1
373,1786864860.709721,0,504,467,757,665,691,439,692,613,168,0,351,609,714,723,797,712,667,795,715,739,714,621,421,0,0,0,0,1147,1214,1123,58,yewon,cross_leg_right,1
374,1786864860.729705,0,503,467,757,667,687,440,693,613,167,0,351,606,716,727,797,713,666,793,716,751,713,619,421,0,0,0,0,1145,1221,1125,61,yewon,cross_leg_right,1
375,1786864860.749011,0,502,469,757,669,688,439,691,613,167,0,357,609,713,724,797,713,667,795,713,739,713,626,423,0,0,0,0,1149,1221,1125,59,yewon,cross_leg_right,1
376,1786864860.769744,0,503,468,757,665,691,439,693,612,158,0,355,610,714,723,799,711,666,795,717,741,713,620,423,0,0,0,0,1149,1228,1125,61,yewon,cross_leg_right,1
377,1786864860.789738,0,504,469,757,669,691,440,682,614,166,0,358,595,714,725,795,714,667,795,701,744,714,620,421,0,0,0,0,1149,1189,1123,61,yewon,cross_leg_right,1
378,1786864860.809700,0,503,474,758,669,693,439,692,619,167,0,359,612,714,727,796,712,667,797,715,741,715,629,422,0,0,0,0,1151,1223,1125,59,yewon,cross_leg_right,1
379,1786864860.829703,0,502,469,758,678,692,438,691,615,169,0,357,611,714,727,797,715,667,793,719,741,713,619,426,0,0,0,0,1149,1227,1129,57,yewon,cross_leg_right,1
380,1786864860.849658,0,503,468,757,669,691,439,692,613,167,0,353,604,701,727,797,713,669,793,715,738,713,620,423,0,0,0,0,1146,1225,1125,57,yewon,cross_leg_right,1
381,1786864860.869709,0,499,469,757,669,686,441,694,614,168,0,355,611,713,727,798,713,667,795,715,741,703,618,422,0,0,0,0,1147,1223,1119,57,yewon,cross_leg_right,1
382,1786864860.889722,0,500,467,757,675,691,440,696,613,165,0,355,607,714,727,799,713,668,795,711,741,715,621,421,0,0,0,0,1149,1235,1127,54,yewon,cross_leg_right,1
383,1786864860.909670,0,500,469,757,669,690,440,703,614,167,0,357,609,711,726,799,712,667,791,731,743,712,619,422,0,0,0,0,1149,1225,1125,55,yewon,cross_leg_right,1
384,1786864860.929689,0,493,467,756,669,691,439,693,615,169,0,357,607,697,727,798,714,668,797,717,741,712,621,422,0,0,0,0,1147,1215,1132,58,yewon,cross_leg_right,1
385,1786864860.949699,0,497,468,759,671,692,440,688,615,169,0,351,605,715,724,799,711,667,796,716,741,717,620,423,0,0,0,0,1149,1215,1115,57,yewon,cross_leg_right,1
386,1786864860.969677,0,494,469,757,669,692,442,697,615,173,0,351,611,713,725,790,715,665,795,712,741,714,620,420,0,0,0,0,1149,1199,1123,61,yewon,cross_leg_right,1
387,1786864860.989712,0,495,467,758,671,691,441,692,614,169,0,349,611,711,725,799,713,667,793,717,737,713,622,423,0,0,0,0,1150,1234,1125,56,yewon,cross_leg_right,1
388,1786864861.009695,0,495,467,759,671,690,439,692,615,171,0,350,607,715,727,798,713,667,795,715,743,702,623,421,0,0,0,0,1150,1223,1127,59,yewon,cross_leg_right,1
389,1786864861.029715,0,505,469,757,667,691,439,693,613,171,0,351,611,715,727,797,713,667,794,717,742,715,623,423,0,0,0,0,1145,1224,1127,61,yewon,cross_leg_right,1
390,1786864861.049674,0,495,470,759,671,691,441,694,615,171,0,348,601,717,725,803,715,669,797,716,740,715,621,423,0,0,0,0,1145,1224,1125,57,yewon,cross_leg_right,1
391,1786864861.069909,0,500,468,759,671,697,441,691,615,171,0,357,607,716,725,799,715,667,797,717,743,713,622,421,0,0,0,0,1151,1221,1129,57,yewon,cross_leg_right,1
392,1786864861.089767,0,500,461,758,671,691,439,692,627,171,0,356,611,715,730,803,715,667,795,715,743,715,621,421,0,0,0,0,1150,1222,1126,45,yewon,cross_leg_right,1
393,1786864861.109673,0,503,469,759,669,691,441,693,615,167,0,354,617,713,727,799,714,669,813,715,744,715,620,422,0,0,0,0,1151,1224,1125,55,yewon,cross_leg_right,1
394,1786864861.129739,0,503,469,759,671,695,443,691,615,169,0,360,611,715,727,799,715,667,796,715,743,713,623,421,0,0,0,0,1139,1215,1141,47,yewon,cross_leg_right,1
395,1786864861.149723,0,503,469,759,677,702,440,693,612,171,0,357,613,715,725,799,714,669,796,717,741,715,617,421,0,0,0,0,1151,1224,1125,47,yewon,cross_leg_right,1
396,1786864861.169706,0,503,471,757,670,691,441,693,615,168,0,357,611,718,727,797,713,668,792,714,735,715,621,421,0,0,0,0,1149,1225,1125,41,yewon,cross_leg_right,1
397,1786864861.189617,0,503,469,760,672,691,441,693,615,169,0,361,611,717,725,799,713,668,795,715,739,713,621,421,0,0,0,0,1149,1226,1125,45,yewon,cross_leg_right,1
398,1786864861.209738,0,509,470,757,675,691,441,691,614,167,0,351,607,712,727,799,714,668,795,715,742,714,621,423,0,0,0,0,1149,1215,1125,44,yewon,cross_leg_right,1
399,1786864861.229712,0,501,469,759,670,692,440,690,615,159,0,361,613,715,725,799,715,668,792,717,744,717,620,422,0,0,0,0,1149,1225,1125,35,yewon,cross_leg_right,1
400,1786864861.249022,0,504,471,759,682,692,441,693,615,170,0,357,611,717,724,800,716,667,795,715,741,715,623,421,0,0,0,0,1151,1251,1125,43,yewon,cross_leg_right,1
401,1786864861.269730,0,509,471,759,671,691,441,695,614,169,0,360,612,716,727,799,715,669,799,715,757,715,623,422,0,0,0,0,1151,1229,1125,36,yewon,cross_leg_right,1
402,1786864861.289728,0,503,471,759,671,691,439,693,616,169,0,361,605,716,727,803,714,667,811,718,743,719,621,422,0,0,0,0,1160,1223,1133,47,yewon,cross_leg_right,1
403,1786864861.308984,0,503,471,759,671,691,441,693,615,171,0,358,612,716,727,799,715,668,793,715,742,714,621,421,0,0,0,0,1149,1222,1124,58,yewon,cross_leg_right,1
404,1786864861.329720,0,499,471,759,671,691,440,692,613,169,0,362,611,717,725,801,715,668,799,717,742,712,621,426,0,0,0,0,1147,1225,1125,48,yewon,cross_leg_right,1
405,1786864861.349679,0,499,471,759,671,691,439,684,615,171,0,357,612,715,728,799,715,668,795,723,735,715,621,423,0,0,0,0,1157,1215,1127,51,yewon,cross_leg_right,1
406,1786864861.369710,0,507,471,758,669,691,440,694,617,169,0,349,611,715,725,803,715,669,795,713,739,715,624,423,0,0,0,0,1151,1225,1126,44,yewon,cross_leg_right,1
407,1786864861.389782,0,504,471,759,670,691,441,692,613,170,0,343,611,715,727,799,715,669,796,715,741,712,621,423,0,0,0,0,1156,1226,1124,51,yewon,cross_leg_right,1
408,1786864861.409683,0,505,471,760,675,691,439,692,617,169,0,371,612,711,727,803,715,669,799,715,743,717,623,421,0,0,0,0,1147,1224,1125,52,yewon,cross_leg_right,1
409,1786864861.429696,0,507,471,759,670,691,441,695,615,171,0,359,613,714,727,799,717,669,795,719,739,715,623,423,0,0,0,0,1151,1224,1127,53,yewon,cross_leg_right,1
410,1786864861.449705,0,507,471,762,674,692,441,693,615,171,0,359,612,719,727,803,716,669,797,717,743,715,621,422,0,0,0,0,1149,1221,1126,47,yewon,cross_leg_right,1
411,1786864861.469704,0,508,469,763,672,691,441,695,616,170,0,351,613,717,727,803,715,669,799,716,735,715,621,421,0,0,0,0,1151,1214,1125,37,yewon,cross_leg_right,1
412,1786864861.489713,0,508,471,765,675,691,441,691,621,173,0,357,613,719,727,803,716,668,803,715,741,715,621,423,0,0,0,0,1149,1222,1126,43,yewon,cross_leg_right,1
413,1786864861.509690,0,518,473,765,675,692,442,697,616,171,0,356,615,715,728,804,717,669,796,716,745,717,621,423,0,0,0,0,1157,1237,1125,46,yewon,cross_leg_right,1
414,1786864861.529710,0,521,474,766,676,691,441,691,617,173,0,359,614,727,727,805,719,669,799,713,743,715,619,422,0,0,0,0,1157,1230,1125,45,yewon,cross_leg_right,1
415,1786864861.549647,0,521,474,775,675,687,439,693,627,171,0,359,614,719,727,806,719,667,792,715,743,710,622,421,0,0,0,0,1148,1224,1124,46,yewon,cross_leg_right,1
416,1786864861.569717,0,521,476,777,675,687,434,695,617,172,0,361,613,717,727,808,718,667,796,715,740,713,617,420,0,0,0,0,1151,1224,1123,47,yewon,cross_leg_right,1
417,1786864861.589502,0,521,477,778,671,685,427,693,617,171,0,361,613,717,728,807,721,665,783,709,739,713,621,415,0,0,0,0,1151,1225,1123,41,yewon,cross_leg_right,1
418,1786864861.609663,0,523,477,780,671,683,423,693,616,171,0,361,615,716,726,810,719,666,792,713,727,712,618,411,0,0,0,0,1149,1215,1122,44,yewon,cross_leg_right,1
419,1786864861.628809,0,531,475,782,671,683,422,691,617,169,0,365,615,717,729,809,719,666,795,711,728,699,617,411,0,0,0,0,1144,1225,1123,45,yewon,cross_leg_right,1
420,1786864861.649741,0,531,476,788,671,680,419,693,615,167,0,365,615,717,731,807,722,664,787,711,739,711,617,408,0,0,0,0,1149,1235,1123,46,yewon,cross_leg_right,1
421,1786864861.669766,0,535,478,791,671,681,415,691,614,163,0,367,619,717,729,812,724,666,793,703,731,710,616,406,0,0,0,0,1150,1220,1123,59,yewon,cross_leg_right,1
422,1786864861.689717,0,535,479,792,675,678,404,687,617,155,0,368,618,717,730,815,723,664,791,701,734,697,616,403,0,0,0,0,1148,1215,1123,52,yewon,cross_leg_right,1
423,1786864861.709722,0,536,483,793,679,675,394,678,605,151,0,375,619,725,729,815,723,663,788,703,735,703,613,397,0,0,0,0,1147,1215,1121,46,yewon,cross_leg_right,1
424,1786864861.729702,0,540,483,795,676,674,389,679,603,147,0,377,621,726,731,821,725,663,791,701,729,702,614,395,0,0,0,0,1146,1223,1121,51,yewon,cross_leg_right,1
425,1786864861.748975,0,549,485,799,679,671,380,671,601,136,0,393,621,729,733,821,725,661,783,695,732,701,613,391,0,0,0,0,1147,1221,1123,28,yewon,cross_leg_right,1
426,1786864861.769700,0,551,485,799,677,666,375,669,593,123,0,383,621,727,731,822,723,659,777,695,730,703,611,380,0,0,0,0,1139,1215,1117,47,yewon,cross_leg_right,1
427,1786864861.789708,0,553,487,799,677,665,373,661,573,101,0,391,621,727,733,824,723,654,779,679,727,699,607,377,0,0,0,0,1144,1211,1119,43,yewon,cross_leg_right,1
428,1786864861.809666,0,549,485,799,671,661,370,661,567,89,0,391,623,725,733,824,723,653,776,687,724,697,607,373,0,0,0,0,1145,1215,1116,47,yewon,cross_leg_right,1
429,1786864861.829668,0,549,486,803,677,659,367,651,559,83,0,397,627,727,735,825,717,653,773,691,731,698,603,366,0,0,0,0,1141,1213,1115,43,yewon,cross_leg_right,1
430,1786864861.849695,0,559,485,799,677,659,371,651,553,71,0,399,628,728,739,823,725,653,778,687,717,697,602,367,0,0,0,0,1144,1222,1117,53,yewon,cross_leg_right,1
431,1786864861.869686,0,559,486,803,676,659,367,647,556,68,0,399,629,731,735,825,723,653,767,691,725,696,607,363,0,0,0,0,1163,1213,1121,47,yewon,cross_leg_right,1
432,1786864861.889696,0,559,486,800,675,659,371,650,555,51,0,403,629,729,735,825,723,655,773,691,723,696,600,365,0,0,0,0,1147,1199,1116,52,yewon,cross_leg_right,1
433,1786864861.909689,0,558,485,797,671,660,371,648,553,51,0,404,629,727,734,826,725,658,766,687,717,696,601,367,0,0,0,0,1143,1215,1119,63,yewon,cross_leg_right,1
434,1786864861.929683,0,555,485,798,671,659,372,653,555,57,0,403,629,728,738,823,726,657,775,691,725,697,603,372,0,0,0,0,1145,1211,1119,100,yewon,cross_leg_right,1
435,1786864861.949656,0,541,482,796,668,661,371,653,557,68,0,405,627,728,733,824,725,659,776,695,719,697,606,377,0,0,0,0,1147,1223,1124,83,yewon,cross_leg_right,1
436,1786864861.969696,0,533,478,791,667,660,371,651,559,88,0,398,624,722,735,823,724,660,779,695,727,699,606,382,0,0,0,0,1147,1227,1125,73,yewon,cross_leg_right,1
437,1786864861.989728,0,521,473,783,664,661,367,653,574,111,0,393,622,715,731,815,723,661,779,696,726,699,607,384,0,0,0,0,1144,1221,1127,89,yewon,cross_leg_right,1
438,1786864862.009664,0,503,469,778,660,662,371,655,585,139,0,383,617,729,731,811,717,661,783,696,727,700,614,395,0,0,0,0,1149,1214,1129,99,yewon,cross_leg_right,1
439,1786864862.029735,0,493,463,763,663,664,375,652,586,153,0,373,615,717,731,800,715,663,787,699,731,701,616,403,0,0,0,0,1163,1236,1133,105,yewon,cross_leg_right,1
440,1786864862.049668,0,491,468,756,657,661,375,663,591,160,0,364,611,714,729,805,714,663,792,709,731,703,613,409,0,0,0,0,1151,1225,1135,121,yewon,cross_leg_right,1
441,1786864862.069676,0,488,466,749,652,663,375,663,597,167,0,356,607,711,727,803,714,665,785,703,743,709,619,411,0,0,0,0,1159,1225,1141,119,yewon,cross_leg_right,1
442,1786864862.089049,0,487,465,745,664,664,377,663,594,167,0,346,604,709,725,797,711,665,791,709,733,709,617,413,0,0,0,0,1157,1198,1143,133,yewon,cross_leg_right,1
443,1786864862.109316,0,487,463,743,647,661,376,669,599,167,0,334,601,703,724,797,710,664,792,714,733,710,619,414,0,0,0,0,1159,1223,1143,137,yewon,cross_leg_right,1
444,1786864862.128723,0,486,463,743,640,663,375,663,599,170,0,328,600,711,723,793,703,665,791,703,739,709,621,419,0,0,0,0,1151,1225,1145,137,yewon,cross_leg_right,1
445,1786864862.149778,0,487,461,741,635,663,377,665,598,169,0,314,595,691,723,790,709,671,791,710,732,709,645,413,0,0,0,0,1159,1225,1146,141,yewon,cross_leg_right,1
446,1786864862.169783,0,486,461,739,633,664,379,668,599,167,0,307,599,701,723,793,703,666,797,711,738,716,623,423,0,0,0,0,1164,1227,1149,141,yewon,cross_leg_right,1
447,1786864862.189311,0,484,461,739,630,665,377,671,600,169,0,298,597,699,723,792,703,666,794,710,735,712,623,421,0,0,0,0,1151,1227,1151,147,yewon,cross_leg_right,1
448,1786864862.209307,0,477,458,733,627,665,381,669,599,169,0,281,595,699,719,792,703,669,787,713,748,714,627,421,0,0,0,0,1159,1228,1156,149,yewon,cross_leg_right,1
449,1786864862.229373,0,465,455,726,623,665,387,669,600,169,0,267,589,703,718,791,703,669,789,713,738,713,627,421,0,0,0,0,1162,1230,1161,156,yewon,cross_leg_right,1
450,1786864862.249120,0,440,455,718,617,663,389,671,601,167,0,263,591,696,724,788,709,671,797,717,740,715,627,416,0,0,0,0,1165,1231,1148,153,yewon,cross_leg_right,1
451,1786864862.269194,0,416,436,711,619,667,383,671,605,166,0,244,587,693,717,787,701,669,799,719,745,715,628,422,0,0,0,0,1165,1233,1160,155,yewon,cross_leg_right,1
452,1786864862.289625,0,345,426,703,605,668,389,671,604,167,0,227,582,692,716,781,699,675,779,723,741,726,631,425,0,0,0,0,1165,1235,1170,159,yewon,cross_leg_right,1
453,1786864862.309271,0,329,415,695,598,671,391,672,604,169,0,175,579,683,715,775,695,671,803,717,745,719,634,427,0,0,0,0,1167,1229,1163,163,yewon,cross_leg_right,1
454,1786864862.329532,0,300,395,685,582,670,390,678,607,179,0,135,569,677,709,761,693,671,804,725,745,719,633,430,0,0,0,0,1171,1237,1169,172,yewon,cross_leg_right,1
455,1786864862.349697,0,277,373,679,587,670,392,685,607,171,0,133,559,671,701,763,691,672,805,727,749,722,637,437,0,0,0,0,1188,1236,1175,173,yewon,cross_leg_right,1
456,1786864862.369730,0,251,341,669,581,669,383,684,606,172,0,119,556,663,697,759,687,677,807,729,749,722,638,437,0,0,0,0,1175,1241,1175,173,yewon,cross_leg_right,1
457,1786864862.389730,0,227,335,662,571,669,392,687,611,175,0,119,549,659,693,751,685,676,807,713,750,724,639,445,0,0,0,0,1177,1245,1175,184,yewon,cross_leg_right,1
458,1786864862.409704,0,176,327,652,566,668,391,692,616,175,0,111,543,652,689,749,681,677,811,731,751,723,646,443,0,0,0,0,1171,1260,1180,188,yewon,cross_leg_right,1
459,1786864862.429737,0,169,312,638,558,677,391,693,619,188,0,107,537,649,669,743,679,677,811,732,755,726,646,447,0,0,0,0,1183,1251,1181,188,yewon,cross_leg_right,1
460,1786864862.449826,0,158,303,623,552,667,392,693,617,200,0,101,530,638,682,738,677,679,813,739,757,726,647,453,0,0,0,0,1191,1255,1179,187,yewon,cross_leg_right,1
461,1786864862.469488,0,147,291,603,541,666,389,693,619,203,0,85,520,635,665,733,671,680,815,741,759,725,647,458,0,0,0,0,1195,1255,1177,187,yewon,cross_leg_right,1
462,1786864862.489587,0,121,295,587,537,665,377,693,619,210,0,67,518,628,660,729,669,681,819,741,759,727,650,457,0,0,0,0,1206,1260,1177,191,yewon,cross_leg_right,1
463,1786864862.509713,0,117,275,571,533,661,380,693,622,215,0,40,507,621,655,715,669,681,820,743,759,726,649,466,0,0,0,0,1209,1262,1177,203,yewon,cross_leg_right,1
464,1786864862.529709,0,104,270,555,521,660,382,700,620,219,0,25,505,620,650,717,669,681,821,751,759,725,648,468,0,0,0,0,1211,1277,1177,202,yewon,cross_leg_right,1
465,1786864862.549834,0,89,268,547,523,659,382,691,620,215,0,0,501,619,647,717,671,683,823,744,759,725,648,468,0,0,0,0,1221,1267,1177,213,yewon,cross_leg_right,1
466,1786864862.569733,0,73,267,543,521,655,381,687,619,211,0,0,503,621,647,717,669,691,821,745,760,725,651,467,0,0,0,0,1222,1271,1179,213,yewon,cross_leg_right,1
467,1786864862.589774,0,37,265,543,527,655,379,690,617,205,0,0,504,620,648,722,669,691,821,744,759,729,648,467,0,0,0,0,1223,1287,1180,216,yewon,cross_leg_right,1
468,1786864862.609759,0,25,266,546,521,651,377,680,612,191,0,27,505,621,648,726,671,691,821,743,760,725,647,467,0,0,0,0,1225,1271,1180,218,yewon,cross_leg_right,1
469,1786864862.629730,0,29,265,547,521,649,377,679,610,171,0,48,505,623,649,722,683,691,822,744,759,725,647,486,0,0,0,0,1225,1271,1182,217,yewon,cross_leg_right,1
470,1786864862.649735,0,33,262,548,522,652,377,677,606,167,0,59,507,623,639,729,677,694,823,745,758,725,647,462,0,0,0,0,1229,1272,1183,229,yewon,cross_leg_right,1
471,1786864862.669742,0,37,267,547,519,651,377,675,605,167,0,69,507,632,651,727,677,695,821,744,759,727,647,461,0,0,0,0,1231,1272,1180,217,yewon,cross_leg_right,1
472,1786864862.689735,0,38,269,551,519,653,371,671,602,157,0,72,517,627,649,729,695,685,825,743,756,739,647,467,0,0,0,0,1237,1272,1182,223,yewon,cross_leg_right,1
473,1786864862.709686,0,35,266,551,519,648,375,669,599,153,0,91,518,628,638,729,679,685,824,729,758,723,646,456,0,0,0,0,1227,1275,1181,220,yewon,cross_leg_right,1
474,1786864862.729738,0,31,267,551,511,649,371,659,595,138,0,96,527,629,651,728,676,692,819,743,755,719,645,453,0,0,0,0,1235,1271,1179,223,yewon,cross_leg_right,1
475,1786864862.749789,0,29,267,552,511,646,373,666,585,133,0,103,523,632,651,728,677,685,821,741,750,727,638,447,0,0,0,0,1245,1271,1179,226,yewon,cross_leg_right,1
476,1786864862.769015,0,0,266,553,519,645,367,663,581,118,0,103,520,631,661,730,677,684,821,739,751,721,636,446,0,0,0,0,1239,1269,1179,231,yewon,cross_leg_right,1
477,1786864862.789796,0,0,265,553,520,637,367,661,575,95,0,103,521,632,652,727,677,683,821,735,751,721,635,445,0,0,0,0,1237,1269,1179,215,yewon,cross_leg_right,1
478,1786864862.809752,0,0,265,551,521,636,370,659,569,91,0,107,521,635,652,729,677,682,821,735,751,723,633,441,0,0,0,0,1239,1269,1177,215,yewon,cross_leg_right,1
479,1786864862.829725,0,0,263,548,520,647,372,659,567,85,0,103,521,632,649,733,677,680,819,735,750,719,633,439,0,0,0,0,1237,1271,1187,221,yewon,cross_leg_right,1
480,1786864862.849760,0,0,265,547,509,635,367,657,568,83,0,105,520,631,653,729,668,679,819,735,755,719,631,442,0,0,0,0,1239,1269,1179,221,yewon,cross_leg_right,1
481,1786864862.869434,0,0,261,543,518,635,367,659,567,85,0,91,521,631,650,727,675,677,819,735,751,718,633,441,0,0,0,0,1240,1271,1176,219,yewon,cross_leg_right,1
482,1786864862.889585,0,0,263,543,517,637,367,656,567,84,0,103,519,634,649,728,671,677,821,735,747,719,634,440,0,0,0,0,1239,1268,1196,221,yewon,cross_leg_right,1
483,1786864862.909681,0,0,263,549,520,635,371,659,568,87,0,105,522,631,649,729,677,677,819,735,748,719,632,439,0,0,0,0,1238,1268,1179,227,yewon,cross_leg_right,1
484,1786864862.929701,0,0,265,553,520,637,365,659,569,91,0,105,523,631,646,729,668,677,819,735,749,717,633,440,0,0,0,0,1240,1267,1176,221,yewon,cross_leg_right,1
485,1786864862.949726,0,0,265,557,521,637,371,659,571,97,0,104,523,628,651,729,671,677,823,735,749,719,633,441,0,0,0,0,1233,1268,1177,219,yewon,cross_leg_right,1
486,1786864862.969808,0,27,265,564,524,645,373,663,590,119,0,107,522,633,654,731,679,680,819,739,750,744,645,441,0,0,0,0,1238,1268,1177,220,yewon,cross_leg_right,1
487,1786864862.989746,0,84,270,569,525,649,374,665,587,145,0,108,525,634,652,733,677,680,820,735,735,723,633,446,0,0,0,0,1237,1267,1178,223,yewon,cross_leg_right,1
488,1786864863.009693,0,101,279,580,533,651,375,665,598,155,0,109,529,635,652,732,676,681,821,740,757,721,632,443,0,0,0,0,1237,1260,1177,199,yewon,cross_leg_right,1
489,1786864863.029705,0,109,279,587,535,649,376,669,599,157,0,113,531,636,655,733,677,679,821,739,749,717,633,445,0,0,0,0,1252,1263,1193,219,yewon,cross_leg_right,1
490,1786864863.049723,0,118,285,591,537,658,379,668,601,157,0,111,532,637,659,729,679,681,821,739,750,718,633,453,0,0,0,0,1231,1262,1179,219,yewon,cross_leg_right,1
491,1786864863.069688,0,121,286,599,541,658,376,671,603,163,0,117,533,659,660,735,680,681,829,739,755,729,635,443,0,0,0,0,1227,1261,1176,221,yewon,cross_leg_right,1
492,1786864863.089746,0,122,292,602,547,661,377,675,603,163,0,120,549,645,663,739,680,680,820,738,751,727,635,445,0,0,0,0,1256,1257,1183,220,yewon,cross_leg_right,1
493,1786864863.109692,0,126,293,613,551,659,377,675,603,163,0,123,539,649,664,741,683,681,819,735,751,723,635,441,0,0,0,0,1223,1257,1175,219,yewon,cross_leg_right,1
494,1786864863.129724,0,139,295,613,551,661,378,671,613,160,0,124,544,653,669,741,685,681,815,737,749,724,633,443,0,0,0,0,1215,1255,1175,219,yewon,cross_leg_right,1
495,1786864863.149721,0,155,299,619,554,659,377,677,604,163,0,125,548,654,669,744,685,681,818,733,747,731,632,443,0,0,0,0,1221,1255,1175,216,yewon,cross_leg_right,1
496,1786864863.169714,0,164,303,623,558,660,377,677,605,159,0,125,548,663,675,745,687,681,815,733,749,724,632,445,0,0,0,0,1209,1244,1170,215,yewon,cross_leg_right,1
497,1786864863.189758,0,169,307,627,558,659,375,677,603,159,0,133,553,661,676,747,691,683,815,733,749,719,639,437,0,0,0,0,1211,1251,1175,212,yewon,cross_leg_right,1
498,1786864863.209715,0,171,310,631,565,663,378,678,603,155,0,134,555,665,677,747,693,680,815,732,739,719,634,443,0,0,0,0,1207,1241,1173,207,yewon,cross_leg_right,1
499,1786864863.229730,0,179,311,635,564,664,378,679,603,151,0,137,559,663,683,749,695,681,812,732,750,719,633,437,0,0,0,0,1212,1251,1171,207,yewon,cross_leg_right,1
500,1786864863.249643,0,181,315,638,564,663,382,679,599,149,0,137,562,662,681,755,695,681,815,731,748,713,633,429,0,0,0,0,1203,1247,1176,207,yewon,cross_leg_right,1
501,1786864863.269016,0,183,318,645,567,664,377,679,605,147,0,151,565,665,685,755,695,681,821,731,749,715,634,441,0,0,0,0,1202,1246,1175,204,yewon,cross_leg_right,1
502,1786864863.289775,0,192,327,647,572,663,380,679,603,139,0,163,588,665,700,750,695,680,815,731,749,723,633,440,0,0,0,0,1197,1246,1176,203,yewon,cross_leg_right,1
503,1786864863.309699,0,215,327,649,575,666,377,681,603,135,0,183,567,665,685,759,697,681,814,731,749,701,631,443,0,0,0,0,1197,1244,1173,203,yewon,cross_leg_right,1
504,1786864863.329753,0,229,329,652,582,667,391,681,604,135,0,203,567,667,691,757,695,682,811,731,744,722,631,442,0,0,0,0,1191,1247,1175,200,yewon,cross_leg_right,1
505,1786864863.349681,0,231,330,655,579,667,388,685,605,139,0,215,571,667,691,757,699,682,813,731,751,722,632,441,0,0,0,0,1193,1245,1176,200,yewon,cross_leg_right,1
506,1786864863.369703,0,232,333,659,582,669,389,683,605,140,0,215,567,669,683,762,697,681,811,731,748,725,635,439,0,0,0,0,1193,1243,1173,191,yewon,cross_leg_right,1
507,1786864863.389722,0,235,333,658,579,669,389,684,612,147,0,216,569,671,691,757,697,680,813,731,749,721,630,445,0,0,0,0,1191,1243,1175,175,yewon,cross_leg_right,1
508,1786864863.409663,0,238,335,661,581,669,391,685,611,149,0,219,571,675,683,759,697,680,813,729,749,723,631,441,0,0,0,0,1187,1250,1175,190,yewon,cross_leg_right,1
509,1786864863.429675,0,243,334,662,583,665,383,691,611,155,0,221,572,671,694,761,699,681,812,725,749,719,636,443,0,0,0,0,1188,1241,1177,186,yewon,cross_leg_right,1
510,1786864863.449643,0,244,337,663,587,671,392,692,606,147,0,223,572,675,693,749,700,679,812,731,749,722,631,441,0,0,0,0,1187,1241,1175,185,yewon,cross_leg_right,1
511,1786864863.469684,0,249,335,664,587,671,394,693,611,157,0,229,573,676,696,761,699,685,813,730,751,721,632,441,0,0,0,0,1187,1241,1174,183,yewon,cross_leg_right,1
512,1786864863.489706,0,251,338,667,587,671,393,693,613,159,0,231,575,676,697,761,701,685,811,729,751,724,632,443,0,0,0,0,1189,1242,1173,177,yewon,cross_leg_right,1
513,1786864863.508784,0,251,339,668,590,675,394,693,613,163,0,245,580,679,697,758,701,685,813,730,749,725,620,439,0,0,0,0,1181,1240,1173,171,yewon,cross_leg_right,1
514,1786864863.528700,0,255,339,669,591,675,395,693,616,165,0,249,575,679,698,765,701,685,813,729,749,722,631,442,0,0,0,0,1181,1237,1170,171,yewon,cross_leg_right,1
515,1786864863.549138,0,261,341,669,589,671,395,694,615,167,0,253,573,681,699,765,702,684,811,729,748,724,631,442,0,0,0,0,1180,1240,1171,167,yewon,cross_leg_right,1
516,1786864863.569733,0,265,341,675,595,674,393,694,616,167,0,261,583,683,699,778,702,683,811,728,749,719,633,445,0,0,0,0,1181,1240,1173,159,yewon,cross_leg_right,1
517,1786864863.589770,0,269,342,677,595,671,395,694,615,167,0,267,585,683,708,773,703,684,810,729,749,721,629,441,0,0,0,0,1177,1251,1166,163,yewon,cross_leg_right,1
518,1786864863.609725,0,279,344,679,595,670,396,695,615,167,0,271,584,685,709,775,703,685,811,729,748,719,632,441,0,0,0,0,1181,1241,1170,157,yewon,cross_leg_right,1
519,1786864863.629706,0,284,347,683,597,671,397,694,615,167,0,279,589,691,709,777,711,685,811,731,749,731,623,440,0,0,0,0,1179,1239,1166,149,yewon,cross_leg_right,1
520,1786864863.649693,0,293,359,685,597,671,396,695,615,167,0,294,593,693,713,781,703,684,809,729,749,723,632,440,0,0,0,0,1179,1251,1164,149,yewon,cross_leg_right,1
521,1786864863.669702,0,301,365,690,602,670,397,695,615,167,0,309,591,694,713,783,711,685,811,727,747,727,629,438,0,0,0,0,1177,1241,1163,147,yewon,cross_leg_right,1
522,1786864863.689697,0,309,375,693,602,669,396,695,613,165,0,327,599,697,711,787,715,683,809,728,748,721,628,435,0,0,0,0,1177,1239,1163,137,yewon,cross_leg_right,1
523,1786864863.709660,0,315,383,695,605,670,396,696,616,170,0,332,601,696,715,782,713,681,809,727,747,721,630,431,0,0,0,0,1178,1237,1161,135,yewon,cross_leg_right,1
524,1786864863.729683,0,325,390,699,606,668,397,695,615,159,0,335,605,701,717,791,715,683,809,726,745,723,628,429,0,0,0,0,1177,1239,1160,124,yewon,cross_leg_right,1
525,1786864863.749649,0,331,399,701,611,668,397,695,613,157,0,349,603,699,724,794,715,683,807,724,745,719,622,429,0,0,0,0,1177,1237,1159,117,yewon,cross_leg_right,1
526,1786864863.769692,0,341,414,708,611,665,397,695,613,152,0,359,607,701,715,794,719,683,804,723,741,695,639,424,0,0,0,0,1175,1235,1157,111,yewon,cross_leg_right,1
527,1786864863.789753,0,374,409,711,616,667,395,695,612,140,0,364,612,703,718,793,723,681,805,722,743,717,630,424,0,0,0,0,1177,1237,1145,109,yewon,cross_leg_right,1
528,1786864863.809727,0,391,415,715,615,667,393,693,612,117,0,371,610,709,722,797,724,681,805,719,739,697,623,415,0,0,0,0,1177,1235,1144,99,yewon,cross_leg_right,1
529,1786864863.829698,0,407,421,716,616,667,393,693,611,113,0,375,617,709,715,797,726,682,805,717,743,715,633,413,0,0,0,0,1177,1237,1141,99,yewon,cross_leg_right,1
530,1786864863.849660,0,422,425,723,615,667,393,693,607,107,0,381,617,713,723,806,725,683,803,717,742,715,621,415,0,0,0,0,1174,1235,1143,110,yewon,cross_leg_right,1
531,1786864863.869671,0,435,427,724,619,665,394,695,607,103,0,389,620,731,727,804,726,683,799,717,741,701,621,397,0,0,0,0,1171,1231,1139,91,yewon,cross_leg_right,1
532,1786864863.889688,0,445,431,725,619,669,394,693,617,103,0,395,619,715,734,803,725,683,803,717,741,715,628,409,0,0,0,0,1175,1234,1142,88,yewon,cross_leg_right,1
533,1786864863.909657,0,453,435,727,618,666,395,691,609,99,0,397,620,715,728,805,729,683,804,717,743,715,623,408,0,0,0,0,1176,1235,1142,98,yewon,cross_leg_right,1
534,1786864863.929669,0,457,437,727,621,665,395,695,608,101,0,395,617,703,726,806,729,685,799,716,733,717,620,407,0,0,0,0,1177,1231,1132,75,yewon,cross_leg_right,1
535,1786864863.949638,0,459,437,729,623,665,398,693,613,99,0,403,623,717,727,804,727,684,803,717,740,714,616,405,0,0,0,0,1176,1233,1143,77,yewon,cross_leg_right,1
536,1786864863.969666,0,461,440,729,621,664,395,693,605,98,0,403,623,715,723,803,729,687,802,717,741,714,623,405,0,0,0,0,1173,1236,1141,75,yewon,cross_leg_right,1
537,1786864863.989664,0,461,441,730,623,665,395,691,611,99,0,405,623,715,727,807,729,685,797,717,730,715,620,407,0,0,0,0,1181,1235,1137,76,yewon,cross_leg_right,1
538,1786864864.009636,0,463,441,729,623,664,391,693,609,100,0,407,623,715,727,807,728,685,800,717,743,699,619,413,0,0,0,0,1173,1235,1135,74,yewon,cross_leg_right,1
539,1786864864.029660,0,467,441,730,623,669,393,692,611,99,0,405,622,711,729,807,731,685,800,717,741,712,620,407,0,0,0,0,1176,1235,1164,72,yewon,cross_leg_right,1
540,1786864864.049651,0,457,441,730,629,664,393,693,607,99,0,406,623,716,727,807,723,682,803,717,742,717,612,396,0,0,0,0,1173,1235,1132,73,yewon,cross_leg_right,1
541,1786864864.069666,0,453,441,731,626,665,392,692,611,103,0,406,621,709,725,806,731,685,805,716,740,699,619,413,0,0,0,0,1175,1229,1131,71,yewon,cross_leg_right,1
542,1786864864.089695,0,447,441,731,627,665,392,692,611,104,0,408,621,715,727,803,734,683,802,717,741,716,619,412,0,0,0,0,1177,1237,1130,70,yewon,cross_leg_right,1
543,1786864864.109694,0,447,435,731,627,665,391,695,614,105,0,407,623,717,733,805,733,685,803,717,743,718,621,397,0,0,0,0,1174,1235,1138,75,yewon,cross_leg_right,1
544,1786864864.129675,0,445,440,731,629,666,392,693,611,106,0,402,627,713,727,808,730,685,797,719,739,716,620,411,0,0,0,0,1177,1235,1129,75,yewon,cross_leg_right,1
545,1786864864.149669,0,445,438,731,628,666,393,693,611,107,0,407,629,718,743,803,733,685,805,717,741,719,621,412,0,0,0,0,1175,1228,1135,74,yewon,cross_leg_right,1
546,1786864864.169718,0,437,439,731,629,667,394,695,611,108,0,409,621,715,729,807,731,685,806,717,743,711,621,411,0,0,0,0,1179,1237,1135,75,yewon,cross_leg_right,1
547,1786864864.189733,0,445,439,730,629,661,395,693,612,107,0,409,623,714,730,803,731,686,803,718,741,717,621,413,0,0,0,0,1175,1237,1131,76,yewon,cross_leg_right,1
548,1786864864.209684,0,445,439,731,628,667,395,695,611,109,0,407,626,713,727,808,731,685,805,719,741,717,645,413,0,0,0,0,1174,1235,1135,74,yewon,cross_leg_right,1
549,1786864864.229720,0,447,439,731,629,667,395,693,613,109,0,405,623,716,727,808,731,693,807,717,741,717,629,413,0,0,0,0,1175,1236,1139,74,yewon,cross_leg_right,1
550,1786864864.249684,0,445,442,732,630,669,395,695,613,109,0,407,627,719,729,805,730,686,805,717,741,713,624,415,0,0,0,0,1175,1236,1132,75,yewon,cross_leg_right,1
551,1786864864.269678,0,447,443,731,630,662,395,695,613,109,0,406,621,717,729,807,733,686,807,717,741,715,621,413,0,0,0,0,1175,1237,1136,74,yewon,cross_leg_right,1
552,1786864864.289731,0,453,442,732,627,667,395,695,612,109,0,403,623,717,725,810,727,685,805,717,739,714,622,413,0,0,0,0,1178,1239,1135,76,yewon,cross_leg_right,1
553,1786864864.309593,0,454,443,732,629,667,393,695,613,109,0,404,623,715,727,807,729,687,805,717,743,715,637,414,0,0,0,0,1174,1235,1131,74,yewon,cross_leg_right,1
554,1786864864.329701,0,455,441,733,631,668,395,695,613,109,0,405,623,719,725,809,735,686,804,717,743,712,621,413,0,0,0,0,1176,1234,1135,77,yewon,cross_leg_right,1
555,1786864864.349672,0,445,447,733,629,667,393,695,611,107,0,413,624,719,727,807,733,685,805,717,741,713,621,411,0,0,0,0,1171,1227,1133,75,yewon,cross_leg_right,1
556,1786864864.369703,0,457,444,733,633,667,393,693,611,109,0,407,626,717,725,805,729,687,804,717,741,715,622,413,0,0,0,0,1175,1239,1135,77,yewon,cross_leg_right,1
557,1786864864.389758,0,456,447,733,631,671,395,693,611,108,0,403,621,716,731,809,725,687,803,717,741,719,632,413,0,0,0,0,1174,1237,1141,74,yewon,cross_leg_right,1
558,1786864864.409649,0,457,443,733,631,667,394,694,611,109,0,409,623,728,729,807,728,687,805,717,741,715,622,413,0,0,0,0,1175,1235,1131,73,yewon,cross_leg_right,1
559,1786864864.429704,0,457,444,733,631,667,396,693,612,107,0,408,619,717,728,809,731,687,805,717,741,715,621,413,0,0,0,0,1176,1237,1135,74,yewon,cross_leg_right,1
560,1786864864.449668,0,459,444,733,631,670,395,691,612,107,0,409,623,717,727,808,730,687,805,717,742,715,621,419,0,0,0,0,1171,1231,1139,74,yewon,cross_leg_right,1
561,1786864864.469661,0,459,443,733,631,671,396,694,612,109,0,411,629,717,728,807,730,687,804,719,741,716,638,419,0,0,0,0,1176,1235,1135,75,yewon,cross_leg_right,1
562,1786864864.489690,0,461,456,733,631,669,397,693,612,111,0,411,619,717,719,807,733,687,804,718,742,717,621,414,0,0,0,0,1173,1235,1135,75,yewon,cross_leg_right,1
563,1786864864.509691,0,465,444,734,631,663,395,693,611,109,0,409,622,716,727,808,730,687,800,716,739,715,620,427,0,0,0,0,1173,1231,1139,73,yewon,cross_leg_right,1
564,1786864864.529697,0,467,444,735,631,670,397,693,611,110,0,409,624,715,727,807,729,689,806,717,742,717,621,413,0,0,0,0,1174,1229,1135,73,yewon,cross_leg_right,1
565,1786864864.549676,0,465,447,732,631,671,395,695,612,111,0,407,623,715,727,808,729,689,810,717,745,715,623,415,0,0,0,0,1175,1235,1135,53,yewon,cross_leg_right,1
566,1786864864.569665,0,470,445,735,633,670,399,695,611,109,0,405,638,717,727,808,729,687,807,719,741,717,621,415,0,0,0,0,1173,1236,1133,75,yewon,cross_leg_right,1
567,1786864864.589683,0,469,445,735,633,674,403,694,613,107,0,405,624,716,723,813,727,687,805,717,741,717,620,415,0,0,0,0,1175,1231,1126,75,yewon,cross_leg_right,1
568,1786864864.609658,0,472,445,735,632,670,402,695,612,111,0,407,623,717,729,825,729,687,805,717,741,715,621,421,0,0,0,0,1177,1236,1135,76,yewon,cross_leg_right,1
569,1786864864.629713,0,469,446,733,634,665,404,695,612,109,0,408,624,717,727,817,727,687,805,718,743,717,621,415,0,0,0,0,1174,1232,1133,75,yewon,cross_leg_right,1
570,1786864864.649897,0,469,447,734,635,678,407,694,613,111,0,405,623,717,727,807,728,687,807,719,743,716,622,420,0,0,0,0,1180,1234,1124,75,yewon,cross_leg_right,1
571,1786864864.669696,0,471,447,732,634,678,409,696,611,115,0,406,613,715,727,807,728,689,809,718,743,717,623,412,0,0,0,0,1193,1234,1124,75,yewon,cross_leg_right,1
572,1786864864.689729,0,469,447,733,633,675,411,695,613,115,0,404,616,717,727,807,728,690,807,718,742,715,622,419,0,0,0,0,1176,1235,1141,75,yewon,cross_leg_right,1
573,1786864864.709718,0,471,447,733,635,675,413,695,614,119,0,402,627,711,727,807,728,687,807,719,741,717,622,419,0,0,0,0,1182,1235,1139,76,yewon,cross_leg_right,1
574,1786864864.729686,0,465,447,731,634,677,418,696,613,134,0,401,621,717,727,805,729,687,809,719,743,718,617,421,0,0,0,0,1177,1235,1133,77,yewon,cross_leg_right,1
575,1786864864.749672,0,457,447,732,635,677,415,697,615,145,0,401,611,717,719,805,729,691,809,723,742,717,623,423,0,0,0,0,1173,1243,1135,74,yewon,cross_leg_right,1
576,1786864864.769665,0,453,445,731,635,677,415,695,615,151,0,395,621,715,727,805,727,687,809,723,743,717,623,421,0,0,0,0,1175,1234,1139,78,yewon,cross_leg_right,1
577,1786864864.789688,0,445,443,731,634,678,419,693,615,152,0,397,619,715,717,799,725,690,809,723,742,717,623,425,0,0,0,0,1176,1237,1173,83,yewon,cross_leg_right,1
578,1786864864.808986,0,443,441,729,631,677,421,695,615,153,0,389,617,715,724,808,723,691,806,723,743,711,623,413,0,0,0,0,1174,1236,1135,83,yewon,cross_leg_right,1
579,1786864864.829723,0,429,439,728,633,679,421,697,615,156,0,403,616,717,724,803,717,691,809,724,741,727,623,423,0,0,0,0,1177,1235,1140,83,yewon,cross_leg_right,1
580,1786864864.849645,0,440,439,728,632,678,421,695,615,157,0,415,621,711,726,803,726,691,807,724,742,703,623,421,0,0,0,0,1177,1237,1133,87,yewon,cross_leg_right,1
581,1786864864.869673,0,442,437,729,633,678,422,696,615,159,0,391,619,717,728,805,734,690,811,724,743,717,623,424,0,0,0,0,1174,1237,1133,91,yewon,cross_leg_right,1
582,1786864864.889680,0,430,439,729,635,678,423,696,615,159,0,399,621,715,727,803,726,693,809,724,745,717,624,427,0,0,0,0,1176,1235,1135,85,yewon,cross_leg_right,1
583,1786864864.909641,0,443,435,728,633,678,422,697,615,159,0,375,615,714,727,803,727,687,808,725,743,715,626,425,0,0,0,0,1177,1239,1139,81,yewon,cross_leg_right,1
584,1786864864.929673,0,435,439,727,633,678,423,696,615,159,0,371,619,715,727,804,725,691,810,725,745,718,624,425,0,0,0,0,1173,1238,1139,87,yewon,cross_leg_right,1
585,1786864864.949656,0,435,440,727,634,679,423,697,616,159,0,397,619,713,727,803,727,691,811,723,743,716,627,425,0,0,0,0,1175,1237,1139,89,yewon,cross_leg_right,1
586,1786864864.969647,0,433,439,728,635,679,424,697,615,158,0,392,616,715,717,803,724,691,810,725,745,718,627,422,0,0,0,0,1175,1237,1143,87,yewon,cross_leg_right,1
587,1786864864.989677,0,431,441,728,633,679,424,697,616,159,0,381,617,713,725,800,725,691,808,725,744,719,623,429,0,0,0,0,1179,1235,1141,87,yewon,cross_leg_right,1
588,1786864865.009660,0,437,439,728,633,679,425,696,614,159,0,397,616,713,727,803,724,690,812,725,743,723,625,426,0,0,0,0,1173,1233,1140,85,yewon,cross_leg_right,1
589,1786864865.029687,0,435,441,727,635,679,427,697,616,159,0,383,620,714,727,803,725,693,809,726,746,717,626,427,0,0,0,0,1173,1235,1141,91,yewon,cross_leg_right,1
590,1786864865.049638,0,435,437,727,633,679,425,697,615,158,0,393,620,716,725,803,727,692,810,725,742,727,627,428,0,0,0,0,1172,1237,1141,89,yewon,cross_leg_right,1
591,1786864865.069626,0,437,439,728,632,679,427,697,616,160,0,393,620,715,727,803,726,693,809,727,745,729,627,425,0,0,0,0,1177,1235,1139,89,yewon,cross_leg_right,1
592,1786864865.089699,0,431,438,727,635,680,428,698,617,163,0,395,619,725,725,803,727,692,811,725,745,717,627,426,0,0,0,0,1179,1234,1141,87,yewon,cross_leg_right,1
593,1786864865.109664,0,429,438,726,633,679,427,697,617,159,0,393,617,716,725,800,725,692,809,725,745,719,623,425,0,0,0,0,1177,1235,1140,93,yewon,cross_leg_right,1
594,1786864865.129672,0,426,437,727,634,679,427,699,617,163,0,395,617,714,727,803,727,691,809,727,744,723,624,427,0,0,0,0,1179,1237,1139,89,yewon,cross_leg_right,1
595,1786864865.149675,0,427,437,725,633,679,426,695,617,164,0,382,619,717,727,804,733,692,809,727,744,723,626,425,0,0,0,0,1177,1237,1140,89,yewon,cross_leg_right,1
596,1786864865.169695,0,425,437,725,633,679,427,698,617,163,0,390,618,717,725,799,725,693,810,727,743,717,627,428,0,0,0,0,1177,1237,1145,88,yewon,cross_leg_right,1
597,1786864865.189710,0,426,437,724,633,680,427,696,616,165,0,393,619,716,726,803,727,691,799,726,743,719,627,427,0,0,0,0,1179,1235,1141,89,yewon,cross_leg_right,1
598,1786864865.209718,0,428,437,725,633,679,427,697,617,165,0,393,620,712,729,799,726,693,810,725,744,719,629,424,0,0,0,0,1173,1235,1125,91,yewon,cross_leg_right,1
599,1786864865.229738,0,426,432,725,635,681,427,697,619,159,0,393,619,715,723,797,725,691,810,725,745,718,628,423,0,0,0,0,1176,1237,1141,89,yewon,cross_leg_right,1
600,1786864865.249652,0,427,439,725,634,679,428,697,617,165,0,391,615,691,726,803,726,693,807,726,749,715,627,428,0,0,0,0,1176,1235,1140,93,yewon,cross_leg_right,1
601,1786864865.269715,0,427,438,726,633,681,428,697,617,165,0,393,619,713,725,803,727,692,811,725,744,719,633,440,0,0,0,0,1187,1235,1135,93,yewon,cross_leg_right,1
602,1786864865.289708,0,427,437,726,631,679,429,697,618,167,0,393,619,715,730,799,717,692,811,727,745,717,639,429,0,0,0,0,1176,1236,1141,93,yewon,cross_leg_right,1
603,1786864865.308965,0,427,438,725,632,679,431,696,615,165,0,383,617,725,727,803,725,693,805,727,745,715,628,429,0,0,0,0,1175,1229,1123,95,yewon,cross_leg_right,1
604,1786864865.329736,0,427,438,727,633,681,430,698,618,165,0,393,620,717,727,803,725,692,813,727,746,721,627,428,0,0,0,0,1171,1237,1142,89,yewon,cross_leg_right,1
605,1786864865.349657,0,427,437,725,634,681,431,699,617,166,0,393,619,715,726,799,726,691,810,727,745,711,629,428,0,0,0,0,1177,1237,1142,100,yewon,cross_leg_right,1
606,1786864865.369665,0,425,437,725,633,681,430,697,618,165,0,394,617,716,726,803,713,693,813,727,740,721,628,429,0,0,0,0,1171,1241,1141,95,yewon,cross_leg_right,1
607,1786864865.389686,0,423,438,725,633,679,430,697,619,167,0,383,619,712,727,799,727,693,815,727,743,718,627,436,0,0,0,0,1177,1236,1144,93,yewon,cross_leg_right,1
608,1786864865.409703,0,423,436,724,635,679,430,697,617,167,0,392,614,715,726,798,725,693,825,727,743,722,623,427,0,0,0,0,1157,1239,1134,99,yewon,cross_leg_right,1
609,1786864865.429711,0,420,437,723,632,679,431,696,617,166,0,395,617,715,727,799,725,693,811,726,745,720,628,429,0,0,0,0,1179,1239,1143,95,yewon,cross_leg_right,1
610,1786864865.449635,0,419,437,725,635,679,431,697,617,165,0,393,619,714,726,799,725,694,815,726,745,724,627,429,0,0,0,0,1175,1234,1143,94,yewon,cross_leg_right,1
611,1786864865.469674,0,421,437,725,635,680,431,699,619,167,0,391,613,713,727,797,725,693,813,727,747,719,629,429,0,0,0,0,1161,1240,1143,101,yewon,cross_leg_right,1
612,1786864865.489709,0,421,437,725,633,681,432,696,619,167,0,393,615,711,726,803,725,693,811,727,746,717,627,429,0,0,0,0,1180,1239,1143,93,yewon,cross_leg_right,1
613,1786864865.509616,0,421,437,725,632,681,432,699,619,167,0,383,615,713,725,799,725,693,819,727,747,719,627,430,0,0,0,0,1195,1235,1143,95,yewon,cross_leg_right,1
614,1786864865.528993,0,421,437,725,635,681,429,696,616,166,0,393,618,711,728,803,727,698,812,727,747,717,629,427,0,0,0,0,1172,1209,1141,100,yewon,cross_leg_right,1
615,1786864865.549709,0,423,443,725,635,679,434,698,617,169,0,391,615,713,739,800,723,693,811,727,746,721,623,429,0,0,0,0,1178,1237,1145,99,yewon,cross_leg_right,1
616,1786864865.569670,0,421,439,725,634,681,434,699,619,167,0,389,619,717,727,803,723,694,811,727,748,725,629,431,0,0,0,0,1177,1240,1143,97,yewon,cross_leg_right,1
617,1786864865.589713,0,423,439,725,636,681,434,698,619,166,0,390,611,713,727,803,727,694,809,727,747,719,628,431,0,0,0,0,1179,1237,1147,101,yewon,cross_leg_right,1
618,1786864865.609705,0,421,439,725,635,680,435,699,619,167,0,391,620,713,726,799,725,685,810,727,746,723,628,430,0,0,0,0,1199,1225,1173,100,yewon,cross_leg_right,1
619,1786864865.629694,0,426,439,727,633,679,431,699,617,167,0,391,617,715,727,805,725,694,813,727,745,735,628,435,0,0,0,0,1175,1237,1147,97,yewon,cross_leg_right,1
620,1786864865.649649,0,425,439,726,637,681,431,699,618,167,0,391,628,714,726,804,725,694,820,727,751,722,628,430,0,0,0,0,1187,1240,1143,95,yewon,cross_leg_right,1
621,1786864865.669694,0,427,439,727,637,680,435,697,619,169,0,393,617,716,728,801,727,695,811,727,749,719,628,429,0,0,0,0,1177,1225,1143,97,yewon,cross_leg_right,1
622,1786864865.689657,0,423,439,725,635,679,432,691,618,165,0,389,603,710,727,797,727,693,811,725,744,722,628,429,0,0,0,0,1179,1236,1118,101,yewon,cross_leg_right,1
623,1786864865.709656,0,427,439,726,636,681,432,700,619,164,0,384,619,715,727,799,726,693,811,727,747,723,627,430,0,0,0,0,1179,1239,1143,76,yewon,cross_leg_right,1
624,1786864865.729685,0,425,441,725,636,681,432,699,619,165,0,397,611,713,725,803,725,695,831,728,739,722,627,431,0,0,0,0,1189,1237,1143,105,yewon,cross_leg_right,1
625,1786864865.749629,0,429,441,727,635,679,431,699,619,163,0,392,617,712,727,804,725,693,822,727,747,724,629,430,0,0,0,0,1176,1239,1144,100,yewon,cross_leg_right,1
626,1786864865.769634,0,429,440,727,636,680,429,697,618,167,0,384,619,716,726,803,726,693,808,728,745,724,627,430,0,0,0,0,1173,1237,1144,119,yewon,cross_leg_right,1
627,1786864865.789694,0,428,439,727,635,679,429,699,617,166,0,394,615,713,726,803,726,693,808,727,741,723,629,429,0,0,0,0,1190,1240,1143,93,yewon,cross_leg_right,1
628,1786864865.809626,0,431,439,727,636,679,429,696,618,164,0,395,607,713,726,803,725,695,813,726,747,721,626,431,0,0,0,0,1177,1237,1142,94,yewon,cross_leg_right,1
629,1786864865.828992,0,436,440,726,637,679,428,699,617,166,0,393,613,713,725,803,727,694,809,726,743,724,627,434,0,0,0,0,1175,1239,1147,97,yewon,cross_leg_right,1
630,1786864865.849661,0,441,441,728,635,680,427,699,617,165,0,384,620,716,727,799,728,690,813,727,749,722,629,429,0,0,0,0,1176,1241,1143,95,yewon,cross_leg_right,1
631,1786864865.869675,0,428,439,728,637,679,429,699,618,163,0,381,621,718,727,803,727,694,823,725,745,717,629,435,0,0,0,0,1176,1230,1147,93,yewon,cross_leg_right,1
632,1786864865.889657,0,427,439,728,636,681,427,699,617,163,0,395,621,714,728,804,727,693,811,728,745,719,627,429,0,0,0,0,1181,1239,1146,103,yewon,cross_leg_right,1
633,1786864865.909615,0,431,441,728,635,679,429,709,618,164,0,393,617,719,727,802,726,693,813,727,744,723,627,430,0,0,0,0,1175,1231,1143,99,yewon,cross_leg_right,1
634,1786864865.929651,0,427,440,727,637,680,427,699,619,167,0,413,619,714,727,803,724,695,811,727,745,722,627,429,0,0,0,0,1177,1239,1144,98,yewon,cross_leg_right,1
635,1786864865.949630,0,431,441,727,635,680,429,697,618,167,0,394,621,715,725,805,727,692,813,727,746,725,627,431,0,0,0,0,1183,1237,1145,101,yewon,cross_leg_right,1
636,1786864865.969622,0,431,440,727,635,680,429,697,619,166,0,392,619,715,727,805,727,693,813,727,746,724,628,431,0,0,0,0,1179,1237,1163,98,yewon,cross_leg_right,1
637,1786864865.989639,0,437,439,727,637,681,429,699,615,165,0,399,619,715,727,804,723,691,815,727,745,719,627,431,0,0,0,0,1177,1242,1144,102,yewon,cross_leg_right,1
638,1786864866.009628,0,435,440,727,635,681,427,712,617,163,0,395,623,715,727,803,726,693,819,725,745,719,623,429,0,0,0,0,1181,1239,1141,103,yewon,cross_leg_right,1
639,1786864866.029664,0,431,441,727,635,679,429,699,618,165,0,398,621,717,725,804,727,694,815,727,747,722,627,429,0,0,0,0,1179,1237,1144,100,yewon,cross_leg_right,1
640,1786864866.049645,0,431,441,727,635,680,428,695,617,165,0,377,621,711,725,803,727,691,811,727,745,717,628,431,0,0,0,0,1175,1238,1145,94,yewon,cross_leg_right,1
641,1786864866.069641,0,444,440,728,637,679,427,697,617,165,0,405,619,712,728,804,727,693,807,727,745,719,627,431,0,0,0,0,1176,1235,1131,104,yewon,cross_leg_right,1
642,1786864866.089719,0,444,439,729,638,681,428,697,617,163,0,409,619,715,727,804,726,693,809,725,744,722,627,431,0,0,0,0,1177,1239,1175,102,yewon,cross_leg_right,1
643,1786864866.109705,0,438,437,727,637,679,427,695,618,165,0,377,621,712,727,804,727,691,810,727,741,719,626,431,0,0,0,0,1176,1245,1143,101,yewon,cross_leg_right,1
644,1786864866.129670,0,455,441,727,635,679,428,695,615,163,0,398,619,715,727,803,728,693,813,727,743,721,627,429,0,0,0,0,1176,1237,1144,121,yewon,cross_leg_right,1
645,1786864866.149660,0,441,443,729,648,692,429,697,617,157,0,395,621,715,723,811,724,695,811,725,745,717,629,434,0,0,0,0,1179,1237,1145,101,yewon,cross_leg_right,1
646,1786864866.169649,0,441,440,729,635,679,429,693,617,163,0,396,620,715,727,799,727,694,811,727,750,721,623,430,0,0,0,0,1177,1237,1142,101,yewon,cross_leg_right,1
647,1786864866.189689,0,441,441,728,638,680,435,699,619,164,0,397,619,717,729,803,729,688,814,727,748,721,626,431,0,0,0,0,1177,1238,1144,101,yewon,cross_leg_right,1
648,1786864866.209683,0,443,441,728,636,681,428,697,619,164,0,397,619,714,725,803,726,693,811,727,742,717,627,430,0,0,0,0,1175,1235,1143,101,yewon,cross_leg_right,1
649,1786864866.229670,0,445,443,729,635,680,428,697,618,165,0,397,620,715,724,805,728,693,813,727,751,719,628,431,0,0,0,0,1177,1237,1145,101,yewon,cross_leg_right,1
650,1786864866.249686,0,445,441,729,638,681,427,699,618,167,0,396,619,715,727,803,727,691,809,727,744,719,627,431,0,0,0,0,1177,1230,1145,101,yewon,cross_leg_right,1
651,1786864866.269679,0,445,441,728,638,682,431,697,618,167,0,397,620,715,729,807,725,693,805,728,745,719,627,431,0,0,0,0,1176,1235,1146,103,yewon,cross_leg_right,1
652,1786864866.289668,0,439,441,729,639,681,429,699,619,165,0,394,621,715,727,803,726,693,815,725,745,721,627,430,0,0,0,0,1177,1234,1145,112,yewon,cross_leg_right,1
653,1786864866.309725,0,447,441,728,638,681,429,697,619,167,0,397,619,717,727,803,725,688,821,727,732,712,629,433,0,0,0,0,1181,1235,1145,105,yewon,cross_leg_right,1
654,1786864866.329751,0,445,441,728,637,681,429,697,619,165,0,397,620,731,727,803,727,693,809,727,745,719,629,432,0,0,0,0,1171,1237,1144,105,yewon,cross_leg_right,1
655,1786864866.349660,0,445,443,729,638,681,432,697,617,167,0,397,619,719,727,799,726,693,811,728,746,721,630,431,0,0,0,0,1176,1236,1145,95,yewon,cross_leg_right,1
656,1786864866.369710,0,445,443,729,637,681,435,701,616,167,0,396,619,727,727,804,726,691,811,727,747,730,631,431,0,0,0,0,1181,1238,1145,101,yewon,cross_leg_right,1
657,1786864866.389679,0,445,443,729,637,681,434,700,618,169,0,396,620,714,729,803,727,693,807,727,745,721,623,431,0,0,0,0,1176,1239,1145,99,yewon,cross_leg_right,1
658,1786864866.409650,0,445,441,729,636,681,427,698,620,167,0,395,620,715,727,805,725,693,812,727,745,725,623,431,0,0,0,0,1173,1237,1145,102,yewon,cross_leg_right,1
659,1786864866.429681,0,446,443,729,639,681,429,701,620,167,0,397,619,715,728,803,725,696,807,728,745,722,631,431,0,0,0,0,1177,1239,1145,103,yewon,cross_leg_right,1
660,1786864866.449637,0,444,441,729,645,680,431,697,617,168,0,397,620,717,725,803,726,693,812,727,747,722,627,435,0,0,0,0,1176,1239,1144,91,yewon,cross_leg_right,1
661,1786864866.469642,0,443,443,729,639,683,432,699,621,167,0,395,619,715,727,805,721,691,812,727,744,721,627,431,0,0,0,0,1177,1253,1147,101,yewon,cross_leg_right,1
662,1786864866.489708,0,443,443,727,639,681,430,698,619,169,0,395,619,717,728,800,725,695,813,728,744,723,627,435,0,0,0,0,1176,1239,1142,94,yewon,cross_leg_right,1
663,1786864866.509646,0,442,441,727,637,682,431,699,619,167,0,396,618,715,725,803,728,692,807,728,761,723,629,432,0,0,0,0,1177,1239,1145,105,yewon,cross_leg_right,1
664,1786864866.529653,0,443,440,727,635,681,433,697,621,169,0,396,619,717,726,799,727,693,813,727,751,721,623,435,0,0,0,0,1177,1241,1145,103,yewon,cross_leg_right,1
665,1786864866.549611,0,439,442,728,639,681,433,697,620,167,0,395,619,715,727,803,726,693,812,727,749,723,630,431,0,0,0,0,1177,1235,1144,105,yewon,cross_leg_right,1
666,1786864866.569652,0,442,441,728,637,679,435,699,620,169,0,395,619,714,725,803,725,691,815,727,745,723,627,431,0,0,0,0,1177,1237,1144,116,yewon,cross_leg_right,1
667,1786864866.589670,0,441,442,728,636,680,432,703,621,168,0,395,619,713,725,805,725,693,811,727,747,718,627,431,0,0,0,0,1177,1252,1144,103,yewon,cross_leg_right,1
668,1786864866.609652,0,441,443,729,637,681,437,702,621,167,0,397,619,715,725,800,725,693,812,727,743,721,629,432,0,0,0,0,1192,1237,1145,101,yewon,cross_leg_right,1
669,1786864866.629668,0,443,443,728,637,680,438,709,623,169,0,395,619,715,727,799,725,695,815,728,747,722,629,434,0,0,0,0,1175,1241,1145,105,yewon,cross_leg_right,1
670,1786864866.649648,0,441,444,729,638,681,435,701,621,171,0,395,619,715,727,805,725,693,813,729,749,723,624,437,0,0,0,0,1177,1226,1143,93,yewon,cross_leg_right,1
671,1786864866.669659,0,443,444,729,638,681,436,703,623,171,0,395,619,715,725,805,725,693,809,727,761,723,627,429,0,0,0,0,1177,1235,1145,103,yewon,cross_leg_right,1
672,1786864866.689669,0,443,443,728,649,681,435,701,621,171,0,390,617,713,723,809,725,693,813,727,747,725,627,431,0,0,0,0,1177,1238,1145,103,yewon,cross_leg_right,1
673,1786864866.709503,0,445,444,729,639,680,435,711,623,173,0,395,619,715,727,805,725,693,813,727,747,722,627,435,0,0,0,0,1177,1262,1145,107,yewon,cross_leg_right,1
674,1786864866.729654,0,445,443,729,639,680,435,701,625,171,0,395,618,715,725,803,728,693,819,728,737,717,622,437,0,0,0,0,1176,1233,1149,99,yewon,cross_leg_right,1
675,1786864866.749661,0,443,441,729,635,680,431,702,621,170,0,395,619,714,723,803,723,694,815,729,750,718,629,435,0,0,0,0,1174,1235,1145,105,yewon,cross_leg_right,1
676,1786864866.769659,0,444,443,730,638,681,435,703,623,171,0,394,619,715,728,799,728,693,813,728,748,723,629,431,0,0,0,0,1177,1215,1143,106,yewon,cross_leg_right,1
677,1786864866.789654,0,445,443,729,639,681,437,702,621,171,0,393,619,714,728,805,727,694,813,727,743,723,624,434,0,0,0,0,1176,1237,1147,101,yewon,cross_leg_right,1
678,1786864866.809594,0,444,445,729,647,680,436,702,623,167,0,395,619,715,727,815,728,693,813,727,747,721,629,435,0,0,0,0,1177,1239,1143,133,yewon,cross_leg_right,1
679,1786864866.829687,0,443,443,729,643,679,437,712,622,171,0,395,619,717,727,799,725,685,811,727,755,724,630,437,0,0,0,0,1177,1244,1141,95,yewon,cross_leg_right,1
680,1786864866.849650,0,443,443,730,639,679,435,700,624,172,0,394,619,715,726,805,727,694,814,729,749,723,629,433,0,0,0,0,1174,1240,1145,102,yewon,cross_leg_right,1
681,1786864866.869655,0,441,443,729,630,680,437,709,624,171,0,395,619,714,726,805,726,693,813,728,748,723,628,435,0,0,0,0,1177,1239,1143,104,yewon,cross_leg_right,1
682,1786864866.889450,0,441,443,729,638,681,437,701,621,172,0,394,618,713,727,803,727,699,813,729,749,722,631,432,0,0,0,0,1178,1237,1145,104,yewon,cross_leg_right,1
683,1786864866.909677,0,440,442,729,639,677,435,703,625,181,0,395,619,713,727,805,728,691,813,728,747,722,627,435,0,0,0,0,1177,1238,1145,101,yewon,cross_leg_right,1
684,1786864866.929680,0,436,444,729,632,679,435,701,622,171,0,395,618,713,728,795,727,695,812,729,747,723,629,435,0,0,0,0,1180,1238,1147,125,yewon,cross_leg_right,1
685,1786864866.949642,0,437,443,729,633,679,429,701,627,172,0,395,617,715,726,796,728,693,813,727,747,723,627,436,0,0,0,0,1179,1267,1145,100,yewon,cross_leg_right,1
686,1786864866.969639,0,430,443,728,637,679,429,703,627,169,0,395,618,714,724,806,729,695,815,729,747,726,629,436,0,0,0,0,1179,1239,1145,104,yewon,cross_leg_right,1
687,1786864866.989637,0,429,445,728,646,679,430,701,622,171,0,395,617,715,728,805,728,695,813,729,748,724,627,435,0,0,0,0,1179,1230,1148,99,yewon,cross_leg_right,1
688,1786864867.009646,0,427,442,727,635,679,431,703,623,169,0,391,619,713,722,811,724,695,812,729,747,723,627,439,0,0,0,0,1180,1239,1146,103,yewon,cross_leg_right,1
689,1786864867.029674,0,425,441,728,633,678,428,701,627,167,0,395,616,715,727,799,725,694,813,727,746,723,628,435,0,0,0,0,1178,1243,1147,98,yewon,cross_leg_right,1
690,1786864867.049625,0,421,443,728,645,678,428,715,623,169,0,395,619,714,729,797,727,695,812,727,747,723,627,429,0,0,0,0,1179,1245,1143,101,yewon,cross_leg_right,1
691,1786864867.069641,0,415,441,727,636,675,427,703,627,168,0,395,618,713,703,805,731,693,813,728,747,723,629,431,0,0,0,0,1179,1241,1144,99,yewon,cross_leg_right,1
692,1786864867.089673,0,397,442,727,637,677,424,711,623,171,0,397,619,714,725,809,731,699,813,728,747,723,627,435,0,0,0,0,1180,1255,1143,93,yewon,cross_leg_right,1
693,1786864867.109677,0,380,439,725,635,671,421,701,627,169,0,396,619,713,725,803,727,697,812,729,747,723,627,427,0,0,0,0,1179,1239,1143,97,yewon,cross_leg_right,1
694,1786864867.129666,0,366,439,726,633,675,421,700,621,169,0,397,619,713,724,805,729,697,813,728,746,723,627,431,0,0,0,0,1180,1235,1141,99,yewon,cross_leg_right,1
695,1786864867.149659,0,362,439,726,634,675,409,695,619,167,0,397,617,714,725,799,729,697,813,728,746,721,622,425,0,0,0,0,1189,1254,1143,91,yewon,cross_leg_right,1
696,1786864867.169680,0,357,438,725,631,669,402,698,617,157,0,397,619,713,729,803,728,698,813,729,747,718,622,425,0,0,0,0,1182,1241,1142,93,yewon,cross_leg_right,1
697,1786864867.189699,0,344,435,723,635,666,396,697,613,140,0,397,617,713,723,804,730,697,814,727,747,717,619,421,0,0,0,0,1188,1255,1143,95,yewon,cross_leg_right,1
698,1786864867.208947,0,335,431,723,633,667,394,697,613,117,0,397,617,713,728,803,731,697,811,729,744,713,619,418,0,0,0,0,1181,1240,1141,95,yewon,cross_leg_right,1
699,1786864867.229712,0,331,427,719,632,668,391,696,614,107,0,397,617,712,722,804,743,697,815,728,745,715,621,413,0,0,0,0,1187,1244,1141,91,yewon,cross_leg_right,1
700,1786864867.249631,0,315,425,716,631,663,390,697,610,107,0,397,617,713,717,805,729,697,814,729,744,717,622,413,0,0,0,0,1187,1235,1139,86,yewon,cross_leg_right,1
701,1786864867.269639,0,301,421,717,630,663,380,695,603,105,0,398,617,711,724,805,729,699,815,729,745,717,621,413,0,0,0,0,1189,1243,1135,93,yewon,cross_leg_right,1
702,1786864867.289692,0,293,413,715,630,663,377,695,598,106,0,395,615,711,735,804,730,699,815,729,745,717,621,415,0,0,0,0,1191,1245,1135,88,yewon,cross_leg_right,1
703,1786864867.309646,0,283,407,713,629,663,381,694,615,106,0,397,615,711,733,806,735,699,815,729,747,717,618,416,0,0,0,0,1192,1245,1139,95,yewon,cross_leg_right,1
704,1786864867.329674,0,267,380,711,627,661,379,693,611,110,0,395,615,709,723,805,731,700,815,729,747,715,621,419,0,0,0,0,1193,1249,1139,101,yewon,cross_leg_right,1
705,1786864867.348955,0,243,363,701,623,661,379,692,607,109,0,393,611,702,725,803,732,701,815,730,741,716,619,419,0,0,0,0,1191,1243,1133,94,yewon,cross_leg_right,1
706,1786864867.369707,0,219,349,700,623,659,380,691,612,111,0,397,615,703,723,800,733,701,814,729,744,718,620,419,0,0,0,0,1193,1251,1134,89,yewon,cross_leg_right,1
707,1786864867.389680,0,188,343,699,622,655,379,688,612,114,0,393,611,702,719,799,733,699,816,729,745,719,619,415,0,0,0,0,1199,1252,1127,87,yewon,cross_leg_right,1
708,1786864867.409626,0,183,342,693,618,654,379,687,611,108,0,392,611,703,719,799,731,699,815,729,743,715,619,410,0,0,0,0,1198,1251,1125,84,yewon,cross_leg_right,1
709,1786864867.429674,0,175,333,693,618,653,377,685,611,104,0,393,611,699,714,795,733,699,817,729,745,716,617,411,0,0,0,0,1199,1250,1124,78,yewon,cross_leg_right,1
710,1786864867.449627,0,175,333,687,617,651,380,685,609,104,0,393,607,699,719,795,731,699,814,729,729,713,603,411,0,0,0,0,1203,1250,1113,75,yewon,cross_leg_right,1
711,1786864867.469630,0,173,331,686,615,650,377,684,613,99,0,392,606,699,719,797,731,701,815,728,743,713,617,407,0,0,0,0,1205,1250,1108,72,yewon,cross_leg_right,1
712,1786864867.489695,0,173,329,685,617,651,379,685,607,95,0,393,607,699,715,797,733,698,815,729,744,713,609,392,0,0,0,0,1207,1251,1105,72,yewon,cross_leg_right,1
713,1786864867.509678,0,173,330,687,615,649,376,685,599,89,0,393,609,699,723,799,731,701,815,728,745,713,628,393,0,0,0,0,1207,1251,1101,71,yewon,cross_leg_right,1
714,1786864867.529649,0,172,328,685,613,651,377,684,611,85,0,392,606,699,719,796,732,700,815,729,742,716,621,395,0,0,0,0,1210,1251,1101,71,yewon,cross_leg_right,1
715,1786864867.549618,0,173,328,685,613,648,377,685,607,79,0,393,606,699,718,797,739,699,814,729,743,711,619,393,0,0,0,0,1212,1251,1099,71,yewon,cross_leg_right,1
716,1786864867.569690,0,169,329,683,615,651,377,684,606,83,0,393,606,699,719,795,731,700,818,729,733,712,623,391,0,0,0,0,1211,1253,1106,74,yewon,cross_leg_right,1
717,1786864867.589672,0,169,329,682,615,649,375,685,607,85,0,392,607,699,716,795,739,700,815,729,743,715,613,395,0,0,0,0,1211,1251,1100,73,yewon,cross_leg_right,1
718,1786864867.609634,0,168,327,681,611,649,377,685,607,83,0,390,606,698,717,797,733,697,815,728,743,712,615,391,0,0,0,0,1211,1253,1099,75,yewon,cross_leg_right,1
719,1786864867.629675,0,168,318,679,613,651,377,685,607,84,0,389,607,699,713,795,733,701,819,730,743,711,615,379,0,0,0,0,1213,1252,1095,76,yewon,cross_leg_right,1
720,1786864867.649619,0,167,325,679,611,644,376,684,606,87,0,389,605,697,718,799,731,701,815,728,742,713,617,393,0,0,0,0,1211,1251,1116,77,yewon,cross_leg_right,1
721,1786864867.669629,0,167,327,675,601,647,376,684,603,77,0,389,604,699,715,789,727,699,814,728,741,713,615,395,0,0,0,0,1209,1251,1097,77,yewon,cross_leg_right,1
722,1786864867.689718,0,167,319,672,603,651,377,683,606,85,0,383,603,697,715,795,728,699,813,727,743,713,603,383,0,0,0,0,1209,1251,1097,79,yewon,cross_leg_right,1
723,1786864867.709643,0,166,317,671,601,648,377,683,607,78,0,381,603,696,715,793,729,697,814,727,740,711,617,395,0,0,0,0,1209,1251,1111,77,yewon,cross_leg_right,1
724,1786864867.729675,0,165,313,669,598,651,376,682,601,75,0,380,604,695,717,792,725,699,815,725,741,711,616,392,0,0,0,0,1207,1251,1096,81,yewon,cross_leg_right,1
725,1786864867.749622,0,167,315,680,597,637,375,681,595,57,0,380,605,696,714,793,728,697,813,724,741,713,615,397,0,0,0,0,1207,1251,1098,81,yewon,cross_leg_right,1
726,1786864867.769653,0,168,313,667,597,653,375,681,590,51,0,381,603,697,712,803,729,695,814,725,740,713,609,395,0,0,0,0,1208,1251,1097,83,yewon,cross_leg_right,1
727,1786864867.789660,0,168,315,666,596,651,375,680,589,37,0,381,603,697,710,795,725,697,813,723,741,711,615,383,0,0,0,0,1207,1251,1099,83,yewon,cross_leg_right,1
728,1786864867.809617,0,171,316,665,591,653,375,680,590,31,0,381,605,697,717,791,727,695,813,725,741,697,607,367,0,0,0,0,1205,1246,1097,85,yewon,cross_leg_right,1
729,1786864867.829678,0,173,317,669,597,661,375,679,600,21,0,383,603,698,715,793,725,697,813,725,741,712,620,391,0,0,0,0,1204,1245,1105,86,yewon,cross_leg_right,1
730,1786864867.849614,0,179,319,669,594,653,377,681,600,36,0,382,607,697,717,796,727,695,813,728,748,715,617,410,0,0,0,0,1205,1247,1099,89,yewon,cross_leg_right,1
731,1786864867.869630,0,183,319,669,594,657,376,683,603,39,0,384,607,699,719,793,731,700,815,728,743,714,614,399,0,0,0,0,1205,1246,1103,93,yewon,cross_leg_right,1
732,1786864867.889716,0,183,329,671,595,659,378,685,607,73,0,389,611,699,717,794,728,699,815,729,744,715,623,408,0,0,0,0,1205,1249,1102,100,yewon,cross_leg_right,1
733,1786864867.909655,0,199,329,675,592,667,379,687,610,89,0,391,612,699,723,793,728,699,815,728,745,718,621,411,0,0,0,0,1203,1247,1111,105,yewon,cross_leg_right,1
734,1786864867.929661,0,213,333,677,603,651,379,691,611,100,0,391,612,700,719,795,727,699,815,729,745,718,623,415,0,0,0,0,1199,1253,1111,111,yewon,cross_leg_right,1
735,1786864867.949632,0,227,339,679,602,663,379,693,619,117,0,392,610,703,701,797,727,699,819,730,747,721,629,420,0,0,0,0,1196,1245,1115,115,yewon,cross_leg_right,1
736,1786864867.969623,0,231,335,680,599,663,380,695,615,123,0,393,612,701,719,785,729,699,819,729,747,719,626,419,0,0,0,0,1193,1244,1115,118,yewon,cross_leg_right,1
737,1786864867.989660,0,233,338,682,607,665,379,695,613,127,0,393,612,701,722,797,729,699,815,729,747,721,628,429,0,0,0,0,1193,1245,1118,119,yewon,cross_leg_right,1
738,1786864868.009670,0,234,337,683,605,663,379,697,623,142,0,395,607,702,713,796,727,699,815,729,747,718,620,425,0,0,0,0,1189,1243,1123,121,yewon,cross_leg_right,1
739,1786864868.029679,0,235,339,684,609,663,379,695,617,149,0,393,611,700,715,793,728,694,815,728,746,722,623,424,0,0,0,0,1181,1242,1124,124,yewon,cross_leg_right,1
740,1786864868.049618,0,241,339,686,611,663,379,697,615,152,0,393,612,701,715,795,732,699,814,729,745,719,616,423,0,0,0,0,1191,1242,1125,125,yewon,cross_leg_right,1
741,1786864868.069651,0,251,344,685,607,663,381,697,615,155,0,393,612,701,729,792,733,697,815,727,747,719,623,425,0,0,0,0,1183,1241,1125,125,yewon,cross_leg_right,1
742,1786864868.089655,0,265,344,691,621,665,383,697,617,151,0,391,611,701,723,797,729,697,813,729,746,717,652,428,0,0,0,0,1187,1241,1127,124,yewon,cross_leg_right,1
743,1786864868.109640,0,277,346,693,615,663,392,698,617,160,0,395,611,703,712,797,731,695,813,728,745,716,631,427,0,0,0,0,1179,1241,1131,125,yewon,cross_leg_right,1
744,1786864868.129679,0,285,359,697,615,678,397,697,619,158,0,392,613,703,717,798,729,695,814,729,745,719,623,425,0,0,0,0,1184,1240,1125,120,yewon,cross_leg_right,1
745,1786864868.149670,0,297,371,697,618,664,403,700,620,159,0,391,615,703,723,797,730,697,815,728,745,719,623,425,0,0,0,0,1192,1240,1138,124,yewon,cross_leg_right,1
746,1786864868.169656,0,311,390,698,618,667,413,701,623,159,0,391,615,700,723,799,729,699,817,728,743,727,607,424,0,0,0,0,1180,1240,1131,119,yewon,cross_leg_right,1
747,1786864868.189488,0,319,407,701,616,667,424,701,623,173,0,391,614,709,723,804,732,698,813,729,745,717,628,427,0,0,0,0,1183,1240,1121,119,yewon,cross_leg_right,1
748,1786864868.209688,0,328,410,702,621,667,430,702,624,166,0,394,613,703,713,793,730,697,813,727,745,718,621,425,0,0,0,0,1181,1237,1161,121,yewon,cross_leg_right,1
749,1786864868.229669,0,333,419,709,617,669,435,709,627,167,0,393,613,703,723,799,733,698,815,729,745,701,628,413,0,0,0,0,1181,1241,1131,117,yewon,cross_leg_right,1
750,1786864868.249615,0,339,422,710,623,671,439,711,627,169,0,395,616,709,725,787,729,697,814,729,747,719,631,424,0,0,0,0,1183,1240,1128,117,yewon,cross_leg_right,1
751,1786864868.269683,0,343,424,713,629,675,439,712,627,168,0,396,615,711,725,799,731,700,819,730,748,721,622,427,0,0,0,0,1183,1239,1112,117,yewon,cross_leg_right,1
752,1786864868.289663,0,343,425,714,627,670,441,713,635,168,0,401,619,711,713,799,735,694,816,729,747,719,630,431,0,0,0,0,1181,1241,1131,115,yewon,cross_leg_right,1
753,1786864868.309602,0,341,424,714,624,671,440,712,636,171,0,397,617,710,728,799,732,697,819,729,747,724,637,429,0,0,0,0,1180,1239,1130,108,yewon,cross_leg_right,1
754,1786864868.329696,0,338,423,713,627,665,440,712,627,169,0,397,617,711,727,809,731,697,815,729,746,719,631,428,0,0,0,0,1179,1237,1128,109,yewon,cross_leg_right,1
755,1786864868.349616,0,333,421,713,627,671,439,712,628,169,0,403,619,711,725,797,725,699,815,729,745,719,621,429,0,0,0,0,1179,1235,1129,109,yewon,cross_leg_right,1
756,1786864868.369655,0,333,426,714,628,669,439,711,627,168,0,395,617,711,723,797,732,701,815,730,747,725,621,431,0,0,0,0,1180,1239,1129,109,yewon,cross_leg_right,1
757,1786864868.389707,0,335,425,714,627,671,439,712,629,167,0,403,615,712,725,800,733,699,815,727,745,723,612,427,0,0,0,0,1179,1239,1131,109,yewon,cross_leg_right,1
758,1786864868.409696,0,341,425,715,627,670,437,712,627,167,0,399,616,711,725,799,751,702,812,729,748,723,629,427,0,0,0,0,1179,1238,1128,109,yewon,cross_leg_right,1
759,1786864868.429667,0,345,427,717,627,667,437,713,627,167,0,403,621,713,727,805,731,701,811,729,747,731,627,423,0,0,0,0,1181,1239,1130,111,yewon,cross_leg_right,1
760,1786864868.449643,0,347,427,717,628,665,435,712,627,165,0,404,619,713,727,807,732,698,815,729,747,721,627,426,0,0,0,0,1181,1239,1130,115,yewon,cross_leg_right,1
761,1786864868.469648,0,355,427,717,627,661,431,712,623,164,0,407,622,713,727,807,739,701,812,727,746,717,624,423,0,0,0,0,1181,1238,1123,111,yewon,cross_leg_right,1
762,1786864868.489642,0,359,429,723,623,665,429,711,623,157,0,412,619,715,727,807,739,699,812,725,745,717,624,421,0,0,0,0,1179,1237,1126,106,yewon,cross_leg_right,1
763,1786864868.509660,0,403,435,727,627,663,429,704,625,156,0,415,623,713,725,807,740,699,808,724,747,717,619,418,0,0,0,0,1177,1230,1119,99,yewon,cross_leg_right,1
764,1786864868.529680,0,419,437,729,624,663,428,709,623,148,0,420,623,715,725,809,742,702,811,723,743,719,621,415,0,0,0,0,1176,1231,1127,107,yewon,cross_leg_right,1
765,1786864868.549595,0,452,452,734,625,663,428,710,617,128,0,427,623,719,729,813,738,698,809,723,742,717,617,411,0,0,0,0,1177,1235,1126,92,yewon,cross_leg_right,1
766,1786864868.569658,0,459,443,735,629,661,427,703,621,119,0,435,629,719,732,815,745,699,807,722,741,716,619,407,0,0,0,0,1175,1237,1123,85,yewon,cross_leg_right,1
767,1786864868.589690,0,470,447,739,629,661,427,709,618,105,0,441,633,723,733,821,747,696,809,719,741,715,616,405,0,0,0,0,1175,1237,1122,83,yewon,cross_leg_right,1
768,1786864868.609621,0,477,453,743,633,661,427,703,616,99,0,447,637,726,733,825,744,697,807,721,741,713,617,397,0,0,0,0,1177,1229,1101,73,yewon,cross_leg_right,1
769,1786864868.629656,0,489,460,745,633,663,428,700,617,87,0,455,639,727,735,825,739,695,807,719,741,715,621,393,0,0,0,0,1175,1235,1118,61,yewon,cross_leg_right,1
770,1786864868.649617,0,493,459,749,635,659,429,699,611,75,0,460,645,725,738,827,747,698,803,717,735,715,617,375,0,0,0,0,1177,1229,1112,54,yewon,cross_leg_right,1
771,1786864868.669668,0,503,461,757,637,659,429,699,612,59,0,459,647,731,734,829,747,693,806,716,739,713,613,379,0,0,0,0,1175,1231,1108,42,yewon,cross_leg_right,1
772,1786864868.689666,0,508,469,765,644,659,431,699,611,46,0,467,648,729,739,837,740,713,807,715,739,713,616,377,0,0,0,0,1173,1227,1109,39,yewon,cross_leg_right,1
773,1786864868.709649,0,520,469,775,645,659,434,701,612,40,0,469,647,729,734,837,747,699,805,715,738,735,603,365,0,0,0,0,1172,1228,1105,29,yewon,cross_leg_right,1
774,1786864868.729662,0,523,472,779,647,660,435,700,613,39,0,473,647,731,743,828,746,699,804,715,741,712,612,371,0,0,0,0,1177,1231,1099,27,yewon,cross_leg_right,1
775,1786864868.749596,0,523,471,782,648,671,435,699,613,41,0,473,651,729,741,829,750,699,807,715,739,713,613,371,0,0,0,0,1171,1229,1094,27,yewon,cross_leg_right,1
776,1786864868.769650,0,524,475,781,648,663,428,699,605,43,0,469,649,729,738,829,751,699,805,717,734,709,606,372,0,0,0,0,1167,1227,1109,25,yewon,cross_leg_right,1
777,1786864868.789674,0,529,475,787,649,661,436,700,615,45,0,471,650,733,741,831,749,695,823,715,741,725,613,371,0,0,0,0,1171,1226,1106,25,yewon,cross_leg_right,1
778,1786864868.809601,0,524,477,787,651,659,431,701,613,53,0,471,647,729,741,829,746,695,799,715,739,711,611,366,0,0,0,0,1171,1229,1107,26,yewon,cross_leg_right,1
779,1786864868.829661,0,521,469,787,650,661,428,701,617,59,0,467,646,728,739,837,748,697,805,714,739,711,597,367,0,0,0,0,1173,1229,1105,27,yewon,cross_leg_right,1
780,1786864868.849628,0,509,472,785,650,659,426,701,613,62,0,467,647,728,739,829,751,695,805,715,739,711,616,371,0,0,0,0,1171,1229,1108,26,yewon,cross_leg_right,1
781,1786864868.869624,0,505,471,786,649,659,423,701,613,68,0,467,647,729,739,829,748,695,804,713,735,713,612,375,0,0,0,0,1173,1233,1111,28,yewon,cross_leg_right,1
782,1786864868.889625,0,502,468,781,649,659,415,700,613,68,0,467,647,727,743,829,759,693,803,713,739,709,611,377,0,0,0,0,1171,1225,1106,28,yewon,cross_leg_right,1
783,1786864868.908967,0,501,471,781,649,659,413,699,615,69,0,463,647,730,740,828,748,695,804,713,739,711,612,377,0,0,0,0,1171,1227,1101,27,yewon,cross_leg_right,1
784,1786864868.929666,0,501,471,780,649,657,409,699,615,69,0,467,650,731,741,827,749,694,804,713,739,714,611,376,0,0,0,0,1173,1227,1115,31,yewon,cross_leg_right,1
785,1786864868.949609,0,503,470,780,649,657,407,699,613,61,0,463,649,731,740,829,750,697,805,713,739,711,616,373,0,0,0,0,1165,1227,1108,27,yewon,cross_leg_right,1
786,1786864868.969640,0,505,472,781,651,660,409,699,612,59,0,467,645,731,741,828,748,691,804,713,741,709,611,380,0,0,0,0,1175,1223,1099,27,yewon,cross_leg_right,1
787,1786864868.989639,0,507,472,780,650,660,409,699,611,55,0,467,650,729,739,828,749,694,803,713,735,715,612,381,0,0,0,0,1175,1226,1107,28,yewon,cross_leg_right,1
788,1786864869.009623,0,509,472,779,651,660,410,697,607,51,0,466,647,731,739,827,747,693,799,713,737,702,612,377,0,0,0,0,1167,1227,1108,25,yewon,cross_leg_right,1
789,1786864869.029693,0,520,473,779,649,659,411,697,607,44,0,468,647,729,739,820,747,692,803,713,735,709,611,377,0,0,0,0,1165,1224,1110,29,yewon,cross_leg_right,1
790,1786864869.049612,0,522,472,777,649,657,411,695,605,35,0,466,645,729,739,825,747,695,804,713,740,711,611,377,0,0,0,0,1163,1224,1084,30,yewon,cross_leg_right,1
791,1786864869.069596,0,522,473,775,648,661,410,695,603,0,0,461,639,728,740,825,746,693,803,713,739,711,613,371,0,0,0,0,1166,1225,1102,33,yewon,cross_leg_right,1
792,1786864869.089682,0,521,471,779,649,661,413,695,603,0,0,459,637,730,738,823,745,693,804,713,739,712,611,377,0,0,0,0,1141,1225,1109,47,yewon,cross_leg_right,1
793,1786864869.109624,0,519,472,767,647,661,419,695,604,0,0,453,635,731,740,823,746,693,799,712,738,712,613,376,0,0,0,0,1161,1223,1140,51,yewon,cross_leg_right,1
794,1786864869.129619,0,523,471,765,647,665,425,695,605,0,0,453,629,725,734,824,746,693,807,714,734,709,613,380,0,0,0,0,1170,1227,1112,61,yewon,cross_leg_right,1
795,1786864869.149617,0,522,473,767,649,667,429,693,606,39,0,447,637,728,733,825,748,683,809,715,741,711,615,379,0,0,0,0,1165,1214,1119,85,yewon,cross_leg_right,1
796,1786864869.169647,0,520,471,767,650,668,435,698,613,72,0,445,635,727,738,824,749,713,806,717,739,715,616,391,0,0,0,0,1165,1231,1123,95,yewon,cross_leg_right,1
797,1786864869.189654,0,507,469,763,649,669,430,700,614,92,0,439,627,728,735,822,745,695,805,717,743,712,616,393,0,0,0,0,1161,1227,1124,106,yewon,cross_leg_right,1
798,1786864869.209666,0,499,460,748,643,671,430,703,615,105,0,434,632,723,729,815,743,693,807,717,739,713,617,397,0,0,0,0,1163,1225,1115,103,yewon,cross_leg_right,1
799,1786864869.229671,0,486,455,739,636,669,435,703,617,117,0,414,631,717,716,814,735,694,809,719,739,712,617,399,0,0,0,0,1162,1235,1125,101,yewon,cross_leg_right,1
800,1786864869.249591,0,472,459,731,631,669,437,704,616,124,0,412,631,718,724,807,739,695,809,719,741,717,617,404,0,0,0,0,1163,1215,1129,105,yewon,cross_leg_right,1
801,1786864869.269650,0,455,453,727,623,672,441,703,617,128,0,406,620,713,729,811,738,695,810,718,743,717,619,405,0,0,0,0,1160,1225,1128,117,yewon,cross_leg_right,1
802,1786864869.289656,0,435,442,717,623,675,442,702,618,141,0,398,615,715,727,809,733,693,811,725,743,717,619,409,0,0,0,0,1159,1223,1131,118,yewon,cross_leg_right,1
803,1786864869.309606,0,425,431,711,618,677,443,704,621,152,0,390,621,713,717,805,733,695,810,727,743,722,619,419,0,0,0,0,1164,1227,1128,115,yewon,cross_leg_right,1
804,1786864869.329654,0,409,435,703,615,677,445,709,623,158,0,383,617,712,726,805,733,696,812,727,743,719,621,413,0,0,0,0,1159,1225,1135,135,yewon,cross_leg_right,1
805,1786864869.349617,0,402,434,700,615,679,448,711,627,167,0,377,628,709,725,805,731,697,813,728,746,721,622,419,0,0,0,0,1167,1225,1141,135,yewon,cross_leg_right,1
806,1786864869.369627,0,377,439,697,615,691,455,713,628,169,0,376,622,702,727,805,733,696,815,729,745,719,622,421,0,0,0,0,1167,1227,1134,137,yewon,cross_leg_right,1
807,1786864869.389639,0,352,431,697,615,680,456,715,631,169,0,373,605,701,723,811,729,698,815,729,745,719,623,425,0,0,0,0,1165,1229,1145,135,yewon,cross_leg_right,1
808,1786864869.409612,0,347,431,699,617,681,457,715,631,169,0,363,616,703,724,793,727,695,815,730,749,723,623,425,0,0,0,0,1165,1223,1139,133,yewon,cross_leg_right,1
809,1786864869.429003,0,345,431,696,615,684,457,715,631,171,0,359,604,699,724,795,730,695,815,730,749,728,627,427,0,0,0,0,1171,1227,1129,135,yewon,cross_leg_right,1
810,1786864869.449627,0,343,426,697,616,681,458,715,632,171,0,356,597,702,725,799,727,692,815,731,748,721,627,427,0,0,0,0,1171,1235,1143,141,yewon,cross_leg_right,1
811,1786864869.469419,0,343,427,697,616,682,457,715,629,170,0,356,603,699,724,797,724,709,819,729,751,716,624,425,0,0,0,0,1165,1229,1141,139,yewon,cross_leg_right,1
812,1786864869.489684,0,344,429,695,617,683,459,717,631,165,0,357,607,699,721,797,729,683,815,731,749,721,629,427,0,0,0,0,1162,1212,1143,149,yewon,cross_leg_right,1
813,1786864869.509601,0,345,428,696,615,679,459,715,631,170,0,356,603,701,727,814,725,691,819,729,747,721,623,431,0,0,0,0,1167,1227,1139,141,yewon,cross_leg_right,1
814,1786864869.529666,0,347,429,697,615,681,459,715,631,172,0,361,604,702,723,798,730,687,815,730,748,723,627,425,0,0,0,0,1167,1235,1144,141,yewon,cross_leg_right,1
815,1786864869.549609,0,349,431,698,617,683,460,713,631,171,0,355,613,703,712,798,728,693,819,729,747,719,627,428,0,0,0,0,1167,1231,1142,147,yewon,cross_leg_right,1
816,1786864869.569620,0,347,425,699,616,682,460,713,629,171,0,363,605,701,725,796,725,692,820,731,747,722,626,427,0,0,0,0,1173,1230,1145,142,yewon,cross_leg_right,1
817,1786864869.589645,0,351,429,699,615,683,461,715,630,171,0,365,611,701,723,798,729,691,819,729,749,721,627,425,0,0,0,0,1173,1228,1145,144,yewon,cross_leg_right,1
818,1786864869.609654,0,351,428,699,617,683,460,715,631,171,0,364,611,701,724,797,727,695,819,729,749,731,627,425,0,0,0,0,1167,1229,1147,138,yewon,cross_leg_right,1
819,1786864869.629656,0,351,431,699,617,683,461,717,631,171,0,361,613,709,725,797,728,694,815,731,747,723,627,429,0,0,0,0,1171,1228,1140,137,yewon,cross_leg_right,1
820,1786864869.649720,0,356,429,701,617,683,461,716,631,171,0,367,611,699,725,797,729,693,812,730,733,723,626,429,0,0,0,0,1167,1235,1139,139,yewon,cross_leg_right,1
821,1786864869.669644,0,357,431,701,619,683,461,715,631,171,0,367,615,703,724,798,727,694,819,732,751,718,627,425,0,0,0,0,1175,1227,1147,137,yewon,cross_leg_right,1
822,1786864869.689682,0,363,429,701,619,683,460,713,633,171,0,381,611,703,723,799,728,692,821,731,747,725,627,429,0,0,0,0,1171,1229,1147,146,yewon,cross_leg_right,1
823,1786864869.709637,0,358,429,703,618,683,462,716,633,172,0,371,611,710,724,798,728,693,813,731,747,725,627,429,0,0,0,0,1172,1234,1144,139,yewon,cross_leg_right,1
824,1786864869.729661,0,359,431,702,619,683,461,713,633,172,0,371,611,724,725,798,727,692,815,731,747,716,627,431,0,0,0,0,1163,1228,1143,142,yewon,cross_leg_right,1
825,1786864869.749594,0,359,431,703,620,683,462,716,633,171,0,370,611,709,725,799,727,691,815,731,763,725,627,435,0,0,0,0,1159,1234,1143,137,yewon,cross_leg_right,1
826,1786864869.769634,0,360,431,703,620,683,462,716,632,171,0,371,611,709,725,797,727,693,821,731,747,727,627,431,0,0,0,0,1173,1227,1144,141,yewon,cross_leg_right,1
827,1786864869.789632,0,360,430,709,620,683,461,715,632,171,0,371,607,703,723,798,727,687,815,729,749,719,627,439,0,0,0,0,1163,1229,1135,136,yewon,cross_leg_right,1
828,1786864869.809610,0,360,431,709,621,683,463,715,633,173,0,367,611,708,724,799,713,687,813,731,748,723,627,431,0,0,0,0,1171,1229,1141,170,yewon,cross_leg_right,1
829,1786864869.829647,0,357,431,710,620,681,460,717,635,172,0,366,611,703,725,797,728,693,815,729,749,724,627,429,0,0,0,0,1171,1229,1144,136,yewon,cross_leg_right,1
830,1786864869.849576,0,359,435,709,621,683,462,715,633,171,0,373,613,711,725,799,729,695,813,731,749,717,627,429,0,0,0,0,1164,1235,1143,137,yewon,cross_leg_right,1
831,1786864869.869650,0,359,432,710,621,681,466,715,633,173,0,365,607,717,725,798,729,695,818,731,749,721,628,429,0,0,0,0,1165,1235,1145,139,yewon,cross_leg_right,1
832,1786864869.889643,0,358,432,709,621,683,461,711,633,173,0,372,615,717,727,799,729,696,815,729,749,723,627,431,0,0,0,0,1175,1235,1143,137,yewon,cross_leg_right,1
833,1786864869.909611,0,361,435,709,621,681,461,714,635,171,0,376,613,719,725,799,729,697,824,731,745,723,627,429,0,0,0,0,1167,1235,1143,135,yewon,cross_leg_right,1
834,1786864869.928960,0,359,434,710,623,683,460,716,633,173,0,374,613,711,726,799,728,697,815,731,739,723,627,429,0,0,0,0,1175,1231,1145,133,yewon,cross_leg_right,1
835,1786864869.949606,0,358,435,711,621,682,461,715,633,171,0,367,615,692,723,799,729,694,815,731,748,723,627,430,0,0,0,0,1176,1231,1144,134,yewon,cross_leg_right,1
836,1786864869.969599,0,361,437,711,621,683,462,715,635,173,0,373,617,716,725,799,729,697,822,730,748,723,627,432,0,0,0,0,1173,1235,1151,126,yewon,cross_leg_right,1
837,1786864869.989520,0,361,431,711,621,670,462,717,632,175,0,373,615,727,728,803,728,696,819,731,749,723,627,429,0,0,0,0,1172,1230,1127,134,yewon,cross_leg_right,1
838,1786864870.009675,0,363,436,712,623,683,462,715,635,172,0,374,613,711,729,796,727,697,819,729,749,725,627,435,0,0,0,0,1170,1229,1139,135,yewon,cross_leg_right,1
839,1786864870.029761,0,368,435,713,623,683,461,717,634,171,0,375,618,727,725,799,728,699,819,731,747,723,627,429,0,0,0,0,1171,1231,1144,123,yewon,cross_leg_right,1
840,1786864870.049673,0,391,441,713,623,682,463,717,636,171,0,374,616,711,739,796,729,696,819,731,747,718,623,427,0,0,0,0,1171,1230,1141,133,yewon,cross_leg_right,1
841,1786864870.069731,0,403,439,714,623,680,463,715,633,173,0,377,613,711,724,789,731,697,819,729,749,719,629,437,0,0,0,0,1172,1234,1145,127,yewon,cross_leg_right,1
842,1786864870.089642,0,409,439,715,621,683,461,711,634,173,0,376,615,711,725,798,728,692,819,729,745,723,627,429,0,0,0,0,1167,1231,1141,133,yewon,cross_leg_right,1
843,1786864870.109714,0,411,439,715,623,682,461,713,633,171,0,375,615,699,725,799,729,695,818,729,747,719,626,425,0,0,0,0,1165,1225,1149,133,yewon,cross_leg_right,1
844,1786864870.129782,0,412,440,715,626,680,461,717,633,172,0,378,617,712,725,802,729,687,818,731,750,734,627,431,0,0,0,0,1165,1229,1142,127,yewon,cross_leg_right,1
845,1786864870.149678,0,415,440,715,623,681,452,715,631,172,0,379,617,712,725,804,729,697,819,730,749,723,629,427,0,0,0,0,1171,1229,1141,116,yewon,cross_leg_right,1
846,1786864870.169652,0,416,439,715,624,681,461,717,639,172,0,380,618,713,726,799,729,697,827,729,749,723,627,431,0,0,0,0,1165,1231,1143,123,yewon,cross_leg_right,1
847,1786864870.189703,0,419,440,717,627,681,461,715,633,172,0,391,615,713,727,803,731,695,824,729,755,719,627,429,0,0,0,0,1159,1235,1141,123,yewon,cross_leg_right,1
848,1786864870.209641,0,424,439,717,629,680,461,716,633,171,0,380,612,713,727,804,731,700,823,729,749,723,627,428,0,0,0,0,1140,1230,1132,118,yewon,cross_leg_right,1
849,1786864870.229656,0,428,439,717,624,682,461,715,633,171,0,389,617,713,727,805,731,695,815,729,745,721,627,429,0,0,0,0,1169,1241,1141,121,yewon,cross_leg_right,1
850,1786864870.249627,0,428,441,719,627,681,461,716,633,171,0,393,619,719,727,805,733,696,815,729,755,725,623,429,0,0,0,0,1165,1234,1141,119,yewon,cross_leg_right,1
851,1786864870.269629,0,435,440,719,628,681,462,715,633,171,0,392,627,716,727,804,732,697,819,729,758,727,625,428,0,0,0,0,1163,1228,1143,120,yewon,cross_leg_right,1
852,1786864870.289621,0,440,441,723,627,681,461,715,635,159,0,393,623,717,728,805,732,697,821,729,748,717,627,429,0,0,0,0,1165,1229,1141,101,yewon,cross_leg_right,1
853,1786864870.309649,0,441,439,723,628,681,459,715,633,171,0,394,621,717,726,807,733,698,823,729,743,721,627,429,0,0,0,0,1169,1226,1141,121,yewon,cross_leg_right,1
854,1786864870.329653,0,445,442,723,628,680,460,715,633,171,0,393,627,713,727,804,735,699,819,729,745,723,627,427,0,0,0,0,1151,1235,1141,114,yewon,cross_leg_right,1
855,1786864870.349602,0,446,443,723,627,680,461,713,633,171,0,394,633,718,728,806,734,699,823,728,756,721,623,427,0,0,0,0,1157,1230,1141,112,yewon,cross_leg_right,1
856,1786864870.369660,0,446,445,725,623,681,448,712,634,171,0,403,621,713,727,809,732,699,819,729,746,722,621,426,0,0,0,0,1171,1228,1143,114,yewon,cross_leg_right,1
857,1786864870.389641,0,445,443,725,629,681,460,715,635,173,0,404,626,715,727,807,733,700,823,729,745,721,627,427,0,0,0,0,1167,1229,1141,109,yewon,cross_leg_right,1
858,1786864870.409590,0,447,447,725,629,680,460,715,635,171,0,396,623,714,728,808,735,697,814,729,747,721,627,427,0,0,0,0,1167,1227,1140,119,yewon,cross_leg_right,1
859,1786864870.428950,0,453,445,725,630,680,459,713,634,171,0,395,627,715,729,809,737,697,821,728,748,721,627,426,0,0,0,0,1166,1235,1140,111,yewon,cross_leg_right,1
860,1786864870.449644,0,447,445,727,629,680,462,715,635,171,0,411,623,718,731,808,733,698,819,729,747,723,627,427,0,0,0,0,1167,1231,1140,109,yewon,cross_leg_right,1
861,1786864870.469618,0,442,444,727,630,681,461,709,634,172,0,393,623,713,728,808,735,697,819,729,747,723,623,427,0,0,0,0,1170,1251,1139,117,yewon,cross_leg_right,1
862,1786864870.489646,0,455,445,725,629,680,459,713,633,171,0,403,627,715,729,808,733,697,822,728,746,723,627,427,0,0,0,0,1167,1231,1141,109,yewon,cross_leg_right,1
863,1786864870.509628,0,455,445,725,630,680,461,712,634,183,0,405,623,717,728,808,737,695,821,729,745,719,625,427,0,0,0,0,1170,1235,1139,110,yewon,cross_leg_right,1
864,1786864870.529628,0,454,445,727,629,680,459,715,633,171,0,403,624,717,727,809,735,681,815,729,743,723,627,427,0,0,0,0,1171,1229,1140,109,yewon,cross_leg_right,1
865,1786864870.549584,0,447,443,727,631,681,462,714,635,173,0,395,624,717,729,809,732,701,820,729,747,722,629,429,0,0,0,0,1171,1229,1139,111,yewon,cross_leg_right,1
866,1786864870.569641,0,455,445,727,631,679,459,715,628,171,0,405,627,716,729,809,739,700,821,729,745,724,626,427,0,0,0,0,1167,1230,1139,133,yewon,cross_leg_right,1
867,1786864870.589643,0,456,445,725,629,679,461,713,635,171,0,407,623,715,729,807,735,699,823,729,748,723,627,427,0,0,0,0,1167,1239,1140,106,yewon,cross_leg_right,1
868,1786864870.609595,0,454,445,727,631,681,461,712,633,172,0,411,623,719,727,808,739,694,815,729,742,721,621,424,0,0,0,0,1169,1231,1138,110,yewon,cross_leg_right,1
869,1786864870.629673,0,445,445,726,631,679,461,716,633,169,0,414,627,718,727,809,738,699,820,729,747,719,627,426,0,0,0,0,1171,1235,1147,99,yewon,cross_leg_right,1
870,1786864870.649603,0,456,443,725,631,677,461,717,631,171,0,407,627,717,739,809,739,699,819,729,747,721,627,429,0,0,0,0,1167,1229,1141,109,yewon,cross_leg_right,1
871,1786864870.669610,0,457,445,727,631,680,460,709,633,171,0,412,626,718,727,810,738,697,819,729,743,724,626,427,0,0,0,0,1163,1229,1139,115,yewon,cross_leg_right,1
872,1786864870.689629,0,453,445,725,631,679,459,717,635,171,0,399,627,718,727,811,735,700,815,729,747,723,624,428,0,0,0,0,1167,1223,1139,108,yewon,cross_leg_right,1
873,1786864870.709167,0,455,446,727,632,681,459,713,633,172,0,404,627,718,727,809,739,697,813,729,743,723,628,431,0,0,0,0,1167,1229,1138,110,yewon,cross_leg_right,1
874,1786864870.729725,0,455,447,727,633,681,461,715,633,173,0,409,623,713,727,809,738,697,821,729,749,721,627,427,0,0,0,0,1166,1237,1139,111,yewon,cross_leg_right,1
875,1786864870.749641,0,463,447,726,631,680,461,717,635,171,0,407,627,723,727,809,739,699,822,729,749,723,627,430,0,0,0,0,1169,1237,1140,84,yewon,cross_leg_right,1
876,1786864870.769654,0,455,446,727,630,680,459,717,633,172,0,407,627,716,729,809,738,701,823,729,747,718,627,429,0,0,0,0,1167,1229,1141,103,yewon,cross_leg_right,1
877,1786864870.789629,0,453,445,727,631,681,462,713,633,171,0,407,627,716,728,809,739,703,821,729,751,718,624,428,0,0,0,0,1167,1224,1140,111,yewon,cross_leg_right,1
878,1786864870.809588,0,455,446,727,631,680,461,715,633,173,0,407,627,729,727,810,733,699,823,729,745,723,625,429,0,0,0,0,1166,1213,1139,111,yewon,cross_leg_right,1
879,1786864870.829651,0,455,447,728,629,681,461,715,635,171,0,407,627,715,727,809,739,711,823,729,747,721,627,427,0,0,0,0,1166,1229,1139,107,yewon,cross_leg_right,1
880,1786864870.849647,0,451,446,727,630,680,465,715,635,170,0,407,627,717,729,807,739,696,815,729,747,723,629,429,0,0,0,0,1167,1225,1139,107,yewon,cross_leg_right,1
881,1786864870.869619,0,455,447,727,632,681,453,711,633,171,0,407,624,719,728,811,736,697,837,729,742,723,623,429,0,0,0,0,1171,1229,1141,110,yewon,cross_leg_right,1
882,1786864870.889665,0,456,453,727,631,679,457,712,633,169,0,407,627,723,729,809,739,700,810,728,743,723,629,428,0,0,0,0,1166,1225,1139,116,yewon,cross_leg_right,1
883,1786864870.909673,0,457,445,726,630,679,460,715,637,172,0,406,627,721,729,809,739,698,820,729,748,718,624,430,0,0,0,0,1171,1229,1139,127,yewon,cross_leg_right,1
884,1786864870.929621,0,470,445,727,629,679,460,716,634,173,0,403,626,725,729,810,739,696,821,729,746,719,624,429,0,0,0,0,1167,1227,1141,123,yewon,cross_leg_right,1
885,1786864870.949616,0,457,447,727,631,679,460,713,633,173,0,423,627,717,729,809,739,697,815,729,749,722,627,427,0,0,0,0,1167,1236,1140,121,yewon,cross_leg_right,1
886,1786864870.969641,0,459,447,727,632,681,460,715,635,172,0,408,627,717,729,811,739,697,821,728,739,723,626,430,0,0,0,0,1161,1229,1143,116,yewon,cross_leg_right,1
887,1786864870.989616,0,455,451,727,631,681,461,716,634,170,0,407,626,715,729,809,738,700,814,729,747,723,629,428,0,0,0,0,1171,1229,1141,115,yewon,cross_leg_right,1
888,1786864871.009624,0,457,452,728,630,680,460,715,633,173,0,408,627,718,729,811,739,698,819,729,751,723,627,428,0,0,0,0,1167,1225,1140,108,yewon,cross_leg_right,1
889,1786864871.029632,0,459,451,728,631,681,459,717,633,171,0,408,627,721,727,811,739,693,820,729,747,723,627,427,0,0,0,0,1167,1235,1141,121,yewon,cross_leg_right,1
890,1786864871.049581,0,459,448,728,631,681,461,719,634,171,0,407,626,719,728,809,735,702,815,729,748,723,627,431,0,0,0,0,1167,1225,1143,123,yewon,cross_leg_right,1
891,1786864871.069672,0,457,452,726,631,680,461,719,633,173,0,407,627,723,727,811,739,698,813,729,745,723,622,431,0,0,0,0,1171,1234,1141,117,yewon,cross_leg_right,1
892,1786864871.089607,0,457,453,727,631,680,463,715,632,173,0,407,627,719,730,811,739,702,816,729,751,717,624,429,0,0,0,0,1169,1231,1142,119,yewon,cross_leg_right,1
893,1786864871.109597,0,457,453,727,633,679,470,713,633,171,0,408,627,717,730,809,739,695,820,729,745,719,625,429,0,0,0,0,1166,1235,1141,109,yewon,cross_leg_right,1
894,1786864871.129656,0,456,453,729,631,679,461,715,636,171,0,403,627,731,727,813,735,700,819,729,749,724,626,434,0,0,0,0,1166,1229,1143,120,yewon,cross_leg_right,1
895,1786864871.149619,0,455,447,727,632,679,461,715,633,173,0,404,627,721,729,809,731,701,820,729,747,725,621,428,0,0,0,0,1169,1231,1135,118,yewon,cross_leg_right,1
896,1786864871.169619,0,453,447,729,632,681,463,715,647,172,0,408,627,717,728,808,740,701,820,729,746,723,621,429,0,0,0,0,1169,1228,1143,122,yewon,cross_leg_right,1
897,1786864871.189639,0,454,446,727,632,681,459,715,633,173,0,408,627,717,728,809,738,697,819,729,748,723,630,432,0,0,0,0,1171,1239,1145,125,yewon,cross_leg_right,1
898,1786864871.209637,0,453,448,729,632,681,461,717,633,171,0,407,629,718,729,811,739,698,837,731,745,715,628,435,0,0,0,0,1169,1229,1143,123,yewon,cross_leg_right,1
899,1786864871.229662,0,453,447,729,631,681,461,717,637,171,0,407,623,717,728,809,739,699,821,728,748,723,627,430,0,0,0,0,1167,1229,1141,119,yewon,cross_leg_right,1
900,1786864871.249577,0,453,447,729,632,680,460,713,635,175,0,407,628,718,728,811,739,698,820,730,749,723,622,435,0,0,0,0,1170,1229,1145,123,yewon,cross_leg_right,1
901,1786864871.269642,0,447,453,727,632,681,461,715,635,172,0,408,627,719,728,807,739,701,819,731,747,723,628,429,0,0,0,0,1169,1215,1141,118,yewon,cross_leg_right,1
902,1786864871.289644,0,447,447,729,633,683,463,715,633,173,0,407,627,719,731,808,739,701,806,730,741,723,627,433,0,0,0,0,1171,1235,1141,123,yewon,cross_leg_right,1
903,1786864871.309598,0,446,447,729,633,681,461,717,633,173,0,407,627,719,729,808,739,702,822,729,745,723,627,431,0,0,0,0,1175,1229,1145,122,yewon,cross_leg_right,1
904,1786864871.329701,0,447,446,729,631,679,461,712,633,173,0,407,627,719,728,809,739,701,819,730,747,721,626,429,0,0,0,0,1170,1231,1135,121,yewon,cross_leg_right,1
905,1786864871.349643,0,453,448,731,634,681,462,717,634,173,0,409,629,722,730,809,735,699,821,730,751,724,627,436,0,0,0,0,1187,1229,1143,122,yewon,cross_leg_right,1
906,1786864871.369635,0,453,447,728,633,681,463,717,635,173,0,408,627,718,730,810,740,703,825,729,751,731,627,431,0,0,0,0,1171,1225,1144,121,yewon,cross_leg_right,1
907,1786864871.389638,0,446,447,729,633,681,460,715,636,172,0,408,626,719,731,810,739,699,820,729,748,723,627,431,0,0,0,0,1171,1229,1145,105,yewon,cross_leg_right,1
908,1786864871.409611,0,447,448,731,630,681,463,716,635,172,0,409,627,719,727,811,739,699,819,729,747,723,627,435,0,0,0,0,1171,1237,1144,124,yewon,cross_leg_right,1
909,1786864871.429635,0,447,459,730,635,683,467,715,631,174,0,408,627,719,735,809,737,699,821,729,749,727,628,435,0,0,0,0,1171,1230,1140,123,yewon,cross_leg_right,1
910,1786864871.449584,0,445,447,731,631,683,461,715,637,171,0,407,627,719,728,809,739,701,819,729,749,723,626,429,0,0,0,0,1165,1231,1141,124,yewon,cross_leg_right,1
911,1786864871.469653,0,447,453,728,632,681,459,715,635,174,0,409,627,719,727,808,739,700,820,730,749,725,627,435,0,0,0,0,1167,1235,1141,123,yewon,cross_leg_right,1
912,1786864871.489693,0,451,453,731,631,683,462,717,635,173,0,407,627,719,727,812,735,697,821,729,749,724,627,435,0,0,0,0,1170,1216,1143,120,yewon,cross_leg_right,1
913,1786864871.509614,0,451,447,731,631,683,466,717,635,175,0,407,627,719,729,809,739,699,821,729,749,723,627,437,0,0,0,0,1169,1229,1140,123,yewon,cross_leg_right,1
914,1786864871.529647,0,447,445,730,635,683,460,716,634,169,0,408,626,717,727,806,737,700,821,730,749,717,621,431,0,0,0,0,1165,1228,1140,123,yewon,cross_leg_right,1
915,1786864871.549611,0,452,452,731,633,681,461,716,636,173,0,410,629,719,730,797,734,699,819,731,749,725,628,431,0,0,0,0,1167,1228,1138,119,yewon,cross_leg_right,1
916,1786864871.569621,0,453,453,731,634,681,461,713,633,171,0,407,629,719,731,806,741,693,819,729,747,725,627,431,0,0,0,0,1167,1229,1144,123,yewon,cross_leg_right,1
917,1786864871.589626,0,447,452,731,635,681,463,715,635,171,0,408,627,722,727,809,739,685,819,730,751,723,627,433,0,0,0,0,1169,1229,1143,123,yewon,cross_leg_right,1
918,1786864871.609618,0,447,451,732,633,679,463,725,635,168,0,408,627,719,728,827,739,699,819,729,749,722,628,432,0,0,0,0,1170,1239,1139,121,yewon,cross_leg_right,1
919,1786864871.629640,0,446,447,731,634,683,463,716,633,173,0,409,629,718,729,808,740,699,820,729,749,724,628,431,0,0,0,0,1167,1230,1143,121,yewon,cross_leg_right,1
920,1786864871.649589,0,452,452,731,630,682,461,725,635,172,0,408,627,721,728,811,739,713,820,729,749,725,626,436,0,0,0,0,1170,1243,1145,123,yewon,cross_leg_right,1
921,1786864871.669649,0,453,454,731,633,682,463,715,649,173,0,409,629,719,727,807,739,699,821,730,745,723,630,429,0,0,0,0,1169,1229,1143,122,yewon,cross_leg_right,1
922,1786864871.689647,0,453,454,731,634,683,461,716,631,174,0,409,627,719,719,805,741,699,821,729,749,723,628,431,0,0,0,0,1167,1231,1145,139,yewon,cross_leg_right,1
923,1786864871.709620,0,459,454,731,635,681,461,715,634,171,0,409,624,719,727,810,739,699,819,729,747,723,628,431,0,0,0,0,1171,1227,1141,120,yewon,cross_leg_right,1
924,1786864871.729661,0,454,452,732,636,681,470,716,627,173,0,408,627,717,733,811,739,699,820,728,747,723,627,430,0,0,0,0,1167,1229,1143,123,yewon,cross_leg_right,1
925,1786864871.749605,0,455,466,731,632,681,461,716,629,171,0,409,627,719,728,811,735,701,819,729,747,722,611,431,0,0,0,0,1167,1229,1143,121,yewon,cross_leg_right,1
926,1786864871.769589,0,455,453,731,633,683,459,715,635,170,0,409,628,718,728,823,739,701,820,730,748,723,624,435,0,0,0,0,1169,1207,1145,123,yewon,cross_leg_right,1
927,1786864871.789635,0,455,454,731,626,682,461,715,635,182,0,410,627,719,729,828,735,700,821,729,747,721,628,429,0,0,0,0,1167,1223,1143,127,yewon,cross_leg_right,1
928,1786864871.809605,0,457,454,733,635,682,466,716,638,173,0,409,627,722,731,808,739,700,819,729,747,722,628,436,0,0,0,0,1165,1229,1143,135,yewon,cross_leg_right,1
929,1786864871.829621,0,457,447,733,631,681,459,715,638,171,0,409,627,717,726,807,737,700,820,729,746,723,627,429,0,0,0,0,1167,1229,1139,123,yewon,cross_leg_right,1
930,1786864871.849567,0,457,453,733,635,683,461,715,633,173,0,409,627,717,731,811,749,700,819,729,747,724,615,433,0,0,0,0,1169,1229,1145,123,yewon,cross_leg_right,1
931,1786864871.869620,0,458,463,733,632,681,459,716,646,174,0,409,626,719,730,810,739,699,818,729,747,723,627,435,0,0,0,0,1167,1228,1143,121,yewon,cross_leg_right,1
932,1786864871.889634,0,459,453,733,634,682,459,715,635,173,0,409,623,719,730,808,741,699,816,729,746,723,629,453,0,0,0,0,1169,1229,1141,122,yewon,cross_leg_right,1
933,1786864871.909574,0,459,454,733,634,681,461,714,635,173,0,411,627,718,727,811,740,699,819,728,748,723,621,429,0,0,0,0,1165,1229,1142,121,yewon,cross_leg_right,1
934,1786864871.929601,0,459,455,732,632,681,460,715,634,175,0,409,629,723,727,809,740,699,819,730,747,725,623,435,0,0,0,0,1167,1226,1144,107,yewon,cross_leg_right,1
935,1786864871.949604,0,459,455,733,633,682,463,717,635,173,0,410,627,721,727,808,739,697,819,729,747,722,629,430,0,0,0,0,1167,1229,1143,121,yewon,cross_leg_right,1
936,1786864871.969599,0,460,457,733,633,683,459,717,633,175,0,411,627,723,731,811,751,699,819,729,747,724,623,428,0,0,0,0,1172,1229,1143,123,yewon,cross_leg_right,1
937,1786864871.989643,0,461,446,731,633,683,455,715,651,175,0,411,629,719,731,809,741,699,819,729,747,723,624,433,0,0,0,0,1167,1229,1144,120,yewon,cross_leg_right,1
938,1786864872.009638,0,461,455,733,633,682,455,716,636,172,0,411,628,723,731,811,741,699,819,729,746,723,629,434,0,0,0,0,1165,1229,1145,121,yewon,cross_leg_right,1
939,1786864872.029638,0,461,453,733,633,682,461,715,635,173,0,413,627,722,726,811,739,699,819,729,747,723,623,429,0,0,0,0,1171,1228,1144,121,yewon,cross_leg_right,1
940,1786864872.049580,0,461,455,733,633,681,470,715,636,172,0,413,627,721,731,811,739,699,819,729,747,723,623,431,0,0,0,0,1165,1229,1141,121,yewon,cross_leg_right,1
941,1786864872.069608,0,461,454,730,627,680,461,716,635,172,0,413,627,719,729,811,739,700,819,729,747,723,621,435,0,0,0,0,1165,1235,1127,121,yewon,cross_leg_right,1
942,1786864872.089629,0,461,451,734,633,691,461,715,633,171,0,413,629,719,727,809,747,699,821,729,747,727,629,429,0,0,0,0,1164,1228,1146,121,yewon,cross_leg_right,1
943,1786864872.109611,0,461,457,733,635,681,470,716,632,173,0,413,628,721,728,810,741,700,819,729,747,726,629,431,0,0,0,0,1169,1229,1142,123,yewon,cross_leg_right,1
944,1786864872.129647,0,461,455,729,635,682,459,715,635,173,0,412,627,721,731,815,739,699,819,730,744,719,621,447,0,0,0,0,1165,1226,1141,118,yewon,cross_leg_right,1
945,1786864872.149609,0,461,455,733,635,682,461,716,636,173,0,415,629,697,730,811,740,693,815,731,747,731,627,431,0,0,0,0,1171,1235,1142,119,yewon,cross_leg_right,1
946,1786864872.169614,0,463,462,733,634,679,460,715,626,171,0,413,631,721,729,811,739,701,819,729,746,723,623,431,0,0,0,0,1167,1231,1147,118,yewon,cross_leg_right,1
947,1786864872.189623,0,462,457,732,631,683,460,716,637,174,0,413,628,723,731,811,737,699,819,729,746,724,636,435,0,0,0,0,1165,1228,1141,119,yewon,cross_leg_right,1
948,1786864872.209637,0,463,455,733,635,682,461,715,635,174,0,413,629,719,729,815,740,699,815,728,746,721,623,431,0,0,0,0,1165,1229,1141,119,yewon,cross_leg_right,1
949,1786864872.229677,0,467,456,732,633,681,461,715,636,169,0,415,629,722,731,811,739,699,819,729,745,723,623,428,0,0,0,0,1164,1229,1143,121,yewon,cross_leg_right,1
950,1786864872.249571,0,466,456,733,635,685,461,715,637,171,0,413,629,722,727,809,733,699,820,729,745,723,627,435,0,0,0,0,1172,1229,1133,118,yewon,cross_leg_right,1
951,1786864872.269620,0,467,455,733,636,681,459,715,635,175,0,413,627,723,729,815,742,700,819,729,747,724,630,429,0,0,0,0,1167,1230,1141,119,yewon,cross_leg_right,1
952,1786864872.289628,0,466,455,733,637,681,458,714,635,172,0,415,629,723,732,812,740,699,819,729,746,723,627,431,0,0,0,0,1167,1231,1135,117,yewon,cross_leg_right,1
953,1786864872.309594,0,463,455,733,635,677,461,713,636,169,0,415,629,723,725,813,741,699,816,729,747,719,627,435,0,0,0,0,1173,1229,1140,118,yewon,cross_leg_right,1
954,1786864872.329700,0,467,454,731,636,681,461,714,633,171,0,415,629,722,733,809,739,699,819,729,746,721,627,431,0,0,0,0,1169,1229,1139,119,yewon,cross_leg_right,1
955,1786864872.349596,0,467,453,735,636,681,461,715,633,171,0,414,629,723,731,815,745,699,819,729,747,723,621,441,0,0,0,0,1165,1229,1144,116,yewon,cross_leg_right,1
956,1786864872.369598,0,468,453,733,633,679,460,715,636,171,0,415,629,723,731,813,741,697,819,729,747,722,629,431,0,0,0,0,1165,1229,1143,117,yewon,cross_leg_right,1
957,1786864872.389673,0,467,455,733,633,682,461,715,635,183,0,415,627,723,730,807,739,699,819,729,747,723,619,431,0,0,0,0,1165,1229,1141,117,yewon,cross_leg_right,1
958,1786864872.409599,0,468,453,733,635,682,460,715,636,173,0,415,628,723,731,807,740,699,819,728,743,711,635,431,0,0,0,0,1170,1227,1141,119,yewon,cross_leg_right,1
959,1786864872.429613,0,469,455,733,637,682,461,715,635,171,0,415,627,723,729,811,742,699,820,729,741,719,621,431,0,0,0,0,1167,1229,1139,119,yewon,cross_leg_right,1
960,1786864872.449602,0,467,454,731,636,683,459,714,636,173,0,415,627,721,733,807,739,699,819,728,744,717,630,429,0,0,0,0,1163,1226,1141,117,yewon,cross_leg_right,1
961,1786864872.469635,0,469,456,734,636,681,461,715,634,173,0,420,636,723,730,811,739,701,843,728,747,723,628,434,0,0,0,0,1167,1211,1133,119,yewon,cross_leg_right,1
962,1786864872.489661,0,467,455,735,634,682,460,715,636,169,0,415,629,722,729,813,743,699,820,729,751,723,627,435,0,0,0,0,1166,1229,1141,119,yewon,cross_leg_right,1
963,1786864872.509642,0,467,457,733,644,681,460,713,635,171,0,413,627,721,731,812,739,699,818,730,745,719,615,431,0,0,0,0,1163,1225,1141,116,yewon,cross_leg_right,1
964,1786864872.529718,0,468,456,734,635,682,461,715,635,172,0,415,628,719,729,811,741,699,810,728,743,712,627,431,0,0,0,0,1165,1230,1141,117,yewon,cross_leg_right,1
965,1786864872.549598,0,469,457,735,647,682,459,715,636,180,0,415,627,722,731,813,741,699,819,729,747,723,629,435,0,0,0,0,1167,1229,1141,119,yewon,cross_leg_right,1
966,1786864872.569610,0,469,457,734,627,679,459,715,637,173,0,416,631,723,727,811,739,699,819,729,746,724,612,429,0,0,0,0,1167,1229,1143,119,yewon,cross_leg_right,1
967,1786864872.589667,0,469,455,735,633,681,462,715,635,165,0,415,628,723,729,811,739,699,819,729,745,723,627,435,0,0,0,0,1165,1229,1143,119,yewon,cross_leg_right,1
968,1786864872.609613,0,467,457,735,639,680,461,715,637,173,0,415,629,723,729,808,743,700,820,729,745,721,629,430,0,0,0,0,1163,1229,1139,119,yewon,cross_leg_right,1
969,1786864872.629596,0,467,458,735,631,682,459,715,635,173,0,415,631,722,726,808,741,699,819,729,747,723,628,431,0,0,0,0,1165,1227,1140,121,yewon,cross_leg_right,1
970,1786864872.649588,0,469,455,739,636,684,462,715,637,167,0,419,631,723,730,805,741,699,819,729,747,723,628,431,0,0,0,0,1167,1227,1139,119,yewon,cross_leg_right,1
971,1786864872.669605,0,469,457,735,632,679,461,716,637,169,0,419,631,723,730,813,740,699,819,729,747,722,627,431,0,0,0,0,1167,1228,1135,119,yewon,cross_leg_right,1
972,1786864872.689609,0,467,459,738,631,681,461,715,635,170,0,418,629,719,730,812,740,699,819,729,747,729,650,424,0,0,0,0,1165,1229,1144,119,yewon,cross_leg_right,1
973,1786864872.709607,0,469,444,734,636,683,461,714,629,171,0,414,632,723,741,811,741,699,818,729,745,723,631,435,0,0,0,0,1167,1229,1143,119,yewon,cross_leg_right,1
974,1786864872.729597,0,468,457,735,638,683,467,714,635,171,0,415,627,723,731,819,739,699,818,728,745,723,622,435,0,0,0,0,1165,1229,1135,119,yewon,cross_leg_right,1
975,1786864872.749580,0,467,457,738,639,685,461,715,635,171,0,413,629,722,731,812,741,699,819,729,747,722,627,434,0,0,0,0,1167,1231,1151,120,yewon,cross_leg_right,1
976,1786864872.769617,0,467,457,735,636,679,461,713,635,171,0,415,631,721,731,811,739,701,819,727,747,724,623,429,0,0,0,0,1167,1229,1143,117,yewon,cross_leg_right,1
977,1786864872.789597,0,469,456,735,638,683,461,715,635,173,0,415,624,717,743,811,735,698,819,728,746,723,627,429,0,0,0,0,1170,1227,1143,119,yewon,cross_leg_right,1
978,1786864872.809557,0,469,441,738,637,683,461,715,635,171,0,416,629,723,723,811,739,699,819,729,745,718,631,435,0,0,0,0,1163,1228,1139,119,yewon,cross_leg_right,1
979,1786864872.829613,0,467,457,749,637,683,460,717,635,172,0,420,628,723,731,811,740,701,816,728,745,723,627,431,0,0,0,0,1166,1229,1145,119,yewon,cross_leg_right,1
980,1786864872.849558,0,469,457,739,637,683,461,713,636,171,0,416,627,717,729,813,728,699,815,729,749,721,647,429,0,0,0,0,1169,1229,1146,119,yewon,cross_leg_right,1
981,1786864872.869562,0,468,459,738,637,679,461,715,633,171,0,416,631,723,729,812,739,699,819,729,746,723,627,432,0,0,0,0,1169,1229,1133,119,yewon,cross_leg_right,1
982,1786864872.889598,0,469,458,739,637,683,461,715,635,171,0,415,627,723,731,816,741,699,819,728,747,723,623,430,0,0,0,0,1165,1229,1135,117,yewon,cross_leg_right,1
983,1786864872.909611,0,469,457,737,637,681,462,715,637,172,0,413,630,723,731,811,739,699,819,728,747,723,620,431,0,0,0,0,1171,1229,1143,119,yewon,cross_leg_right,1
984,1786864872.929590,0,467,457,735,637,681,461,715,635,171,0,421,627,723,729,811,743,699,819,729,747,700,637,445,0,0,0,0,1165,1228,1148,119,yewon,cross_leg_right,1
985,1786864872.949558,0,467,457,735,637,683,461,715,645,172,0,419,627,723,729,811,749,699,819,729,745,724,627,431,0,0,0,0,1165,1229,1143,119,yewon,cross_leg_right,1
986,1786864872.969584,0,467,456,735,637,681,463,716,636,173,0,415,629,725,731,812,741,700,819,729,744,723,619,414,0,0,0,0,1171,1231,1140,119,yewon,cross_leg_right,1
987,1786864872.989586,0,467,441,739,636,681,463,715,647,173,0,415,629,722,729,811,740,700,819,729,747,724,631,428,0,0,0,0,1165,1229,1143,117,yewon,cross_leg_right,1
988,1786864873.009565,0,467,459,739,637,683,461,715,639,173,0,419,627,723,729,811,726,699,819,729,747,723,627,431,0,0,0,0,1167,1230,1143,118,yewon,cross_leg_right,1
989,1786864873.029704,0,467,457,734,637,680,462,715,635,172,0,416,629,718,729,811,740,699,815,730,743,723,635,435,0,0,0,0,1167,1229,1144,119,yewon,cross_leg_right,1
990,1786864873.049604,0,468,457,739,638,683,462,715,635,173,0,416,631,723,731,813,739,699,821,729,749,715,617,423,0,0,0,0,1167,1229,1144,117,yewon,cross_leg_right,1
991,1786864873.069592,0,469,456,738,636,679,467,715,635,173,0,421,631,724,729,809,719,699,818,729,747,723,627,431,0,0,0,0,1169,1225,1141,117,yewon,cross_leg_right,1
992,1786864873.089669,0,469,456,740,635,679,461,715,635,171,0,419,623,718,731,813,739,701,821,729,749,725,623,415,0,0,0,0,1171,1229,1142,117,yewon,cross_leg_right,1
993,1786864873.109614,0,468,461,739,637,682,461,716,639,173,0,419,629,719,731,813,751,699,819,729,747,723,621,437,0,0,0,0,1171,1229,1143,119,yewon,cross_leg_right,1
994,1786864873.129590,0,469,457,735,637,681,461,715,635,172,0,413,629,723,730,812,739,699,815,728,747,725,629,445,0,0,0,0,1169,1229,1143,117,yewon,cross_leg_right,1
995,1786864873.149609,0,467,452,736,635,681,462,715,637,173,0,415,629,718,741,815,739,695,819,727,743,723,627,431,0,0,0,0,1164,1227,1141,115,yewon,cross_leg_right,1
